frame,renderPath,shadowMs,sceneMs,postProcessMs,frameMs
1,traditional,0.078592,1.071104,0.270336,1.420032
2,traditional,0.082304,1.091584,0.332800,1.506688
3,traditional,0.081024,1.099776,0.331776,1.512576
4,traditional,0.078400,1.511424,0.331776,1.921600
5,traditional,0.079040,1.065984,0.330752,1.475776
6,traditional,0.083872,1.072128,0.343040,1.499040
7,traditional,0.078016,0.340992,0.187392,0.606400
8,traditional,0.078368,0.331776,0.179200,0.589344
9,traditional,0.087456,0.348160,0.180224,0.615840
10,traditional,0.078560,0.344064,0.183296,0.605920
11,traditional,0.082272,0.363520,0.180224,0.626016
12,traditional,0.078400,0.337920,0.179200,0.595520
13,traditional,0.086528,0.344064,0.179200,0.609792
14,traditional,0.078976,0.339968,0.183296,0.602240
15,traditional,0.077824,0.342016,0.179200,0.599040
16,traditional,0.077312,0.327680,0.183296,0.588288
17,traditional,0.079072,0.342016,0.206848,0.627936
18,traditional,0.081760,0.331776,0.182272,0.595808
19,traditional,0.076032,0.360448,0.180224,0.616704
20,traditional,0.078176,0.645120,0.208896,0.932192
21,traditional,0.089408,0.340992,0.180224,0.610624
22,traditional,0.078976,0.328704,0.179200,0.586880
23,traditional,0.076736,0.326656,0.179200,0.582592
24,traditional,0.076544,0.351232,0.179200,0.606976
25,traditional,0.078880,0.340992,0.179200,0.599072
26,traditional,0.102112,0.330752,0.178176,0.611040
27,traditional,0.078464,0.346112,0.179200,0.603776
28,traditional,0.079328,0.340992,0.179200,0.599520
29,traditional,0.079552,0.336896,0.183296,0.599744
30,traditional,0.089248,0.349184,0.179200,0.617632
31,traditional,0.076704,0.335872,0.179200,0.591776
32,traditional,0.076480,0.338944,0.179200,0.594624
33,traditional,0.089792,0.336896,0.182272,0.608960
34,traditional,0.076640,0.338944,0.191488,0.607072
35,traditional,0.076512,0.334848,0.179200,0.590560
36,traditional,0.090432,0.335872,0.179200,0.605504
37,traditional,0.078592,0.360448,0.179200,0.618240
38,traditional,0.079136,0.360448,0.182272,0.621856
39,traditional,0.075776,0.332800,0.179200,0.587776
40,traditional,0.079968,0.361472,0.179200,0.620640
41,traditional,0.078752,0.357376,0.180224,0.616352
42,traditional,0.078304,0.337920,0.180224,0.596448
43,traditional,0.079168,0.328704,0.179200,0.587072
44,traditional,0.078208,0.327680,0.178176,0.584064
45,traditional,0.076256,0.329728,0.179200,0.585184
46,traditional,0.081632,0.327680,0.183296,0.592608
47,traditional,0.076704,0.330752,0.179200,0.586656
48,traditional,0.077760,0.339968,0.181248,0.598976
49,traditional,0.077152,0.345088,0.191488,0.613728
50,traditional,0.077088,0.333824,0.181248,0.592160
51,traditional,0.076640,0.328704,0.186368,0.591712
52,traditional,0.077632,0.352256,0.179200,0.609088
53,traditional,0.077216,0.327680,0.179200,0.584096
54,traditional,0.076000,0.332800,0.179200,0.588000
55,traditional,0.078144,0.336896,0.192512,0.607552
56,traditional,0.082560,0.362496,0.185344,0.630400
57,traditional,0.076512,0.335872,0.203776,0.616160
58,traditional,0.077120,0.350208,0.179200,0.606528
59,traditional,0.076416,0.340992,0.191488,0.608896
60,traditional,0.077632,0.360448,0.179200,0.617280
61,traditional,0.076384,0.360448,0.179200,0.616032
62,traditional,0.087520,0.350208,0.203776,0.641504
63,traditional,0.081600,0.330752,0.179200,0.591552
64,traditional,0.076800,0.353280,0.179200,0.609280
65,traditional,0.076256,0.351232,0.179200,0.606688
66,traditional,0.077760,0.352256,0.179200,0.609216
67,traditional,0.076544,0.347136,0.180224,0.603904
68,traditional,0.080704,0.348160,0.179200,0.608064
69,traditional,0.084672,0.303104,0.166912,0.554688
70,traditional,0.071904,0.301056,0.165888,0.538848
71,traditional,0.078144,0.315392,0.172032,0.565568
72,traditional,0.072640,0.311296,0.185344,0.569280
73,traditional,0.071648,0.313344,0.178176,0.563168
74,traditional,0.071200,0.314368,0.164864,0.550432
75,traditional,0.084640,0.306176,0.166912,0.557728
76,traditional,0.076064,0.303104,0.164864,0.544032
77,traditional,0.074016,0.312320,0.178176,0.564512
78,traditional,0.072064,0.332800,0.164864,0.569728
79,traditional,0.075008,0.342016,0.165888,0.582912
80,traditional,0.077024,0.314368,0.168960,0.560352
81,traditional,0.080128,0.332800,0.165888,0.578816
82,traditional,0.084544,0.329728,0.164864,0.579136
83,traditional,0.076224,0.322560,0.178176,0.576960
84,traditional,0.084224,0.312320,0.164864,0.561408
85,traditional,0.072096,0.308224,0.178176,0.558496
86,traditional,0.073312,0.319488,0.165888,0.558688
87,traditional,0.084352,0.339968,0.166912,0.591232
88,traditional,0.075040,0.310272,0.165888,0.551200
89,traditional,0.075296,0.317440,0.190464,0.583200
90,traditional,0.072480,0.312320,0.169984,0.554784
91,traditional,0.084352,0.322560,0.165888,0.572800
92,traditional,0.072224,0.302080,0.165888,0.540192
93,traditional,0.073728,0.320512,0.169984,0.564224
94,traditional,0.083584,0.305152,0.166912,0.555648
95,traditional,0.072512,0.316416,0.169984,0.558912
96,traditional,0.086368,0.325632,0.169984,0.581984
97,traditional,0.083776,0.304128,0.165888,0.553792
98,traditional,0.076256,0.311296,0.165888,0.553440
99,traditional,0.072096,0.309248,0.167936,0.549280
100,traditional,0.084608,0.310272,0.165888,0.560768
101,traditional,0.082816,0.313344,0.166912,0.563072
102,traditional,0.075840,0.303104,0.164864,0.543808
103,traditional,0.071680,0.303104,0.166912,0.541696
104,traditional,0.073056,0.305152,0.165888,0.544096
105,traditional,0.072160,0.309248,0.168960,0.550368
106,traditional,0.075072,0.300032,0.165888,0.540992
107,traditional,0.072672,0.300032,0.166912,0.539616
108,traditional,0.074144,0.313344,0.165888,0.553376
109,traditional,0.072832,0.318464,0.165888,0.557184
110,traditional,0.071136,0.305152,0.166912,0.543200
111,traditional,0.084704,0.302080,0.165888,0.552672
112,traditional,0.074080,0.306176,0.165888,0.546144
113,traditional,0.070848,0.316416,0.168960,0.556224
114,traditional,0.071712,0.309248,0.165888,0.546848
115,traditional,0.072064,0.308224,0.169984,0.550272
116,traditional,0.083776,0.303104,0.165888,0.552768
117,traditional,0.083488,0.301056,0.165888,0.550432
118,traditional,0.082912,0.315392,0.176128,0.574432
119,traditional,0.085248,0.315392,0.168960,0.569600
120,traditional,0.074784,0.300032,0.173056,0.547872
121,traditional,0.072192,0.303104,0.168960,0.544256
122,traditional,0.085216,0.305152,0.169984,0.560352
123,traditional,0.069728,0.319488,0.161792,0.551008
124,traditional,0.076416,0.305152,0.162816,0.544384
125,traditional,0.069504,0.311296,0.161792,0.542592
126,traditional,0.073984,0.310272,0.163840,0.548096
127,traditional,0.072192,0.336896,0.162816,0.571904
128,traditional,0.082144,0.319488,0.161792,0.563424
129,traditional,0.071072,0.299008,0.162816,0.532896
130,traditional,0.084000,0.301056,0.161792,0.546848
131,traditional,0.072736,0.294912,0.161792,0.529440
132,traditional,0.070592,0.325632,0.161792,0.558016
133,traditional,0.071552,0.314368,0.164864,0.550784
134,traditional,0.071968,0.297984,0.161792,0.531744
135,traditional,0.075616,0.304128,0.161792,0.541536
136,traditional,0.073920,0.293888,0.162816,0.530624
137,traditional,0.096544,0.300032,0.162816,0.559392
138,traditional,0.095712,0.306176,0.165888,0.567776
139,traditional,0.070272,0.316416,0.165888,0.552576
140,traditional,0.074976,0.300032,0.163840,0.538848
141,traditional,0.074016,0.303104,0.174080,0.551200
142,traditional,0.070240,0.299008,0.164864,0.534112
143,traditional,0.073920,0.299008,0.162816,0.535744
144,traditional,0.083744,0.304128,0.164864,0.552736
145,traditional,0.070688,0.319488,0.161792,0.551968
146,traditional,0.084192,0.297984,0.161792,0.543968
147,traditional,0.075168,0.314368,0.186368,0.575904
148,traditional,0.074848,0.296960,0.161792,0.533600
149,traditional,0.084256,0.312320,0.162816,0.559392
150,traditional,0.071968,0.299008,0.161792,0.532768
151,traditional,0.074496,0.305152,0.192512,0.572160
152,traditional,0.082912,0.292864,0.165888,0.541664
153,traditional,0.070592,0.304128,0.161792,0.536512
154,traditional,0.082400,0.308224,0.161792,0.552416
155,traditional,0.070528,0.309248,0.164864,0.544640
156,traditional,0.074016,0.305152,0.167936,0.547104
157,traditional,0.070560,0.303104,0.175104,0.548768
158,traditional,0.069984,0.315392,0.161792,0.547168
159,traditional,0.083712,0.304128,0.161792,0.549632
160,traditional,0.085920,0.311296,0.165888,0.563104
161,traditional,0.071072,0.302080,0.165888,0.539040
162,traditional,0.072032,0.292864,0.162816,0.527712
163,traditional,0.075232,0.293888,0.161792,0.530912
164,traditional,0.072128,0.305152,0.161792,0.539072
165,traditional,0.072800,0.293888,0.165888,0.532576
166,traditional,0.071520,0.307200,0.161792,0.540512
167,traditional,0.070912,0.293888,0.164864,0.529664
168,traditional,0.084480,0.295936,0.165888,0.546304
169,traditional,0.070336,0.295936,0.161792,0.528064
170,traditional,0.070656,0.304128,0.169984,0.544768
171,traditional,0.071648,0.305152,0.161792,0.538592
172,traditional,0.072640,0.299008,0.161792,0.533440
173,traditional,0.071360,0.304128,0.162816,0.538304
174,traditional,0.069920,0.293888,0.161792,0.525600
175,traditional,0.072896,0.294912,0.161792,0.529600
176,traditional,0.082720,0.301056,0.161792,0.545568
177,traditional,0.075232,0.292864,0.161792,0.529888
178,traditional,0.071808,0.304128,0.162816,0.538752
179,traditional,0.071456,0.299008,0.161792,0.532256
180,traditional,0.072704,0.295936,0.162816,0.531456
181,traditional,0.079776,0.307200,0.162816,0.549792
182,traditional,0.069696,0.313344,0.172032,0.555072
183,traditional,0.080800,0.299008,0.162816,0.542624
184,traditional,0.072640,0.311296,0.174080,0.558016
185,traditional,0.069824,0.296960,0.167936,0.534720
186,traditional,0.071040,0.299008,0.161792,0.531840
187,traditional,0.071776,0.303104,0.165888,0.540768
188,traditional,0.082784,0.296960,0.161792,0.541536
189,traditional,0.070368,0.301056,0.174080,0.545504
190,traditional,0.070688,0.301056,0.161792,0.533536
191,traditional,0.069472,0.309248,0.162816,0.541536
192,traditional,0.071360,0.304128,0.162816,0.538304
193,traditional,0.082816,0.294912,0.162816,0.540544
194,traditional,0.071008,0.310272,0.165888,0.547168
195,traditional,0.071200,0.303104,0.161792,0.536096
196,traditional,0.075264,0.292864,0.162816,0.530944
197,traditional,0.073088,0.294912,0.161792,0.529792
198,traditional,0.071488,0.295936,0.161792,0.529216
199,traditional,0.071104,0.300032,0.175104,0.546240
200,traditional,0.073440,0.304128,0.161792,0.539360
201,traditional,0.084992,0.300032,0.174080,0.559104
202,traditional,0.071872,0.307200,0.161792,0.540864
203,traditional,0.082880,0.310272,0.162816,0.555968
204,traditional,0.074784,0.310272,0.161792,0.546848
205,traditional,0.074048,0.314368,0.172032,0.560448
206,traditional,0.071232,0.299008,0.163840,0.534080
207,traditional,0.070784,0.307200,0.174080,0.552064
208,traditional,0.081408,0.305152,0.165888,0.552448
209,traditional,0.070912,0.322560,0.162816,0.556288
210,traditional,0.071136,0.302080,0.161792,0.535008
211,traditional,0.073120,0.294912,0.162816,0.530848
212,traditional,0.071360,0.321536,0.164864,0.557760
213,traditional,0.082592,0.305152,0.161792,0.549536
214,traditional,0.082368,0.302080,0.163840,0.548288
215,traditional,0.074592,0.304128,0.161792,0.540512
216,traditional,0.084768,0.297984,0.161792,0.544544
217,traditional,0.072864,0.294912,0.162816,0.530592
218,traditional,0.075040,0.307200,0.162816,0.545056
219,traditional,0.083744,0.301056,0.162816,0.547616
220,traditional,0.072384,0.332800,0.161792,0.566976
221,traditional,0.074592,0.308224,0.162816,0.545632
222,traditional,0.094176,0.317440,0.161792,0.573408
223,traditional,0.070112,0.306176,0.162816,0.539104
224,traditional,0.084640,0.305152,0.164864,0.554656
225,traditional,0.069248,0.317440,0.162816,0.549504
226,traditional,0.070400,0.295936,0.161792,0.528128
227,traditional,0.076224,0.307200,0.175104,0.558528
228,traditional,0.077088,0.294912,0.161792,0.533792
229,traditional,0.070656,0.305152,0.161792,0.537600
230,traditional,0.074496,0.309248,0.165888,0.549632
231,traditional,0.083392,0.305152,0.174080,0.562624
232,traditional,0.073760,0.324608,0.187392,0.585760
233,traditional,0.095392,0.303104,0.175104,0.573600
234,traditional,0.079744,0.293888,0.162816,0.536448
235,traditional,0.070432,0.303104,0.161792,0.535328
236,traditional,0.072992,0.296960,0.166912,0.536864
237,traditional,0.075168,0.308224,0.161792,0.545184
238,traditional,0.070944,0.303104,0.162816,0.536864
239,traditional,0.082016,0.295936,0.175104,0.553056
240,traditional,0.071136,0.297984,0.161792,0.530912
241,traditional,0.069632,0.312320,0.161792,0.543744
242,traditional,0.075424,0.315392,0.162816,0.553632
243,traditional,0.084512,0.320512,0.162816,0.567840
244,traditional,0.073600,0.308224,0.161792,0.543616
245,traditional,0.074816,0.301056,0.161792,0.537664
246,traditional,0.069600,0.337920,0.162816,0.570336
247,traditional,0.070048,0.306176,0.165888,0.542112
248,traditional,0.082464,0.310272,0.174080,0.566816
249,traditional,0.070016,0.294912,0.161792,0.526720
250,traditional,0.073984,0.307200,0.164864,0.546048
251,traditional,0.080128,0.310272,0.167936,0.558336
252,traditional,0.095872,0.306176,0.164864,0.566912
253,traditional,0.070944,0.316416,0.161792,0.549152
254,traditional,0.073696,0.307200,0.161792,0.542688
255,traditional,0.082048,0.312320,0.161792,0.556160
256,traditional,0.072160,0.295936,0.161792,0.529888
257,traditional,0.075424,0.308224,0.162816,0.546464
258,traditional,0.071968,0.300032,0.162816,0.534816
259,traditional,0.071648,0.293888,0.161792,0.527328
260,traditional,0.082432,0.309248,0.161792,0.553472
261,traditional,0.069792,0.309248,0.161792,0.540832
262,traditional,0.070944,0.295936,0.161792,0.528672
263,traditional,0.073280,0.303104,0.163840,0.540224
264,traditional,0.074592,0.310272,0.161792,0.546656
265,traditional,0.070496,0.302080,0.175104,0.547680
266,traditional,0.071648,0.305152,0.174080,0.550880
267,traditional,0.082304,0.297984,0.162816,0.543104
268,traditional,0.074496,0.299008,0.164864,0.538368
269,traditional,0.074464,0.296960,0.162816,0.534240
270,traditional,0.074272,0.304128,0.174080,0.552480
271,traditional,0.070464,0.294912,0.162816,0.528192
272,traditional,0.072672,0.329728,0.164864,0.567264
273,traditional,0.070208,0.299008,0.161792,0.531008
274,traditional,0.071616,0.300032,0.161792,0.533440
275,traditional,0.069728,0.295936,0.174080,0.539744
276,traditional,0.075584,0.311296,0.161792,0.548672
277,traditional,0.069888,0.295936,0.162816,0.528640
278,traditional,0.080416,0.295936,0.161792,0.538144
279,traditional,0.080960,0.299008,0.175104,0.555072
280,traditional,0.085312,0.329728,0.161792,0.576832
281,traditional,0.074208,0.318464,0.162816,0.555488
282,traditional,0.071168,0.303104,0.161792,0.536064
283,traditional,0.083680,0.308224,0.165888,0.557792
284,traditional,0.098304,0.299008,0.174080,0.571392
285,traditional,0.082048,0.294912,0.172032,0.548992
286,traditional,0.070880,0.295936,0.162816,0.529632
287,traditional,0.076768,0.319488,0.175104,0.571360
288,traditional,0.071904,0.312320,0.161792,0.546016
289,traditional,0.076928,0.310272,0.161792,0.548992
290,traditional,0.083104,0.304128,0.162816,0.550048
291,traditional,0.070080,0.296960,0.162816,0.529856
292,traditional,0.071552,0.314368,0.174080,0.560000
293,traditional,0.070048,0.294912,0.161792,0.526752
294,traditional,0.080128,0.293888,0.161792,0.535808
295,traditional,0.070784,0.307200,0.162816,0.540800
296,traditional,0.071520,0.310272,0.186368,0.568160
297,traditional,0.073792,0.295936,0.175104,0.544832
298,traditional,0.071904,0.294912,0.162816,0.529632
299,traditional,0.070208,0.301056,0.161792,0.533056
300,traditional,0.071264,0.308224,0.161792,0.541280
301,traditional,0.070816,0.295936,0.168960,0.535712
302,traditional,0.073760,0.319488,0.162816,0.556064
303,traditional,0.070208,0.309248,0.162816,0.542272
304,traditional,0.073216,0.322560,0.161792,0.557568
305,traditional,0.069888,0.309248,0.162816,0.541952
306,traditional,0.073568,0.310272,0.165888,0.549728
307,traditional,0.070176,0.301056,0.162816,0.534048
308,traditional,0.072320,0.317440,0.163840,0.553600
309,traditional,0.069824,0.301056,0.162816,0.533696
310,traditional,0.081248,0.317440,0.164864,0.563552
311,traditional,0.080032,0.294912,0.161792,0.536736
312,traditional,0.072192,0.297984,0.161792,0.531968
313,traditional,0.071168,0.314368,0.161792,0.547328
314,traditional,0.072000,0.305152,0.162816,0.539968
315,traditional,0.071424,0.305152,0.162816,0.539392
316,traditional,0.074880,0.303104,0.161792,0.539776
317,traditional,0.073856,0.292864,0.165888,0.532608
318,traditional,0.077184,0.294912,0.174080,0.546176
319,traditional,0.070240,0.305152,0.165888,0.541280
320,traditional,0.072160,0.293888,0.161792,0.527840
321,traditional,0.082464,0.301056,0.165888,0.549408
322,traditional,0.071968,0.305152,0.161792,0.538912
323,traditional,0.083904,0.299008,0.161792,0.544704
324,traditional,0.069888,0.310272,0.204800,0.584960
325,traditional,0.083040,0.299008,0.162816,0.544864
326,traditional,0.082304,0.302080,0.161792,0.546176
327,traditional,0.075296,0.328704,0.168960,0.572960
328,traditional,0.070400,0.294912,0.161792,0.527104
329,traditional,0.071360,0.316416,0.161792,0.549568
330,traditional,0.076896,0.296960,0.171008,0.544864
331,traditional,0.069920,0.296960,0.175104,0.541984
332,traditional,0.070720,0.296960,0.161792,0.529472
333,traditional,0.070528,0.305152,0.169984,0.545664
334,traditional,0.073632,0.322560,0.161792,0.557984
335,traditional,0.095072,0.320512,0.162816,0.578400
336,traditional,0.076128,0.306176,0.168960,0.551264
337,traditional,0.081024,0.305152,0.164864,0.551040
338,traditional,0.073824,0.305152,0.163840,0.542816
339,traditional,0.071808,0.293888,0.161792,0.527488
340,traditional,0.071808,0.300032,0.165888,0.537728
341,traditional,0.070944,0.303104,0.162816,0.536864
342,traditional,0.077664,0.299008,0.161792,0.538464
343,traditional,0.070496,0.305152,0.162816,0.538464
344,traditional,0.071488,0.296960,0.162816,0.531264
345,traditional,0.074848,0.304128,0.162816,0.541792
346,traditional,0.084928,0.300032,0.161792,0.546752
347,traditional,0.084192,0.316416,0.162816,0.563424
348,traditional,0.074208,0.292864,0.161792,0.528864
349,traditional,0.071552,0.297984,0.168960,0.538496
350,traditional,0.071360,0.293888,0.161792,0.527040
351,traditional,0.070976,0.315392,0.191488,0.577856
352,traditional,0.077344,0.297984,0.172032,0.547360
353,traditional,0.070656,0.316416,0.162816,0.549888
354,traditional,0.083712,0.296960,0.161792,0.542464
355,traditional,0.072096,0.299008,0.162816,0.533920
356,traditional,0.074304,0.316416,0.174080,0.564800
357,traditional,0.075296,0.311296,0.161792,0.548384
358,traditional,0.074944,0.295936,0.162816,0.533696
359,traditional,0.074496,0.309248,0.172032,0.555776
360,traditional,0.072992,0.310272,0.161792,0.545056
361,traditional,0.071680,0.300032,0.162816,0.534528
362,traditional,0.081504,0.303104,0.161792,0.546400
363,traditional,0.074400,0.313344,0.161792,0.549536
364,traditional,0.074624,0.304128,0.162816,0.541568
365,traditional,0.071232,0.310272,0.164864,0.546368
366,traditional,0.071072,0.302080,0.161792,0.534944
367,traditional,0.073696,0.314368,0.164864,0.552928
368,traditional,0.075168,0.302080,0.161792,0.539040
369,traditional,0.082688,0.304128,0.162816,0.549632
370,traditional,0.072480,0.294912,0.174080,0.541472
371,traditional,0.072512,0.302080,0.161792,0.536384
372,traditional,0.071872,0.292864,0.172032,0.536768
373,traditional,0.072416,0.306176,0.186368,0.564960
374,traditional,0.069664,0.319488,0.160768,0.549920
375,traditional,0.071200,0.295936,0.174080,0.541216
376,traditional,0.076928,0.306176,0.167936,0.551040
377,traditional,0.071104,0.306176,0.164864,0.542144
378,traditional,0.070848,0.302080,0.161792,0.534720
379,traditional,0.073824,0.316416,0.174080,0.564320
380,traditional,0.071200,0.320512,0.161792,0.553504
381,traditional,0.085152,0.346112,0.161792,0.593056
382,traditional,0.083840,0.302080,0.161792,0.547712
383,traditional,0.075200,0.314368,0.161792,0.551360
384,traditional,0.083648,0.314368,0.162816,0.560832
385,traditional,0.070496,0.315392,0.162816,0.548704
386,traditional,0.071616,0.314368,0.172032,0.558016
387,traditional,0.074592,0.339968,0.161792,0.576352
388,traditional,0.071872,0.299008,0.161792,0.532672
389,traditional,0.070464,0.296960,0.186368,0.553792
390,traditional,0.083680,0.302080,0.161792,0.547552
391,traditional,0.070688,0.315392,0.161792,0.547872
392,traditional,0.070496,0.316416,0.161792,0.548704
393,traditional,0.071520,0.315392,0.161792,0.548704
394,traditional,0.075296,0.316416,0.183296,0.575008
395,traditional,0.071584,0.332800,0.174080,0.578464
396,traditional,0.082784,0.307200,0.161792,0.551776
397,traditional,0.075616,0.312320,0.161792,0.549728
398,traditional,0.080576,0.314368,0.161792,0.556736
399,traditional,0.082208,0.303104,0.161792,0.547104
400,traditional,0.073216,0.310272,0.166912,0.550400
401,traditional,0.072032,0.312320,0.165888,0.550240
402,traditional,0.082336,0.311296,0.162816,0.556448
403,traditional,0.071104,0.313344,0.162816,0.547264
404,traditional,0.070688,0.314368,0.169984,0.555040
405,traditional,0.074240,0.319488,0.173056,0.566784
406,traditional,0.071744,0.310272,0.162816,0.544832
407,traditional,0.071552,0.313344,0.166912,0.551808
408,traditional,0.071616,0.315392,0.174080,0.561088
409,traditional,0.070848,0.296960,0.162816,0.530624
410,traditional,0.082656,0.295936,0.162816,0.541408
411,traditional,0.071200,0.306176,0.163840,0.541216
412,traditional,0.071968,0.310272,0.177152,0.559392
413,traditional,0.072768,0.299008,0.162816,0.534592
414,traditional,0.075648,0.314368,0.162816,0.552832
415,traditional,0.082880,0.308224,0.165888,0.556992
416,traditional,0.072288,0.312320,0.164864,0.549472
417,traditional,0.073632,0.306176,0.169984,0.549792
418,traditional,0.096352,0.301056,0.162816,0.560224
419,traditional,0.074016,0.319488,0.162816,0.556320
420,traditional,0.076096,0.295936,0.165888,0.537920
421,traditional,0.071104,0.304128,0.162816,0.538048
422,traditional,0.070112,0.316416,0.162816,0.549344
423,traditional,0.073920,0.319488,0.165888,0.559296
424,traditional,0.072288,0.308224,0.162816,0.543328
425,traditional,0.074400,0.294912,0.162816,0.532128
426,traditional,0.074912,0.319488,0.162816,0.557216
427,traditional,0.071456,0.295936,0.164864,0.532256
428,traditional,0.072224,0.301056,0.162816,0.536096
429,traditional,0.069920,0.301056,0.166912,0.537888
430,traditional,0.072704,0.295936,0.161792,0.530432
431,traditional,0.070400,0.302080,0.166912,0.539392
432,traditional,0.075296,0.307200,0.162816,0.545312
433,traditional,0.074304,0.308224,0.177152,0.559680
434,traditional,0.073728,0.300032,0.162816,0.536576
435,traditional,0.070976,0.296960,0.165888,0.533824
436,traditional,0.074688,0.303104,0.161792,0.539584
437,traditional,0.073088,0.309248,0.186368,0.568704
438,traditional,0.071136,0.300032,0.161792,0.532960
439,traditional,0.070400,0.307200,0.162816,0.540416
440,traditional,0.071968,0.303104,0.174080,0.549152
441,traditional,0.072256,0.308224,0.162816,0.543296
442,traditional,0.071712,0.294912,0.173056,0.539680
443,traditional,0.071936,0.316416,0.162816,0.551168
444,traditional,0.072256,0.294912,0.161792,0.528960
445,traditional,0.071808,0.322560,0.162816,0.557184
446,traditional,0.070944,0.311296,0.162816,0.545056
447,traditional,0.074880,0.294912,0.165888,0.535680
448,traditional,0.073696,0.296960,0.162816,0.533472
449,traditional,0.078784,0.301056,0.162816,0.542656
450,traditional,0.074848,0.313344,0.164864,0.553056
451,traditional,0.074400,0.301056,0.162816,0.538272
452,traditional,0.074336,0.301056,0.162816,0.538208
453,traditional,0.070400,0.307200,0.162816,0.540416
454,traditional,0.082656,0.295936,0.162816,0.541408
455,traditional,0.070464,0.294912,0.162816,0.528192
456,traditional,0.076448,0.304128,0.165888,0.546464
457,traditional,0.074080,0.321536,0.162816,0.558432
458,traditional,0.076160,0.302080,0.165888,0.544128
459,traditional,0.071552,0.295936,0.161792,0.529280
460,traditional,0.072288,0.294912,0.161792,0.528992
461,traditional,0.072064,0.291840,0.162816,0.526720
462,traditional,0.072672,0.308224,0.164864,0.545760
463,traditional,0.074976,0.315392,0.162816,0.553184
464,traditional,0.072384,0.294912,0.162816,0.530112
465,traditional,0.070656,0.305152,0.162816,0.538624
466,traditional,0.070848,0.308224,0.162816,0.541888
467,traditional,0.082944,0.303104,0.161792,0.547840
468,traditional,0.080800,0.297984,0.161792,0.540576
469,traditional,0.071232,0.305152,0.168960,0.545344
470,traditional,0.083232,0.293888,0.161792,0.538912
471,traditional,0.082336,0.294912,0.162816,0.540064
472,traditional,0.073856,0.306176,0.162816,0.542848
473,traditional,0.083744,0.312320,0.166912,0.562976
474,traditional,0.074624,0.310272,0.163840,0.548736
475,traditional,0.070336,0.308224,0.162816,0.541376
476,traditional,0.071744,0.323584,0.162816,0.558144
477,traditional,0.070112,0.306176,0.164864,0.541152
478,traditional,0.071264,0.297984,0.161792,0.531040
479,traditional,0.072192,0.300032,0.165888,0.538112
480,traditional,0.071712,0.308224,0.161792,0.541728
481,traditional,0.070848,0.307200,0.175104,0.553152
482,traditional,0.083584,0.304128,0.165888,0.553600
483,traditional,0.069824,0.304128,0.166912,0.540864
484,traditional,0.071744,0.312320,0.171008,0.555072
485,traditional,0.072160,0.297984,0.175104,0.545248
486,traditional,0.070080,0.293888,0.162816,0.526784
487,traditional,0.084224,0.293888,0.165888,0.544000
488,traditional,0.071680,0.296960,0.165888,0.534528
489,traditional,0.070656,0.293888,0.162816,0.527360
490,traditional,0.072064,0.299008,0.162816,0.533888
491,traditional,0.074048,0.296960,0.162816,0.533824
492,traditional,0.083616,0.297984,0.166912,0.548512
493,traditional,0.082784,0.300032,0.162816,0.545632
494,traditional,0.079200,0.299008,0.161792,0.540000
495,traditional,0.069696,0.309248,0.161792,0.540736
496,traditional,0.073344,0.309248,0.165888,0.548480
497,traditional,0.072160,0.312320,0.173056,0.557536
498,traditional,0.085760,0.297984,0.162816,0.546560
499,traditional,0.072864,0.305152,0.165888,0.543904
500,traditional,0.071392,0.318464,0.161792,0.551648
501,traditional,0.073600,0.328704,0.163840,0.566144
502,traditional,0.074432,0.349184,0.162816,0.586432
503,traditional,0.071008,0.294912,0.164864,0.530784
504,traditional,0.073024,0.297984,0.161792,0.532800
505,traditional,0.082432,0.293888,0.162816,0.539136
506,traditional,0.071776,0.308224,0.161792,0.541792
507,traditional,0.070432,0.305152,0.162816,0.538400
508,traditional,0.072800,0.302080,0.169984,0.544864
509,traditional,0.070720,0.311296,0.162816,0.544832
510,traditional,0.071744,0.329728,0.162816,0.564288
511,traditional,0.072512,0.293888,0.166912,0.533312
512,traditional,0.085056,0.293888,0.161792,0.540736
513,traditional,0.082880,0.314368,0.164864,0.562112
514,traditional,0.077984,0.326656,0.162816,0.567456
515,traditional,0.071904,0.315392,0.166912,0.554208
516,traditional,0.072032,0.311296,0.161792,0.545120
517,traditional,0.076480,0.300032,0.162816,0.539328
518,traditional,0.070560,0.302080,0.166912,0.539552
519,traditional,0.075968,0.305152,0.163840,0.544960
520,traditional,0.074368,0.307200,0.165888,0.547456
521,traditional,0.071040,0.296960,0.162816,0.530816
522,traditional,0.071392,0.309248,0.162816,0.543456
523,traditional,0.074368,0.294912,0.163840,0.533120
524,traditional,0.073536,0.306176,0.162816,0.542528
525,traditional,0.082176,0.296960,0.163840,0.542976
526,traditional,0.071008,0.306176,0.161792,0.538976
527,traditional,0.073248,0.303104,0.162816,0.539168
528,traditional,0.071776,0.299008,0.162816,0.533600
529,traditional,0.071552,0.296960,0.161792,0.530304
530,traditional,0.075392,0.295936,0.161792,0.533120
531,traditional,0.083296,0.306176,0.166912,0.556384
532,traditional,0.071008,0.296960,0.199680,0.567648
533,traditional,0.071520,0.292864,0.163840,0.528224
534,traditional,0.073120,0.300032,0.165888,0.539040
535,traditional,0.082816,0.305152,0.162816,0.550784
536,traditional,0.075424,0.340992,0.175104,0.591520
537,traditional,0.070912,0.303104,0.162816,0.536832
538,traditional,0.074336,0.299008,0.162816,0.536160
539,traditional,0.070688,0.294912,0.162816,0.528416
540,traditional,0.072576,0.294912,0.162816,0.530304
541,traditional,0.073248,0.292864,0.166912,0.533024
542,traditional,0.072192,0.331776,0.183296,0.587264
543,traditional,0.076160,0.321536,0.161792,0.559488
544,traditional,0.075584,0.303104,0.161792,0.540480
545,traditional,0.074208,0.306176,0.162816,0.543200
546,traditional,0.074880,0.294912,0.161792,0.531584
547,traditional,0.070336,0.330752,0.166912,0.568000
548,traditional,0.074272,0.299008,0.166912,0.540192
549,traditional,0.074976,0.321536,0.163840,0.560352
550,traditional,0.075392,0.305152,0.164864,0.545408
551,traditional,0.072512,0.314368,0.166912,0.553792
552,traditional,0.075488,0.316416,0.175104,0.567008
553,traditional,0.071264,0.306176,0.165888,0.543328
554,traditional,0.072544,0.302080,0.161792,0.536416
555,traditional,0.083136,0.311296,0.166912,0.561344
556,traditional,0.070560,0.310272,0.162816,0.543648
557,traditional,0.082528,0.295936,0.162816,0.541280
558,traditional,0.070528,0.303104,0.161792,0.535424
559,traditional,0.073376,0.308224,0.165888,0.547488
560,traditional,0.075264,0.307200,0.162816,0.545280
561,traditional,0.070272,0.297984,0.165888,0.534144
562,traditional,0.076384,0.309248,0.161792,0.547424
563,traditional,0.072160,0.296960,0.161792,0.530912
564,traditional,0.069952,0.317440,0.165888,0.553280
565,traditional,0.084000,0.297984,0.161792,0.543776
566,traditional,0.070656,0.328704,0.162816,0.562176
567,traditional,0.083200,0.326656,0.164864,0.574720
568,traditional,0.075744,0.314368,0.162816,0.552928
569,traditional,0.075200,0.296960,0.162816,0.534976
570,traditional,0.083392,0.308224,0.174080,0.565696
571,traditional,0.073920,0.318464,0.163840,0.556224
572,traditional,0.082304,0.304128,0.161792,0.548224
573,traditional,0.070464,0.315392,0.162816,0.548672
574,traditional,0.070176,0.315392,0.174080,0.559648
575,traditional,0.074208,0.308224,0.187392,0.569824
576,traditional,0.074560,0.307200,0.172032,0.553792
577,traditional,0.070624,0.307200,0.162816,0.540640
578,traditional,0.077536,0.305152,0.175104,0.557792
579,traditional,0.073600,0.296960,0.165888,0.536448
580,traditional,0.072288,0.314368,0.162816,0.549472
581,traditional,0.069760,0.300032,0.162816,0.532608
582,traditional,0.084768,0.315392,0.165888,0.566048
583,traditional,0.071680,0.303104,0.162816,0.537600
584,traditional,0.074176,0.296960,0.165888,0.537024
585,traditional,0.071136,0.305152,0.162816,0.539104
586,traditional,0.072000,0.295936,0.162816,0.530752
587,traditional,0.071360,0.296960,0.172032,0.540352
588,traditional,0.076544,0.297984,0.162816,0.537344
589,traditional,0.072352,0.294912,0.162816,0.530080
590,traditional,0.072288,0.295936,0.162816,0.531040
591,traditional,0.074464,0.300032,0.165888,0.540384
592,traditional,0.072800,0.312320,0.161792,0.546912
593,traditional,0.070528,0.340992,0.163840,0.575360
594,traditional,0.085280,0.334848,0.162816,0.582944
595,traditional,0.069920,0.296960,0.175104,0.541984
596,traditional,0.071968,0.327680,0.161792,0.561440
597,traditional,0.084832,0.295936,0.167936,0.548704
598,traditional,0.077792,0.301056,0.161792,0.540640
599,traditional,0.073856,0.295936,0.178176,0.547968
600,traditional,0.075328,0.296960,0.161792,0.534080
601,traditional,0.070720,0.302080,0.180224,0.553024
602,traditional,0.071872,0.346112,0.161792,0.579776
603,traditional,0.070592,0.315392,0.186368,0.572352
604,traditional,0.072480,0.293888,0.186368,0.552736
605,traditional,0.071648,0.295936,0.162816,0.530400
606,traditional,0.071136,0.311296,0.165888,0.548320
607,traditional,0.075360,0.314368,0.161792,0.551520
608,traditional,0.076448,0.297984,0.186368,0.560800
609,traditional,0.071680,0.313344,0.165888,0.550912
610,traditional,0.074176,0.301056,0.164864,0.540096
611,traditional,0.071904,0.299008,0.162816,0.533728
612,traditional,0.074976,0.305152,0.161792,0.541920
613,traditional,0.073152,0.307200,0.157696,0.538048
614,traditional,0.071872,0.294912,0.161792,0.528576
615,traditional,0.070656,0.313344,0.187392,0.571392
616,traditional,0.071744,0.314368,0.164864,0.550976
617,traditional,0.076512,0.301056,0.162816,0.540384
618,traditional,0.070944,0.311296,0.160768,0.543008
619,traditional,0.071584,0.295936,0.161792,0.529312
620,traditional,0.070528,0.304128,0.171008,0.545664
621,traditional,0.069728,0.302080,0.162816,0.534624
622,traditional,0.074880,0.292864,0.161792,0.529536
623,traditional,0.072128,0.316416,0.165888,0.554432
624,traditional,0.074208,0.292864,0.161792,0.528864
625,traditional,0.072288,0.295936,0.164864,0.533088
626,traditional,0.071616,0.293888,0.164864,0.530368
627,traditional,0.071552,0.305152,0.161792,0.538496
628,traditional,0.083776,0.307200,0.165888,0.556864
629,traditional,0.071936,0.320512,0.161792,0.554240
630,traditional,0.077408,0.309248,0.162816,0.549472
631,traditional,0.081024,0.304128,0.161792,0.546944
632,traditional,0.074528,0.330752,0.161792,0.567072
633,traditional,0.083104,0.294912,0.171008,0.549024
634,traditional,0.071456,0.302080,0.161792,0.535328
635,traditional,0.070368,0.326656,0.172032,0.569056
636,traditional,0.073952,0.320512,0.161792,0.556256
637,traditional,0.081632,0.306176,0.161792,0.549600
638,traditional,0.070752,0.312320,0.167936,0.551008
639,traditional,0.075744,0.307200,0.162816,0.545760
640,traditional,0.071808,0.302080,0.162816,0.536704
641,traditional,0.074624,0.300032,0.164864,0.539520
642,traditional,0.075712,0.314368,0.161792,0.551872
643,traditional,0.070400,0.331776,0.162816,0.564992
644,traditional,0.071744,0.293888,0.161792,0.527424
645,traditional,0.070528,0.293888,0.174080,0.538496
646,traditional,0.069792,0.299008,0.162816,0.531616
647,traditional,0.070304,0.297984,0.161792,0.530080
648,traditional,0.075840,0.314368,0.161792,0.552000
649,traditional,0.072800,0.320512,0.161792,0.555104
650,traditional,0.072096,0.304128,0.165888,0.542112
651,traditional,0.071456,0.315392,0.161792,0.548640
652,traditional,0.084608,0.296960,0.161792,0.543360
653,traditional,0.070976,0.297984,0.162816,0.531776
654,traditional,0.075680,0.295936,0.172032,0.543648
655,traditional,0.075936,0.296960,0.162816,0.535712
656,traditional,0.072352,0.300032,0.162816,0.535200
657,traditional,0.074560,0.313344,0.165888,0.553792
658,traditional,0.073056,0.303104,0.162816,0.538976
659,traditional,0.076064,0.324608,0.162816,0.563488
660,traditional,0.083424,0.297984,0.162816,0.544224
661,traditional,0.074432,0.299008,0.162816,0.536256
662,traditional,0.082304,0.297984,0.162816,0.543104
663,traditional,0.080320,0.306176,0.162816,0.549312
664,traditional,0.072128,0.297984,0.165888,0.536000
665,traditional,0.070656,0.307200,0.161792,0.539648
666,traditional,0.084512,0.326656,0.162816,0.573984
667,traditional,0.080384,0.295936,0.166912,0.543232
668,traditional,0.084096,0.295936,0.162816,0.542848
669,traditional,0.071744,0.300032,0.162816,0.534592
670,traditional,0.071232,0.299008,0.162816,0.533056
671,traditional,0.075360,0.297984,0.162816,0.536160
672,traditional,0.074912,0.307200,0.161792,0.543904
673,traditional,0.075200,0.303104,0.162816,0.541120
674,traditional,0.074048,0.309248,0.161792,0.545088
675,traditional,0.071552,0.305152,0.164864,0.541568
676,traditional,0.071840,0.300032,0.162816,0.534688
677,traditional,0.069600,0.299008,0.162816,0.531424
678,traditional,0.082080,0.313344,0.162816,0.558240
679,traditional,0.070656,0.304128,0.175104,0.549888
680,traditional,0.076096,0.293888,0.161792,0.531776
681,traditional,0.074784,0.326656,0.165888,0.567328
682,traditional,0.071552,0.304128,0.162816,0.538496
683,traditional,0.071936,0.308224,0.162816,0.542976
684,traditional,0.070880,0.297984,0.161792,0.530656
685,traditional,0.083744,0.305152,0.174080,0.562976
686,traditional,0.074592,0.299008,0.164864,0.538464
687,traditional,0.070176,0.301056,0.162816,0.534048
688,traditional,0.076512,0.293888,0.175104,0.545504
689,traditional,0.071680,0.296960,0.163840,0.532480
690,traditional,0.072128,0.293888,0.162816,0.528832
691,traditional,0.072288,0.312320,0.162816,0.547424
692,traditional,0.083520,0.314368,0.165888,0.563776
693,traditional,0.083136,0.306176,0.162816,0.552128
694,traditional,0.075328,0.292864,0.162816,0.531008
695,traditional,0.069632,0.293888,0.161792,0.525312
696,traditional,0.076704,0.295936,0.162816,0.535456
697,traditional,0.073888,0.301056,0.165888,0.540832
698,traditional,0.071776,0.293888,0.175104,0.540768
699,traditional,0.070624,0.299008,0.163840,0.533472
700,traditional,0.073536,0.303104,0.161792,0.538432
701,traditional,0.074016,0.302080,0.162816,0.538912
702,traditional,0.070688,0.293888,0.161792,0.526368
703,traditional,0.072256,0.327680,0.162816,0.562752
704,traditional,0.073216,0.295936,0.163840,0.532992
705,traditional,0.072000,0.309248,0.162816,0.544064
706,traditional,0.082592,0.297984,0.161792,0.542368
707,traditional,0.081952,0.304128,0.162816,0.548896
708,traditional,0.073760,0.302080,0.162816,0.538656
709,traditional,0.071072,0.299008,0.163840,0.533920
710,traditional,0.084000,0.292864,0.162816,0.539680
711,traditional,0.070336,0.323584,0.167936,0.561856
712,traditional,0.071072,0.315392,0.162816,0.549280
713,traditional,0.074144,0.307200,0.188416,0.569760
714,traditional,0.072704,0.293888,0.162816,0.529408
715,traditional,0.070528,0.335872,0.162816,0.569216
716,traditional,0.071264,0.293888,0.162816,0.527968
717,traditional,0.071200,0.315392,0.168960,0.555552
718,traditional,0.071232,0.293888,0.162816,0.527936
719,traditional,0.070528,0.321536,0.162816,0.554880
720,traditional,0.072928,0.312320,0.163840,0.549088
721,traditional,0.074144,0.309248,0.172032,0.555424
722,traditional,0.074816,0.292864,0.162816,0.530496
723,traditional,0.074112,0.297984,0.163840,0.535936
724,traditional,0.074816,0.303104,0.165888,0.543808
725,traditional,0.069920,0.304128,0.161792,0.535840
726,traditional,0.073472,0.313344,0.162816,0.549632
727,traditional,0.070464,0.310272,0.162816,0.543552
728,traditional,0.071200,0.327680,0.162816,0.561696
729,traditional,0.080832,0.296960,0.166912,0.544704
730,traditional,0.083296,0.297984,0.186368,0.567648
731,traditional,0.070304,0.321536,0.162816,0.554656
732,traditional,0.082752,0.301056,0.162816,0.546624
733,traditional,0.069504,0.295936,0.165888,0.531328
734,traditional,0.074336,0.302080,0.165888,0.542304
735,traditional,0.072544,0.305152,0.162816,0.540512
736,traditional,0.083232,0.295936,0.163840,0.543008
737,traditional,0.070016,0.322560,0.165888,0.558464
738,traditional,0.078400,0.295936,0.162816,0.537152
739,traditional,0.070368,0.294912,0.161792,0.527072
740,traditional,0.073504,0.293888,0.162816,0.530208
741,traditional,0.076480,0.304128,0.166912,0.547520
742,traditional,0.075104,0.308224,0.165888,0.549216
743,traditional,0.073728,0.307200,0.166912,0.547840
744,traditional,0.072928,0.313344,0.162816,0.549088
745,traditional,0.071296,0.293888,0.162816,0.528000
746,traditional,0.075040,0.302080,0.165888,0.543008
747,traditional,0.083232,0.304128,0.162816,0.550176
748,traditional,0.082784,0.313344,0.162816,0.558944
749,traditional,0.070272,0.296960,0.163840,0.531072
750,traditional,0.069952,0.295936,0.162816,0.528704
751,traditional,0.075584,0.309248,0.162816,0.547648
752,traditional,0.071616,0.297984,0.161792,0.531392
753,traditional,0.070720,0.305152,0.162816,0.538688
754,traditional,0.073376,0.306176,0.161792,0.541344
755,traditional,0.070400,0.305152,0.163840,0.539392
756,traditional,0.070496,0.294912,0.161792,0.527200
757,traditional,0.070720,0.300032,0.162816,0.533568
758,traditional,0.073504,0.304128,0.161792,0.539424
759,traditional,0.073792,0.315392,0.162816,0.552000
760,traditional,0.071648,0.336896,0.162816,0.571360
761,traditional,0.069056,0.304128,0.162816,0.536000
762,traditional,0.076064,0.303104,0.161792,0.540960
763,traditional,0.071136,0.307200,0.165888,0.544224
764,traditional,0.095904,0.319488,0.162816,0.578208
765,traditional,0.081696,0.317440,0.162816,0.561952
766,traditional,0.074016,0.294912,0.162816,0.531744
767,traditional,0.074720,0.303104,0.163840,0.541664
768,traditional,0.071040,0.306176,0.162816,0.540032
769,traditional,0.070432,0.309248,0.163840,0.543520
770,traditional,0.074496,0.294912,0.161792,0.531200
771,traditional,0.084512,0.293888,0.161792,0.540192
772,traditional,0.072384,0.294912,0.161792,0.529088
773,traditional,0.072064,0.295936,0.162816,0.530816
774,traditional,0.074048,0.293888,0.162816,0.530752
775,traditional,0.076608,0.295936,0.162816,0.535360
776,traditional,0.073952,0.305152,0.164864,0.543968
777,traditional,0.072640,0.308224,0.162816,0.543680
778,traditional,0.071456,0.311296,0.161792,0.544544
779,traditional,0.070432,0.296960,0.162816,0.530208
780,traditional,0.072416,0.296960,0.174080,0.543456
781,traditional,0.074656,0.311296,0.162816,0.548768
782,traditional,0.071040,0.307200,0.162816,0.541056
783,traditional,0.072064,0.305152,0.166912,0.544128
784,traditional,0.071840,0.322560,0.161792,0.556192
785,traditional,0.075904,0.305152,0.164864,0.545920
786,traditional,0.071808,0.292864,0.161792,0.526464
787,traditional,0.070112,0.302080,0.165888,0.538080
788,traditional,0.075040,0.309248,0.162816,0.547104
789,traditional,0.071648,0.307200,0.162816,0.541664
790,traditional,0.078848,0.307200,0.165888,0.551936
791,traditional,0.070240,0.305152,0.187392,0.562784
792,traditional,0.073664,0.293888,0.161792,0.529344
793,traditional,0.073728,0.309248,0.166912,0.549888
794,traditional,0.072064,0.294912,0.161792,0.528768
795,traditional,0.074496,0.350208,0.176128,0.600832
796,traditional,0.070592,0.305152,0.173056,0.548800
797,traditional,0.073632,0.304128,0.162816,0.540576
798,traditional,0.070944,0.302080,0.163840,0.536864
799,traditional,0.070304,0.299008,0.162816,0.532128
800,traditional,0.075136,0.293888,0.161792,0.530816
801,traditional,0.082720,0.294912,0.161792,0.539424
802,traditional,0.076032,0.320512,0.174080,0.570624
803,traditional,0.077120,0.297984,0.166912,0.542016
804,traditional,0.077344,0.299008,0.161792,0.538144
805,traditional,0.074560,0.305152,0.164864,0.544576
806,traditional,0.074336,0.311296,0.165888,0.551520
807,traditional,0.070752,0.306176,0.166912,0.543840
808,traditional,0.072096,0.324608,0.162816,0.559520
809,traditional,0.071136,0.305152,0.161792,0.538080
810,traditional,0.075040,0.323584,0.163840,0.562464
811,traditional,0.071104,0.297984,0.163840,0.532928
812,traditional,0.071616,0.310272,0.161792,0.543680
813,traditional,0.075648,0.297984,0.166912,0.540544
814,traditional,0.071392,0.315392,0.162816,0.549600
815,traditional,0.074048,0.307200,0.162816,0.544064
816,traditional,0.077888,0.305152,0.164864,0.547904
817,traditional,0.080384,0.331776,0.164864,0.577024
818,traditional,0.071360,0.306176,0.187392,0.564928
819,traditional,0.075424,0.303104,0.166912,0.545440
820,traditional,0.083360,0.307200,0.162816,0.553376
821,traditional,0.071232,0.308224,0.162816,0.542272
822,traditional,0.077696,0.310272,0.162816,0.550784
823,traditional,0.071712,0.307200,0.165888,0.544800
824,traditional,0.072192,0.308224,0.165888,0.546304
825,traditional,0.082560,0.296960,0.166912,0.546432
826,traditional,0.084672,0.306176,0.177152,0.568000
827,traditional,0.071200,0.310272,0.162816,0.544288
828,traditional,0.072704,0.319488,0.162816,0.555008
829,traditional,0.073152,0.313344,0.162816,0.549312
830,traditional,0.072000,0.305152,0.165888,0.543040
831,traditional,0.080480,0.296960,0.175104,0.552544
832,traditional,0.072960,0.296960,0.161792,0.531712
833,traditional,0.071072,0.310272,0.165888,0.547232
834,traditional,0.071424,0.304128,0.162816,0.538368
835,traditional,0.082368,0.328704,0.175104,0.586176
836,traditional,0.071200,0.309248,0.165888,0.546336
837,traditional,0.075072,0.294912,0.161792,0.531776
838,traditional,0.076192,0.297984,0.162816,0.536992
839,traditional,0.074816,0.314368,0.161792,0.550976
840,traditional,0.073216,0.296960,0.161792,0.531968
841,traditional,0.071200,0.295936,0.162816,0.529952
842,traditional,0.074304,0.308224,0.162816,0.545344
843,traditional,0.070208,0.299008,0.166912,0.536128
844,traditional,0.074784,0.308224,0.162816,0.545824
845,traditional,0.074208,0.294912,0.161792,0.530912
846,traditional,0.075488,0.305152,0.157696,0.538336
847,traditional,0.074560,0.306176,0.162816,0.543552
848,traditional,0.072096,0.309248,0.161792,0.543136
849,traditional,0.069600,0.299008,0.161792,0.530400
850,traditional,0.073472,0.308224,0.161792,0.543488
851,traditional,0.072064,0.303104,0.161792,0.536960
852,traditional,0.072192,0.315392,0.161792,0.549376
853,traditional,0.072480,0.300032,0.161792,0.534304
854,traditional,0.081856,0.317440,0.162816,0.562112
855,traditional,0.073920,0.297984,0.161792,0.533696
856,traditional,0.072032,0.292864,0.161792,0.526688
857,traditional,0.074688,0.307200,0.162816,0.544704
858,traditional,0.072736,0.348160,0.162816,0.583712
859,traditional,0.074048,0.293888,0.162816,0.530752
860,traditional,0.071040,0.292864,0.161792,0.525696
861,traditional,0.071296,0.296960,0.161792,0.530048
862,traditional,0.070752,0.303104,0.161792,0.535648
863,traditional,0.070880,0.307200,0.162816,0.540896
864,traditional,0.084256,0.316416,0.174080,0.574752
865,traditional,0.071136,0.306176,0.165888,0.543200
866,traditional,0.071456,0.302080,0.165888,0.539424
867,traditional,0.071008,0.306176,0.162816,0.540000
868,traditional,0.072000,0.297984,0.169984,0.539968
869,traditional,0.074752,0.296960,0.161792,0.533504
870,traditional,0.071424,0.327680,0.171008,0.570112
871,traditional,0.074016,0.306176,0.162816,0.543008
872,traditional,0.087776,0.309248,0.162816,0.559840
873,traditional,0.082784,0.303104,0.172032,0.557920
874,traditional,0.072544,0.295936,0.162816,0.531296
875,traditional,0.071360,0.296960,0.162816,0.531136
876,traditional,0.071456,0.295936,0.161792,0.529184
877,traditional,0.071744,0.295936,0.162816,0.530496
878,traditional,0.070208,0.335872,0.164864,0.570944
879,traditional,0.070080,0.300032,0.162816,0.532928
880,traditional,0.072512,0.313344,0.161792,0.547648
881,traditional,0.083296,0.299008,0.162816,0.545120
882,traditional,0.070464,0.308224,0.162816,0.541504
883,traditional,0.071680,0.300032,0.162816,0.534528
884,traditional,0.070624,0.304128,0.161792,0.536544
885,traditional,0.073536,0.308224,0.174080,0.555840
886,traditional,0.076960,0.295936,0.162816,0.535712
887,traditional,0.071200,0.301056,0.162816,0.535072
888,traditional,0.084288,0.293888,0.164864,0.543040
889,traditional,0.080992,0.316416,0.173056,0.570464
890,traditional,0.073760,0.301056,0.174080,0.548896
891,traditional,0.073952,0.320512,0.171008,0.565472
892,traditional,0.071904,0.317440,0.161792,0.551136
893,traditional,0.083456,0.327680,0.162816,0.573952
894,traditional,0.070208,0.317440,0.165888,0.553536
895,traditional,0.072160,0.294912,0.162816,0.529888
896,traditional,0.074592,0.306176,0.163840,0.544608
897,traditional,0.070368,0.297984,0.162816,0.531168
898,traditional,0.076000,0.308224,0.162816,0.547040
899,traditional,0.071424,0.309248,0.173056,0.553728
900,traditional,0.070912,0.296960,0.174080,0.541952
901,traditional,0.069632,0.295936,0.162816,0.528384
902,traditional,0.071136,0.295936,0.162816,0.529888
903,traditional,0.071296,0.294912,0.161792,0.528000
904,traditional,0.072224,0.297984,0.162816,0.533024
905,traditional,0.071040,0.299008,0.162816,0.532864
906,traditional,0.071168,0.310272,0.161792,0.543232
907,traditional,0.074912,0.308224,0.165888,0.549024
908,traditional,0.072576,0.315392,0.166912,0.554880
909,traditional,0.075520,0.305152,0.162816,0.543488
910,traditional,0.074336,0.297984,0.165888,0.538208
911,traditional,0.070048,0.295936,0.165888,0.531872
912,traditional,0.083648,0.301056,0.164864,0.549568
913,traditional,0.073344,0.295936,0.162816,0.532096
914,traditional,0.072032,0.301056,0.172032,0.545120
915,traditional,0.070336,0.316416,0.165888,0.552640
916,traditional,0.076512,0.306176,0.175104,0.557792
917,traditional,0.073088,0.301056,0.162816,0.536960
918,traditional,0.074880,0.305152,0.162816,0.542848
919,traditional,0.073632,0.297984,0.165888,0.537504
920,traditional,0.073248,0.310272,0.164864,0.548384
921,traditional,0.070688,0.296960,0.162816,0.530464
922,traditional,0.074656,0.325632,0.169984,0.570272
923,traditional,0.072704,0.297984,0.162816,0.533504
924,traditional,0.071264,0.300032,0.162816,0.534112
925,traditional,0.082080,0.310272,0.162816,0.555168
926,traditional,0.069408,0.309248,0.165888,0.544544
927,traditional,0.072928,0.295936,0.167936,0.536800
928,traditional,0.071776,0.293888,0.165888,0.531552
929,traditional,0.072032,0.320512,0.162816,0.555360
930,traditional,0.070656,0.301056,0.175104,0.546816
931,traditional,0.082688,0.292864,0.162816,0.538368
932,traditional,0.075616,0.305152,0.165888,0.546656
933,traditional,0.069824,0.317440,0.163840,0.551104
934,traditional,0.083072,0.303104,0.161792,0.547968
935,traditional,0.070272,0.303104,0.162816,0.536192
936,traditional,0.076288,0.297984,0.174080,0.548352
937,traditional,0.071584,0.307200,0.165888,0.544672
938,traditional,0.071136,0.306176,0.162816,0.540128
939,traditional,0.074304,0.293888,0.161792,0.529984
940,traditional,0.078400,0.312320,0.162816,0.553536
941,traditional,0.071200,0.294912,0.165888,0.532000
942,traditional,0.082432,0.294912,0.161792,0.539136
943,traditional,0.069664,0.314368,0.163840,0.547872
944,traditional,0.071200,0.309248,0.162816,0.543264
945,traditional,0.080800,0.310272,0.161792,0.552864
946,traditional,0.084896,0.311296,0.162816,0.559008
947,traditional,0.071744,0.299008,0.162816,0.533568
948,traditional,0.094976,0.323584,0.162816,0.581376
949,traditional,0.076096,0.316416,0.174080,0.566592
950,traditional,0.069632,0.295936,0.161792,0.527360
951,traditional,0.072960,0.295936,0.162816,0.531712
952,traditional,0.070656,0.304128,0.167936,0.542720
953,traditional,0.069120,0.304128,0.162816,0.536064
954,traditional,0.072064,0.304128,0.161792,0.537984
955,traditional,0.070752,0.303104,0.174080,0.547936
956,traditional,0.071200,0.305152,0.164864,0.541216
957,traditional,0.070368,0.313344,0.163840,0.547552
958,traditional,0.078208,0.297984,0.167936,0.544128
959,traditional,0.094496,0.329728,0.163840,0.588064
960,traditional,0.075456,0.307200,0.175104,0.557760
961,traditional,0.077120,0.306176,0.164864,0.548160
962,traditional,0.074432,0.295936,0.169984,0.540352
963,traditional,0.071680,0.320512,0.164864,0.557056
964,traditional,0.070816,0.313344,0.165888,0.550048
965,traditional,0.080672,0.297984,0.165888,0.544544
966,traditional,0.070208,0.297984,0.174080,0.542272
967,traditional,0.075296,0.314368,0.162816,0.552480
968,traditional,0.072768,0.304128,0.162816,0.539712
969,traditional,0.072000,0.309248,0.162816,0.544064
970,traditional,0.071200,0.300032,0.166912,0.538144
971,traditional,0.070016,0.322560,0.175104,0.567680
972,traditional,0.081920,0.299008,0.165888,0.546816
973,traditional,0.083136,0.295936,0.162816,0.541888
974,traditional,0.083424,0.303104,0.161792,0.548320
975,traditional,0.070624,0.296960,0.166912,0.534496
976,traditional,0.075648,0.306176,0.174080,0.555904
977,traditional,0.074880,0.304128,0.162816,0.541824
978,traditional,0.072864,0.303104,0.162816,0.538784
979,traditional,0.095104,0.317440,0.162816,0.575360
980,traditional,0.082048,0.295936,0.161792,0.539776
981,traditional,0.082912,0.297984,0.171008,0.551904
982,traditional,0.074144,0.304128,0.162816,0.541088
983,traditional,0.071168,0.299008,0.162816,0.532992
984,traditional,0.074368,0.302080,0.161792,0.538240
985,traditional,0.074336,0.295936,0.166912,0.537184
986,traditional,0.072800,0.300032,0.165888,0.538720
987,traditional,0.072576,0.301056,0.162816,0.536448
988,traditional,0.072032,0.303104,0.165888,0.541024
989,traditional,0.070912,0.296960,0.162816,0.530688
990,traditional,0.085728,0.295936,0.166912,0.548576
991,traditional,0.081632,0.303104,0.162816,0.547552
992,traditional,0.071296,0.309248,0.162816,0.543360
993,traditional,0.073792,0.306176,0.165888,0.545856
994,traditional,0.071264,0.302080,0.161792,0.535136
995,traditional,0.070976,0.319488,0.163840,0.554304
996,traditional,0.073440,0.295936,0.165888,0.535264
997,traditional,0.069824,0.329728,0.162816,0.562368
998,traditional,0.072096,0.294912,0.162816,0.529824
999,traditional,0.081376,0.310272,0.162816,0.554464
1000,traditional,0.075264,0.296960,0.165888,0.538112
1001,traditional,0.070240,0.306176,0.166912,0.543328
1002,traditional,0.085312,0.303104,0.164864,0.553280
1003,traditional,0.070656,0.311296,0.162816,0.544768
1004,traditional,0.070624,0.297984,0.162816,0.531424
1005,traditional,0.070752,0.295936,0.162816,0.529504
1006,traditional,0.074400,0.312320,0.161792,0.548512
1007,traditional,0.071232,0.311296,0.175104,0.557632
1008,traditional,0.072288,0.305152,0.164864,0.542304
1009,traditional,0.074432,0.311296,0.162816,0.548544
1010,traditional,0.072576,0.305152,0.161792,0.539520
1011,traditional,0.082400,0.311296,0.165888,0.559584
1012,traditional,0.071200,0.304128,0.161792,0.537120
1013,traditional,0.070848,0.314368,0.163840,0.549056
1014,traditional,0.069248,0.296960,0.161792,0.528000
1015,traditional,0.070304,0.305152,0.162816,0.538272
1016,traditional,0.072160,0.303104,0.169984,0.545248
1017,traditional,0.071360,0.296960,0.162816,0.531136
1018,traditional,0.074816,0.305152,0.166912,0.546880
1019,traditional,0.073248,0.305152,0.165888,0.544288
1020,traditional,0.075552,0.330752,0.162816,0.569120
1021,traditional,0.081568,0.305152,0.166912,0.553632
1022,traditional,0.070144,0.308224,0.174080,0.552448
1023,traditional,0.083552,0.305152,0.162816,0.551520
1024,traditional,0.083968,0.314368,0.162816,0.561152
1025,traditional,0.069984,0.312320,0.162816,0.545120
1026,traditional,0.075680,0.295936,0.165888,0.537504
1027,traditional,0.082528,0.304128,0.162816,0.549472
1028,traditional,0.071648,0.305152,0.162816,0.539616
1029,traditional,0.074432,0.303104,0.162816,0.540352
1030,traditional,0.074592,0.305152,0.161792,0.541536
1031,traditional,0.073504,0.307200,0.161792,0.542496
1032,traditional,0.072224,0.300032,0.161792,0.534048
1033,traditional,0.070848,0.294912,0.165888,0.531648
1034,traditional,0.075872,0.306176,0.162816,0.544864
1035,traditional,0.075296,0.305152,0.162816,0.543264
1036,traditional,0.072256,0.305152,0.163840,0.541248
1037,traditional,0.073024,0.309248,0.162816,0.545088
1038,traditional,0.070528,0.300032,0.161792,0.532352
1039,traditional,0.072000,0.315392,0.162816,0.550208
1040,traditional,0.078272,0.308224,0.165888,0.552384
1041,traditional,0.070240,0.307200,0.162816,0.540256
1042,traditional,0.075424,0.325632,0.162816,0.563872
1043,traditional,0.072544,0.297984,0.162816,0.533344
1044,traditional,0.070656,0.311296,0.162816,0.544768
1045,traditional,0.072096,0.299008,0.165888,0.536992
1046,traditional,0.072960,0.309248,0.164864,0.547072
1047,traditional,0.070304,0.303104,0.165888,0.539296
1048,traditional,0.076256,0.300032,0.162816,0.539104
1049,traditional,0.074336,0.296960,0.172032,0.543328
1050,traditional,0.077440,0.307200,0.162816,0.547456
1051,traditional,0.074304,0.297984,0.162816,0.535104
1052,traditional,0.074016,0.308224,0.161792,0.544032
1053,traditional,0.075488,0.318464,0.165888,0.559840
1054,traditional,0.070912,0.313344,0.161792,0.546048
1055,traditional,0.071360,0.300032,0.162816,0.534208
1056,traditional,0.095136,0.310272,0.169984,0.575392
1057,traditional,0.083200,0.315392,0.162816,0.561408
1058,traditional,0.083808,0.297984,0.165888,0.547680
1059,traditional,0.074976,0.304128,0.162816,0.541920
1060,traditional,0.070368,0.330752,0.165888,0.567008
1061,traditional,0.094560,0.326656,0.167936,0.589152
1062,traditional,0.071552,0.333824,0.162816,0.568192
1063,traditional,0.070560,0.295936,0.179200,0.545696
1064,traditional,0.071520,0.299008,0.161792,0.532320
1065,traditional,0.081792,0.296960,0.161792,0.540544
1066,traditional,0.072384,0.297984,0.165888,0.536256
1067,traditional,0.069664,0.317440,0.162816,0.549920
1068,traditional,0.070688,0.312320,0.167936,0.550944
1069,traditional,0.095200,0.315392,0.161792,0.572384
1070,traditional,0.074848,0.319488,0.167936,0.562272
1071,traditional,0.075936,0.319488,0.165888,0.561312
1072,traditional,0.072480,0.315392,0.161792,0.549664
1073,traditional,0.075488,0.310272,0.162816,0.548576
1074,traditional,0.071872,0.305152,0.161792,0.538816
1075,traditional,0.076544,0.294912,0.161792,0.533248
1076,traditional,0.074496,0.297984,0.165888,0.538368
1077,traditional,0.071136,0.309248,0.161792,0.542176
1078,traditional,0.074880,0.296960,0.161792,0.533632
1079,traditional,0.075168,0.307200,0.161792,0.544160
1080,traditional,0.074400,0.297984,0.161792,0.534176
1081,traditional,0.083840,0.302080,0.157696,0.543616
1082,traditional,0.076480,0.309248,0.164864,0.550592
1083,traditional,0.082816,0.309248,0.172032,0.564096
1084,traditional,0.072288,0.294912,0.161792,0.528992
1085,traditional,0.082880,0.299008,0.162816,0.544704
1086,traditional,0.069600,0.309248,0.161792,0.540640
1087,traditional,0.069728,0.304128,0.161792,0.535648
1088,traditional,0.084256,0.306176,0.168960,0.559392
1089,traditional,0.071392,0.302080,0.165888,0.539360
1090,traditional,0.076448,0.307200,0.161792,0.545440
1091,traditional,0.071616,0.306176,0.161792,0.539584
1092,traditional,0.072448,0.318464,0.162816,0.553728
1093,traditional,0.082880,0.302080,0.162816,0.547776
1094,traditional,0.072192,0.294912,0.161792,0.528896
1095,traditional,0.071200,0.302080,0.174080,0.547360
1096,traditional,0.071840,0.295936,0.161792,0.529568
1097,traditional,0.070624,0.295936,0.161792,0.528352
1098,traditional,0.072128,0.293888,0.162816,0.528832
1099,traditional,0.070784,0.302080,0.162816,0.535680
1100,traditional,0.071968,0.321536,0.161792,0.555296
1101,traditional,0.071232,0.296960,0.161792,0.529984
1102,traditional,0.078976,0.306176,0.163840,0.548992
1103,traditional,0.069920,0.294912,0.165888,0.530720
1104,traditional,0.075616,0.308224,0.161792,0.545632
1105,traditional,0.076192,0.304128,0.161792,0.542112
1106,traditional,0.070048,0.303104,0.161792,0.534944
1107,traditional,0.083648,0.316416,0.171008,0.571072
1108,traditional,0.071552,0.293888,0.161792,0.527232
1109,traditional,0.070720,0.296960,0.161792,0.529472
1110,traditional,0.071360,0.297984,0.161792,0.531136
1111,traditional,0.070880,0.301056,0.166912,0.538848
1112,traditional,0.075040,0.294912,0.161792,0.531744
1113,traditional,0.075040,0.294912,0.165888,0.535840
1114,traditional,0.075744,0.294912,0.161792,0.532448
1115,traditional,0.070592,0.294912,0.161792,0.527296
1116,traditional,0.077056,0.294912,0.161792,0.533760
1117,traditional,0.071712,0.299008,0.161792,0.532512
1118,traditional,0.070304,0.308224,0.161792,0.540320
1119,traditional,0.074752,0.306176,0.161792,0.542720
1120,traditional,0.085056,0.301056,0.161792,0.547904
1121,traditional,0.071840,0.317440,0.160768,0.550048
1122,traditional,0.070560,0.295936,0.161792,0.528288
1123,traditional,0.070720,0.299008,0.161792,0.531520
1124,traditional,0.071552,0.301056,0.161792,0.534400
1125,traditional,0.071072,0.292864,0.161792,0.525728
1126,traditional,0.075744,0.293888,0.161792,0.531424
1127,traditional,0.071104,0.296960,0.161792,0.529856
1128,traditional,0.070592,0.296960,0.166912,0.534464
1129,traditional,0.073152,0.322560,0.175104,0.570816
1130,traditional,0.071680,0.317440,0.165888,0.555008
1131,traditional,0.070400,0.295936,0.174080,0.540416
1132,traditional,0.070912,0.294912,0.161792,0.527616
1133,traditional,0.073856,0.320512,0.164864,0.559232
1134,traditional,0.070336,0.308224,0.161792,0.540352
1135,traditional,0.073152,0.293888,0.162816,0.529856
1136,traditional,0.075200,0.305152,0.161792,0.542144
1137,traditional,0.073472,0.307200,0.161792,0.542464
1138,traditional,0.099808,0.303104,0.167936,0.570848
1139,traditional,0.071488,0.301056,0.161792,0.534336
1140,traditional,0.073408,0.302080,0.162816,0.538304
1141,traditional,0.074880,0.301056,0.165888,0.541824
1142,traditional,0.071520,0.294912,0.161792,0.528224
1143,traditional,0.071904,0.295936,0.161792,0.529632
1144,traditional,0.073376,0.319488,0.161792,0.554656
1145,traditional,0.071648,0.302080,0.164864,0.538592
1146,traditional,0.076928,0.308224,0.161792,0.546944
1147,traditional,0.070848,0.314368,0.163840,0.549056
1148,traditional,0.074496,0.302080,0.162816,0.539392
1149,traditional,0.084288,0.311296,0.162816,0.558400
1150,traditional,0.071136,0.306176,0.173056,0.550368
1151,traditional,0.082112,0.315392,0.163840,0.561344
1152,traditional,0.074048,0.305152,0.162816,0.542016
1153,traditional,0.070144,0.297984,0.161792,0.529920
1154,traditional,0.071424,0.311296,0.165888,0.548608
1155,traditional,0.070880,0.304128,0.173056,0.548064
1156,traditional,0.082976,0.294912,0.162816,0.540704
1157,traditional,0.071520,0.302080,0.163840,0.537440
1158,traditional,0.070464,0.313344,0.173056,0.556864
1159,traditional,0.071136,0.303104,0.161792,0.536032
1160,traditional,0.082688,0.297984,0.175104,0.555776
1161,traditional,0.075040,0.308224,0.162816,0.546080
1162,traditional,0.075648,0.296960,0.162816,0.535424
1163,traditional,0.071712,0.299008,0.162816,0.533536
1164,traditional,0.075136,0.310272,0.166912,0.552320
1165,traditional,0.070176,0.310272,0.165888,0.546336
1166,traditional,0.072896,0.312320,0.161792,0.547008
1167,traditional,0.071008,0.295936,0.162816,0.529760
1168,traditional,0.076256,0.308224,0.161792,0.546272
1169,traditional,0.082528,0.326656,0.175104,0.584288
1170,traditional,0.071552,0.297984,0.169984,0.539520
1171,traditional,0.071072,0.333824,0.167936,0.572832
1172,traditional,0.071456,0.295936,0.169984,0.537376
1173,traditional,0.072512,0.339968,0.162816,0.575296
1174,traditional,0.082688,0.312320,0.162816,0.557824
1175,traditional,0.071552,0.315392,0.162816,0.549760
1176,traditional,0.072224,0.304128,0.161792,0.538144
1177,traditional,0.084672,0.294912,0.162816,0.542400
1178,traditional,0.071136,0.297984,0.161792,0.530912
1179,traditional,0.081824,0.301056,0.175104,0.557984
1180,traditional,0.072192,0.319488,0.168960,0.560640
1181,traditional,0.075456,0.307200,0.165888,0.548544
1182,traditional,0.071200,0.321536,0.162816,0.555552
1183,traditional,0.082016,0.303104,0.162816,0.547936
1184,traditional,0.072736,0.293888,0.161792,0.528416
1185,traditional,0.081984,0.315392,0.165888,0.563264
1186,traditional,0.070944,0.317440,0.161792,0.550176
1187,traditional,0.072608,0.297984,0.165888,0.536480
1188,traditional,0.074976,0.292864,0.161792,0.529632
1189,traditional,0.072544,0.305152,0.162816,0.540512
1190,traditional,0.070400,0.297984,0.162816,0.531200
1191,traditional,0.070944,0.304128,0.165888,0.540960
1192,traditional,0.075936,0.299008,0.165888,0.540832
1193,traditional,0.072672,0.297984,0.162816,0.533472
1194,traditional,0.073952,0.301056,0.162816,0.537824
1195,traditional,0.073344,0.301056,0.163840,0.538240
1196,traditional,0.072704,0.310272,0.166912,0.549888
1197,traditional,0.070432,0.312320,0.166912,0.549664
1198,traditional,0.070336,0.295936,0.161792,0.528064
1199,traditional,0.072352,0.305152,0.164864,0.542368
1200,traditional,0.078784,0.308224,0.162816,0.549824
1201,traditional,0.074432,0.300032,0.167936,0.542400
1202,traditional,0.071968,0.309248,0.161792,0.543008
1203,traditional,0.069312,0.305152,0.162816,0.537280
1204,traditional,0.076448,0.315392,0.162816,0.554656
1205,traditional,0.072704,0.302080,0.162816,0.537600
1206,traditional,0.070272,0.312320,0.169984,0.552576
1207,traditional,0.071488,0.320512,0.164864,0.556864
1208,traditional,0.070784,0.294912,0.162816,0.528512
1209,traditional,0.071744,0.294912,0.162816,0.529472
1210,traditional,0.071776,0.309248,0.165888,0.546912
1211,traditional,0.073824,0.303104,0.162816,0.539744
1212,traditional,0.074464,0.293888,0.161792,0.530144
1213,traditional,0.071296,0.301056,0.162816,0.535168
1214,traditional,0.073888,0.295936,0.162816,0.532640
1215,traditional,0.071008,0.294912,0.162816,0.528736
1216,traditional,0.072128,0.314368,0.162816,0.549312
1217,traditional,0.071296,0.310272,0.165888,0.547456
1218,traditional,0.071680,0.294912,0.161792,0.528384
1219,traditional,0.070560,0.296960,0.165888,0.533408
1220,traditional,0.072416,0.305152,0.161792,0.539360
1221,traditional,0.070848,0.294912,0.162816,0.528576
1222,traditional,0.083040,0.311296,0.161792,0.556128
1223,traditional,0.071264,0.295936,0.162816,0.530016
1224,traditional,0.075104,0.295936,0.162816,0.533856
1225,traditional,0.074208,0.308224,0.162816,0.545248
1226,traditional,0.070464,0.293888,0.161792,0.526144
1227,traditional,0.074912,0.314368,0.175104,0.564384
1228,traditional,0.071808,0.293888,0.166912,0.532608
1229,traditional,0.084256,0.292864,0.187392,0.564512
1230,traditional,0.075744,0.295936,0.162816,0.534496
1231,traditional,0.070432,0.299008,0.161792,0.531232
1232,traditional,0.085984,0.315392,0.162816,0.564192
1233,traditional,0.075168,0.304128,0.163840,0.543136
1234,traditional,0.071904,0.297984,0.175104,0.544992
1235,traditional,0.073888,0.306176,0.162816,0.542880
1236,traditional,0.070560,0.307200,0.162816,0.540576
1237,traditional,0.073760,0.302080,0.163840,0.539680
1238,traditional,0.071136,0.300032,0.162816,0.533984
1239,traditional,0.075040,0.317440,0.163840,0.556320
1240,traditional,0.074912,0.305152,0.162816,0.542880
1241,traditional,0.072064,0.299008,0.162816,0.533888
1242,traditional,0.073184,0.304128,0.161792,0.539104
1243,traditional,0.074240,0.297984,0.162816,0.535040
1244,traditional,0.075136,0.312320,0.162816,0.550272
1245,traditional,0.072096,0.326656,0.162816,0.561568
1246,traditional,0.071232,0.303104,0.162816,0.537152
1247,traditional,0.083520,0.293888,0.177152,0.554560
1248,traditional,0.082528,0.318464,0.165888,0.566880
1249,traditional,0.072096,0.314368,0.166912,0.553376
1250,traditional,0.075136,0.293888,0.161792,0.530816
1251,traditional,0.073376,0.304128,0.162816,0.540320
1252,traditional,0.071104,0.305152,0.179200,0.555456
1253,traditional,0.070592,0.294912,0.162816,0.528320
1254,traditional,0.072192,0.322560,0.162816,0.557568
1255,traditional,0.070016,0.295936,0.162816,0.528768
1256,traditional,0.073088,0.303104,0.162816,0.539008
1257,traditional,0.073088,0.305152,0.165888,0.544128
1258,traditional,0.071456,0.311296,0.173056,0.555808
1259,traditional,0.070912,0.307200,0.174080,0.552192
1260,traditional,0.072064,0.305152,0.162816,0.540032
1261,traditional,0.082656,0.309248,0.166912,0.558816
1262,traditional,0.072800,0.292864,0.162816,0.528480
1263,traditional,0.070208,0.293888,0.162816,0.526912
1264,traditional,0.072992,0.295936,0.161792,0.530720
1265,traditional,0.070816,0.309248,0.162816,0.542880
1266,traditional,0.070464,0.317440,0.162816,0.550720
1267,traditional,0.070656,0.301056,0.163840,0.535552
1268,traditional,0.069696,0.295936,0.162816,0.528448
1269,traditional,0.071104,0.300032,0.162816,0.533952
1270,traditional,0.076448,0.297984,0.162816,0.537248
1271,traditional,0.070656,0.293888,0.162816,0.527360
1272,traditional,0.071616,0.303104,0.164864,0.539584
1273,traditional,0.070400,0.293888,0.175104,0.539392
1274,traditional,0.074560,0.302080,0.162816,0.539456
1275,traditional,0.070080,0.313344,0.165888,0.549312
1276,traditional,0.071680,0.305152,0.165888,0.542720
1277,traditional,0.083360,0.294912,0.164864,0.543136
1278,traditional,0.070080,0.304128,0.162816,0.537024
1279,traditional,0.071872,0.323584,0.161792,0.557248
1280,traditional,0.073504,0.293888,0.162816,0.530208
1281,traditional,0.082752,0.337920,0.163840,0.584512
1282,traditional,0.084032,0.299008,0.165888,0.548928
1283,traditional,0.075296,0.319488,0.162816,0.557600
1284,traditional,0.075968,0.299008,0.175104,0.550080
1285,traditional,0.081760,0.306176,0.167936,0.555872
1286,traditional,0.095872,0.311296,0.169984,0.577152
1287,traditional,0.070112,0.302080,0.165888,0.538080
1288,traditional,0.074208,0.312320,0.162816,0.549344
1289,traditional,0.074496,0.296960,0.162816,0.534272
1290,traditional,0.075680,0.314368,0.161792,0.551840
1291,traditional,0.073792,0.316416,0.169984,0.560192
1292,traditional,0.076128,0.322560,0.162816,0.561504
1293,traditional,0.071424,0.309248,0.162816,0.543488
1294,traditional,0.071264,0.309248,0.176128,0.556640
1295,traditional,0.070848,0.321536,0.166912,0.559296
1296,traditional,0.072896,0.330752,0.162816,0.566464
1297,traditional,0.074304,0.311296,0.162816,0.548416
1298,traditional,0.084128,0.301056,0.161792,0.546976
1299,traditional,0.084160,0.305152,0.184320,0.573632
1300,traditional,0.071968,0.313344,0.161792,0.547104
1301,traditional,0.083616,0.310272,0.174080,0.567968
1302,traditional,0.071328,0.306176,0.161792,0.539296
1303,traditional,0.081888,0.312320,0.161792,0.556000
1304,traditional,0.072384,0.311296,0.161792,0.545472
1305,traditional,0.070272,0.303104,0.165888,0.539264
1306,traditional,0.073984,0.306176,0.163840,0.544000
1307,traditional,0.074784,0.323584,0.175104,0.573472
1308,traditional,0.084320,0.316416,0.161792,0.562528
1309,traditional,0.071840,0.309248,0.162816,0.543904
1310,traditional,0.071552,0.307200,0.164864,0.543616
1311,traditional,0.070848,0.302080,0.161792,0.534720
1312,traditional,0.081824,0.308224,0.161792,0.551840
1313,traditional,0.070752,0.305152,0.165888,0.541792
1314,traditional,0.074464,0.308224,0.169984,0.552672
1315,traditional,0.071584,0.296960,0.168960,0.537504
1316,traditional,0.076480,0.299008,0.161792,0.537280
1317,traditional,0.080320,0.295936,0.161792,0.538048
1318,traditional,0.072352,0.299008,0.157696,0.529056
1319,traditional,0.071712,0.293888,0.161792,0.527392
1320,traditional,0.071552,0.299008,0.165888,0.536448
1321,traditional,0.072832,0.309248,0.161792,0.543872
1322,traditional,0.072032,0.304128,0.161792,0.537952
1323,traditional,0.072320,0.302080,0.161792,0.536192
1324,traditional,0.076000,0.304128,0.166912,0.547040
1325,traditional,0.071712,0.303104,0.161792,0.536608
1326,traditional,0.073696,0.295936,0.161792,0.531424
1327,traditional,0.071392,0.306176,0.169984,0.547552
1328,traditional,0.071552,0.294912,0.161792,0.528256
1329,traditional,0.069856,0.293888,0.161792,0.525536
1330,traditional,0.071840,0.301056,0.165888,0.538784
1331,traditional,0.070944,0.321536,0.161792,0.554272
1332,traditional,0.070432,0.295936,0.161792,0.528160
1333,traditional,0.070592,0.324608,0.162816,0.558016
1334,traditional,0.073248,0.314368,0.162816,0.550432
1335,traditional,0.076064,0.300032,0.161792,0.537888
1336,traditional,0.081408,0.301056,0.161792,0.544256
1337,traditional,0.074400,0.308224,0.161792,0.544416
1338,traditional,0.071008,0.295936,0.161792,0.528736
1339,traditional,0.070272,0.305152,0.161792,0.537216
1340,traditional,0.071744,0.301056,0.161792,0.534592
1341,traditional,0.072096,0.300032,0.167936,0.540064
1342,traditional,0.082304,0.293888,0.164864,0.541056
1343,traditional,0.071200,0.311296,0.168960,0.551456
1344,traditional,0.071744,0.302080,0.163840,0.537664
1345,traditional,0.071040,0.320512,0.161792,0.553344
1346,traditional,0.071488,0.292864,0.160768,0.525120
1347,traditional,0.083744,0.305152,0.186368,0.575264
1348,traditional,0.072608,0.305152,0.174080,0.551840
1349,traditional,0.069664,0.302080,0.161792,0.533536
1350,traditional,0.069600,0.308224,0.164864,0.542688
1351,traditional,0.070080,0.307200,0.161792,0.539072
1352,traditional,0.071616,0.316416,0.161792,0.549824
1353,traditional,0.074784,0.296960,0.161792,0.533536
1354,traditional,0.074144,0.295936,0.161792,0.531872
1355,traditional,0.079808,0.348160,0.160768,0.588736
1356,traditional,0.071968,0.322560,0.164864,0.559392
1357,traditional,0.071552,0.317440,0.161792,0.550784
1358,traditional,0.070752,0.297984,0.165888,0.534624
1359,traditional,0.081568,0.294912,0.161792,0.538272
1360,traditional,0.071424,0.307200,0.162816,0.541440
1361,traditional,0.081952,0.297984,0.168960,0.548896
1362,traditional,0.084384,0.320512,0.161792,0.566688
1363,traditional,0.074144,0.305152,0.168960,0.548256
1364,traditional,0.070784,0.311296,0.160768,0.542848
1365,traditional,0.071168,0.313344,0.160768,0.545280
1366,traditional,0.074880,0.310272,0.162816,0.547968
1367,traditional,0.081728,0.299008,0.164864,0.545600
1368,traditional,0.073760,0.302080,0.160768,0.536608
1369,traditional,0.071552,0.303104,0.174080,0.548736
1370,traditional,0.075744,0.317440,0.161792,0.554976
1371,traditional,0.071008,0.302080,0.162816,0.535904
1372,traditional,0.070816,0.309248,0.161792,0.541856
1373,traditional,0.072544,0.296960,0.161792,0.531296
1374,traditional,0.082400,0.302080,0.161792,0.546272
1375,traditional,0.072960,0.312320,0.161792,0.547072
1376,traditional,0.082784,0.307200,0.174080,0.564064
1377,traditional,0.071424,0.296960,0.164864,0.533248
1378,traditional,0.071712,0.306176,0.161792,0.539680
1379,traditional,0.071648,0.303104,0.174080,0.548832
1380,traditional,0.075552,0.300032,0.161792,0.537376
1381,traditional,0.074336,0.303104,0.161792,0.539232
1382,traditional,0.072576,0.304128,0.174080,0.550784
1383,traditional,0.075040,0.314368,0.161792,0.551200
1384,traditional,0.072416,0.307200,0.161792,0.541408
1385,traditional,0.070304,0.304128,0.164864,0.539296
1386,traditional,0.075040,0.308224,0.161792,0.545056
1387,traditional,0.071040,0.309248,0.161792,0.542080
1388,traditional,0.084768,0.319488,0.164864,0.569120
1389,traditional,0.071264,0.328704,0.175104,0.575072
1390,traditional,0.071296,0.301056,0.161792,0.534144
1391,traditional,0.073888,0.300032,0.162816,0.536736
1392,traditional,0.084096,0.309248,0.161792,0.555136
1393,traditional,0.083040,0.307200,0.163840,0.554080
1394,traditional,0.076800,0.308224,0.161792,0.546816
1395,traditional,0.070016,0.312320,0.165888,0.548224
1396,traditional,0.072640,0.340992,0.164864,0.578496
1397,traditional,0.071424,0.311296,0.165888,0.548608
1398,traditional,0.071744,0.300032,0.162816,0.534592
1399,traditional,0.073280,0.299008,0.162816,0.535104
1400,traditional,0.075008,0.294912,0.162816,0.532736
1401,traditional,0.069792,0.332800,0.162816,0.565408
1402,traditional,0.070784,0.308224,0.175104,0.554112
1403,traditional,0.070624,0.315392,0.161792,0.547808
1404,traditional,0.072992,0.300032,0.164864,0.537888
1405,traditional,0.070816,0.300032,0.165888,0.536736
1406,traditional,0.082208,0.324608,0.188416,0.595232
1407,traditional,0.080352,0.299008,0.168960,0.548320
1408,traditional,0.097120,0.317440,0.162816,0.577376
1409,traditional,0.070720,0.306176,0.163840,0.540736
1410,traditional,0.074272,0.297984,0.162816,0.535072
1411,traditional,0.074816,0.313344,0.167936,0.556096
1412,traditional,0.084416,0.319488,0.165888,0.569792
1413,traditional,0.084480,0.299008,0.162816,0.546304
1414,traditional,0.075360,0.296960,0.162816,0.535136
1415,traditional,0.071392,0.333824,0.162816,0.568032
1416,traditional,0.074432,0.301056,0.161792,0.537280
1417,traditional,0.084736,0.307200,0.163840,0.555776
1418,traditional,0.073216,0.309248,0.162816,0.545280
1419,traditional,0.072000,0.307200,0.162816,0.542016
1420,traditional,0.072800,0.307200,0.162816,0.542816
1421,traditional,0.082368,0.294912,0.162816,0.540096
1422,traditional,0.080960,0.306176,0.163840,0.550976
1423,traditional,0.071136,0.292864,0.162816,0.526816
1424,traditional,0.083936,0.301056,0.187392,0.572384
1425,traditional,0.070432,0.306176,0.165888,0.542496
1426,traditional,0.072608,0.296960,0.165888,0.535456
1427,traditional,0.075680,0.302080,0.163840,0.541600
1428,traditional,0.071904,0.297984,0.162816,0.532704
1429,traditional,0.082976,0.306176,0.162816,0.551968
1430,traditional,0.081856,0.294912,0.161792,0.538560
1431,traditional,0.076832,0.312320,0.162816,0.551968
1432,traditional,0.084800,0.296960,0.162816,0.544576
1433,traditional,0.072896,0.294912,0.162816,0.530624
1434,traditional,0.076128,0.296960,0.161792,0.534880
1435,traditional,0.071104,0.318464,0.173056,0.562624
1436,traditional,0.069760,0.297984,0.166912,0.534656
1437,traditional,0.070688,0.325632,0.165888,0.562208
1438,traditional,0.071136,0.295936,0.162816,0.529888
1439,traditional,0.070336,0.299008,0.168960,0.538304
1440,traditional,0.072640,0.308224,0.162816,0.543680
1441,traditional,0.072480,0.328704,0.162816,0.564000
1442,traditional,0.075520,0.293888,0.165888,0.535296
1443,traditional,0.071072,0.315392,0.162816,0.549280
1444,traditional,0.071520,0.294912,0.162816,0.529248
1445,traditional,0.075488,0.293888,0.195584,0.564960
1446,traditional,0.082656,0.295936,0.162816,0.541408
1447,traditional,0.070080,0.310272,0.166912,0.547264
1448,traditional,0.075968,0.300032,0.166912,0.542912
1449,traditional,0.082624,0.293888,0.162816,0.539328
1450,traditional,0.075136,0.296960,0.165888,0.537984
1451,traditional,0.084320,0.316416,0.165888,0.566624
1452,traditional,0.070816,0.304128,0.161792,0.536736
1453,traditional,0.074560,0.310272,0.166912,0.551744
1454,traditional,0.070592,0.297984,0.166912,0.535488
1455,traditional,0.073728,0.324608,0.165888,0.564224
1456,traditional,0.084768,0.296960,0.174080,0.555808
1457,traditional,0.069984,0.320512,0.161792,0.552288
1458,traditional,0.072928,0.302080,0.162816,0.537824
1459,traditional,0.083968,0.302080,0.163840,0.549888
1460,traditional,0.070240,0.294912,0.165888,0.531040
1461,traditional,0.074560,0.304128,0.162816,0.541504
1462,traditional,0.070336,0.295936,0.161792,0.528064
1463,traditional,0.072256,0.304128,0.162816,0.539200
1464,traditional,0.070976,0.306176,0.169984,0.547136
1465,traditional,0.075264,0.305152,0.171008,0.551424
1466,traditional,0.071424,0.306176,0.162816,0.540416
1467,traditional,0.071232,0.322560,0.162816,0.556608
1468,traditional,0.084640,0.302080,0.163840,0.550560
1469,traditional,0.073760,0.302080,0.175104,0.550944
1470,traditional,0.069664,0.294912,0.162816,0.527392
1471,traditional,0.071104,0.306176,0.162816,0.540096
1472,traditional,0.073824,0.305152,0.162816,0.541792
1473,traditional,0.070016,0.304128,0.163840,0.537984
1474,traditional,0.071552,0.302080,0.161792,0.535424
1475,traditional,0.073344,0.303104,0.162816,0.539264
1476,traditional,0.071616,0.308224,0.161792,0.541632
1477,traditional,0.074592,0.299008,0.161792,0.535392
1478,traditional,0.070176,0.296960,0.162816,0.529952
1479,traditional,0.083936,0.299008,0.162816,0.545760
1480,traditional,0.071456,0.303104,0.165888,0.540448
1481,traditional,0.075360,0.329728,0.162816,0.567904
1482,traditional,0.075456,0.292864,0.167936,0.536256
1483,traditional,0.083616,0.295936,0.163840,0.543392
1484,traditional,0.071392,0.307200,0.171008,0.549600
1485,traditional,0.071200,0.296960,0.162816,0.530976
1486,traditional,0.073824,0.307200,0.164864,0.545888
1487,traditional,0.070240,0.309248,0.162816,0.542304
1488,traditional,0.070720,0.307200,0.171008,0.548928
1489,traditional,0.070624,0.297984,0.162816,0.531424
1490,traditional,0.072224,0.319488,0.176128,0.567840
1491,traditional,0.070976,0.327680,0.176128,0.574784
1492,traditional,0.071104,0.305152,0.162816,0.539072
1493,traditional,0.069760,0.303104,0.162816,0.535680
1494,traditional,0.074656,0.313344,0.168960,0.556960
1495,traditional,0.069600,0.297984,0.162816,0.530400
1496,traditional,0.071168,0.304128,0.164864,0.540160
1497,traditional,0.081632,0.311296,0.162816,0.555744
1498,traditional,0.084032,0.310272,0.165888,0.560192
1499,traditional,0.070112,0.295936,0.175104,0.541152
1500,traditional,0.073792,0.310272,0.162816,0.546880
1501,traditional,0.074784,0.297984,0.162816,0.535584
1502,traditional,0.073472,0.303104,0.162816,0.539392
1503,traditional,0.072480,0.294912,0.162816,0.530208
1504,traditional,0.074976,0.299008,0.162816,0.536800
1505,traditional,0.071328,0.309248,0.174080,0.554656
1506,traditional,0.084128,0.305152,0.161792,0.551072
1507,traditional,0.077952,0.303104,0.166912,0.547968
1508,traditional,0.071104,0.304128,0.165888,0.541120
1509,traditional,0.073216,0.294912,0.165888,0.534016
1510,traditional,0.070496,0.308224,0.162816,0.541536
1511,traditional,0.071104,0.301056,0.162816,0.534976
1512,traditional,0.073792,0.301056,0.164864,0.539712
1513,traditional,0.082848,0.305152,0.162816,0.550816
1514,traditional,0.070784,0.309248,0.168960,0.548992
1515,traditional,0.070368,0.307200,0.162816,0.540384
1516,traditional,0.071296,0.299008,0.162816,0.533120
1517,traditional,0.081952,0.306176,0.177152,0.565280
1518,traditional,0.071232,0.319488,0.162816,0.553536
1519,traditional,0.075008,0.306176,0.162816,0.544000
1520,traditional,0.073376,0.302080,0.162816,0.538272
1521,traditional,0.069856,0.296960,0.162816,0.529632
1522,traditional,0.084480,0.317440,0.162816,0.564736
1523,traditional,0.071584,0.299008,0.162816,0.533408
1524,traditional,0.075392,0.302080,0.174080,0.551552
1525,traditional,0.082720,0.309248,0.175104,0.567072
1526,traditional,0.071552,0.299008,0.162816,0.533376
1527,traditional,0.071104,0.313344,0.162816,0.547264
1528,traditional,0.072160,0.297984,0.165888,0.536032
1529,traditional,0.082560,0.321536,0.162816,0.566912
1530,traditional,0.071200,0.316416,0.169984,0.557600
1531,traditional,0.074368,0.314368,0.162816,0.551552
1532,traditional,0.075296,0.303104,0.162816,0.541216
1533,traditional,0.074624,0.307200,0.161792,0.543616
1534,traditional,0.082816,0.309248,0.162816,0.554880
1535,traditional,0.082720,0.318464,0.162816,0.564000
1536,traditional,0.074848,0.307200,0.161792,0.543840
1537,traditional,0.071616,0.307200,0.164864,0.543680
1538,traditional,0.070912,0.301056,0.161792,0.533760
1539,traditional,0.073920,0.340992,0.161792,0.576704
1540,traditional,0.086176,0.306176,0.161792,0.554144
1541,traditional,0.071712,0.300032,0.163840,0.535584
1542,traditional,0.071136,0.296960,0.161792,0.529888
1543,traditional,0.073280,0.294912,0.161792,0.529984
1544,traditional,0.073280,0.294912,0.161792,0.529984
1545,traditional,0.071232,0.314368,0.165888,0.551488
1546,traditional,0.070880,0.308224,0.161792,0.540896
1547,traditional,0.073824,0.321536,0.164864,0.560224
1548,traditional,0.084800,0.292864,0.169984,0.547648
1549,traditional,0.072160,0.306176,0.164864,0.543200
1550,traditional,0.082272,0.297984,0.161792,0.542048
1551,traditional,0.072160,0.305152,0.161792,0.539104
1552,traditional,0.082944,0.296960,0.161792,0.541696
1553,traditional,0.070432,0.307200,0.161792,0.539424
1554,traditional,0.071200,0.292864,0.164864,0.528928
1555,traditional,0.069664,0.293888,0.161792,0.525344
1556,traditional,0.071360,0.308224,0.163840,0.543424
1557,traditional,0.072704,0.301056,0.161792,0.535552
1558,traditional,0.069984,0.307200,0.161792,0.538976
1559,traditional,0.082208,0.305152,0.161792,0.549152
1560,traditional,0.072128,0.313344,0.161792,0.547264
1561,traditional,0.070336,0.307200,0.162816,0.540352
1562,traditional,0.071680,0.305152,0.161792,0.538624
1563,traditional,0.072000,0.300032,0.161792,0.533824
1564,traditional,0.074848,0.294912,0.161792,0.531552
1565,traditional,0.083680,0.307200,0.161792,0.552672
1566,traditional,0.078240,0.310272,0.161792,0.550304
1567,traditional,0.071552,0.302080,0.161792,0.535424
1568,traditional,0.073568,0.301056,0.161792,0.536416
1569,traditional,0.073600,0.305152,0.161792,0.540544
1570,traditional,0.071200,0.296960,0.163840,0.532000
1571,traditional,0.075040,0.295936,0.161792,0.532768
1572,traditional,0.075488,0.301056,0.161792,0.538336
1573,traditional,0.075200,0.302080,0.162816,0.540096
1574,traditional,0.070272,0.301056,0.161792,0.533120
1575,traditional,0.073408,0.309248,0.161792,0.544448
1576,traditional,0.085536,0.323584,0.161792,0.570912
1577,traditional,0.080800,0.295936,0.162816,0.539552
1578,traditional,0.069376,0.297984,0.161792,0.529152
1579,traditional,0.070752,0.300032,0.161792,0.532576
1580,traditional,0.084416,0.345088,0.165888,0.595392
1581,traditional,0.071328,0.291840,0.161792,0.524960
1582,traditional,0.089824,0.302080,0.161792,0.553696
1583,traditional,0.070176,0.302080,0.165888,0.538144
1584,traditional,0.072832,0.301056,0.164864,0.538752
1585,traditional,0.071264,0.294912,0.161792,0.527968
1586,traditional,0.083776,0.291840,0.171008,0.546624
1587,traditional,0.082432,0.303104,0.165888,0.551424
1588,traditional,0.081824,0.299008,0.161792,0.542624
1589,traditional,0.073344,0.292864,0.164864,0.531072
1590,traditional,0.081984,0.294912,0.160768,0.537664
1591,traditional,0.071680,0.303104,0.161792,0.536576
1592,traditional,0.096384,0.293888,0.161792,0.552064
1593,traditional,0.082112,0.302080,0.168960,0.553152
1594,traditional,0.072000,0.293888,0.162816,0.528704
1595,traditional,0.083968,0.322560,0.161792,0.568320
1596,traditional,0.074560,0.317440,0.164864,0.556864
1597,traditional,0.073760,0.337920,0.161792,0.573472
1598,traditional,0.073504,0.303104,0.173056,0.549664
1599,traditional,0.075872,0.297984,0.161792,0.535648
1600,traditional,0.071136,0.306176,0.161792,0.539104
1601,traditional,0.070176,0.316416,0.165888,0.552480
1602,traditional,0.073728,0.314368,0.174080,0.562176
1603,traditional,0.072000,0.322560,0.161792,0.556352
1604,traditional,0.074144,0.333824,0.161792,0.569760
1605,traditional,0.073600,0.306176,0.161792,0.541568
1606,traditional,0.073408,0.297984,0.165888,0.537280
1607,traditional,0.070688,0.301056,0.161792,0.533536
1608,traditional,0.083328,0.305152,0.174080,0.562560
1609,traditional,0.069376,0.307200,0.163840,0.540416
1610,traditional,0.074976,0.299008,0.161792,0.535776
1611,traditional,0.071936,0.304128,0.173056,0.549120
1612,traditional,0.073408,0.317440,0.161792,0.552640
1613,traditional,0.083008,0.321536,0.172032,0.576576
1614,traditional,0.082336,0.293888,0.171008,0.547232
1615,traditional,0.072480,0.297984,0.185344,0.555808
1616,traditional,0.072736,0.297984,0.161792,0.532512
1617,traditional,0.075520,0.296960,0.178176,0.550656
1618,traditional,0.076128,0.315392,0.162816,0.554336
1619,traditional,0.073504,0.293888,0.161792,0.529184
1620,traditional,0.082592,0.297984,0.164864,0.545440
1621,traditional,0.078080,0.295936,0.161792,0.535808
1622,traditional,0.070688,0.300032,0.162816,0.533536
1623,traditional,0.075040,0.296960,0.163840,0.535840
1624,traditional,0.081184,0.302080,0.165888,0.549152
1625,traditional,0.082816,0.293888,0.163840,0.540544
1626,traditional,0.083456,0.296960,0.161792,0.542208
1627,traditional,0.072352,0.296960,0.161792,0.531104
1628,traditional,0.082208,0.297984,0.161792,0.541984
1629,traditional,0.083936,0.308224,0.164864,0.557024
1630,traditional,0.072192,0.300032,0.171008,0.543232
1631,traditional,0.071744,0.318464,0.165888,0.556096
1632,traditional,0.072000,0.304128,0.161792,0.537920
1633,traditional,0.074592,0.304128,0.161792,0.540512
1634,traditional,0.082944,0.300032,0.162816,0.545792
1635,traditional,0.073600,0.302080,0.165888,0.541568
1636,traditional,0.084160,0.311296,0.162816,0.558272
1637,traditional,0.082656,0.321536,0.165888,0.570080
1638,traditional,0.072928,0.329728,0.175104,0.577760
1639,traditional,0.070528,0.299008,0.162816,0.532352
1640,traditional,0.072224,0.304128,0.161792,0.538144
1641,traditional,0.070912,0.296960,0.162816,0.530688
1642,traditional,0.073760,0.307200,0.162816,0.543776
1643,traditional,0.071872,0.308224,0.164864,0.544960
1644,traditional,0.074720,0.294912,0.161792,0.531424
1645,traditional,0.082528,0.316416,0.165888,0.564832
1646,traditional,0.070816,0.295936,0.164864,0.531616
1647,traditional,0.083168,0.301056,0.166912,0.551136
1648,traditional,0.071456,0.294912,0.161792,0.528160
1649,traditional,0.072224,0.295936,0.162816,0.530976
1650,traditional,0.073408,0.333824,0.166912,0.574144
1651,traditional,0.072896,0.311296,0.162816,0.547008
1652,traditional,0.074144,0.297984,0.166912,0.539040
1653,traditional,0.071552,0.306176,0.162816,0.540544
1654,traditional,0.070272,0.306176,0.162816,0.539264
1655,traditional,0.071104,0.295936,0.161792,0.528832
1656,traditional,0.074720,0.306176,0.162816,0.543712
1657,traditional,0.073376,0.293888,0.165888,0.533152
1658,traditional,0.074816,0.321536,0.162816,0.559168
1659,traditional,0.070592,0.327680,0.162816,0.561088
1660,traditional,0.074560,0.315392,0.162816,0.552768
1661,traditional,0.073600,0.310272,0.162816,0.546688
1662,traditional,0.083616,0.318464,0.162816,0.564896
1663,traditional,0.082080,0.309248,0.166912,0.558240
1664,traditional,0.072288,0.297984,0.162816,0.533088
1665,traditional,0.070528,0.302080,0.162816,0.535424
1666,traditional,0.075008,0.307200,0.165888,0.548096
1667,traditional,0.070272,0.318464,0.162816,0.551552
1668,traditional,0.083808,0.319488,0.173056,0.576352
1669,traditional,0.072000,0.311296,0.165888,0.549184
1670,traditional,0.071360,0.301056,0.162816,0.535232
1671,traditional,0.074112,0.293888,0.162816,0.530816
1672,traditional,0.083104,0.319488,0.163840,0.566432
1673,traditional,0.083744,0.308224,0.163840,0.555808
1674,traditional,0.075744,0.315392,0.162816,0.553952
1675,traditional,0.070720,0.305152,0.162816,0.538688
1676,traditional,0.075232,0.292864,0.161792,0.529888
1677,traditional,0.070752,0.300032,0.162816,0.533600
1678,traditional,0.070048,0.293888,0.162816,0.526752
1679,traditional,0.073856,0.293888,0.162816,0.530560
1680,traditional,0.076128,0.304128,0.161792,0.542048
1681,traditional,0.071936,0.297984,0.172032,0.541952
1682,traditional,0.075872,0.301056,0.162816,0.539744
1683,traditional,0.074720,0.297984,0.166912,0.539616
1684,traditional,0.074304,0.312320,0.166912,0.553536
1685,traditional,0.071680,0.302080,0.162816,0.536576
1686,traditional,0.069792,0.329728,0.162816,0.562336
1687,traditional,0.082080,0.300032,0.162816,0.544928
1688,traditional,0.076576,0.297984,0.166912,0.541472
1689,traditional,0.074208,0.309248,0.162816,0.546272
1690,traditional,0.071328,0.301056,0.165888,0.538272
1691,traditional,0.074784,0.328704,0.162816,0.566304
1692,traditional,0.074656,0.309248,0.162816,0.546720
1693,traditional,0.076704,0.299008,0.162816,0.538528
1694,traditional,0.072224,0.302080,0.165888,0.540192
1695,traditional,0.071104,0.303104,0.162816,0.537024
1696,traditional,0.075392,0.292864,0.162816,0.531072
1697,traditional,0.070560,0.293888,0.162816,0.527264
1698,traditional,0.073088,0.300032,0.161792,0.534912
1699,traditional,0.081440,0.300032,0.162816,0.544288
1700,traditional,0.071712,0.305152,0.162816,0.539680
1701,traditional,0.074336,0.297984,0.162816,0.535136
1702,traditional,0.074272,0.305152,0.173056,0.552480
1703,traditional,0.083040,0.319488,0.162816,0.565344
1704,traditional,0.075488,0.297984,0.162816,0.536288
1705,traditional,0.071136,0.314368,0.162816,0.548320
1706,traditional,0.072832,0.293888,0.162816,0.529536
1707,traditional,0.070208,0.305152,0.162816,0.538176
1708,traditional,0.076384,0.306176,0.161792,0.544352
1709,traditional,0.070880,0.300032,0.162816,0.533728
1710,traditional,0.073376,0.311296,0.164864,0.549536
1711,traditional,0.083168,0.295936,0.162816,0.541920
1712,traditional,0.074944,0.309248,0.174080,0.558272
1713,traditional,0.082112,0.305152,0.162816,0.550080
1714,traditional,0.071584,0.294912,0.175104,0.541600
1715,traditional,0.073824,0.307200,0.162816,0.543840
1716,traditional,0.084256,0.301056,0.162816,0.548128
1717,traditional,0.074944,0.294912,0.165888,0.535744
1718,traditional,0.074592,0.308224,0.162816,0.545632
1719,traditional,0.082112,0.301056,0.162816,0.545984
1720,traditional,0.070880,0.331776,0.162816,0.565472
1721,traditional,0.073280,0.303104,0.162816,0.539200
1722,traditional,0.073600,0.293888,0.162816,0.530304
1723,traditional,0.071008,0.296960,0.162816,0.530784
1724,traditional,0.071584,0.306176,0.161792,0.539552
1725,traditional,0.084000,0.300032,0.175104,0.559136
1726,traditional,0.069088,0.309248,0.165888,0.544224
1727,traditional,0.073376,0.306176,0.188416,0.567968
1728,traditional,0.071712,0.310272,0.165888,0.547872
1729,traditional,0.074496,0.306176,0.165888,0.546560
1730,traditional,0.070688,0.305152,0.161792,0.537632
1731,traditional,0.073696,0.312320,0.162816,0.548832
1732,traditional,0.074368,0.307200,0.161792,0.543360
1733,traditional,0.074080,0.304128,0.166912,0.545120
1734,traditional,0.070176,0.297984,0.163840,0.532000
1735,traditional,0.072288,0.319488,0.165888,0.557664
1736,traditional,0.072640,0.294912,0.162816,0.530368
1737,traditional,0.070656,0.293888,0.162816,0.527360
1738,traditional,0.072800,0.313344,0.162816,0.548960
1739,traditional,0.084768,0.313344,0.162816,0.560928
1740,traditional,0.071008,0.302080,0.166912,0.540000
1741,traditional,0.070528,0.303104,0.162816,0.536448
1742,traditional,0.070240,0.309248,0.162816,0.542304
1743,traditional,0.070176,0.303104,0.162816,0.536096
1744,traditional,0.073472,0.306176,0.162816,0.542464
1745,traditional,0.082880,0.301056,0.186368,0.570304
1746,traditional,0.085696,0.305152,0.165888,0.556736
1747,traditional,0.070784,0.307200,0.162816,0.540800
1748,traditional,0.071648,0.302080,0.174080,0.547808
1749,traditional,0.070560,0.295936,0.175104,0.541600
1750,traditional,0.081440,0.293888,0.162816,0.538144
1751,traditional,0.071616,0.308224,0.172032,0.551872
1752,traditional,0.072768,0.299008,0.165888,0.537664
1753,traditional,0.073568,0.302080,0.162816,0.538464
1754,traditional,0.071904,0.295936,0.162816,0.530656
1755,traditional,0.071264,0.318464,0.163840,0.553568
1756,traditional,0.075552,0.295936,0.166912,0.538400
1757,traditional,0.071200,0.293888,0.162816,0.527904
1758,traditional,0.074528,0.299008,0.162816,0.536352
1759,traditional,0.079712,0.301056,0.166912,0.547680
1760,traditional,0.083136,0.305152,0.163840,0.552128
1761,traditional,0.073024,0.295936,0.172032,0.540992
1762,traditional,0.071712,0.304128,0.162816,0.538656
1763,traditional,0.081664,0.302080,0.187392,0.571136
1764,traditional,0.075616,0.299008,0.165888,0.540512
1765,traditional,0.071968,0.303104,0.173056,0.548128
1766,traditional,0.072224,0.302080,0.162816,0.537120
1767,traditional,0.083488,0.301056,0.165888,0.550432
1768,traditional,0.072800,0.300032,0.173056,0.545888
1769,traditional,0.070112,0.308224,0.169984,0.548320
1770,traditional,0.073120,0.318464,0.161792,0.553376
1771,traditional,0.070880,0.311296,0.174080,0.556256
1772,traditional,0.069984,0.309248,0.165888,0.545120
1773,traditional,0.071968,0.301056,0.177152,0.550176
1774,traditional,0.071904,0.304128,0.161792,0.537824
1775,traditional,0.072224,0.302080,0.161792,0.536096
1776,traditional,0.075712,0.305152,0.161792,0.542656
1777,traditional,0.074976,0.300032,0.165888,0.540896
1778,traditional,0.071840,0.327680,0.191488,0.591008
1779,traditional,0.070784,0.299008,0.162816,0.532608
1780,traditional,0.071488,0.301056,0.161792,0.534336
1781,traditional,0.071040,0.310272,0.165888,0.547200
1782,traditional,0.074816,0.303104,0.161792,0.539712
1783,traditional,0.071520,0.294912,0.162816,0.529248
1784,traditional,0.073248,0.294912,0.160768,0.528928
1785,traditional,0.083744,0.329728,0.161792,0.575264
1786,traditional,0.071616,0.321536,0.167936,0.561088
1787,traditional,0.072032,0.294912,0.162816,0.529760
1788,traditional,0.084640,0.320512,0.161792,0.566944
1789,traditional,0.070560,0.294912,0.161792,0.527264
1790,traditional,0.074848,0.309248,0.161792,0.545888
1791,traditional,0.081920,0.314368,0.171008,0.567296
1792,traditional,0.075424,0.300032,0.167936,0.543392
1793,traditional,0.072736,0.321536,0.161792,0.556064
1794,traditional,0.071232,0.303104,0.161792,0.536128
1795,traditional,0.070368,0.299008,0.161792,0.531168
1796,traditional,0.070464,0.293888,0.161792,0.526144
1797,traditional,0.071264,0.305152,0.165888,0.542304
1798,traditional,0.083232,0.306176,0.162816,0.552224
1799,traditional,0.075520,0.300032,0.174080,0.549632
1800,traditional,0.075424,0.300032,0.174080,0.549536
1801,traditional,0.070912,0.316416,0.161792,0.549120
1802,traditional,0.073856,0.314368,0.161792,0.550016
1803,traditional,0.075808,0.316416,0.161792,0.554016
1804,traditional,0.070912,0.305152,0.161792,0.537856
1805,traditional,0.074112,0.303104,0.164864,0.542080
1806,traditional,0.072928,0.297984,0.164864,0.535776
1807,traditional,0.080288,0.292864,0.165888,0.539040
1808,traditional,0.071744,0.291840,0.161792,0.525376
1809,traditional,0.074112,0.291840,0.161792,0.527744
1810,traditional,0.072992,0.296960,0.174080,0.544032
1811,traditional,0.070656,0.302080,0.161792,0.534528
1812,traditional,0.073792,0.295936,0.164864,0.534592
1813,traditional,0.070944,0.294912,0.161792,0.527648
1814,traditional,0.071584,0.292864,0.162816,0.527264
1815,traditional,0.070144,0.301056,0.174080,0.545280
1816,traditional,0.074112,0.291840,0.161792,0.527744
1817,traditional,0.071840,0.301056,0.161792,0.534688
1818,traditional,0.071776,0.287744,0.166912,0.526432
1819,traditional,0.074112,0.293888,0.164864,0.532864
1820,traditional,0.070592,0.351232,0.161792,0.583616
1821,traditional,0.070528,0.288768,0.161792,0.521088
1822,traditional,0.076000,0.302080,0.168960,0.547040
1823,traditional,0.071232,0.292864,0.166912,0.531008
1824,traditional,0.072672,0.294912,0.161792,0.529376
1825,traditional,0.070560,0.289792,0.165888,0.526240
1826,traditional,0.084224,0.291840,0.161792,0.537856
1827,traditional,0.075552,0.292864,0.161792,0.530208
1828,traditional,0.075136,0.289792,0.161792,0.526720
1829,traditional,0.072256,0.291840,0.160768,0.524864
1830,traditional,0.073312,0.301056,0.161792,0.536160
1831,traditional,0.071552,0.302080,0.161792,0.535424
1832,traditional,0.071712,0.291840,0.161792,0.525344
1833,traditional,0.071616,0.305152,0.165888,0.542656
1834,traditional,0.071104,0.289792,0.161792,0.522688
1835,traditional,0.071040,0.304128,0.161792,0.536960
1836,traditional,0.071200,0.290816,0.174080,0.536096
1837,traditional,0.095424,0.292864,0.163840,0.552128
1838,traditional,0.074912,0.295936,0.161792,0.532640
1839,traditional,0.074848,0.293888,0.161792,0.530528
1840,traditional,0.076512,0.305152,0.161792,0.543456
1841,traditional,0.082720,0.317440,0.161792,0.561952
1842,traditional,0.080032,0.309248,0.164864,0.554144
1843,traditional,0.074592,0.294912,0.162816,0.532320
1844,traditional,0.082048,0.294912,0.164864,0.541824
1845,traditional,0.075136,0.290816,0.162816,0.528768
1846,traditional,0.071232,0.313344,0.165888,0.550464
1847,traditional,0.072288,0.297984,0.164864,0.535136
1848,traditional,0.072928,0.295936,0.164864,0.533728
1849,traditional,0.070784,0.293888,0.161792,0.526464
1850,traditional,0.070816,0.295936,0.164864,0.531616
1851,traditional,0.070336,0.292864,0.161792,0.524992
1852,traditional,0.073504,0.305152,0.161792,0.540448
1853,traditional,0.074144,0.305152,0.172032,0.551328
1854,traditional,0.074304,0.301056,0.165888,0.541248
1855,traditional,0.071008,0.295936,0.161792,0.528736
1856,traditional,0.071424,0.293888,0.164864,0.530176
1857,traditional,0.075968,0.324608,0.161792,0.562368
1858,traditional,0.081792,0.307200,0.161792,0.550784
1859,traditional,0.083776,0.295936,0.161792,0.541504
1860,traditional,0.075552,0.292864,0.160768,0.529184
1861,traditional,0.070752,0.307200,0.161792,0.539744
1862,traditional,0.080576,0.304128,0.163840,0.548544
1863,traditional,0.072096,0.304128,0.161792,0.538016
1864,traditional,0.071488,0.293888,0.161792,0.527168
1865,traditional,0.069408,0.305152,0.162816,0.537376
1866,traditional,0.072288,0.296960,0.172032,0.541280
1867,traditional,0.071168,0.309248,0.162816,0.543232
1868,traditional,0.074688,0.308224,0.162816,0.545728
1869,traditional,0.072704,0.293888,0.162816,0.529408
1870,traditional,0.070432,0.294912,0.161792,0.527136
1871,traditional,0.072448,0.300032,0.164864,0.537344
1872,traditional,0.070880,0.306176,0.165888,0.542944
1873,traditional,0.073600,0.294912,0.162816,0.531328
1874,traditional,0.070464,0.310272,0.161792,0.542528
1875,traditional,0.070432,0.306176,0.161792,0.538400
1876,traditional,0.074912,0.303104,0.161792,0.539808
1877,traditional,0.069984,0.295936,0.169984,0.535904
1878,traditional,0.072928,0.313344,0.164864,0.551136
1879,traditional,0.074368,0.323584,0.171008,0.568960
1880,traditional,0.072096,0.305152,0.164864,0.542112
1881,traditional,0.071360,0.294912,0.161792,0.528064
1882,traditional,0.072064,0.307200,0.161792,0.541056
1883,traditional,0.071680,0.336896,0.162816,0.571392
1884,traditional,0.075232,0.319488,0.161792,0.556512
1885,traditional,0.082912,0.295936,0.161792,0.540640
1886,traditional,0.070592,0.315392,0.164864,0.550848
1887,traditional,0.074304,0.304128,0.162816,0.541248
1888,traditional,0.071392,0.318464,0.164864,0.554720
1889,traditional,0.070336,0.306176,0.161792,0.538304
1890,traditional,0.073760,0.295936,0.161792,0.531488
1891,traditional,0.085984,0.297984,0.161792,0.545760
1892,traditional,0.071744,0.294912,0.160768,0.527424
1893,traditional,0.073312,0.313344,0.161792,0.548448
1894,traditional,0.071360,0.294912,0.161792,0.528064
1895,traditional,0.078048,0.318464,0.162816,0.559328
1896,traditional,0.075488,0.296960,0.161792,0.534240
1897,traditional,0.083488,0.313344,0.172032,0.568864
1898,traditional,0.084064,0.307200,0.161792,0.553056
1899,traditional,0.070464,0.294912,0.161792,0.527168
1900,traditional,0.095264,0.324608,0.164864,0.584736
1901,traditional,0.074208,0.309248,0.164864,0.548320
1902,traditional,0.071680,0.295936,0.161792,0.529408
1903,traditional,0.073408,0.308224,0.161792,0.543424
1904,traditional,0.071968,0.303104,0.186368,0.561440
1905,traditional,0.071008,0.296960,0.162816,0.530784
1906,traditional,0.070784,0.294912,0.161792,0.527488
1907,traditional,0.069696,0.305152,0.174080,0.548928
1908,traditional,0.070496,0.303104,0.161792,0.535392
1909,traditional,0.076128,0.308224,0.167936,0.552288
1910,traditional,0.083168,0.299008,0.164864,0.547040
1911,traditional,0.072864,0.311296,0.165888,0.550048
1912,traditional,0.072896,0.302080,0.164864,0.539840
1913,traditional,0.073184,0.318464,0.164864,0.556512
1914,traditional,0.072224,0.313344,0.161792,0.547360
1915,traditional,0.071584,0.316416,0.162816,0.550816
1916,traditional,0.074816,0.293888,0.161792,0.530496
1917,traditional,0.074528,0.311296,0.174080,0.559904
1918,traditional,0.071552,0.294912,0.161792,0.528256
1919,traditional,0.070816,0.302080,0.161792,0.534688
1920,traditional,0.071904,0.311296,0.161792,0.544992
1921,traditional,0.082592,0.306176,0.169984,0.558752
1922,traditional,0.073408,0.297984,0.162816,0.534208
1923,traditional,0.073472,0.294912,0.161792,0.530176
1924,traditional,0.073824,0.307200,0.161792,0.542816
1925,traditional,0.074880,0.293888,0.174080,0.542848
1926,traditional,0.073024,0.295936,0.169984,0.538944
1927,traditional,0.074912,0.315392,0.165888,0.556192
1928,traditional,0.074368,0.299008,0.161792,0.535168
1929,traditional,0.070176,0.295936,0.161792,0.527904
1930,traditional,0.071232,0.315392,0.161792,0.548416
1931,traditional,0.071392,0.309248,0.164864,0.545504
1932,traditional,0.084096,0.313344,0.161792,0.559232
1933,traditional,0.074560,0.304128,0.165888,0.544576
1934,traditional,0.075552,0.299008,0.164864,0.539424
1935,traditional,0.071520,0.317440,0.175104,0.564064
1936,traditional,0.072256,0.297984,0.162816,0.533056
1937,traditional,0.070304,0.305152,0.164864,0.540320
1938,traditional,0.072608,0.299008,0.161792,0.533408
1939,traditional,0.072416,0.300032,0.161792,0.534240
1940,traditional,0.072128,0.297984,0.165888,0.536000
1941,traditional,0.074368,0.307200,0.162816,0.544384
1942,traditional,0.071264,0.303104,0.165888,0.540256
1943,traditional,0.072864,0.294912,0.161792,0.529568
1944,traditional,0.075104,0.293888,0.164864,0.533856
1945,traditional,0.071008,0.300032,0.161792,0.532832
1946,traditional,0.084096,0.297984,0.161792,0.543872
1947,traditional,0.070368,0.302080,0.161792,0.534240
1948,traditional,0.075136,0.305152,0.165888,0.546176
1949,traditional,0.073568,0.294912,0.161792,0.530272
1950,traditional,0.070944,0.295936,0.161792,0.528672
1951,traditional,0.073984,0.294912,0.161792,0.530688
1952,traditional,0.075104,0.297984,0.161792,0.534880
1953,traditional,0.070400,0.300032,0.161792,0.532224
1954,traditional,0.073024,0.299008,0.161792,0.533824
1955,traditional,0.072800,0.309248,0.161792,0.543840
1956,traditional,0.075744,0.293888,0.161792,0.531424
1957,traditional,0.070688,0.307200,0.161792,0.539680
1958,traditional,0.069824,0.306176,0.161792,0.537792
1959,traditional,0.070464,0.295936,0.161792,0.528192
1960,traditional,0.071680,0.299008,0.162816,0.533504
1961,traditional,0.071424,0.295936,0.161792,0.529152
1962,traditional,0.074112,0.297984,0.161792,0.533888
1963,traditional,0.071360,0.305152,0.162816,0.539328
1964,traditional,0.076032,0.305152,0.161792,0.542976
1965,traditional,0.084864,0.313344,0.161792,0.560000
1966,traditional,0.069664,0.304128,0.169984,0.543776
1967,traditional,0.071488,0.294912,0.165888,0.532288
1968,traditional,0.076960,0.292864,0.161792,0.531616
1969,traditional,0.073376,0.296960,0.161792,0.532128
1970,traditional,0.072352,0.295936,0.161792,0.530080
1971,traditional,0.071200,0.294912,0.161792,0.527904
1972,traditional,0.071712,0.305152,0.165888,0.542752
1973,traditional,0.083136,0.308224,0.164864,0.556224
1974,traditional,0.070560,0.295936,0.161792,0.528288
1975,traditional,0.071712,0.294912,0.161792,0.528416
1976,traditional,0.075072,0.306176,0.162816,0.544064
1977,traditional,0.071456,0.296960,0.163840,0.532256
1978,traditional,0.074944,0.312320,0.161792,0.549056
1979,traditional,0.071008,0.307200,0.174080,0.552288
1980,traditional,0.071552,0.295936,0.161792,0.529280
1981,traditional,0.078528,0.313344,0.161792,0.553664
1982,traditional,0.073248,0.319488,0.161792,0.554528
1983,traditional,0.069888,0.309248,0.162816,0.541952
1984,traditional,0.075232,0.328704,0.165888,0.569824
1985,traditional,0.070496,0.301056,0.161792,0.533344
1986,traditional,0.083200,0.295936,0.161792,0.540928
1987,traditional,0.072768,0.303104,0.162816,0.538688
1988,traditional,0.081568,0.294912,0.161792,0.538272
1989,traditional,0.075232,0.311296,0.164864,0.551392
1990,traditional,0.074272,0.302080,0.161792,0.538144
1991,traditional,0.071040,0.305152,0.161792,0.537984
1992,traditional,0.076224,0.300032,0.171008,0.547264
1993,traditional,0.074144,0.306176,0.174080,0.554400
1994,traditional,0.071264,0.310272,0.161792,0.543328
1995,traditional,0.081216,0.313344,0.161792,0.556352
1996,traditional,0.081632,0.295936,0.174080,0.551648
1997,traditional,0.070336,0.299008,0.161792,0.531136
1998,traditional,0.070400,0.306176,0.167936,0.544512
1999,traditional,0.070752,0.308224,0.162816,0.541792
2000,traditional,0.075456,0.330752,0.163840,0.570048
2001,traditional,0.070368,0.325632,0.164864,0.560864
2002,traditional,0.084096,0.306176,0.172032,0.562304
2003,traditional,0.082272,0.296960,0.161792,0.541024
2004,traditional,0.083904,0.293888,0.161792,0.539584
2005,traditional,0.072800,0.323584,0.162816,0.559200
2006,traditional,0.070176,0.311296,0.161792,0.543264
2007,traditional,0.080064,0.300032,0.161792,0.541888
2008,traditional,0.073792,0.308224,0.173056,0.555072
2009,traditional,0.070400,0.313344,0.165888,0.549632
2010,traditional,0.082304,0.318464,0.175104,0.575872
2011,traditional,0.071680,0.311296,0.174080,0.557056
2012,traditional,0.071744,0.294912,0.161792,0.528448
2013,traditional,0.072480,0.296960,0.175104,0.544544
2014,traditional,0.080736,0.301056,0.161792,0.543584
2015,traditional,0.072992,0.296960,0.173056,0.543008
2016,traditional,0.084032,0.311296,0.161792,0.557120
2017,traditional,0.072448,0.303104,0.162816,0.538368
2018,traditional,0.073600,0.300032,0.168960,0.542592
2019,traditional,0.071392,0.301056,0.165888,0.538336
2020,traditional,0.072800,0.337920,0.171008,0.581728
2021,traditional,0.073664,0.295936,0.162816,0.532416
2022,traditional,0.073696,0.294912,0.175104,0.543712
2023,traditional,0.071904,0.323584,0.165888,0.561376
2024,traditional,0.084544,0.303104,0.164864,0.552512
2025,traditional,0.074496,0.317440,0.171008,0.562944
2026,traditional,0.071680,0.302080,0.161792,0.535552
2027,traditional,0.074304,0.294912,0.161792,0.531008
2028,traditional,0.072128,0.324608,0.174080,0.570816
2029,traditional,0.070752,0.295936,0.165888,0.532576
2030,traditional,0.083072,0.293888,0.165888,0.542848
2031,traditional,0.074112,0.295936,0.162816,0.532864
2032,traditional,0.075840,0.295936,0.161792,0.533568
2033,traditional,0.077856,0.311296,0.161792,0.550944
2034,traditional,0.071648,0.311296,0.164864,0.547808
2035,traditional,0.070816,0.299008,0.162816,0.532640
2036,traditional,0.082976,0.299008,0.161792,0.543776
2037,traditional,0.071904,0.302080,0.165888,0.539872
2038,traditional,0.070496,0.305152,0.161792,0.537440
2039,traditional,0.082976,0.294912,0.161792,0.539680
2040,traditional,0.072960,0.297984,0.174080,0.545024
2041,traditional,0.072544,0.296960,0.161792,0.531296
2042,traditional,0.075072,0.303104,0.161792,0.539968
2043,traditional,0.075232,0.294912,0.164864,0.535008
2044,traditional,0.073312,0.299008,0.161792,0.534112
2045,traditional,0.070720,0.294912,0.161792,0.527424
2046,traditional,0.073216,0.297984,0.173056,0.544256
2047,traditional,0.070272,0.303104,0.162816,0.536192
2048,traditional,0.084384,0.308224,0.161792,0.554400
2049,traditional,0.083296,0.294912,0.161792,0.540000
2050,traditional,0.076480,0.294912,0.164864,0.536256
2051,traditional,0.071744,0.309248,0.162816,0.543808
2052,traditional,0.073568,0.308224,0.162816,0.544608
2053,traditional,0.075584,0.305152,0.161792,0.542528
2054,traditional,0.082976,0.313344,0.161792,0.558112
2055,traditional,0.083072,0.300032,0.162816,0.545920
2056,traditional,0.075776,0.296960,0.161792,0.534528
2057,traditional,0.071424,0.313344,0.161792,0.546560
2058,traditional,0.071520,0.343040,0.162816,0.577376
2059,traditional,0.070752,0.303104,0.174080,0.547936
2060,traditional,0.082688,0.309248,0.162816,0.554752
2061,traditional,0.070880,0.303104,0.175104,0.549088
2062,traditional,0.072128,0.309248,0.162816,0.544192
2063,traditional,0.070080,0.312320,0.162816,0.545216
2064,traditional,0.071008,0.303104,0.161792,0.535904
2065,traditional,0.073664,0.300032,0.161792,0.535488
2066,traditional,0.070592,0.321536,0.165888,0.558016
2067,traditional,0.072416,0.305152,0.161792,0.539360
2068,traditional,0.083552,0.323584,0.161792,0.568928
2069,traditional,0.071392,0.294912,0.161792,0.528096
2070,traditional,0.075232,0.303104,0.173056,0.551392
2071,traditional,0.073344,0.307200,0.163840,0.544384
2072,traditional,0.070720,0.307200,0.161792,0.539712
2073,traditional,0.070272,0.297984,0.162816,0.531072
2074,traditional,0.073440,0.300032,0.161792,0.535264
2075,traditional,0.071936,0.299008,0.179200,0.550144
2076,traditional,0.073920,0.304128,0.161792,0.539840
2077,traditional,0.071168,0.296960,0.161792,0.529920
2078,traditional,0.070400,0.310272,0.164864,0.545536
2079,traditional,0.075456,0.301056,0.183296,0.559808
2080,traditional,0.081376,0.306176,0.161792,0.549344
2081,traditional,0.070656,0.318464,0.161792,0.550912
2082,traditional,0.072128,0.296960,0.161792,0.530880
2083,traditional,0.071744,0.297984,0.161792,0.531520
2084,traditional,0.072736,0.306176,0.161792,0.540704
2085,traditional,0.072640,0.306176,0.161792,0.540608
2086,traditional,0.071616,0.311296,0.164864,0.547776
2087,traditional,0.083584,0.315392,0.162816,0.561792
2088,traditional,0.077280,0.294912,0.168960,0.541152
2089,traditional,0.071424,0.303104,0.164864,0.539392
2090,traditional,0.085376,0.307200,0.161792,0.554368
2091,traditional,0.070592,0.294912,0.164864,0.530368
2092,traditional,0.071232,0.306176,0.162816,0.540224
2093,traditional,0.071264,0.321536,0.173056,0.565856
2094,traditional,0.071424,0.295936,0.164864,0.532224
2095,traditional,0.095200,0.304128,0.168960,0.568288
2096,traditional,0.070560,0.317440,0.173056,0.561056
2097,traditional,0.071200,0.295936,0.161792,0.528928
2098,traditional,0.074496,0.320512,0.161792,0.556800
2099,traditional,0.083296,0.304128,0.161792,0.549216
2100,traditional,0.081824,0.300032,0.161792,0.543648
