frame,renderPath,shadowMs,sceneMs,postProcessMs,frameMs
1,traditional,0.181536,1.585152,0.222208,1.988896
2,traditional,0.206016,1.630208,0.221184,2.057408
3,traditional,0.180256,1.585152,0.224256,1.989664
4,traditional,0.190016,2.622464,0.502784,3.315264
5,traditional,0.206848,1.602560,0.222208,2.031616
6,traditional,0.190176,1.614848,0.224256,2.029280
7,traditional,0.205248,1.808384,0.222208,2.235840
8,traditional,0.179552,1.595392,0.222208,1.997152
9,traditional,0.180928,1.591296,0.221184,1.993408
10,traditional,0.185120,1.580032,0.222208,1.987360
11,traditional,0.179712,1.622016,0.222208,2.023936
12,traditional,0.217952,1.803264,0.222208,2.243424
13,traditional,0.222912,2.013184,0.225280,2.461376
14,traditional,0.188640,1.581056,0.221184,1.990880
15,traditional,0.177696,1.585152,0.221184,1.984032
16,traditional,0.177120,1.571840,0.221184,1.970144
17,traditional,0.179232,1.693696,0.221184,2.094112
18,traditional,0.177792,1.637376,0.222208,2.037376
19,traditional,0.184096,1.581056,0.222208,1.987360
20,traditional,0.234464,1.609728,0.222208,2.066400
21,traditional,0.197312,1.607680,0.226304,2.031296
22,traditional,0.181216,1.590272,0.221184,1.992672
23,traditional,0.197152,1.602560,0.221184,2.020896
24,traditional,0.178880,1.568768,0.221184,1.968832
25,traditional,0.188672,1.581056,0.231424,2.001152
26,traditional,0.178496,1.622016,0.221184,2.021696
27,traditional,0.190816,1.579008,0.222208,1.992032
28,traditional,0.189920,1.599488,0.221184,2.010592
29,traditional,0.180032,1.573888,0.221184,1.975104
30,traditional,0.179104,1.599488,0.221184,1.999776
31,traditional,0.178080,1.571840,0.222208,1.972128
32,traditional,0.186304,1.568768,0.220160,1.975232
33,traditional,0.178016,1.584128,0.222208,1.984352
34,traditional,0.203072,1.605632,0.232448,2.041152
35,traditional,0.196320,1.586176,0.221184,2.003680
36,traditional,0.210592,1.593344,0.226304,2.030240
37,traditional,0.192832,1.575936,0.221184,1.989952
38,traditional,0.209344,1.660928,0.221184,2.091456
39,traditional,0.181056,1.466368,0.199680,1.847104
40,traditional,0.170464,1.403904,0.198656,1.773024
41,traditional,0.177536,1.433600,0.199680,1.810816
42,traditional,0.172448,1.467392,0.198656,1.838496
43,traditional,0.168352,1.422336,0.198656,1.789344
44,traditional,0.184992,1.412096,0.199680,1.796768
45,traditional,0.163936,1.420288,0.199680,1.783904
46,traditional,0.194496,1.427456,0.199680,1.821632
47,traditional,0.165184,1.405952,0.199680,1.770816
48,traditional,0.173632,1.406976,0.198656,1.779264
49,traditional,0.174464,1.425408,0.199680,1.799552
50,traditional,0.174688,1.445888,0.198656,1.819232
51,traditional,0.164384,1.422336,0.199680,1.786400
52,traditional,0.165728,1.465344,0.199680,1.830752
53,traditional,0.177440,1.418240,0.199680,1.795360
54,traditional,0.181504,1.406976,0.199680,1.788160
55,traditional,0.163776,1.435648,0.198656,1.798080
56,traditional,0.175808,1.426432,0.199680,1.801920
57,traditional,0.172768,1.430528,0.199680,1.802976
58,traditional,0.188864,1.433600,0.199680,1.822144
59,traditional,0.176032,1.442816,0.199680,1.818528
60,traditional,0.195936,1.408000,0.199680,1.803616
61,traditional,0.174432,1.446912,0.199680,1.821024
62,traditional,0.167872,1.408000,0.198656,1.774528
63,traditional,0.172704,1.439744,0.202752,1.815200
64,traditional,0.182048,1.413120,0.199680,1.794848
65,traditional,0.194720,1.425408,0.199680,1.819808
66,traditional,0.169376,1.419264,0.199680,1.788320
67,traditional,0.220736,1.455104,0.199680,1.875520
68,traditional,0.170368,1.427456,0.199680,1.797504
69,traditional,0.166176,1.457152,0.198656,1.821984
70,traditional,0.169056,1.410048,0.208896,1.788000
71,traditional,0.168096,1.432576,0.199680,1.800352
72,traditional,0.185344,1.421312,0.199680,1.806336
73,traditional,0.170784,1.420288,0.199680,1.790752
74,traditional,0.163200,1.423360,0.199680,1.786240
75,traditional,0.179424,1.425408,0.204800,1.809632
76,traditional,0.181536,1.422336,0.198656,1.802528
77,traditional,0.185088,1.433600,0.202752,1.821440
78,traditional,0.165408,1.446912,0.199680,1.812000
79,traditional,0.165664,1.409024,0.199680,1.774368
80,traditional,0.164832,1.411072,0.199680,1.775584
81,traditional,0.166848,1.405952,0.199680,1.772480
82,traditional,0.191808,1.435648,0.198656,1.826112
83,traditional,0.172640,1.469440,0.198656,1.840736
84,traditional,0.185472,1.429504,0.199680,1.814656
85,traditional,0.182016,1.403904,0.199680,1.785600
86,traditional,0.167136,1.413120,0.199680,1.779936
87,traditional,0.191136,1.423360,0.199680,1.814176
88,traditional,0.167264,1.421312,0.204800,1.793376
89,traditional,0.166144,1.426432,0.200704,1.793280
90,traditional,0.171232,1.429504,0.198656,1.799392
91,traditional,0.170336,1.414144,0.199680,1.784160
92,traditional,0.186176,1.437696,0.199680,1.823552
93,traditional,0.171296,1.414144,0.199680,1.785120
94,traditional,0.171328,1.422336,0.199680,1.793344
95,traditional,0.183712,1.433600,0.198656,1.815968
96,traditional,0.204992,1.455104,0.199680,1.859776
97,traditional,0.180192,1.406976,0.210944,1.798112
98,traditional,0.169280,1.406976,0.199680,1.775936
99,traditional,0.184832,1.443840,0.199680,1.828352
100,traditional,0.177792,1.428480,0.199680,1.805952
101,traditional,0.167904,1.421312,0.198656,1.787872
102,traditional,0.172448,1.418240,0.199680,1.790368
103,traditional,0.162752,1.413120,0.198656,1.774528
104,traditional,0.165184,1.405952,0.199680,1.770816
105,traditional,0.182464,1.411072,0.198656,1.792192
106,traditional,0.177984,1.418240,0.199680,1.795904
107,traditional,0.180768,1.413120,0.198656,1.792544
108,traditional,0.168416,1.436672,0.223232,1.828320
109,traditional,0.163520,1.423360,0.199680,1.786560
110,traditional,0.171072,1.461248,0.198656,1.830976
111,traditional,0.174240,1.418240,0.198656,1.791136
112,traditional,0.195136,1.421312,0.210944,1.827392
113,traditional,0.170080,1.427456,0.199680,1.797216
114,traditional,0.179648,1.446912,0.199680,1.826240
115,traditional,0.171008,1.442816,0.224256,1.838080
116,traditional,0.181536,1.415168,0.199680,1.796384
117,traditional,0.173216,1.439744,0.199680,1.812640
118,traditional,0.191072,1.417216,0.199680,1.807968
119,traditional,0.183104,1.413120,0.199680,1.795904
120,traditional,0.180352,1.417216,0.199680,1.797248
121,traditional,0.168576,1.441792,0.199680,1.810048
122,traditional,0.165856,1.428480,0.199680,1.794016
123,traditional,0.197792,1.414144,0.198656,1.810592
124,traditional,0.167712,1.433600,0.199680,1.800992
125,traditional,0.164384,1.411072,0.199680,1.775136
126,traditional,0.176672,1.427456,0.199680,1.803808
127,traditional,0.169152,1.419264,0.199680,1.788096
128,traditional,0.175616,1.414144,0.199680,1.789440
129,traditional,0.196896,1.411072,0.199680,1.807648
130,traditional,0.180768,1.419264,0.199680,1.799712
131,traditional,0.172288,1.413120,0.199680,1.785088
132,traditional,0.172640,1.426432,0.199680,1.798752
133,traditional,0.164800,1.423360,0.198656,1.786816
134,traditional,0.172736,1.411072,0.199680,1.783488
135,traditional,0.171424,1.462272,0.200704,1.834400
136,traditional,0.186368,1.474560,0.199680,1.860608
137,traditional,0.194080,1.446912,0.199680,1.840672
138,traditional,0.169536,1.447936,0.199680,1.817152
139,traditional,0.190368,1.435648,0.200704,1.826720
140,traditional,0.183584,1.420288,0.199680,1.803552
141,traditional,0.182592,1.423360,0.201728,1.807680
142,traditional,0.183328,1.427456,0.199680,1.810464
143,traditional,0.179360,1.452032,0.199680,1.831072
144,traditional,0.165728,1.424384,0.199680,1.789792
145,traditional,0.188960,1.411072,0.199680,1.799712
146,traditional,0.184960,1.470464,0.199680,1.855104
147,traditional,0.172064,1.437696,0.199680,1.809440
148,traditional,0.205376,1.436672,0.209920,1.851968
149,traditional,0.184896,1.424384,0.210944,1.820224
150,traditional,0.180928,1.424384,0.199680,1.804992
151,traditional,0.178816,1.453056,0.199680,1.831552
152,traditional,0.169216,1.417216,0.199680,1.786112
153,traditional,0.181728,1.431552,0.199680,1.812960
154,traditional,0.173984,1.430528,0.199680,1.804192
155,traditional,0.181568,1.414144,0.199680,1.795392
156,traditional,0.169760,1.410048,0.199680,1.779488
157,traditional,0.180768,1.456128,0.199680,1.836576
158,traditional,0.197056,1.437696,0.199680,1.834432
159,traditional,0.167392,1.424384,0.208896,1.800672
160,traditional,0.165376,1.412096,0.199680,1.777152
161,traditional,0.182080,1.447936,0.199680,1.829696
162,traditional,0.167360,1.446912,0.199680,1.813952
163,traditional,0.188800,1.453056,0.199680,1.841536
164,traditional,0.190048,1.443840,0.199680,1.833568
165,traditional,0.172480,1.470464,0.199680,1.842624
166,traditional,0.163744,1.423360,0.199680,1.786784
167,traditional,0.206752,1.434624,0.199680,1.841056
168,traditional,0.166112,1.497088,0.200704,1.863904
169,traditional,0.188416,1.410048,0.199680,1.798144
170,traditional,0.165536,1.436672,0.199680,1.801888
171,traditional,0.169120,1.412096,0.199680,1.780896
172,traditional,0.175872,1.415168,0.199680,1.790720
173,traditional,0.175424,1.445888,0.199680,1.820992
174,traditional,0.169952,1.423360,0.199680,1.792992
175,traditional,0.179936,1.444864,0.199680,1.824480
176,traditional,0.169184,1.413120,0.199680,1.781984
177,traditional,0.193312,1.472512,0.199680,1.865504
178,traditional,0.165056,1.406976,0.199680,1.771712
179,traditional,0.208608,1.463296,0.199680,1.871584
180,traditional,0.215968,1.451008,0.199680,1.866656
181,traditional,0.188224,1.416192,0.199680,1.804096
182,traditional,0.182112,1.445888,0.199680,1.827680
183,traditional,0.193216,1.895424,0.391168,2.479808
184,traditional,0.203200,1.466368,0.200704,1.870272
185,traditional,0.169600,1.428480,0.200704,1.798784
186,traditional,0.173248,1.414144,0.199680,1.787072
187,traditional,0.184160,1.418240,0.199680,1.802080
188,traditional,0.184352,1.429504,0.200704,1.814560
189,traditional,0.183104,1.434624,0.199680,1.817408
190,traditional,0.173952,1.427456,0.199680,1.801088
191,traditional,0.186432,1.433600,0.200704,1.820736
192,traditional,0.188224,1.409024,0.199680,1.796928
193,traditional,0.185504,1.422336,0.200704,1.808544
194,traditional,0.172960,1.421312,0.199680,1.793952
195,traditional,0.169376,1.411072,0.199680,1.780128
196,traditional,0.170688,1.410048,0.199680,1.780416
197,traditional,0.165152,1.472512,0.210944,1.848608
198,traditional,0.183712,1.411072,0.199680,1.794464
199,traditional,0.165952,1.426432,0.200704,1.793088
200,traditional,0.171296,1.427456,0.203776,1.802528
201,traditional,0.193408,1.409024,0.199680,1.802112
202,traditional,0.166304,1.459200,0.199680,1.825184
203,traditional,0.165280,1.417216,0.203776,1.786272
204,traditional,0.171200,1.413120,0.199680,1.784000
205,traditional,0.169792,1.424384,0.199680,1.793856
206,traditional,0.164096,1.415168,0.199680,1.778944
207,traditional,0.180000,1.443840,0.199680,1.823520
208,traditional,0.167584,1.414144,0.199680,1.781408
209,traditional,0.173472,1.414144,0.199680,1.787296
210,traditional,0.172896,1.446912,0.200704,1.820512
211,traditional,0.167744,1.412096,0.199680,1.779520
212,traditional,0.170944,1.408000,0.199680,1.778624
213,traditional,0.169248,1.406976,0.200704,1.776928
214,traditional,0.166784,1.436672,0.199680,1.803136
215,traditional,0.175808,1.418240,0.201728,1.795776
216,traditional,0.167456,1.443840,0.199680,1.810976
217,traditional,0.185696,1.412096,0.199680,1.797472
218,traditional,0.165312,1.442816,0.200704,1.808832
219,traditional,0.190016,1.456128,0.199680,1.845824
220,traditional,0.194688,1.435648,0.200704,1.831040
221,traditional,0.164768,1.414144,0.200704,1.779616
222,traditional,0.173472,1.410048,0.199680,1.783200
223,traditional,0.169920,1.458176,0.203776,1.831872
224,traditional,0.172608,1.429504,0.199680,1.801792
225,traditional,0.186816,1.442816,0.200704,1.830336
226,traditional,0.180416,1.426432,0.204800,1.811648
227,traditional,0.179840,1.422336,0.199680,1.801856
228,traditional,0.171552,1.415168,0.199680,1.786400
229,traditional,0.183072,1.423360,0.199680,1.806112
230,traditional,0.180864,1.429504,0.203776,1.814144
231,traditional,0.171392,1.428480,0.199680,1.799552
232,traditional,0.175648,1.441792,0.200704,1.818144
233,traditional,0.165952,1.453056,0.199680,1.818688
234,traditional,0.168192,1.423360,0.200704,1.792256
235,traditional,0.169568,1.427456,0.199680,1.796704
236,traditional,0.181344,1.423360,0.199680,1.804384
237,traditional,0.183968,1.445888,0.199680,1.829536
238,traditional,0.180000,1.411072,0.199680,1.790752
239,traditional,0.165728,1.418240,0.200704,1.784672
240,traditional,0.180352,1.449984,0.200704,1.831040
241,traditional,0.181920,1.411072,0.199680,1.792672
242,traditional,0.174368,1.459200,0.199680,1.833248
243,traditional,0.192992,1.469440,0.199680,1.862112
244,traditional,0.167360,1.455104,0.199680,1.822144
245,traditional,0.192896,1.447936,0.200704,1.841536
246,traditional,0.179104,1.416192,0.199680,1.794976
247,traditional,0.179200,1.433600,0.199680,1.812480
248,traditional,0.170624,1.454080,0.203776,1.828480
249,traditional,0.171360,1.425408,0.200704,1.797472
250,traditional,0.174496,1.413120,0.199680,1.787296
251,traditional,0.190400,1.420288,0.200704,1.811392
252,traditional,0.192384,1.421312,0.199680,1.813376
253,traditional,0.201760,1.423360,0.200704,1.825824
254,traditional,0.183552,1.411072,0.200704,1.795328
255,traditional,0.181248,1.425408,0.199680,1.806336
256,traditional,0.174976,1.437696,0.201728,1.814400
257,traditional,0.186208,1.422336,0.199680,1.808224
258,traditional,0.165376,1.471488,0.199680,1.836544
259,traditional,0.170944,1.424384,0.200704,1.796032
260,traditional,0.172992,1.432576,0.199680,1.805248
261,traditional,0.202080,1.431552,0.200704,1.834336
262,traditional,0.173440,1.425408,0.199680,1.798528
263,traditional,0.171392,1.459200,0.200704,1.831296
264,traditional,0.166656,1.448960,0.198656,1.814272
265,traditional,0.176640,1.427456,0.200704,1.804800
266,traditional,0.180416,1.421312,0.199680,1.801408
267,traditional,0.171328,1.417216,0.199680,1.788224
268,traditional,0.166400,1.456128,0.199680,1.822208
269,traditional,0.189888,1.422336,0.199680,1.811904
270,traditional,0.173376,1.427456,0.199680,1.800512
271,traditional,0.174432,1.436672,0.199680,1.810784
272,traditional,0.192320,1.423360,0.199680,1.815360
273,traditional,0.181376,1.442816,0.204800,1.828992
274,traditional,0.166208,1.464320,0.203776,1.834304
275,traditional,0.185120,1.440768,0.199680,1.825568
276,traditional,0.175168,1.441792,0.199680,1.816640
277,traditional,0.175712,1.442816,0.200704,1.819232
278,traditional,0.206880,1.428480,0.199680,1.835040
279,traditional,0.174080,1.411072,0.199680,1.784832
280,traditional,0.177184,1.475584,0.199680,1.852448
281,traditional,0.165696,1.414144,0.199680,1.779520
282,traditional,0.172384,1.431552,0.199680,1.803616
283,traditional,0.170272,1.408000,0.200704,1.778976
284,traditional,0.174080,1.434624,0.199680,1.808384
285,traditional,0.192640,1.431552,0.199680,1.823872
286,traditional,0.172928,1.429504,0.199680,1.802112
287,traditional,0.172192,1.429504,0.199680,1.801376
288,traditional,0.170496,1.412096,0.200704,1.783296
289,traditional,0.178336,1.427456,0.199680,1.805472
290,traditional,0.184832,1.440768,0.198656,1.824256
291,traditional,0.168640,1.438720,0.200704,1.808064
292,traditional,0.170176,1.448960,0.199680,1.818816
293,traditional,0.169600,1.423360,0.203776,1.796736
294,traditional,0.182944,1.441792,0.201728,1.826464
295,traditional,0.176544,1.458176,0.199680,1.834400
296,traditional,0.182080,1.449984,0.199680,1.831744
297,traditional,0.190880,1.424384,0.199680,1.814944
298,traditional,0.168832,1.469440,0.199680,1.837952
299,traditional,0.174912,1.446912,0.199680,1.821504
300,traditional,0.172864,1.424384,0.200704,1.797952
301,traditional,0.165696,1.427456,0.199680,1.792832
302,traditional,0.180480,1.409024,0.199680,1.789184
303,traditional,0.168256,1.409024,0.200704,1.777984
304,traditional,0.172352,1.415168,0.200704,1.788224
305,traditional,0.182752,1.427456,0.199680,1.809888
306,traditional,0.182720,1.441792,0.199680,1.824192
307,traditional,0.171232,1.486848,0.199680,1.857760
308,traditional,0.180224,1.448960,0.199680,1.828864
309,traditional,0.172800,1.439744,0.199680,1.812224
310,traditional,0.185344,1.433600,0.199680,1.818624
311,traditional,0.172032,1.446912,0.200704,1.819648
312,traditional,0.164192,1.423360,0.199680,1.787232
313,traditional,0.166272,1.416192,0.199680,1.782144
314,traditional,0.175104,1.426432,0.202752,1.804288
315,traditional,0.182240,1.437696,0.199680,1.819616
316,traditional,0.177280,1.421312,0.199680,1.798272
317,traditional,0.165216,1.413120,0.199680,1.778016
318,traditional,0.168480,1.465344,0.199680,1.833504
319,traditional,0.181024,1.431552,0.203776,1.816352
320,traditional,0.166624,1.425408,0.198656,1.790688
321,traditional,0.188512,1.441792,0.199680,1.829984
322,traditional,0.180384,1.425408,0.208896,1.814688
323,traditional,0.182464,1.442816,0.199680,1.824960
324,traditional,0.179872,1.432576,0.199680,1.812128
325,traditional,0.194336,1.501184,0.199680,1.895200
326,traditional,0.177152,1.441792,0.199680,1.818624
327,traditional,0.179360,1.451008,0.199680,1.830048
328,traditional,0.189088,1.465344,0.202752,1.857184
329,traditional,0.172576,1.459200,0.200704,1.832480
330,traditional,0.208224,1.437696,0.199680,1.845600
331,traditional,0.181536,1.451008,0.199680,1.832224
332,traditional,0.193984,1.434624,0.199680,1.828288
333,traditional,0.167872,1.445888,0.199680,1.813440
334,traditional,0.181760,1.425408,0.200704,1.807872
335,traditional,0.183168,1.432576,0.199680,1.815424
336,traditional,0.170048,1.446912,0.199680,1.816640
337,traditional,0.169888,1.455104,0.200704,1.825696
338,traditional,0.166368,1.447936,0.209920,1.824224
339,traditional,0.165152,1.436672,0.199680,1.801504
340,traditional,0.194560,1.436672,0.199680,1.830912
341,traditional,0.164768,1.445888,0.199680,1.810336
342,traditional,0.168128,1.456128,0.199680,1.823936
343,traditional,0.178592,1.463296,0.199680,1.841568
344,traditional,0.176352,1.438720,0.198656,1.813728
345,traditional,0.172224,1.443840,0.199680,1.815744
346,traditional,0.172096,1.452032,0.199680,1.823808
347,traditional,0.182208,1.448960,0.203776,1.834944
348,traditional,0.178496,1.447936,0.200704,1.827136
349,traditional,0.181728,1.448960,0.199680,1.830368
350,traditional,0.181888,1.439744,0.198656,1.820288
351,traditional,0.180512,1.452032,0.199680,1.832224
352,traditional,0.172352,1.444864,0.199680,1.816896
353,traditional,0.186144,1.516544,0.200704,1.903392
354,traditional,0.165504,1.459200,0.199680,1.824384
355,traditional,0.179552,1.480704,0.199680,1.859936
356,traditional,0.168960,1.451008,0.199680,1.819648
357,traditional,0.168128,1.486848,0.199680,1.854656
358,traditional,0.166912,1.471488,0.199680,1.838080
359,traditional,0.180416,1.498112,0.199680,1.878208
360,traditional,0.168544,1.477632,0.199680,1.845856
361,traditional,0.171104,1.454080,0.199680,1.824864
362,traditional,0.177888,1.447936,0.199680,1.825504
363,traditional,0.187648,1.513472,0.199680,1.900800
364,traditional,0.174336,1.436672,0.199680,1.810688
365,traditional,0.166336,1.500160,0.199680,1.866176
366,traditional,0.181760,1.477632,0.198656,1.858048
367,traditional,0.173312,1.465344,0.202752,1.841408
368,traditional,0.171040,1.453056,0.198656,1.822752
369,traditional,0.170112,1.469440,0.198656,1.838208
370,traditional,0.178496,1.452032,0.199680,1.830208
371,traditional,0.185536,1.479680,0.198656,1.863872
372,traditional,0.182944,1.434624,0.198656,1.816224
373,traditional,0.209984,1.478656,0.199680,1.888320
374,traditional,0.180928,1.498112,0.199680,1.878720
375,traditional,0.169152,1.457152,0.198656,1.824960
376,traditional,0.169792,1.446912,0.199680,1.816384
377,traditional,0.195040,1.459200,0.200704,1.854944
378,traditional,0.196544,1.475584,0.199680,1.871808
379,traditional,0.176512,1.516544,0.198656,1.891712
380,traditional,0.181728,1.459200,0.199680,1.840608
381,traditional,0.178368,1.512448,0.199680,1.890496
382,traditional,0.182208,1.479680,0.199680,1.861568
383,traditional,0.182624,1.455104,0.199680,1.837408
384,traditional,0.172832,1.438720,0.202752,1.814304
385,traditional,0.171072,1.444864,0.199680,1.815616
386,traditional,0.166048,1.459200,0.203776,1.829024
387,traditional,0.169760,1.505280,0.199680,1.874720
388,traditional,0.173888,1.512448,0.199680,1.886016
389,traditional,0.178624,1.468416,0.199680,1.846720
390,traditional,0.166688,1.498112,0.199680,1.864480
391,traditional,0.168352,1.471488,0.199680,1.839520
392,traditional,0.194784,1.472512,0.199680,1.866976
393,traditional,0.169376,1.471488,0.198656,1.839520
394,traditional,0.172576,1.467392,0.199680,1.839648
395,traditional,0.180608,1.494016,0.206848,1.881472
396,traditional,0.165280,1.462272,0.199680,1.827232
397,traditional,0.166880,1.449984,0.199680,1.816544
398,traditional,0.172992,1.458176,0.198656,1.829824
399,traditional,0.170592,1.469440,0.198656,1.838688
400,traditional,0.173504,1.449984,0.199680,1.823168
401,traditional,0.186528,1.490944,0.199680,1.877152
402,traditional,0.166624,1.447936,0.198656,1.813216
403,traditional,0.167104,1.442816,0.198656,1.808576
404,traditional,0.174912,1.465344,0.198656,1.838912
405,traditional,0.182400,1.445888,0.199680,1.827968
406,traditional,0.174784,1.484800,0.199680,1.859264
407,traditional,0.182944,1.495040,0.198656,1.876640
408,traditional,0.198944,1.452032,0.199680,1.850656
409,traditional,0.167424,1.462272,0.200704,1.830400
410,traditional,0.185120,1.471488,0.200704,1.857312
411,traditional,0.175840,1.472512,0.200704,1.849056
412,traditional,0.170144,1.460224,0.199680,1.830048
413,traditional,0.191136,1.445888,0.200704,1.837728
414,traditional,0.204480,1.503232,0.200704,1.908416
415,traditional,0.172672,1.463296,0.200704,1.836672
416,traditional,0.171712,1.475584,0.199680,1.846976
417,traditional,0.174528,1.479680,0.200704,1.854912
418,traditional,0.167424,1.462272,0.200704,1.830400
419,traditional,0.166848,1.462272,0.201728,1.830848
420,traditional,0.182112,1.487872,0.200704,1.870688
421,traditional,0.171744,1.460224,0.200704,1.832672
422,traditional,0.165184,1.447936,0.199680,1.812800
423,traditional,0.168512,1.451008,0.199680,1.819200
424,traditional,0.175488,1.471488,0.200704,1.847680
425,traditional,0.181056,1.446912,0.200704,1.828672
426,traditional,0.194528,1.478656,0.200704,1.873888
427,traditional,0.179200,1.442816,0.200704,1.822720
428,traditional,0.175712,1.476608,0.199680,1.852000
429,traditional,0.180224,1.451008,0.199680,1.830912
430,traditional,0.170272,1.474560,0.200704,1.845536
431,traditional,0.169984,1.441792,0.199680,1.811456
432,traditional,0.173952,1.444864,0.199680,1.818496
433,traditional,0.182016,1.447936,0.199680,1.829632
434,traditional,0.191232,1.463296,0.200704,1.855232
435,traditional,0.170976,1.444864,0.200704,1.816544
436,traditional,0.184832,1.452032,0.211968,1.848832
437,traditional,0.169888,1.431552,0.200704,1.802144
438,traditional,0.173248,1.471488,0.199680,1.844416
439,traditional,0.179680,1.441792,0.199680,1.821152
440,traditional,0.166848,1.428480,0.200704,1.796032
441,traditional,0.168736,1.427456,0.199680,1.795872
442,traditional,0.207008,1.489920,0.208896,1.905824
443,traditional,0.183552,1.495040,0.200704,1.879296
444,traditional,0.183424,1.423360,0.199680,1.806464
445,traditional,0.182464,1.422336,0.199680,1.804480
446,traditional,0.168640,1.442816,0.203776,1.815232
447,traditional,0.169760,1.441792,0.200704,1.812256
448,traditional,0.195584,1.439744,0.200704,1.836032
449,traditional,0.171168,1.421312,0.200704,1.793184
450,traditional,0.221056,2.116608,0.205824,2.543488
451,traditional,0.174112,1.526784,0.203776,1.904672
452,traditional,0.176160,1.433600,0.199680,1.809440
453,traditional,0.171584,1.449984,0.200704,1.822272
454,traditional,0.172800,1.423360,0.200704,1.796864
455,traditional,0.169184,1.430528,0.199680,1.799392
456,traditional,0.186784,1.456128,0.200704,1.843616
457,traditional,0.185376,1.449984,0.200704,1.836064
458,traditional,0.179552,1.423360,0.199680,1.802592
459,traditional,0.164672,1.449984,0.199680,1.814336
460,traditional,0.166048,1.482752,0.199680,1.848480
461,traditional,0.182144,1.489920,0.199680,1.871744
462,traditional,0.167296,1.429504,0.200704,1.797504
463,traditional,0.167840,1.414144,0.200704,1.782688
464,traditional,0.185440,1.433600,0.200704,1.819744
465,traditional,0.182976,1.443840,0.200704,1.827520
466,traditional,0.194656,1.431552,0.200704,1.826912
467,traditional,0.168128,1.417216,0.199680,1.785024
468,traditional,0.239520,1.459200,0.199680,1.898400
469,traditional,0.191456,1.458176,0.200704,1.850336
470,traditional,0.173664,1.449984,0.200704,1.824352
471,traditional,0.180128,1.434624,0.200704,1.815456
472,traditional,0.194880,1.444864,0.200704,1.840448
473,traditional,0.184480,1.429504,0.200704,1.814688
474,traditional,0.164736,1.449984,0.199680,1.814400
475,traditional,0.194496,1.463296,0.200704,1.858496
476,traditional,0.173984,1.436672,0.200704,1.811360
477,traditional,0.184224,1.465344,0.199680,1.849248
478,traditional,0.169216,1.440768,0.199680,1.809664
479,traditional,0.168960,1.422336,0.199680,1.790976
480,traditional,0.164640,1.421312,0.200704,1.786656
481,traditional,0.167200,1.447936,0.199680,1.814816
482,traditional,0.192704,1.421312,0.200704,1.814720
483,traditional,0.172096,1.427456,0.199680,1.799232
484,traditional,0.180608,1.434624,0.199680,1.814912
485,traditional,0.177728,1.431552,0.199680,1.808960
486,traditional,0.169952,1.430528,0.200704,1.801184
487,traditional,0.163520,1.426432,0.199680,1.789632
488,traditional,0.171744,1.460224,0.200704,1.832672
489,traditional,0.170976,1.419264,0.200704,1.790944
490,traditional,0.186592,1.453056,0.199680,1.839328
491,traditional,0.171808,1.428480,0.200704,1.800992
492,traditional,0.183232,1.429504,0.200704,1.813440
493,traditional,0.167904,1.435648,0.200704,1.804256
494,traditional,0.180800,1.465344,0.200704,1.846848
495,traditional,0.165568,1.417216,0.200704,1.783488
496,traditional,0.169376,1.424384,0.199680,1.793440
497,traditional,0.163936,1.442816,0.199680,1.806432
498,traditional,0.169024,1.416192,0.200704,1.785920
499,traditional,0.167264,1.475584,0.199680,1.842528
500,traditional,0.171904,1.427456,0.200704,1.800064
501,traditional,0.175360,1.444864,0.201728,1.821952
502,traditional,0.165312,1.455104,0.199680,1.820096
503,traditional,0.176032,1.434624,0.226304,1.836960
504,traditional,0.164384,1.415168,0.199680,1.779232
505,traditional,0.164736,1.440768,0.200704,1.806208
506,traditional,0.168032,1.427456,0.200704,1.796192
507,traditional,0.169088,1.414144,0.200704,1.783936
508,traditional,0.223808,1.472512,0.200704,1.897024
509,traditional,0.167424,1.444864,0.200704,1.812992
510,traditional,0.172512,1.436672,0.200704,1.809888
511,traditional,0.175584,1.425408,0.200704,1.801696
512,traditional,0.171840,1.413120,0.200704,1.785664
513,traditional,0.166304,1.415168,0.201728,1.783200
514,traditional,0.188160,1.436672,0.200704,1.825536
515,traditional,0.167680,1.413120,0.199680,1.780480
516,traditional,0.168192,1.428480,0.199680,1.796352
517,traditional,0.167776,1.424384,0.200704,1.792864
518,traditional,0.179424,1.436672,0.200704,1.816800
519,traditional,0.171968,1.422336,0.214016,1.808320
520,traditional,0.166016,1.425408,0.199680,1.791104
521,traditional,0.181568,1.440768,0.203776,1.826112
522,traditional,0.185856,1.443840,0.200704,1.830400
523,traditional,0.191712,1.433600,0.199680,1.824992
524,traditional,0.180576,1.464320,0.200704,1.845600
525,traditional,0.168960,1.416192,0.200704,1.785856
526,traditional,0.170112,1.428480,0.200704,1.799296
527,traditional,0.169344,1.436672,0.201728,1.807744
528,traditional,0.170080,1.420288,0.200704,1.791072
529,traditional,0.173792,1.438720,0.200704,1.813216
530,traditional,0.170592,1.421312,0.203776,1.795680
531,traditional,0.168224,1.433600,0.200704,1.802528
532,traditional,0.174432,1.448960,0.200704,1.824096
533,traditional,0.171744,1.429504,0.200704,1.801952
534,traditional,0.174240,1.435648,0.199680,1.809568
535,traditional,0.184576,1.412096,0.199680,1.796352
536,traditional,0.166752,1.452032,0.199680,1.818464
537,traditional,0.172960,1.420288,0.200704,1.793952
538,traditional,0.165984,1.417216,0.199680,1.782880
539,traditional,0.168000,1.420288,0.200704,1.788992
540,traditional,0.189536,1.437696,0.200704,1.827936
541,traditional,0.166080,1.441792,0.200704,1.808576
542,traditional,0.172384,1.465344,0.203776,1.841504
543,traditional,0.178240,1.428480,0.203776,1.810496
544,traditional,0.166336,1.430528,0.199680,1.796544
545,traditional,0.164000,1.475584,0.200704,1.840288
546,traditional,0.181216,1.415168,0.200704,1.797088
547,traditional,0.164992,1.417216,0.199680,1.781888
548,traditional,0.182464,1.469440,0.200704,1.852608
549,traditional,0.179104,1.441792,0.199680,1.820576
550,traditional,0.185248,1.441792,0.199680,1.826720
551,traditional,0.169376,1.444864,0.200704,1.814944
552,traditional,0.174592,1.421312,0.200704,1.796608
553,traditional,0.185792,1.412096,0.200704,1.798592
554,traditional,0.173024,1.453056,0.200704,1.826784
555,traditional,0.172864,1.426432,0.203776,1.803072
556,traditional,0.200480,1.447936,0.200704,1.849120
557,traditional,0.167936,1.455104,0.200704,1.823744
558,traditional,0.165568,1.425408,0.199680,1.790656
559,traditional,0.164960,1.415168,0.200704,1.780832
560,traditional,0.179104,1.436672,0.199680,1.815456
561,traditional,0.170880,1.426432,0.200704,1.798016
562,traditional,0.172704,1.436672,0.200704,1.810080
563,traditional,0.180512,1.436672,0.199680,1.816864
564,traditional,0.184416,1.488896,0.207872,1.881184
565,traditional,0.169504,1.470464,0.199680,1.839648
566,traditional,0.182080,1.434624,0.199680,1.816384
567,traditional,0.163200,1.435648,0.199680,1.798528
568,traditional,0.165344,1.430528,0.200704,1.796576
569,traditional,0.178464,1.459200,0.199680,1.837344
570,traditional,0.174144,1.452032,0.199680,1.825856
571,traditional,0.181952,1.441792,0.200704,1.824448
572,traditional,0.168960,1.443840,0.199680,1.812480
573,traditional,0.174976,1.463296,0.199680,1.837952
574,traditional,0.170080,1.444864,0.200704,1.815648
575,traditional,0.167040,1.481728,0.199680,1.848448
576,traditional,0.170496,1.448960,0.199680,1.819136
577,traditional,0.171872,1.441792,0.199680,1.813344
578,traditional,0.181984,1.478656,0.203776,1.864416
579,traditional,0.199872,1.495040,0.200704,1.895616
580,traditional,0.181152,1.491968,0.200704,1.873824
581,traditional,0.173056,1.462272,0.204800,1.840128
582,traditional,0.165472,1.436672,0.200704,1.802848
583,traditional,0.180064,1.446912,0.200704,1.827680
584,traditional,0.178592,1.487872,0.200704,1.867168
585,traditional,0.181824,1.456128,0.200704,1.838656
586,traditional,0.166016,1.469440,0.199680,1.835136
587,traditional,0.168832,1.455104,0.200704,1.824640
588,traditional,0.177728,1.484800,0.199680,1.862208
589,traditional,0.169344,1.464320,0.200704,1.834368
590,traditional,0.168192,1.737728,0.358400,2.264320
591,traditional,0.205120,1.475584,0.199680,1.880384
592,traditional,0.179968,1.439744,0.200704,1.820416
593,traditional,0.195904,1.446912,0.199680,1.842496
594,traditional,0.173280,1.453056,0.199680,1.826016
595,traditional,0.168640,1.447936,0.199680,1.816256
596,traditional,0.168800,1.466368,0.200704,1.835872
597,traditional,0.166464,1.442816,0.199680,1.808960
598,traditional,0.184672,1.463296,0.200704,1.848672
599,traditional,0.168736,1.457152,0.199680,1.825568
600,traditional,0.171136,1.441792,0.199680,1.812608
601,traditional,0.173888,1.448960,0.200704,1.823552
602,traditional,0.171808,1.477632,0.199680,1.849120
603,traditional,0.170880,1.451008,0.200704,1.822592
604,traditional,0.182368,1.441792,0.199680,1.823840
605,traditional,0.180480,1.468416,0.199680,1.848576
606,traditional,0.172288,1.452032,0.209920,1.834240
607,traditional,0.169408,1.454080,0.200704,1.824192
608,traditional,0.178464,1.442816,0.200704,1.821984
609,traditional,0.171584,1.448960,0.199680,1.820224
610,traditional,0.166656,1.438720,0.199680,1.805056
611,traditional,0.171616,1.452032,0.199680,1.823328
612,traditional,0.182240,1.446912,0.200704,1.829856
613,traditional,0.171680,1.464320,0.200704,1.836704
614,traditional,0.174880,1.445888,0.200704,1.821472
615,traditional,0.196992,1.469440,0.200704,1.867136
616,traditional,0.177856,1.459200,0.200704,1.837760
617,traditional,0.169376,1.468416,0.200704,1.838496
618,traditional,0.180416,1.464320,0.203776,1.848512
619,traditional,0.172096,1.473536,0.199680,1.845312
620,traditional,0.178560,1.481728,0.199680,1.859968
621,traditional,0.188416,1.470464,0.200704,1.859584
622,traditional,0.176864,1.480704,0.199680,1.857248
623,traditional,0.168544,1.466368,0.199680,1.834592
624,traditional,0.177408,1.441792,0.200704,1.819904
625,traditional,0.172672,1.454080,0.200704,1.827456
626,traditional,0.171936,1.482752,0.199680,1.854368
627,traditional,0.169024,1.492992,0.200704,1.862720
628,traditional,0.173760,1.524736,0.199680,1.898176
629,traditional,0.166944,1.474560,0.199680,1.841184
630,traditional,0.170944,1.488896,0.199680,1.859520
631,traditional,0.164736,1.462272,0.199680,1.826688
632,traditional,0.174752,1.494016,0.200704,1.869472
633,traditional,0.172000,1.472512,0.200704,1.845216
634,traditional,0.182944,1.518592,0.199680,1.901216
635,traditional,0.169600,1.491968,0.200704,1.862272
636,traditional,0.184896,1.480704,0.200704,1.866304
637,traditional,0.168736,1.505280,0.199680,1.873696
638,traditional,0.170592,1.478656,0.199680,1.848928
639,traditional,0.181824,1.476608,0.199680,1.858112
640,traditional,0.172128,1.484800,0.199680,1.856608
641,traditional,0.185632,1.463296,0.200704,1.849632
642,traditional,0.185344,1.467392,0.199680,1.852416
643,traditional,0.164704,1.454080,0.200704,1.819488
644,traditional,0.178848,1.505280,0.200704,1.884832
645,traditional,0.193440,1.477632,0.199680,1.870752
646,traditional,0.169856,1.448960,0.200704,1.819520
647,traditional,0.169728,1.453056,0.200704,1.823488
648,traditional,0.172512,1.466368,0.199680,1.838560
649,traditional,0.182656,1.462272,0.200704,1.845632
650,traditional,0.169856,1.453056,0.200704,1.823616
651,traditional,0.165088,1.451008,0.200704,1.816800
652,traditional,0.193760,1.472512,0.200704,1.866976
653,traditional,0.170720,1.477632,0.199680,1.848032
654,traditional,0.170368,1.514496,0.199680,1.884544
655,traditional,0.166624,1.438720,0.200704,1.806048
656,traditional,0.167136,1.451008,0.224256,1.842400
657,traditional,0.184736,1.444864,0.200704,1.830304
658,traditional,0.175360,1.442816,0.200704,1.818880
659,traditional,0.169056,1.469440,0.199680,1.838176
660,traditional,0.169888,1.468416,0.200704,1.839008
661,traditional,0.170656,1.489920,0.203776,1.864352
662,traditional,0.199392,1.475584,0.199680,1.874656
663,traditional,0.169216,1.448960,0.199680,1.817856
664,traditional,0.166592,1.442816,0.200704,1.810112
665,traditional,0.168384,1.441792,0.199680,1.809856
666,traditional,0.183008,1.458176,0.202752,1.843936
667,traditional,0.169408,1.462272,0.201728,1.833408
668,traditional,0.196352,1.475584,0.199680,1.871616
669,traditional,0.184576,1.469440,0.200704,1.854720
670,traditional,0.178496,1.505280,0.200704,1.884480
671,traditional,0.167584,1.446912,0.200704,1.815200
672,traditional,0.167840,1.453056,0.200704,1.821600
673,traditional,0.177248,1.447936,0.200704,1.825888
674,traditional,0.184224,1.500160,0.200704,1.885088
675,traditional,0.171616,1.444864,0.200704,1.817184
676,traditional,0.170496,1.437696,0.199680,1.807872
677,traditional,0.166816,1.448960,0.199680,1.815456
678,traditional,0.166944,1.481728,0.199680,1.848352
679,traditional,0.168000,1.456128,0.199680,1.823808
680,traditional,0.179360,1.475584,0.200704,1.855648
681,traditional,0.189248,1.459200,0.199680,1.848128
682,traditional,0.185440,1.444864,0.200704,1.831008
683,traditional,0.194080,1.442816,0.199680,1.836576
684,traditional,0.173184,1.440768,0.200704,1.814656
685,traditional,0.164224,1.437696,0.200704,1.802624
686,traditional,0.180768,1.438720,0.200704,1.820192
687,traditional,0.181856,1.446912,0.199680,1.828448
688,traditional,0.182432,1.472512,0.206848,1.861792
689,traditional,0.201632,1.443840,0.199680,1.845152
690,traditional,0.172640,1.512448,0.200704,1.885792
691,traditional,0.164032,1.426432,0.200704,1.791168
692,traditional,0.178720,1.427456,0.201728,1.807904
693,traditional,0.173312,1.439744,0.199680,1.812736
694,traditional,0.180992,1.490944,0.200704,1.872640
695,traditional,0.181472,1.419264,0.214016,1.814752
696,traditional,0.170016,1.460224,0.199680,1.829920
697,traditional,0.178944,1.458176,0.199680,1.836800
698,traditional,0.189184,1.452032,0.203776,1.844992
699,traditional,0.181792,1.437696,0.199680,1.819168
700,traditional,0.203904,1.465344,0.200704,1.869952
701,traditional,0.168352,1.454080,0.201728,1.824160
702,traditional,0.167584,1.454080,0.200704,1.822368
703,traditional,0.174208,1.432576,0.200704,1.807488
704,traditional,0.181856,1.445888,0.200704,1.828448
705,traditional,0.184096,1.452032,0.200704,1.836832
706,traditional,0.164992,1.442816,0.200704,1.808512
707,traditional,0.165952,1.421312,0.200704,1.787968
708,traditional,0.182368,1.428480,0.200704,1.811552
709,traditional,0.166976,1.424384,0.203776,1.795136
710,traditional,0.180256,1.481728,0.199680,1.861664
711,traditional,0.183968,1.456128,0.199680,1.839776
712,traditional,0.182272,1.442816,0.200704,1.825792
713,traditional,0.196288,1.502208,0.200704,1.899200
714,traditional,0.191552,1.472512,0.199680,1.863744
715,traditional,0.171072,1.423360,0.199680,1.794112
716,traditional,0.171040,1.426432,0.199680,1.797152
717,traditional,0.171424,1.467392,0.199680,1.838496
718,traditional,0.165440,1.432576,0.199680,1.797696
719,traditional,0.186560,1.444864,0.201728,1.833152
720,traditional,0.183808,1.462272,0.200704,1.846784
721,traditional,0.168992,1.454080,0.199680,1.822752
722,traditional,0.184288,1.453056,0.200704,1.838048
723,traditional,0.190560,1.437696,0.200704,1.828960
724,traditional,0.170880,1.430528,0.200704,1.802112
725,traditional,0.179936,1.435648,0.200704,1.816288
726,traditional,0.167776,1.467392,0.200704,1.835872
727,traditional,0.165664,1.448960,0.199680,1.814304
728,traditional,0.181376,1.465344,0.199680,1.846400
729,traditional,0.203616,1.440768,0.204800,1.849184
730,traditional,0.194720,1.472512,0.200704,1.867936
731,traditional,0.164768,1.439744,0.199680,1.804192
732,traditional,0.170560,1.421312,0.199680,1.791552
733,traditional,0.176448,1.440768,0.200704,1.817920
734,traditional,0.192032,1.472512,0.199680,1.864224
735,traditional,0.176000,1.443840,0.200704,1.820544
736,traditional,0.184992,1.495040,0.199680,1.879712
737,traditional,0.168928,1.478656,0.200704,1.848288
738,traditional,0.164608,1.456128,0.200704,1.821440
739,traditional,0.172864,1.461248,0.199680,1.833792
740,traditional,0.182752,1.437696,0.200704,1.821152
741,traditional,0.196352,1.473536,0.203776,1.873664
742,traditional,0.164960,1.465344,0.199680,1.829984
743,traditional,0.164224,1.419264,0.199680,1.783168
744,traditional,0.173248,1.452032,0.199680,1.824960
745,traditional,0.167232,1.442816,0.200704,1.810752
746,traditional,0.190912,1.447936,0.200704,1.839552
747,traditional,0.168640,1.455104,0.200704,1.824448
748,traditional,0.189888,1.438720,0.200704,1.829312
749,traditional,0.171872,1.479680,0.200704,1.852256
750,traditional,0.172128,1.453056,0.200704,1.825888
751,traditional,0.181632,1.431552,0.199680,1.812864
752,traditional,0.180608,1.479680,0.199680,1.859968
753,traditional,0.173536,1.462272,0.204800,1.840608
754,traditional,0.183072,1.453056,0.200704,1.836832
755,traditional,0.204416,1.441792,0.200704,1.846912
756,traditional,0.184672,1.444864,0.200704,1.830240
757,traditional,0.168800,1.445888,0.200704,1.815392
758,traditional,0.190208,1.451008,0.200704,1.841920
759,traditional,0.168224,1.430528,0.200704,1.799456
760,traditional,0.192832,1.446912,0.199680,1.839424
761,traditional,0.168800,1.444864,0.200704,1.814368
762,traditional,0.180320,1.482752,0.200704,1.863776
763,traditional,0.168768,1.436672,0.199680,1.805120
764,traditional,0.169568,1.426432,0.199680,1.795680
765,traditional,0.174208,1.435648,0.200704,1.810560
766,traditional,0.182112,1.441792,0.200704,1.824608
767,traditional,0.169856,1.482752,0.200704,1.853312
768,traditional,0.165856,1.449984,0.200704,1.816544
769,traditional,0.165472,1.435648,0.200704,1.801824
770,traditional,0.191232,1.446912,0.199680,1.837824
771,traditional,0.179872,1.442816,0.199680,1.822368
772,traditional,0.166528,1.446912,0.202752,1.816192
773,traditional,0.166272,1.449984,0.200704,1.816960
774,traditional,0.166848,1.456128,0.200704,1.823680
775,traditional,0.169152,1.464320,0.200704,1.834176
776,traditional,0.172544,1.430528,0.200704,1.803776
777,traditional,0.183584,1.440768,0.199680,1.824032
778,traditional,0.179840,1.433600,0.200704,1.814144
779,traditional,0.179808,1.463296,0.200704,1.843808
780,traditional,0.181408,1.461248,0.200704,1.843360
781,traditional,0.169568,1.466368,0.200704,1.836640
782,traditional,0.165216,1.455104,0.199680,1.820000
783,traditional,0.167424,1.451008,0.200704,1.819136
784,traditional,0.195424,1.438720,0.200704,1.834848
785,traditional,0.181504,1.452032,0.200704,1.834240
786,traditional,0.165312,1.436672,0.200704,1.802688
787,traditional,0.172160,1.439744,0.200704,1.812608
788,traditional,0.168960,1.436672,0.200704,1.806336
789,traditional,0.173056,1.431552,0.200704,1.805312
790,traditional,0.169088,1.441792,0.200704,1.811584
791,traditional,0.164640,1.454080,0.200704,1.819424
792,traditional,0.175680,1.439744,0.200704,1.816128
793,traditional,0.168000,1.455104,0.200704,1.823808
794,traditional,0.174592,1.459200,0.200704,1.834496
795,traditional,0.192800,1.483776,0.200704,1.877280
796,traditional,0.169152,1.436672,0.199680,1.805504
797,traditional,0.171520,1.447936,0.200704,1.820160
798,traditional,0.176576,1.436672,0.199680,1.812928
799,traditional,0.172096,1.427456,0.205824,1.805376
800,traditional,0.171776,1.465344,0.199680,1.836800
801,traditional,0.172448,1.466368,0.200704,1.839520
802,traditional,0.167264,1.467392,0.201728,1.836384
803,traditional,0.167648,1.468416,0.200704,1.836768
804,traditional,0.169760,1.455104,0.200704,1.825568
805,traditional,0.182432,1.445888,0.200704,1.829024
806,traditional,0.192192,1.476608,0.199680,1.868480
807,traditional,0.169600,1.473536,0.199680,1.842816
808,traditional,0.177600,1.451008,0.199680,1.828288
809,traditional,0.185760,1.435648,0.200704,1.822112
810,traditional,0.171360,1.451008,0.199680,1.822048
811,traditional,0.170272,1.454080,0.200704,1.825056
812,traditional,0.173728,1.449984,0.199680,1.823392
813,traditional,0.172960,1.456128,0.199680,1.828768
814,traditional,0.171936,1.460224,0.200704,1.832864
815,traditional,0.168640,1.451008,0.200704,1.820352
816,traditional,0.203616,1.467392,0.200704,1.871712
817,traditional,0.177504,1.473536,0.202752,1.853792
818,traditional,0.178176,1.447936,0.199680,1.825792
819,traditional,0.198720,1.503232,0.200704,1.902656
820,traditional,0.182496,1.488896,0.200704,1.872096
821,traditional,0.182240,1.462272,0.199680,1.844192
822,traditional,0.168672,1.487872,0.199680,1.856224
823,traditional,0.164768,1.463296,0.200704,1.828768
824,traditional,0.175616,1.438720,0.199680,1.814016
825,traditional,0.171424,1.477632,0.200704,1.849760
826,traditional,0.207232,1.510400,0.204800,1.922432
827,traditional,0.188192,1.473536,0.199680,1.861408
828,traditional,0.183328,1.453056,0.200704,1.837088
829,traditional,0.176064,1.461248,0.200704,1.838016
830,traditional,0.168160,1.443840,0.199680,1.811680
831,traditional,0.169856,1.448960,0.212992,1.831808
832,traditional,0.171488,1.438720,0.199680,1.809888
833,traditional,0.180032,1.459200,0.199680,1.838912
834,traditional,0.168992,1.463296,0.208896,1.841184
835,traditional,0.168800,1.458176,0.199680,1.826656
836,traditional,0.173728,1.446912,0.199680,1.820320
837,traditional,0.182528,1.481728,0.199680,1.863936
838,traditional,0.195072,1.475584,0.199680,1.870336
839,traditional,0.182144,1.455104,0.199680,1.836928
840,traditional,0.182976,1.442816,0.199680,1.825472
841,traditional,0.179872,1.442816,0.203776,1.826464
842,traditional,0.175136,1.473536,0.199680,1.848352
843,traditional,0.171200,1.456128,0.199680,1.827008
844,traditional,0.175072,1.458176,0.204800,1.838048
845,traditional,0.178304,1.478656,0.200704,1.857664
846,traditional,0.203040,1.477632,0.199680,1.880352
847,traditional,0.171296,1.482752,0.211968,1.866016
848,traditional,0.194848,1.472512,0.199680,1.867040
849,traditional,0.166368,1.443840,0.199680,1.809888
850,traditional,0.202304,1.481728,0.199680,1.883712
851,traditional,0.217600,1.503232,0.200704,1.921536
852,traditional,0.166720,1.452032,0.199680,1.818432
853,traditional,0.171968,1.482752,0.200704,1.855424
854,traditional,0.172608,1.461248,0.199680,1.833536
855,traditional,0.180448,1.476608,0.199680,1.856736
856,traditional,0.182720,1.473536,0.200704,1.856960
857,traditional,0.172960,1.476608,0.202752,1.852320
858,traditional,0.174080,1.441792,0.199680,1.815552
859,traditional,0.172832,1.443840,0.199680,1.816352
860,traditional,0.169248,1.448960,0.199680,1.817888
861,traditional,0.169632,1.464320,0.200704,1.834656
862,traditional,0.174752,1.495040,0.212992,1.882784
863,traditional,0.182816,1.500160,0.199680,1.882656
864,traditional,0.167520,1.512448,0.199680,1.879648
865,traditional,0.176032,1.489920,0.200704,1.866656
866,traditional,0.173184,1.472512,0.199680,1.845376
867,traditional,0.182176,1.462272,0.200704,1.845152
868,traditional,0.164960,1.498112,0.200704,1.863776
869,traditional,0.180416,1.468416,0.199680,1.848512
870,traditional,0.168992,1.524736,0.199680,1.893408
871,traditional,0.181632,1.491968,0.199680,1.873280
872,traditional,0.194176,1.506304,0.199680,1.900160
873,traditional,0.178752,1.480704,0.200704,1.860160
874,traditional,0.181088,1.453056,0.200704,1.834848
875,traditional,0.172672,1.484800,0.199680,1.857152
876,traditional,0.181856,1.485824,0.199680,1.867360
877,traditional,0.194176,1.478656,0.199680,1.872512
878,traditional,0.194272,1.472512,0.199680,1.866464
879,traditional,0.181344,1.468416,0.199680,1.849440
880,traditional,0.176480,1.467392,0.200704,1.844576
881,traditional,0.190336,1.522688,0.199680,1.912704
882,traditional,0.166816,1.459200,0.200704,1.826720
883,traditional,0.177632,1.461248,0.199680,1.838560
884,traditional,0.166784,1.460224,0.199680,1.826688
885,traditional,0.174272,1.504256,0.199680,1.878208
886,traditional,0.168992,1.449984,0.199680,1.818656
887,traditional,0.165728,1.458176,0.199680,1.823584
888,traditional,0.169888,1.494016,0.200704,1.864608
889,traditional,0.166560,1.481728,0.212992,1.861280
890,traditional,0.166368,1.469440,0.199680,1.835488
891,traditional,0.185344,1.497088,0.200704,1.883136
892,traditional,0.178016,1.449984,0.199680,1.827680
893,traditional,0.171552,1.443840,0.199680,1.815072
894,traditional,0.183232,1.464320,0.199680,1.847232
895,traditional,0.177760,1.445888,0.199680,1.823328
896,traditional,0.175200,1.458176,0.199680,1.833056
897,traditional,0.176928,1.466368,0.199680,1.842976
898,traditional,0.169728,1.474560,0.200704,1.844992
899,traditional,0.182560,1.477632,0.200704,1.860896
900,traditional,0.171840,1.472512,0.199680,1.844032
901,traditional,0.174976,1.472512,0.200704,1.848192
902,traditional,0.181088,1.449984,0.199680,1.830752
903,traditional,0.166912,1.473536,0.200704,1.841152
904,traditional,0.192480,1.449984,0.200704,1.843168
905,traditional,0.184128,1.453056,0.199680,1.836864
906,traditional,0.204256,1.476608,0.199680,1.880544
907,traditional,0.168576,1.445888,0.199680,1.814144
908,traditional,0.191648,1.447936,0.199680,1.839264
909,traditional,0.169984,1.475584,0.200704,1.846272
910,traditional,0.185440,1.497088,0.203776,1.886304
911,traditional,0.183360,1.461248,0.199680,1.844288
912,traditional,0.166080,1.458176,0.200704,1.824960
913,traditional,0.179136,1.521664,0.200704,1.901504
914,traditional,0.194464,1.476608,0.200704,1.871776
915,traditional,0.179520,1.487872,0.200704,1.868096
916,traditional,0.167456,1.460224,0.200704,1.828384
917,traditional,0.183872,1.449984,0.200704,1.834560
918,traditional,0.175520,1.471488,0.200704,1.847712
919,traditional,0.175712,1.437696,0.199680,1.813088
920,traditional,0.166752,1.468416,0.199680,1.834848
921,traditional,0.175872,1.445888,0.200704,1.822464
922,traditional,0.185856,1.463296,0.200704,1.849856
923,traditional,0.181184,1.479680,0.200704,1.861568
924,traditional,0.182720,1.481728,0.199680,1.864128
925,traditional,0.168800,1.500160,0.200704,1.869664
926,traditional,0.175232,1.434624,0.200704,1.810560
927,traditional,0.177376,1.455104,0.200704,1.833184
928,traditional,0.165344,1.437696,0.203776,1.806816
929,traditional,0.180832,1.444864,0.199680,1.825376
930,traditional,0.169856,1.436672,0.200704,1.807232
931,traditional,0.172736,1.445888,0.200704,1.819328
932,traditional,0.167424,1.442816,0.199680,1.809920
933,traditional,0.182368,1.454080,0.200704,1.837152
934,traditional,0.170496,1.446912,0.199680,1.817088
935,traditional,0.190944,1.446912,0.199680,1.837536
936,traditional,0.188544,1.447936,0.207872,1.844352
937,traditional,0.169248,1.478656,0.211968,1.859872
938,traditional,0.193792,1.463296,0.199680,1.856768
939,traditional,0.187648,1.435648,0.200704,1.824000
940,traditional,0.166368,1.435648,0.199680,1.801696
941,traditional,0.164000,1.482752,0.200704,1.847456
942,traditional,0.167104,1.458176,0.210944,1.836224
943,traditional,0.184192,1.443840,0.199680,1.827712
944,traditional,0.167776,1.455104,0.200704,1.823584
945,traditional,0.172480,1.476608,0.200704,1.849792
946,traditional,0.176416,1.441792,0.199680,1.817888
947,traditional,0.174176,1.451008,0.200704,1.825888
948,traditional,0.186304,1.490944,0.200704,1.877952
949,traditional,0.196960,1.451008,0.201728,1.849696
950,traditional,0.170272,1.452032,0.201728,1.824032
951,traditional,0.232256,1.490944,0.199680,1.922880
952,traditional,0.171616,2.128896,0.205824,2.506336
953,traditional,0.188480,1.471488,0.207872,1.867840
954,traditional,0.180224,1.440768,0.200704,1.821696
955,traditional,0.183328,1.462272,0.200704,1.846304
956,traditional,0.187264,1.481728,0.199680,1.868672
957,traditional,0.176608,1.446912,0.200704,1.824224
958,traditional,0.176992,1.455104,0.199680,1.831776
959,traditional,0.183232,1.430528,0.200704,1.814464
960,traditional,0.182688,1.479680,0.199680,1.862048
961,traditional,0.184384,1.489920,0.206848,1.881152
962,traditional,0.183168,1.472512,0.200704,1.856384
963,traditional,0.169024,1.462272,0.206848,1.838144
964,traditional,0.170144,1.478656,0.201728,1.850528
965,traditional,0.167488,1.465344,0.200704,1.833536
966,traditional,0.180000,1.449984,0.200704,1.830688
967,traditional,0.179968,1.466368,0.200704,1.847040
968,traditional,0.180352,1.434624,0.200704,1.815680
969,traditional,0.169888,1.434624,0.199680,1.804192
970,traditional,0.204608,1.456128,0.200704,1.861440
971,traditional,0.172576,1.455104,0.199680,1.827360
972,traditional,0.164000,1.513472,0.200704,1.878176
973,traditional,0.181696,1.463296,0.212992,1.857984
974,traditional,0.172896,1.444864,0.200704,1.818464
975,traditional,0.223904,1.468416,0.203776,1.896096
976,traditional,0.167424,1.458176,0.200704,1.826304
977,traditional,0.166816,1.458176,0.200704,1.825696
978,traditional,0.185152,1.443840,0.200704,1.829696
979,traditional,0.176640,1.449984,0.200704,1.827328
980,traditional,0.180672,1.435648,0.200704,1.817024
981,traditional,0.175424,1.463296,0.203776,1.842496
982,traditional,0.186048,1.485824,0.199680,1.871552
983,traditional,0.192864,1.465344,0.200704,1.858912
984,traditional,0.180032,1.440768,0.219136,1.839936
985,traditional,0.166336,1.466368,0.200704,1.833408
986,traditional,0.169888,1.464320,0.199680,1.833888
987,traditional,0.190496,1.480704,0.200704,1.871904
988,traditional,0.169568,1.455104,0.199680,1.824352
989,traditional,0.186336,1.464320,0.200704,1.851360
990,traditional,0.163712,1.461248,0.200704,1.825664
991,traditional,0.167936,1.460224,0.200704,1.828864
992,traditional,0.177728,1.484800,0.208896,1.871424
993,traditional,0.180640,1.445888,0.200704,1.827232
994,traditional,0.165952,1.436672,0.212992,1.815616
995,traditional,0.173216,1.430528,0.200704,1.804448
996,traditional,0.174080,1.466368,0.200704,1.841152
997,traditional,0.179008,1.469440,0.200704,1.849152
998,traditional,0.170752,1.479680,0.200704,1.851136
999,traditional,0.199424,1.471488,0.200704,1.871616
1000,traditional,0.180064,1.478656,0.199680,1.858400
1001,traditional,0.185248,1.481728,0.205824,1.872800
1002,traditional,0.186336,1.458176,0.199680,1.844192
1003,traditional,0.166144,1.457152,0.200704,1.824000
1004,traditional,0.183008,1.438720,0.200704,1.822432
1005,traditional,0.169664,1.467392,0.200704,1.837760
1006,traditional,0.165504,1.437696,0.199680,1.802880
1007,traditional,0.168384,1.433600,0.200704,1.802688
1008,traditional,0.168608,1.446912,0.207872,1.823392
1009,traditional,0.182880,1.487872,0.200704,1.871456
1010,traditional,0.181344,1.430528,0.200704,1.812576
1011,traditional,0.166848,1.434624,0.200704,1.802176
1012,traditional,0.166016,1.486848,0.207872,1.860736
1013,traditional,0.168800,1.432576,0.199680,1.801056
1014,traditional,0.183168,1.478656,0.200704,1.862528
1015,traditional,0.165568,1.481728,0.203776,1.851072
1016,traditional,0.165760,1.471488,0.199680,1.836928
1017,traditional,0.181920,1.464320,0.203776,1.850016
1018,traditional,0.179232,1.444864,0.200704,1.824800
1019,traditional,0.169632,1.470464,0.199680,1.839776
1020,traditional,0.185248,1.442816,0.199680,1.827744
1021,traditional,0.167136,1.451008,0.199680,1.817824
1022,traditional,0.185824,1.490944,0.200704,1.877472
1023,traditional,0.166176,1.434624,0.200704,1.801504
1024,traditional,0.166944,1.452032,0.200704,1.819680
1025,traditional,0.166144,1.457152,0.200704,1.824000
1026,traditional,0.172672,1.454080,0.200704,1.827456
1027,traditional,0.167360,1.465344,0.200704,1.833408
1028,traditional,0.177216,1.464320,0.199680,1.841216
1029,traditional,0.178944,1.442816,0.200704,1.822464
1030,traditional,0.193440,1.445888,0.200704,1.840032
1031,traditional,0.180480,1.466368,0.199680,1.846528
1032,traditional,0.192736,1.438720,0.199680,1.831136
1033,traditional,0.184288,1.464320,0.200704,1.849312
1034,traditional,0.180672,1.451008,0.199680,1.831360
1035,traditional,0.181696,1.463296,0.200704,1.845696
1036,traditional,0.171360,1.470464,0.204800,1.846624
1037,traditional,0.178880,1.451008,0.200704,1.830592
1038,traditional,0.164288,1.439744,0.200704,1.804736
1039,traditional,0.169536,1.430528,0.199680,1.799744
1040,traditional,0.171296,1.434624,0.208896,1.814816
1041,traditional,0.180288,1.455104,0.200704,1.836096
1042,traditional,0.170656,1.488896,0.199680,1.859232
1043,traditional,0.168384,1.442816,0.203776,1.814976
1044,traditional,0.164928,1.469440,0.200704,1.835072
1045,traditional,0.177760,1.511424,0.200704,1.889888
1046,traditional,0.167168,1.486848,0.199680,1.853696
1047,traditional,0.182240,1.477632,0.200704,1.860576
1048,traditional,0.176832,1.477632,0.200704,1.855168
1049,traditional,0.167168,1.464320,0.201728,1.833216
1050,traditional,0.202592,1.483776,0.200704,1.887072
1051,traditional,0.182688,1.507328,0.199680,1.889696
1052,traditional,0.184736,1.485824,0.200704,1.871264
1053,traditional,0.191488,1.505280,0.202752,1.899520
1054,traditional,0.166304,1.483776,0.199680,1.849760
1055,traditional,0.170016,1.480704,0.199680,1.850400
1056,traditional,0.187264,1.507328,0.200704,1.895296
1057,traditional,0.170144,1.459200,0.200704,1.830048
1058,traditional,0.175520,1.482752,0.200704,1.858976
1059,traditional,0.164864,1.447936,0.200704,1.813504
1060,traditional,0.191232,1.455104,0.201728,1.848064
1061,traditional,0.188480,1.470464,0.199680,1.858624
1062,traditional,0.165088,1.480704,0.200704,1.846496
1063,traditional,0.168928,1.443840,0.200704,1.813472
1064,traditional,0.184000,1.449984,0.203776,1.837760
1065,traditional,0.185152,1.445888,0.199680,1.830720
1066,traditional,0.165920,1.436672,0.203776,1.806368
1067,traditional,0.172640,1.460224,0.199680,1.832544
1068,traditional,0.171936,1.504256,0.199680,1.875872
1069,traditional,0.184096,1.439744,0.200704,1.824544
1070,traditional,0.169056,1.488896,0.199680,1.857632
1071,traditional,0.172256,1.486848,0.200704,1.859808
1072,traditional,0.170688,1.448960,0.199680,1.819328
1073,traditional,0.179456,1.443840,0.199680,1.822976
1074,traditional,0.181344,1.462272,0.199680,1.843296
1075,traditional,0.170432,1.467392,0.199680,1.837504
1076,traditional,0.182144,1.451008,0.199680,1.832832
1077,traditional,0.192128,1.448960,0.199680,1.840768
1078,traditional,0.166752,1.442816,0.199680,1.809248
1079,traditional,0.175680,1.505280,0.200704,1.881664
1080,traditional,0.171424,1.482752,0.200704,1.854880
1081,traditional,0.166144,1.456128,0.199680,1.821952
1082,traditional,0.204096,1.446912,0.199680,1.850688
1083,traditional,0.169536,1.470464,0.199680,1.839680
1084,traditional,0.172000,1.495040,0.199680,1.866720
1085,traditional,0.173600,1.475584,0.200704,1.849888
1086,traditional,0.172032,1.446912,0.199680,1.818624
1087,traditional,0.164416,1.469440,0.199680,1.833536
1088,traditional,0.173344,1.445888,0.206848,1.826080
1089,traditional,0.183104,1.456128,0.199680,1.838912
1090,traditional,0.166688,1.446912,0.199680,1.813280
1091,traditional,0.165184,1.500160,0.199680,1.865024
1092,traditional,0.166048,1.506304,0.200704,1.873056
1093,traditional,0.165824,1.474560,0.200704,1.841088
1094,traditional,0.169984,1.467392,0.198656,1.836032
1095,traditional,0.177696,1.465344,0.200704,1.843744
1096,traditional,0.182880,1.472512,0.200704,1.856096
1097,traditional,0.178880,1.512448,0.200704,1.892032
1098,traditional,0.167616,1.473536,0.200704,1.841856
1099,traditional,0.169440,1.454080,0.199680,1.823200
1100,traditional,0.181824,1.473536,0.210944,1.866304
1101,traditional,0.195520,1.483776,0.199680,1.878976
1102,traditional,0.173792,1.437696,0.199680,1.811168
1103,traditional,0.164288,1.462272,0.199680,1.826240
1104,traditional,0.175616,1.465344,0.200704,1.841664
1105,traditional,0.165792,1.460224,0.199680,1.825696
1106,traditional,0.182528,1.456128,0.199680,1.838336
1107,traditional,0.170208,1.454080,0.199680,1.823968
1108,traditional,0.196768,1.464320,0.199680,1.860768
1109,traditional,0.168576,1.465344,0.200704,1.834624
1110,traditional,0.165984,1.467392,0.200704,1.834080
1111,traditional,0.190560,1.499136,0.199680,1.889376
1112,traditional,0.178784,1.487872,0.203776,1.870432
1113,traditional,0.179456,1.475584,0.200704,1.855744
1114,traditional,0.167104,1.501184,0.199680,1.867968
1115,traditional,0.166304,1.454080,0.199680,1.820064
1116,traditional,0.169824,1.470464,0.200704,1.840992
1117,traditional,0.184640,1.484800,0.200704,1.870144
1118,traditional,0.174784,1.499136,0.199680,1.873600
1119,traditional,0.166464,1.503232,0.200704,1.870400
1120,traditional,0.193568,1.464320,0.199680,1.857568
1121,traditional,0.227936,1.548288,0.199680,1.975904
1122,traditional,0.179360,1.467392,0.199680,1.846432
1123,traditional,0.173440,1.477632,0.199680,1.850752
1124,traditional,0.170528,1.454080,0.199680,1.824288
1125,traditional,0.182528,1.464320,0.200704,1.847552
1126,traditional,0.181600,1.469440,0.200704,1.851744
1127,traditional,0.170336,1.454080,0.202752,1.827168
1128,traditional,0.191584,1.480704,0.199680,1.871968
1129,traditional,0.176032,1.507328,0.199680,1.883040
1130,traditional,0.167392,1.448960,0.203776,1.820128
1131,traditional,0.177728,1.445888,0.199680,1.823296
1132,traditional,0.169248,1.456128,0.199680,1.825056
1133,traditional,0.166624,1.498112,0.199680,1.864416
1134,traditional,0.181312,1.459200,0.199680,1.840192
1135,traditional,0.172224,1.452032,0.199680,1.823936
1136,traditional,0.178144,1.504256,0.199680,1.882080
1137,traditional,0.181152,1.468416,0.204800,1.854368
1138,traditional,0.196544,1.490944,0.200704,1.888192
1139,traditional,0.180832,1.447936,0.199680,1.828448
1140,traditional,0.186144,1.518592,0.199680,1.904416
1141,traditional,0.180736,1.489920,0.199680,1.870336
1142,traditional,0.182080,1.465344,0.199680,1.847104
1143,traditional,0.165408,1.438720,0.200704,1.804832
1144,traditional,0.182944,1.451008,0.200704,1.834656
1145,traditional,0.173920,1.480704,0.199680,1.854304
1146,traditional,0.171072,1.478656,0.199680,1.849408
1147,traditional,0.169536,1.483776,0.200704,1.854016
1148,traditional,0.195648,1.476608,0.205824,1.878080
1149,traditional,0.185280,1.452032,0.202752,1.840064
1150,traditional,0.169248,1.458176,0.199680,1.827104
1151,traditional,0.193120,1.457152,0.200704,1.850976
1152,traditional,0.185344,1.489920,0.200704,1.875968
1153,traditional,0.171616,1.483776,0.199680,1.855072
1154,traditional,0.192800,1.448960,0.200704,1.842464
1155,traditional,0.171200,1.471488,0.201728,1.844416
1156,traditional,0.183072,1.462272,0.199680,1.845024
1157,traditional,0.174592,1.482752,0.200704,1.858048
1158,traditional,0.168768,1.475584,0.200704,1.845056
1159,traditional,0.181664,1.501184,0.200704,1.883552
1160,traditional,0.177856,1.451008,0.200704,1.829568
1161,traditional,0.204352,1.459200,0.200704,1.864256
1162,traditional,0.191104,1.468416,0.200704,1.860224
1163,traditional,0.171552,1.502208,0.203776,1.877536
1164,traditional,0.171296,1.468416,0.200704,1.840416
1165,traditional,0.166400,1.442816,0.199680,1.808896
1166,traditional,0.166592,1.475584,0.199680,1.841856
1167,traditional,0.170848,1.467392,0.200704,1.838944
1168,traditional,0.184000,1.702912,0.358400,2.245312
1169,traditional,0.188448,1.499136,0.200704,1.888288
1170,traditional,0.174784,1.435648,0.200704,1.811136
1171,traditional,0.166304,1.435648,0.200704,1.802656
1172,traditional,0.184512,1.442816,0.200704,1.828032
1173,traditional,0.168864,1.484800,0.200704,1.854368
1174,traditional,0.172800,1.479680,0.199680,1.852160
1175,traditional,0.167328,1.454080,0.200704,1.822112
1176,traditional,0.169664,1.438720,0.200704,1.809088
1177,traditional,0.169024,1.457152,0.200704,1.826880
1178,traditional,0.170112,1.467392,0.200704,1.838208
1179,traditional,0.179776,1.467392,0.200704,1.847872
1180,traditional,0.169792,1.478656,0.200704,1.849152
1181,traditional,0.166112,1.454080,0.200704,1.820896
1182,traditional,0.170304,1.442816,0.204800,1.817920
1183,traditional,0.170528,1.457152,0.200704,1.828384
1184,traditional,0.170880,1.468416,0.200704,1.840000
1185,traditional,0.174560,1.442816,0.199680,1.817056
1186,traditional,0.184288,1.482752,0.200704,1.867744
1187,traditional,0.182784,1.456128,0.199680,1.838592
1188,traditional,0.173568,1.499136,0.200704,1.873408
1189,traditional,0.178048,1.513472,0.201728,1.893248
1190,traditional,0.173856,1.437696,0.200704,1.812256
1191,traditional,0.181696,1.440768,0.200704,1.823168
1192,traditional,0.166656,1.481728,0.201728,1.850112
1193,traditional,0.173408,1.480704,0.199680,1.853792
1194,traditional,0.167264,1.466368,0.200704,1.834336
1195,traditional,0.190048,1.460224,0.209920,1.860192
1196,traditional,0.176416,1.475584,0.200704,1.852704
1197,traditional,0.168704,1.465344,0.200704,1.834752
1198,traditional,0.165696,1.441792,0.200704,1.808192
1199,traditional,0.165728,1.441792,0.199680,1.807200
1200,traditional,0.203936,1.463296,0.200704,1.867936
1201,traditional,0.169728,1.444864,0.200704,1.815296
1202,traditional,0.178560,1.455104,0.200704,1.834368
1203,traditional,0.168448,1.449984,0.200704,1.819136
1204,traditional,0.170240,1.458176,0.200704,1.829120
1205,traditional,0.171040,1.440768,0.200704,1.812512
1206,traditional,0.177408,1.489920,0.205824,1.873152
1207,traditional,0.183072,1.448960,0.201728,1.833760
1208,traditional,0.168192,1.452032,0.199680,1.819904
1209,traditional,0.169792,1.445888,0.200704,1.816384
1210,traditional,0.176800,1.484800,0.200704,1.862304
1211,traditional,0.166432,1.463296,0.200704,1.830432
1212,traditional,0.164640,1.454080,0.200704,1.819424
1213,traditional,0.167648,1.485824,0.200704,1.854176
1214,traditional,0.165248,1.463296,0.199680,1.828224
1215,traditional,0.186848,1.472512,0.200704,1.860064
1216,traditional,0.186048,1.452032,0.200704,1.838784
1217,traditional,0.184096,1.440768,0.200704,1.825568
1218,traditional,0.177600,1.454080,0.200704,1.832384
1219,traditional,0.190336,1.474560,0.200704,1.865600
1220,traditional,0.183808,1.468416,0.212992,1.865216
1221,traditional,0.194944,1.478656,0.199680,1.873280
1222,traditional,0.188704,1.509376,0.206848,1.904928
1223,traditional,0.169152,1.453056,0.200704,1.822912
1224,traditional,0.186048,1.484800,0.200704,1.871552
1225,traditional,0.164672,1.449984,0.200704,1.815360
1226,traditional,0.178592,1.446912,0.200704,1.826208
1227,traditional,0.169824,1.512448,0.200704,1.882976
1228,traditional,0.179840,1.484800,0.200704,1.865344
1229,traditional,0.173504,1.481728,0.200704,1.855936
1230,traditional,0.178592,1.456128,0.200704,1.835424
1231,traditional,0.189280,1.472512,0.200704,1.862496
1232,traditional,0.170336,1.485824,0.200704,1.856864
1233,traditional,0.187520,1.456128,0.202752,1.846400
1234,traditional,0.165408,1.443840,0.201728,1.810976
1235,traditional,0.181440,1.448960,0.200704,1.831104
1236,traditional,0.186112,1.470464,0.200704,1.857280
1237,traditional,0.175616,1.437696,0.200704,1.814016
1238,traditional,0.172704,1.460224,0.200704,1.833632
1239,traditional,0.165376,1.443840,0.200704,1.809920
1240,traditional,0.175584,1.485824,0.200704,1.862112
1241,traditional,0.182464,1.467392,0.211968,1.861824
1242,traditional,0.220384,1.447936,0.200704,1.869024
1243,traditional,0.196736,1.477632,0.200704,1.875072
1244,traditional,0.183584,1.459200,0.203776,1.846560
1245,traditional,0.180320,1.473536,0.200704,1.854560
1246,traditional,0.188192,1.501184,0.200704,1.890080
1247,traditional,0.171936,1.449984,0.200704,1.822624
1248,traditional,0.165760,1.466368,0.210944,1.843072
1249,traditional,0.195968,1.446912,0.200704,1.843584
1250,traditional,0.181664,1.483776,0.200704,1.866144
1251,traditional,0.175424,1.449984,0.200704,1.826112
1252,traditional,0.181632,1.465344,0.200704,1.847680
1253,traditional,0.166944,1.443840,0.200704,1.811488
1254,traditional,0.172960,1.448960,0.200704,1.822624
1255,traditional,0.177472,1.451008,0.199680,1.828160
1256,traditional,0.186944,1.481728,0.200704,1.869376
1257,traditional,0.168512,1.458176,0.212992,1.839680
1258,traditional,0.191552,1.446912,0.200704,1.839168
1259,traditional,0.168448,1.508352,0.200704,1.877504
1260,traditional,0.175392,1.481728,0.200704,1.857824
1261,traditional,0.168288,1.445888,0.200704,1.814880
1262,traditional,0.172448,1.472512,0.199680,1.844640
1263,traditional,0.170624,1.487872,0.200704,1.859200
1264,traditional,0.164032,1.460224,0.200704,1.824960
1265,traditional,0.168576,1.442816,0.200704,1.812096
1266,traditional,0.196608,1.461248,0.200704,1.858560
1267,traditional,0.175904,1.436672,0.200704,1.813280
1268,traditional,0.186848,1.445888,0.200704,1.833440
1269,traditional,0.180608,1.453056,0.200704,1.834368
1270,traditional,0.168992,1.459200,0.212992,1.841184
1271,traditional,0.195584,1.486848,0.200704,1.883136
1272,traditional,0.185344,1.456128,0.200704,1.842176
1273,traditional,0.170336,1.480704,0.200704,1.851744
1274,traditional,0.171232,1.479680,0.200704,1.851616
1275,traditional,0.190144,1.484800,0.200704,1.875648
1276,traditional,0.185536,1.480704,0.200704,1.866944
1277,traditional,0.184416,1.460224,0.201728,1.846368
1278,traditional,0.165088,1.449984,0.200704,1.815776
1279,traditional,0.198528,1.462272,0.200704,1.861504
1280,traditional,0.172320,1.479680,0.200704,1.852704
1281,traditional,0.174336,1.447936,0.199680,1.821952
1282,traditional,0.166080,1.466368,0.201728,1.834176
1283,traditional,0.182272,1.507328,0.200704,1.890304
1284,traditional,0.164224,1.476608,0.200704,1.841536
1285,traditional,0.168640,1.481728,0.200704,1.851072
1286,traditional,0.183232,1.482752,0.200704,1.866688
1287,traditional,0.185024,1.483776,0.200704,1.869504
1288,traditional,0.183040,1.453056,0.200704,1.836800
1289,traditional,0.163488,1.458176,0.200704,1.822368
1290,traditional,0.173280,1.451008,0.200704,1.824992
1291,traditional,0.178688,1.503232,0.200704,1.882624
1292,traditional,0.190496,1.457152,0.200704,1.848352
1293,traditional,0.173504,1.498112,0.209920,1.881536
1294,traditional,0.171968,1.476608,0.200704,1.849280
1295,traditional,0.190240,1.489920,0.200704,1.880864
1296,traditional,0.168576,1.458176,0.201728,1.828480
1297,traditional,0.165376,1.464320,0.206848,1.836544
1298,traditional,0.172384,1.472512,0.200704,1.845600
1299,traditional,0.173568,1.456128,0.199680,1.829376
1300,traditional,0.174272,1.457152,0.209920,1.841344
1301,traditional,0.176352,1.459200,0.199680,1.835232
1302,traditional,0.169984,1.464320,0.200704,1.835008
1303,traditional,0.180864,1.446912,0.200704,1.828480
1304,traditional,0.171584,1.445888,0.199680,1.817152
1305,traditional,0.170304,1.469440,0.200704,1.840448
1306,traditional,0.165760,1.462272,0.200704,1.828736
1307,traditional,0.178944,1.439744,0.200704,1.819392
1308,traditional,0.171680,1.498112,0.199680,1.869472
1309,traditional,0.168608,1.439744,0.200704,1.809056
1310,traditional,0.170784,1.441792,0.199680,1.812256
1311,traditional,0.166624,2.323456,0.378880,2.868960
1312,traditional,0.314592,2.375680,0.200704,2.890976
1313,traditional,0.217120,1.491968,0.199680,1.908768
1314,traditional,0.299840,2.863104,0.377856,3.540800
1315,traditional,0.298176,1.870848,0.200704,2.369728
1316,traditional,0.180032,1.438720,0.199680,1.818432
1317,traditional,0.202016,1.461248,0.200704,1.863968
1318,traditional,0.190528,1.447936,0.199680,1.838144
1319,traditional,0.181664,1.439744,0.200704,1.822112
1320,traditional,0.170688,1.444864,0.199680,1.815232
1321,traditional,0.181824,1.461248,0.209920,1.852992
1322,traditional,0.165824,1.454080,0.199680,1.819584
1323,traditional,0.196064,1.461248,0.199680,1.856992
1324,traditional,0.169248,1.464320,0.201728,1.835296
1325,traditional,0.166816,1.491968,0.199680,1.858464
1326,traditional,0.182720,1.485824,0.200704,1.869248
1327,traditional,0.165024,1.466368,0.200704,1.832096
1328,traditional,0.171936,1.484800,0.200704,1.857440
1329,traditional,0.169664,1.457152,0.200704,1.827520
1330,traditional,0.173824,1.458176,0.199680,1.831680
1331,traditional,0.171264,1.464320,0.212992,1.848576
1332,traditional,0.171264,1.461248,0.199680,1.832192
1333,traditional,0.166144,1.445888,0.200704,1.812736
1334,traditional,0.167520,1.461248,0.199680,1.828448
1335,traditional,0.172288,1.447936,0.199680,1.819904
1336,traditional,0.166528,1.441792,0.200704,1.809024
1337,traditional,0.187968,1.470464,0.199680,1.858112
1338,traditional,0.297088,2.844672,0.381952,3.523712
1339,traditional,0.565504,2.144256,0.199680,2.909440
1340,traditional,0.172768,1.442816,0.199680,1.815264
1341,traditional,0.167904,1.437696,0.199680,1.805280
1342,traditional,0.271104,2.846720,0.377856,3.495680
1343,traditional,0.297760,2.532352,0.200704,3.030816
1344,traditional,0.168768,1.432576,0.199680,1.801024
1345,traditional,0.181248,1.446912,0.199680,1.827840
1346,traditional,0.178624,1.478656,0.199680,1.856960
1347,traditional,0.173152,1.476608,0.199680,1.849440
1348,traditional,0.176160,1.454080,0.200704,1.830944
1349,traditional,0.194208,1.485824,0.199680,1.879712
1350,traditional,0.185184,1.496064,0.199680,1.880928
1351,traditional,0.181536,1.513472,0.239616,1.934624
1352,traditional,0.191648,1.730560,0.238592,2.160800
1353,traditional,0.191104,1.758208,0.237568,2.186880
1354,traditional,0.189856,1.719296,0.231424,2.140576
1355,traditional,0.187520,1.709056,0.234496,2.131072
1356,traditional,0.184992,1.680384,0.229376,2.094752
1357,traditional,0.195520,1.713152,0.229376,2.138048
1358,traditional,0.198752,1.713152,0.228352,2.140256
1359,traditional,0.192480,1.725440,0.232448,2.150368
1360,traditional,0.186976,1.725440,0.232448,2.144864
1361,traditional,0.201088,1.703936,0.233472,2.138496
1362,traditional,0.212192,1.714176,0.232448,2.158816
1363,traditional,0.187712,1.718272,0.231424,2.137408
1364,traditional,0.206944,1.680384,0.230400,2.117728
1365,traditional,0.195744,1.711104,0.231424,2.138272
1366,traditional,0.192736,1.727488,0.230400,2.150624
1367,traditional,0.187264,1.703936,0.230400,2.121600
1368,traditional,0.188192,1.698816,0.232448,2.119456
1369,traditional,0.187584,1.740800,0.232448,2.160832
1370,traditional,0.192896,1.752064,0.233472,2.178432
1371,traditional,0.186528,1.724416,0.235520,2.146464
1372,traditional,0.196544,1.742848,0.232448,2.171840
1373,traditional,0.209728,1.720320,0.226304,2.156352
1374,traditional,0.182848,1.666048,0.226304,2.075200
1375,traditional,0.190016,1.702912,0.227328,2.120256
1376,traditional,0.196352,1.721344,0.226304,2.144000
1377,traditional,0.214656,1.686528,0.224256,2.125440
1378,traditional,0.184064,1.641472,0.223232,2.048768
1379,traditional,0.179488,1.636352,0.223232,2.039072
1380,traditional,0.182816,1.650688,0.222208,2.055712
1381,traditional,0.182176,1.653760,0.222208,2.058144
1382,traditional,0.183808,1.619968,0.223232,2.027008
1383,traditional,0.181408,1.614848,0.222208,2.018464
1384,traditional,0.192320,1.635328,0.224256,2.051904
1385,traditional,0.194624,1.660928,0.224256,2.079808
1386,traditional,0.184704,1.630208,0.225280,2.040192
1387,traditional,0.184256,1.643520,0.224256,2.052032
1388,traditional,0.190880,1.653760,0.225280,2.069920
1389,traditional,0.183584,1.679360,0.226304,2.089248
1390,traditional,0.188960,1.639424,0.226304,2.054688
1391,traditional,0.186784,1.673216,0.226304,2.086304
1392,traditional,0.191040,1.666048,0.226304,2.083392
1393,traditional,0.199616,1.724416,0.227328,2.151360
1394,traditional,0.242528,1.687552,0.232448,2.162528
1395,traditional,0.188128,1.699840,0.232448,2.120416
1396,traditional,0.204512,1.708032,0.232448,2.144992
1397,traditional,0.187200,1.727488,0.232448,2.147136
1398,traditional,0.189120,1.733632,0.233472,2.156224
1399,traditional,0.186848,1.730560,0.233472,2.150880
1400,traditional,0.198272,1.695744,0.242688,2.136704
1401,traditional,0.198752,1.714176,0.232448,2.145376
1402,traditional,0.187616,1.710080,0.232448,2.130144
1403,traditional,0.187008,1.625088,0.209920,2.022016
1404,traditional,0.169472,1.525760,0.210944,1.906176
1405,traditional,0.176864,1.554432,0.208896,1.940192
1406,traditional,0.181696,1.469440,0.200704,1.851840
1407,traditional,0.172000,1.453056,0.200704,1.825760
1408,traditional,0.178656,1.448960,0.210944,1.838560
1409,traditional,0.174464,1.445888,0.200704,1.821056
1410,traditional,0.186400,1.466368,0.200704,1.853472
1411,traditional,0.172832,1.445888,0.200704,1.819424
1412,traditional,0.193248,1.451008,0.199680,1.843936
1413,traditional,0.175776,1.439744,0.204800,1.820320
1414,traditional,0.184192,1.451008,0.203776,1.838976
1415,traditional,0.182784,1.469440,0.199680,1.851904
1416,traditional,0.177696,1.457152,0.200704,1.835552
1417,traditional,0.169952,1.461248,0.200704,1.831904
1418,traditional,0.182304,1.473536,0.200704,1.856544
1419,traditional,0.192064,1.460224,0.200704,1.852992
1420,traditional,0.176064,1.460224,0.200704,1.836992
1421,traditional,0.195520,1.473536,0.220160,1.889216
1422,traditional,0.169376,1.567744,0.200704,1.937824
1423,traditional,0.166080,1.460224,0.199680,1.825984
1424,traditional,0.174720,1.453056,0.200704,1.828480
1425,traditional,0.173920,1.445888,0.199680,1.819488
1426,traditional,0.187232,1.456128,0.199680,1.843040
1427,traditional,0.184832,1.472512,0.202752,1.860096
1428,traditional,0.173856,1.464320,0.200704,1.838880
1429,traditional,0.177408,1.454080,0.203776,1.835264
1430,traditional,0.174592,1.462272,0.199680,1.836544
1431,traditional,0.172416,1.461248,0.200704,1.834368
1432,traditional,0.178816,1.438720,0.204800,1.822336
1433,traditional,0.170048,1.445888,0.200704,1.816640
1434,traditional,0.167968,1.446912,0.200704,1.815584
1435,traditional,0.181472,1.483776,0.199680,1.864928
1436,traditional,0.209120,1.477632,0.200704,1.887456
1437,traditional,0.174304,1.452032,0.200704,1.827040
1438,traditional,0.193504,1.462272,0.199680,1.855456
1439,traditional,0.181344,1.477632,0.200704,1.859680
1440,traditional,0.177088,1.468416,0.199680,1.845184
1441,traditional,0.172832,1.504256,0.199680,1.876768
1442,traditional,0.207552,1.447936,0.200704,1.856192
1443,traditional,0.171552,1.440768,0.200704,1.813024
1444,traditional,0.175840,1.438720,0.200704,1.815264
1445,traditional,0.169664,1.484800,0.199680,1.854144
1446,traditional,0.171296,1.455104,0.199680,1.826080
1447,traditional,0.165184,1.444864,0.200704,1.810752
1448,traditional,0.174336,1.446912,0.200704,1.821952
1449,traditional,0.165248,1.453056,0.200704,1.819008
1450,traditional,0.173728,1.457152,0.201728,1.832608
1451,traditional,0.194560,1.439744,0.200704,1.835008
1452,traditional,0.167808,1.449984,0.200704,1.818496
1453,traditional,0.173472,1.470464,0.204800,1.848736
1454,traditional,0.165824,1.466368,0.199680,1.831872
1455,traditional,0.179648,1.434624,0.203776,1.818048
1456,traditional,0.190112,1.449984,0.200704,1.840800
1457,traditional,0.169280,1.454080,0.200704,1.824064
1458,traditional,0.191328,1.459200,0.200704,1.851232
1459,traditional,0.182208,1.465344,0.200704,1.848256
1460,traditional,0.190464,1.435648,0.199680,1.825792
1461,traditional,0.182656,1.441792,0.202752,1.827200
1462,traditional,0.174560,1.478656,0.200704,1.853920
1463,traditional,0.167200,1.436672,0.203776,1.807648
1464,traditional,0.167104,1.458176,0.200704,1.825984
1465,traditional,0.164864,1.436672,0.200704,1.802240
1466,traditional,0.180192,1.505280,0.199680,1.885152
1467,traditional,0.168096,1.435648,0.199680,1.803424
1468,traditional,0.193472,1.442816,0.200704,1.836992
1469,traditional,0.200704,1.456128,0.200704,1.857536
1470,traditional,0.178880,1.435648,0.199680,1.814208
1471,traditional,0.184192,1.461248,0.199680,1.845120
1472,traditional,0.171424,1.487872,0.199680,1.858976
1473,traditional,0.180384,1.448960,0.200704,1.830048
1474,traditional,0.172032,1.474560,0.200704,1.847296
1475,traditional,0.184288,1.487872,0.200704,1.872864
1476,traditional,0.177056,1.487872,0.201728,1.866656
1477,traditional,0.174368,1.497088,0.199680,1.871136
1478,traditional,0.185984,1.487872,0.200704,1.874560
1479,traditional,0.165216,1.452032,0.199680,1.816928
1480,traditional,0.170720,1.458176,0.200704,1.829600
1481,traditional,0.166976,1.463296,0.199680,1.829952
1482,traditional,0.169952,1.448960,0.200704,1.819616
1483,traditional,0.182432,1.438720,0.200704,1.821856
1484,traditional,0.192032,1.472512,0.199680,1.864224
1485,traditional,0.165952,1.438720,0.200704,1.805376
1486,traditional,0.165248,1.466368,0.200704,1.832320
1487,traditional,0.169536,1.446912,0.199680,1.816128
1488,traditional,0.169408,1.445888,0.199680,1.814976
1489,traditional,0.182816,1.459200,0.200704,1.842720
1490,traditional,0.187328,1.472512,0.200704,1.860544
1491,traditional,0.170208,1.437696,0.199680,1.807584
1492,traditional,0.176064,1.456128,0.199680,1.831872
1493,traditional,0.171200,1.441792,0.199680,1.812672
1494,traditional,0.167392,1.440768,0.199680,1.807840
1495,traditional,0.168352,1.466368,0.200704,1.835424
1496,traditional,0.172640,1.484800,0.206848,1.864288
1497,traditional,0.181472,1.468416,0.200704,1.850592
1498,traditional,0.173472,1.445888,0.200704,1.820064
1499,traditional,0.181376,1.453056,0.200704,1.835136
1500,traditional,0.166368,1.444864,0.200704,1.811936
1501,traditional,0.190432,1.442816,0.200704,1.833952
1502,traditional,0.179616,1.478656,0.200704,1.858976
1503,traditional,0.191936,1.470464,0.200704,1.863104
1504,traditional,0.166048,1.449984,0.199680,1.815712
1505,traditional,0.167072,1.474560,0.199680,1.841312
1506,traditional,0.192704,1.467392,0.199680,1.859776
1507,traditional,0.173984,1.445888,0.200704,1.820576
1508,traditional,0.167744,1.457152,0.199680,1.824576
1509,traditional,0.179392,1.457152,0.199680,1.836224
1510,traditional,0.184960,1.484800,0.200704,1.870464
1511,traditional,0.169888,1.508352,0.199680,1.877920
1512,traditional,0.174432,1.461248,0.200704,1.836384
1513,traditional,0.193536,1.458176,0.199680,1.851392
1514,traditional,0.170784,1.460224,0.200704,1.831712
1515,traditional,0.183296,1.448960,0.199680,1.831936
1516,traditional,0.184320,1.468416,0.199680,1.852416
1517,traditional,0.168960,1.469440,0.200704,1.839104
1518,traditional,0.170112,1.468416,0.200704,1.839232
1519,traditional,0.166464,1.455104,0.200704,1.822272
1520,traditional,0.184288,1.442816,0.199680,1.826784
1521,traditional,0.182272,1.483776,0.200704,1.866752
1522,traditional,0.188896,1.472512,0.199680,1.861088
1523,traditional,0.166752,1.465344,0.200704,1.832800
1524,traditional,0.182720,1.461248,0.200704,1.844672
1525,traditional,0.175744,1.512448,0.200704,1.888896
1526,traditional,0.181568,1.468416,0.199680,1.849664
1527,traditional,0.170848,1.475584,0.199680,1.846112
1528,traditional,0.180416,1.511424,0.199680,1.891520
1529,traditional,0.185664,1.461248,0.199680,1.846592
1530,traditional,0.169568,1.515520,0.200704,1.885792
1531,traditional,0.177088,1.481728,0.199680,1.858496
1532,traditional,0.169952,1.728512,0.200704,2.099168
1533,traditional,0.168000,1.499136,0.199680,1.866816
1534,traditional,0.169824,1.468416,0.200704,1.838944
1535,traditional,0.183520,1.473536,0.199680,1.856736
1536,traditional,0.184864,1.451008,0.199680,1.835552
1537,traditional,0.195424,1.459200,0.199680,1.854304
1538,traditional,0.170144,1.476608,0.199680,1.846432
1539,traditional,0.169056,1.455104,0.200704,1.824864
1540,traditional,0.208576,1.475584,0.199680,1.883840
1541,traditional,0.181696,1.460224,0.200704,1.842624
1542,traditional,0.175872,1.485824,0.199680,1.861376
1543,traditional,0.177824,1.494016,0.200704,1.872544
1544,traditional,0.187232,1.459200,0.205824,1.852256
1545,traditional,0.191232,1.485824,0.199680,1.876736
1546,traditional,0.181600,1.477632,0.199680,1.858912
1547,traditional,0.174656,1.468416,0.199680,1.842752
1548,traditional,0.203200,1.464320,0.202752,1.870272
1549,traditional,0.184608,1.440768,0.199680,1.825056
1550,traditional,0.175296,1.439744,0.199680,1.814720
1551,traditional,0.167936,1.440768,0.199680,1.808384
1552,traditional,0.166208,1.441792,0.200704,1.808704
1553,traditional,0.185344,1.477632,0.199680,1.862656
1554,traditional,0.176768,1.456128,0.199680,1.832576
1555,traditional,0.166048,1.446912,0.203776,1.816736
1556,traditional,0.166336,1.442816,0.199680,1.808832
1557,traditional,0.172480,1.465344,0.199680,1.837504
1558,traditional,0.170112,1.475584,0.200704,1.846400
1559,traditional,0.173024,1.456128,0.200704,1.829856
1560,traditional,0.174336,1.462272,0.199680,1.836288
1561,traditional,0.169728,1.502208,0.225280,1.897216
1562,traditional,0.167808,1.478656,0.199680,1.846144
1563,traditional,0.165632,1.468416,0.199680,1.833728
1564,traditional,0.184928,1.465344,0.200704,1.850976
1565,traditional,0.169248,1.486848,0.199680,1.855776
1566,traditional,0.196448,1.519616,0.200704,1.916768
1567,traditional,0.171200,1.455104,0.199680,1.825984
1568,traditional,0.174304,1.474560,0.199680,1.848544
1569,traditional,0.179072,1.466368,0.200704,1.846144
1570,traditional,0.164992,1.471488,0.200704,1.837184
1571,traditional,0.165920,1.448960,0.203776,1.818656
1572,traditional,0.179168,1.471488,0.199680,1.850336
1573,traditional,0.169056,1.442816,0.199680,1.811552
1574,traditional,0.173120,1.465344,0.199680,1.838144
1575,traditional,0.181024,1.461248,0.199680,1.841952
1576,traditional,0.169120,2.162688,0.204800,2.536608
1577,traditional,0.165440,1.456128,0.203776,1.825344
1578,traditional,0.175296,1.438720,0.200704,1.814720
1579,traditional,0.181088,1.445888,0.200704,1.827680
1580,traditional,0.178080,1.446912,0.199680,1.824672
1581,traditional,0.173696,1.443840,0.206848,1.824384
1582,traditional,0.178336,1.442816,0.199680,1.820832
1583,traditional,0.183072,1.461248,0.200704,1.845024
1584,traditional,0.172480,1.453056,0.203776,1.829312
1585,traditional,0.170400,1.435648,0.199680,1.805728
1586,traditional,0.172160,1.464320,0.199680,1.836160
1587,traditional,0.174144,1.480704,0.199680,1.854528
1588,traditional,0.194784,1.461248,0.199680,1.855712
1589,traditional,0.178400,1.473536,0.199680,1.851616
1590,traditional,0.181920,1.464320,0.199680,1.845920
1591,traditional,0.181344,1.458176,0.199680,1.839200
1592,traditional,0.176800,1.463296,0.200704,1.840800
1593,traditional,0.166432,1.456128,0.199680,1.822240
1594,traditional,0.184000,1.487872,0.202752,1.874624
1595,traditional,0.188704,1.449984,0.199680,1.838368
1596,traditional,0.166400,1.468416,0.200704,1.835520
1597,traditional,0.172736,1.460224,0.212992,1.845952
1598,traditional,0.166656,1.484800,0.199680,1.851136
1599,traditional,0.185248,1.467392,0.200704,1.853344
1600,traditional,0.226976,2.866176,0.378880,3.472032
1601,traditional,0.574112,2.319360,0.200704,3.094176
1602,traditional,0.182912,1.473536,0.200704,1.857152
1603,traditional,0.181600,1.448960,0.200704,1.831264
1604,traditional,0.188608,1.457152,0.211968,1.857728
1605,traditional,0.168832,1.448960,0.199680,1.817472
1606,traditional,0.182944,1.476608,0.200704,1.860256
1607,traditional,0.190976,1.515520,0.199680,1.906176
1608,traditional,0.170880,1.471488,0.200704,1.843072
1609,traditional,0.192800,1.486848,0.200704,1.880352
1610,traditional,0.174400,1.478656,0.199680,1.852736
1611,traditional,0.181632,1.461248,0.199680,1.842560
1612,traditional,0.169952,1.492992,0.200704,1.863648
1613,traditional,0.186784,1.556480,0.211968,1.955232
1614,traditional,0.185984,1.588224,0.211968,1.986176
1615,traditional,0.185920,1.545216,0.209920,1.941056
1616,traditional,0.176672,1.526784,0.210944,1.914400
1617,traditional,0.199456,1.572864,0.209920,1.982240
1618,traditional,0.183968,1.556480,0.210944,1.951392
1619,traditional,0.192288,1.575936,0.210944,1.979168
1620,traditional,0.196256,1.594368,0.211968,2.002592
1621,traditional,0.174272,1.579008,0.211968,1.965248
1622,traditional,0.188832,1.563648,0.210944,1.963424
1623,traditional,0.183680,1.553408,0.211968,1.949056
1624,traditional,0.177600,1.543168,0.210944,1.931712
1625,traditional,0.197760,1.547264,0.210944,1.955968
1626,traditional,0.181760,1.538048,0.210944,1.930752
1627,traditional,0.184704,1.551360,0.210944,1.947008
1628,traditional,0.179200,1.567744,0.211968,1.958912
1629,traditional,0.174304,1.557504,0.211968,1.943776
1630,traditional,0.187616,1.582080,0.212992,1.982688
1631,traditional,0.173312,1.536000,0.212992,1.922304
1632,traditional,0.208736,1.566720,0.212992,1.988448
1633,traditional,0.178944,1.593344,0.219136,1.991424
1634,traditional,0.188096,1.611776,0.212992,2.012864
1635,traditional,0.185568,1.560576,0.212992,1.959136
1636,traditional,0.198016,1.609728,0.219136,2.026880
1637,traditional,0.173728,1.609728,0.214016,1.997472
1638,traditional,0.187008,1.558528,0.212992,1.958528
1639,traditional,0.184032,1.579008,0.212992,1.976032
1640,traditional,0.172640,1.575936,0.212992,1.961568
1641,traditional,0.199456,1.554432,0.212992,1.966880
1642,traditional,0.186112,1.569792,0.212992,1.968896
1643,traditional,0.198208,1.554432,0.212992,1.965632
1644,traditional,0.195104,1.552384,0.211968,1.959456
1645,traditional,0.185344,1.583104,0.211968,1.980416
1646,traditional,0.181504,1.548288,0.210944,1.940736
1647,traditional,0.209536,1.538048,0.211968,1.959552
1648,traditional,0.183872,1.532928,0.210944,1.927744
1649,traditional,0.171168,1.547264,0.209920,1.928352
1650,traditional,0.195776,1.542144,0.214016,1.951936
1651,traditional,0.184608,1.556480,0.209920,1.951008
1652,traditional,0.188928,1.531904,0.215040,1.935872
1653,traditional,0.167968,1.506304,0.206848,1.881120
1654,traditional,0.170240,1.508352,0.206848,1.885440
1655,traditional,0.178208,1.511424,0.214016,1.903648
1656,traditional,0.166656,1.503232,0.206848,1.876736
1657,traditional,0.188832,1.500160,0.206848,1.895840
1658,traditional,0.181824,1.504256,0.206848,1.892928
1659,traditional,0.188576,1.489920,0.206848,1.885344
1660,traditional,0.184608,1.497088,0.206848,1.888544
1661,traditional,0.174432,1.500160,0.206848,1.881440
1662,traditional,0.174176,1.511424,0.211968,1.897568
1663,traditional,0.177760,1.570816,0.212992,1.961568
1664,traditional,0.180480,1.556480,0.212992,1.949952
1665,traditional,0.175328,1.533952,0.207872,1.917152
1666,traditional,0.168288,1.517568,0.207872,1.893728
1667,traditional,0.170912,1.524736,0.207872,1.903520
1668,traditional,0.170912,1.529856,0.204800,1.905568
1669,traditional,0.176512,1.491968,0.204800,1.873280
1670,traditional,0.179712,1.472512,0.204800,1.857024
1671,traditional,0.167616,1.511424,0.205824,1.884864
1672,traditional,0.168352,1.477632,0.204800,1.850784
1673,traditional,0.169504,1.497088,0.202752,1.869344
1674,traditional,0.180448,1.467392,0.202752,1.850592
1675,traditional,0.183104,1.525760,0.202752,1.911616
1676,traditional,0.171968,1.475584,0.201728,1.849280
1677,traditional,0.182016,1.480704,0.202752,1.865472
1678,traditional,0.176960,1.478656,0.201728,1.857344
1679,traditional,0.180704,1.459200,0.201728,1.841632
1680,traditional,0.177760,1.478656,0.200704,1.857120
1681,traditional,0.184672,1.453056,0.201728,1.839456
1682,traditional,0.165824,1.476608,0.201728,1.844160
1683,traditional,0.167968,1.491968,0.201728,1.861664
1684,traditional,0.191680,1.495040,0.201728,1.888448
1685,traditional,0.165600,1.474560,0.203776,1.843936
1686,traditional,0.182944,1.483776,0.201728,1.868448
1687,traditional,0.181344,1.517568,0.201728,1.900640
1688,traditional,0.179328,1.464320,0.201728,1.845376
1689,traditional,0.171360,1.528832,0.206848,1.907040
1690,traditional,0.168768,1.524736,0.206848,1.900352
1691,traditional,0.169120,1.524736,0.206848,1.900704
1692,traditional,0.176512,1.497088,0.206848,1.880448
1693,traditional,0.192480,1.506304,0.206848,1.905632
1694,traditional,0.169728,1.485824,0.206848,1.862400
1695,traditional,0.175424,1.565696,0.203776,1.944896
1696,traditional,0.169280,1.467392,0.205824,1.842496
1697,traditional,0.180544,1.473536,0.204800,1.858880
1698,traditional,0.180608,1.479680,0.203776,1.864064
1699,traditional,0.205856,1.524736,0.203776,1.934368
1700,traditional,0.174752,1.462272,0.203776,1.840800
1701,traditional,0.178304,1.462272,0.202752,1.843328
1702,traditional,0.202304,1.480704,0.204800,1.887808
1703,traditional,0.169056,1.472512,0.202752,1.844320
1704,traditional,0.175360,1.479680,0.202752,1.857792
1705,traditional,0.171936,1.477632,0.206848,1.856416
1706,traditional,0.169312,1.491968,0.205824,1.867104
1707,traditional,0.167712,1.487872,0.206848,1.862432
1708,traditional,0.197632,1.510400,0.205824,1.913856
1709,traditional,0.185984,1.494016,0.206848,1.886848
1710,traditional,0.170336,1.495040,0.205824,1.871200
1711,traditional,0.172800,1.515520,0.205824,1.894144
1712,traditional,0.207680,1.515520,0.206848,1.930048
1713,traditional,0.177216,1.498112,0.205824,1.881152
1714,traditional,0.171040,1.475584,0.203776,1.850400
1715,traditional,0.176896,1.513472,0.204800,1.895168
1716,traditional,0.178144,1.475584,0.203776,1.857504
1717,traditional,0.198848,1.502208,0.202752,1.903808
1718,traditional,0.186016,1.504256,0.202752,1.893024
1719,traditional,0.171744,1.481728,0.202752,1.856224
1720,traditional,0.171264,1.477632,0.203776,1.852672
1721,traditional,0.174656,1.446912,0.200704,1.822272
1722,traditional,0.174048,1.446912,0.200704,1.821664
1723,traditional,0.168096,1.434624,0.200704,1.803424
1724,traditional,0.165024,1.437696,0.199680,1.802400
1725,traditional,0.191840,1.437696,0.200704,1.830240
1726,traditional,0.164640,1.449984,0.200704,1.815328
1727,traditional,0.164928,1.445888,0.200704,1.811520
1728,traditional,0.190432,1.472512,0.200704,1.863648
1729,traditional,0.168000,1.473536,0.200704,1.842240
1730,traditional,0.164768,1.470464,0.199680,1.834912
1731,traditional,0.168608,1.468416,0.200704,1.837728
1732,traditional,0.195744,1.494016,0.200704,1.890464
1733,traditional,0.168960,1.465344,0.200704,1.835008
1734,traditional,0.177440,1.452032,0.200704,1.830176
1735,traditional,0.178656,1.440768,0.200704,1.820128
1736,traditional,0.174912,1.446912,0.200704,1.822528
1737,traditional,0.172128,1.451008,0.200704,1.823840
1738,traditional,0.181120,1.438720,0.199680,1.819520
1739,traditional,0.185536,1.443840,0.199680,1.829056
1740,traditional,0.166304,1.463296,0.200704,1.830304
1741,traditional,0.172256,1.470464,0.200704,1.843424
1742,traditional,0.168864,1.481728,0.200704,1.851296
1743,traditional,0.165760,1.451008,0.199680,1.816448
1744,traditional,0.181792,1.448960,0.200704,1.831456
1745,traditional,0.178656,1.436672,0.199680,1.815008
1746,traditional,0.170816,1.455104,0.200704,1.826624
1747,traditional,0.172512,1.477632,0.200704,1.850848
1748,traditional,0.194464,1.453056,0.199680,1.847200
1749,traditional,0.190496,1.454080,0.200704,1.845280
1750,traditional,0.165856,1.449984,0.199680,1.815520
1751,traditional,0.182432,1.471488,0.200704,1.854624
1752,traditional,0.184800,1.497088,0.200704,1.882592
1753,traditional,0.181632,1.488896,0.200704,1.871232
1754,traditional,0.168352,1.487872,0.200704,1.856928
1755,traditional,0.189952,1.451008,0.200704,1.841664
1756,traditional,0.168320,1.494016,0.200704,1.863040
1757,traditional,0.169600,1.453056,0.199680,1.822336
1758,traditional,0.166784,1.451008,0.200704,1.818496
1759,traditional,0.169216,1.442816,0.200704,1.812736
1760,traditional,0.170592,1.436672,0.199680,1.806944
1761,traditional,0.190816,2.376704,0.390144,2.957664
1762,traditional,0.302304,2.036736,0.200704,2.539744
1763,traditional,0.172128,1.465344,0.200704,1.838176
1764,traditional,0.167520,1.481728,0.200704,1.849952
1765,traditional,0.185408,1.467392,0.200704,1.853504
1766,traditional,0.183168,1.517568,0.200704,1.901440
1767,traditional,0.171232,1.482752,0.200704,1.854688
1768,traditional,0.190752,1.452032,0.203776,1.846560
1769,traditional,0.192704,1.495040,0.199680,1.887424
1770,traditional,0.168384,1.472512,0.199680,1.840576
1771,traditional,0.165440,1.471488,0.200704,1.837632
1772,traditional,0.168256,1.456128,0.199680,1.824064
1773,traditional,0.182176,1.482752,0.199680,1.864608
1774,traditional,0.171584,2.861056,0.380928,3.413568
1775,traditional,0.299552,2.293760,0.200704,2.794016
1776,traditional,0.186432,1.469440,0.199680,1.855552
1777,traditional,0.187680,1.501184,0.199680,1.888544
1778,traditional,0.184768,1.511424,0.199680,1.895872
1779,traditional,0.183936,1.486848,0.199680,1.870464
1780,traditional,0.186432,1.469440,0.204800,1.860672
1781,traditional,0.170432,1.451008,0.199680,1.821120
1782,traditional,0.179872,1.489920,0.200704,1.870496
1783,traditional,0.180864,1.440768,0.199680,1.821312
1784,traditional,0.183680,1.463296,0.199680,1.846656
1785,traditional,0.172000,1.486848,0.199680,1.858528
1786,traditional,0.169856,1.449984,0.200704,1.820544
1787,traditional,0.192384,1.475584,0.200704,1.868672
1788,traditional,0.199520,1.481728,0.199680,1.880928
1789,traditional,0.172224,1.461248,0.200704,1.834176
1790,traditional,0.164416,1.476608,0.199680,1.840704
1791,traditional,0.165600,1.479680,0.199680,1.844960
1792,traditional,0.184128,1.480704,0.199680,1.864512
1793,traditional,0.164416,1.469440,0.200704,1.834560
1794,traditional,0.169632,1.462272,0.199680,1.831584
1795,traditional,0.176576,1.519616,0.200704,1.896896
1796,traditional,0.175520,1.475584,0.199680,1.850784
1797,traditional,0.173792,1.460224,0.200704,1.834720
1798,traditional,0.174272,1.470464,0.208896,1.853632
1799,traditional,0.178208,1.489920,0.199680,1.867808
1800,traditional,0.168416,1.515520,0.200704,1.884640
1801,traditional,0.184832,1.445888,0.199680,1.830400
1802,traditional,0.182368,1.471488,0.199680,1.853536
1803,traditional,0.178784,1.472512,0.199680,1.850976
1804,traditional,0.166560,1.463296,0.200704,1.830560
1805,traditional,0.166464,1.444864,0.199680,1.811008
1806,traditional,0.178176,1.453056,0.199680,1.830912
1807,traditional,0.187328,1.462272,0.199680,1.849280
1808,traditional,0.191328,1.475584,0.202752,1.869664
1809,traditional,0.167296,1.461248,0.199680,1.828224
1810,traditional,0.170816,1.474560,0.200704,1.846080
1811,traditional,0.183776,1.474560,0.200704,1.859040
1812,traditional,0.198976,1.472512,0.199680,1.871168
1813,traditional,0.165472,1.461248,0.200704,1.827424
1814,traditional,0.167808,1.433600,0.199680,1.801088
1815,traditional,0.165920,1.455104,0.199680,1.820704
1816,traditional,0.175488,1.466368,0.199680,1.841536
1817,traditional,0.182144,1.434624,0.200704,1.817472
1818,traditional,0.166464,1.444864,0.199680,1.811008
1819,traditional,0.168096,1.431552,0.199680,1.799328
1820,traditional,0.208640,1.447936,0.199680,1.856256
1821,traditional,0.185024,1.460224,0.199680,1.844928
1822,traditional,0.175904,1.438720,0.199680,1.814304
1823,traditional,0.178912,1.460224,0.200704,1.839840
1824,traditional,0.190784,1.459200,0.199680,1.849664
1825,traditional,0.190368,1.548288,0.215040,1.953696
1826,traditional,0.187680,1.550336,0.216064,1.954080
1827,traditional,0.191008,1.552384,0.216064,1.959456
1828,traditional,0.189792,1.554432,0.241664,1.985888
1829,traditional,0.189888,1.567744,0.216064,1.973696
1830,traditional,0.172768,1.561600,0.211968,1.946336
1831,traditional,0.177952,1.522688,0.211968,1.912608
1832,traditional,0.177184,1.539072,0.211968,1.928224
1833,traditional,0.189024,1.537024,0.211968,1.938016
1834,traditional,0.178592,1.520640,0.211968,1.911200
1835,traditional,0.173440,1.591296,0.226304,1.991040
1836,traditional,0.187488,1.623040,0.222208,2.032736
1837,traditional,0.208640,1.632256,0.221184,2.062080
1838,traditional,0.193504,1.627136,0.222208,2.042848
1839,traditional,0.182944,1.612800,0.222208,2.017952
1840,traditional,0.181664,1.662976,0.222208,2.066848
1841,traditional,0.181504,1.647616,0.217088,2.046208
1842,traditional,0.179904,1.601536,0.217088,1.998528
1843,traditional,0.176960,1.612800,0.217088,2.006848
1844,traditional,0.174336,1.623040,0.219136,2.016512
1845,traditional,0.187104,1.576960,0.217088,1.981152
1846,traditional,0.186304,1.554432,0.216064,1.956800
1847,traditional,0.172928,1.554432,0.215040,1.942400
1848,traditional,0.180992,1.573888,0.216064,1.970944
1849,traditional,0.178176,1.625088,0.216064,2.019328
1850,traditional,0.179456,1.595392,0.215040,1.989888
1851,traditional,0.181312,1.577984,0.211968,1.971264
1852,traditional,0.192768,1.617920,0.216064,2.026752
1853,traditional,0.174976,1.624064,0.216064,2.015104
1854,traditional,0.202368,1.593344,0.216064,2.011776
1855,traditional,0.175104,1.572864,0.218112,1.966080
1856,traditional,0.188896,1.591296,0.216064,1.996256
1857,traditional,0.187520,1.556480,0.212992,1.956992
1858,traditional,0.174560,1.550336,0.212992,1.937888
1859,traditional,0.186560,1.591296,0.212992,1.990848
1860,traditional,0.178240,1.563648,0.212992,1.954880
1861,traditional,0.187584,1.583104,0.212992,1.983680
1862,traditional,0.174656,1.570816,0.211968,1.957440
1863,traditional,0.174560,1.544192,0.211968,1.930720
1864,traditional,0.178112,1.547264,0.211968,1.937344
1865,traditional,0.183168,1.579008,0.211968,1.974144
1866,traditional,0.173216,1.545216,0.211968,1.930400
1867,traditional,0.173568,1.558528,0.227328,1.959424
1868,traditional,0.173408,1.540096,0.211968,1.925472
1869,traditional,0.182400,1.572864,0.211968,1.967232
1870,traditional,0.175488,1.546240,0.211968,1.933696
1871,traditional,0.206464,1.592320,0.217088,2.015872
1872,traditional,0.178880,1.591296,0.210944,1.981120
1873,traditional,0.172160,1.551360,0.210944,1.934464
1874,traditional,0.177600,1.562624,0.210944,1.951168
1875,traditional,0.189568,1.530880,0.210944,1.931392
1876,traditional,0.179552,1.550336,0.210944,1.940832
1877,traditional,0.172704,1.539072,0.210944,1.922720
1878,traditional,0.175136,1.458176,0.200704,1.834016
1879,traditional,0.171008,1.447936,0.200704,1.819648
1880,traditional,0.198080,1.480704,0.200704,1.879488
1881,traditional,0.173984,1.467392,0.203776,1.845152
1882,traditional,0.178080,2.105344,0.205824,2.489248
1883,traditional,0.170848,1.438720,0.199680,1.809248
1884,traditional,0.185248,1.461248,0.203776,1.850272
1885,traditional,0.179904,1.458176,0.199680,1.837760
1886,traditional,0.195840,1.483776,0.199680,1.879296
1887,traditional,0.191520,1.458176,0.199680,1.849376
1888,traditional,0.189248,1.445888,0.199680,1.834816
1889,traditional,0.193056,1.467392,0.199680,1.860128
1890,traditional,0.188512,1.464320,0.199680,1.852512
1891,traditional,0.174400,1.453056,0.199680,1.827136
1892,traditional,0.166016,1.476608,0.199680,1.842304
1893,traditional,0.212192,1.485824,0.199680,1.897696
1894,traditional,0.168864,1.487872,0.204800,1.861536
1895,traditional,0.172352,1.465344,0.199680,1.837376
1896,traditional,0.167968,1.451008,0.199680,1.818656
1897,traditional,0.182592,1.454080,0.199680,1.836352
1898,traditional,0.190144,1.460224,0.199680,1.850048
1899,traditional,0.212672,1.488896,0.200704,1.902272
1900,traditional,0.179904,1.442816,0.199680,1.822400
1901,traditional,0.185920,1.449984,0.199680,1.835584
1902,traditional,0.191008,1.463296,0.200704,1.855008
1903,traditional,0.181600,1.452032,0.200704,1.834336
1904,traditional,0.196832,1.453056,0.199680,1.849568
1905,traditional,0.211072,1.488896,0.199680,1.899648
1906,traditional,0.190912,1.451008,0.200704,1.842624
1907,traditional,0.168608,1.444864,0.200704,1.814176
1908,traditional,0.211168,1.476608,0.200704,1.888480
1909,traditional,0.180288,1.456128,0.199680,1.836096
1910,traditional,0.193632,1.458176,0.199680,1.851488
1911,traditional,0.189408,1.465344,0.205824,1.860576
1912,traditional,0.181664,1.470464,0.200704,1.852832
1913,traditional,0.175360,1.449984,0.199680,1.825024
1914,traditional,0.191584,1.457152,0.199680,1.848416
1915,traditional,0.166912,1.455104,0.199680,1.821696
1916,traditional,0.185632,1.500160,0.203776,1.889568
1917,traditional,0.200288,1.482752,0.200704,1.883744
1918,traditional,0.172704,1.438720,0.199680,1.811104
1919,traditional,0.165408,1.472512,0.199680,1.837600
1920,traditional,0.183456,1.453056,0.199680,1.836192
1921,traditional,0.178976,1.446912,0.200704,1.826592
1922,traditional,0.194336,1.472512,0.200704,1.867552
1923,traditional,0.197088,1.460224,0.202752,1.860064
1924,traditional,0.179136,1.468416,0.199680,1.847232
1925,traditional,0.170272,1.441792,0.199680,1.811744
1926,traditional,0.170048,1.495040,0.199680,1.864768
1927,traditional,0.183904,1.460224,0.199680,1.843808
1928,traditional,0.182208,1.444864,0.199680,1.826752
1929,traditional,0.193728,1.468416,0.199680,1.861824
1930,traditional,0.181408,1.469440,0.200704,1.851552
1931,traditional,0.166656,1.443840,0.199680,1.810176
1932,traditional,0.179968,1.451008,0.200704,1.831680
1933,traditional,0.172704,1.446912,0.200704,1.820320
1934,traditional,0.170976,1.454080,0.203776,1.828832
1935,traditional,0.166688,1.449984,0.199680,1.816352
1936,traditional,0.181376,1.436672,0.200704,1.818752
1937,traditional,0.182432,1.442816,0.199680,1.824928
1938,traditional,0.169696,1.437696,0.199680,1.807072
1939,traditional,0.168480,1.439744,0.199680,1.807904
1940,traditional,0.173440,1.487872,0.199680,1.860992
1941,traditional,0.166176,1.447936,0.200704,1.814816
1942,traditional,0.173856,1.482752,0.200704,1.857312
1943,traditional,0.181440,1.463296,0.199680,1.844416
1944,traditional,0.168960,1.455104,0.199680,1.823744
1945,traditional,0.207872,1.475584,0.199680,1.883136
1946,traditional,0.166560,1.480704,0.200704,1.847968
1947,traditional,0.173504,1.484800,0.200704,1.859008
1948,traditional,0.222144,1.481728,0.205824,1.909696
1949,traditional,0.165472,1.472512,0.200704,1.838688
1950,traditional,0.187040,1.456128,0.199680,1.842848
1951,traditional,0.184000,1.482752,0.199680,1.866432
1952,traditional,0.192096,1.458176,0.200704,1.850976
1953,traditional,0.207552,1.444864,0.199680,1.852096
1954,traditional,0.167904,1.485824,0.200704,1.854432
1955,traditional,0.168800,1.463296,0.199680,1.831776
1956,traditional,0.165728,1.477632,0.206848,1.850208
1957,traditional,0.169760,1.441792,0.200704,1.812256
1958,traditional,0.164736,1.444864,0.204800,1.814400
1959,traditional,0.172864,1.456128,0.199680,1.828672
1960,traditional,0.165152,1.444864,0.199680,1.809696
1961,traditional,0.164832,1.440768,0.199680,1.805280
1962,traditional,0.176864,1.454080,0.199680,1.830624
1963,traditional,0.201408,2.104320,0.209920,2.515648
1964,traditional,0.165728,1.471488,0.200704,1.837920
1965,traditional,0.197984,1.448960,0.200704,1.847648
1966,traditional,0.182112,1.442816,0.199680,1.824608
1967,traditional,0.224960,1.485824,0.201728,1.912512
1968,traditional,0.296960,2.841600,0.378880,3.517440
1969,traditional,0.575136,1.975296,0.200704,2.751136
1970,traditional,0.170976,1.444864,0.199680,1.815520
1971,traditional,0.181856,1.512448,0.199680,1.893984
1972,traditional,0.169056,1.470464,0.199680,1.839200
1973,traditional,0.194464,1.495040,0.199680,1.889184
1974,traditional,0.166240,1.472512,0.199680,1.838432
1975,traditional,0.172576,1.453056,0.199680,1.825312
1976,traditional,0.173216,1.456128,0.199680,1.829024
1977,traditional,0.179040,1.446912,0.199680,1.825632
1978,traditional,0.167200,1.448960,0.199680,1.815840
1979,traditional,0.170592,1.520640,0.200704,1.891936
1980,traditional,0.170016,1.462272,0.199680,1.831968
1981,traditional,0.181056,1.451008,0.200704,1.832768
1982,traditional,0.188800,1.472512,0.200704,1.862016
1983,traditional,0.173888,1.476608,0.207872,1.858368
1984,traditional,0.176928,1.461248,0.200704,1.838880
1985,traditional,0.164992,1.451008,0.199680,1.815680
1986,traditional,0.179104,1.470464,0.199680,1.849248
1987,traditional,0.168480,1.442816,0.206848,1.818144
1988,traditional,0.182976,1.467392,0.199680,1.850048
1989,traditional,0.184160,2.817024,0.382976,3.384160
1990,traditional,0.297312,2.215936,0.199680,2.712928
1991,traditional,0.202336,1.498112,0.200704,1.901152
1992,traditional,0.168544,2.434048,0.379904,2.982496
1993,traditional,0.300512,2.980864,0.200704,3.482080
1994,traditional,0.177728,2.097152,0.204800,2.479680
1995,traditional,0.215744,1.468416,0.200704,1.884864
1996,traditional,0.181856,1.472512,0.199680,1.854048
1997,traditional,0.185824,1.498112,0.200704,1.884640
1998,traditional,0.168352,1.456128,0.200704,1.825184
1999,traditional,0.302240,2.899968,0.391168,3.593376
2000,traditional,0.319904,1.680384,0.205824,2.206112
2001,traditional,0.171360,1.519616,0.203776,1.894752
2002,traditional,0.168672,1.509376,0.204800,1.882848
2003,traditional,0.173248,1.502208,0.204800,1.880256
2004,traditional,0.170304,1.475584,0.199680,1.845568
2005,traditional,0.186560,1.455104,0.200704,1.842368
2006,traditional,0.181632,1.463296,0.200704,1.845632
2007,traditional,0.167872,1.464320,0.199680,1.831872
2008,traditional,0.181664,2.544640,0.378880,3.105184
2009,traditional,0.309664,2.233344,0.200704,2.743712
2010,traditional,0.205856,1.464320,0.203776,1.873952
2011,traditional,0.308608,2.856960,0.379904,3.545472
2012,traditional,0.557568,2.481152,0.199680,3.238400
2013,traditional,0.169376,1.446912,0.203776,1.820064
2014,traditional,0.169120,1.440768,0.200704,1.810592
2015,traditional,0.234560,2.864128,0.381952,3.480640
2016,traditional,0.301184,2.293760,0.201728,2.796672
2017,traditional,0.206272,1.536000,0.201728,1.944000
2018,traditional,0.299136,2.877440,0.381952,3.558528
2019,traditional,0.556128,2.072576,0.202752,2.831456
2020,traditional,0.196512,1.486848,0.204800,1.888160
2021,traditional,0.167520,1.489920,0.201728,1.859168
2022,traditional,0.183872,2.880512,0.381952,3.446336
2023,traditional,0.301984,2.644992,0.205824,3.152800
2024,traditional,0.220160,1.527808,0.202752,1.950720
2025,traditional,0.168768,1.453056,0.201728,1.823552
2026,traditional,0.308192,2.860032,0.381952,3.550176
2027,traditional,0.300704,2.388992,0.202752,2.892448
2028,traditional,0.206240,1.480704,0.201728,1.888672
2029,traditional,0.165952,1.454080,0.201728,1.821760
2030,traditional,0.166656,2.163712,0.393216,2.723584
2031,traditional,0.304864,2.345984,0.202752,2.853600
2032,traditional,0.168000,1.715200,0.202752,2.085952
2033,traditional,0.171040,2.708480,0.381952,3.261472
2034,traditional,0.338912,2.094080,0.203776,2.636768
2035,traditional,0.196384,1.468416,0.202752,1.867552
2036,traditional,0.183424,1.469440,0.203776,1.856640
2037,traditional,0.167872,1.520640,0.204800,1.893312
2038,traditional,0.194336,1.494016,0.204800,1.893152
2039,traditional,0.181440,1.516544,0.205824,1.903808
2040,traditional,0.180128,1.477632,0.204800,1.862560
2041,traditional,0.189312,1.480704,0.207872,1.877888
2042,traditional,0.206272,1.500160,0.208896,1.915328
2043,traditional,0.174304,1.520640,0.207872,1.902816
2044,traditional,0.174784,1.518592,0.207872,1.901248
2045,traditional,0.174112,1.502208,0.208896,1.885216
2046,traditional,0.169376,1.525760,0.207872,1.903008
2047,traditional,0.208000,1.544192,0.209920,1.962112
2048,traditional,0.204512,1.522688,0.209920,1.937120
2049,traditional,0.177664,1.517568,0.209920,1.905152
2050,traditional,0.195040,1.516544,0.210944,1.922528
2051,traditional,0.184608,1.547264,0.209920,1.941792
2052,traditional,0.180864,1.514496,0.209920,1.905280
2053,traditional,0.181024,1.576960,0.218112,1.976096
2054,traditional,0.192064,1.575936,0.218112,1.986112
2055,traditional,0.185376,1.586176,0.217088,1.988640
2056,traditional,0.179488,1.588224,0.228352,1.996064
2057,traditional,0.177536,1.546240,0.217088,1.940864
2058,traditional,0.184672,1.579008,0.214016,1.977696
2059,traditional,0.177120,1.583104,0.214016,1.974240
2060,traditional,0.177120,1.606656,0.214016,1.997792
2061,traditional,0.174080,1.591296,0.214016,1.979392
2062,traditional,0.184768,1.580032,0.212992,1.977792
2063,traditional,0.182432,1.559552,0.209920,1.951904
2064,traditional,0.224064,1.593344,0.209920,2.027328
2065,traditional,0.171520,1.555456,0.209920,1.936896
2066,traditional,0.174336,1.551360,0.208896,1.934592
2067,traditional,0.173312,1.560576,0.214016,1.947904
2068,traditional,0.173824,1.571840,0.214016,1.959680
2069,traditional,0.192384,1.570816,0.212992,1.976192
2070,traditional,0.174912,1.590272,0.214016,1.979200
2071,traditional,0.184288,1.573888,0.214016,1.972192
2072,traditional,0.200640,1.564672,0.216064,1.981376
2073,traditional,0.175136,1.561600,0.216064,1.952800
2074,traditional,0.174912,1.581056,0.216064,1.972032
2075,traditional,0.193344,1.608704,0.228352,2.030400
2076,traditional,0.200192,1.607680,0.216064,2.023936
2077,traditional,0.176928,1.607680,0.216064,2.000672
2078,traditional,0.175392,1.569792,0.216064,1.961248
2079,traditional,0.188096,1.586176,0.216064,1.990336
2080,traditional,0.179264,1.562624,0.217088,1.958976
2081,traditional,0.187680,1.561600,0.212992,1.962272
2082,traditional,0.176128,1.579008,0.214016,1.969152
2083,traditional,0.174496,1.547264,0.217088,1.938848
2084,traditional,0.175136,1.553408,0.214016,1.942560
2085,traditional,0.175232,1.570816,0.214016,1.960064
2086,traditional,0.199136,1.552384,0.214016,1.965536
2087,traditional,0.177376,1.564672,0.212992,1.955040
2088,traditional,0.184640,1.577984,0.214016,1.976640
2089,traditional,0.176192,1.573888,0.218112,1.968192
2090,traditional,0.180256,1.603584,0.216064,1.999904
2091,traditional,0.185280,1.601536,0.216064,2.002880
2092,traditional,0.176096,1.570816,0.216064,1.962976
2093,traditional,0.182144,1.570816,0.217088,1.970048
2094,traditional,0.195296,1.574912,0.216064,1.986272
2095,traditional,0.174880,1.600512,0.216064,1.991456
2096,traditional,0.181184,1.566720,0.218112,1.966016
2097,traditional,0.183168,1.585152,0.217088,1.985408
2098,traditional,0.176192,1.579008,0.216064,1.971264
2099,traditional,0.178272,1.587200,0.216064,1.981536
2100,traditional,0.227456,1.576960,0.216064,2.020480
