frame,renderPath,shadowMs,sceneMs,postProcessMs,frameMs
1,traditional,0.195840,1.588224,0.223232,2.007296
2,traditional,0.194912,1.630208,0.222208,2.047328
3,traditional,0.191296,1.629184,0.224256,2.044736
4,traditional,0.183008,2.022400,0.847872,3.053280
5,traditional,0.185984,1.613824,0.222208,2.022016
6,traditional,0.185824,1.598464,0.221184,2.005472
7,traditional,0.187456,1.611776,0.221184,2.020416
8,traditional,0.189408,1.596416,0.222208,2.008032
9,traditional,0.179232,1.612800,0.222208,2.014240
10,traditional,0.185376,1.881088,0.226304,2.292768
11,traditional,0.190816,1.602560,0.221184,2.014560
12,traditional,0.179616,1.601536,0.222208,2.003360
13,traditional,0.184352,1.568768,0.221184,1.974304
14,traditional,0.183520,1.599488,0.221184,2.004192
15,traditional,0.196064,1.827840,0.221184,2.245088
16,traditional,0.208064,2.298880,0.227328,2.734272
17,traditional,0.253024,1.622016,0.221184,2.096224
18,traditional,0.193088,1.572864,0.221184,1.987136
19,traditional,0.184192,1.577984,0.222208,1.984384
20,traditional,0.183776,1.568768,0.220160,1.972704
21,traditional,0.195040,1.577984,0.234496,2.007520
22,traditional,0.189472,1.650688,0.229376,2.069536
23,traditional,0.178112,1.571840,0.221184,1.971136
24,traditional,0.178624,1.584128,0.221184,1.983936
25,traditional,0.186144,1.591296,0.221184,1.998624
26,traditional,0.184320,1.573888,0.221184,1.979392
27,traditional,0.182176,1.595392,0.221184,1.998752
28,traditional,0.179840,1.616896,0.221184,2.017920
29,traditional,0.197568,1.570816,0.221184,1.989568
30,traditional,0.214400,1.609728,0.233472,2.057600
31,traditional,0.184864,1.592320,0.221184,1.998368
32,traditional,0.178336,1.591296,0.221184,1.990816
33,traditional,0.180608,1.568768,0.221184,1.970560
34,traditional,0.177440,1.567744,0.221184,1.966368
35,traditional,0.181792,1.582080,0.221184,1.985056
36,traditional,0.178976,1.588224,0.221184,1.988384
37,traditional,0.198144,1.631232,0.221184,2.050560
38,traditional,0.189152,1.604608,0.221184,2.014944
39,traditional,0.183712,1.614848,0.221184,2.019744
40,traditional,0.193696,1.609728,0.221184,2.024608
41,traditional,0.193632,1.502208,0.211968,1.907808
42,traditional,0.175616,1.509376,0.211968,1.896960
43,traditional,0.188224,1.508352,0.211968,1.908544
44,traditional,0.178656,1.503232,0.210944,1.892832
45,traditional,0.187584,1.564672,0.211968,1.964224
46,traditional,0.185504,1.544192,0.211968,1.941664
47,traditional,0.178656,1.522688,0.211968,1.913312
48,traditional,0.173536,1.526784,0.211968,1.912288
49,traditional,0.176704,1.524736,0.211968,1.913408
50,traditional,0.184736,1.511424,0.211968,1.908128
51,traditional,0.175808,1.508352,0.211968,1.896128
52,traditional,0.195488,1.520640,0.211968,1.928096
53,traditional,0.177440,1.513472,0.210944,1.901856
54,traditional,0.171968,1.525760,0.211968,1.909696
55,traditional,0.191424,1.566720,0.210944,1.969088
56,traditional,0.171968,1.549312,0.211968,1.933248
57,traditional,0.175936,1.529856,0.210944,1.916736
58,traditional,0.186240,1.500160,0.211968,1.898368
59,traditional,0.187520,1.516544,0.212992,1.917056
60,traditional,0.178336,1.515520,0.215040,1.908896
61,traditional,0.194304,1.505280,0.210944,1.910528
62,traditional,0.171584,1.526784,0.211968,1.910336
63,traditional,0.189760,1.515520,0.211968,1.917248
64,traditional,0.174336,1.537024,0.211968,1.923328
65,traditional,0.175552,1.531904,0.211968,1.919424
66,traditional,0.185184,1.521664,0.211968,1.918816
67,traditional,0.181600,1.512448,0.210944,1.904992
68,traditional,0.180800,1.504256,0.215040,1.900096
69,traditional,0.174848,1.513472,0.210944,1.899264
70,traditional,0.179008,1.524736,0.211968,1.915712
71,traditional,0.206624,1.502208,0.210944,1.919776
72,traditional,0.183680,1.508352,0.210944,1.902976
73,traditional,0.187872,1.506304,0.211968,1.906144
74,traditional,0.180704,1.511424,0.211968,1.904096
75,traditional,0.184736,1.510400,0.214016,1.909152
76,traditional,0.171776,1.548288,0.215040,1.935104
77,traditional,0.192576,1.507328,0.211968,1.911872
78,traditional,0.231168,1.530880,0.210944,1.972992
79,traditional,0.190336,1.525760,0.210944,1.927040
80,traditional,0.175808,1.536000,0.211968,1.923776
81,traditional,0.171616,1.513472,0.210944,1.896032
82,traditional,0.170688,1.496064,0.210944,1.877696
83,traditional,0.181824,1.502208,0.210944,1.894976
84,traditional,0.179712,1.518592,0.210944,1.909248
85,traditional,0.182848,1.542144,0.210944,1.935936
86,traditional,0.174272,1.501184,0.210944,1.886400
87,traditional,0.190272,1.562624,0.211968,1.964864
88,traditional,0.171168,1.497088,0.210944,1.879200
89,traditional,0.200832,1.543168,0.211968,1.955968
90,traditional,0.184896,1.554432,0.210944,1.950272
91,traditional,0.179680,1.546240,0.217088,1.943008
92,traditional,0.189312,1.515520,0.210944,1.915776
93,traditional,0.181504,1.533952,0.210944,1.926400
94,traditional,0.176352,1.432576,0.199680,1.808608
95,traditional,0.182688,1.436672,0.199680,1.819040
96,traditional,0.192320,1.406976,0.199680,1.798976
97,traditional,0.219296,1.448960,0.199680,1.867936
98,traditional,0.172160,1.439744,0.199680,1.811584
99,traditional,0.182336,1.415168,0.199680,1.797184
100,traditional,0.176448,1.429504,0.198656,1.804608
101,traditional,0.186752,1.451008,0.199680,1.837440
102,traditional,0.171776,1.408000,0.199680,1.779456
103,traditional,0.167808,1.447936,0.198656,1.814400
104,traditional,0.178112,1.405952,0.198656,1.782720
105,traditional,0.183680,1.445888,0.199680,1.829248
106,traditional,0.201472,1.417216,0.198656,1.817344
107,traditional,0.172960,1.447936,0.199680,1.820576
108,traditional,0.177312,1.432576,0.199680,1.809568
109,traditional,0.180192,1.430528,0.199680,1.810400
110,traditional,0.167328,1.429504,0.199680,1.796512
111,traditional,0.172224,1.408000,0.198656,1.778880
112,traditional,0.191520,1.414144,0.198656,1.804320
113,traditional,0.179488,1.431552,0.199680,1.810720
114,traditional,0.180896,1.433600,0.198656,1.813152
115,traditional,0.189440,1.413120,0.198656,1.801216
116,traditional,0.180288,1.415168,0.198656,1.794112
117,traditional,0.176800,1.438720,0.199680,1.815200
118,traditional,0.171520,1.414144,0.205824,1.791488
119,traditional,0.203232,1.410048,0.199680,1.812960
120,traditional,0.172736,1.431552,0.198656,1.802944
121,traditional,0.191456,1.449984,0.199680,1.841120
122,traditional,0.174176,1.436672,0.199680,1.810528
123,traditional,0.194816,1.420288,0.199680,1.814784
124,traditional,0.167776,1.410048,0.199680,1.777504
125,traditional,0.183040,1.459200,0.199680,1.841920
126,traditional,0.183360,1.435648,0.198656,1.817664
127,traditional,0.192608,1.486848,0.199680,1.879136
128,traditional,0.180032,1.435648,0.199680,1.815360
129,traditional,0.177760,1.426432,0.199680,1.803872
130,traditional,0.162528,1.431552,0.199680,1.793760
131,traditional,0.173728,1.446912,0.199680,1.820320
132,traditional,0.181152,1.466368,0.199680,1.847200
133,traditional,0.176256,1.411072,0.199680,1.787008
134,traditional,0.183424,1.416192,0.198656,1.798272
135,traditional,0.177440,1.406976,0.198656,1.783072
136,traditional,0.177664,1.403904,0.198656,1.780224
137,traditional,0.175904,1.421312,0.199680,1.796896
138,traditional,0.173024,1.436672,0.199680,1.809376
139,traditional,0.173344,1.439744,0.199680,1.812768
140,traditional,0.168768,1.447936,0.199680,1.816384
141,traditional,0.209024,1.415168,0.199680,1.823872
142,traditional,0.165440,1.446912,0.199680,1.812032
143,traditional,0.172352,1.423360,0.198656,1.794368
144,traditional,0.165344,1.435648,0.199680,1.800672
145,traditional,0.173792,1.424384,0.199680,1.797856
146,traditional,0.186432,1.418240,0.199680,1.804352
147,traditional,0.173760,1.417216,0.200704,1.791680
148,traditional,0.177344,1.464320,0.199680,1.841344
149,traditional,0.178592,1.411072,0.199680,1.789344
150,traditional,0.171072,1.449984,0.199680,1.820736
151,traditional,0.171072,1.418240,0.199680,1.788992
152,traditional,0.170912,1.446912,0.200704,1.818528
153,traditional,0.175200,1.420288,0.199680,1.795168
154,traditional,0.168480,1.419264,0.199680,1.787424
155,traditional,0.173952,1.420288,0.198656,1.792896
156,traditional,0.175840,1.447936,0.199680,1.823456
157,traditional,0.171968,1.430528,0.202752,1.805248
158,traditional,0.166976,1.411072,0.199680,1.777728
159,traditional,0.173536,1.410048,0.199680,1.783264
160,traditional,0.191296,1.423360,0.198656,1.813312
161,traditional,0.170208,1.436672,0.198656,1.805536
162,traditional,0.168000,1.428480,0.199680,1.796160
163,traditional,0.202208,1.443840,0.199680,1.845728
164,traditional,0.186880,1.486848,0.199680,1.873408
165,traditional,0.177856,1.434624,0.199680,1.812160
166,traditional,0.177792,1.435648,0.198656,1.812096
167,traditional,0.183104,1.436672,0.199680,1.819456
168,traditional,0.167328,1.452032,0.198656,1.818016
169,traditional,0.171296,1.429504,0.199680,1.800480
170,traditional,0.172192,1.409024,0.198656,1.779872
171,traditional,0.181728,1.408000,0.199680,1.789408
172,traditional,0.181088,1.426432,0.199680,1.807200
173,traditional,0.174016,1.458176,0.199680,1.831872
174,traditional,0.186112,1.464320,0.199680,1.850112
175,traditional,0.173632,1.455104,0.199680,1.828416
176,traditional,0.170112,1.420288,0.199680,1.790080
177,traditional,0.185024,1.439744,0.199680,1.824448
178,traditional,0.182048,1.454080,0.207872,1.844000
179,traditional,0.173024,1.409024,0.199680,1.781728
180,traditional,0.183840,1.486848,0.199680,1.870368
181,traditional,0.168032,1.415168,0.199680,1.782880
182,traditional,0.188992,1.518592,0.199680,1.907264
183,traditional,0.179904,1.451008,0.199680,1.830592
184,traditional,0.171296,1.445888,0.199680,1.816864
185,traditional,0.174432,1.416192,0.205824,1.796448
186,traditional,0.185632,1.441792,0.199680,1.827104
187,traditional,0.184832,1.428480,0.200704,1.814016
188,traditional,0.169120,1.424384,0.199680,1.793184
189,traditional,0.180256,1.454080,0.200704,1.835040
190,traditional,0.194304,1.445888,0.199680,1.839872
191,traditional,0.188608,1.439744,0.199680,1.828032
192,traditional,0.188320,1.415168,0.199680,1.803168
193,traditional,0.185568,1.426432,0.199680,1.811680
194,traditional,0.179840,1.433600,0.199680,1.813120
195,traditional,0.189536,1.437696,0.199680,1.826912
196,traditional,0.179648,1.435648,0.199680,1.814976
197,traditional,0.180448,1.480704,0.200704,1.861856
198,traditional,0.163456,1.445888,0.198656,1.808000
199,traditional,0.202496,1.458176,0.199680,1.860352
200,traditional,0.185664,1.419264,0.199680,1.804608
201,traditional,0.170912,1.437696,0.199680,1.808288
202,traditional,0.177600,1.426432,0.199680,1.803712
203,traditional,0.169504,1.426432,0.198656,1.794592
204,traditional,0.165216,1.432576,0.199680,1.797472
205,traditional,0.180960,1.475584,0.200704,1.857248
206,traditional,0.165536,1.443840,0.199680,1.809056
207,traditional,0.197440,1.428480,0.199680,1.825600
208,traditional,0.180448,1.439744,0.199680,1.819872
209,traditional,0.184416,1.456128,0.199680,1.840224
210,traditional,0.179392,1.436672,0.199680,1.815744
211,traditional,0.168192,1.441792,0.200704,1.810688
212,traditional,0.165824,1.427456,0.199680,1.792960
213,traditional,0.170304,1.445888,0.211968,1.828160
214,traditional,0.179328,1.454080,0.199680,1.833088
215,traditional,0.175040,1.424384,0.200704,1.800128
216,traditional,0.183360,1.447936,0.199680,1.830976
217,traditional,0.192928,1.436672,0.199680,1.829280
218,traditional,0.164640,1.430528,0.200704,1.795872
219,traditional,0.215008,1.428480,0.205824,1.849312
220,traditional,0.173056,1.430528,0.199680,1.803264
221,traditional,0.187648,1.422336,0.200704,1.810688
222,traditional,0.180480,1.437696,0.202752,1.820928
223,traditional,0.171808,1.419264,0.199680,1.790752
224,traditional,0.183104,1.448960,0.199680,1.831744
225,traditional,0.167776,1.415168,0.199680,1.782624
226,traditional,0.194720,1.505280,0.199680,1.899680
227,traditional,0.169792,1.457152,0.199680,1.826624
228,traditional,0.176192,1.454080,0.208896,1.839168
229,traditional,0.173504,1.440768,0.200704,1.814976
230,traditional,0.190912,1.444864,0.199680,1.835456
231,traditional,0.168480,1.411072,0.199680,1.779232
232,traditional,0.185056,1.426432,0.199680,1.811168
233,traditional,0.173856,1.434624,0.199680,1.808160
234,traditional,0.165792,1.412096,0.202752,1.780640
235,traditional,0.183520,1.449984,0.200704,1.834208
236,traditional,0.183520,1.421312,0.199680,1.804512
237,traditional,0.173856,1.408000,0.199680,1.781536
238,traditional,0.179552,1.429504,0.198656,1.807712
239,traditional,0.174880,1.446912,0.199680,1.821472
240,traditional,0.178560,1.411072,0.199680,1.789312
241,traditional,0.193536,1.419264,0.199680,1.812480
242,traditional,0.186656,1.438720,0.199680,1.825056
243,traditional,0.179136,1.435648,0.206848,1.821632
244,traditional,0.168928,1.420288,0.199680,1.788896
245,traditional,0.187456,1.436672,0.199680,1.823808
246,traditional,0.193088,1.430528,0.207872,1.831488
247,traditional,0.172288,1.418240,0.199680,1.790208
248,traditional,0.164768,1.412096,0.199680,1.776544
249,traditional,0.188256,1.429504,0.199680,1.817440
250,traditional,0.169056,1.415168,0.199680,1.783904
251,traditional,0.171584,1.411072,0.199680,1.782336
252,traditional,0.172832,1.428480,0.204800,1.806112
253,traditional,0.166944,1.416192,0.199680,1.782816
254,traditional,0.177696,1.433600,0.199680,1.810976
255,traditional,0.177408,1.452032,0.199680,1.829120
256,traditional,0.182784,1.469440,0.199680,1.851904
257,traditional,0.177280,1.485824,0.199680,1.862784
258,traditional,0.166944,1.423360,0.199680,1.789984
259,traditional,0.169856,1.412096,0.225280,1.807232
260,traditional,0.179712,1.421312,0.207872,1.808896
261,traditional,0.179648,1.425408,0.199680,1.804736
262,traditional,0.163712,1.427456,0.199680,1.790848
263,traditional,0.177728,1.411072,0.199680,1.788480
264,traditional,0.171264,1.422336,0.199680,1.793280
265,traditional,0.172512,1.418240,0.199680,1.790432
266,traditional,0.178464,1.420288,0.199680,1.798432
267,traditional,0.173344,1.424384,0.199680,1.797408
268,traditional,0.176416,1.456128,0.200704,1.833248
269,traditional,0.183584,1.419264,0.199680,1.802528
270,traditional,0.167424,1.456128,0.199680,1.823232
271,traditional,0.173600,1.428480,0.199680,1.801760
272,traditional,0.170912,1.427456,0.199680,1.798048
273,traditional,0.177216,1.416192,0.199680,1.793088
274,traditional,0.172448,1.453056,0.199680,1.825184
275,traditional,0.179136,1.455104,0.199680,1.833920
276,traditional,0.179136,2.064384,0.203776,2.447296
277,traditional,0.173024,1.430528,0.199680,1.803232
278,traditional,0.164288,1.412096,0.199680,1.776064
279,traditional,0.172640,1.453056,0.199680,1.825376
280,traditional,0.175456,1.421312,0.199680,1.796448
281,traditional,0.190208,1.445888,0.199680,1.835776
282,traditional,0.182784,1.417216,0.199680,1.799680
283,traditional,0.210592,1.440768,0.200704,1.852064
284,traditional,0.169408,1.432576,0.199680,1.801664
285,traditional,0.173280,1.449984,0.199680,1.822944
286,traditional,0.184160,1.441792,0.199680,1.825632
287,traditional,0.169440,1.464320,0.200704,1.834464
288,traditional,0.170752,1.447936,0.199680,1.818368
289,traditional,0.177888,1.417216,0.199680,1.794784
290,traditional,0.167744,1.412096,0.199680,1.779520
291,traditional,0.185760,1.425408,0.201728,1.812896
292,traditional,0.179904,1.438720,0.199680,1.818304
293,traditional,0.170816,1.443840,0.199680,1.814336
294,traditional,0.168064,1.416192,0.199680,1.783936
295,traditional,0.180768,1.412096,0.199680,1.792544
296,traditional,0.191392,1.423360,0.199680,1.814432
297,traditional,0.171072,1.418240,0.199680,1.788992
298,traditional,0.167200,1.414144,0.200704,1.782048
299,traditional,0.175520,1.428480,0.199680,1.803680
300,traditional,0.178304,1.439744,0.219136,1.837184
301,traditional,0.190112,1.466368,0.199680,1.856160
302,traditional,0.179648,1.424384,0.199680,1.803712
303,traditional,0.195488,1.431552,0.200704,1.827744
304,traditional,0.181760,1.447936,0.199680,1.829376
305,traditional,0.194880,1.417216,0.199680,1.811776
306,traditional,0.168064,1.413120,0.199680,1.780864
307,traditional,0.167008,1.437696,0.200704,1.805408
308,traditional,0.177280,1.421312,0.199680,1.798272
309,traditional,0.180224,1.451008,0.199680,1.830912
310,traditional,0.167680,1.429504,0.199680,1.796864
311,traditional,0.174624,1.465344,0.199680,1.839648
312,traditional,0.175904,1.444864,0.199680,1.820448
313,traditional,0.180832,1.442816,0.200704,1.824352
314,traditional,0.172544,1.433600,0.198656,1.804800
315,traditional,0.168192,1.414144,0.200704,1.783040
316,traditional,0.170048,1.448960,0.199680,1.818688
317,traditional,0.171744,1.453056,0.199680,1.824480
318,traditional,0.177984,1.433600,0.199680,1.811264
319,traditional,0.175424,1.409024,0.200704,1.785152
320,traditional,0.169632,1.432576,0.199680,1.801888
321,traditional,0.169248,1.416192,0.199680,1.785120
322,traditional,0.184000,1.422336,0.199680,1.806016
323,traditional,0.188576,1.447936,0.199680,1.836192
324,traditional,0.178336,1.452032,0.199680,1.830048
325,traditional,0.186976,1.461248,0.199680,1.847904
326,traditional,0.167744,1.850368,0.202752,2.220864
327,traditional,0.191008,1.447936,0.199680,1.838624
328,traditional,0.165632,1.441792,0.199680,1.807104
329,traditional,0.188608,1.424384,0.199680,1.812672
330,traditional,0.173088,1.419264,0.199680,1.792032
331,traditional,0.189568,1.452032,0.199680,1.841280
332,traditional,0.167296,1.416192,0.199680,1.783168
333,traditional,0.181856,1.432576,0.205824,1.820256
334,traditional,0.181248,1.441792,0.199680,1.822720
335,traditional,0.171488,1.456128,0.199680,1.827296
336,traditional,0.177920,1.428480,0.200704,1.807104
337,traditional,0.200608,1.424384,0.199680,1.824672
338,traditional,0.182464,1.442816,0.199680,1.824960
339,traditional,0.182976,1.460224,0.199680,1.842880
340,traditional,0.177632,1.430528,0.199680,1.807840
341,traditional,0.197504,1.467392,0.199680,1.864576
342,traditional,0.175936,1.466368,0.199680,1.841984
343,traditional,0.169856,1.447936,0.200704,1.818496
344,traditional,0.165312,1.436672,0.199680,1.801664
345,traditional,0.179904,1.461248,0.199680,1.840832
346,traditional,0.171872,1.466368,0.199680,1.837920
347,traditional,0.185024,1.436672,0.199680,1.821376
348,traditional,0.184352,1.492992,0.199680,1.877024
349,traditional,0.173824,1.439744,0.200704,1.814272
350,traditional,0.179712,1.475584,0.203776,1.859072
351,traditional,0.175360,1.448960,0.199680,1.824000
352,traditional,0.191456,1.452032,0.199680,1.843168
353,traditional,0.180832,1.441792,0.199680,1.822304
354,traditional,0.181344,1.458176,0.199680,1.839200
355,traditional,0.168544,1.462272,0.199680,1.830496
356,traditional,0.184960,1.439744,0.200704,1.825408
357,traditional,0.193280,1.469440,0.200704,1.863424
358,traditional,0.166880,1.474560,0.199680,1.841120
359,traditional,0.171712,1.437696,0.199680,1.809088
360,traditional,0.182080,1.433600,0.199680,1.815360
361,traditional,0.187872,1.469440,0.199680,1.856992
362,traditional,0.174368,1.495040,0.204800,1.874208
363,traditional,0.175872,1.458176,0.199680,1.833728
364,traditional,0.212512,1.451008,0.199680,1.863200
365,traditional,0.183136,1.484800,0.198656,1.866592
366,traditional,0.185824,1.461248,0.199680,1.846752
367,traditional,0.172960,1.433600,0.198656,1.805216
368,traditional,0.173344,1.460224,0.202752,1.836320
369,traditional,0.200352,1.485824,0.198656,1.884832
370,traditional,0.181696,1.453056,0.199680,1.834432
371,traditional,0.191104,1.470464,0.200704,1.862272
372,traditional,0.183488,1.479680,0.199680,1.862848
373,traditional,0.178048,1.444864,0.199680,1.822592
374,traditional,0.194784,1.448960,0.208896,1.852640
375,traditional,0.177088,1.492992,0.199680,1.869760
376,traditional,0.184032,1.452032,0.199680,1.835744
377,traditional,0.189760,1.473536,0.199680,1.862976
378,traditional,0.174496,1.499136,0.199680,1.873312
379,traditional,0.185280,1.476608,0.199680,1.861568
380,traditional,0.175648,1.443840,0.199680,1.819168
381,traditional,0.178400,1.468416,0.198656,1.845472
382,traditional,0.165408,1.445888,0.199680,1.810976
383,traditional,0.167392,1.458176,0.199680,1.825248
384,traditional,0.172416,1.501184,0.199680,1.873280
385,traditional,0.177760,1.474560,0.198656,1.850976
386,traditional,0.167136,1.468416,0.199680,1.835232
387,traditional,0.195712,1.464320,0.203776,1.863808
388,traditional,0.171936,1.464320,0.199680,1.835936
389,traditional,0.188064,1.466368,0.205824,1.860256
390,traditional,0.172896,1.463296,0.199680,1.835872
391,traditional,0.193312,1.454080,0.198656,1.846048
392,traditional,0.173920,1.471488,0.199680,1.845088
393,traditional,0.172256,1.461248,0.199680,1.833184
394,traditional,0.180160,1.444864,0.199680,1.824704
395,traditional,0.177536,1.461248,0.198656,1.837440
396,traditional,0.176192,1.460224,0.199680,1.836096
397,traditional,0.172256,1.453056,0.199680,1.824992
398,traditional,0.179776,1.472512,0.199680,1.851968
399,traditional,0.187040,1.477632,0.202752,1.867424
400,traditional,0.168480,1.470464,0.199680,1.838624
401,traditional,0.181856,1.473536,0.199680,1.855072
402,traditional,0.183808,1.488896,0.199680,1.872384
403,traditional,0.179168,1.468416,0.199680,1.847264
404,traditional,0.191936,1.488896,0.199680,1.880512
405,traditional,0.185504,1.492992,0.198656,1.877152
406,traditional,0.183552,1.470464,0.199680,1.853696
407,traditional,0.185280,1.452032,0.199680,1.836992
408,traditional,0.180640,1.471488,0.199680,1.851808
409,traditional,0.207904,1.484800,0.199680,1.892384
410,traditional,0.180160,1.496064,0.200704,1.876928
411,traditional,0.181056,1.480704,0.199680,1.861440
412,traditional,0.185312,1.488896,0.203776,1.877984
413,traditional,0.189248,1.464320,0.199680,1.853248
414,traditional,0.171840,1.476608,0.199680,1.848128
415,traditional,0.174560,1.480704,0.200704,1.855968
416,traditional,0.182432,1.501184,0.199680,1.883296
417,traditional,0.205888,1.475584,0.199680,1.881152
418,traditional,0.178976,1.472512,0.199680,1.851168
419,traditional,0.190496,1.469440,0.199680,1.859616
420,traditional,0.169216,1.443840,0.199680,1.812736
421,traditional,0.174688,1.479680,0.199680,1.854048
422,traditional,0.192608,1.449984,0.199680,1.842272
423,traditional,0.186816,1.468416,0.199680,1.854912
424,traditional,0.193568,1.436672,0.199680,1.829920
425,traditional,0.170336,1.452032,0.199680,1.822048
426,traditional,0.177696,1.468416,0.199680,1.845792
427,traditional,0.183840,1.459200,0.199680,1.842720
428,traditional,0.174112,1.480704,0.199680,1.854496
429,traditional,0.187744,1.459200,0.199680,1.846624
430,traditional,0.165088,1.439744,0.199680,1.804512
431,traditional,0.170720,1.484800,0.204800,1.860320
432,traditional,0.169280,1.444864,0.199680,1.813824
433,traditional,0.169600,1.435648,0.199680,1.804928
434,traditional,0.168928,1.443840,0.199680,1.812448
435,traditional,0.175936,1.443840,0.200704,1.820480
436,traditional,0.184000,1.456128,0.199680,1.839808
437,traditional,0.180064,1.445888,0.199680,1.825632
438,traditional,0.180800,1.441792,0.200704,1.823296
439,traditional,0.216736,1.465344,0.199680,1.881760
440,traditional,0.173984,1.448960,0.199680,1.822624
441,traditional,0.169856,1.464320,0.203776,1.837952
442,traditional,0.179392,1.455104,0.199680,1.834176
443,traditional,0.195072,1.442816,0.199680,1.837568
444,traditional,0.170112,1.438720,0.198656,1.807488
445,traditional,0.185440,1.475584,0.200704,1.861728
446,traditional,0.164992,1.427456,0.199680,1.792128
447,traditional,0.200384,1.469440,0.199680,1.869504
448,traditional,0.167424,1.415168,0.199680,1.782272
449,traditional,0.189440,1.470464,0.200704,1.860608
450,traditional,0.166592,1.423360,0.199680,1.789632
451,traditional,0.175264,1.419264,0.199680,1.794208
452,traditional,0.170432,1.416192,0.199680,1.786304
453,traditional,0.184576,1.467392,0.199680,1.851648
454,traditional,0.178528,1.411072,0.199680,1.789280
455,traditional,0.168800,1.431552,0.199680,1.800032
456,traditional,0.179360,1.430528,0.199680,1.809568
457,traditional,0.169024,1.443840,0.199680,1.812544
458,traditional,0.168000,1.452032,0.199680,1.819712
459,traditional,0.167808,1.416192,0.199680,1.783680
460,traditional,0.164352,1.411072,0.199680,1.775104
461,traditional,0.185664,1.430528,0.199680,1.815872
462,traditional,0.176096,1.444864,0.199680,1.820640
463,traditional,0.195200,1.453056,0.199680,1.847936
464,traditional,0.188448,1.418240,0.200704,1.807392
465,traditional,0.168320,1.412096,0.199680,1.780096
466,traditional,0.214080,1.432576,0.199680,1.846336
467,traditional,0.171808,1.430528,0.199680,1.802016
468,traditional,0.172448,1.436672,0.199680,1.808800
469,traditional,0.184768,1.455104,0.199680,1.839552
470,traditional,0.172416,1.435648,0.199680,1.807744
471,traditional,0.174848,1.453056,0.199680,1.827584
472,traditional,0.180960,1.429504,0.199680,1.810144
473,traditional,0.174592,1.422336,0.199680,1.796608
474,traditional,0.178304,1.436672,0.204800,1.819776
475,traditional,0.183456,1.414144,0.199680,1.797280
476,traditional,0.182080,1.412096,0.199680,1.793856
477,traditional,0.174208,1.423360,0.199680,1.797248
478,traditional,0.176736,1.424384,0.199680,1.800800
479,traditional,0.169792,1.427456,0.199680,1.796928
480,traditional,0.171328,1.431552,0.199680,1.802560
481,traditional,0.175040,1.431552,0.199680,1.806272
482,traditional,0.165120,1.444864,0.200704,1.810688
483,traditional,0.188096,1.454080,0.200704,1.842880
484,traditional,0.178784,1.432576,0.199680,1.811040
485,traditional,0.205760,1.453056,0.199680,1.858496
486,traditional,0.181792,1.416192,0.200704,1.798688
487,traditional,0.181760,1.421312,0.200704,1.803776
488,traditional,0.176640,1.420288,0.199680,1.796608
489,traditional,0.179072,1.413120,0.200704,1.792896
490,traditional,0.169536,1.421312,0.203776,1.794624
491,traditional,0.173280,1.421312,0.200704,1.795296
492,traditional,0.183936,1.425408,0.199680,1.809024
493,traditional,0.191040,1.438720,0.199680,1.829440
494,traditional,0.205216,1.444864,0.200704,1.850784
495,traditional,0.173344,1.435648,0.200704,1.809696
496,traditional,0.207264,1.421312,0.199680,1.828256
497,traditional,0.197824,1.442816,0.199680,1.840320
498,traditional,0.172640,1.430528,0.200704,1.803872
499,traditional,0.185312,1.464320,0.199680,1.849312
500,traditional,0.169760,1.426432,0.200704,1.796896
501,traditional,0.170048,1.445888,0.200704,1.816640
502,traditional,0.172544,1.477632,0.200704,1.850880
503,traditional,0.199296,1.481728,0.200704,1.881728
504,traditional,0.172736,1.489920,0.200704,1.863360
505,traditional,0.171168,1.439744,0.199680,1.810592
506,traditional,0.166560,1.460224,0.200704,1.827488
507,traditional,0.184128,1.452032,0.200704,1.836864
508,traditional,0.173152,1.436672,0.199680,1.809504
509,traditional,0.168544,1.443840,0.199680,1.812064
510,traditional,0.176416,1.448960,0.200704,1.826080
511,traditional,0.172736,1.418240,0.200704,1.791680
512,traditional,0.184000,1.424384,0.199680,1.808064
513,traditional,0.174432,1.433600,0.199680,1.807712
514,traditional,0.195008,1.445888,0.200704,1.841600
515,traditional,0.179680,1.432576,0.200704,1.812960
516,traditional,0.171296,1.430528,0.199680,1.801504
517,traditional,0.175168,1.467392,0.200704,1.843264
518,traditional,0.164288,1.491968,0.199680,1.855936
519,traditional,0.188544,1.466368,0.199680,1.854592
520,traditional,0.183552,1.441792,0.203776,1.829120
521,traditional,0.196800,1.437696,0.201728,1.836224
522,traditional,0.180544,1.434624,0.199680,1.814848
523,traditional,0.169504,1.441792,0.200704,1.812000
524,traditional,0.165280,1.439744,0.199680,1.804704
525,traditional,0.176736,1.430528,0.200704,1.807968
526,traditional,0.169184,1.459200,0.200704,1.829088
527,traditional,0.173120,1.469440,0.200704,1.843264
528,traditional,0.172640,1.425408,0.199680,1.797728
529,traditional,0.177920,1.448960,0.200704,1.827584
530,traditional,0.164992,1.415168,0.200704,1.780864
531,traditional,0.181024,1.431552,0.200704,1.813280
532,traditional,0.169888,1.419264,0.200704,1.789856
533,traditional,0.173248,1.416192,0.200704,1.790144
534,traditional,0.169600,1.438720,0.199680,1.808000
535,traditional,0.171680,1.439744,0.200704,1.812128
536,traditional,0.168512,1.419264,0.200704,1.788480
537,traditional,0.174816,1.422336,0.200704,1.797856
538,traditional,0.174272,1.414144,0.200704,1.789120
539,traditional,0.183584,1.436672,0.200704,1.820960
540,traditional,0.184000,1.424384,0.200704,1.809088
541,traditional,0.170656,1.432576,0.199680,1.802912
542,traditional,0.180448,1.437696,0.199680,1.817824
543,traditional,0.189216,1.470464,0.199680,1.859360
544,traditional,0.190912,1.447936,0.199680,1.838528
545,traditional,0.188288,1.470464,0.203776,1.862528
546,traditional,0.185504,1.442816,0.200704,1.829024
547,traditional,0.170304,1.434624,0.199680,1.804608
548,traditional,0.173312,1.441792,0.200704,1.815808
549,traditional,0.179840,1.431552,0.199680,1.811072
550,traditional,0.179200,1.427456,0.224256,1.830912
551,traditional,0.187328,1.472512,0.200704,1.860544
552,traditional,0.170400,1.423360,0.200704,1.794464
553,traditional,0.188256,1.446912,0.199680,1.834848
554,traditional,0.165920,1.447936,0.200704,1.814560
555,traditional,0.173568,1.418240,0.200704,1.792512
556,traditional,0.168736,1.429504,0.200704,1.798944
557,traditional,0.181632,1.459200,0.200704,1.841536
558,traditional,0.184576,1.421312,0.200704,1.806592
559,traditional,0.187392,1.428480,0.200704,1.816576
560,traditional,0.178208,1.455104,0.199680,1.832992
561,traditional,0.189376,1.443840,0.209920,1.843136
562,traditional,0.185440,1.444864,0.200704,1.831008
563,traditional,0.192576,1.460224,0.200704,1.853504
564,traditional,0.171680,1.459200,0.200704,1.831584
565,traditional,0.184384,1.436672,0.200704,1.821760
566,traditional,0.167808,1.445888,0.199680,1.813376
567,traditional,0.196768,1.465344,0.200704,1.862816
568,traditional,0.173664,1.430528,0.200704,1.804896
569,traditional,0.197376,1.466368,0.200704,1.864448
570,traditional,0.169280,1.462272,0.200704,1.832256
571,traditional,0.168512,1.442816,0.200704,1.812032
572,traditional,0.203072,1.478656,0.200704,1.882432
573,traditional,0.209472,1.467392,0.210944,1.887808
574,traditional,0.183008,1.485824,0.200704,1.869536
575,traditional,0.184000,1.452032,0.200704,1.836736
576,traditional,0.186080,1.449984,0.199680,1.835744
577,traditional,0.175744,1.462272,0.200704,1.838720
578,traditional,0.185216,1.469440,0.199680,1.854336
579,traditional,0.190048,1.463296,0.200704,1.854048
580,traditional,0.181280,1.447936,0.200704,1.829920
581,traditional,0.176704,1.465344,0.199680,1.841728
582,traditional,0.176160,1.472512,0.200704,1.849376
583,traditional,0.168576,1.481728,0.200704,1.851008
584,traditional,0.166016,1.462272,0.200704,1.828992
585,traditional,0.178528,1.453056,0.200704,1.832288
586,traditional,0.182304,1.460224,0.199680,1.842208
587,traditional,0.182432,1.454080,0.199680,1.836192
588,traditional,0.169248,1.435648,0.199680,1.804576
589,traditional,0.173248,1.443840,0.199680,1.816768
590,traditional,0.174752,1.494016,0.200704,1.869472
591,traditional,0.189984,1.497088,0.199680,1.886752
592,traditional,0.173920,1.478656,0.200704,1.853280
593,traditional,0.190912,1.441792,0.199680,1.832384
594,traditional,0.177312,1.454080,0.199680,1.831072
595,traditional,0.186016,1.455104,0.200704,1.841824
596,traditional,0.195232,1.471488,0.199680,1.866400
597,traditional,0.183200,1.440768,0.200704,1.824672
598,traditional,0.178784,1.477632,0.199680,1.856096
599,traditional,0.207424,1.457152,0.204800,1.869376
600,traditional,0.185696,1.471488,0.203776,1.860960
601,traditional,0.174016,1.463296,0.200704,1.838016
602,traditional,0.182304,1.443840,0.199680,1.825824
603,traditional,0.190016,1.460224,0.203776,1.854016
604,traditional,0.182368,1.445888,0.202752,1.831008
605,traditional,0.176992,1.892352,0.382976,2.452320
606,traditional,0.205152,1.476608,0.200704,1.882464
607,traditional,0.179392,1.542144,0.200704,1.922240
608,traditional,0.191488,1.470464,0.200704,1.862656
609,traditional,0.187296,1.461248,0.199680,1.848224
610,traditional,0.177216,1.447936,0.199680,1.824832
611,traditional,0.171136,1.477632,0.200704,1.849472
612,traditional,0.169600,1.454080,0.199680,1.823360
613,traditional,0.190656,1.452032,0.199680,1.842368
614,traditional,0.174112,1.463296,0.200704,1.838112
615,traditional,0.196992,1.460224,0.200704,1.857920
616,traditional,0.189312,1.466368,0.199680,1.855360
617,traditional,0.185632,1.470464,0.199680,1.855776
618,traditional,0.189760,1.539072,0.200704,1.929536
619,traditional,0.171712,1.474560,0.199680,1.845952
620,traditional,0.169216,1.460224,0.200704,1.830144
621,traditional,0.186336,1.470464,0.199680,1.856480
622,traditional,0.181248,1.461248,0.200704,1.843200
623,traditional,0.170720,1.468416,0.199680,1.838816
624,traditional,0.173152,1.465344,0.200704,1.839200
625,traditional,0.171552,1.484800,0.200704,1.857056
626,traditional,0.181120,1.494016,0.199680,1.874816
627,traditional,0.175520,1.481728,0.199680,1.856928
628,traditional,0.169760,1.488896,0.200704,1.859360
629,traditional,0.172064,1.479680,0.199680,1.851424
630,traditional,0.174016,1.479680,0.200704,1.854400
631,traditional,0.183328,1.465344,0.208896,1.857568
632,traditional,0.166080,1.457152,0.199680,1.822912
633,traditional,0.178720,1.511424,0.199680,1.889824
634,traditional,0.173504,1.455104,0.199680,1.828288
635,traditional,0.176256,1.461248,0.202752,1.840256
636,traditional,0.166784,1.468416,0.200704,1.835904
637,traditional,0.183712,1.468416,0.199680,1.851808
638,traditional,0.167136,1.509376,0.200704,1.877216
639,traditional,0.172576,1.464320,0.200704,1.837600
640,traditional,0.183360,1.460224,0.199680,1.843264
641,traditional,0.182432,1.468416,0.200704,1.851552
642,traditional,0.171104,1.463296,0.200704,1.835104
643,traditional,0.187456,1.453056,0.200704,1.841216
644,traditional,0.183904,1.461248,0.200704,1.845856
645,traditional,0.186304,1.462272,0.199680,1.848256
646,traditional,0.169280,1.439744,0.200704,1.809728
647,traditional,0.173696,1.449984,0.199680,1.823360
648,traditional,0.168384,1.466368,0.199680,1.834432
649,traditional,0.185184,1.469440,0.199680,1.854304
650,traditional,0.170688,1.442816,0.200704,1.814208
651,traditional,0.170592,1.446912,0.200704,1.818208
652,traditional,0.168576,1.445888,0.199680,1.814144
653,traditional,0.175104,1.457152,0.200704,1.832960
654,traditional,0.170784,1.441792,0.200704,1.813280
655,traditional,0.170816,1.463296,0.201728,1.835840
656,traditional,0.165632,1.497088,0.200704,1.863424
657,traditional,0.203392,1.465344,0.200704,1.869440
658,traditional,0.166976,1.455104,0.200704,1.822784
659,traditional,0.181600,1.473536,0.200704,1.855840
660,traditional,0.178208,1.489920,0.200704,1.868832
661,traditional,0.206272,1.459200,0.200704,1.866176
662,traditional,0.194720,1.480704,0.199680,1.875104
663,traditional,0.188704,1.469440,0.200704,1.858848
664,traditional,0.208320,1.454080,0.200704,1.863104
665,traditional,0.170816,1.453056,0.200704,1.824576
666,traditional,0.181216,1.470464,0.199680,1.851360
667,traditional,0.183232,1.491968,0.199680,1.874880
668,traditional,0.182144,1.477632,0.200704,1.860480
669,traditional,0.196032,1.457152,0.200704,1.853888
670,traditional,0.184640,1.502208,0.199680,1.886528
671,traditional,0.192896,1.464320,0.199680,1.856896
672,traditional,0.167392,1.482752,0.200704,1.850848
673,traditional,0.188448,1.465344,0.200704,1.854496
674,traditional,0.168320,1.488896,0.200704,1.857920
675,traditional,0.183168,1.461248,0.199680,1.844096
676,traditional,0.165952,1.465344,0.200704,1.832000
677,traditional,0.185728,1.468416,0.200704,1.854848
678,traditional,0.175680,1.475584,0.200704,1.851968
679,traditional,0.210848,1.471488,0.201728,1.884064
680,traditional,0.184224,1.464320,0.203776,1.852320
681,traditional,0.185600,1.698816,0.204800,2.089216
682,traditional,0.182176,1.472512,0.200704,1.855392
683,traditional,0.172928,1.440768,0.200704,1.814400
684,traditional,0.192448,1.454080,0.200704,1.847232
685,traditional,0.181568,1.462272,0.199680,1.843520
686,traditional,0.171200,1.440768,0.200704,1.812672
687,traditional,0.174144,1.458176,0.200704,1.833024
688,traditional,0.169600,1.463296,0.200704,1.833600
689,traditional,0.188352,1.442816,0.200704,1.831872
690,traditional,0.194432,1.434624,0.200704,1.829760
691,traditional,0.185536,1.454080,0.200704,1.840320
692,traditional,0.183168,1.431552,0.200704,1.815424
693,traditional,0.206816,1.430528,0.200704,1.838048
694,traditional,0.190208,1.424384,0.199680,1.814272
695,traditional,0.172384,1.447936,0.203776,1.824096
696,traditional,0.177888,1.438720,0.199680,1.816288
697,traditional,0.179072,1.462272,0.200704,1.842048
698,traditional,0.178464,1.467392,0.200704,1.846560
699,traditional,0.168096,1.477632,0.200704,1.846432
700,traditional,0.170720,1.485824,0.199680,1.856224
701,traditional,0.171584,1.462272,0.200704,1.834560
702,traditional,0.171872,1.431552,0.200704,1.804128
703,traditional,0.180768,1.422336,0.201728,1.804832
704,traditional,0.185184,1.427456,0.200704,1.813344
705,traditional,0.168608,1.472512,0.200704,1.841824
706,traditional,0.172992,1.454080,0.200704,1.827776
707,traditional,0.208160,1.437696,0.203776,1.849632
708,traditional,0.166976,1.462272,0.200704,1.829952
709,traditional,0.189824,1.480704,0.200704,1.871232
710,traditional,0.165952,1.443840,0.199680,1.809472
711,traditional,0.182048,1.445888,0.200704,1.828640
712,traditional,0.167168,1.430528,0.199680,1.797376
713,traditional,0.173408,1.438720,0.200704,1.812832
714,traditional,0.184064,1.473536,0.199680,1.857280
715,traditional,0.172640,1.447936,0.199680,1.820256
716,traditional,0.190112,1.444864,0.200704,1.835680
717,traditional,0.192480,1.432576,0.200704,1.825760
718,traditional,0.192384,1.467392,0.200704,1.860480
719,traditional,0.169568,1.486848,0.199680,1.856096
720,traditional,0.172544,1.445888,0.200704,1.819136
721,traditional,0.172608,1.483776,0.200704,1.857088
722,traditional,0.180704,1.470464,0.199680,1.850848
723,traditional,0.184096,1.444864,0.200704,1.829664
724,traditional,0.181344,1.460224,0.200704,1.842272
725,traditional,0.191488,1.495040,0.200704,1.887232
726,traditional,0.168960,1.462272,0.200704,1.831936
727,traditional,0.172064,1.459200,0.200704,1.831968
728,traditional,0.169760,1.459200,0.199680,1.828640
729,traditional,0.211264,1.516544,0.199680,1.927488
730,traditional,0.185152,1.473536,0.200704,1.859392
731,traditional,0.199584,1.475584,0.200704,1.875872
732,traditional,0.192128,1.442816,0.200704,1.835648
733,traditional,0.171328,1.461248,0.199680,1.832256
734,traditional,0.194048,1.429504,0.200704,1.824256
735,traditional,0.198912,1.443840,0.199680,1.842432
736,traditional,0.179328,1.454080,0.201728,1.835136
737,traditional,0.175936,1.467392,0.200704,1.844032
738,traditional,0.186496,1.429504,0.200704,1.816704
739,traditional,0.185344,1.487872,0.200704,1.873920
740,traditional,0.182560,1.482752,0.200704,1.866016
741,traditional,0.185536,1.462272,0.200704,1.848512
742,traditional,0.180320,1.445888,0.199680,1.825888
743,traditional,0.181440,1.469440,0.200704,1.851584
744,traditional,0.174688,1.455104,0.200704,1.830496
745,traditional,0.173024,1.490944,0.201728,1.865696
746,traditional,0.169248,1.488896,0.199680,1.857824
747,traditional,0.167392,1.463296,0.200704,1.831392
748,traditional,0.172544,1.432576,0.200704,1.805824
749,traditional,0.168704,1.447936,0.204800,1.821440
750,traditional,0.169568,1.430528,0.223232,1.823328
751,traditional,0.167392,1.452032,0.199680,1.819104
752,traditional,0.182368,1.474560,0.200704,1.857632
753,traditional,0.172832,1.497088,0.200704,1.870624
754,traditional,0.165664,1.463296,0.201728,1.830688
755,traditional,0.168416,1.451008,0.199680,1.819104
756,traditional,0.216448,1.446912,0.200704,1.864064
757,traditional,0.175712,1.440768,0.200704,1.817184
758,traditional,0.182656,1.445888,0.200704,1.829248
759,traditional,0.210048,1.449984,0.200704,1.860736
760,traditional,0.167168,1.492992,0.200704,1.860864
761,traditional,0.206080,1.428480,0.200704,1.835264
762,traditional,0.172384,1.454080,0.200704,1.827168
763,traditional,0.168704,1.444864,0.200704,1.814272
764,traditional,0.179904,1.426432,0.200704,1.807040
765,traditional,0.174112,1.437696,0.201728,1.813536
766,traditional,0.178976,1.483776,0.199680,1.862432
767,traditional,0.188288,1.452032,0.200704,1.841024
768,traditional,0.181600,1.457152,0.200704,1.839456
769,traditional,0.179488,1.448960,0.200704,1.829152
770,traditional,0.168864,1.440768,0.200704,1.810336
771,traditional,0.173248,1.471488,0.200704,1.845440
772,traditional,0.196160,1.469440,0.200704,1.866304
773,traditional,0.169568,1.437696,0.199680,1.806944
774,traditional,0.168992,1.454080,0.200704,1.823776
775,traditional,0.193536,1.459200,0.199680,1.852416
776,traditional,0.196096,1.457152,0.200704,1.853952
777,traditional,0.177696,1.469440,0.199680,1.846816
778,traditional,0.169952,1.421312,0.199680,1.790944
779,traditional,0.183904,1.452032,0.200704,1.836640
780,traditional,0.172416,1.429504,0.200704,1.802624
781,traditional,0.168672,1.455104,0.200704,1.824480
782,traditional,0.176000,1.444864,0.200704,1.821568
783,traditional,0.170400,1.455104,0.200704,1.826208
784,traditional,0.166336,1.427456,0.200704,1.794496
785,traditional,0.177664,1.438720,0.200704,1.817088
786,traditional,0.182432,1.430528,0.200704,1.813664
787,traditional,0.169920,1.425408,0.200704,1.796032
788,traditional,0.184288,1.438720,0.200704,1.823712
789,traditional,0.173696,1.461248,0.200704,1.835648
790,traditional,0.172064,1.436672,0.199680,1.808416
791,traditional,0.184800,1.446912,0.204800,1.836512
792,traditional,0.170304,1.448960,0.201728,1.820992
793,traditional,0.185696,1.432576,0.203776,1.822048
794,traditional,0.185696,1.471488,0.200704,1.857888
795,traditional,0.171744,1.456128,0.200704,1.828576
796,traditional,0.172160,1.435648,0.200704,1.808512
797,traditional,0.171872,1.433600,0.200704,1.806176
798,traditional,0.180544,1.435648,0.200704,1.816896
799,traditional,0.183328,1.443840,0.200704,1.827872
800,traditional,0.179904,1.435648,0.199680,1.815232
801,traditional,0.183968,1.451008,0.200704,1.835680
802,traditional,0.206592,1.476608,0.203776,1.886976
803,traditional,0.190112,1.449984,0.199680,1.839776
804,traditional,0.172096,1.505280,0.199680,1.877056
805,traditional,0.184896,1.484800,0.200704,1.870400
806,traditional,0.193152,1.501184,0.200704,1.895040
807,traditional,0.186656,1.483776,0.202752,1.873184
808,traditional,0.181120,1.462272,0.200704,1.844096
809,traditional,0.184096,1.492992,0.200704,1.877792
810,traditional,0.194368,1.444864,0.200704,1.839936
811,traditional,0.169632,1.436672,0.199680,1.805984
812,traditional,0.165504,1.475584,0.199680,1.840768
813,traditional,0.183072,1.532928,0.200704,1.916704
814,traditional,0.182048,1.479680,0.199680,1.861408
815,traditional,0.197120,1.495040,0.199680,1.891840
816,traditional,0.174048,1.467392,0.200704,1.842144
817,traditional,0.178624,1.529856,0.199680,1.908160
818,traditional,0.190592,1.479680,0.200704,1.870976
819,traditional,0.188288,1.466368,0.203776,1.858432
820,traditional,0.180256,1.482752,0.200704,1.863712
821,traditional,0.178368,1.498112,0.202752,1.879232
822,traditional,0.176736,1.474560,0.200704,1.852000
823,traditional,0.182304,1.477632,0.200704,1.860640
824,traditional,0.179456,1.456128,0.199680,1.835264
825,traditional,0.200064,1.514496,0.200704,1.915264
826,traditional,0.186400,1.446912,0.201728,1.835040
827,traditional,0.203584,1.471488,0.200704,1.875776
828,traditional,0.168064,1.455104,0.200704,1.823872
829,traditional,0.203680,1.516544,0.199680,1.919904
830,traditional,0.176000,1.454080,0.200704,1.830784
831,traditional,0.170112,1.442816,0.200704,1.813632
832,traditional,0.187328,1.472512,0.200704,1.860544
833,traditional,0.170528,1.490944,0.200704,1.862176
834,traditional,0.185632,1.481728,0.200704,1.868064
835,traditional,0.196192,1.461248,0.200704,1.858144
836,traditional,0.172832,1.490944,0.201728,1.865504
837,traditional,0.179008,1.478656,0.199680,1.857344
838,traditional,0.176160,1.476608,0.201728,1.854496
839,traditional,0.185792,1.488896,0.199680,1.874368
840,traditional,0.171360,1.457152,0.199680,1.828192
841,traditional,0.169888,1.475584,0.200704,1.846176
842,traditional,0.191872,1.489920,0.200704,1.882496
843,traditional,0.194528,1.443840,0.200704,1.839072
844,traditional,0.173248,1.460224,0.199680,1.833152
845,traditional,0.180512,1.461248,0.200704,1.842464
846,traditional,0.172960,1.459200,0.199680,1.831840
847,traditional,0.168896,1.451008,0.200704,1.820608
848,traditional,0.172992,1.481728,0.203776,1.858496
849,traditional,0.184736,1.484800,0.199680,1.869216
850,traditional,0.185664,1.503232,0.199680,1.888576
851,traditional,0.197984,1.457152,0.200704,1.855840
852,traditional,0.167104,1.458176,0.200704,1.825984
853,traditional,0.183648,1.469440,0.199680,1.852768
854,traditional,0.182976,1.477632,0.199680,1.860288
855,traditional,0.208384,1.457152,0.200704,1.866240
856,traditional,0.174464,1.447936,0.199680,1.822080
857,traditional,0.194976,1.442816,0.199680,1.837472
858,traditional,0.187232,1.443840,0.199680,1.830752
859,traditional,0.170880,1.448960,0.199680,1.819520
860,traditional,0.172480,1.503232,0.200704,1.876416
861,traditional,0.185920,1.485824,0.208896,1.880640
862,traditional,0.181952,1.469440,0.199680,1.851072
863,traditional,0.185312,1.442816,0.200704,1.828832
864,traditional,0.173408,1.446912,0.200704,1.821024
865,traditional,0.187392,1.445888,0.211968,1.845248
866,traditional,0.166176,1.452032,0.199680,1.817888
867,traditional,0.177312,1.489920,0.200704,1.867936
868,traditional,0.166688,1.457152,0.200704,1.824544
869,traditional,0.173856,1.480704,0.199680,1.854240
870,traditional,0.181376,1.492992,0.199680,1.874048
871,traditional,0.182080,1.486848,0.200704,1.869632
872,traditional,0.185120,1.474560,0.199680,1.859360
873,traditional,0.168480,1.509376,0.199680,1.877536
874,traditional,0.168256,1.510400,0.199680,1.878336
875,traditional,0.180512,1.481728,0.200704,1.862944
876,traditional,0.187712,1.470464,0.199680,1.857856
877,traditional,0.179008,1.472512,0.200704,1.852224
878,traditional,0.177952,1.471488,0.199680,1.849120
879,traditional,0.186784,1.489920,0.200704,1.877408
880,traditional,0.182624,1.470464,0.199680,1.852768
881,traditional,0.172096,1.481728,0.199680,1.853504
882,traditional,0.167104,1.522688,0.199680,1.889472
883,traditional,0.174048,1.484800,0.200704,1.859552
884,traditional,0.180416,1.466368,0.203776,1.850560
885,traditional,0.183360,1.509376,0.202752,1.895488
886,traditional,0.180288,1.518592,0.200704,1.899584
887,traditional,0.172160,1.459200,0.199680,1.831040
888,traditional,0.181344,1.449984,0.199680,1.831008
889,traditional,0.172128,1.449984,0.209920,1.832032
890,traditional,0.171072,1.509376,0.200704,1.881152
891,traditional,0.171616,1.458176,0.199680,1.829472
892,traditional,0.182240,1.461248,0.199680,1.843168
893,traditional,0.183392,1.447936,0.200704,1.832032
894,traditional,0.181536,1.444864,0.203776,1.830176
895,traditional,0.173696,1.451008,0.199680,1.824384
896,traditional,0.180640,1.485824,0.199680,1.866144
897,traditional,0.179168,1.463296,0.200704,1.843168
898,traditional,0.185632,1.459200,0.201728,1.846560
899,traditional,0.171776,1.453056,0.201728,1.826560
900,traditional,0.171200,1.454080,0.200704,1.825984
901,traditional,0.184096,1.442816,0.200704,1.827616
902,traditional,0.164512,1.443840,0.200704,1.809056
903,traditional,0.208096,1.438720,0.200704,1.847520
904,traditional,0.179264,1.453056,0.200704,1.833024
905,traditional,0.186080,1.448960,0.199680,1.834720
906,traditional,0.166400,1.443840,0.200704,1.810944
907,traditional,0.209344,1.529856,0.199680,1.938880
908,traditional,0.183584,1.461248,0.199680,1.844512
909,traditional,0.183616,1.462272,0.200704,1.846592
910,traditional,0.183616,1.455104,0.200704,1.839424
911,traditional,0.213312,1.475584,0.200704,1.889600
912,traditional,0.181728,1.472512,0.200704,1.854944
913,traditional,0.172960,1.474560,0.199680,1.847200
914,traditional,0.173088,1.469440,0.199680,1.842208
915,traditional,0.176192,1.477632,0.199680,1.853504
916,traditional,0.170464,1.454080,0.199680,1.824224
917,traditional,0.181344,1.451008,0.199680,1.832032
918,traditional,0.192352,1.509376,0.200704,1.902432
919,traditional,0.175744,1.488896,0.200704,1.865344
920,traditional,0.190208,1.453056,0.199680,1.842944
921,traditional,0.174656,1.452032,0.200704,1.827392
922,traditional,0.170656,1.483776,0.200704,1.855136
923,traditional,0.172512,1.443840,0.200704,1.817056
924,traditional,0.175616,1.490944,0.211968,1.878528
925,traditional,0.173536,1.444864,0.200704,1.819104
926,traditional,0.168576,1.525760,0.199680,1.894016
927,traditional,0.176224,1.492992,0.200704,1.869920
928,traditional,0.186240,1.444864,0.200704,1.831808
929,traditional,0.184768,1.460224,0.199680,1.844672
930,traditional,0.184480,1.473536,0.200704,1.858720
931,traditional,0.176320,1.491968,0.200704,1.868992
932,traditional,0.189696,1.432576,0.200704,1.822976
933,traditional,0.191584,1.465344,0.199680,1.856608
934,traditional,0.176608,1.476608,0.199680,1.852896
935,traditional,0.177152,1.497088,0.200704,1.874944
936,traditional,0.171808,1.487872,0.200704,1.860384
937,traditional,0.178592,1.468416,0.203776,1.850784
938,traditional,0.164064,1.460224,0.199680,1.823968
939,traditional,0.186624,1.448960,0.200704,1.836288
940,traditional,0.173536,1.429504,0.200704,1.803744
941,traditional,0.174848,1.454080,0.199680,1.828608
942,traditional,0.167872,1.434624,0.200704,1.803200
943,traditional,0.175808,1.678336,0.204800,2.058944
944,traditional,0.176960,1.462272,0.200704,1.839936
945,traditional,0.180096,1.464320,0.199680,1.844096
946,traditional,0.174848,1.479680,0.200704,1.855232
947,traditional,0.176320,1.460224,0.199680,1.836224
948,traditional,0.180192,1.510400,0.199680,1.890272
949,traditional,0.182784,1.431552,0.200704,1.815040
950,traditional,0.185536,1.449984,0.200704,1.836224
951,traditional,0.185024,1.439744,0.200704,1.825472
952,traditional,0.174080,1.433600,0.203776,1.811456
953,traditional,0.177344,1.439744,0.200704,1.817792
954,traditional,0.180736,1.473536,0.200704,1.854976
955,traditional,0.183552,1.449984,0.204800,1.838336
956,traditional,0.165728,1.470464,0.199680,1.835872
957,traditional,0.174944,1.436672,0.199680,1.811296
958,traditional,0.165792,1.451008,0.200704,1.817504
959,traditional,0.168864,1.478656,0.208896,1.856416
960,traditional,0.176416,1.441792,0.199680,1.817888
961,traditional,0.171680,1.467392,0.200704,1.839776
962,traditional,0.199904,1.478656,0.212992,1.891552
963,traditional,0.217888,1.433600,0.200704,1.852192
964,traditional,0.193408,1.469440,0.200704,1.863552
965,traditional,0.186528,1.443840,0.199680,1.830048
966,traditional,0.204416,1.442816,0.200704,1.847936
967,traditional,0.185984,1.439744,0.204800,1.830528
968,traditional,0.165664,1.435648,0.199680,1.800992
969,traditional,0.196224,1.441792,0.200704,1.838720
970,traditional,0.182656,1.467392,0.200704,1.850752
971,traditional,0.170688,1.444864,0.200704,1.816256
972,traditional,0.173408,1.484800,0.201728,1.859936
973,traditional,0.182272,1.484800,0.200704,1.867776
974,traditional,0.169280,1.477632,0.207872,1.854784
975,traditional,0.184416,1.430528,0.200704,1.815648
976,traditional,0.169568,1.451008,0.200704,1.821280
977,traditional,0.183744,1.435648,0.200704,1.820096
978,traditional,0.177792,1.470464,0.200704,1.848960
979,traditional,0.182688,1.449984,0.200704,1.833376
980,traditional,0.180768,1.464320,0.201728,1.846816
981,traditional,0.168320,1.455104,0.199680,1.823104
982,traditional,0.172864,1.435648,0.200704,1.809216
983,traditional,0.168864,1.431552,0.200704,1.801120
984,traditional,0.182208,1.431552,0.199680,1.813440
985,traditional,0.197568,1.459200,0.199680,1.856448
986,traditional,0.201408,1.491968,0.199680,1.893056
987,traditional,0.169248,1.449984,0.200704,1.819936
988,traditional,0.185280,1.466368,0.200704,1.852352
989,traditional,0.174464,1.434624,0.199680,1.808768
990,traditional,0.167456,1.445888,0.200704,1.814048
991,traditional,0.192544,1.477632,0.200704,1.870880
992,traditional,0.165216,1.470464,0.199680,1.835360
993,traditional,0.195104,1.467392,0.201728,1.864224
994,traditional,0.193888,1.440768,0.200704,1.835360
995,traditional,0.176864,1.501184,0.210944,1.888992
996,traditional,0.179328,1.474560,0.200704,1.854592
997,traditional,0.190944,1.455104,0.200704,1.846752
998,traditional,0.180608,1.470464,0.200704,1.851776
999,traditional,0.179040,1.454080,0.199680,1.832800
1000,traditional,0.181824,1.439744,0.202752,1.824320
1001,traditional,0.183808,1.456128,0.200704,1.840640
1002,traditional,0.171488,1.435648,0.200704,1.807840
1003,traditional,0.184032,1.428480,0.200704,1.813216
1004,traditional,0.182944,1.448960,0.201728,1.833632
1005,traditional,0.172672,1.433600,0.200704,1.806976
1006,traditional,0.164992,1.434624,0.199680,1.799296
1007,traditional,0.172256,1.469440,0.199680,1.841376
1008,traditional,0.190464,1.465344,0.203776,1.859584
1009,traditional,0.184032,1.466368,0.210944,1.861344
1010,traditional,0.195840,1.470464,0.199680,1.865984
1011,traditional,0.177088,1.457152,0.204800,1.839040
1012,traditional,0.165760,1.462272,0.200704,1.828736
1013,traditional,0.172192,1.447936,0.203776,1.823904
1014,traditional,0.193984,1.448960,0.200704,1.843648
1015,traditional,0.176864,1.438720,0.199680,1.815264
1016,traditional,0.164960,1.460224,0.200704,1.825888
1017,traditional,0.174368,1.462272,0.199680,1.836320
1018,traditional,0.169568,1.475584,0.200704,1.845856
1019,traditional,0.196576,1.441792,0.200704,1.839072
1020,traditional,0.176256,1.452032,0.199680,1.827968
1021,traditional,0.189056,1.481728,0.200704,1.871488
1022,traditional,0.181248,1.440768,0.200704,1.822720
1023,traditional,0.178016,1.480704,0.200704,1.859424
1024,traditional,0.187936,1.455104,0.200704,1.843744
1025,traditional,0.173056,1.432576,0.200704,1.806336
1026,traditional,0.215712,1.519616,0.199680,1.935008
1027,traditional,0.179552,1.452032,0.201728,1.833312
1028,traditional,0.169216,1.449984,0.200704,1.819904
1029,traditional,0.189312,1.440768,0.200704,1.830784
1030,traditional,0.177344,1.440768,0.199680,1.817792
1031,traditional,0.199456,1.487872,0.199680,1.887008
1032,traditional,0.180128,1.462272,0.199680,1.842080
1033,traditional,0.193312,1.460224,0.200704,1.854240
1034,traditional,0.190944,1.456128,0.200704,1.847776
1035,traditional,0.180416,1.467392,0.199680,1.847488
1036,traditional,0.173600,1.485824,0.200704,1.860128
1037,traditional,0.168448,1.496064,0.200704,1.865216
1038,traditional,0.185152,1.485824,0.200704,1.871680
1039,traditional,0.201088,1.459200,0.200704,1.860992
1040,traditional,0.189568,1.501184,0.204800,1.895552
1041,traditional,0.186816,1.462272,0.200704,1.849792
1042,traditional,0.182304,1.539072,0.201728,1.923104
1043,traditional,0.189984,1.519616,0.200704,1.910304
1044,traditional,0.166624,1.481728,0.199680,1.848032
1045,traditional,0.184864,1.470464,0.199680,1.855008
1046,traditional,0.179296,1.474560,0.200704,1.854560
1047,traditional,0.184512,1.495040,0.199680,1.879232
1048,traditional,0.175424,1.463296,0.203776,1.842496
1049,traditional,0.182176,1.456128,0.199680,1.837984
1050,traditional,0.166208,1.448960,0.199680,1.814848
1051,traditional,0.171872,1.455104,0.200704,1.827680
1052,traditional,0.187744,1.470464,0.200704,1.858912
1053,traditional,0.172256,1.468416,0.200704,1.841376
1054,traditional,0.177984,1.461248,0.199680,1.838912
1055,traditional,0.169664,1.452032,0.200704,1.822400
1056,traditional,0.187104,1.499136,0.200704,1.886944
1057,traditional,0.201312,1.465344,0.200704,1.867360
1058,traditional,0.175232,1.463296,0.200704,1.839232
1059,traditional,0.190496,1.454080,0.200704,1.845280
1060,traditional,0.166656,1.483776,0.199680,1.850112
1061,traditional,0.187744,1.468416,0.200704,1.856864
1062,traditional,0.167776,1.445888,0.200704,1.814368
1063,traditional,0.206720,1.490944,0.203776,1.901440
1064,traditional,0.166816,1.451008,0.211968,1.829792
1065,traditional,0.174304,1.453056,0.202752,1.830112
1066,traditional,0.177792,1.448960,0.208896,1.835648
1067,traditional,0.185248,1.476608,0.200704,1.862560
1068,traditional,0.169632,1.716224,0.206848,2.092704
1069,traditional,0.178688,1.460224,0.200704,1.839616
1070,traditional,0.169184,1.444864,0.199680,1.813728
1071,traditional,0.174464,1.448960,0.199680,1.823104
1072,traditional,0.187360,1.463296,0.199680,1.850336
1073,traditional,0.184736,1.470464,0.207872,1.863072
1074,traditional,0.181760,1.486848,0.199680,1.868288
1075,traditional,0.181760,1.457152,0.199680,1.838592
1076,traditional,0.187040,1.475584,0.199680,1.862304
1077,traditional,0.190240,1.486848,0.200704,1.877792
1078,traditional,0.186176,1.452032,0.200704,1.838912
1079,traditional,0.178336,1.452032,0.199680,1.830048
1080,traditional,0.166976,1.457152,0.199680,1.823808
1081,traditional,0.184352,1.463296,0.199680,1.847328
1082,traditional,0.213952,1.498112,0.198656,1.910720
1083,traditional,0.174144,1.492992,0.199680,1.866816
1084,traditional,0.182496,1.444864,0.200704,1.828064
1085,traditional,0.182464,1.472512,0.199680,1.854656
1086,traditional,0.164256,1.489920,0.199680,1.853856
1087,traditional,0.173632,1.461248,0.200704,1.835584
1088,traditional,0.165056,1.464320,0.199680,1.829056
1089,traditional,0.189952,1.446912,0.200704,1.837568
1090,traditional,0.189312,1.496064,0.199680,1.885056
1091,traditional,0.180096,1.442816,0.200704,1.823616
1092,traditional,0.183488,1.523712,0.200704,1.907904
1093,traditional,0.173984,1.472512,0.200704,1.847200
1094,traditional,0.186560,1.479680,0.199680,1.865920
1095,traditional,0.177664,1.471488,0.199680,1.848832
1096,traditional,0.169984,1.455104,0.199680,1.824768
1097,traditional,0.179872,1.466368,0.200704,1.846944
1098,traditional,0.182752,1.481728,0.200704,1.865184
1099,traditional,0.187520,1.478656,0.199680,1.865856
1100,traditional,0.174784,1.447936,0.200704,1.823424
1101,traditional,0.190784,1.449984,0.199680,1.840448
1102,traditional,0.198720,1.444864,0.199680,1.843264
1103,traditional,0.171936,1.461248,0.201728,1.834912
1104,traditional,0.173568,1.465344,0.200704,1.839616
1105,traditional,0.181504,1.445888,0.200704,1.828096
1106,traditional,0.171360,1.461248,0.199680,1.832288
1107,traditional,0.196128,1.507328,0.199680,1.903136
1108,traditional,0.180960,1.478656,0.200704,1.860320
1109,traditional,0.199392,1.512448,0.200704,1.912544
1110,traditional,0.173472,1.532928,0.200704,1.907104
1111,traditional,0.232640,1.506304,0.200704,1.939648
1112,traditional,0.174816,1.516544,0.200704,1.892064
1113,traditional,0.174816,1.490944,0.200704,1.866464
1114,traditional,0.182816,1.474560,0.200704,1.858080
1115,traditional,0.193696,1.507328,0.200704,1.901728
1116,traditional,0.166784,1.457152,0.199680,1.823616
1117,traditional,0.182304,1.469440,0.199680,1.851424
1118,traditional,0.184640,1.502208,0.199680,1.886528
1119,traditional,0.169984,1.459200,0.200704,1.829888
1120,traditional,0.166976,1.488896,0.199680,1.855552
1121,traditional,0.170528,1.490944,0.200704,1.862176
1122,traditional,0.181728,1.465344,0.200704,1.847776
1123,traditional,0.190976,1.514496,0.199680,1.905152
1124,traditional,0.177696,1.452032,0.201728,1.831456
1125,traditional,0.178912,1.456128,0.199680,1.834720
1126,traditional,0.169536,1.479680,0.200704,1.849920
1127,traditional,0.174528,1.485824,0.200704,1.861056
1128,traditional,0.188064,1.481728,0.199680,1.869472
1129,traditional,0.177568,1.455104,0.201728,1.834400
1130,traditional,0.165632,1.473536,0.199680,1.838848
1131,traditional,0.185216,1.510400,0.202752,1.898368
1132,traditional,0.173024,1.452032,0.200704,1.825760
1133,traditional,0.215584,1.513472,0.200704,1.929760
1134,traditional,0.194880,1.491968,0.199680,1.886528
1135,traditional,0.174048,1.506304,0.199680,1.880032
1136,traditional,0.178848,1.446912,0.199680,1.825440
1137,traditional,0.196800,1.476608,0.199680,1.873088
1138,traditional,0.182496,1.480704,0.199680,1.862880
1139,traditional,0.217216,1.504256,0.199680,1.921152
1140,traditional,0.195680,1.468416,0.200704,1.864800
1141,traditional,0.187680,1.447936,0.199680,1.835296
1142,traditional,0.179904,1.451008,0.200704,1.831616
1143,traditional,0.168672,1.476608,0.199680,1.844960
1144,traditional,0.176480,1.484800,0.199680,1.860960
1145,traditional,0.171968,1.498112,0.199680,1.869760
1146,traditional,0.183520,1.469440,0.200704,1.853664
1147,traditional,0.190784,1.438720,0.200704,1.830208
1148,traditional,0.181536,1.489920,0.200704,1.872160
1149,traditional,0.169344,1.475584,0.200704,1.845632
1150,traditional,0.163936,1.465344,0.200704,1.829984
1151,traditional,0.177568,1.468416,0.200704,1.846688
1152,traditional,0.165792,1.442816,0.203776,1.812384
1153,traditional,0.170752,1.449984,0.200704,1.821440
1154,traditional,0.178912,1.473536,0.212992,1.865440
1155,traditional,0.199360,1.451008,0.200704,1.851072
1156,traditional,0.180896,1.463296,0.200704,1.844896
1157,traditional,0.198816,1.464320,0.200704,1.863840
1158,traditional,0.219072,1.477632,0.200704,1.897408
1159,traditional,0.169120,1.461248,0.200704,1.831072
1160,traditional,0.166240,1.455104,0.199680,1.821024
1161,traditional,0.189056,1.460224,0.199680,1.848960
1162,traditional,0.167040,1.470464,0.200704,1.838208
1163,traditional,0.185824,1.465344,0.200704,1.851872
1164,traditional,0.174528,1.467392,0.200704,1.842624
1165,traditional,0.186176,1.458176,0.204800,1.849152
1166,traditional,0.166848,1.480704,0.200704,1.848256
1167,traditional,0.167840,1.470464,0.200704,1.839008
1168,traditional,0.171488,1.454080,0.200704,1.826272
1169,traditional,0.174912,1.451008,0.200704,1.826624
1170,traditional,0.171360,1.441792,0.199680,1.812832
1171,traditional,0.183040,1.441792,0.200704,1.825536
1172,traditional,0.195200,1.449984,0.199680,1.844864
1173,traditional,0.190528,1.466368,0.199680,1.856576
1174,traditional,0.163744,1.463296,0.199680,1.826720
1175,traditional,0.176224,1.494016,0.199680,1.869920
1176,traditional,0.167776,1.505280,0.200704,1.873760
1177,traditional,0.212992,1.481728,0.200704,1.895424
1178,traditional,0.169408,1.453056,0.200704,1.823168
1179,traditional,0.168992,1.470464,0.200704,1.840160
1180,traditional,0.181824,1.455104,0.199680,1.836608
1181,traditional,0.171168,1.458176,0.200704,1.830048
1182,traditional,0.181632,1.482752,0.201728,1.866112
1183,traditional,0.185600,1.468416,0.201728,1.855744
1184,traditional,0.183776,1.471488,0.200704,1.855968
1185,traditional,0.187456,1.453056,0.200704,1.841216
1186,traditional,0.165536,1.436672,0.203776,1.805984
1187,traditional,0.174112,1.445888,0.200704,1.820704
1188,traditional,0.165216,1.454080,0.200704,1.820000
1189,traditional,0.187744,1.447936,0.200704,1.836384
1190,traditional,0.165792,1.476608,0.200704,1.843104
1191,traditional,0.175136,1.489920,0.199680,1.864736
1192,traditional,0.172160,1.510400,0.200704,1.883264
1193,traditional,0.189216,1.487872,0.200704,1.877792
1194,traditional,0.165184,1.449984,0.200704,1.815872
1195,traditional,0.207872,1.466368,0.199680,1.873920
1196,traditional,0.199552,1.452032,0.200704,1.852288
1197,traditional,0.176640,1.465344,0.200704,1.842688
1198,traditional,0.174304,1.449984,0.200704,1.824992
1199,traditional,0.174208,1.474560,0.200704,1.849472
1200,traditional,0.186112,1.457152,0.200704,1.843968
1201,traditional,0.182880,1.501184,0.199680,1.883744
1202,traditional,0.180736,1.443840,0.200704,1.825280
1203,traditional,0.171488,1.475584,0.200704,1.847776
1204,traditional,0.181920,1.494016,0.200704,1.876640
1205,traditional,0.176672,1.467392,0.199680,1.843744
1206,traditional,0.169888,1.464320,0.200704,1.834912
1207,traditional,0.179264,1.446912,0.204800,1.830976
1208,traditional,0.170208,1.444864,0.200704,1.815776
1209,traditional,0.198080,1.463296,0.199680,1.861056
1210,traditional,0.173184,1.459200,0.200704,1.833088
1211,traditional,0.186304,1.502208,0.199680,1.888192
1212,traditional,0.176864,1.479680,0.200704,1.857248
1213,traditional,0.196096,1.489920,0.203776,1.889792
1214,traditional,0.185824,1.447936,0.200704,1.834464
1215,traditional,0.174816,1.469440,0.199680,1.843936
1216,traditional,0.184928,1.472512,0.200704,1.858144
1217,traditional,0.172928,1.446912,0.200704,1.820544
1218,traditional,0.180992,1.453056,0.217088,1.851136
1219,traditional,0.207424,1.454080,0.200704,1.862208
1220,traditional,0.169216,1.458176,0.200704,1.828096
1221,traditional,0.175264,1.441792,0.200704,1.817760
1222,traditional,0.173120,1.461248,0.200704,1.835072
1223,traditional,0.185280,1.496064,0.200704,1.882048
1224,traditional,0.166592,1.471488,0.199680,1.837760
1225,traditional,0.172864,1.441792,0.203776,1.818432
1226,traditional,0.184736,1.448960,0.199680,1.833376
1227,traditional,0.169184,1.489920,0.200704,1.859808
1228,traditional,0.174560,1.464320,0.200704,1.839584
1229,traditional,0.177632,1.462272,0.199680,1.839584
1230,traditional,0.192448,1.451008,0.200704,1.844160
1231,traditional,0.187488,1.456128,0.200704,1.844320
1232,traditional,0.184512,1.484800,0.200704,1.870016
1233,traditional,0.210368,1.475584,0.200704,1.886656
1234,traditional,0.166592,1.476608,0.204800,1.848000
1235,traditional,0.177984,1.469440,0.200704,1.848128
1236,traditional,0.185216,1.462272,0.200704,1.848192
1237,traditional,0.170944,1.441792,0.200704,1.813440
1238,traditional,0.175744,1.468416,0.199680,1.843840
1239,traditional,0.176224,1.460224,0.200704,1.837152
1240,traditional,0.188640,1.496064,0.199680,1.884384
1241,traditional,0.172192,1.456128,0.200704,1.829024
1242,traditional,0.168384,1.471488,0.200704,1.840576
1243,traditional,0.184672,1.463296,0.200704,1.848672
1244,traditional,0.170016,1.473536,0.200704,1.844256
1245,traditional,0.199744,1.457152,0.200704,1.857600
1246,traditional,0.167776,1.471488,0.200704,1.839968
1247,traditional,0.168800,1.457152,0.200704,1.826656
1248,traditional,0.194880,1.482752,0.200704,1.878336
1249,traditional,0.177472,1.482752,0.200704,1.860928
1250,traditional,0.178624,1.461248,0.200704,1.840576
1251,traditional,0.201088,1.471488,0.200704,1.873280
1252,traditional,0.166752,1.442816,0.200704,1.810272
1253,traditional,0.176672,1.489920,0.200704,1.867296
1254,traditional,0.171200,1.488896,0.200704,1.860800
1255,traditional,0.195488,1.461248,0.200704,1.857440
1256,traditional,0.173024,1.460224,0.199680,1.832928
1257,traditional,0.174272,1.451008,0.199680,1.824960
1258,traditional,0.168832,1.456128,0.200704,1.825664
1259,traditional,0.189504,1.473536,0.200704,1.863744
1260,traditional,0.200192,1.455104,0.200704,1.856000
1261,traditional,0.187488,1.472512,0.200704,1.860704
1262,traditional,0.169248,1.483776,0.200704,1.853728
1263,traditional,0.195360,1.542144,0.200704,1.938208
1264,traditional,0.182528,1.468416,0.199680,1.850624
1265,traditional,0.172384,1.465344,0.204800,1.842528
1266,traditional,0.169568,1.460224,0.204800,1.834592
1267,traditional,0.204256,1.452032,0.200704,1.856992
1268,traditional,0.168480,1.459200,0.199680,1.827360
1269,traditional,0.192352,1.452032,0.200704,1.845088
1270,traditional,0.182560,1.474560,0.200704,1.857824
1271,traditional,0.189568,1.476608,0.200704,1.866880
1272,traditional,0.165312,1.461248,0.200704,1.827264
1273,traditional,0.176320,1.477632,0.200704,1.854656
1274,traditional,0.193760,1.445888,0.215040,1.854688
1275,traditional,0.209824,1.474560,0.200704,1.885088
1276,traditional,0.183680,1.448960,0.201728,1.834368
1277,traditional,0.188960,1.464320,0.200704,1.853984
1278,traditional,0.183136,1.439744,0.200704,1.823584
1279,traditional,0.174912,1.458176,0.200704,1.833792
1280,traditional,0.175712,1.484800,0.200704,1.861216
1281,traditional,0.168352,1.443840,0.200704,1.812896
1282,traditional,0.173152,1.490944,0.225280,1.889376
1283,traditional,0.172416,1.490944,0.200704,1.864064
1284,traditional,0.181120,1.481728,0.200704,1.863552
1285,traditional,0.183904,1.494016,0.200704,1.878624
1286,traditional,0.166112,1.473536,0.200704,1.840352
1287,traditional,0.196928,1.547264,0.200704,1.944896
1288,traditional,0.172064,1.489920,0.200704,1.862688
1289,traditional,0.189728,1.445888,0.200704,1.836320
1290,traditional,0.172032,1.457152,0.202752,1.831936
1291,traditional,0.183520,1.479680,0.200704,1.863904
1292,traditional,0.182304,1.466368,0.212992,1.861664
1293,traditional,0.173696,1.534976,0.200704,1.909376
1294,traditional,0.186688,1.484800,0.204800,1.876288
1295,traditional,0.177312,1.498112,0.211968,1.887392
1296,traditional,0.191360,1.470464,0.201728,1.863552
1297,traditional,0.186368,1.470464,0.200704,1.857536
1298,traditional,0.167456,1.506304,0.200704,1.874464
1299,traditional,0.173760,1.470464,0.200704,1.844928
1300,traditional,0.169728,1.448960,0.200704,1.819392
1301,traditional,0.189152,1.483776,0.199680,1.872608
1302,traditional,0.181440,1.479680,0.199680,1.860800
1303,traditional,0.177312,1.463296,0.209920,1.850528
1304,traditional,0.195072,1.444864,0.200704,1.840640
1305,traditional,0.198368,1.449984,0.199680,1.848032
1306,traditional,0.195264,1.436672,0.200704,1.832640
1307,traditional,0.170880,1.466368,0.200704,1.837952
1308,traditional,0.183648,1.461248,0.200704,1.845600
1309,traditional,0.181920,1.437696,0.199680,1.819296
1310,traditional,0.170080,1.438720,0.200704,1.809504
1311,traditional,0.172960,1.443840,0.199680,1.816480
1312,traditional,0.170048,1.434624,0.200704,1.805376
1313,traditional,0.181344,1.438720,0.199680,1.819744
1314,traditional,0.173856,1.468416,0.200704,1.842976
1315,traditional,0.180608,1.436672,0.199680,1.816960
1316,traditional,0.181312,1.438720,0.199680,1.819712
1317,traditional,0.175712,1.441792,0.200704,1.818208
1318,traditional,0.172128,1.440768,0.200704,1.813600
1319,traditional,0.185184,1.454080,0.200704,1.839968
1320,traditional,0.172032,1.448960,0.212992,1.833984
1321,traditional,0.211712,1.453056,0.199680,1.864448
1322,traditional,0.173024,1.456128,0.199680,1.828832
1323,traditional,0.176480,1.470464,0.199680,1.846624
1324,traditional,0.168640,1.474560,0.200704,1.843904
1325,traditional,0.207392,1.477632,0.200704,1.885728
1326,traditional,0.184096,1.462272,0.199680,1.846048
1327,traditional,0.173664,1.463296,0.200704,1.837664
1328,traditional,0.168960,1.478656,0.199680,1.847296
1329,traditional,0.170688,1.456128,0.199680,1.826496
1330,traditional,0.182688,1.464320,0.200704,1.847712
1331,traditional,0.171616,1.454080,0.199680,1.825376
1332,traditional,0.170720,1.445888,0.199680,1.816288
1333,traditional,0.176416,1.452032,0.200704,1.829152
1334,traditional,0.168064,1.460224,0.199680,1.827968
1335,traditional,0.182144,1.463296,0.199680,1.845120
1336,traditional,0.189664,1.459200,0.199680,1.848544
1337,traditional,0.170624,1.443840,0.199680,1.814144
1338,traditional,0.178784,1.457152,0.202752,1.838688
1339,traditional,0.203136,1.446912,0.200704,1.850752
1340,traditional,0.176960,1.471488,0.199680,1.848128
1341,traditional,0.201568,1.456128,0.199680,1.857376
1342,traditional,0.167456,1.455104,0.200704,1.823264
1343,traditional,0.196192,1.454080,0.199680,1.849952
1344,traditional,0.170784,1.504256,0.200704,1.875744
1345,traditional,0.186176,1.466368,0.199680,1.852224
1346,traditional,0.165792,1.452032,0.200704,1.818528
1347,traditional,0.190528,1.490944,0.200704,1.882176
1348,traditional,0.183616,1.443840,0.200704,1.828160
1349,traditional,0.171008,1.448960,0.200704,1.820672
1350,traditional,0.187808,1.457152,0.200704,1.845664
1351,traditional,0.195712,1.489920,0.200704,1.886336
1352,traditional,0.166720,1.464320,0.199680,1.830720
1353,traditional,0.174240,1.462272,0.200704,1.837216
1354,traditional,0.203744,1.481728,0.199680,1.885152
1355,traditional,0.186016,1.473536,0.199680,1.859232
1356,traditional,0.178048,1.479680,0.199680,1.857408
1357,traditional,0.184768,1.474560,0.200704,1.860032
1358,traditional,0.167712,1.465344,0.199680,1.832736
1359,traditional,0.186592,1.487872,0.199680,1.874144
1360,traditional,0.189344,1.488896,0.200704,1.878944
1361,traditional,0.197408,1.469440,0.199680,1.866528
1362,traditional,0.186304,1.480704,0.200704,1.867712
1363,traditional,0.191680,1.480704,0.199680,1.872064
1364,traditional,0.192832,1.470464,0.200704,1.864000
1365,traditional,0.187360,1.465344,0.203776,1.856480
1366,traditional,0.169536,1.480704,0.200704,1.850944
1367,traditional,0.194528,1.502208,0.200704,1.897440
1368,traditional,0.168480,1.459200,0.199680,1.827360
1369,traditional,0.174016,1.456128,0.200704,1.830848
1370,traditional,0.170048,1.477632,0.199680,1.847360
1371,traditional,0.186048,1.482752,0.200704,1.869504
1372,traditional,0.180832,1.494016,0.200704,1.875552
1373,traditional,0.168864,1.455104,0.200704,1.824672
1374,traditional,0.190976,1.497088,0.200704,1.888768
1375,traditional,0.176416,1.455104,0.199680,1.831200
1376,traditional,0.202272,1.457152,0.200704,1.860128
1377,traditional,0.173984,1.455104,0.199680,1.828768
1378,traditional,0.181216,1.468416,0.199680,1.849312
1379,traditional,0.187904,1.461248,0.199680,1.848832
1380,traditional,0.184032,1.489920,0.200704,1.874656
1381,traditional,0.174176,1.454080,0.200704,1.828960
1382,traditional,0.172416,1.457152,0.199680,1.829248
1383,traditional,0.195520,1.460224,0.200704,1.856448
1384,traditional,0.171712,1.455104,0.200704,1.827520
1385,traditional,0.193280,1.468416,0.199680,1.861376
1386,traditional,0.166336,1.436672,0.199680,1.802688
1387,traditional,0.180032,1.472512,0.199680,1.852224
1388,traditional,0.178272,1.473536,0.199680,1.851488
1389,traditional,0.182304,1.454080,0.200704,1.837088
1390,traditional,0.172928,1.443840,0.199680,1.816448
1391,traditional,0.176608,1.442816,0.203776,1.823200
1392,traditional,0.172672,1.459200,0.200704,1.832576
1393,traditional,0.178592,1.471488,0.200704,1.850784
1394,traditional,0.204672,1.464320,0.199680,1.868672
1395,traditional,0.174272,1.448960,0.200704,1.823936
1396,traditional,0.167712,1.495040,0.200704,1.863456
1397,traditional,0.196768,1.462272,0.200704,1.859744
1398,traditional,0.180640,1.441792,0.200704,1.823136
1399,traditional,0.179232,1.456128,0.200704,1.836064
1400,traditional,0.193472,1.467392,0.200704,1.861568
1401,traditional,0.173120,1.468416,0.200704,1.842240
1402,traditional,0.171328,1.496064,0.200704,1.868096
1403,traditional,0.169024,1.446912,0.200704,1.816640
1404,traditional,0.177248,1.460224,0.203776,1.841248
1405,traditional,0.187776,1.482752,0.200704,1.871232
1406,traditional,0.181536,1.513472,0.200704,1.895712
1407,traditional,0.177856,1.562624,0.212992,1.953472
1408,traditional,0.174112,1.534976,0.212992,1.922080
1409,traditional,0.190144,1.529856,0.212992,1.932992
1410,traditional,0.177600,1.542144,0.214016,1.933760
1411,traditional,0.190176,1.563648,0.212992,1.966816
1412,traditional,0.184192,1.536000,0.216064,1.936256
1413,traditional,0.194944,1.609728,0.216064,2.020736
1414,traditional,0.180192,1.552384,0.216064,1.948640
1415,traditional,0.178624,1.563648,0.216064,1.958336
1416,traditional,0.192256,1.566720,0.216064,1.975040
1417,traditional,0.174944,1.563648,0.216064,1.954656
1418,traditional,0.179680,1.555456,0.228352,1.963488
1419,traditional,0.196704,1.585152,0.227328,2.009184
1420,traditional,0.174720,1.583104,0.216064,1.973888
1421,traditional,0.176096,1.564672,0.220160,1.960928
1422,traditional,0.174176,1.563648,0.215040,1.952864
1423,traditional,0.174400,1.551360,0.215040,1.940800
1424,traditional,0.180832,1.551360,0.216064,1.948256
1425,traditional,0.181088,1.553408,0.224256,1.958752
1426,traditional,0.187904,1.586176,0.215040,1.989120
1427,traditional,0.196768,1.588224,0.212992,1.997984
1428,traditional,0.175968,1.573888,0.212992,1.962848
1429,traditional,0.187008,1.593344,0.215040,1.995392
1430,traditional,0.182624,1.600512,0.214016,1.997152
1431,traditional,0.179584,1.559552,0.226304,1.965440
1432,traditional,0.176608,1.542144,0.214016,1.932768
1433,traditional,0.180096,1.572864,0.214016,1.966976
1434,traditional,0.194176,1.594368,0.215040,2.003584
1435,traditional,0.180800,1.575936,0.214016,1.970752
1436,traditional,0.174240,1.580032,0.217088,1.971360
1437,traditional,0.196640,1.572864,0.215040,1.984544
1438,traditional,0.177312,1.556480,0.214016,1.947808
1439,traditional,0.179616,1.599488,0.214016,1.993120
1440,traditional,0.184384,1.544192,0.214016,1.942592
1441,traditional,0.212960,1.552384,0.214016,1.979360
1442,traditional,0.179488,1.602560,0.214016,1.996064
1443,traditional,0.208928,1.551360,0.214016,1.974304
1444,traditional,0.177664,1.559552,0.215040,1.952256
1445,traditional,0.192672,1.587200,0.215040,1.994912
1446,traditional,0.175360,1.555456,0.214016,1.944832
1447,traditional,0.202208,1.597440,0.214016,2.013664
1448,traditional,0.203392,1.591296,0.210944,2.005632
1449,traditional,0.178560,1.530880,0.211968,1.921408
1450,traditional,0.174784,1.520640,0.211968,1.907392
1451,traditional,0.187072,1.583104,0.210944,1.981120
1452,traditional,0.178848,1.532928,0.211968,1.923744
1453,traditional,0.172128,1.566720,0.210944,1.949792
1454,traditional,0.219104,1.541120,0.209920,1.970144
1455,traditional,0.191488,2.049024,0.219136,2.459648
1456,traditional,0.189408,1.601536,0.216064,2.007008
1457,traditional,0.186336,1.609728,0.217088,2.013152
1458,traditional,0.176064,1.590272,0.217088,1.983424
1459,traditional,0.200896,1.582080,0.217088,2.000064
1460,traditional,0.179456,1.585152,0.217088,1.981696
1461,traditional,0.194240,1.582080,0.220160,1.996480
1462,traditional,0.175424,1.562624,0.214016,1.952064
1463,traditional,0.182912,1.562624,0.225280,1.970816
1464,traditional,0.185504,1.592320,0.214016,1.991840
1465,traditional,0.183744,1.560576,0.214016,1.958336
1466,traditional,0.177984,1.546240,0.201728,1.925952
1467,traditional,0.180544,1.472512,0.200704,1.853760
1468,traditional,0.172160,1.468416,0.201728,1.842304
1469,traditional,0.174080,1.479680,0.200704,1.854464
1470,traditional,0.169824,1.475584,0.201728,1.847136
1471,traditional,0.183040,1.475584,0.200704,1.859328
1472,traditional,0.184800,1.483776,0.204800,1.873376
1473,traditional,0.169440,1.478656,0.201728,1.849824
1474,traditional,0.196768,1.505280,0.200704,1.902752
1475,traditional,0.195840,1.473536,0.200704,1.870080
1476,traditional,0.171808,1.486848,0.199680,1.858336
1477,traditional,0.176928,1.449984,0.200704,1.827616
1478,traditional,0.203552,1.446912,0.200704,1.851168
1479,traditional,0.188000,1.470464,0.200704,1.859168
1480,traditional,0.207456,1.449984,0.201728,1.859168
1481,traditional,0.174304,1.464320,0.200704,1.839328
1482,traditional,0.176608,1.448960,0.200704,1.826272
1483,traditional,0.189312,1.489920,0.200704,1.879936
1484,traditional,0.183392,1.485824,0.200704,1.869920
1485,traditional,0.187552,1.484800,0.206848,1.879200
1486,traditional,0.187712,1.486848,0.200704,1.875264
1487,traditional,0.192832,1.435648,0.199680,1.828160
1488,traditional,0.171680,1.486848,0.200704,1.859232
1489,traditional,0.187072,1.438720,0.200704,1.826496
1490,traditional,0.185984,1.469440,0.199680,1.855104
1491,traditional,0.188576,1.473536,0.200704,1.862816
1492,traditional,0.182592,1.454080,0.200704,1.837376
1493,traditional,0.185888,1.477632,0.200704,1.864224
1494,traditional,0.184960,1.439744,0.199680,1.824384
1495,traditional,0.193024,1.468416,0.200704,1.862144
1496,traditional,0.176736,1.444864,0.199680,1.821280
1497,traditional,0.190688,1.474560,0.200704,1.865952
1498,traditional,0.170912,1.454080,0.199680,1.824672
1499,traditional,0.197472,1.489920,0.199680,1.887072
1500,traditional,0.181248,1.460224,0.200704,1.842176
1501,traditional,0.196000,1.466368,0.199680,1.862048
1502,traditional,0.165664,1.482752,0.202752,1.851168
1503,traditional,0.172032,1.441792,0.199680,1.813504
1504,traditional,0.196096,1.483776,0.200704,1.880576
1505,traditional,0.178912,1.461248,0.200704,1.840864
1506,traditional,0.169280,1.437696,0.200704,1.807680
1507,traditional,0.174336,1.478656,0.200704,1.853696
1508,traditional,0.186144,1.444864,0.200704,1.831712
1509,traditional,0.169824,1.469440,0.200704,1.839968
1510,traditional,0.183648,1.453056,0.200704,1.837408
1511,traditional,0.178016,1.440768,0.200704,1.819488
1512,traditional,0.177792,1.469440,0.201728,1.848960
1513,traditional,0.173024,1.465344,0.200704,1.839072
1514,traditional,0.176768,1.454080,0.200704,1.831552
1515,traditional,0.184672,1.453056,0.199680,1.837408
1516,traditional,0.166016,1.473536,0.200704,1.840256
1517,traditional,0.193312,1.466368,0.199680,1.859360
1518,traditional,0.167584,1.457152,0.199680,1.824416
1519,traditional,0.171232,1.467392,0.200704,1.839328
1520,traditional,0.168576,1.446912,0.200704,1.816192
1521,traditional,0.196320,1.457152,0.199680,1.853152
1522,traditional,0.184160,1.518592,0.200704,1.903456
1523,traditional,0.174752,1.485824,0.199680,1.860256
1524,traditional,0.173184,1.469440,0.204800,1.847424
1525,traditional,0.177376,1.456128,0.200704,1.834208
1526,traditional,0.192864,1.474560,0.201728,1.869152
1527,traditional,0.185280,1.461248,0.200704,1.847232
1528,traditional,0.172608,1.469440,0.203776,1.845824
1529,traditional,0.172544,1.473536,0.199680,1.845760
1530,traditional,0.173248,1.467392,0.199680,1.840320
1531,traditional,0.186400,1.477632,0.200704,1.864736
1532,traditional,0.165856,1.468416,0.200704,1.834976
1533,traditional,0.187616,1.461248,0.200704,1.849568
1534,traditional,0.171808,1.451008,0.199680,1.822496
1535,traditional,0.175232,1.453056,0.200704,1.828992
1536,traditional,0.173312,1.491968,0.199680,1.864960
1537,traditional,0.181664,1.489920,0.199680,1.871264
1538,traditional,0.198112,1.489920,0.200704,1.888736
1539,traditional,0.170272,1.467392,0.199680,1.837344
1540,traditional,0.170976,1.467392,0.200704,1.839072
1541,traditional,0.182592,1.467392,0.201728,1.851712
1542,traditional,0.178400,1.451008,0.199680,1.829088
1543,traditional,0.169600,1.457152,0.199680,1.826432
1544,traditional,0.179104,1.446912,0.200704,1.826720
1545,traditional,0.191424,1.492992,0.199680,1.884096
1546,traditional,0.181856,1.465344,0.199680,1.846880
1547,traditional,0.189664,1.455104,0.224256,1.869024
1548,traditional,0.172576,1.461248,0.200704,1.834528
1549,traditional,0.182144,1.486848,0.204800,1.873792
1550,traditional,0.181920,1.489920,0.199680,1.871520
1551,traditional,0.173216,1.456128,0.199680,1.829024
1552,traditional,0.186080,1.465344,0.199680,1.851104
1553,traditional,0.172576,1.453056,0.203776,1.829408
1554,traditional,0.170336,1.447936,0.204800,1.823072
1555,traditional,0.170880,1.460224,0.200704,1.831808
1556,traditional,0.169920,1.459200,0.199680,1.828800
1557,traditional,0.181664,1.464320,0.200704,1.846688
1558,traditional,0.172544,1.484800,0.200704,1.858048
1559,traditional,0.176832,1.444864,0.200704,1.822400
1560,traditional,0.211680,1.444864,0.199680,1.856224
1561,traditional,0.176480,1.455104,0.200704,1.832288
1562,traditional,0.171104,1.494016,0.199680,1.864800
1563,traditional,0.184352,1.458176,0.199680,1.842208
1564,traditional,0.171200,1.485824,0.200704,1.857728
1565,traditional,0.181632,1.453056,0.200704,1.835392
1566,traditional,0.166336,1.455104,0.202752,1.824192
1567,traditional,0.175584,1.468416,0.200704,1.844704
1568,traditional,0.169792,1.461248,0.199680,1.830720
1569,traditional,0.186912,1.496064,0.199680,1.882656
1570,traditional,0.172576,1.452032,0.199680,1.824288
1571,traditional,0.186112,1.454080,0.199680,1.839872
1572,traditional,0.165888,1.490944,0.200704,1.857536
1573,traditional,0.191072,1.884160,0.392192,2.467424
1574,traditional,0.168960,1.458176,0.200704,1.827840
1575,traditional,0.168224,1.442816,0.199680,1.810720
1576,traditional,0.166176,1.436672,0.200704,1.803552
1577,traditional,0.188192,1.439744,0.200704,1.828640
1578,traditional,0.175744,1.462272,0.199680,1.837696
1579,traditional,0.172768,1.433600,0.200704,1.807072
1580,traditional,0.174080,1.452032,0.199680,1.825792
1581,traditional,0.175200,1.444864,0.199680,1.819744
1582,traditional,0.178400,1.482752,0.199680,1.860832
1583,traditional,0.171776,1.485824,0.200704,1.858304
1584,traditional,0.184096,1.480704,0.199680,1.864480
1585,traditional,0.186208,1.448960,0.199680,1.834848
1586,traditional,0.166624,1.449984,0.199680,1.816288
1587,traditional,0.175872,1.467392,0.199680,1.842944
1588,traditional,0.167168,1.458176,0.199680,1.825024
1589,traditional,0.170336,1.494016,0.200704,1.865056
1590,traditional,0.170752,1.451008,0.199680,1.821440
1591,traditional,0.178784,1.484800,0.199680,1.863264
1592,traditional,0.173856,1.458176,0.199680,1.831712
1593,traditional,0.194464,1.480704,0.199680,1.874848
1594,traditional,0.181984,1.468416,0.200704,1.851104
1595,traditional,0.175136,1.470464,0.199680,1.845280
1596,traditional,0.170304,1.456128,0.199680,1.826112
1597,traditional,0.183360,1.466368,0.200704,1.850432
1598,traditional,0.178592,1.491968,0.200704,1.871264
1599,traditional,0.190624,1.470464,0.199680,1.860768
1600,traditional,0.189504,1.512448,0.199680,1.901632
1601,traditional,0.180288,1.491968,0.199680,1.871936
1602,traditional,0.186784,1.507328,0.200704,1.894816
1603,traditional,0.170176,1.476608,0.199680,1.846464
1604,traditional,0.170880,1.453056,0.199680,1.823616
1605,traditional,0.198592,1.487872,0.200704,1.887168
1606,traditional,0.164992,1.489920,0.199680,1.854592
1607,traditional,0.181696,1.498112,0.199680,1.879488
1608,traditional,0.186880,1.502208,0.199680,1.888768
1609,traditional,0.175008,1.494016,0.199680,1.868704
1610,traditional,0.198496,1.467392,0.199680,1.865568
1611,traditional,0.185280,1.449984,0.200704,1.835968
1612,traditional,0.181280,1.447936,0.200704,1.829920
1613,traditional,0.171712,1.474560,0.199680,1.845952
1614,traditional,0.192128,1.452032,0.199680,1.843840
1615,traditional,0.171552,1.457152,0.200704,1.829408
1616,traditional,0.178688,1.459200,0.201728,1.839616
1617,traditional,0.170304,1.490944,0.200704,1.861952
1618,traditional,0.170816,1.477632,0.200704,1.849152
1619,traditional,0.195840,1.469440,0.200704,1.865984
1620,traditional,0.171680,1.480704,0.200704,1.853088
1621,traditional,0.173376,1.466368,0.200704,1.840448
1622,traditional,0.169376,1.504256,0.200704,1.874336
1623,traditional,0.175456,1.541120,0.204800,1.921376
1624,traditional,0.170336,1.492992,0.204800,1.868128
1625,traditional,0.185248,1.497088,0.204800,1.887136
1626,traditional,0.176128,1.498112,0.204800,1.879040
1627,traditional,0.178560,1.512448,0.204800,1.895808
1628,traditional,0.171040,1.485824,0.204800,1.861664
1629,traditional,0.175136,1.494016,0.204800,1.873952
1630,traditional,0.191840,1.481728,0.204800,1.878368
1631,traditional,0.189600,1.497088,0.203776,1.890464
1632,traditional,0.168960,1.461248,0.201728,1.831936
1633,traditional,0.170976,1.457152,0.201728,1.829856
1634,traditional,0.181792,1.492992,0.202752,1.877536
1635,traditional,0.202400,1.495040,0.204800,1.902240
1636,traditional,0.192576,1.516544,0.203776,1.912896
1637,traditional,0.170176,1.477632,0.205824,1.853632
1638,traditional,0.173056,1.496064,0.203776,1.872896
1639,traditional,0.171552,1.517568,0.201728,1.890848
1640,traditional,0.175392,1.448960,0.200704,1.825056
1641,traditional,0.187776,1.474560,0.202752,1.865088
1642,traditional,0.169184,1.507328,0.204800,1.881312
1643,traditional,0.182880,1.458176,0.201728,1.842784
1644,traditional,0.167520,1.479680,0.202752,1.849952
1645,traditional,0.185760,1.490944,0.202752,1.879456
1646,traditional,0.171744,1.511424,0.203776,1.886944
1647,traditional,0.171328,1.484800,0.202752,1.858880
1648,traditional,0.166272,1.465344,0.202752,1.834368
1649,traditional,0.181376,1.463296,0.203776,1.848448
1650,traditional,0.172704,1.488896,0.204800,1.866400
1651,traditional,0.183264,1.499136,0.208896,1.891296
1652,traditional,0.169856,1.481728,0.204800,1.856384
1653,traditional,0.182240,1.488896,0.204800,1.875936
1654,traditional,0.194272,1.492992,0.204800,1.892064
1655,traditional,0.184064,1.520640,0.203776,1.908480
1656,traditional,0.167968,1.483776,0.203776,1.855520
1657,traditional,0.180704,1.483776,0.204800,1.869280
1658,traditional,0.174752,1.473536,0.203776,1.852064
1659,traditional,0.192448,1.472512,0.204800,1.869760
1660,traditional,0.182400,1.483776,0.203776,1.869952
1661,traditional,0.177824,1.482752,0.203776,1.864352
1662,traditional,0.169376,1.481728,0.204800,1.855904
1663,traditional,0.184416,1.511424,0.203776,1.899616
1664,traditional,0.170368,1.499136,0.203776,1.873280
1665,traditional,0.181856,1.515520,0.204800,1.902176
1666,traditional,0.193216,1.484800,0.204800,1.882816
1667,traditional,0.173376,1.534976,0.204800,1.913152
1668,traditional,0.173344,1.515520,0.203776,1.892640
1669,traditional,0.178560,1.517568,0.204800,1.900928
1670,traditional,0.167008,1.547264,0.206848,1.921120
1671,traditional,0.195968,1.507328,0.203776,1.907072
1672,traditional,0.170880,1.454080,0.203776,1.828736
1673,traditional,0.183744,1.499136,0.206848,1.889728
1674,traditional,0.170528,1.496064,0.205824,1.872416
1675,traditional,0.168320,1.471488,0.215040,1.854848
1676,traditional,0.167168,1.506304,0.206848,1.880320
1677,traditional,0.175584,1.499136,0.202752,1.877472
1678,traditional,0.176352,1.459200,0.202752,1.838304
1679,traditional,0.185664,1.467392,0.203776,1.856832
1680,traditional,0.175520,1.471488,0.202752,1.849760
1681,traditional,0.173216,1.459200,0.202752,1.835168
1682,traditional,0.169472,1.469440,0.202752,1.841664
1683,traditional,0.179328,1.528832,0.202752,1.910912
1684,traditional,0.191232,1.495040,0.202752,1.889024
1685,traditional,0.200768,1.486848,0.207872,1.895488
1686,traditional,0.172064,1.542144,0.211968,1.926176
1687,traditional,0.182208,1.569792,0.212992,1.964992
1688,traditional,0.198624,1.571840,0.210944,1.981408
1689,traditional,0.192192,1.554432,0.210944,1.957568
1690,traditional,0.180704,1.576960,0.210944,1.968608
1691,traditional,0.177312,1.559552,0.210944,1.947808
1692,traditional,0.185152,1.585152,0.211968,1.982272
1693,traditional,0.175552,1.531904,0.210944,1.918400
1694,traditional,0.173120,1.537024,0.211968,1.922112
1695,traditional,0.196928,1.600512,0.211968,2.009408
1696,traditional,0.182432,1.623040,0.211968,2.017440
1697,traditional,0.199328,1.534976,0.210944,1.945248
1698,traditional,0.200640,1.562624,0.211968,1.975232
1699,traditional,0.233280,1.540096,0.211968,1.985344
1700,traditional,0.184896,1.525760,0.210944,1.921600
1701,traditional,0.195776,1.585152,0.211968,1.992896
1702,traditional,0.197760,1.564672,0.211968,1.974400
1703,traditional,0.206272,1.586176,0.210944,2.003392
1704,traditional,0.183424,1.585152,0.210944,1.979520
1705,traditional,0.181344,1.598464,0.212992,1.992800
1706,traditional,0.176992,1.559552,0.214016,1.950560
1707,traditional,0.190560,1.550336,0.214016,1.954912
1708,traditional,0.187456,1.558528,0.214016,1.960000
1709,traditional,0.263072,1.590272,0.212992,2.066336
1710,traditional,0.173536,1.555456,0.212992,1.941984
1711,traditional,0.197408,1.562624,0.211968,1.972000
1712,traditional,0.194144,1.567744,0.216064,1.977952
1713,traditional,0.201120,1.581056,0.214016,1.996192
1714,traditional,0.193632,1.567744,0.214016,1.975392
1715,traditional,0.178176,1.569792,0.214016,1.961984
1716,traditional,0.172384,1.549312,0.214016,1.935712
1717,traditional,0.179040,1.557504,0.214016,1.950560
1718,traditional,0.176480,1.557504,0.214016,1.948000
1719,traditional,0.196896,1.547264,0.224256,1.968416
1720,traditional,0.186112,1.523712,0.210944,1.920768
1721,traditional,0.185568,1.562624,0.210944,1.959136
1722,traditional,0.181024,1.561600,0.211968,1.954592
1723,traditional,0.177344,1.557504,0.211968,1.946816
1724,traditional,0.183744,1.541120,0.216064,1.940928
1725,traditional,0.188576,1.599488,0.216064,2.004128
1726,traditional,0.175616,1.579008,0.217088,1.971712
1727,traditional,0.179648,1.561600,0.217088,1.958336
1728,traditional,0.177376,1.589248,0.216064,1.982688
1729,traditional,0.187040,1.604608,0.216064,2.007712
1730,traditional,0.180416,1.595392,0.214016,1.989824
1731,traditional,0.174016,1.544192,0.212992,1.931200
1732,traditional,0.195712,1.610752,0.211968,2.018432
1733,traditional,0.182016,1.552384,0.212992,1.947392
1734,traditional,0.190336,1.582080,0.212992,1.985408
1735,traditional,0.174784,1.565696,0.212992,1.953472
1736,traditional,0.171936,1.572864,0.211968,1.956768
1737,traditional,0.207616,1.566720,0.212992,1.987328
1738,traditional,0.178752,1.601536,0.212992,1.993280
1739,traditional,0.172768,1.485824,0.201728,1.860320
1740,traditional,0.186848,1.468416,0.202752,1.858016
1741,traditional,0.184480,1.504256,0.204800,1.893536
1742,traditional,0.168896,1.496064,0.199680,1.864640
1743,traditional,0.185504,1.519616,0.200704,1.905824
1744,traditional,0.178720,1.472512,0.199680,1.850912
1745,traditional,0.166912,1.481728,0.199680,1.848320
1746,traditional,0.181280,1.499136,0.201728,1.882144
1747,traditional,0.176064,1.472512,0.200704,1.849280
1748,traditional,0.164064,1.471488,0.199680,1.835232
1749,traditional,0.171776,1.441792,0.199680,1.813248
1750,traditional,0.195968,1.522688,0.199680,1.918336
1751,traditional,0.172928,1.467392,0.200704,1.841024
1752,traditional,0.180768,1.455104,0.199680,1.835552
1753,traditional,0.180192,1.485824,0.199680,1.865696
1754,traditional,0.199200,1.486848,0.199680,1.885728
1755,traditional,0.176768,1.489920,0.200704,1.867392
1756,traditional,0.183872,1.463296,0.200704,1.847872
1757,traditional,0.172384,1.455104,0.203776,1.831264
1758,traditional,0.170464,1.451008,0.203776,1.825248
1759,traditional,0.169088,1.453056,0.200704,1.822848
1760,traditional,0.170848,1.472512,0.200704,1.844064
1761,traditional,0.195168,1.504256,0.205824,1.905248
1762,traditional,0.173920,1.501184,0.200704,1.875808
1763,traditional,0.184128,1.492992,0.200704,1.877824
1764,traditional,0.170656,1.476608,0.200704,1.847968
1765,traditional,0.186240,1.505280,0.200704,1.892224
1766,traditional,0.176224,1.459200,0.199680,1.835104
1767,traditional,0.183776,1.510400,0.200704,1.894880
1768,traditional,0.195264,1.466368,0.199680,1.861312
1769,traditional,0.197280,1.481728,0.199680,1.878688
1770,traditional,0.172448,1.482752,0.199680,1.854880
1771,traditional,0.172896,1.543168,0.199680,1.915744
1772,traditional,0.181120,1.460224,0.200704,1.842048
1773,traditional,0.207008,1.507328,0.209920,1.924256
1774,traditional,0.181760,1.460224,0.199680,1.841664
1775,traditional,0.186624,1.471488,0.200704,1.858816
1776,traditional,0.195296,1.473536,0.199680,1.868512
1777,traditional,0.185440,1.487872,0.200704,1.874016
1778,traditional,0.166752,1.456128,0.200704,1.823584
1779,traditional,0.212000,1.444864,0.199680,1.856544
1780,traditional,0.178592,1.453056,0.199680,1.831328
1781,traditional,0.181888,1.488896,0.199680,1.870464
1782,traditional,0.173824,1.459200,0.199680,1.832704
1783,traditional,0.173984,1.471488,0.199680,1.845152
1784,traditional,0.184224,1.477632,0.206848,1.868704
1785,traditional,0.196224,1.452032,0.199680,1.847936
1786,traditional,0.199680,1.454080,0.199680,1.853440
1787,traditional,0.187232,1.471488,0.200704,1.859424
1788,traditional,0.173600,1.465344,0.199680,1.838624
1789,traditional,0.181472,1.468416,0.200704,1.850592
1790,traditional,0.172064,1.447936,0.199680,1.819680
1791,traditional,0.173088,1.481728,0.199680,1.854496
1792,traditional,0.170752,1.481728,0.199680,1.852160
1793,traditional,0.182400,1.439744,0.203776,1.825920
1794,traditional,0.176288,1.473536,0.200704,1.850528
1795,traditional,0.186336,1.466368,0.199680,1.852384
1796,traditional,0.168320,1.459200,0.211968,1.839488
1797,traditional,0.186112,1.478656,0.214016,1.878784
1798,traditional,0.171712,1.505280,0.200704,1.877696
1799,traditional,0.174752,1.457152,0.200704,1.832608
1800,traditional,0.173312,1.466368,0.204800,1.844480
1801,traditional,0.178272,1.446912,0.199680,1.824864
1802,traditional,0.185696,1.491968,0.200704,1.878368
1803,traditional,0.175296,1.490944,0.200704,1.866944
1804,traditional,0.170560,1.454080,0.199680,1.824320
1805,traditional,0.177184,1.500160,0.199680,1.877024
1806,traditional,0.166144,1.474560,0.200704,1.841408
1807,traditional,0.172800,1.481728,0.199680,1.854208
1808,traditional,0.184960,1.464320,0.200704,1.849984
1809,traditional,0.199200,1.495040,0.200704,1.894944
1810,traditional,0.166496,1.483776,0.200704,1.850976
1811,traditional,0.179328,1.471488,0.199680,1.850496
1812,traditional,0.172256,1.454080,0.200704,1.827040
1813,traditional,0.296064,2.856960,0.378880,3.531904
1814,traditional,0.300384,2.442240,0.200704,2.943328
1815,traditional,0.226112,1.473536,0.199680,1.899328
1816,traditional,0.174784,1.445888,0.199680,1.820352
1817,traditional,0.180096,2.241536,0.378880,2.800512
1818,traditional,0.311296,2.351104,0.200704,2.863104
1819,traditional,0.210976,1.482752,0.199680,1.893408
1820,traditional,0.300128,2.831360,0.377856,3.509344
1821,traditional,0.319744,1.647616,0.202752,2.170112
1822,traditional,0.177536,1.447936,0.199680,1.825152
1823,traditional,0.198080,1.434624,0.205824,1.838528
1824,traditional,0.299136,2.826240,0.378880,3.504256
1825,traditional,0.300256,2.197504,0.203776,2.701536
1826,traditional,0.202336,1.436672,0.200704,1.839712
1827,traditional,0.209760,1.512448,0.200704,1.922912
1828,traditional,0.193248,2.905088,0.378880,3.477216
1829,traditional,0.297888,2.267136,0.200704,2.765728
1830,traditional,0.185312,1.482752,0.199680,1.867744
1831,traditional,0.174816,1.449984,0.200704,1.825504
1832,traditional,0.194336,2.695168,0.380928,3.270432
1833,traditional,0.582464,2.466816,0.200704,3.249984
1834,traditional,0.217536,1.477632,0.200704,1.895872
1835,traditional,0.190592,1.443840,0.200704,1.835136
1836,traditional,0.170816,1.445888,0.204800,1.821504
1837,traditional,0.192096,1.451008,0.200704,1.843808
1838,traditional,0.198080,1.456128,0.203776,1.857984
1839,traditional,0.171008,1.470464,0.200704,1.842176
1840,traditional,0.302784,2.883584,0.380928,3.567296
1841,traditional,0.307168,2.098176,0.200704,2.606048
1842,traditional,0.165792,1.470464,0.200704,1.836960
1843,traditional,0.176608,1.472512,0.200704,1.849824
1844,traditional,0.194080,1.492992,0.200704,1.887776
1845,traditional,0.176992,1.507328,0.207872,1.892192
1846,traditional,0.192192,1.468416,0.203776,1.864384
1847,traditional,0.180160,1.466368,0.199680,1.846208
1848,traditional,0.303552,2.859008,0.378880,3.541440
1849,traditional,0.295872,2.482176,0.200704,2.978752
1850,traditional,0.169184,1.444864,0.199680,1.813728
1851,traditional,0.176448,1.447936,0.200704,1.825088
1852,traditional,0.187584,1.456128,0.199680,1.843392
1853,traditional,0.172480,1.471488,0.199680,1.843648
1854,traditional,0.166432,1.463296,0.200704,1.830432
1855,traditional,0.175232,1.471488,0.200704,1.847424
1856,traditional,0.300320,2.852864,0.382976,3.536160
1857,traditional,0.550560,2.003968,0.200704,2.755232
1858,traditional,0.186528,1.495040,0.200704,1.882272
1859,traditional,0.179968,1.455104,0.200704,1.835776
1860,traditional,0.182080,1.473536,0.200704,1.856320
1861,traditional,0.200352,1.478656,0.200704,1.879712
1862,traditional,0.176864,1.466368,0.200704,1.843936
1863,traditional,0.184640,1.477632,0.200704,1.862976
1864,traditional,0.173248,1.462272,0.200704,1.836224
1865,traditional,0.180160,1.454080,0.214016,1.848256
1866,traditional,0.172160,1.457152,0.200704,1.830016
1867,traditional,0.205856,1.459200,0.208896,1.873952
1868,traditional,0.174272,1.461248,0.199680,1.835200
1869,traditional,0.175104,1.455104,0.199680,1.829888
1870,traditional,0.185344,1.452032,0.201728,1.839104
1871,traditional,0.178624,1.465344,0.199680,1.843648
1872,traditional,0.166560,1.456128,0.208896,1.831584
1873,traditional,0.180160,1.978368,0.379904,2.538432
1874,traditional,0.301536,2.496512,0.208896,3.006944
1875,traditional,0.195968,1.486848,0.200704,1.883520
1876,traditional,0.170464,1.447936,0.200704,1.819104
1877,traditional,0.184000,1.449984,0.200704,1.834688
1878,traditional,0.173792,1.476608,0.200704,1.851104
1879,traditional,0.193984,1.473536,0.200704,1.868224
1880,traditional,0.168640,1.472512,0.200704,1.841856
1881,traditional,0.174016,1.445888,0.200704,1.820608
1882,traditional,0.184096,1.509376,0.200704,1.894176
1883,traditional,0.191904,1.468416,0.200704,1.861024
1884,traditional,0.169344,1.466368,0.200704,1.836416
1885,traditional,0.173504,1.441792,0.200704,1.816000
1886,traditional,0.223712,1.492992,0.200704,1.917408
1887,traditional,0.179872,1.494016,0.200704,1.874592
1888,traditional,0.180992,1.471488,0.212992,1.865472
1889,traditional,0.186912,1.486848,0.200704,1.874464
1890,traditional,0.169856,1.467392,0.200704,1.837952
1891,traditional,0.178272,1.473536,0.199680,1.851488
1892,traditional,0.166816,1.439744,0.199680,1.806240
1893,traditional,0.177856,1.460224,0.200704,1.838784
1894,traditional,0.186976,1.460224,0.200704,1.847904
1895,traditional,0.179328,1.449984,0.210944,1.840256
1896,traditional,0.179392,1.460224,0.200704,1.840320
1897,traditional,0.189696,1.488896,0.200704,1.879296
1898,traditional,0.178656,1.483776,0.200704,1.863136
1899,traditional,0.198208,1.523712,0.199680,1.921600
1900,traditional,0.197056,1.453056,0.200704,1.850816
1901,traditional,0.174016,1.510400,0.200704,1.885120
1902,traditional,0.202112,1.459200,0.200704,1.862016
1903,traditional,0.178944,1.445888,0.200704,1.825536
1904,traditional,0.178784,1.476608,0.200704,1.856096
1905,traditional,0.182688,1.490944,0.200704,1.874336
1906,traditional,0.180416,1.490944,0.200704,1.872064
1907,traditional,0.185568,1.445888,0.199680,1.831136
1908,traditional,0.181408,1.497088,0.200704,1.879200
1909,traditional,0.184096,1.456128,0.199680,1.839904
1910,traditional,0.181888,1.456128,0.200704,1.838720
1911,traditional,0.178176,1.435648,0.199680,1.813504
1912,traditional,0.177664,1.449984,0.199680,1.827328
1913,traditional,0.171936,1.478656,0.200704,1.851296
1914,traditional,0.194880,1.454080,0.200704,1.849664
1915,traditional,0.184608,1.457152,0.200704,1.842464
1916,traditional,0.168640,1.474560,0.200704,1.843904
1917,traditional,0.183904,1.471488,0.200704,1.856096
1918,traditional,0.174400,1.455104,0.199680,1.829184
1919,traditional,0.174976,1.462272,0.199680,1.836928
1920,traditional,0.168608,1.461248,0.200704,1.830560
1921,traditional,0.177728,1.460224,0.200704,1.838656
1922,traditional,0.188992,1.524736,0.200704,1.914432
1923,traditional,0.192448,1.449984,0.200704,1.843136
1924,traditional,0.173152,1.468416,0.199680,1.841248
1925,traditional,0.176064,1.439744,0.200704,1.816512
1926,traditional,0.166048,1.475584,0.201728,1.843360
1927,traditional,0.186912,1.444864,0.199680,1.831456
1928,traditional,0.169312,1.468416,0.200704,1.838432
1929,traditional,0.176096,1.449984,0.199680,1.825760
1930,traditional,0.190880,1.460224,0.200704,1.851808
1931,traditional,0.191072,1.455104,0.200704,1.846880
1932,traditional,0.169312,1.474560,0.200704,1.844576
1933,traditional,0.172192,1.445888,0.199680,1.817760
1934,traditional,0.169440,1.451008,0.200704,1.821152
1935,traditional,0.184960,1.443840,0.200704,1.829504
1936,traditional,0.213024,1.520640,0.200704,1.934368
1937,traditional,0.191808,1.462272,0.199680,1.853760
1938,traditional,0.196000,1.475584,0.203776,1.875360
1939,traditional,0.174848,1.466368,0.199680,1.840896
1940,traditional,0.177824,1.452032,0.200704,1.830560
1941,traditional,0.189632,1.439744,0.199680,1.829056
1942,traditional,0.211264,1.488896,0.200704,1.900864
1943,traditional,0.170752,1.479680,0.202752,1.853184
1944,traditional,0.179744,1.501184,0.199680,1.880608
1945,traditional,0.193856,1.482752,0.200704,1.877312
1946,traditional,0.180320,1.467392,0.199680,1.847392
1947,traditional,0.170848,1.451008,0.200704,1.822560
1948,traditional,0.179552,1.454080,0.200704,1.834336
1949,traditional,0.177184,1.454080,0.200704,1.831968
1950,traditional,0.180384,1.464320,0.200704,1.845408
1951,traditional,0.183488,1.455104,0.200704,1.839296
1952,traditional,0.174848,1.457152,0.199680,1.831680
1953,traditional,0.186752,1.455104,0.200704,1.842560
1954,traditional,0.181696,1.470464,0.200704,1.852864
1955,traditional,0.189088,1.457152,0.200704,1.846944
1956,traditional,0.177504,1.456128,0.200704,1.834336
1957,traditional,0.186912,1.444864,0.200704,1.832480
1958,traditional,0.175712,1.506304,0.210944,1.892960
1959,traditional,0.192704,1.436672,0.199680,1.829056
1960,traditional,0.170016,1.460224,0.199680,1.829920
1961,traditional,0.181280,1.460224,0.200704,1.842208
1962,traditional,0.192768,1.525760,0.200704,1.919232
1963,traditional,0.181696,1.485824,0.200704,1.868224
1964,traditional,0.172352,1.461248,0.199680,1.833280
1965,traditional,0.173152,1.451008,0.199680,1.823840
1966,traditional,0.168832,1.460224,0.199680,1.828736
1967,traditional,0.185024,1.434624,0.200704,1.820352
1968,traditional,0.170656,1.471488,0.200704,1.842848
1969,traditional,0.171456,1.440768,0.200704,1.812928
1970,traditional,0.190528,1.437696,0.200704,1.828928
1971,traditional,0.177376,1.447936,0.200704,1.826016
1972,traditional,0.173760,1.486848,0.200704,1.861312
1973,traditional,0.179808,1.460224,0.200704,1.840736
1974,traditional,0.197664,1.492992,0.200704,1.891360
1975,traditional,0.186912,1.477632,0.199680,1.864224
1976,traditional,0.183872,1.438720,0.203776,1.826368
1977,traditional,0.175168,2.513920,0.386048,3.075136
1978,traditional,0.308288,2.597888,0.200704,3.106880
1979,traditional,0.175072,1.689600,0.200704,2.065376
1980,traditional,0.268608,2.845696,0.378880,3.493184
1981,traditional,0.301216,2.536448,0.203776,3.041440
1982,traditional,0.226304,1.471488,0.200704,1.898496
1983,traditional,0.194784,1.479680,0.200704,1.875168
1984,traditional,0.222080,2.855936,0.378880,3.456896
1985,traditional,0.298080,2.578432,0.200704,3.077216
1986,traditional,0.234720,1.448960,0.201728,1.885408
1987,traditional,0.182688,1.480704,0.201728,1.865120
1988,traditional,0.171616,1.874944,0.399360,2.445920
1989,traditional,0.176960,1.454080,0.202752,1.833792
1990,traditional,0.189792,1.476608,0.202752,1.869152
1991,traditional,0.183936,1.469440,0.202752,1.856128
1992,traditional,0.171744,1.454080,0.199680,1.825504
1993,traditional,0.174368,1.469440,0.199680,1.843488
1994,traditional,0.181216,1.447936,0.199680,1.828832
1995,traditional,0.197792,2.675712,0.378880,3.252384
1996,traditional,0.303328,2.818048,0.201728,3.323104
1997,traditional,0.176000,1.465344,0.199680,1.841024
1998,traditional,0.182112,1.478656,0.200704,1.861472
1999,traditional,0.169536,1.463296,0.208896,1.841728
2000,traditional,0.192128,1.453056,0.200704,1.845888
2001,traditional,0.184672,1.443840,0.199680,1.828192
2002,traditional,0.190048,1.494016,0.202752,1.886816
2003,traditional,0.200768,1.524736,0.206848,1.932352
2004,traditional,0.167584,1.522688,0.205824,1.896096
2005,traditional,0.179328,1.504256,0.205824,1.889408
2006,traditional,0.183744,1.521664,0.207872,1.913280
2007,traditional,0.169920,1.498112,0.203776,1.871808
2008,traditional,0.182496,1.513472,0.207872,1.903840
2009,traditional,0.213792,1.521664,0.203776,1.939232
2010,traditional,0.173184,1.498112,0.203776,1.875072
2011,traditional,0.188736,1.520640,0.203776,1.913152
2012,traditional,0.171840,1.467392,0.203776,1.843008
2013,traditional,0.172096,1.468416,0.202752,1.843264
2014,traditional,0.181568,1.472512,0.201728,1.855808
2015,traditional,0.174336,1.490944,0.202752,1.868032
2016,traditional,0.172896,1.515520,0.202752,1.891168
2017,traditional,0.183968,1.501184,0.202752,1.887904
2018,traditional,0.175040,1.500160,0.202752,1.877952
2019,traditional,0.228544,1.491968,0.202752,1.923264
2020,traditional,0.181248,1.502208,0.202752,1.886208
2021,traditional,0.186240,1.467392,0.203776,1.857408
2022,traditional,0.228736,1.472512,0.203776,1.905024
2023,traditional,0.220000,1.469440,0.202752,1.892192
2024,traditional,0.194464,1.523712,0.203776,1.921952
2025,traditional,0.177984,1.498112,0.203776,1.879872
2026,traditional,0.191424,1.485824,0.203776,1.881024
2027,traditional,0.186784,1.507328,0.203776,1.897888
2028,traditional,0.166272,1.492992,0.203776,1.863040
2029,traditional,0.176256,1.540096,0.207872,1.924224
2030,traditional,0.172672,1.511424,0.210944,1.895040
2031,traditional,0.175744,1.520640,0.208896,1.905280
2032,traditional,0.185472,1.528832,0.207872,1.922176
2033,traditional,0.177184,1.531904,0.207872,1.916960
2034,traditional,0.194208,1.504256,0.204800,1.903264
2035,traditional,0.191360,1.539072,0.204800,1.935232
2036,traditional,0.200544,1.473536,0.204800,1.878880
2037,traditional,0.179200,1.482752,0.203776,1.865728
2038,traditional,0.173984,1.469440,0.199680,1.843104
2039,traditional,0.185728,1.454080,0.199680,1.839488
2040,traditional,0.181600,1.485824,0.203776,1.871200
2041,traditional,0.170144,1.442816,0.200704,1.813664
2042,traditional,0.192320,1.494016,0.201728,1.888064
2043,traditional,0.180608,1.459200,0.201728,1.841536
2044,traditional,0.175584,1.476608,0.201728,1.853920
2045,traditional,0.197824,1.458176,0.202752,1.858752
2046,traditional,0.184320,1.486848,0.202752,1.873920
2047,traditional,0.203936,1.472512,0.202752,1.879200
2048,traditional,0.195296,1.505280,0.201728,1.902304
2049,traditional,0.171136,1.497088,0.201728,1.869952
2050,traditional,0.169408,1.474560,0.201728,1.845696
2051,traditional,0.172640,1.503232,0.201728,1.877600
2052,traditional,0.171488,1.472512,0.202752,1.846752
2053,traditional,0.183520,1.470464,0.202752,1.856736
2054,traditional,0.192416,1.482752,0.203776,1.878944
2055,traditional,0.192480,1.521664,0.206848,1.920992
2056,traditional,0.171680,1.509376,0.207872,1.888928
2057,traditional,0.190112,1.505280,0.207872,1.903264
2058,traditional,0.176032,1.526784,0.207872,1.910688
2059,traditional,0.197728,1.541120,0.207872,1.946720
2060,traditional,0.205024,1.511424,0.207872,1.924320
2061,traditional,0.196928,1.491968,0.207872,1.896768
2062,traditional,0.209024,1.525760,0.207872,1.942656
2063,traditional,0.190048,1.505280,0.207872,1.903200
2064,traditional,0.184064,1.545216,0.207872,1.937152
2065,traditional,0.171840,1.529856,0.207872,1.909568
2066,traditional,0.186400,1.511424,0.207872,1.905696
2067,traditional,0.188896,1.537024,0.206848,1.932768
2068,traditional,0.186016,1.508352,0.207872,1.902240
2069,traditional,0.203648,1.502208,0.207872,1.913728
2070,traditional,0.196352,1.529856,0.209920,1.936128
2071,traditional,0.215328,1.513472,0.203776,1.932576
2072,traditional,0.167168,1.467392,0.203776,1.838336
2073,traditional,0.191264,1.501184,0.203776,1.896224
2074,traditional,0.170752,1.486848,0.204800,1.862400
2075,traditional,0.186688,1.507328,0.204800,1.898816
2076,traditional,0.186784,1.508352,0.203776,1.898912
2077,traditional,0.179264,1.528832,0.203776,1.911872
2078,traditional,0.175392,1.498112,0.203776,1.877280
2079,traditional,0.174944,1.471488,0.203776,1.850208
2080,traditional,0.170976,1.485824,0.202752,1.859552
2081,traditional,0.187808,1.466368,0.203776,1.857952
2082,traditional,0.198912,1.516544,0.203776,1.919232
2083,traditional,0.184960,1.481728,0.203776,1.870464
2084,traditional,0.170336,1.511424,0.202752,1.884512
2085,traditional,0.193248,1.484800,0.205824,1.883872
2086,traditional,0.173440,1.533952,0.207872,1.915264
2087,traditional,0.184256,1.536000,0.207872,1.928128
2088,traditional,0.185184,1.543168,0.207872,1.936224
2089,traditional,0.189344,1.521664,0.207872,1.918880
2090,traditional,0.193824,1.518592,0.202752,1.915168
2091,traditional,0.172768,1.532928,0.202752,1.908448
2092,traditional,0.195264,1.484800,0.201728,1.881792
2093,traditional,0.195072,1.525760,0.207872,1.928704
2094,traditional,0.168928,1.472512,0.206848,1.848288
2095,traditional,0.169344,1.514496,0.202752,1.886592
2096,traditional,0.173600,1.458176,0.202752,1.834528
2097,traditional,0.186432,1.482752,0.202752,1.871936
2098,traditional,0.183360,1.490944,0.202752,1.877056
2099,traditional,0.169856,1.463296,0.202752,1.835904
2100,traditional,0.181216,1.461248,0.202752,1.845216
