frame,renderPath,shadowMs,sceneMs,postProcessMs,frameMs
1,traditional,0.049632,7.970816,0.090112,8.110560
2,traditional,0.059712,7.992320,0.088064,8.140096
3,traditional,0.049920,7.959552,0.090112,8.099584
4,traditional,0.053632,7.987200,0.088064,8.128896
5,traditional,0.049920,7.997440,0.089088,8.136448
6,traditional,0.050688,8.022016,0.089088,8.161792
7,traditional,0.053312,7.985152,0.089088,8.127552
8,traditional,0.056864,7.965696,0.088064,8.110624
9,traditional,0.052800,7.946240,0.088064,8.087104
10,traditional,0.052000,7.946240,0.089088,8.087328
11,traditional,0.050656,7.974912,0.090112,8.115680
12,traditional,0.051264,7.900160,0.090112,8.041536
13,traditional,0.061824,7.889920,0.090112,8.041856
14,traditional,0.062592,7.897088,0.090112,8.049792
15,traditional,0.062496,7.179264,0.080896,7.322656
16,traditional,0.057440,7.029760,0.080896,7.168096
17,traditional,0.045792,7.036928,0.080896,7.163616
18,traditional,0.045920,7.038976,0.081920,7.166816
19,traditional,0.046240,7.048192,0.080896,7.175328
20,traditional,0.045376,7.112704,0.081920,7.240000
21,traditional,0.054208,7.005184,0.080896,7.140288
22,traditional,0.046304,7.015424,0.080896,7.142624
23,traditional,0.053632,7.011328,0.080896,7.145856
24,traditional,0.046592,7.003136,0.081920,7.131648
25,traditional,0.046656,6.985728,0.080896,7.113280
26,traditional,0.045248,7.002112,0.080896,7.128256
27,traditional,0.045952,7.037952,0.080896,7.164800
28,traditional,0.046208,7.013376,0.080896,7.140480
29,traditional,0.045664,7.076864,0.080896,7.203424
30,traditional,0.046528,7.007232,0.079872,7.133632
31,traditional,0.045664,7.035904,0.083968,7.165536
32,traditional,0.047520,6.996992,0.083968,7.128480
33,traditional,0.049600,6.990848,0.082944,7.123392
34,traditional,0.046016,7.025664,0.082944,7.154624
35,traditional,0.048352,7.029760,0.082944,7.161056
36,traditional,0.046304,7.020544,0.082944,7.149792
37,traditional,0.046688,6.980608,0.082944,7.110240
38,traditional,0.045760,7.054336,0.082944,7.183040
39,traditional,0.046752,6.992896,0.081920,7.121568
40,traditional,0.047104,7.004160,0.082944,7.134208
41,traditional,0.045696,7.006208,0.082944,7.134848
42,traditional,0.046208,6.998016,0.082944,7.127168
43,traditional,0.058656,6.967296,0.082944,7.108896
44,traditional,0.047936,6.977536,0.082944,7.108416
45,traditional,0.046656,7.005184,0.082944,7.134784
46,traditional,0.046464,6.998016,0.081920,7.126400
47,traditional,0.047168,6.976512,0.081920,7.105600
48,traditional,0.049184,6.955008,0.081920,7.086112
49,traditional,0.045600,6.982656,0.082944,7.111200
50,traditional,0.047648,7.003136,0.086016,7.136800
51,traditional,0.048864,7.032832,0.086016,7.167712
52,traditional,0.045280,6.939648,0.083968,7.068896
53,traditional,0.049216,6.995968,0.086016,7.131200
54,traditional,0.046112,7.100416,0.086016,7.232544
55,traditional,0.045056,7.002112,0.084992,7.132160
56,traditional,0.050016,6.907904,0.083968,7.041888
57,traditional,0.045568,6.901760,0.083968,7.031296
58,traditional,0.058432,6.961152,0.084992,7.104576
59,traditional,0.069312,6.925312,0.083968,7.078592
60,traditional,0.051488,6.931456,0.083968,7.066912
61,traditional,0.048288,6.903808,0.083968,7.036064
62,traditional,0.053536,6.940672,0.083968,7.078176
63,traditional,0.045248,6.931456,0.082944,7.059648
64,traditional,0.054240,6.899712,0.083968,7.037920
65,traditional,0.044800,6.881280,0.082944,7.009024
66,traditional,0.045280,6.901760,0.082944,7.029984
67,traditional,0.046528,6.861824,0.082944,6.991296
68,traditional,0.046624,6.894592,0.084992,7.026208
69,traditional,0.048416,6.876160,0.084992,7.009568
70,traditional,0.045728,6.972416,0.084992,7.103136
71,traditional,0.046432,6.881280,0.084992,7.012704
72,traditional,0.055712,6.852608,0.084992,6.993312
73,traditional,0.046144,6.862848,0.086016,6.995008
74,traditional,0.049024,6.883328,0.086016,7.018368
75,traditional,0.045664,6.886400,0.084992,7.017056
76,traditional,0.045600,6.863872,0.084992,6.994464
77,traditional,0.045952,6.876160,0.084992,7.007104
78,traditional,0.045824,6.898688,0.086016,7.030528
79,traditional,0.057728,6.920192,0.084992,7.062912
80,traditional,0.065536,6.891520,0.084992,7.042048
81,traditional,0.045568,6.901760,0.084992,7.032320
82,traditional,0.045632,6.921216,0.084992,7.051840
83,traditional,0.046176,6.919168,0.086016,7.051360
84,traditional,0.045056,6.895616,0.084992,7.025664
85,traditional,0.058272,6.916096,0.086016,7.060384
86,traditional,0.045472,6.935552,0.086016,7.067040
87,traditional,0.045760,6.878208,0.086016,7.009984
88,traditional,0.058048,6.838272,0.087040,6.983360
89,traditional,0.049536,6.839296,0.087040,6.975872
90,traditional,0.058464,6.898688,0.086016,7.043168
91,traditional,0.051072,6.856704,0.086016,6.993792
92,traditional,0.045728,6.850560,0.087040,6.983328
93,traditional,0.059520,6.859776,0.086016,7.005312
94,traditional,0.045856,6.936576,0.087040,7.069472
95,traditional,0.045984,6.926336,0.087040,7.059360
96,traditional,0.047392,6.859776,0.086016,6.993184
97,traditional,0.049536,6.876160,0.086016,7.011712
98,traditional,0.049120,6.898688,0.086016,7.033824
99,traditional,0.046048,6.881280,0.086016,7.013344
100,traditional,0.045984,6.943744,0.086016,7.075744
101,traditional,0.045344,6.874112,0.086016,7.005472
102,traditional,0.046112,6.920192,0.086016,7.052320
103,traditional,0.049312,6.928384,0.086016,7.063712
104,traditional,0.047616,6.867968,0.086016,7.001600
105,traditional,0.048672,6.907904,0.087040,7.043616
106,traditional,0.046208,6.951936,0.087040,7.085184
107,traditional,0.046176,6.860800,0.087040,6.994016
108,traditional,0.044960,6.809600,0.086016,6.940576
109,traditional,0.046048,6.795264,0.087040,6.928352
110,traditional,0.046688,6.809600,0.086016,6.942304
111,traditional,0.045696,6.835200,0.086016,6.966912
112,traditional,0.048864,6.846464,0.086016,6.981344
113,traditional,0.046432,6.819840,0.086016,6.952288
114,traditional,0.045472,6.858752,0.087040,6.991264
115,traditional,0.045856,6.874112,0.086016,7.005984
116,traditional,0.045504,6.854656,0.086016,6.986176
117,traditional,0.045504,6.843392,0.087040,6.975936
118,traditional,0.059296,6.906880,0.087040,7.053216
119,traditional,0.045984,6.876160,0.086016,7.008160
120,traditional,0.046016,6.861824,0.086016,6.993856
121,traditional,0.049184,6.856704,0.086016,6.991904
122,traditional,0.046496,6.888448,0.086016,7.020960
123,traditional,0.050688,6.895616,0.087040,7.033344
124,traditional,0.050048,6.922240,0.086016,7.058304
125,traditional,0.046208,6.974464,0.087040,7.107712
126,traditional,0.047680,6.985728,0.087040,7.120448
127,traditional,0.047328,6.795264,0.084992,6.927584
128,traditional,0.046688,6.758400,0.086016,6.891104
129,traditional,0.047840,6.750208,0.084992,6.883040
130,traditional,0.046944,6.796288,0.086016,6.929248
131,traditional,0.045920,6.821888,0.086016,6.953824
132,traditional,0.049536,6.792192,0.086016,6.927744
133,traditional,0.046944,6.772736,0.086016,6.905696
134,traditional,0.049472,6.843392,0.086016,6.978880
135,traditional,0.046304,6.823936,0.086016,6.956256
136,traditional,0.050784,6.822912,0.086016,6.959712
137,traditional,0.052864,6.804480,0.086016,6.943360
138,traditional,0.046112,6.808576,0.086016,6.940704
139,traditional,0.045824,6.902784,0.086016,7.034624
140,traditional,0.046208,6.886400,0.084992,7.017600
141,traditional,0.046112,6.845440,0.084992,6.976544
142,traditional,0.059008,6.884352,0.084992,7.028352
143,traditional,0.053152,6.899712,0.084992,7.037856
144,traditional,0.044928,6.877184,0.084992,7.007104
145,traditional,0.045920,6.897664,0.084992,7.028576
146,traditional,0.056480,6.692864,0.084992,6.834336
147,traditional,0.046528,6.711296,0.084992,6.842816
148,traditional,0.057728,6.738944,0.084992,6.881664
149,traditional,0.046176,6.787072,0.084992,6.918240
150,traditional,0.047296,6.728704,0.084992,6.860992
151,traditional,0.046528,6.799360,0.086016,6.931904
152,traditional,0.049632,6.747136,0.084992,6.881760
153,traditional,0.049696,6.770688,0.084992,6.905376
154,traditional,0.057088,6.820864,0.086016,6.963968
155,traditional,0.045856,6.824960,0.084992,6.955808
156,traditional,0.047072,6.776832,0.084992,6.908896
157,traditional,0.069856,6.824960,0.084992,6.979808
158,traditional,0.050368,6.844416,0.084992,6.979776
159,traditional,0.050048,6.815744,0.084992,6.950784
160,traditional,0.049728,11.381760,0.115712,11.547200
161,traditional,0.075936,11.491328,0.115712,11.682976
162,traditional,0.048000,10.354688,0.114688,10.517376
163,traditional,0.053600,10.368000,0.114688,10.536288
164,traditional,0.051680,10.313728,0.114688,10.480096
165,traditional,0.051872,10.463232,0.118784,10.633888
166,traditional,0.052544,10.590208,0.118784,10.761536
167,traditional,0.054784,10.532864,0.118784,10.706432
168,traditional,0.051456,10.372096,0.118784,10.542336
169,traditional,0.049728,10.324992,0.119808,10.494528
170,traditional,0.058240,10.352640,0.119808,10.530688
171,traditional,0.062560,10.185728,0.118784,10.367072
172,traditional,0.049152,10.056704,0.118784,10.224640
173,traditional,0.051744,10.032128,0.118784,10.202656
174,traditional,0.059104,9.854976,0.118784,10.032864
175,traditional,0.078240,11.066368,0.117760,11.262368
176,traditional,0.049920,12.633088,0.120832,12.803840
177,traditional,0.054784,13.022208,0.230400,13.307392
178,traditional,0.078784,11.431936,0.229376,11.740096
179,traditional,0.087392,10.915840,0.119808,11.123040
180,traditional,0.079648,12.077056,0.119808,12.276512
181,traditional,0.048800,12.456960,0.124928,12.630688
182,traditional,0.050464,8.717312,0.122880,8.890656
183,traditional,0.063232,8.680448,0.123904,8.867584
184,traditional,0.050496,8.577024,0.122880,8.750400
185,traditional,0.060480,8.062976,0.115712,8.239168
186,traditional,0.058144,8.009728,0.115712,8.183584
187,traditional,0.074336,8.611840,0.115712,8.801888
188,traditional,0.047936,7.811072,0.115712,7.974720
189,traditional,0.047392,7.705600,0.115712,7.868704
190,traditional,0.063424,7.580672,0.113664,7.757760
191,traditional,0.076288,8.025088,0.116736,8.218112
192,traditional,0.078080,9.012224,0.115712,9.206016
193,traditional,0.048672,7.641088,0.117760,7.807520
194,traditional,0.076384,8.961024,0.118784,9.156192
195,traditional,0.048960,7.598080,0.118784,7.765824
196,traditional,0.051136,7.420928,0.116736,7.588800
197,traditional,0.073984,7.701504,0.115712,7.891200
198,traditional,0.059520,7.268352,0.115712,7.443584
199,traditional,0.073984,8.566784,0.114688,8.755456
200,traditional,0.058048,7.280640,0.114688,7.453376
201,traditional,0.076736,6.538240,0.113664,6.728640
202,traditional,0.059552,6.105088,0.115712,6.280352
203,traditional,0.048192,6.039552,0.115712,6.203456
204,traditional,0.059680,6.014976,0.113664,6.188320
205,traditional,0.050688,5.948416,0.114688,6.113792
206,traditional,0.048672,5.984256,0.114688,6.147616
207,traditional,0.051744,5.991424,0.113664,6.156832
208,traditional,0.051264,5.959680,0.113664,6.124608
209,traditional,0.060608,5.940224,0.113664,6.114496
210,traditional,0.050496,5.947392,0.113664,6.111552
211,traditional,0.047072,5.911552,0.113664,6.072288
212,traditional,0.051200,5.939200,0.113664,6.104064
213,traditional,0.058912,5.929984,0.113664,6.102560
214,traditional,0.047744,5.945344,0.113664,6.106752
215,traditional,0.049184,5.927936,0.114688,6.091808
216,traditional,0.048448,5.916672,0.114688,6.079808
217,traditional,0.051712,5.948416,0.114688,6.114816
218,traditional,0.050400,5.961728,0.113664,6.125792
219,traditional,0.048736,5.944320,0.113664,6.106720
220,traditional,0.048224,5.980160,0.114688,6.143072
221,traditional,0.049952,5.057536,0.112640,5.220128
222,traditional,0.045856,5.095424,0.113664,5.254944
223,traditional,0.046880,5.086208,0.114688,5.247776
224,traditional,0.046176,5.110784,0.113664,5.270624
225,traditional,0.048480,5.147648,0.114688,5.310816
226,traditional,0.050016,5.131264,0.113664,5.294944
227,traditional,0.046720,5.123072,0.113664,5.283456
228,traditional,0.047584,5.144576,0.113664,5.305824
229,traditional,0.049632,5.184512,0.113664,5.347808
230,traditional,0.047040,5.173248,0.112640,5.332928
231,traditional,0.058976,5.196800,0.114688,5.370464
232,traditional,0.046880,4.183040,0.113664,4.343584
233,traditional,0.048608,4.664320,0.114688,4.827616
234,traditional,0.048288,4.118528,0.112640,4.279456
235,traditional,0.044640,4.140032,0.110592,4.295264
236,traditional,0.046400,4.211712,0.109568,4.367680
237,traditional,0.047072,4.281344,0.109568,4.437984
238,traditional,0.055456,4.287488,0.109568,4.452512
239,traditional,0.050080,4.364288,0.109568,4.523936
240,traditional,0.046048,4.362240,0.110592,4.518880
241,traditional,0.043168,4.440064,0.109568,4.592800
242,traditional,0.043328,4.502528,0.108544,4.654400
243,traditional,0.043296,4.524032,0.109568,4.676896
244,traditional,0.045024,4.585472,0.109568,4.740064
245,traditional,0.043776,4.682752,0.109568,4.836096
246,traditional,0.042592,4.704256,0.108544,4.855392
247,traditional,0.046464,4.746240,0.108544,4.901248
248,traditional,0.044672,4.815872,0.108544,4.969088
249,traditional,0.042848,4.902912,0.109568,5.055328
250,traditional,0.043584,4.961280,0.108544,5.113408
251,traditional,0.043456,5.032960,0.108544,5.184960
252,traditional,0.044352,5.025792,0.108544,5.178688
253,traditional,0.044128,4.921344,0.106496,5.071968
254,traditional,0.054944,4.944896,0.106496,5.106336
255,traditional,0.045120,5.019648,0.106496,5.171264
256,traditional,0.048256,5.095424,0.106496,5.250176
257,traditional,0.044992,5.142528,0.106496,5.294016
258,traditional,0.045184,5.231616,0.106496,5.383296
259,traditional,0.045184,5.287936,0.106496,5.439616
260,traditional,0.047520,5.348352,0.106496,5.502368
261,traditional,0.044416,5.428224,0.106496,5.579136
262,traditional,0.045280,5.538816,0.105472,5.689568
263,traditional,0.044512,5.572608,0.106496,5.723616
264,traditional,0.058784,5.637120,0.105472,5.801376
265,traditional,0.044352,5.726208,0.105472,5.876032
266,traditional,0.044288,5.829632,0.106496,5.980416
267,traditional,0.048096,5.846016,0.106496,6.000608
268,traditional,0.057792,5.904384,0.106496,6.068672
269,traditional,0.045856,6.024192,0.106496,6.176544
270,traditional,0.043680,6.088704,0.106496,6.238880
271,traditional,0.056256,6.130688,0.106496,6.293440
272,traditional,0.045856,7.146496,0.107520,7.299872
273,traditional,0.044416,7.190528,0.105472,7.340416
274,traditional,0.046784,7.304192,0.106496,7.457472
275,traditional,0.044064,7.361536,0.106496,7.512096
276,traditional,0.047232,7.467008,0.107520,7.621760
277,traditional,0.046816,7.538688,0.106496,7.692000
278,traditional,0.043104,7.655424,0.106496,7.805024
279,traditional,0.047680,7.681024,0.106496,7.835200
280,traditional,0.046560,7.763968,0.106496,7.917024
281,traditional,0.044192,7.891968,0.106496,8.042656
282,traditional,0.049024,7.986176,0.106496,8.141696
283,traditional,0.044352,8.081408,0.107520,8.233280
284,traditional,0.044128,8.187904,0.106496,8.338528
285,traditional,0.043712,8.309760,0.107520,8.460992
286,traditional,0.062240,8.386560,0.107520,8.556320
287,traditional,0.046048,13.409280,0.150528,13.605856
288,traditional,0.058336,13.715456,0.152576,13.926368
289,traditional,0.045248,13.640704,0.150528,13.836480
290,traditional,0.058432,13.173760,0.154624,13.386816
291,traditional,0.048064,13.830144,0.150528,14.028736
292,traditional,0.046272,13.965312,0.162816,14.174400
293,traditional,0.047264,14.946304,0.162816,15.156384
294,traditional,0.048320,15.029248,0.162816,15.240384
295,traditional,0.050464,15.101952,0.162816,15.315232
296,traditional,0.057696,15.042560,0.164864,15.265120
297,traditional,0.048800,15.183872,0.164864,15.397536
298,traditional,0.059872,15.099904,0.164864,15.324640
299,traditional,0.047936,17.447936,0.164864,17.660736
300,traditional,0.048736,15.109120,0.166912,15.324768
301,traditional,0.052768,16.032768,0.320512,16.406048
302,traditional,0.079072,16.465920,0.167936,16.712928
303,traditional,0.048512,15.839232,0.169984,16.057728
304,traditional,0.049120,18.252800,0.176128,18.478048
305,traditional,0.051200,16.522240,0.176128,16.749568
306,traditional,0.059488,16.545792,0.177152,16.782432
307,traditional,0.051552,16.411648,0.174080,16.637280
308,traditional,0.052736,16.451584,0.176128,16.680448
309,traditional,0.050816,16.405504,0.175104,16.631424
310,traditional,0.051744,16.377856,0.174080,16.603680
311,traditional,0.051296,16.191488,0.174080,16.416864
312,traditional,0.050784,16.504832,0.176128,16.731744
313,traditional,0.052736,16.393216,0.176128,16.622080
314,traditional,0.049920,16.304128,0.174080,16.528128
315,traditional,0.050144,16.771072,0.197632,17.018848
316,traditional,0.054176,18.181120,0.196608,18.431904
317,traditional,0.055744,18.202624,0.196608,18.454976
318,traditional,0.056096,18.837504,0.196608,19.090208
319,traditional,0.054272,18.906112,0.194560,19.154944
320,traditional,0.054912,18.758656,0.195584,19.009152
321,traditional,0.053920,18.531328,0.193536,18.778784
322,traditional,0.065440,18.503680,0.194560,18.763680
323,traditional,0.053856,18.904064,0.197632,19.155552
324,traditional,0.068032,18.875392,0.199680,19.143104
325,traditional,0.054336,19.018752,0.201728,19.274816
326,traditional,0.054464,16.991232,0.171008,17.216704
327,traditional,0.059968,16.065536,0.168960,16.294464
328,traditional,0.050080,15.915008,0.167936,16.133024
329,traditional,0.049376,15.814656,0.166912,16.030944
330,traditional,0.048896,18.404352,0.168960,18.622208
331,traditional,0.048672,17.547264,0.323584,17.919520
332,traditional,0.078784,17.568768,0.324608,17.972160
333,traditional,0.078304,20.379648,0.168960,20.626912
334,traditional,0.050592,18.898944,0.168960,19.118496
335,traditional,0.048064,19.120128,0.324608,19.492800
336,traditional,0.075584,18.618368,0.322560,19.016512
337,traditional,0.077344,19.101696,0.204800,19.383840
338,traditional,0.056384,19.907584,0.204800,20.168768
339,traditional,0.067936,19.869696,0.205824,20.143456
340,traditional,0.055872,19.957760,0.205824,20.219456
341,traditional,0.056544,19.917824,0.205824,20.180192
342,traditional,0.048608,15.458304,0.154624,15.661536
343,traditional,0.048512,15.617024,0.155648,15.821184
344,traditional,0.060544,15.435776,0.155648,15.651968
345,traditional,0.063136,16.129024,0.156672,16.348832
346,traditional,0.047776,15.767552,0.153600,15.968928
347,traditional,0.050496,15.843328,0.153600,16.047424
348,traditional,0.047232,18.201600,0.153600,18.402432
349,traditional,0.047968,18.807808,0.164864,19.020640
350,traditional,0.056096,17.050624,0.165888,17.272608
351,traditional,0.054432,19.020800,0.320512,19.395744
352,traditional,0.080800,17.687552,0.166912,17.935264
353,traditional,0.049760,19.883008,0.168960,20.101728
354,traditional,0.051008,17.520640,0.168960,17.740608
355,traditional,0.057792,19.811328,0.167936,20.037056
356,traditional,0.051072,19.665920,0.168960,19.885952
357,traditional,0.050560,19.806208,0.168960,20.025728
358,traditional,0.050784,19.945472,0.208896,20.205152
359,traditional,0.080128,19.777536,0.285696,20.143360
360,traditional,0.079136,19.887104,0.321536,20.287776
361,traditional,0.080768,19.825664,0.322560,20.228992
362,traditional,0.079520,19.883008,0.324608,20.287136
363,traditional,0.080928,19.895296,0.321536,20.297760
364,traditional,0.079168,21.801984,0.167936,22.049088
365,traditional,0.063776,20.174848,0.168960,20.407584
366,traditional,0.050784,20.197376,0.167936,20.416096
367,traditional,0.050848,20.203520,0.166912,20.421280
368,traditional,0.051040,20.545536,0.167936,20.764512
369,traditional,0.053216,20.498432,0.167936,20.719584
370,traditional,0.051776,21.893120,0.322560,22.267456
371,traditional,0.084128,20.734976,0.167936,20.987040
372,traditional,0.050752,19.333120,0.185344,19.569216
373,traditional,0.054624,19.080192,0.181248,19.316064
374,traditional,0.079488,18.896896,0.181248,19.157632
375,traditional,0.052640,19.044352,0.181248,19.278240
376,traditional,0.053376,18.922496,0.181248,19.157120
377,traditional,0.053216,19.017728,0.182272,19.253216
378,traditional,0.052512,18.946048,0.181248,19.179808
379,traditional,0.064448,18.955264,0.182272,19.201984
380,traditional,0.052704,18.845696,0.181248,19.079648
381,traditional,0.076640,18.953216,0.182272,19.212128
382,traditional,0.056288,19.392512,0.188416,19.637216
383,traditional,0.060800,19.792896,0.189440,20.043136
384,traditional,0.055104,19.637248,0.187392,19.879744
385,traditional,0.054688,19.558400,0.187392,19.800480
386,traditional,0.054752,19.552256,0.188416,19.795424
387,traditional,0.054368,19.550208,0.186368,19.790944
388,traditional,0.054464,19.564544,0.186368,19.805376
389,traditional,0.054208,19.446784,0.186368,19.687360
390,traditional,0.057984,19.406848,0.186368,19.651200
391,traditional,0.055232,19.616768,0.188416,19.860416
392,traditional,0.064640,19.329024,0.183296,19.576960
393,traditional,0.053984,19.228672,0.183296,19.465952
394,traditional,0.059776,18.963456,0.181248,19.204480
395,traditional,0.055872,18.830336,0.180224,19.066432
396,traditional,0.059072,18.928640,0.180224,19.167936
397,traditional,0.056736,18.864128,0.181248,19.102112
398,traditional,0.056928,11.993088,0.113664,12.163680
399,traditional,0.063264,11.986944,0.112640,12.162848
400,traditional,0.050432,11.331584,0.112640,11.494656
401,traditional,0.049440,11.664384,0.118784,11.832608
402,traditional,0.065952,11.959296,0.117760,12.143008
403,traditional,0.053504,11.837440,0.116736,12.007680
404,traditional,0.062912,11.812864,0.116736,11.992512
405,traditional,0.051328,11.812864,0.116736,11.980928
406,traditional,0.069440,11.813888,0.115712,11.999040
407,traditional,0.052704,14.357504,0.116736,14.526944
408,traditional,0.055488,15.045632,0.116736,15.217856
409,traditional,0.056448,15.304704,0.120832,15.481984
410,traditional,0.054400,13.107200,0.120832,13.282432
411,traditional,0.097152,14.939136,0.231424,15.267712
412,traditional,0.083296,15.756288,0.234496,16.074080
413,traditional,0.089056,14.273536,0.124928,14.487520
414,traditional,0.070144,15.518720,0.143360,15.732224
415,traditional,0.063008,15.688704,0.144384,15.896096
416,traditional,0.061408,15.491072,0.143360,15.695840
417,traditional,0.062080,15.523840,0.142336,15.728256
418,traditional,0.060512,15.398912,0.141312,15.600736
419,traditional,0.070848,15.376384,0.141312,15.588544
420,traditional,0.072128,15.397888,0.141312,15.611328
421,traditional,0.072512,15.398912,0.141312,15.612736
422,traditional,0.060736,15.212544,0.141312,15.414592
423,traditional,0.060480,15.155200,0.140288,15.355968
424,traditional,0.060032,15.310848,0.142336,15.513216
425,traditional,0.083520,15.405056,0.141312,15.629888
426,traditional,0.072736,14.992384,0.121856,15.186976
427,traditional,0.054592,13.213696,0.122880,13.391168
428,traditional,0.054880,13.190144,0.122880,13.367904
429,traditional,0.054976,13.097984,0.123904,13.276864
430,traditional,0.053824,13.276160,0.123904,13.453888
431,traditional,0.052192,15.645696,0.121856,15.819744
432,traditional,0.053088,15.694848,0.233472,15.981408
433,traditional,0.080256,15.898624,0.233472,16.212352
434,traditional,0.082336,16.155648,0.233472,16.471456
435,traditional,0.078592,16.087040,0.232448,16.398080
436,traditional,0.082016,15.773696,0.122880,15.978592
437,traditional,0.056512,15.853568,0.124928,16.035008
438,traditional,0.056768,13.812736,0.236544,14.106048
439,traditional,0.082208,16.140288,0.235520,16.458016
440,traditional,0.080704,16.337920,0.234496,16.653120
441,traditional,0.080512,16.135168,0.148480,16.364160
442,traditional,0.064736,16.244736,0.151552,16.461024
443,traditional,0.065376,16.290816,0.150528,16.506720
444,traditional,0.068672,16.314368,0.149504,16.532544
445,traditional,0.068640,16.241664,0.149504,16.459808
446,traditional,0.076832,16.263168,0.149504,16.489504
447,traditional,0.069856,16.243712,0.149504,16.463072
448,traditional,0.063648,16.267264,0.149504,16.480416
449,traditional,0.064192,16.174080,0.148480,16.386752
450,traditional,0.063264,16.168960,0.148480,16.380704
451,traditional,0.072768,16.091136,0.149504,16.313408
452,traditional,0.065440,16.126976,0.147456,16.339872
453,traditional,0.076608,14.141440,0.124928,14.342976
454,traditional,0.059648,13.565952,0.123904,13.749504
455,traditional,0.059712,12.726272,0.123904,12.909888
456,traditional,0.055872,12.482560,0.121856,12.660288
457,traditional,0.057728,12.498944,0.121856,12.678528
458,traditional,0.083616,14.851072,0.230400,15.165088
459,traditional,0.063232,11.961344,0.116736,12.141312
460,traditional,0.055040,11.966464,0.120832,12.142336
461,traditional,0.053664,11.836416,0.117760,12.007840
462,traditional,0.054656,11.253760,0.116736,11.425152
463,traditional,0.053888,11.226112,0.123904,11.403904
464,traditional,0.057504,11.716608,0.123904,11.898016
465,traditional,0.055360,11.597824,0.121856,11.775040
466,traditional,0.056192,11.535360,0.120832,11.712384
467,traditional,0.080544,12.285952,0.122880,12.489376
468,traditional,0.053120,11.730944,0.125952,11.910016
469,traditional,0.072256,12.077056,0.125952,12.275264
470,traditional,0.059008,12.073984,0.126976,12.259968
471,traditional,0.057248,12.468224,0.126976,12.652448
472,traditional,0.055552,12.625920,0.126976,12.808448
473,traditional,0.058976,12.733440,0.126976,12.919392
474,traditional,0.058368,14.618624,0.133120,14.810112
475,traditional,0.057216,13.343744,0.135168,13.536128
476,traditional,0.057536,13.574144,0.136192,13.767872
477,traditional,0.059680,13.469696,0.134144,13.663520
478,traditional,0.055808,13.424640,0.134144,13.614592
479,traditional,0.057280,13.343744,0.134144,13.535168
480,traditional,0.055712,13.293568,0.133120,13.482400
481,traditional,0.059808,13.370368,0.135168,13.565344
482,traditional,0.055488,13.346816,0.134144,13.536448
483,traditional,0.066240,13.325312,0.133120,13.524672
484,traditional,0.055616,13.315072,0.135168,13.505856
485,traditional,0.067808,13.326336,0.134144,13.528288
486,traditional,0.054432,13.362176,0.134144,13.550752
487,traditional,0.053184,15.644672,0.134144,15.832000
488,traditional,0.053568,13.780992,0.152576,13.987136
489,traditional,0.060192,15.113216,0.152576,15.325984
490,traditional,0.059200,15.092736,0.150528,15.302464
491,traditional,0.067744,14.894080,0.149504,15.111328
492,traditional,0.058880,15.021056,0.150528,15.230464
493,traditional,0.070368,14.809088,0.149504,15.028960
494,traditional,0.058272,14.845952,0.148480,15.052704
495,traditional,0.058048,14.807040,0.148480,15.013568
496,traditional,0.058304,14.776320,0.149504,14.984128
497,traditional,0.058144,14.725120,0.148480,14.931744
498,traditional,0.060032,14.593024,0.147456,14.800512
499,traditional,0.057600,14.767104,0.148480,14.973184
500,traditional,0.059072,14.750720,0.148480,14.958272
501,traditional,0.058688,14.645248,0.148480,14.852416
502,traditional,0.058784,12.732416,0.128000,12.919200
503,traditional,0.050112,12.705792,0.130048,12.885952
504,traditional,0.051168,12.795904,0.130048,12.977120
505,traditional,0.063904,14.125056,0.247808,14.436768
506,traditional,0.083584,15.160320,0.248832,15.492736
507,traditional,0.085280,13.515776,0.131072,13.732128
508,traditional,0.052832,15.337472,0.131072,15.521376
509,traditional,0.058592,13.384704,0.248832,13.692128
510,traditional,0.085312,15.808512,0.248832,16.142656
511,traditional,0.084032,15.397888,0.252928,15.734848
512,traditional,0.085952,15.852544,0.252928,16.191424
513,traditional,0.084768,15.599616,0.131072,15.815456
514,traditional,0.052704,15.211520,0.129024,15.393248
515,traditional,0.052736,15.500288,0.139264,15.692288
516,traditional,0.068256,13.815808,0.140288,14.024352
517,traditional,0.056448,13.897728,0.140288,14.094464
518,traditional,0.069984,13.757440,0.140288,13.967712
519,traditional,0.060064,12.987392,0.138240,13.185696
520,traditional,0.065888,12.785664,0.132096,12.983648
521,traditional,0.067264,12.941312,0.132096,13.140672
522,traditional,0.055808,13.585408,0.140288,13.781504
523,traditional,0.055040,13.694976,0.140288,13.890304
524,traditional,0.059392,13.778944,0.140288,13.978624
525,traditional,0.063712,13.662208,0.139264,13.865184
526,traditional,0.055008,13.652992,0.140288,13.848288
527,traditional,0.053952,13.845504,0.140288,14.039744
528,traditional,0.068352,13.683712,0.138240,13.890304
529,traditional,0.057024,14.039040,0.146432,14.242496
530,traditional,0.059008,14.442496,0.145408,14.646912
531,traditional,0.058048,14.113792,0.144384,14.316224
532,traditional,0.057376,14.154752,0.145408,14.357536
533,traditional,0.062112,14.257152,0.144384,14.463648
534,traditional,0.054656,15.284224,0.163840,15.502720
535,traditional,0.050976,15.195136,0.165888,15.412000
536,traditional,0.047488,15.050752,0.162816,15.261056
537,traditional,0.049472,15.532032,0.163840,15.745344
538,traditional,0.048416,15.247360,0.161792,15.457568
539,traditional,0.051904,20.293632,0.311296,20.656832
540,traditional,0.084832,20.667392,0.163840,20.916064
541,traditional,0.048992,19.239936,0.179200,19.468128
542,traditional,0.051168,19.399680,0.296960,19.747808
543,traditional,0.051072,18.071552,0.342016,18.464640
544,traditional,0.081856,17.753088,0.342016,18.176960
545,traditional,0.080960,20.367360,0.178176,20.626496
546,traditional,0.049952,19.533824,0.178176,19.761952
547,traditional,0.049824,19.169280,0.179200,19.398304
548,traditional,0.051616,17.751040,0.191488,17.994144
549,traditional,0.052384,18.281472,0.196608,18.530464
550,traditional,0.056736,18.343936,0.195584,18.596256
551,traditional,0.053504,18.545664,0.197632,18.796800
552,traditional,0.054112,18.531328,0.195584,18.781024
553,traditional,0.053312,18.473984,0.195584,18.722880
554,traditional,0.056064,18.554880,0.194560,18.805504
555,traditional,0.056896,18.425856,0.193536,18.676288
556,traditional,0.052224,18.508800,0.195584,18.756608
557,traditional,0.052256,17.911808,0.194560,18.158624
558,traditional,0.053152,17.979392,0.193536,18.226080
559,traditional,0.052672,18.034688,0.193536,18.280896
560,traditional,0.052576,18.077696,0.194560,18.324832
561,traditional,0.053728,18.144256,0.194560,18.392544
562,traditional,0.065408,18.151424,0.192512,18.409344
563,traditional,0.053728,18.251776,0.194560,18.500064
564,traditional,0.056288,18.284544,0.194560,18.535392
565,traditional,0.053056,18.270208,0.193536,18.516800
566,traditional,0.052736,18.358272,0.194560,18.605568
567,traditional,0.055072,18.263040,0.193536,18.511648
568,traditional,0.053536,17.903616,0.191488,18.148640
569,traditional,0.056160,17.779712,0.195584,18.031456
570,traditional,0.052736,16.610304,0.193536,16.856576
571,traditional,0.052800,16.811008,0.198656,17.062464
572,traditional,0.054720,16.700416,0.197632,16.952768
573,traditional,0.053760,16.433152,0.197632,16.684544
574,traditional,0.052896,16.361472,0.197632,16.612000
575,traditional,0.063104,16.070656,0.198656,16.332416
576,traditional,0.054848,15.264768,0.192512,15.512128
577,traditional,0.079232,14.724096,0.195584,14.998912
578,traditional,0.064416,15.378432,0.195584,15.638432
579,traditional,0.052896,15.524864,0.197632,15.775392
580,traditional,0.053056,15.400960,0.197632,15.651648
581,traditional,0.056320,15.244288,0.197632,15.498240
582,traditional,0.056544,15.044608,0.197632,15.298784
583,traditional,0.053248,14.709760,0.192512,14.955520
584,traditional,0.051968,14.487552,0.191488,14.731008
585,traditional,0.051456,12.495872,0.188416,12.735744
586,traditional,0.058976,11.695104,0.189440,11.943520
587,traditional,0.048224,6.879232,0.160768,7.088224
588,traditional,0.049632,6.197248,0.162816,6.409696
589,traditional,0.045536,6.279168,0.159744,6.484448
590,traditional,0.055072,6.194176,0.159744,6.408992
591,traditional,0.048128,6.257664,0.159744,6.465536
592,traditional,0.047552,6.222848,0.159744,6.430144
593,traditional,0.045632,6.326272,0.158720,6.530624
594,traditional,0.044992,6.315008,0.157696,6.517696
595,traditional,0.042720,6.294528,0.157696,6.494944
596,traditional,0.042432,6.299648,0.157696,6.499776
597,traditional,0.042496,6.348800,0.158720,6.550016
598,traditional,0.043680,5.643264,0.158720,5.845664
599,traditional,0.043360,5.684224,0.158720,5.886304
600,traditional,0.043680,5.685248,0.158720,5.887648
601,traditional,0.044992,5.683200,0.159744,5.887936
602,traditional,0.045120,5.741568,0.158720,5.945408
603,traditional,0.045344,5.756928,0.158720,5.960992
604,traditional,0.045696,5.804032,0.158720,6.008448
605,traditional,0.043552,5.830656,0.159744,6.033952
606,traditional,0.043648,5.846016,0.159744,6.049408
607,traditional,0.042272,5.911552,0.158720,6.112544
608,traditional,0.044896,5.983232,0.159744,6.187872
609,traditional,0.046304,6.030336,0.158720,6.235360
610,traditional,0.045472,6.085632,0.158720,6.289824
611,traditional,0.054752,6.189056,0.157696,6.401504
612,traditional,0.044256,6.144000,0.158720,6.346976
613,traditional,0.044448,6.217728,0.158720,6.420896
614,traditional,0.043904,6.227968,0.157696,6.429568
615,traditional,0.046400,6.304768,0.158720,6.509888
616,traditional,0.043008,6.351872,0.157696,6.552576
617,traditional,0.044160,5.470208,0.157696,5.672064
618,traditional,0.055264,5.508096,0.157696,5.721056
619,traditional,0.047168,5.537792,0.157696,5.742656
620,traditional,0.042112,5.581824,0.157696,5.781632
621,traditional,0.044064,5.687296,0.157696,5.889056
622,traditional,0.050112,5.671936,0.157696,5.879744
623,traditional,0.043520,5.729280,0.157696,5.930496
624,traditional,0.073184,5.713920,0.157696,5.944800
625,traditional,0.055168,5.799936,0.157696,6.012800
626,traditional,0.045536,5.804032,0.157696,6.007264
627,traditional,0.044640,5.925888,0.157696,6.128224
628,traditional,0.041824,5.995520,0.157696,6.195040
629,traditional,0.045792,5.990400,0.157696,6.193888
630,traditional,0.044640,6.054912,0.157696,6.257248
631,traditional,0.045024,6.134784,0.157696,6.337504
632,traditional,0.046208,6.181888,0.157696,6.385792
633,traditional,0.047328,6.286336,0.156672,6.490336
634,traditional,0.043424,6.350848,0.156672,6.550944
635,traditional,0.044256,6.443008,0.156672,6.643936
636,traditional,0.042528,5.856256,0.150528,6.049312
637,traditional,0.046720,5.886976,0.150528,6.084224
638,traditional,0.042752,5.992448,0.151552,6.186752
639,traditional,0.044672,6.014976,0.151552,6.211200
640,traditional,0.043680,6.094848,0.151552,6.290080
641,traditional,0.045920,5.288960,0.108544,5.443424
642,traditional,0.052832,6.322176,0.107520,6.482528
643,traditional,0.045888,6.426624,0.106496,6.579008
644,traditional,0.047168,6.479872,0.107520,6.634560
645,traditional,0.052320,6.621184,0.107520,6.781024
646,traditional,0.047648,6.679552,0.106496,6.833696
647,traditional,0.046880,6.775808,0.106496,6.929184
648,traditional,0.044160,6.876160,0.106496,7.026816
649,traditional,0.044448,8.143872,0.106496,8.294816
650,traditional,0.056576,8.244224,0.107520,8.408320
651,traditional,0.044288,8.299520,0.106496,8.450304
652,traditional,0.043360,8.389632,0.107520,8.540512
653,traditional,0.045152,8.523776,0.107520,8.676448
654,traditional,0.044032,8.580096,0.111616,8.735744
655,traditional,0.046208,9.126912,0.112640,9.285760
656,traditional,0.045344,9.176064,0.112640,9.334048
657,traditional,0.049728,9.290752,0.112640,9.453120
658,traditional,0.045600,9.373696,0.113664,9.532960
659,traditional,0.047808,9.344000,0.108544,9.500352
660,traditional,0.045504,9.411584,0.112640,9.569728
661,traditional,0.057824,9.639936,0.112640,9.810400
662,traditional,0.046496,9.617408,0.111616,9.775520
663,traditional,0.069920,11.267072,0.111616,11.448608
664,traditional,0.070336,11.952128,0.111616,12.134080
665,traditional,0.046720,12.487680,0.112640,12.647040
666,traditional,0.051360,13.102080,0.238592,13.392032
667,traditional,0.050944,10.678272,0.123904,10.853120
668,traditional,0.055264,11.884544,0.133120,12.072928
669,traditional,0.053760,11.833344,0.132096,12.019200
670,traditional,0.052224,11.789312,0.128000,11.969536
671,traditional,0.055136,11.568128,0.128000,11.751264
672,traditional,0.054048,11.666432,0.131072,11.851552
673,traditional,0.052000,11.632640,0.126976,11.811616
674,traditional,0.051872,11.470848,0.126976,11.649696
675,traditional,0.065120,11.354112,0.125952,11.545184
676,traditional,0.054336,11.313152,0.125952,11.493440
677,traditional,0.051232,11.663360,0.131072,11.845664
678,traditional,0.052992,11.526144,0.129024,11.708160
679,traditional,0.051072,11.441152,0.126976,11.619200
680,traditional,0.049696,11.347968,0.128000,11.525664
681,traditional,0.062560,11.022336,0.122880,11.207776
682,traditional,0.053568,11.133952,0.124928,11.312448
683,traditional,0.050368,11.092992,0.124928,11.268288
684,traditional,0.050784,10.834944,0.121856,11.007584
685,traditional,0.048416,11.047936,0.125952,11.222304
686,traditional,0.056096,11.587584,0.122880,11.766560
687,traditional,0.052032,11.831296,0.123904,12.007232
688,traditional,0.053152,11.505664,0.126976,11.685792
689,traditional,0.051648,11.582464,0.124928,11.759040
690,traditional,0.051808,11.439104,0.124928,11.615840
691,traditional,0.062656,11.476992,0.126976,11.666624
692,traditional,0.051200,11.615232,0.126976,11.793408
693,traditional,0.053504,11.522048,0.125952,11.701504
694,traditional,0.062656,11.482112,0.124928,11.669696
695,traditional,0.055008,11.566080,0.130048,11.751136
696,traditional,0.052992,11.841536,0.130048,12.024576
697,traditional,0.051936,12.750848,0.133120,12.935904
698,traditional,0.062656,12.046336,0.133120,12.242112
699,traditional,0.056992,12.502016,0.132096,12.691104
700,traditional,0.058304,12.207104,0.135168,12.400576
701,traditional,0.065760,12.187648,0.132096,12.385504
702,traditional,0.057024,12.836864,0.132096,13.025984
703,traditional,0.054880,12.145664,0.134144,12.334688
704,traditional,0.066048,12.893184,0.134144,13.093376
705,traditional,0.052672,13.361152,0.133120,13.546944
706,traditional,0.054560,12.526592,0.133120,12.714272
707,traditional,0.053504,12.533760,0.133120,12.720384
708,traditional,0.061472,10.466304,0.110592,10.638368
709,traditional,0.062432,11.425792,0.112640,11.600864
710,traditional,0.051232,10.932224,0.110592,11.094048
711,traditional,0.051840,10.924032,0.111616,11.087488
712,traditional,0.062208,10.966016,0.113664,11.141888
713,traditional,0.074848,11.123712,0.112640,11.311200
714,traditional,0.054528,11.051008,0.112640,11.218176
715,traditional,0.053632,11.052032,0.111616,11.217280
716,traditional,0.053472,11.222016,0.113664,11.389152
717,traditional,0.050048,11.215872,0.112640,11.378560
718,traditional,0.053824,11.259904,0.113664,11.427392
719,traditional,0.056896,11.190272,0.112640,11.359808
720,traditional,0.063808,13.691904,0.115712,13.871424
721,traditional,0.051008,14.686208,0.118784,14.856000
722,traditional,0.052544,12.353536,0.180224,12.586304
723,traditional,0.094208,13.838336,0.121856,14.054400
724,traditional,0.053952,12.654592,0.121856,12.830400
725,traditional,0.058048,15.199232,0.121856,15.379136
726,traditional,0.056736,14.645248,0.234496,14.936480
727,traditional,0.084416,13.241344,0.121856,13.447616
728,traditional,0.052800,15.395840,0.122880,15.571520
729,traditional,0.053024,14.902272,0.273408,15.228704
730,traditional,0.119008,15.675392,0.143360,15.937760
731,traditional,0.058368,15.106048,0.143360,15.307776
732,traditional,0.058944,15.014912,0.142336,15.216192
733,traditional,0.058944,15.019008,0.141312,15.219264
734,traditional,0.062880,14.870528,0.140288,15.073696
735,traditional,0.059040,14.901248,0.140288,15.100576
736,traditional,0.058816,14.833664,0.140288,15.032768
737,traditional,0.058208,14.896128,0.140288,15.094624
738,traditional,0.056832,14.934016,0.140288,15.131136
739,traditional,0.057248,14.886912,0.139264,15.083424
740,traditional,0.082240,14.777344,0.138240,14.997824
741,traditional,0.057056,14.784512,0.140288,14.981856
742,traditional,0.066400,14.859264,0.121856,15.047520
743,traditional,0.051520,12.960768,0.121856,13.134144
744,traditional,0.053632,13.046784,0.120832,13.221248
745,traditional,0.053632,12.989440,0.234496,13.277568
746,traditional,0.082368,15.184896,0.122880,15.390144
747,traditional,0.058304,15.595520,0.121856,15.775680
748,traditional,0.052288,13.038592,0.122880,13.213760
749,traditional,0.064832,15.554560,0.234496,15.853888
750,traditional,0.082880,15.757312,0.234496,16.074688
751,traditional,0.083040,16.016384,0.235520,16.334944
752,traditional,0.083456,16.252928,0.235520,16.571904
753,traditional,0.083744,15.868928,0.121856,16.074528
754,traditional,0.055936,15.643648,0.121856,15.821440
755,traditional,0.050688,15.655936,0.121856,15.828480
756,traditional,0.051232,14.613504,0.137216,14.801952
757,traditional,0.056064,14.925824,0.137216,15.119104
758,traditional,0.061184,14.797824,0.136192,14.995200
759,traditional,0.055872,14.770176,0.136192,14.962240
760,traditional,0.060896,14.792704,0.136192,14.989792
761,traditional,0.056288,14.768128,0.136192,14.960608
762,traditional,0.057408,14.795776,0.136192,14.989376
763,traditional,0.057952,14.846976,0.137216,15.042144
764,traditional,0.060064,14.704640,0.135168,14.899872
765,traditional,0.066400,14.778368,0.136192,14.980960
766,traditional,0.055936,14.765056,0.136192,14.957184
767,traditional,0.059584,14.751744,0.137216,14.948544
768,traditional,0.057504,14.814208,0.136192,15.007904
769,traditional,0.056416,14.686208,0.134144,14.876768
770,traditional,0.058560,14.388224,0.133120,14.579904
771,traditional,0.055392,14.351360,0.132096,14.538848
772,traditional,0.067200,14.191616,0.132096,14.390912
773,traditional,0.054496,14.249984,0.132096,14.436576
774,traditional,0.058016,14.356480,0.132096,14.546592
775,traditional,0.055392,14.157824,0.132096,14.345312
776,traditional,0.055072,14.239744,0.132096,14.426912
777,traditional,0.060224,14.281728,0.131072,14.473024
778,traditional,0.054880,14.221312,0.133120,14.409312
779,traditional,0.055456,14.216192,0.133120,14.404768
780,traditional,0.049536,15.873024,0.153600,16.076160
781,traditional,0.048736,16.130048,0.154624,16.333408
782,traditional,0.048256,15.672320,0.159744,15.880320
783,traditional,0.051968,16.510976,0.153600,16.716544
784,traditional,0.048800,18.325504,0.291840,18.666144
785,traditional,0.075808,18.891776,0.152576,19.120160
786,traditional,0.047648,22.474752,0.292864,22.815264
787,traditional,0.071680,21.770240,0.180224,22.022144
788,traditional,0.052640,18.615296,0.177152,18.845088
789,traditional,0.052288,18.516992,0.174080,18.743360
790,traditional,0.052608,20.713472,0.174080,20.940160
791,traditional,0.051872,19.283968,0.334848,19.670688
792,traditional,0.082752,20.746240,0.332800,21.161792
793,traditional,0.083584,21.471232,0.176128,21.730944
794,traditional,0.052928,18.462720,0.174080,18.689728
795,traditional,0.080032,20.552704,0.173056,20.805792
796,traditional,0.051584,20.780032,0.332800,21.164416
797,traditional,0.083392,22.636544,0.205824,22.925760
798,traditional,0.058240,21.950464,0.208896,22.217600
799,traditional,0.060224,21.976064,0.208896,22.245184
800,traditional,0.063968,22.121472,0.209920,22.395360
801,traditional,0.059040,21.985280,0.208896,22.253216
802,traditional,0.060192,22.178816,0.208896,22.447904
803,traditional,0.059808,22.077440,0.208896,22.346144
804,traditional,0.059744,22.064128,0.208896,22.332768
805,traditional,0.060064,21.981184,0.207872,22.249120
806,traditional,0.059424,21.913600,0.206848,22.179872
807,traditional,0.068768,18.396160,0.169984,18.634912
808,traditional,0.063840,17.927168,0.169984,18.160992
809,traditional,0.062272,20.307968,0.168960,20.539200
810,traditional,0.049792,20.276224,0.167936,20.493952
811,traditional,0.051104,22.580224,0.167936,22.799264
812,traditional,0.064096,20.852736,0.322560,21.239392
813,traditional,0.079264,21.876736,0.168960,22.124960
814,traditional,0.062720,22.805504,0.168960,23.037184
815,traditional,0.049824,22.528000,0.321536,22.899360
816,traditional,0.083616,22.102016,0.205824,22.391456
817,traditional,0.058880,22.408192,0.216064,22.683136
818,traditional,0.062368,22.616064,0.212992,22.891424
819,traditional,0.061152,22.375424,0.210944,22.647520
820,traditional,0.060352,22.128640,0.208896,22.397888
821,traditional,0.061568,22.196224,0.209920,22.467712
822,traditional,0.059872,22.085632,0.208896,22.354400
823,traditional,0.059776,22.144000,0.206848,22.410624
824,traditional,0.059104,21.985280,0.208896,22.253280
825,traditional,0.061312,16.057344,0.157696,16.276352
826,traditional,0.052320,15.975424,0.162816,16.190560
827,traditional,0.049184,15.738880,0.160768,15.948832
828,traditional,0.049088,17.781760,0.172032,18.002880
829,traditional,0.050592,17.315840,0.172032,17.538464
830,traditional,0.054176,17.523712,0.175104,17.752992
831,traditional,0.049632,17.417216,0.175104,17.641952
832,traditional,0.058016,17.595392,0.177152,17.830560
833,traditional,0.054464,17.682432,0.177152,17.914048
834,traditional,0.051520,17.743872,0.176128,17.971520
835,traditional,0.051168,17.634304,0.177152,17.862624
836,traditional,0.050272,19.921920,0.177152,20.149344
837,traditional,0.049920,20.034560,0.177152,20.261632
838,traditional,0.052640,20.033536,0.291840,20.378016
839,traditional,0.050432,20.034560,0.177152,20.262144
840,traditional,0.053920,18.723840,0.194560,18.972320
841,traditional,0.054784,19.683328,0.198656,19.936768
842,traditional,0.067712,19.631104,0.196608,19.895424
843,traditional,0.059360,19.721216,0.197632,19.978208
844,traditional,0.058464,19.482624,0.197632,19.738720
845,traditional,0.056384,19.377152,0.197632,19.631168
846,traditional,0.053856,19.343360,0.196608,19.593824
847,traditional,0.053760,19.389440,0.197632,19.640832
848,traditional,0.054528,19.378176,0.197632,19.630336
849,traditional,0.054912,19.349504,0.197632,19.602048
850,traditional,0.054304,19.289088,0.196608,19.540000
851,traditional,0.054816,19.312640,0.198656,19.566112
852,traditional,0.058944,19.257344,0.197632,19.513920
853,traditional,0.055104,19.339264,0.197632,19.592000
854,traditional,0.056736,19.220480,0.196608,19.473824
855,traditional,0.053440,19.189760,0.197632,19.440832
856,traditional,0.068768,19.293184,0.199680,19.561632
857,traditional,0.054560,19.178496,0.200704,19.433760
858,traditional,0.056800,19.253248,0.199680,19.509728
859,traditional,0.053728,19.248128,0.200704,19.502560
860,traditional,0.056384,19.145728,0.199680,19.401792
861,traditional,0.054720,19.250176,0.199680,19.504576
862,traditional,0.053632,19.156992,0.200704,19.411328
863,traditional,0.047264,14.659584,0.162816,14.869664
864,traditional,0.059104,15.346688,0.163840,15.569632
865,traditional,0.049152,15.653888,0.179200,15.882240
866,traditional,0.052928,16.712704,0.181248,16.946880
867,traditional,0.051456,16.992256,0.181248,17.224960
868,traditional,0.054528,17.091584,0.181248,17.327360
869,traditional,0.049280,16.891904,0.171008,17.112192
870,traditional,0.050144,16.740352,0.172032,16.962528
871,traditional,0.048896,16.960512,0.179200,17.188608
872,traditional,0.051040,17.412096,0.327680,17.790816
873,traditional,0.083264,18.481152,0.174080,18.738496
874,traditional,0.050112,21.686272,0.173056,21.909440
875,traditional,0.050336,19.551232,0.173056,19.774624
876,traditional,0.053120,19.613696,0.174080,19.840896
877,traditional,0.054336,19.643392,0.173056,19.870784
878,traditional,0.049504,19.325952,0.172032,19.547488
879,traditional,0.050464,19.641344,0.325632,20.017440
880,traditional,0.085856,21.091328,0.172032,21.349216
881,traditional,0.049760,21.120000,0.325632,21.495392
882,traditional,0.080704,19.942400,0.176128,20.199232
883,traditional,0.052544,19.703808,0.174080,19.930432
884,traditional,0.050880,22.360064,0.180224,22.591168
885,traditional,0.058560,19.745792,0.175104,19.979456
886,traditional,0.064544,21.040128,0.331776,21.436448
887,traditional,0.080768,20.643840,0.173056,20.897664
888,traditional,0.053024,22.220800,0.173056,22.446880
889,traditional,0.050752,20.690944,0.347136,21.088832
890,traditional,0.093184,19.509248,0.198656,19.801088
891,traditional,0.056928,19.743744,0.204800,20.005472
892,traditional,0.057440,19.845120,0.211968,20.114528
893,traditional,0.056640,19.614720,0.209920,19.881280
894,traditional,0.057152,19.604480,0.209920,19.871552
895,traditional,0.058240,19.620864,0.208896,19.888000
896,traditional,0.057472,19.566592,0.208896,19.832960
897,traditional,0.056224,19.785728,0.209920,20.051872
898,traditional,0.065952,19.952640,0.210944,20.229536
899,traditional,0.057696,19.691520,0.208896,19.958112
900,traditional,0.057536,17.978368,0.180224,18.216128
901,traditional,0.050432,19.396608,0.243712,19.690752
902,traditional,0.061664,19.004416,0.178176,19.244256
903,traditional,0.052128,21.572608,0.180224,21.804960
904,traditional,0.050528,19.357696,0.344064,19.752288
905,traditional,0.082560,21.312512,0.180224,21.575296
906,traditional,0.055776,21.408768,0.350208,21.814752
907,traditional,0.080832,19.644416,0.180224,19.905472
908,traditional,0.050784,22.076416,0.180224,22.307424
909,traditional,0.051296,20.940800,0.345088,21.337184
910,traditional,0.078592,20.658176,0.180224,20.916992
911,traditional,0.051040,22.355968,0.214016,22.621024
912,traditional,0.068160,20.428800,0.216064,20.713024
913,traditional,0.059488,20.641792,0.217088,20.918368
914,traditional,0.059200,19.701760,0.215040,19.976000
915,traditional,0.066976,19.729408,0.212992,20.009376
916,traditional,0.057888,19.645440,0.212992,19.916320
917,traditional,0.059872,19.820544,0.212992,20.093408
918,traditional,0.057888,19.866624,0.214016,20.138528
919,traditional,0.059040,19.822592,0.212992,20.094624
920,traditional,0.060128,19.044352,0.180224,19.284704
921,traditional,0.053984,16.434176,0.180224,16.668384
922,traditional,0.076608,18.693120,0.179200,18.948928
923,traditional,0.051648,18.799616,0.179200,19.030464
924,traditional,0.051200,18.193408,0.180224,18.424832
925,traditional,0.051616,18.467840,0.179200,18.698656
926,traditional,0.052000,19.728384,0.340992,20.121376
927,traditional,0.086048,17.308672,0.179200,17.573920
928,traditional,0.051328,16.467968,0.179200,16.698496
929,traditional,0.051488,16.059392,0.340992,16.451872
930,traditional,0.079392,18.455552,0.180224,18.715168
931,traditional,0.051200,16.411648,0.399360,16.862208
932,traditional,0.090112,17.170432,0.211968,17.472512
933,traditional,0.069632,15.635456,0.211968,15.917056
934,traditional,0.059328,15.468544,0.209920,15.737792
935,traditional,0.058176,15.385600,0.211968,15.655744
936,traditional,0.058112,15.336448,0.211968,15.606528
937,traditional,0.057632,15.136768,0.210944,15.405344
938,traditional,0.056128,14.962688,0.210944,15.229760
939,traditional,0.057440,14.919680,0.212992,15.190112
940,traditional,0.070336,14.924800,0.212992,15.208128
941,traditional,0.060256,14.832640,0.210944,15.103840
942,traditional,0.055904,12.510208,0.209920,12.776032
943,traditional,0.056032,12.236800,0.209920,12.502752
944,traditional,0.057216,11.586560,0.208896,11.852672
945,traditional,0.056384,9.931776,0.178176,10.166336
946,traditional,0.054336,9.634816,0.175104,9.864256
947,traditional,0.051456,9.540608,0.175104,9.767168
948,traditional,0.050016,9.228288,0.168960,9.447264
949,traditional,0.075584,9.237504,0.165888,9.478976
950,traditional,0.069760,9.942016,0.165888,10.177664
951,traditional,0.069664,12.780544,0.316416,13.166624
952,traditional,0.068800,13.155328,0.321536,13.545664
953,traditional,0.069824,13.512704,0.179200,13.761728
954,traditional,0.049120,12.201984,0.345088,12.596192
955,traditional,0.052864,10.050560,0.340992,10.444416
956,traditional,0.081568,9.740288,0.176128,9.997984
957,traditional,0.077856,10.514432,0.177152,10.769440
958,traditional,0.090880,11.410432,0.172032,11.673344
959,traditional,0.068000,11.409408,0.330752,11.808160
960,traditional,0.103552,12.572672,0.229376,12.905600
961,traditional,0.066304,12.106752,0.259072,12.432128
962,traditional,0.073696,11.614208,0.251904,11.939808
963,traditional,0.078848,11.289600,0.232448,11.600896
964,traditional,0.075584,10.471424,0.232448,10.779456
965,traditional,0.085632,10.526720,0.231424,10.843776
966,traditional,0.075264,10.618880,0.233472,10.927616
967,traditional,0.065984,10.584064,0.231424,10.881472
968,traditional,0.073792,10.415104,0.227328,10.716224
969,traditional,0.064064,10.456064,0.226304,10.746432
970,traditional,0.072032,10.456064,0.226304,10.754400
971,traditional,0.069312,10.216448,0.222208,10.507968
972,traditional,0.072000,10.281984,0.223232,10.577216
973,traditional,0.069088,10.409984,0.222208,10.701280
974,traditional,0.071744,10.250240,0.218112,10.540096
975,traditional,0.069056,8.799232,0.180224,9.048512
976,traditional,0.051360,8.357888,0.180224,8.589472
977,traditional,0.049440,7.685120,0.164864,7.899424
978,traditional,0.059424,6.552576,0.163840,6.775840
979,traditional,0.045024,6.528000,0.162816,6.735840
980,traditional,0.045216,6.391808,0.159744,6.596768
981,traditional,0.056448,6.448128,0.159744,6.664320
982,traditional,0.049216,6.458368,0.159744,6.667328
983,traditional,0.044000,6.477824,0.159744,6.681568
984,traditional,0.057760,6.507520,0.158720,6.724000
985,traditional,0.043424,6.597632,0.159744,6.800800
986,traditional,0.057568,6.533120,0.159744,6.750432
987,traditional,0.049696,6.592512,0.158720,6.800928
988,traditional,0.056832,6.582272,0.159744,6.798848
989,traditional,0.044064,6.615040,0.158720,6.817824
990,traditional,0.044768,6.658048,0.158720,6.861536
991,traditional,0.044192,6.679552,0.158720,6.882464
992,traditional,0.046784,6.761472,0.158720,6.966976
993,traditional,0.044128,5.832704,0.159744,6.036576
994,traditional,0.044416,5.936128,0.159744,6.140288
995,traditional,0.055360,5.991424,0.159744,6.206528
996,traditional,0.044128,5.972992,0.159744,6.176864
997,traditional,0.056800,6.076416,0.159744,6.292960
998,traditional,0.044096,6.130688,0.159744,6.334528
999,traditional,0.042944,6.155264,0.159744,6.357952
1000,traditional,0.043712,6.182912,0.159744,6.386368
1001,traditional,0.042720,6.263808,0.159744,6.466272
1002,traditional,0.043712,6.248448,0.159744,6.451904
1003,traditional,0.049984,6.303744,0.159744,6.513472
1004,traditional,0.054528,6.265856,0.158720,6.479104
1005,traditional,0.042848,6.320128,0.158720,6.521696
1006,traditional,0.044320,6.346752,0.158720,6.549792
1007,traditional,0.042592,6.337536,0.158720,6.538848
1008,traditional,0.046912,6.358016,0.158720,6.563648
1009,traditional,0.048800,5.594112,0.159744,5.802656
1010,traditional,0.053312,5.595136,0.159744,5.808192
1011,traditional,0.050976,5.673984,0.158720,5.883680
1012,traditional,0.070880,5.686272,0.159744,5.916896
1013,traditional,0.051456,5.715968,0.158720,5.926144
1014,traditional,0.042592,5.790720,0.159744,5.993056
1015,traditional,0.042624,5.859328,0.158720,6.060672
1016,traditional,0.046592,5.807104,0.158720,6.012416
1017,traditional,0.043136,5.892096,0.159744,6.094976
1018,traditional,0.042432,5.935104,0.159744,6.137280
1019,traditional,0.054784,6.010880,0.159744,6.225408
1020,traditional,0.056000,6.052864,0.159744,6.268608
1021,traditional,0.046752,6.115328,0.159744,6.321824
1022,traditional,0.043296,6.161408,0.159744,6.364448
1023,traditional,0.065536,6.176768,0.158720,6.401024
1024,traditional,0.054720,6.243328,0.158720,6.456768
1025,traditional,0.043488,6.319104,0.159744,6.522336
1026,traditional,0.041888,6.356992,0.159744,6.558624
1027,traditional,0.043872,5.535744,0.156672,5.736288
1028,traditional,0.042176,5.528576,0.156672,5.727424
1029,traditional,0.046560,5.582848,0.156672,5.786080
1030,traditional,0.042784,5.648384,0.155648,5.846816
1031,traditional,0.042912,5.713920,0.155648,5.912480
1032,traditional,0.045344,5.745664,0.156672,5.947680
1033,traditional,0.051872,5.783552,0.156672,5.992096
1034,traditional,0.043488,5.877760,0.155648,6.076896
1035,traditional,0.043552,5.953536,0.155648,6.152736
1036,traditional,0.042624,5.996544,0.155648,6.194816
1037,traditional,0.044992,6.092800,0.154624,6.292416
1038,traditional,0.059648,6.119424,0.155648,6.334720
1039,traditional,0.046080,6.257664,0.155648,6.459392
1040,traditional,0.042688,6.282240,0.155648,6.480576
1041,traditional,0.043200,6.462464,0.154624,6.660288
1042,traditional,0.043232,6.506496,0.155648,6.705376
1043,traditional,0.044352,6.628352,0.154624,6.827328
1044,traditional,0.055840,6.194176,0.149504,6.399520
1045,traditional,0.055904,6.277120,0.150528,6.483552
1046,traditional,0.054016,6.348800,0.150528,6.553344
1047,traditional,0.055904,6.436864,0.149504,6.642272
1048,traditional,0.046528,6.510592,0.149504,6.706624
1049,traditional,0.055776,6.600704,0.149504,6.805984
1050,traditional,0.047072,6.692864,0.149504,6.889440
1051,traditional,0.043232,6.879232,0.149504,7.071968
1052,traditional,0.043968,6.917120,0.149504,7.110592
1053,traditional,0.042400,7.080960,0.149504,7.272864
1054,traditional,0.043456,7.183360,0.149504,7.376320
1055,traditional,0.056544,7.306240,0.150528,7.513312
1056,traditional,0.043936,7.425024,0.150528,7.619488
1057,traditional,0.043584,7.490560,0.149504,7.683648
1058,traditional,0.045184,7.514112,0.149504,7.708800
1059,traditional,0.065664,8.087552,0.149504,8.302720
1060,traditional,0.058432,9.148416,0.283648,9.490496
1061,traditional,0.043424,9.992192,0.284672,10.320288
1062,traditional,0.066688,12.703744,0.155648,12.926080
1063,traditional,0.056128,10.809344,0.308224,11.173696
1064,traditional,0.051744,9.594880,0.160768,9.807392
1065,traditional,0.056480,9.528320,0.295936,9.880736
1066,traditional,0.067680,10.009600,0.153600,10.230880
1067,traditional,0.045280,11.041792,0.305152,11.392224
1068,traditional,0.048736,12.421120,0.263168,12.733024
1069,traditional,0.045440,15.623168,0.158720,15.827328
1070,traditional,0.044960,12.979200,0.305152,13.329312
1071,traditional,0.073088,15.116288,0.164864,15.354240
1072,traditional,0.058272,14.538752,0.163840,14.760864
1073,traditional,0.047104,14.013440,0.163840,14.224384
1074,traditional,0.047616,15.390720,0.314368,15.752704
1075,traditional,0.072096,15.764480,0.166912,16.003488
1076,traditional,0.059936,17.400832,0.167936,17.628704
1077,traditional,0.049408,17.097728,0.165888,17.313024
1078,traditional,0.048832,19.528704,0.165888,19.743424
1079,traditional,0.047872,19.567616,0.165888,19.781376
1080,traditional,0.048768,19.464192,0.166912,19.679872
1081,traditional,0.048480,18.265088,0.189440,18.503008
1082,traditional,0.057824,15.938560,0.190464,16.186848
1083,traditional,0.065312,16.083968,0.186368,16.335648
1084,traditional,0.052608,15.827968,0.183296,16.063872
1085,traditional,0.051776,16.210944,0.183296,16.446016
1086,traditional,0.056160,15.926272,0.188416,16.170848
1087,traditional,0.052704,16.726016,0.188416,16.967136
1088,traditional,0.052576,16.787456,0.188416,17.028448
1089,traditional,0.056064,15.932416,0.188416,16.176896
1090,traditional,0.067328,16.316416,0.182272,16.566016
1091,traditional,0.052320,16.809984,0.184320,17.046624
1092,traditional,0.056160,17.061888,0.189440,17.307488
1093,traditional,0.052800,17.364992,0.189440,17.607232
1094,traditional,0.055168,17.284096,0.189440,17.528704
1095,traditional,0.064096,17.432576,0.190464,17.687136
1096,traditional,0.052992,17.319936,0.189440,17.562368
1097,traditional,0.065344,17.370112,0.189440,17.624896
1098,traditional,0.052608,17.363968,0.190464,17.607040
1099,traditional,0.052448,17.276928,0.188416,17.517792
1100,traditional,0.055072,17.125376,0.189440,17.369888
1101,traditional,0.053120,17.240064,0.190464,17.483648
1102,traditional,0.055968,17.238016,0.190464,17.484448
1103,traditional,0.052992,17.232896,0.189440,17.475328
1104,traditional,0.052928,16.946176,0.186368,17.185472
1105,traditional,0.053824,17.511424,0.185344,17.750592
1106,traditional,0.052896,17.348608,0.185344,17.586848
1107,traditional,0.069568,16.447488,0.182272,16.699328
1108,traditional,0.052128,16.230400,0.177152,16.459680
1109,traditional,0.051680,16.594944,0.184320,16.830944
1110,traditional,0.052608,17.230848,0.185344,17.468800
1111,traditional,0.052192,17.209344,0.185344,17.446880
1112,traditional,0.051680,17.211392,0.184320,17.447392
1113,traditional,0.053056,16.481280,0.184320,16.718656
1114,traditional,0.063488,16.240640,0.183296,16.487424
1115,traditional,0.068864,16.218112,0.182272,16.469248
1116,traditional,0.061696,16.790528,0.188416,17.040640
1117,traditional,0.054144,17.473536,0.194560,17.722240
1118,traditional,0.053376,18.003968,0.193536,18.250880
1119,traditional,0.054880,18.667520,0.193536,18.915936
1120,traditional,0.054464,18.412544,0.193536,18.660544
1121,traditional,0.053152,18.388992,0.194560,18.636704
1122,traditional,0.057152,18.428928,0.188416,18.674496
1123,traditional,0.054752,18.570240,0.195584,18.820576
1124,traditional,0.058592,17.833984,0.195584,18.088160
1125,traditional,0.054176,17.466368,0.190464,17.711008
1126,traditional,0.053664,17.372160,0.190464,17.616288
1127,traditional,0.052928,16.958464,0.186368,17.197760
1128,traditional,0.051232,16.612352,0.182272,16.845856
1129,traditional,0.049984,16.240640,0.179200,16.469824
1130,traditional,0.061856,15.823872,0.176128,16.061856
1131,traditional,0.050656,16.278528,0.167936,16.497120
1132,traditional,0.049728,15.708160,0.336896,16.094784
1133,traditional,0.050080,17.086464,0.187392,17.323936
1134,traditional,0.052384,17.249280,0.184320,17.485984
1135,traditional,0.051712,17.632256,0.181248,17.865216
1136,traditional,0.051136,17.743872,0.187392,17.982400
1137,traditional,0.061600,17.285120,0.185344,17.532064
1138,traditional,0.053152,18.065408,0.189440,18.308000
1139,traditional,0.061056,18.225152,0.188416,18.474624
1140,traditional,0.053152,17.442816,0.185344,17.681312
1141,traditional,0.052000,17.123328,0.184320,17.359648
1142,traditional,0.052416,17.044480,0.184320,17.281216
1143,traditional,0.058400,16.851968,0.182272,17.092640
1144,traditional,0.053824,17.352704,0.181248,17.587776
1145,traditional,0.051296,17.794048,0.182272,18.027616
1146,traditional,0.051328,21.021696,0.190464,21.263488
1147,traditional,0.052672,18.664448,0.189440,18.906560
1148,traditional,0.052768,18.390016,0.188416,18.631200
1149,traditional,0.052064,18.581504,0.190464,18.824032
1150,traditional,0.057472,18.485248,0.190464,18.733184
1151,traditional,0.052992,18.589696,0.190464,18.833152
1152,traditional,0.057024,18.619392,0.189440,18.865856
1153,traditional,0.056064,18.522112,0.192512,18.770688
1154,traditional,0.056416,18.556928,0.190464,18.803808
1155,traditional,0.056384,18.551808,0.182272,18.790464
1156,traditional,0.052640,18.557952,0.180224,18.790816
1157,traditional,0.054304,18.823168,0.181248,19.058720
1158,traditional,0.052736,19.194880,0.189440,19.437056
1159,traditional,0.059104,20.027392,0.193536,20.280032
1160,traditional,0.074560,20.140032,0.192512,20.407104
1161,traditional,0.056512,20.180992,0.194560,20.432064
1162,traditional,0.056352,20.195328,0.194560,20.446240
1163,traditional,0.056512,20.355072,0.195584,20.607168
1164,traditional,0.060544,20.517888,0.198656,20.777088
1165,traditional,0.061312,20.550656,0.195584,20.807552
1166,traditional,0.057024,20.261888,0.194560,20.513472
1167,traditional,0.057536,20.202496,0.194560,20.454592
1168,traditional,0.056032,18.343936,0.166912,18.566880
1169,traditional,0.050688,19.761152,0.310272,20.122112
1170,traditional,0.084672,20.019200,0.314368,20.418240
1171,traditional,0.080224,22.417408,0.171008,22.668640
1172,traditional,0.055872,22.896640,0.313344,23.265856
1173,traditional,0.080384,23.785472,0.173056,24.038912
1174,traditional,0.051840,21.117952,0.309248,21.479040
1175,traditional,0.081440,23.742464,0.166912,23.990816
1176,traditional,0.054432,21.447680,0.311296,21.813408
1177,traditional,0.080832,23.818240,0.223232,24.122304
1178,traditional,0.062816,22.452224,0.224256,22.739296
1179,traditional,0.061632,22.233088,0.221184,22.515904
1180,traditional,0.062144,22.178816,0.221184,22.462144
1181,traditional,0.063488,22.512640,0.221184,22.797312
1182,traditional,0.062944,22.391808,0.220160,22.674912
1183,traditional,0.062080,22.431744,0.219136,22.712960
1184,traditional,0.061824,22.309888,0.219136,22.590848
1185,traditional,0.062464,22.395904,0.219136,22.677504
1186,traditional,0.064000,18.938880,0.176128,19.179008
1187,traditional,0.052672,17.766400,0.173056,17.992128
1188,traditional,0.064768,20.068352,0.171008,20.304128
1189,traditional,0.051776,21.361664,0.327680,21.741120
1190,traditional,0.081280,23.427072,0.171008,23.679360
1191,traditional,0.049312,22.155264,0.330752,22.535328
1192,traditional,0.083264,20.918272,0.171008,21.172544
1193,traditional,0.050784,25.480192,0.319488,25.850464
1194,traditional,0.056576,22.035456,0.329728,22.421760
1195,traditional,0.079360,23.459840,0.172032,23.711232
1196,traditional,0.051648,23.223296,0.210944,23.485888
1197,traditional,0.063712,22.211584,0.214016,22.489312
1198,traditional,0.062592,22.473728,0.214016,22.750336
1199,traditional,0.062464,22.366208,0.214016,22.642688
1200,traditional,0.064800,22.415360,0.214016,22.694176
1201,traditional,0.063968,22.366208,0.216064,22.646240
1202,traditional,0.063168,22.393856,0.215040,22.672064
1203,traditional,0.061664,22.456320,0.214016,22.732000
1204,traditional,0.062112,22.145024,0.211968,22.419104
1205,traditional,0.062048,18.515968,0.173056,18.751072
1206,traditional,0.054272,20.384768,0.171008,20.610048
1207,traditional,0.052864,21.356544,0.325632,21.735040
1208,traditional,0.081856,21.441536,0.169984,21.693376
1209,traditional,0.053824,24.486912,0.328704,24.869440
1210,traditional,0.082784,21.491712,0.326656,21.901152
1211,traditional,0.085024,24.812544,0.172032,25.069600
1212,traditional,0.052256,22.854656,0.332800,23.239712
1213,traditional,0.082464,21.749760,0.333824,22.166048
1214,traditional,0.083296,24.909824,0.207872,25.200992
1215,traditional,0.062368,21.789696,0.209920,22.061984
1216,traditional,0.063936,21.983232,0.211968,22.259136
1217,traditional,0.066272,22.104064,0.211968,22.382304
1218,traditional,0.063680,22.334464,0.215040,22.613184
1219,traditional,0.062080,22.290432,0.214016,22.566528
1220,traditional,0.070944,22.406144,0.211968,22.689056
1221,traditional,0.062208,21.992448,0.210944,22.265600
1222,traditional,0.060960,21.539840,0.172032,21.772832
1223,traditional,0.053600,18.104320,0.173056,18.330976
1224,traditional,0.052224,20.352000,0.169984,20.574208
1225,traditional,0.053088,22.940672,0.169984,23.163744
1226,traditional,0.051552,22.995968,0.324608,23.372128
1227,traditional,0.085696,24.695808,0.169984,24.951488
1228,traditional,0.058624,22.481920,0.334848,22.875392
1229,traditional,0.082880,21.396480,0.327680,21.807040
1230,traditional,0.077344,25.449472,0.172032,25.698848
1231,traditional,0.052480,22.890496,0.327680,23.270656
1232,traditional,0.078560,24.576000,0.206848,24.861408
1233,traditional,0.058912,22.349824,0.217088,22.625824
1234,traditional,0.073664,22.861824,0.217088,23.152576
1235,traditional,0.059456,22.778880,0.218112,23.056448
1236,traditional,0.061408,22.896640,0.217088,23.175136
1237,traditional,0.061760,21.833728,0.206848,22.102336
1238,traditional,0.062624,21.743616,0.207872,22.014112
1239,traditional,0.062912,21.738496,0.207872,22.009280
1240,traditional,0.058688,21.867520,0.209920,22.136128
1241,traditional,0.064224,19.674112,0.173056,19.911392
1242,traditional,0.057088,18.002944,0.171008,18.231040
1243,traditional,0.058528,22.812672,0.168960,23.040160
1244,traditional,0.055072,22.299648,0.325632,22.680352
1245,traditional,0.092320,21.485568,0.331776,21.909664
1246,traditional,0.092352,24.751104,0.169984,25.013440
1247,traditional,0.058304,22.187008,0.327680,22.572992
1248,traditional,0.082304,24.166400,0.169984,24.418688
1249,traditional,0.064608,23.465984,0.330752,23.861344
1250,traditional,0.093376,25.368576,0.211968,25.673920
1251,traditional,0.065824,23.026688,0.220160,23.312672
1252,traditional,0.068448,22.817792,0.218112,23.104352
1253,traditional,0.064704,22.861824,0.216064,23.142592
1254,traditional,0.066400,22.744064,0.215040,23.025504
1255,traditional,0.065632,22.460416,0.212992,22.739040
1256,traditional,0.063328,22.549504,0.214016,22.826848
1257,traditional,0.063168,22.463488,0.212992,22.739648
1258,traditional,0.063072,22.114304,0.174080,22.351456
1259,traditional,0.056096,18.202624,0.169984,18.428704
1260,traditional,0.052928,19.809280,0.327680,20.189888
1261,traditional,0.081408,21.202944,0.324608,21.608960
1262,traditional,0.088384,24.475648,0.168960,24.732992
1263,traditional,0.053248,22.071296,0.329728,22.454272
1264,traditional,0.084416,21.996544,0.332800,22.413760
1265,traditional,0.083008,25.291776,0.171008,25.545792
1266,traditional,0.052256,22.870016,0.329728,23.252000
1267,traditional,0.080768,23.116800,0.398336,23.595904
1268,traditional,0.099360,23.207936,0.217088,23.524384
1269,traditional,0.064160,22.764544,0.216064,23.044768
1270,traditional,0.062272,22.593536,0.214016,22.869824
1271,traditional,0.062912,22.548480,0.214016,22.825408
1272,traditional,0.086464,22.284288,0.212992,22.583744
1273,traditional,0.061312,22.185984,0.210944,22.458240
1274,traditional,0.062144,22.157312,0.210944,22.430400
1275,traditional,0.061216,22.082560,0.210944,22.354720
1276,traditional,0.061280,22.348800,0.210944,22.621024
1277,traditional,0.062080,20.075520,0.175104,20.312704
1278,traditional,0.053984,18.284544,0.172032,18.510560
1279,traditional,0.052480,20.616192,0.171008,20.839680
1280,traditional,0.052064,22.930432,0.171008,23.153504
1281,traditional,0.051680,21.675008,0.330752,22.057440
1282,traditional,0.084384,21.777408,0.172032,22.033824
1283,traditional,0.051328,23.552000,0.171008,23.774336
1284,traditional,0.050976,24.196096,0.330752,24.577824
1285,traditional,0.082176,21.989376,0.330752,22.402304
1286,traditional,0.093728,25.661440,0.220160,25.975328
1287,traditional,0.062880,23.344128,0.223232,23.630240
1288,traditional,0.065632,23.375872,0.220160,23.661664
1289,traditional,0.061664,23.099392,0.220160,23.381216
1290,traditional,0.061824,23.076864,0.220160,23.358848
1291,traditional,0.062464,23.179264,0.222208,23.463936
1292,traditional,0.061632,23.144448,0.226304,23.432384
1293,traditional,0.064576,23.292928,0.224256,23.581760
1294,traditional,0.073888,22.599680,0.178176,22.851744
1295,traditional,0.051552,18.424832,0.180224,18.656608
1296,traditional,0.052672,18.164736,0.175104,18.392512
1297,traditional,0.051360,21.784576,0.332800,22.168736
1298,traditional,0.081536,23.480320,0.175104,23.736960
1299,traditional,0.054496,23.265280,0.174080,23.493856
1300,traditional,0.049984,21.998592,0.337920,22.386496
1301,traditional,0.082336,24.253440,0.175104,24.510880
1302,traditional,0.050464,23.899136,0.176128,24.125728
1303,traditional,0.052928,23.855104,0.403456,24.311488
1304,traditional,0.062656,22.341632,0.221184,22.625472
1305,traditional,0.061472,22.402048,0.222208,22.685728
1306,traditional,0.060672,22.528000,0.220160,22.808832
1307,traditional,0.062144,22.468608,0.224256,22.755008
1308,traditional,0.060256,22.645760,0.221184,22.927200
1309,traditional,0.060544,22.430720,0.221184,22.712448
1310,traditional,0.058656,22.398976,0.221184,22.678816
1311,traditional,0.060640,22.495232,0.220160,22.776032
1312,traditional,0.063616,22.396928,0.220160,22.680704
1313,traditional,0.064128,21.120000,0.183296,21.367424
1314,traditional,0.052896,18.065408,0.182272,18.300576
1315,traditional,0.054880,20.987904,0.344064,21.386848
1316,traditional,0.082016,24.295424,0.181248,24.558688
1317,traditional,0.054272,22.202368,0.352256,22.608896
1318,traditional,0.083264,21.395456,0.346112,21.824832
1319,traditional,0.081472,25.461760,0.182272,25.725504
1320,traditional,0.054240,22.711296,0.347136,23.112672
1321,traditional,0.081728,23.327744,0.182272,23.591744
1322,traditional,0.050720,25.047040,0.234496,25.332256
1323,traditional,0.061088,23.312384,0.237568,23.611040
1324,traditional,0.063296,23.257088,0.236544,23.556928
1325,traditional,0.065280,22.941696,0.234496,23.241472
1326,traditional,0.067008,22.895616,0.234496,23.197120
1327,traditional,0.061664,22.752256,0.234496,23.048416
1328,traditional,0.063072,23.050240,0.241664,23.354976
1329,traditional,0.064704,23.003136,0.237568,23.305408
1330,traditional,0.065024,22.645760,0.234496,22.945280
1331,traditional,0.062400,18.390016,0.187392,18.639808
1332,traditional,0.052704,17.783808,0.183296,18.019808
1333,traditional,0.050880,20.183040,0.183296,20.417216
1334,traditional,0.050496,22.921216,0.251904,23.223616
1335,traditional,0.050336,20.704256,0.346112,21.100704
1336,traditional,0.378912,24.142848,0.185344,24.707104
1337,traditional,0.054656,21.941248,0.354304,22.350208
1338,traditional,0.080064,23.686144,0.185344,23.951552
1339,traditional,0.055232,23.242752,0.272384,23.570368
1340,traditional,0.051264,20.830208,0.229376,21.110848
1341,traditional,0.072704,22.440960,0.236544,22.750208
1342,traditional,0.062720,22.466560,0.235520,22.764800
1343,traditional,0.061408,22.550528,0.235520,22.847456
1344,traditional,0.060544,22.424576,0.235520,22.720640
1345,traditional,0.060704,22.677504,0.239616,22.977824
1346,traditional,0.063808,22.780928,0.237568,23.082304
1347,traditional,0.074112,22.393856,0.237568,22.705536
1348,traditional,0.061568,22.232064,0.234496,22.528128
1349,traditional,0.060576,22.144000,0.233472,22.438048
1350,traditional,0.061024,22.125568,0.233472,22.420064
1351,traditional,0.070016,19.661824,0.186368,19.918208
1352,traditional,0.057472,17.540096,0.185344,17.782912
1353,traditional,0.051584,17.561600,0.184320,17.797504
1354,traditional,0.051648,22.042624,0.185344,22.279616
1355,traditional,0.051072,19.928064,0.186368,20.165504
1356,traditional,0.050848,22.809600,0.185344,23.045792
1357,traditional,0.050592,20.840448,0.354304,21.245344
1358,traditional,0.079392,23.840768,0.185344,24.105504
1359,traditional,0.051584,21.438464,0.215040,21.705088
1360,traditional,0.057088,21.155840,0.227328,21.440256
1361,traditional,0.059808,21.138432,0.223232,21.421472
1362,traditional,0.061024,20.945920,0.222208,21.229152
1363,traditional,0.057216,20.989952,0.221184,21.268352
1364,traditional,0.058432,21.019648,0.221184,21.299264
1365,traditional,0.058624,20.880384,0.223232,21.162240
1366,traditional,0.058080,21.006336,0.222208,21.286624
1367,traditional,0.058528,20.990976,0.222208,21.271712
1368,traditional,0.058560,20.466688,0.188416,20.713664
1369,traditional,0.050528,17.653760,0.184320,17.888608
1370,traditional,0.052128,20.047872,0.181248,20.281248
1371,traditional,0.051008,21.565440,0.348160,21.964608
1372,traditional,0.079328,20.361216,0.184320,20.624864
1373,traditional,0.050624,22.818816,0.183296,23.052736
1374,traditional,0.051264,22.624256,0.352256,23.027776
1375,traditional,0.082240,20.868096,0.349184,21.299520
1376,traditional,0.081312,24.102912,0.181248,24.365472
1377,traditional,0.054176,21.807104,0.355328,22.216608
1378,traditional,0.085632,24.569856,0.229376,24.884864
1379,traditional,0.063840,22.851584,0.224256,23.139680
1380,traditional,0.065696,22.449152,0.223232,22.738080
1381,traditional,0.061824,21.888000,0.223232,22.173056
1382,traditional,0.063776,21.848064,0.220160,22.132000
1383,traditional,0.083264,21.635072,0.219136,21.937472
1384,traditional,0.060704,21.644288,0.218112,21.923104
1385,traditional,0.059968,21.573632,0.218112,21.851712
1386,traditional,0.062656,21.611520,0.219136,21.893312
1387,traditional,0.073984,21.762048,0.179200,22.015232
1388,traditional,0.051520,17.604608,0.174080,17.830208
1389,traditional,0.051168,17.248256,0.173056,17.472480
1390,traditional,0.052416,22.456320,0.181248,22.689984
1391,traditional,0.051840,20.784128,0.327680,21.163648
1392,traditional,0.080032,23.191552,0.176128,23.447712
1393,traditional,0.052064,20.613120,0.331776,20.996960
1394,traditional,0.082496,23.187456,0.174080,23.444032
1395,traditional,0.052576,20.276224,0.330752,20.659552
1396,traditional,0.082656,24.355840,0.271360,24.709856
1397,traditional,0.050624,19.003392,0.195584,19.249600
1398,traditional,0.056448,19.243008,0.204800,19.504256
1399,traditional,0.055168,19.216384,0.202752,19.474304
1400,traditional,0.057984,19.083264,0.201728,19.342976
1401,traditional,0.058720,19.248128,0.202752,19.509600
1402,traditional,0.055072,19.304448,0.203776,19.563296
1403,traditional,0.055072,19.299328,0.202752,19.557152
1404,traditional,0.057408,19.277824,0.202752,19.537984
1405,traditional,0.061632,18.776064,0.201728,19.039424
1406,traditional,0.054752,18.616320,0.200704,18.871776
1407,traditional,0.054976,20.333568,0.230400,20.618944
1408,traditional,0.060416,21.744640,0.235520,22.040576
1409,traditional,0.065632,22.245376,0.237568,22.548576
1410,traditional,0.064032,22.028288,0.235520,22.327840
1411,traditional,0.064992,22.211584,0.235520,22.512096
1412,traditional,0.062432,22.216704,0.235520,22.514656
1413,traditional,0.061696,22.238208,0.234496,22.534400
1414,traditional,0.061248,22.290432,0.234496,22.586176
1415,traditional,0.062304,22.625280,0.241664,22.929248
1416,traditional,0.065408,19.475456,0.188416,19.729280
1417,traditional,0.052320,16.861184,0.181248,17.094752
1418,traditional,0.060672,16.430080,0.179200,16.669952
1419,traditional,0.053184,20.468736,0.338944,20.860864
1420,traditional,0.077792,18.722816,0.178176,18.978784
1421,traditional,0.050208,20.534272,0.178176,20.762656
1422,traditional,0.053248,20.249600,0.179200,20.482048
1423,traditional,0.053920,20.038656,0.323584,20.416160
1424,traditional,0.079264,20.487168,0.345088,20.911520
1425,traditional,0.079488,19.529728,0.346112,19.955328
1426,traditional,0.094208,19.766272,0.348160,20.208640
1427,traditional,0.080544,19.027968,0.346112,19.454624
1428,traditional,0.079488,18.549760,0.348160,18.977408
1429,traditional,0.079232,17.775616,0.179200,18.034048
1430,traditional,0.050592,17.681408,0.177152,17.909152
1431,traditional,0.051008,16.618496,0.340992,17.010496
1432,traditional,0.077280,15.139840,0.177152,15.394272
1433,traditional,0.049440,17.704960,0.180224,17.934624
1434,traditional,0.049632,15.272960,0.179200,15.501792
1435,traditional,0.079424,13.743104,0.178176,14.000704
1436,traditional,0.078464,16.456704,0.174080,16.709248
1437,traditional,0.048896,15.547392,0.342016,15.938304
1438,traditional,0.089664,14.003200,0.177152,14.270016
1439,traditional,0.079328,16.351232,0.210944,16.641504
1440,traditional,0.056832,13.859840,0.211968,14.128640
1441,traditional,0.071168,13.130752,0.207872,13.409792
1442,traditional,0.067872,13.541376,0.207872,13.817120
1443,traditional,0.067584,12.698624,0.206848,12.973056
1444,traditional,0.057344,11.259904,0.203776,11.521024
1445,traditional,0.065920,10.423296,0.203776,10.692992
1446,traditional,0.053088,10.226688,0.198656,10.478432
1447,traditional,0.053920,10.023936,0.194560,10.272416
1448,traditional,0.064640,9.953280,0.194560,10.212480
1449,traditional,0.053120,9.625600,0.190464,9.869184
1450,traditional,0.052448,9.625600,0.191488,9.869536
1451,traditional,0.063616,9.594880,0.190464,9.848960
1452,traditional,0.052384,9.591808,0.190464,9.834656
1453,traditional,0.051936,9.632768,0.189440,9.874144
1454,traditional,0.052576,9.010176,0.168960,9.231712
1455,traditional,0.048384,8.495104,0.168960,8.712448
1456,traditional,0.048640,8.926208,0.307200,9.282048
1457,traditional,0.047168,8.363008,0.168960,8.579136
1458,traditional,0.048224,8.381440,0.160768,8.590432
1459,traditional,0.056672,8.093696,0.161792,8.312160
1460,traditional,0.059328,8.151040,0.308224,8.518592
1461,traditional,0.074592,9.389056,0.307200,9.770848
1462,traditional,0.069824,8.797184,0.307200,9.174208
1463,traditional,0.069120,8.715264,0.306176,9.090560
1464,traditional,0.072512,8.825856,0.297984,9.196352
1465,traditional,0.048256,7.516160,0.171008,7.735424
1466,traditional,0.061184,7.426048,0.171008,7.658240
1467,traditional,0.045408,7.076864,0.161792,7.284064
1468,traditional,0.047136,7.284736,0.165888,7.497760
1469,traditional,0.045856,7.177216,0.159744,7.382816
1470,traditional,0.046208,6.977536,0.159744,7.183488
1471,traditional,0.057504,7.028736,0.158720,7.244960
1472,traditional,0.080256,7.265280,0.159744,7.505280
1473,traditional,0.044448,7.309312,0.164864,7.518624
1474,traditional,0.074368,7.391232,0.159744,7.625344
1475,traditional,0.044288,7.103488,0.159744,7.307520
1476,traditional,0.067648,9.192448,0.304128,9.564224
1477,traditional,0.070336,9.273344,0.315392,9.659072
1478,traditional,0.046240,6.348800,0.165888,6.560928
1479,traditional,0.058016,6.459392,0.167936,6.685344
1480,traditional,0.048992,6.335488,0.162816,6.547296
1481,traditional,0.045280,6.343680,0.171008,6.559968
1482,traditional,0.051872,7.080960,0.180224,7.313056
1483,traditional,0.046656,7.062528,0.178176,7.287360
1484,traditional,0.047200,7.155712,0.179200,7.382112
1485,traditional,0.046528,7.177216,0.178176,7.401920
1486,traditional,0.048288,7.464960,0.185344,7.698592
1487,traditional,0.049952,7.026688,0.174080,7.250720
1488,traditional,0.046016,7.238656,0.176128,7.460800
1489,traditional,0.068896,7.283712,0.185344,7.537952
1490,traditional,0.059104,7.657472,0.185344,7.901920
1491,traditional,0.047104,7.525376,0.182272,7.754752
1492,traditional,0.050272,7.774208,0.186368,8.010848
1493,traditional,0.048096,7.822336,0.183296,8.053728
1494,traditional,0.049024,7.857152,0.183296,8.089472
1495,traditional,0.053472,6.007808,0.165888,6.227168
1496,traditional,0.045248,5.932032,0.165888,6.143168
1497,traditional,0.044384,5.746688,0.160768,5.951840
1498,traditional,0.055264,5.703680,0.159744,5.918688
1499,traditional,0.055936,5.772288,0.160768,5.988992
1500,traditional,0.042976,5.780480,0.159744,5.983200
1501,traditional,0.044032,5.779456,0.159744,5.983232
1502,traditional,0.046720,5.852160,0.159744,6.058624
1503,traditional,0.042944,6.050816,0.158720,6.252480
1504,traditional,0.042464,6.164480,0.158720,6.365664
1505,traditional,0.047200,6.261760,0.159744,6.468704
1506,traditional,0.042848,6.236160,0.159744,6.438752
1507,traditional,0.053888,6.303744,0.159744,6.517376
1508,traditional,0.042368,6.331392,0.158720,6.532480
1509,traditional,0.046880,6.351872,0.159744,6.558496
1510,traditional,0.042496,6.516736,0.162816,6.722048
1511,traditional,0.052864,6.927360,0.173056,7.153280
1512,traditional,0.046432,5.935104,0.174080,6.155616
1513,traditional,0.057984,5.684224,0.164864,5.907072
1514,traditional,0.044288,5.847040,0.164864,6.056192
1515,traditional,0.044672,5.763072,0.162816,5.970560
1516,traditional,0.043456,5.804032,0.162816,6.010304
1517,traditional,0.045088,5.727232,0.159744,5.932064
1518,traditional,0.042912,5.840896,0.166912,6.050720
1519,traditional,0.044512,6.017024,0.162816,6.224352
1520,traditional,0.046752,5.976064,0.162816,6.185632
1521,traditional,0.042016,5.936128,0.159744,6.137888
1522,traditional,0.043264,6.012928,0.159744,6.215936
1523,traditional,0.046208,5.979136,0.159744,6.185088
1524,traditional,0.042496,6.071296,0.159744,6.273536
1525,traditional,0.042272,6.120448,0.158720,6.321440
1526,traditional,0.043296,6.148096,0.158720,6.350112
1527,traditional,0.042752,6.216704,0.158720,6.418176
1528,traditional,0.045760,6.274048,0.159744,6.479552
1529,traditional,0.045536,6.315008,0.158720,6.519264
1530,traditional,0.042528,5.620736,0.154624,5.817888
1531,traditional,0.043712,5.690368,0.154624,5.888704
1532,traditional,0.054880,5.809152,0.153600,6.017632
1533,traditional,0.055168,5.844992,0.154624,6.054784
1534,traditional,0.055296,5.876736,0.153600,6.085632
1535,traditional,0.042656,5.958656,0.154624,6.155936
1536,traditional,0.042688,6.053888,0.153600,6.250176
1537,traditional,0.042432,6.094848,0.153600,6.290880
1538,traditional,0.042208,6.249472,0.154624,6.446304
1539,traditional,0.042656,6.261760,0.154624,6.459040
1540,traditional,0.043424,6.373376,0.153600,6.570400
1541,traditional,0.043264,6.447104,0.153600,6.643968
1542,traditional,0.044704,6.517760,0.153600,6.716064
1543,traditional,0.044896,6.572032,0.152576,6.769504
1544,traditional,0.043232,6.694912,0.153600,6.891744
1545,traditional,0.043264,6.806528,0.153600,7.003392
1546,traditional,0.070272,6.948864,0.153600,7.172736
1547,traditional,0.044480,6.713344,0.149504,6.907328
1548,traditional,0.043776,6.856704,0.150528,7.051008
1549,traditional,0.047424,6.919168,0.149504,7.116096
1550,traditional,0.044672,7.007232,0.149504,7.201408
1551,traditional,0.048640,7.127040,0.149504,7.325184
1552,traditional,0.043520,7.273472,0.150528,7.467520
1553,traditional,0.054464,7.578624,0.154624,7.787712
1554,traditional,0.057280,7.674880,0.149504,7.881664
1555,traditional,0.048096,7.575552,0.149504,7.773152
1556,traditional,0.067904,8.156160,0.149504,8.373568
1557,traditional,0.068768,11.689984,0.302080,12.060832
1558,traditional,0.048864,8.355840,0.157696,8.562400
1559,traditional,0.067584,8.763392,0.152576,8.983552
1560,traditional,0.077056,12.328960,0.291840,12.697856
1561,traditional,0.067296,12.219392,0.302080,12.588768
1562,traditional,0.070240,12.916736,0.318464,13.305440
1563,traditional,0.081440,16.368640,0.165888,16.615968
1564,traditional,0.051072,13.725696,0.199680,13.976448
1565,traditional,0.053920,14.534656,0.207872,14.796448
1566,traditional,0.055296,14.851072,0.205824,15.112192
1567,traditional,0.056032,15.048704,0.205824,15.310560
1568,traditional,0.066592,15.064064,0.203776,15.334432
1569,traditional,0.054880,15.376384,0.205824,15.637088
1570,traditional,0.055424,14.752768,0.204800,15.012992
1571,traditional,0.065312,14.415872,0.194560,14.675744
1572,traditional,0.053184,14.496768,0.193536,14.743488
1573,traditional,0.053312,14.715904,0.193536,14.962752
1574,traditional,0.053984,13.225984,0.167936,13.447904
1575,traditional,0.056960,12.133376,0.156672,12.347008
1576,traditional,0.045952,14.895104,0.152576,15.093632
1577,traditional,0.046624,19.275776,0.161792,19.484192
1578,traditional,0.047424,19.831808,0.166912,20.046144
1579,traditional,0.048800,17.835008,0.166912,18.050720
1580,traditional,0.048224,20.103168,0.167936,20.319328
1581,traditional,0.049312,19.743744,0.167936,19.960992
1582,traditional,0.048352,20.099072,0.244736,20.392160
1583,traditional,0.087360,20.500480,0.168960,20.756800
1584,traditional,0.048032,19.959808,0.167936,20.175776
1585,traditional,0.057056,20.005888,0.167936,20.230880
1586,traditional,0.049184,17.936384,0.212992,18.198560
1587,traditional,0.060480,19.123200,0.214016,19.397696
1588,traditional,0.057856,19.098624,0.215040,19.371520
1589,traditional,0.059712,19.419136,0.218112,19.696960
1590,traditional,0.062176,20.305920,0.217088,20.585184
1591,traditional,0.064672,20.017152,0.215040,20.296864
1592,traditional,0.061504,20.195328,0.219136,20.475968
1593,traditional,0.070048,20.238336,0.219136,20.527520
1594,traditional,0.070784,20.196352,0.219136,20.486272
1595,traditional,0.059136,20.284416,0.220160,20.563712
1596,traditional,0.058016,16.865280,0.174080,17.097376
1597,traditional,0.050112,15.106048,0.169984,15.326144
1598,traditional,0.048832,17.928192,0.166912,18.143936
1599,traditional,0.049088,18.455552,0.322560,18.827200
1600,traditional,0.077120,19.871744,0.167936,20.116800
1601,traditional,0.050304,20.215808,0.168960,20.435072
1602,traditional,0.048704,18.651136,0.322560,19.022400
1603,traditional,0.075776,22.524928,0.324608,22.925312
1604,traditional,0.375360,21.260288,0.172032,21.807680
1605,traditional,0.053152,19.378176,0.328704,19.760032
1606,traditional,0.079648,22.815744,0.211968,23.107360
1607,traditional,0.061696,20.120576,0.216064,20.398336
1608,traditional,0.057952,19.437568,0.216064,19.711584
1609,traditional,0.059456,19.874816,0.212992,20.147264
1610,traditional,0.058080,19.881984,0.212992,20.153056
1611,traditional,0.058240,19.794944,0.212992,20.066176
1612,traditional,0.058816,19.881984,0.211968,20.152768
1613,traditional,0.069152,19.823616,0.212992,20.105760
1614,traditional,0.058176,19.863552,0.215040,20.136768
1615,traditional,0.059360,20.505600,0.212992,20.777952
1616,traditional,0.064000,17.074176,0.174080,17.312256
1617,traditional,0.051360,16.507904,0.172032,16.731296
1618,traditional,0.049120,19.087360,0.325632,19.462112
1619,traditional,0.079232,21.740544,0.325632,22.145408
1620,traditional,0.075360,20.066304,0.172032,20.313696
1621,traditional,0.049184,21.469184,0.327680,21.846048
1622,traditional,0.076768,22.836224,0.330752,23.243744
1623,traditional,0.077504,20.013056,0.173056,20.263616
1624,traditional,0.062240,21.938176,0.330752,22.331168
1625,traditional,0.083360,22.790144,0.331776,23.205280
1626,traditional,0.078656,22.459392,0.210944,22.748992
1627,traditional,0.061408,21.060608,0.222208,21.344224
1628,traditional,0.060576,21.615616,0.221184,21.897376
1629,traditional,0.059968,21.499904,0.219136,21.779008
1630,traditional,0.063584,21.367808,0.217088,21.648480
1631,traditional,0.060512,21.545984,0.223232,21.829728
1632,traditional,0.060864,21.438464,0.219136,21.718464
1633,traditional,0.060480,21.091328,0.217088,21.368896
1634,traditional,0.059616,21.103616,0.217088,21.380320
1635,traditional,0.072192,20.981760,0.175104,21.229056
1636,traditional,0.053600,16.858112,0.175104,17.086816
1637,traditional,0.056192,16.813056,0.327680,17.196928
1638,traditional,0.089024,21.321728,0.169984,21.580736
1639,traditional,0.061792,21.444608,0.330752,21.837152
1640,traditional,0.078016,20.283392,0.330752,20.692160
1641,traditional,0.079840,24.055808,0.332800,24.468448
1642,traditional,0.087360,22.313984,0.173056,22.574400
1643,traditional,0.049664,22.118400,0.330752,22.498816
1644,traditional,0.080480,22.197248,0.174080,22.451808
1645,traditional,0.050112,22.178816,0.214016,22.442944
1646,traditional,0.059200,21.561344,0.220160,21.840704
1647,traditional,0.060288,21.387264,0.218112,21.665664
1648,traditional,0.059328,21.488640,0.219136,21.767104
1649,traditional,0.060576,21.273600,0.218112,21.552288
1650,traditional,0.067552,21.885952,0.219136,22.172640
1651,traditional,0.060736,21.840896,0.219136,22.120768
1652,traditional,0.060064,21.663744,0.207872,21.931680
1653,traditional,0.062016,21.600256,0.216064,21.878336
1654,traditional,0.072032,19.424256,0.175104,19.671392
1655,traditional,0.059328,17.285120,0.172032,17.516480
1656,traditional,0.050688,21.105664,0.327680,21.484032
1657,traditional,0.078976,20.264960,0.171008,20.514944
1658,traditional,0.049312,23.737344,0.328704,24.115360
1659,traditional,0.082208,22.768640,0.171008,23.021856
1660,traditional,0.049696,22.179840,0.336896,22.566432
1661,traditional,0.091168,20.286464,0.173056,20.550688
1662,traditional,0.050592,24.735744,0.332800,25.119136
1663,traditional,0.081664,22.774784,0.172032,23.028480
1664,traditional,0.050240,24.827904,0.222208,25.100352
1665,traditional,0.061728,22.960128,0.228352,23.250208
1666,traditional,0.063072,22.893568,0.224256,23.180896
1667,traditional,0.062016,22.683648,0.220160,22.965824
1668,traditional,0.061280,22.286336,0.220160,22.567776
1669,traditional,0.061184,22.334464,0.221184,22.616832
1670,traditional,0.061184,22.482944,0.225280,22.769408
1671,traditional,0.068640,22.679552,0.222208,22.970400
1672,traditional,0.062080,22.465536,0.221184,22.748800
1673,traditional,0.074080,18.872320,0.176128,19.122528
1674,traditional,0.051296,17.693696,0.172032,17.917024
1675,traditional,0.051648,22.867968,0.169984,23.089600
1676,traditional,0.054272,21.966848,0.325632,22.346752
1677,traditional,0.079200,23.513088,0.169984,23.762272
1678,traditional,0.062496,22.690816,0.330752,23.084064
1679,traditional,0.093056,25.409536,0.164864,25.667456
1680,traditional,0.051296,22.866944,0.333824,23.252064
1681,traditional,0.081280,23.146496,0.171008,23.398784
1682,traditional,0.051104,23.656448,0.198656,23.906208
1683,traditional,0.058816,21.549056,0.199680,21.807552
1684,traditional,0.059264,21.910528,0.209920,22.179712
1685,traditional,0.063552,22.071296,0.199680,22.334528
1686,traditional,0.059776,22.178816,0.200704,22.439296
1687,traditional,0.061824,22.303744,0.200704,22.566272
1688,traditional,0.074048,22.109184,0.208896,22.392128
1689,traditional,0.061216,22.131712,0.199680,22.392608
1690,traditional,0.070912,22.203392,0.198656,22.472960
1691,traditional,0.060064,22.174720,0.199680,22.434464
1692,traditional,0.060256,22.159360,0.198656,22.418272
1693,traditional,0.063072,22.102016,0.199680,22.364768
1694,traditional,0.060704,18.883584,0.163840,19.108128
1695,traditional,0.050912,20.552704,0.162816,20.766432
1696,traditional,0.062880,22.790144,0.169984,23.023008
1697,traditional,0.050432,22.504448,0.314368,22.869248
1698,traditional,0.085632,21.524480,0.310272,21.920384
1699,traditional,0.086624,25.189376,0.169984,25.445984
1700,traditional,0.050528,24.304640,0.220160,24.575328
1701,traditional,0.063136,23.211008,0.209920,23.484064
1702,traditional,0.061568,23.378944,0.225280,23.665792
1703,traditional,0.068064,23.651328,0.226304,23.945696
1704,traditional,0.062656,23.377920,0.223232,23.663808
1705,traditional,0.063232,23.428096,0.223232,23.714560
1706,traditional,0.066368,23.430144,0.223232,23.719744
1707,traditional,0.064896,23.323648,0.223232,23.611776
1708,traditional,0.061920,23.480320,0.225280,23.767520
1709,traditional,0.064544,19.540992,0.178176,19.783712
1710,traditional,0.056512,18.221056,0.173056,18.450624
1711,traditional,0.054400,20.841472,0.171008,21.066880
1712,traditional,0.050464,24.886272,0.331776,25.268512
1713,traditional,0.104704,21.492736,0.330752,21.928192
1714,traditional,0.080256,24.967168,0.173056,25.220480
1715,traditional,0.055456,23.683072,0.172032,23.910560
1716,traditional,0.050528,22.819840,0.334848,23.205216
1717,traditional,0.090560,23.567360,0.171008,23.828928
1718,traditional,0.050624,23.937024,0.207872,24.195520
1719,traditional,0.059040,21.999616,0.210944,22.269600
1720,traditional,0.059840,22.183936,0.209920,22.453696
1721,traditional,0.072256,22.076416,0.211968,22.360640
1722,traditional,0.060448,22.092800,0.212992,22.366240
1723,traditional,0.075968,22.210560,0.211968,22.498496
1724,traditional,0.062048,22.047744,0.210944,22.320736
1725,traditional,0.066176,22.019072,0.209920,22.295168
1726,traditional,0.061568,21.880832,0.173056,22.115456
1727,traditional,0.054112,18.040832,0.175104,18.270048
1728,traditional,0.054912,23.157760,0.173056,23.385728
1729,traditional,0.057568,23.360512,0.329728,23.747808
1730,traditional,0.085024,25.167872,0.174080,25.426976
1731,traditional,0.052672,23.008256,0.228352,23.289280
1732,traditional,0.082592,25.949184,0.173056,26.204832
1733,traditional,0.064832,22.883328,0.172032,23.120192
1734,traditional,0.056064,26.391552,0.174080,26.621696
1735,traditional,0.078208,24.492032,0.232448,24.802688
1736,traditional,0.069248,24.553472,0.237568,24.860288
1737,traditional,0.069376,24.824832,0.236544,25.130752
1738,traditional,0.071264,24.605696,0.231424,24.908384
1739,traditional,0.069376,24.613888,0.236544,24.919808
1740,traditional,0.072672,24.370176,0.230400,24.673248
1741,traditional,0.073856,24.228864,0.230400,24.533120
1742,traditional,0.066400,24.144896,0.230400,24.441696
1743,traditional,0.065696,24.288256,0.232448,24.586400
1744,traditional,0.068384,20.752384,0.179200,20.999968
1745,traditional,0.057504,18.392064,0.173056,18.622624
1746,traditional,0.060128,18.046976,0.172032,18.279136
1747,traditional,0.052096,23.168000,0.169984,23.390080
1748,traditional,0.052736,21.665792,0.326656,22.045184
1749,traditional,0.089664,24.583168,0.171008,24.843840
1750,traditional,0.052064,23.725056,0.172032,23.949152
1751,traditional,0.065248,22.845440,0.171008,23.081696
1752,traditional,0.055264,26.152960,0.176128,26.384352
1753,traditional,0.053824,22.930432,0.208896,23.193152
1754,traditional,0.060672,22.283264,0.210944,22.554880
1755,traditional,0.061120,22.203392,0.211968,22.476480
1756,traditional,0.061376,22.245376,0.212992,22.519744
1757,traditional,0.060192,22.367232,0.214016,22.641440
1758,traditional,0.066016,22.286336,0.212992,22.565344
1759,traditional,0.063136,22.473728,0.215040,22.751904
1760,traditional,0.073984,22.459392,0.212992,22.746368
1761,traditional,0.065504,22.115328,0.211968,22.392800
1762,traditional,0.071456,18.822144,0.175104,19.068704
1763,traditional,0.052224,20.622336,0.175104,20.849664
1764,traditional,0.053696,25.069568,0.331776,25.455040
1765,traditional,0.079136,22.416384,0.331776,22.827296
1766,traditional,0.077472,24.565760,0.174080,24.817312
1767,traditional,0.056000,24.030208,0.334848,24.421056
1768,traditional,0.078976,24.924160,0.173056,25.176192
1769,traditional,0.062880,23.454720,0.329728,23.847328
1770,traditional,0.077120,26.692608,0.208896,26.978624
1771,traditional,0.062272,21.718016,0.209920,21.990208
1772,traditional,0.061248,21.904384,0.209920,22.175552
1773,traditional,0.060768,21.813248,0.209920,22.083936
1774,traditional,0.057568,21.889024,0.209920,22.156512
1775,traditional,0.063776,21.890048,0.209920,22.163744
1776,traditional,0.063616,21.762048,0.209920,22.035584
1777,traditional,0.064224,21.919744,0.209920,22.193888
1778,traditional,0.066496,21.955584,0.212992,22.235072
1779,traditional,0.064416,22.256640,0.212992,22.534048
1780,traditional,0.062688,22.261760,0.212992,22.537440
1781,traditional,0.062976,22.083584,0.204800,22.351360
1782,traditional,0.070752,21.450752,0.206848,21.728352
1783,traditional,0.061568,21.092352,0.206848,21.360768
1784,traditional,0.061376,21.208064,0.207872,21.477312
1785,traditional,0.060192,21.143552,0.204800,21.408544
1786,traditional,0.057728,20.925440,0.203776,21.186944
1787,traditional,0.059200,20.848640,0.202752,21.110592
1788,traditional,0.058528,20.660224,0.200704,20.919456
1789,traditional,0.060736,20.682752,0.200704,20.944192
1790,traditional,0.057792,20.594688,0.200704,20.853184
1791,traditional,0.059040,20.649984,0.203776,20.912800
1792,traditional,0.065792,20.862976,0.203776,21.132544
1793,traditional,0.059584,20.885504,0.207872,21.152960
1794,traditional,0.063616,21.181440,0.209920,21.454976
1795,traditional,0.063136,21.224448,0.209920,21.497504
1796,traditional,0.076096,21.089280,0.209920,21.375296
1797,traditional,0.060480,21.315584,0.210944,21.587008
1798,traditional,0.077056,20.553728,0.210944,20.841728
1799,traditional,0.061248,21.293056,0.211968,21.566272
1800,traditional,0.071904,21.143552,0.210944,21.426400
1801,traditional,0.059520,21.155840,0.210944,21.426304
1802,traditional,0.060320,21.223424,0.210944,21.494688
1803,traditional,0.059328,21.027840,0.209920,21.297088
1804,traditional,0.062112,20.984832,0.209920,21.256864
1805,traditional,0.059808,21.025792,0.209920,21.295520
1806,traditional,0.061984,20.665344,0.208896,20.936224
1807,traditional,0.059136,20.600832,0.205824,20.865792
1808,traditional,0.065664,20.064256,0.199680,20.329600
1809,traditional,0.057856,19.767296,0.199680,20.024832
1810,traditional,0.058208,19.559424,0.196608,19.814240
1811,traditional,0.057120,21.805056,0.197632,22.059808
1812,traditional,0.057504,19.579904,0.200704,19.838112
1813,traditional,0.056224,21.818368,0.196608,22.071200
1814,traditional,0.057056,19.652608,0.199680,19.909344
1815,traditional,0.060064,21.905408,0.197632,22.163104
1816,traditional,0.059456,21.488640,0.380928,21.929024
1817,traditional,0.112160,19.408896,0.198656,19.719712
1818,traditional,0.056512,25.548800,0.245760,25.851072
1819,traditional,0.079552,24.069120,0.246784,24.395456
1820,traditional,0.071712,24.336384,0.251904,24.660000
1821,traditional,0.068544,24.142848,0.246784,24.458176
1822,traditional,0.067584,23.932928,0.243712,24.244224
1823,traditional,0.067616,23.582720,0.244736,23.895072
1824,traditional,0.066976,23.712768,0.243712,24.023456
1825,traditional,0.065952,24.130560,0.252928,24.449440
1826,traditional,0.069088,24.181760,0.248832,24.499680
1827,traditional,0.067776,24.094720,0.249856,24.412352
1828,traditional,0.068416,23.558144,0.190464,23.817024
1829,traditional,0.054720,18.048000,0.188416,18.291136
1830,traditional,0.053600,17.845248,0.184320,18.083168
1831,traditional,0.053216,19.546112,0.353280,19.952608
1832,traditional,0.083776,21.354496,0.353280,21.791552
1833,traditional,0.094432,21.955584,0.184320,22.234336
1834,traditional,0.052768,23.483392,0.353280,23.889440
1835,traditional,0.083456,23.930880,0.183296,24.197632
1836,traditional,0.063936,23.020544,0.232448,23.316928
1837,traditional,0.065120,22.345728,0.231424,22.642272
1838,traditional,0.074752,22.002688,0.231424,22.308864
1839,traditional,0.061664,21.993472,0.230400,22.285536
1840,traditional,0.062656,22.129664,0.233472,22.425792
1841,traditional,0.064256,21.970944,0.231424,22.266624
1842,traditional,0.062176,21.991424,0.231424,22.285024
1843,traditional,0.059808,21.924864,0.232448,22.217120
1844,traditional,0.060288,22.011904,0.231424,22.303616
1845,traditional,0.060448,20.855808,0.188416,21.104672
1846,traditional,0.050560,17.800192,0.188416,18.039168
1847,traditional,0.054624,18.384896,0.359424,18.798944
1848,traditional,0.078080,23.689216,0.185344,23.952640
1849,traditional,0.074784,21.604352,0.357376,22.036512
1850,traditional,0.076832,21.207040,0.185344,21.469216
1851,traditional,0.050400,24.101888,0.354304,24.506592
1852,traditional,0.076032,23.540736,0.185344,23.802112
1853,traditional,0.050816,23.057408,0.244736,23.352960
1854,traditional,0.050048,22.211584,0.183296,22.444928
1855,traditional,0.049664,24.716288,0.234496,25.000448
1856,traditional,0.059296,22.128640,0.234496,22.422432
1857,traditional,0.060256,22.175744,0.233472,22.469472
1858,traditional,0.061920,22.217728,0.236544,22.516192
1859,traditional,0.061184,22.324224,0.235520,22.620928
1860,traditional,0.062976,22.172672,0.233472,22.469120
1861,traditional,0.061760,21.687296,0.232448,21.981504
1862,traditional,0.058560,21.782528,0.231424,22.072512
1863,traditional,0.061952,21.724160,0.232448,22.018560
1864,traditional,0.070592,17.870848,0.187392,18.128832
1865,traditional,0.050336,17.607680,0.187392,17.845408
1866,traditional,0.050112,22.304768,0.184320,22.539200
1867,traditional,0.050624,20.254720,0.352256,20.657600
1868,traditional,0.080128,23.829504,0.183296,24.092928
1869,traditional,0.050016,20.741120,0.352256,21.143392
1870,traditional,0.088992,24.379392,0.184320,24.652704
1871,traditional,0.050752,22.302720,0.182272,22.535744
1872,traditional,0.049312,24.457216,0.357376,24.863904
1873,traditional,0.078304,21.781504,0.231424,22.091232
1874,traditional,0.058880,21.680128,0.230400,21.969408
1875,traditional,0.058944,21.751808,0.231424,22.042176
1876,traditional,0.058784,21.668864,0.231424,21.959072
1877,traditional,0.059488,21.806080,0.231424,22.096992
1878,traditional,0.059008,21.834752,0.231424,22.125184
1879,traditional,0.062528,21.894144,0.230400,22.187072
1880,traditional,0.070176,22.011904,0.235520,22.317600
1881,traditional,0.059360,22.364160,0.235520,22.659040
1882,traditional,0.068576,18.119680,0.189440,18.377696
1883,traditional,0.051616,17.697792,0.186368,17.935776
1884,traditional,0.050432,19.746816,0.185344,19.982592
1885,traditional,0.050944,22.131712,0.185344,22.368000
1886,traditional,0.050656,20.845568,0.351232,21.247456
1887,traditional,0.080864,20.967424,0.184320,21.232608
1888,traditional,0.056448,22.804480,0.185344,23.046272
1889,traditional,0.051488,22.713344,0.351232,23.116064
1890,traditional,0.080736,22.446080,0.184320,22.711136
1891,traditional,0.051584,22.972416,0.355328,23.379328
1892,traditional,0.088128,23.189504,0.209920,23.487552
1893,traditional,0.058400,20.163584,0.212992,20.434976
1894,traditional,0.064992,20.252672,0.201728,20.519392
1895,traditional,0.055968,19.450880,0.198656,19.705504
1896,traditional,0.054240,19.018752,0.204800,19.277792
1897,traditional,0.066464,19.000320,0.193536,19.260320
1898,traditional,0.054912,19.083264,0.194560,19.332736
1899,traditional,0.053088,18.940928,0.192512,19.186528
1900,traditional,0.065376,19.289088,0.196608,19.551072
1901,traditional,0.053888,19.284992,0.195584,19.534464
1902,traditional,0.067488,18.937856,0.199680,19.205024
1903,traditional,0.055072,19.704832,0.198656,19.958560
1904,traditional,0.058464,19.730432,0.199680,19.988576
1905,traditional,0.053952,19.638272,0.198656,19.890880
1906,traditional,0.054272,19.560448,0.199680,19.814400
1907,traditional,0.068320,18.555904,0.199680,18.823904
1908,traditional,0.053920,17.997824,0.198656,18.250400
1909,traditional,0.055040,17.947648,0.203776,18.206464
1910,traditional,0.060000,18.101248,0.205824,18.367072
1911,traditional,0.057280,17.928192,0.205824,18.191296
1912,traditional,0.060192,16.598016,0.201728,16.859936
1913,traditional,0.053760,16.836608,0.196608,17.086976
1914,traditional,0.054048,15.642624,0.195584,15.892256
1915,traditional,0.053088,16.226304,0.202752,16.482144
1916,traditional,0.054112,15.984640,0.199680,16.238432
1917,traditional,0.058400,15.397888,0.199680,15.655968
1918,traditional,0.054208,15.809536,0.196608,16.060352
1919,traditional,0.054112,15.111168,0.197632,15.362912
1920,traditional,0.056064,14.865408,0.203776,15.125248
1921,traditional,0.052576,14.815232,0.210944,15.078752
1922,traditional,0.054400,12.879872,0.202752,13.137024
1923,traditional,0.053664,12.444672,0.202752,12.701088
1924,traditional,0.057984,12.369920,0.203776,12.631680
1925,traditional,0.057504,11.677696,0.175104,11.910304
1926,traditional,0.051776,10.550272,0.177152,10.779200
1927,traditional,0.048128,10.480640,0.177152,10.705920
1928,traditional,0.058464,10.108928,0.172032,10.339424
1929,traditional,0.045696,9.746432,0.167936,9.960064
1930,traditional,0.068224,10.492928,0.163840,10.724992
1931,traditional,0.067008,14.955520,0.328704,15.351232
1932,traditional,0.069984,15.624192,0.328704,16.022880
1933,traditional,0.069888,15.391744,0.329728,15.791360
1934,traditional,0.070816,15.368192,0.329728,15.768736
1935,traditional,0.071104,14.868480,0.347136,15.286720
1936,traditional,0.073856,13.895680,0.182272,14.151808
1937,traditional,0.049888,11.209728,0.347136,11.606752
1938,traditional,0.057280,10.461184,0.219136,10.737600
1939,traditional,0.055872,10.596352,0.221184,10.873408
1940,traditional,0.056608,10.513408,0.215040,10.785056
1941,traditional,0.058528,10.330112,0.215040,10.603680
1942,traditional,0.056928,10.362880,0.214016,10.633824
1943,traditional,0.055520,10.126336,0.203776,10.385632
1944,traditional,0.066688,10.186752,0.214016,10.467456
1945,traditional,0.055136,10.330112,0.215040,10.600288
1946,traditional,0.056768,10.362880,0.216064,10.635712
1947,traditional,0.056064,10.352640,0.215040,10.623744
1948,traditional,0.056000,10.329088,0.209920,10.595008
1949,traditional,0.073120,10.096640,0.206848,10.376608
1950,traditional,0.059392,10.033152,0.207872,10.300416
1951,traditional,0.059008,8.495104,0.176128,8.730240
1952,traditional,0.054432,8.422400,0.172032,8.648864
1953,traditional,0.046336,7.073792,0.169984,7.290112
1954,traditional,0.057280,6.746112,0.162816,6.966208
1955,traditional,0.044704,6.775808,0.161792,6.982304
1956,traditional,0.056704,6.853632,0.162816,7.073152
1957,traditional,0.067264,6.876160,0.162816,7.106240
1958,traditional,0.055296,6.798336,0.161792,7.015424
1959,traditional,0.059008,6.848512,0.158720,7.066240
1960,traditional,0.047744,6.753280,0.158720,6.959744
1961,traditional,0.044576,6.807552,0.158720,7.010848
1962,traditional,0.045280,6.778880,0.159744,6.983904
1963,traditional,0.045152,6.832128,0.158720,7.036000
1964,traditional,0.046688,7.154688,0.166912,7.368288
1965,traditional,0.060032,7.902208,0.183296,8.145536
1966,traditional,0.048224,7.981056,0.187392,8.216672
1967,traditional,0.049856,8.158208,0.187392,8.395456
1968,traditional,0.046976,8.005632,0.181248,8.233856
1969,traditional,0.060256,7.992320,0.181248,8.233824
1970,traditional,0.048160,6.943744,0.183296,7.175200
1971,traditional,0.057696,6.988800,0.182272,7.228768
1972,traditional,0.046400,6.917120,0.182272,7.145792
1973,traditional,0.050272,6.827008,0.176128,7.053408
1974,traditional,0.045920,6.787072,0.176128,7.009120
1975,traditional,0.047936,7.194624,0.184320,7.426880
1976,traditional,0.045088,6.902784,0.176128,7.124000
1977,traditional,0.046048,6.636544,0.162816,6.845408
1978,traditional,0.052704,6.456320,0.162816,6.671840
1979,traditional,0.042784,6.288384,0.159744,6.490912
1980,traditional,0.041728,6.312960,0.159744,6.514432
1981,traditional,0.043360,6.298624,0.159744,6.501728
1982,traditional,0.041664,6.300672,0.158720,6.501056
1983,traditional,0.046528,6.360064,0.159744,6.566336
1984,traditional,0.053440,6.358016,0.159744,6.571200
1985,traditional,0.046368,6.412288,0.158720,6.617376
1986,traditional,0.063520,6.641664,0.158720,6.863904
1987,traditional,0.043520,5.700608,0.159744,5.903872
1988,traditional,0.056128,5.694464,0.158720,5.909312
1989,traditional,0.042720,5.704704,0.159744,5.907168
1990,traditional,0.043584,5.715968,0.159744,5.919296
1991,traditional,0.042240,5.744640,0.159744,5.946624
1992,traditional,0.054944,5.810176,0.160768,6.025888
1993,traditional,0.044992,6.572032,0.184320,6.801344
1994,traditional,0.050336,6.771712,0.174080,6.996128
1995,traditional,0.056416,6.410240,0.174080,6.640736
1996,traditional,0.051904,6.446080,0.171008,6.668992
1997,traditional,0.055168,6.537216,0.181248,6.773632
1998,traditional,0.057536,7.031808,0.181248,7.270592
1999,traditional,0.045120,6.842368,0.176128,7.063616
2000,traditional,0.047904,6.939648,0.176128,7.163680
2001,traditional,0.048416,6.906880,0.175104,7.130400
2002,traditional,0.047392,6.974464,0.176128,7.197984
2003,traditional,0.047008,6.995968,0.175104,7.218080
2004,traditional,0.046272,7.074816,0.175104,7.296192
2005,traditional,0.058112,6.079488,0.175104,6.312704
2006,traditional,0.049696,6.215680,0.177152,6.442528
2007,traditional,0.043200,5.776384,0.162816,5.982400
2008,traditional,0.044288,5.723136,0.158720,5.926144
2009,traditional,0.043136,5.657600,0.158720,5.859456
2010,traditional,0.055488,5.708800,0.158720,5.923008
2011,traditional,0.042848,5.772288,0.157696,5.972832
2012,traditional,0.046048,5.804032,0.157696,6.007776
2013,traditional,0.042560,5.844992,0.158720,6.046272
2014,traditional,0.058240,5.929984,0.157696,6.145920
2015,traditional,0.042656,6.013952,0.157696,6.214304
2016,traditional,0.044544,6.056960,0.157696,6.259200
2017,traditional,0.043168,6.113280,0.157696,6.314144
2018,traditional,0.043360,6.209536,0.157696,6.410592
2019,traditional,0.054080,6.240256,0.157696,6.452032
2020,traditional,0.042944,6.322176,0.157696,6.522816
2021,traditional,0.042944,6.370304,0.157696,6.570944
2022,traditional,0.043936,5.895168,0.152576,6.091680
2023,traditional,0.055104,5.938176,0.154624,6.147904
2024,traditional,0.055200,6.103040,0.153600,6.311840
2025,traditional,0.055872,6.035456,0.151552,6.242880
2026,traditional,0.043360,6.169600,0.151552,6.364512
2027,traditional,0.043072,6.220800,0.151552,6.415424
2028,traditional,0.046080,6.299648,0.151552,6.497280
2029,traditional,0.043840,6.425600,0.150528,6.619968
2030,traditional,0.043744,6.475776,0.150528,6.670048
2031,traditional,0.046144,6.567936,0.150528,6.764608
2032,traditional,0.043712,6.693888,0.150528,6.888128
2033,traditional,0.055776,6.717440,0.150528,6.923744
2034,traditional,0.068704,7.648256,0.159744,7.876704
2035,traditional,0.075136,8.601600,0.158720,8.835456
2036,traditional,0.043616,7.108608,0.152576,7.304800
2037,traditional,0.042624,7.380992,0.156672,7.580288
2038,traditional,0.045600,7.947264,0.289792,8.282656
2039,traditional,0.043424,8.054784,0.287744,8.385952
2040,traditional,0.043296,9.307136,0.284672,9.635104
2041,traditional,0.068448,10.462208,0.294912,10.825568
2042,traditional,0.072640,11.423744,0.308224,11.804608
2043,traditional,0.045184,8.487936,0.209920,8.743040
2044,traditional,0.067968,8.845312,0.158720,9.072000
2045,traditional,0.069120,12.928000,0.162816,13.159936
2046,traditional,0.046432,9.915392,0.312320,10.274144
2047,traditional,0.052768,9.034752,0.267264,9.354784
2048,traditional,0.069088,12.296192,0.161792,12.527072
2049,traditional,0.048800,12.622848,0.192512,12.864160
2050,traditional,0.063680,11.280384,0.191488,11.535552
2051,traditional,0.064384,11.413504,0.192512,11.670400
2052,traditional,0.053408,11.785216,0.197632,12.036256
2053,traditional,0.080736,12.056576,0.197632,12.334944
2054,traditional,0.055104,12.150784,0.196608,12.402496
2055,traditional,0.062208,12.391424,0.197632,12.651264
2056,traditional,0.082496,14.502912,0.194560,14.779968
2057,traditional,0.064608,15.254528,0.199680,15.518816
2058,traditional,0.057408,15.890432,0.199680,16.147520
2059,traditional,0.055200,16.256000,0.202752,16.513952
2060,traditional,0.056192,15.994880,0.206848,16.257920
2061,traditional,0.056640,16.832512,0.202752,17.091904
2062,traditional,0.057696,16.795648,0.200704,17.054048
2063,traditional,0.058400,16.854016,0.195584,17.108000
2064,traditional,0.058336,16.629760,0.193536,16.881632
2065,traditional,0.052576,16.739328,0.193536,16.985440
2066,traditional,0.052416,16.754688,0.192512,16.999616
2067,traditional,0.056992,16.721920,0.192512,16.971424
2068,traditional,0.055072,16.785408,0.190464,17.030944
2069,traditional,0.052128,16.645120,0.190464,16.887712
2070,traditional,0.052352,16.659456,0.191488,16.903296
2071,traditional,0.056032,16.667648,0.191488,16.915168
2072,traditional,0.053440,17.408000,0.192512,17.653952
2073,traditional,0.054624,17.466368,0.192512,17.713504
2074,traditional,0.058560,17.401856,0.191488,17.651904
2075,traditional,0.053024,17.496064,0.192512,17.741600
2076,traditional,0.062752,16.645120,0.192512,16.900384
2077,traditional,0.054240,17.272832,0.186368,17.513440
2078,traditional,0.052032,16.910336,0.190464,17.152832
2079,traditional,0.077504,17.238016,0.190464,17.505984
2080,traditional,0.053024,17.281024,0.192512,17.526560
2081,traditional,0.053504,16.615424,0.192512,16.861440
2082,traditional,0.053408,17.288192,0.191488,17.533088
2083,traditional,0.053984,17.306624,0.192512,17.553120
2084,traditional,0.065216,17.364992,0.192512,17.622720
2085,traditional,0.055680,17.350656,0.193536,17.599872
2086,traditional,0.053056,17.893376,0.191488,18.137920
2087,traditional,0.055776,17.808384,0.189440,18.053600
2088,traditional,0.052704,17.724416,0.196608,17.973728
2089,traditional,0.055360,18.103296,0.195584,18.354240
2090,traditional,0.063008,18.369536,0.196608,18.629152
2091,traditional,0.054112,18.192384,0.197632,18.444128
2092,traditional,0.055744,18.265088,0.198656,18.519488
2093,traditional,0.055200,18.403328,0.198656,18.657184
2094,traditional,0.055840,18.293760,0.199680,18.549280
2095,traditional,0.055392,18.266112,0.198656,18.520160
2096,traditional,0.054816,18.147328,0.197632,18.399776
2097,traditional,0.053920,18.010112,0.195584,18.259616
2098,traditional,0.055808,17.330176,0.196608,17.582592
2099,traditional,0.055936,16.778240,0.184320,17.018496
2100,traditional,0.052128,16.446464,0.177152,16.675744
2101,traditional,0.055904,16.083968,0.182272,16.322144
2102,traditional,0.063264,16.591872,0.190464,16.845600
2103,traditional,0.053376,18.011136,0.190464,18.254976
2104,traditional,0.052960,18.432000,0.196608,18.681568
2105,traditional,0.055296,18.397184,0.196608,18.649088
2106,traditional,0.055456,18.516992,0.196608,18.769056
2107,traditional,0.053728,19.028992,0.204800,19.287520
2108,traditional,0.058432,19.416064,0.208896,19.683392
2109,traditional,0.057184,19.488768,0.208896,19.754848
2110,traditional,0.057920,19.726336,0.211968,19.996224
2111,traditional,0.069728,19.659776,0.208896,19.938400
2112,traditional,0.058432,20.348928,0.211968,20.619328
2113,traditional,0.059520,20.283392,0.209920,20.552832
2114,traditional,0.057184,20.164608,0.209920,20.431712
2115,traditional,0.057312,20.175872,0.209920,20.443104
2116,traditional,0.058176,20.157440,0.209920,20.425536
2117,traditional,0.060544,19.683328,0.204800,19.948672
2118,traditional,0.056160,19.396608,0.202752,19.655520
2119,traditional,0.060128,19.202048,0.199680,19.461856
2120,traditional,0.055648,19.088384,0.198656,19.342688
2121,traditional,0.056640,18.705408,0.195584,18.957632
2122,traditional,0.053984,18.570240,0.195584,18.819808
2123,traditional,0.054784,18.623488,0.193536,18.871808
2124,traditional,0.064128,19.026944,0.193536,19.284608
2125,traditional,0.053600,19.126272,0.195584,19.375456
2126,traditional,0.063520,19.042304,0.194560,19.300384
2127,traditional,0.058848,19.477504,0.200704,19.737056
2128,traditional,0.056256,20.008960,0.205824,20.271040
2129,traditional,0.057440,20.104192,0.207872,20.369504
2130,traditional,0.060160,20.303872,0.206848,20.570880
2131,traditional,0.059488,20.258816,0.208896,20.527200
2132,traditional,0.058208,20.259840,0.206848,20.524896
2133,traditional,0.060384,20.287488,0.207872,20.555744
2134,traditional,0.057664,20.154368,0.208896,20.420928
2135,traditional,0.070496,20.202496,0.207872,20.480864
2136,traditional,0.060736,20.171776,0.207872,20.440384
2137,traditional,0.070592,20.322304,0.204800,20.597696
2138,traditional,0.056448,20.214784,0.202752,20.473984
2139,traditional,0.057760,19.952640,0.200704,20.211104
2140,traditional,0.057952,20.030464,0.201728,20.290144
2141,traditional,0.056800,19.836928,0.200704,20.094432
2142,traditional,0.056160,19.704832,0.200704,19.961696
2143,traditional,0.058464,19.805184,0.199680,20.063328
2144,traditional,0.056128,19.712000,0.200704,19.968832
2145,traditional,0.059584,19.812352,0.199680,20.071616
2146,traditional,0.056832,19.579904,0.197632,19.834368
2147,traditional,0.054624,19.515392,0.198656,19.768672
2148,traditional,0.066400,19.775488,0.199680,20.041568
2149,traditional,0.057312,19.987456,0.198656,20.243424
2150,traditional,0.059712,20.114432,0.201728,20.375872
2151,traditional,0.057152,20.144128,0.200704,20.401984
2152,traditional,0.062784,19.988480,0.200704,20.251968
2153,traditional,0.057760,20.124672,0.199680,20.382112
2154,traditional,0.056864,19.902464,0.198656,20.157984
2155,traditional,0.060192,20.096000,0.200704,20.356896
2156,traditional,0.057184,20.079616,0.200704,20.337504
2157,traditional,0.057024,20.013056,0.200704,20.270784
2158,traditional,0.057216,20.969472,0.207872,21.234560
2159,traditional,0.059360,21.149696,0.211968,21.421024
2160,traditional,0.067840,21.565440,0.214016,21.847296
2161,traditional,0.065568,21.702656,0.214016,21.982240
2162,traditional,0.062112,21.637120,0.212992,21.912224
2163,traditional,0.060416,21.697536,0.214016,21.971968
2164,traditional,0.063040,21.511168,0.211968,21.786176
2165,traditional,0.063584,21.570560,0.211968,21.846112
2166,traditional,0.059200,21.753856,0.212992,22.026048
2167,traditional,0.059296,18.532352,0.177152,18.768800
2168,traditional,0.055744,20.433920,0.176128,20.665792
2169,traditional,0.054720,22.086656,0.334848,22.476224
2170,traditional,0.081280,20.871168,0.331776,21.284224
2171,traditional,0.079904,25.817088,0.175104,26.072096
2172,traditional,0.054816,22.888448,0.333824,23.277088
2173,traditional,0.082304,23.194624,0.173056,23.449984
2174,traditional,0.050496,24.530944,0.333824,24.915264
2175,traditional,0.079456,27.207680,0.219136,27.506272
2176,traditional,0.060544,22.875136,0.227328,23.163008
2177,traditional,0.061376,23.556096,0.226304,23.843776
2178,traditional,0.061440,23.351296,0.225280,23.638016
2179,traditional,0.063552,23.213056,0.223232,23.499840
2180,traditional,0.064064,22.975488,0.224256,23.263808
2181,traditional,0.073184,23.419904,0.228352,23.721440
2182,traditional,0.064608,23.800832,0.226304,24.091744
2183,traditional,0.063168,23.877632,0.228352,24.169152
2184,traditional,0.067392,24.038400,0.228352,24.334144
2185,traditional,0.067712,19.601408,0.179200,19.848320
2186,traditional,0.054944,18.464768,0.175104,18.694816
2187,traditional,0.057248,20.422656,0.169984,20.649888
2188,traditional,0.051776,23.089152,0.171008,23.311936
2189,traditional,0.055392,23.673856,0.172032,23.901280
2190,traditional,0.062624,22.905856,0.330752,23.299232
2191,traditional,0.081888,23.925760,0.172032,24.179680
2192,traditional,0.051360,25.071616,0.331776,25.454752
2193,traditional,0.099552,26.301440,0.218112,26.619104
2194,traditional,0.062496,23.079936,0.226304,23.368736
2195,traditional,0.075616,23.567360,0.225280,23.868256
2196,traditional,0.066272,23.695360,0.227328,23.988960
2197,traditional,0.064800,23.510016,0.225280,23.800096
2198,traditional,0.063584,23.347200,0.221184,23.631968
2199,traditional,0.065440,23.115776,0.221184,23.402400
2200,traditional,0.063008,23.202816,0.223232,23.489056
2201,traditional,0.063840,23.680000,0.227328,23.971168
2202,traditional,0.063936,20.647936,0.178176,20.890048
2203,traditional,0.052448,18.353152,0.173056,18.578656
2204,traditional,0.054528,21.457920,0.308224,21.820672
2205,traditional,0.080608,24.480768,0.163840,24.725216
2206,traditional,0.051008,22.950912,0.162816,23.164736
2207,traditional,0.056032,26.335232,0.163840,26.555104
2208,traditional,0.052288,23.072768,0.166912,23.291968
2209,traditional,0.058656,25.849856,0.310272,26.218784
2210,traditional,0.080832,23.067648,0.212992,23.361472
2211,traditional,0.078048,26.287104,0.226304,26.591456
2212,traditional,0.062816,23.746560,0.223232,24.032608
2213,traditional,0.063648,23.717888,0.214016,23.995552
2214,traditional,0.064672,23.450624,0.211968,23.727264
2215,traditional,0.063456,23.403520,0.210944,23.677920
2216,traditional,0.063008,23.470080,0.211968,23.745056
2217,traditional,0.064256,23.481344,0.214016,23.759616
2218,traditional,0.066336,23.787520,0.212992,24.066848
2219,traditional,0.064192,23.627776,0.210944,23.902912
2220,traditional,0.062912,19.418112,0.165888,19.646912
2221,traditional,0.050592,17.969152,0.163840,18.183584
2222,traditional,0.051648,23.426048,0.164864,23.642560
2223,traditional,0.054688,24.192000,0.313344,24.560032
2224,traditional,0.087360,21.999616,0.165888,22.252864
2225,traditional,0.053536,23.757824,0.175104,23.986464
2226,traditional,0.050848,25.921536,0.270336,26.242720
2227,traditional,0.053920,22.196224,0.336896,22.587040
2228,traditional,0.077888,25.428992,0.212992,25.719872
2229,traditional,0.058400,22.166528,0.210944,22.435872
2230,traditional,0.057088,22.526976,0.219136,22.803200
2231,traditional,0.058528,22.710272,0.217088,22.985888
2232,traditional,0.058656,22.417408,0.215040,22.691104
2233,traditional,0.061920,22.272000,0.212992,22.546912
2234,traditional,0.057056,22.259712,0.212992,22.529760
2235,traditional,0.057472,22.310912,0.212992,22.581376
2236,traditional,0.061120,22.234112,0.214016,22.509248
2237,traditional,0.057888,22.074368,0.208896,22.341152
2238,traditional,0.057792,21.897216,0.207872,22.162880
2239,traditional,0.060384,21.511168,0.204800,21.776352
2240,traditional,0.055712,21.329920,0.202752,21.588384
2241,traditional,0.056928,21.198848,0.202752,21.458528
2242,traditional,0.056032,21.275648,0.203776,21.535456
2243,traditional,0.056064,21.291008,0.202752,21.549824
2244,traditional,0.057824,21.212160,0.203776,21.473760
2245,traditional,0.064832,21.295104,0.203776,21.563712
2246,traditional,0.058080,21.194752,0.198656,21.451488
2247,traditional,0.061632,20.711424,0.195584,20.968640
2248,traditional,0.054208,20.511744,0.184320,20.750272
2249,traditional,0.054592,20.104192,0.181248,20.340032
2250,traditional,0.054432,19.830784,0.180224,20.065440
2251,traditional,0.060096,22.270976,0.180224,22.511296
2252,traditional,0.053440,19.794944,0.181248,20.029632
2253,traditional,0.053984,20.113408,0.184320,20.351712
2254,traditional,0.054976,22.489088,0.182272,22.726336
2255,traditional,0.053472,19.924992,0.182272,20.160736
2256,traditional,0.053120,22.336512,0.180224,22.569856
2257,traditional,0.054400,22.681600,0.210944,22.946944
2258,traditional,0.060640,23.192576,0.212992,23.466208
2259,traditional,0.060736,23.522304,0.224256,23.807296
2260,traditional,0.061536,23.548928,0.215040,23.825504
2261,traditional,0.062624,23.710720,0.216064,23.989408
2262,traditional,0.061024,23.772160,0.214016,24.047200
2263,traditional,0.066240,23.399424,0.211968,23.677632
2264,traditional,0.061504,23.168000,0.215040,23.444544
2265,traditional,0.060960,21.671936,0.171008,21.903904
2266,traditional,0.051520,18.487296,0.165888,18.704704
2267,traditional,0.051488,23.104512,0.165888,23.321888
2268,traditional,0.052032,22.651904,0.316416,23.020352
2269,traditional,0.077568,23.682048,0.163840,23.923456
2270,traditional,0.054400,23.672832,0.311296,24.038528
2271,traditional,0.080736,25.467904,0.175104,25.723744
2272,traditional,0.054432,23.387136,0.333824,23.775392
2273,traditional,0.084192,27.100160,0.336896,27.521248
2274,traditional,0.077408,24.159232,0.229376,24.466016
2275,traditional,0.061024,23.783424,0.227328,24.071776
2276,traditional,0.064000,23.581696,0.226304,23.872000
2277,traditional,0.072544,23.988224,0.232448,24.293216
2278,traditional,0.062400,23.925760,0.230400,24.218560
2279,traditional,0.062048,23.496704,0.227328,23.786080
2280,traditional,0.060704,23.647232,0.226304,23.934240
2281,traditional,0.060064,23.512064,0.231424,23.803552
2282,traditional,0.060416,20.559872,0.182272,20.802560
2283,traditional,0.051808,18.405376,0.181248,18.638432
2284,traditional,0.052288,22.189056,0.342016,22.583360
2285,traditional,0.077568,24.329216,0.176128,24.582912
2286,traditional,0.050944,24.527872,0.339968,24.918784
2287,traditional,0.079456,25.056256,0.179200,25.314912
2288,traditional,0.051072,24.978432,0.342016,25.371520
2289,traditional,0.077600,26.046464,0.346112,26.470176
2290,traditional,0.077856,23.439360,0.176128,23.693344
2291,traditional,0.051136,27.302912,0.218112,27.572160
2292,traditional,0.058656,22.632448,0.230400,22.921504
2293,traditional,0.066464,22.900736,0.229376,23.196576
2294,traditional,0.060960,22.737920,0.224256,23.023136
2295,traditional,0.062976,22.423552,0.224256,22.710784
2296,traditional,0.059648,22.490112,0.224256,22.774016
2297,traditional,0.069504,22.346752,0.224256,22.640512
2298,traditional,0.059648,22.395904,0.226304,22.681856
2299,traditional,0.059200,22.489088,0.228352,22.776640
2300,traditional,0.059776,19.577856,0.183296,19.820928
2301,traditional,0.053632,20.509696,0.181248,20.744576
2302,traditional,0.050112,24.860672,0.348160,25.258944
2303,traditional,0.082272,23.217152,0.182272,23.481696
2304,traditional,0.059104,24.678400,0.349184,25.086688
2305,traditional,0.077440,24.194048,0.183296,24.454784
2306,traditional,0.049632,24.474624,0.355328,24.879584
2307,traditional,0.077728,24.598528,0.181248,24.857504
2308,traditional,0.049472,27.217920,0.249856,27.517248
2309,traditional,0.062496,25.832448,0.274432,26.169376
2310,traditional,0.068544,25.910272,0.259072,26.237888
2311,traditional,0.064480,25.181184,0.257024,25.502688
2312,traditional,0.064928,25.119744,0.258048,25.442720
2313,traditional,0.067040,25.116672,0.258048,25.441760
2314,traditional,0.064000,25.010176,0.258048,25.332224
2315,traditional,0.076544,24.867840,0.256000,25.200384
2316,traditional,0.063232,21.256192,0.193536,21.512960
2317,traditional,0.052160,18.269184,0.186368,18.507712
2318,traditional,0.052992,17.921024,0.186368,18.160384
2319,traditional,0.050560,19.672064,0.186368,19.908992
2320,traditional,0.050048,20.384768,0.182272,20.617088
2321,traditional,0.052960,24.403968,0.355328,24.812256
2322,traditional,0.076128,21.018624,0.354304,21.449056
2323,traditional,0.077728,25.109504,0.183296,25.370528
2324,traditional,0.049984,22.504448,0.182272,22.736704
2325,traditional,0.053120,25.230336,0.359424,25.642880
2326,traditional,0.077344,24.035328,0.253952,24.366624
2327,traditional,0.062848,24.651776,0.260096,24.974720
2328,traditional,0.075744,24.261632,0.249856,24.587232
2329,traditional,0.072608,23.873536,0.251904,24.198048
2330,traditional,0.063104,24.135680,0.251904,24.450688
2331,traditional,0.066080,24.129536,0.253952,24.449568
2332,traditional,0.062816,24.203264,0.248832,24.514912
2333,traditional,0.061248,23.658496,0.246784,23.966528
2334,traditional,0.061760,23.392256,0.246784,23.700800
2335,traditional,0.064128,20.925440,0.191488,21.181056
2336,traditional,0.051328,17.829888,0.185344,18.066560
2337,traditional,0.049920,18.141184,0.352256,18.543360
2338,traditional,0.077632,20.148224,0.181248,20.407104
2339,traditional,0.048928,23.866368,0.355328,24.270624
2340,traditional,0.108384,22.952960,0.185344,23.246688
2341,traditional,0.051552,22.884352,0.356352,23.292256
2342,traditional,0.077984,22.538240,0.184320,22.800544
2343,traditional,0.050624,26.328064,0.229376,26.608064
2344,traditional,0.060352,22.236160,0.241664,22.538176
2345,traditional,0.060704,22.431744,0.236544,22.728992
2346,traditional,0.070432,22.044672,0.235520,22.350624
2347,traditional,0.059872,21.954560,0.232448,22.246880
2348,traditional,0.059872,21.884928,0.232448,22.177248
2349,traditional,0.060160,21.998592,0.232448,22.291200
2350,traditional,0.060064,21.846016,0.232448,22.138528
2351,traditional,0.059552,22.012928,0.231424,22.303904
2352,traditional,0.059936,19.712000,0.187392,19.959328
2353,traditional,0.052544,17.506304,0.185344,17.744192
2354,traditional,0.049792,21.977088,0.351232,22.378112
2355,traditional,0.077120,23.064576,0.183296,23.324992
2356,traditional,0.061472,21.785600,0.349184,22.196256
2357,traditional,0.089024,23.432192,0.349184,23.870400
2358,traditional,0.077408,24.002560,0.357376,24.437344
2359,traditional,0.078016,23.562240,0.182272,23.822528
2360,traditional,0.272224,21.874688,0.182272,22.329184
2361,traditional,0.061632,24.623104,0.354304,25.039040
2362,traditional,0.078912,23.236608,0.228352,23.543872
2363,traditional,0.057952,21.800960,0.232448,22.091360
2364,traditional,0.058560,21.991424,0.229376,22.279360
2365,traditional,0.059168,21.710848,0.228352,21.998368
2366,traditional,0.058144,21.778432,0.231424,22.068000
2367,traditional,0.059392,21.534720,0.229376,21.823488
2368,traditional,0.060128,21.471232,0.228352,21.759712
2369,traditional,0.059616,21.574656,0.231424,21.865696
2370,traditional,0.060448,21.635072,0.231424,21.926944
2371,traditional,0.059264,21.791744,0.230400,22.081408
2372,traditional,0.059392,20.028416,0.186368,20.274176
2373,traditional,0.053856,17.384448,0.185344,17.623648
2374,traditional,0.052256,20.348928,0.186368,20.587552
2375,traditional,0.059680,22.681600,0.186368,22.927648
2376,traditional,0.050016,22.711296,0.356352,23.117664
2377,traditional,0.062752,20.594688,0.351232,21.008672
2378,traditional,0.077408,23.750656,0.348160,24.176224
2379,traditional,0.080608,22.061056,0.182272,22.323936
2380,traditional,0.049664,24.113152,0.232448,24.395264
2381,traditional,0.058912,22.305792,0.241664,22.606368
2382,traditional,0.060224,22.425600,0.237568,22.723392
2383,traditional,0.060320,22.137856,0.235520,22.433696
2384,traditional,0.064064,22.293504,0.235520,22.593088
2385,traditional,0.070464,22.263808,0.235520,22.569792
2386,traditional,0.059840,22.223872,0.232448,22.516160
2387,traditional,0.060960,22.028288,0.232448,22.321696
2388,traditional,0.069248,22.277120,0.236544,22.582912
2389,traditional,0.060000,19.000320,0.185344,19.245664
2390,traditional,0.049216,16.876544,0.181248,17.107008
2391,traditional,0.051328,21.956608,0.203776,22.211712
2392,traditional,0.052480,20.069376,0.349184,20.471040
2393,traditional,0.076640,23.656448,0.344064,24.077152
2394,traditional,0.073664,23.341056,0.349184,23.763904
2395,traditional,0.095648,22.598656,0.180224,22.874528
2396,traditional,0.052096,21.389312,0.178176,21.619584
2397,traditional,0.049856,23.921664,0.182272,24.153792
2398,traditional,0.049856,21.456896,0.181248,21.688000
2399,traditional,0.051296,23.908352,0.229376,24.189024
2400,traditional,0.057632,20.117504,0.234496,20.409632
2401,traditional,0.060096,18.376704,0.231424,18.668224
2402,traditional,0.060640,17.915904,0.230400,18.206944
2403,traditional,0.058752,17.626112,0.229376,17.914240
2404,traditional,0.062432,16.794624,0.229376,17.086432
2405,traditional,0.058976,17.234944,0.227328,17.521248
2406,traditional,0.057408,17.064960,0.229376,17.351744
2407,traditional,0.058432,16.991232,0.229376,17.279040
2408,traditional,0.057312,16.804864,0.230400,17.092576
2409,traditional,0.057696,16.709632,0.230400,16.997728
2410,traditional,0.058688,14.316544,0.184320,14.559552
2411,traditional,0.049440,13.102080,0.180224,13.331744
2412,traditional,0.067072,14.545920,0.180224,14.793216
2413,traditional,0.048288,15.396864,0.179200,15.624352
2414,traditional,0.049280,17.046528,0.346112,17.441920
2415,traditional,0.073376,11.297792,0.344064,11.715232
2416,traditional,0.074592,14.415872,0.179200,14.669664
2417,traditional,0.048608,13.330432,0.344064,13.723104
2418,traditional,0.079264,15.113216,0.179200,15.371680
2419,traditional,0.049088,12.315648,0.344064,12.708800
2420,traditional,0.078784,14.468096,0.344064,14.890944
2421,traditional,0.059008,11.422720,0.344064,11.825792
2422,traditional,0.087552,14.427136,0.342016,14.856704
2423,traditional,0.077728,14.960640,0.342016,15.380384
2424,traditional,0.072544,13.642752,0.227328,13.942624
2425,traditional,0.082016,12.490752,0.232448,12.805216
2426,traditional,0.060768,12.424192,0.225280,12.710240
2427,traditional,0.056608,11.797504,0.211968,12.066080
2428,traditional,0.054816,11.451392,0.212992,11.719200
2429,traditional,0.052992,11.041792,0.204800,11.299584
2430,traditional,0.056160,10.969088,0.204800,11.230048
2431,traditional,0.074208,9.219072,0.202752,9.496032
2432,traditional,0.050656,8.347648,0.183296,8.581600
2433,traditional,0.049408,8.338432,0.184320,8.572160
2434,traditional,0.050112,8.343552,0.184320,8.577984
2435,traditional,0.050304,8.140800,0.167936,8.359040
2436,traditional,0.045024,7.258112,0.159744,7.462880
2437,traditional,0.058240,7.233536,0.159744,7.451520
2438,traditional,0.056608,7.314432,0.159744,7.530784
2439,traditional,0.045600,7.348224,0.159744,7.553568
2440,traditional,0.056832,7.410688,0.164864,7.632384
2441,traditional,0.046944,7.584768,0.165888,7.797600
2442,traditional,0.048224,7.665664,0.165888,7.879776
2443,traditional,0.059488,7.623680,0.165888,7.849056
2444,traditional,0.044704,7.925760,0.314368,8.284832
2445,traditional,0.049792,7.458816,0.161792,7.670400
2446,traditional,0.067744,8.581120,0.310272,8.959136
2447,traditional,0.077152,7.913472,0.311296,8.301920
2448,traditional,0.048032,6.580224,0.184320,6.812576
2449,traditional,0.078432,8.131584,0.200704,8.410720
2450,traditional,0.051008,7.956480,0.195584,8.203072
2451,traditional,0.049856,7.910400,0.195584,8.155840
2452,traditional,0.062112,7.797760,0.189440,8.049312
2453,traditional,0.063616,7.790592,0.187392,8.041600
2454,traditional,0.049376,7.795712,0.187392,8.032480
2455,traditional,0.047360,7.510016,0.181248,7.738624
2456,traditional,0.059648,7.521280,0.182272,7.763200
2457,traditional,0.047360,7.428096,0.178176,7.653632
2458,traditional,0.047552,7.399424,0.177152,7.624128
2459,traditional,0.049344,7.981056,0.189440,8.219840
2460,traditional,0.059552,7.812096,0.174080,8.045728
2461,traditional,0.046752,7.391232,0.174080,7.612064
2462,traditional,0.046208,7.462912,0.174080,7.683200
2463,traditional,0.050176,7.511040,0.174080,7.735296
2464,traditional,0.045696,6.422528,0.175104,6.643328
2465,traditional,0.045696,6.471680,0.175104,6.692480
2466,traditional,0.044608,6.362112,0.172032,6.578752
2467,traditional,0.046112,6.367232,0.169984,6.583328
2468,traditional,0.044736,6.452224,0.171008,6.667968
2469,traditional,0.042624,6.196224,0.162816,6.401664
2470,traditional,0.055424,6.288384,0.162816,6.506624
2471,traditional,0.046752,6.476800,0.167936,6.691488
2472,traditional,0.044000,6.558720,0.166912,6.769632
2473,traditional,0.043552,6.576128,0.167936,6.787616
2474,traditional,0.061312,6.563840,0.165888,6.791040
2475,traditional,0.054400,6.599680,0.166912,6.820992
2476,traditional,0.042176,6.842368,0.174080,7.058624
2477,traditional,0.053952,6.968320,0.175104,7.197376
2478,traditional,0.047680,6.953984,0.175104,7.176768
2479,traditional,0.056800,6.971392,0.174080,7.202272
2480,traditional,0.043136,6.673408,0.165888,6.882432
2481,traditional,0.044032,6.810624,0.166912,7.021568
2482,traditional,0.043264,6.822912,0.166912,7.033088
2483,traditional,0.056224,5.939200,0.167936,6.163360
2484,traditional,0.047584,6.007808,0.167936,6.223328
2485,traditional,0.044064,6.035456,0.168960,6.248480
2486,traditional,0.044992,5.896192,0.159744,6.100928
2487,traditional,0.042400,5.758976,0.159744,5.961120
2488,traditional,0.043264,5.859328,0.160768,6.063360
2489,traditional,0.045056,5.822464,0.158720,6.026240
2490,traditional,0.045248,5.902336,0.166912,6.114496
2491,traditional,0.061248,6.235136,0.167936,6.464320
2492,traditional,0.044192,6.287360,0.166912,6.498464
2493,traditional,0.043328,6.340608,0.167936,6.551872
2494,traditional,0.049344,6.385664,0.167936,6.602944
2495,traditional,0.049344,6.152192,0.159744,6.361280
2496,traditional,0.056128,6.501376,0.167936,6.725440
2497,traditional,0.054400,6.537216,0.167936,6.759552
2498,traditional,0.056512,6.305792,0.160768,6.523072
2499,traditional,0.044544,6.273024,0.160768,6.478336
2500,traditional,0.048032,5.486592,0.157696,5.692320
2501,traditional,0.055232,5.498880,0.156672,5.710784
2502,traditional,0.066144,5.897216,0.156672,6.120032
2503,traditional,0.048416,5.601280,0.156672,5.806368
2504,traditional,0.056000,5.665792,0.156672,5.878464
2505,traditional,0.064320,6.508544,0.156672,6.729536
2506,traditional,0.058400,5.742592,0.155648,5.956640
2507,traditional,0.069888,7.201792,0.169984,7.441664
2508,traditional,0.045888,6.249472,0.165888,6.461248
2509,traditional,0.044896,6.251520,0.165888,6.462304
2510,traditional,0.044480,6.060032,0.158720,6.263232
2511,traditional,0.057504,6.220800,0.303104,6.581408
2512,traditional,0.055392,6.187008,0.157696,6.400096
2513,traditional,0.074080,7.343104,0.297984,7.715168
2514,traditional,0.052864,6.253568,0.155648,6.462080
2515,traditional,0.066304,8.441856,0.304128,8.812288
2516,traditional,0.070336,6.874112,0.167936,7.112384
2517,traditional,0.045568,6.918144,0.164864,7.128576
2518,traditional,0.052096,6.933504,0.163840,7.149440
2519,traditional,0.067200,6.982656,0.155648,7.205504
2520,traditional,0.067680,7.820288,0.150528,8.038496
2521,traditional,0.069216,9.177088,0.308224,9.554528
2522,traditional,0.081408,8.524800,0.307200,8.913408
2523,traditional,0.045280,6.862848,0.159744,7.067872
2524,traditional,0.056544,6.966272,0.159744,7.182560
2525,traditional,0.043904,7.027712,0.158720,7.230336
2526,traditional,0.046080,7.075840,0.157696,7.279616
2527,traditional,0.057760,7.113728,0.156672,7.328160
2528,traditional,0.048288,8.370176,0.290816,8.709280
2529,traditional,0.049568,7.115776,0.151552,7.316896
2530,traditional,0.044960,7.109632,0.151552,7.306144
2531,traditional,0.049888,7.180288,0.150528,7.380704
2532,traditional,0.043520,7.246848,0.149504,7.439872
2533,traditional,0.076128,10.423296,0.285696,10.785120
2534,traditional,0.065440,14.750720,0.284672,15.100832
2535,traditional,0.065664,11.492352,0.285696,11.843712
2536,traditional,0.073696,13.206528,0.164864,13.445088
2537,traditional,0.065728,14.326784,0.327680,14.720192
2538,traditional,0.078880,12.059648,0.397312,12.535840
2539,traditional,0.058080,11.987968,0.201728,12.247776
2540,traditional,0.080192,11.971584,0.201728,12.253504
2541,traditional,0.053600,12.297216,0.207872,12.558688
2542,traditional,0.056832,13.454336,0.206848,13.718016
2543,traditional,0.054848,13.588480,0.207872,13.851200
2544,traditional,0.062688,13.734912,0.207872,14.005472
2545,traditional,0.058336,13.992960,0.207872,14.259168
2546,traditional,0.068576,13.345792,0.204800,13.619168
2547,traditional,0.057600,14.264320,0.205824,14.527744
2548,traditional,0.054464,14.442496,0.207872,14.704832
2549,traditional,0.055744,14.727168,0.207872,14.990784
2550,traditional,0.055200,14.839808,0.206848,15.101856
2551,traditional,0.055232,14.892032,0.205824,15.153088
2552,traditional,0.059904,14.234624,0.202752,14.497280
2553,traditional,0.054080,14.938112,0.197632,15.189824
2554,traditional,0.057472,17.161216,0.196608,17.415296
2555,traditional,0.056512,17.209344,0.196608,17.462464
2556,traditional,0.058880,17.593344,0.199680,17.851904
2557,traditional,0.055488,17.772544,0.200704,18.028736
2558,traditional,0.066208,17.618944,0.199680,17.884832
2559,traditional,0.055232,17.629184,0.200704,17.885120
2560,traditional,0.056352,17.841152,0.201728,18.099232
2561,traditional,0.065696,16.972800,0.200704,17.239200
2562,traditional,0.054592,17.329152,0.192512,17.576256
2563,traditional,0.052864,17.005568,0.191488,17.249920
2564,traditional,0.053440,16.841728,0.188416,17.083584
2565,traditional,0.052704,16.733184,0.188416,16.974304
2566,traditional,0.054848,15.872000,0.187392,16.114240
2567,traditional,0.051488,15.782912,0.182272,16.016672
2568,traditional,0.064032,16.831488,0.182272,17.077792
2569,traditional,0.054912,17.241088,0.189440,17.485440
2570,traditional,0.053696,17.355776,0.189440,17.598912
2571,traditional,0.053600,17.307648,0.189440,17.550688
2572,traditional,0.055456,17.424384,0.189440,17.669280
2573,traditional,0.064000,17.345536,0.188416,17.597952
2574,traditional,0.052960,18.398208,0.363520,18.814688
2575,traditional,0.084160,18.495488,0.219136,18.798784
2576,traditional,0.061600,19.923968,0.219136,20.204704
2577,traditional,0.062432,20.368384,0.222208,20.653024
2578,traditional,0.060192,20.320256,0.221184,20.601632
2579,traditional,0.067360,20.101120,0.221184,20.389664
2580,traditional,0.058944,20.244480,0.223232,20.526656
2581,traditional,0.061696,20.265984,0.224256,20.551936
2582,traditional,0.064064,21.129216,0.225280,21.418560
2583,traditional,0.062112,21.134336,0.225280,21.421728
2584,traditional,0.072800,20.952064,0.224256,21.249120
2585,traditional,0.069920,18.505728,0.177152,18.752800
2586,traditional,0.052512,16.450560,0.172032,16.675104
2587,traditional,0.054528,16.538624,0.330752,16.923904
2588,traditional,0.082656,19.445760,0.167936,19.696352
2589,traditional,0.050688,20.613120,0.169984,20.833792
2590,traditional,0.049152,21.065728,0.171008,21.285888
2591,traditional,0.053504,22.119424,0.329728,22.502656
2592,traditional,0.080320,21.948416,0.329728,22.358464
2593,traditional,0.078592,21.132288,0.329728,21.540608
2594,traditional,0.079008,23.426048,0.327680,23.832736
2595,traditional,0.077280,22.772736,0.220160,23.070176
2596,traditional,0.061344,21.363712,0.225280,21.650336
2597,traditional,0.061600,21.337088,0.222208,21.620896
2598,traditional,0.061216,21.139456,0.221184,21.421856
2599,traditional,0.059904,21.071872,0.223232,21.355008
2600,traditional,0.061120,21.256192,0.222208,21.539520
2601,traditional,0.060128,20.889600,0.221184,21.170912
2602,traditional,0.060032,21.023744,0.224256,21.308032
2603,traditional,0.060064,21.155840,0.224256,21.440160
2604,traditional,0.060448,18.291712,0.178176,18.530336
2605,traditional,0.053152,17.108992,0.174080,17.336224
2606,traditional,0.051328,18.459648,0.168960,18.679936
2607,traditional,0.049024,19.902464,0.326656,20.278144
2608,traditional,0.076352,23.182336,0.328704,23.587392
2609,traditional,0.077088,21.686272,0.173056,21.936416
2610,traditional,0.051648,21.614592,0.172032,21.838272
2611,traditional,0.050592,24.228864,0.173056,24.452512
2612,traditional,0.050304,23.467008,0.312320,23.829632
2613,traditional,0.078848,24.146944,0.331776,24.557568
2614,traditional,0.077184,23.375872,0.329728,23.782784
2615,traditional,0.082624,23.555072,0.231424,23.869120
2616,traditional,0.062912,22.181888,0.231424,22.476224
2617,traditional,0.061984,22.544384,0.227328,22.833696
2618,traditional,0.061184,22.386688,0.227328,22.675200
2619,traditional,0.063328,22.338560,0.227328,22.629216
2620,traditional,0.060704,22.286336,0.226304,22.573344
2621,traditional,0.060768,22.444032,0.229376,22.734176
2622,traditional,0.061184,22.285312,0.228352,22.574848
2623,traditional,0.071712,19.201024,0.179200,19.451936
2624,traditional,0.050304,17.284096,0.174080,17.508480
2625,traditional,0.049728,19.336192,0.171008,19.556928
2626,traditional,0.051616,23.307264,0.327680,23.686560
2627,traditional,0.087136,22.910976,0.172032,23.170144
2628,traditional,0.053280,22.203392,0.173056,22.429728
2629,traditional,0.061152,24.453120,0.330752,24.845024
2630,traditional,0.077696,23.592960,0.332800,24.003456
2631,traditional,0.078208,24.530944,0.334848,24.944000
2632,traditional,0.079488,23.038976,0.208896,23.327360
2633,traditional,0.058016,21.274624,0.218112,21.550752
2634,traditional,0.062560,21.587968,0.215040,21.865568
2635,traditional,0.059104,21.287936,0.216064,21.563104
2636,traditional,0.058880,21.383168,0.214016,21.656064
2637,traditional,0.059136,21.313536,0.216064,21.588736
2638,traditional,0.061888,21.470208,0.205824,21.737920
2639,traditional,0.061312,21.758976,0.205824,22.026112
2640,traditional,0.060064,21.862400,0.208896,22.131360
2641,traditional,0.061504,21.781504,0.205824,22.048832
2642,traditional,0.061664,21.798912,0.204800,22.065376
2643,traditional,0.059648,20.071424,0.183296,20.314368
2644,traditional,0.054240,19.059712,0.180224,19.294176
2645,traditional,0.055136,18.013184,0.163840,18.232160
2646,traditional,0.050592,16.524288,0.161792,16.736672
2647,traditional,0.082976,20.672512,0.176128,20.931616
2648,traditional,0.057344,21.170176,0.178176,21.405696
2649,traditional,0.055648,21.474304,0.180224,21.710176
2650,traditional,0.054592,21.046272,0.339968,21.440832
2651,traditional,0.095040,20.793344,0.196608,21.084992
2652,traditional,0.059488,21.024768,0.194560,21.278816
2653,traditional,0.058208,21.337088,0.198656,21.593952
2654,traditional,0.059488,21.392384,0.199680,21.651552
2655,traditional,0.062144,21.578752,0.199680,21.840576
2656,traditional,0.059744,21.593088,0.199680,21.852512
2657,traditional,0.058880,21.502976,0.198656,21.760512
2658,traditional,0.059776,21.385216,0.198656,21.643648
2659,traditional,0.058944,21.454848,0.199680,21.713472
2660,traditional,0.059424,21.648384,0.196608,21.904416
2661,traditional,0.056352,21.086208,0.204800,21.347360
2662,traditional,0.059168,20.880384,0.201728,21.141280
2663,traditional,0.056160,20.642816,0.199680,20.898656
2664,traditional,0.056224,20.538368,0.198656,20.793248
2665,traditional,0.056224,20.491264,0.196608,20.744096
2666,traditional,0.054528,20.320256,0.195584,20.570368
2667,traditional,0.059456,20.395008,0.197632,20.652096
2668,traditional,0.072928,20.538368,0.196608,20.807904
2669,traditional,0.062720,20.597760,0.197632,20.858112
2670,traditional,0.054784,21.301248,0.206848,21.562880
2671,traditional,0.060896,21.627904,0.206848,21.895648
2672,traditional,0.059488,21.657600,0.208896,21.925984
2673,traditional,0.057408,21.906432,0.209920,22.173760
2674,traditional,0.059136,21.807104,0.208896,22.075136
2675,traditional,0.056736,21.968896,0.210944,22.236576
2676,traditional,0.057472,21.956608,0.208896,22.222976
2677,traditional,0.070336,21.767168,0.208896,22.046400
2678,traditional,0.057344,21.846016,0.208896,22.112256
2679,traditional,0.058496,21.364736,0.200704,21.623936
2680,traditional,0.056000,21.009408,0.199680,21.265088
2681,traditional,0.055296,20.858880,0.198656,21.112832
2682,traditional,0.055104,20.595712,0.197632,20.848448
2683,traditional,0.055296,20.785152,0.197632,21.038080
2684,traditional,0.073120,19.949568,0.197632,20.220320
2685,traditional,0.066624,20.557824,0.190464,20.814912
2686,traditional,0.055904,20.521984,0.187392,20.765280
2687,traditional,0.067264,20.627456,0.188416,20.883136
2688,traditional,0.054848,20.848640,0.194560,21.098048
2689,traditional,0.057728,21.744640,0.199680,22.002048
2690,traditional,0.060640,21.837824,0.197632,22.096096
2691,traditional,0.058368,21.796864,0.197632,22.052864
2692,traditional,0.059200,21.817344,0.198656,22.075200
2693,traditional,0.056992,21.680128,0.198656,21.935776
2694,traditional,0.057088,21.745664,0.198656,22.001408
2695,traditional,0.059584,21.741568,0.197632,21.998784
2696,traditional,0.058336,21.880832,0.199680,22.138848
2697,traditional,0.057376,21.796864,0.197632,22.051872
2698,traditional,0.068160,21.969920,0.197632,22.235712
2699,traditional,0.057760,21.962752,0.199680,22.220192
2700,traditional,0.056896,21.785600,0.198656,22.041152
2701,traditional,0.059104,21.837824,0.199680,22.096608
2702,traditional,0.063072,21.904384,0.198656,22.166112
2703,traditional,0.057120,21.736448,0.198656,21.992224
2704,traditional,0.057952,21.838848,0.197632,22.094432
2705,traditional,0.057184,21.872640,0.198656,22.128480
2706,traditional,0.082336,21.821440,0.198656,22.102432
2707,traditional,0.058176,21.571584,0.193536,21.823296
2708,traditional,0.068896,21.242880,0.193536,21.505312
2709,traditional,0.059424,20.990976,0.192512,21.242912
2710,traditional,0.055104,20.851712,0.190464,21.097280
2711,traditional,0.055072,20.732928,0.190464,20.978464
2712,traditional,0.055680,20.752384,0.190464,20.998528
2713,traditional,0.054496,20.820992,0.190464,21.065952
2714,traditional,0.055520,20.940800,0.189440,21.185760
2715,traditional,0.055520,20.674560,0.189440,20.919520
2716,traditional,0.055872,20.529152,0.198656,20.783680
2717,traditional,0.064096,23.857152,0.223232,24.144480
2718,traditional,0.063072,24.497152,0.223232,24.783456
2719,traditional,0.063584,24.558592,0.226304,24.848480
2720,traditional,0.063360,24.886272,0.225280,25.174912
2721,traditional,0.067072,24.600576,0.222208,24.889856
2722,traditional,0.062112,24.344576,0.222208,24.628896
2723,traditional,0.062592,24.402944,0.221184,24.686720
2724,traditional,0.063168,24.378368,0.221184,24.662720
2725,traditional,0.064160,24.439808,0.222208,24.726176
2726,traditional,0.063168,19.331072,0.165888,19.560128
2727,traditional,0.057088,17.533952,0.165888,17.756928
2728,traditional,0.063520,22.872064,0.308224,23.243808
2729,traditional,0.077856,24.616960,0.164864,24.859680
2730,traditional,0.049248,22.868992,0.163840,23.082080
2731,traditional,0.050816,26.461184,0.165888,26.677888
2732,traditional,0.054208,23.228416,0.165888,23.448512
2733,traditional,0.052000,26.849280,0.312320,27.213600
2734,traditional,0.077216,25.873408,0.223232,26.173856
2735,traditional,0.063456,24.413184,0.221184,24.697824
2736,traditional,0.063040,24.136704,0.223232,24.422976
2737,traditional,0.072704,24.007680,0.218112,24.298496
2738,traditional,0.062400,24.190976,0.218112,24.471488
2739,traditional,0.061248,24.014848,0.218112,24.294208
2740,traditional,0.060960,24.036352,0.218112,24.315424
2741,traditional,0.061088,23.967744,0.219136,24.247968
2742,traditional,0.065536,21.594112,0.173056,21.832704
2743,traditional,0.053344,18.591744,0.166912,18.812000
2744,traditional,0.051040,21.196800,0.310272,21.558112
2745,traditional,0.077184,24.674304,0.166912,24.918400
2746,traditional,0.051424,23.220224,0.312320,23.583968
2747,traditional,0.077536,23.519232,0.167936,23.764704
2748,traditional,0.049952,26.030080,0.312320,26.392352
2749,traditional,0.089824,25.773056,0.311296,26.174176
2750,traditional,0.088768,26.895360,0.377856,27.361984
2751,traditional,0.098656,22.749184,0.209920,23.057760
2752,traditional,0.061248,22.946816,0.208896,23.216960
2753,traditional,0.059456,23.072768,0.208896,23.341120
2754,traditional,0.061472,23.001088,0.209920,23.272480
2755,traditional,0.060480,22.849536,0.206848,23.116864
2756,traditional,0.059968,22.940672,0.206848,23.207488
2757,traditional,0.060288,22.804480,0.207872,23.072640
2758,traditional,0.059712,22.776832,0.204800,23.041344
2759,traditional,0.061824,22.415360,0.204800,22.681984
2760,traditional,0.059072,21.511168,0.187392,21.757632
2761,traditional,0.061504,20.375552,0.184320,20.621376
2762,traditional,0.057664,20.071424,0.184320,20.313408
2763,traditional,0.055392,19.855360,0.183296,20.094048
2764,traditional,0.054880,22.133760,0.181248,22.369888
2765,traditional,0.052672,21.401600,0.345088,21.799360
2766,traditional,0.083808,22.412288,0.180224,22.676320
2767,traditional,0.053536,21.171200,0.344064,21.568800
2768,traditional,0.084704,21.591040,0.183296,21.859040
2769,traditional,0.052384,23.546880,0.223232,23.822496
2770,traditional,0.066880,24.940544,0.236544,25.243968
2771,traditional,0.068480,25.468928,0.232448,25.769856
2772,traditional,0.070720,25.227264,0.232448,25.530432
2773,traditional,0.065728,25.085952,0.234496,25.386176
2774,traditional,0.069184,25.199616,0.235520,25.504320
2775,traditional,0.065056,25.064448,0.231424,25.360928
2776,traditional,0.063200,24.812544,0.231424,25.107168
2777,traditional,0.064960,24.814592,0.232448,25.112000
2778,traditional,0.062624,21.073920,0.180224,21.316768
2779,traditional,0.055072,18.518016,0.174080,18.747168
2780,traditional,0.051040,20.429824,0.329728,20.810592
2781,traditional,0.077888,21.483520,0.325632,21.887040
2782,traditional,0.077216,24.872960,0.171008,25.121184
2783,traditional,0.062784,23.061504,0.173056,23.297344
2784,traditional,0.059936,26.394624,0.173056,26.627616
2785,traditional,0.053248,23.088128,0.174080,23.315456
2786,traditional,0.049856,25.719808,0.232448,26.002112
2787,traditional,0.064000,24.091648,0.226304,24.381952
2788,traditional,0.062272,23.569408,0.225280,23.856960
2789,traditional,0.064832,23.300096,0.223232,23.588160
2790,traditional,0.063648,23.403520,0.227328,23.694496
2791,traditional,0.060736,23.301120,0.222208,23.584064
2792,traditional,0.069184,23.129088,0.219136,23.417408
2793,traditional,0.064320,22.734848,0.222208,23.021376
2794,traditional,0.060864,23.026688,0.222208,23.309760
2795,traditional,0.064608,20.942848,0.179200,21.186656
2796,traditional,0.053504,18.229248,0.177152,18.459904
2797,traditional,0.051104,21.233664,0.328704,21.613472
2798,traditional,0.078688,24.882176,0.174080,25.134944
2799,traditional,0.050112,22.894592,0.175104,23.119808
2800,traditional,0.055008,26.126336,0.329728,26.511072
2801,traditional,0.076448,25.255936,0.176128,25.508512
2802,traditional,0.049888,22.951936,0.177152,23.178976
2803,traditional,0.062688,26.245120,0.175104,26.482912
2804,traditional,0.050848,22.673408,0.229376,22.953632
2805,traditional,0.061696,23.297024,0.230400,23.589120
2806,traditional,0.065472,23.313408,0.230400,23.609280
2807,traditional,0.061888,23.356416,0.232448,23.650752
2808,traditional,0.076704,22.565888,0.229376,22.871968
2809,traditional,0.060864,23.146496,0.225280,23.432640
2810,traditional,0.059520,22.905856,0.226304,23.191680
2811,traditional,0.064032,22.819840,0.226304,23.110176
2812,traditional,0.072448,21.016576,0.181248,21.270272
2813,traditional,0.050720,18.013184,0.177152,18.241056
2814,traditional,0.049984,22.990848,0.174080,23.214912
2815,traditional,0.049280,22.465536,0.336896,22.851712
2816,traditional,0.077216,25.594880,0.176128,25.848224
2817,traditional,0.051232,22.494208,0.176128,22.721568
2818,traditional,0.049952,25.037824,0.177152,25.264928
2819,traditional,0.051648,24.912896,0.176128,25.140672
2820,traditional,0.049536,25.371648,0.178176,25.599360
2821,traditional,0.054688,24.312832,0.223232,24.590752
2822,traditional,0.071744,22.395904,0.222208,22.689856
2823,traditional,0.060928,22.272000,0.223232,22.556160
2824,traditional,0.058624,22.224896,0.222208,22.505728
2825,traditional,0.059968,22.274048,0.222208,22.556224
2826,traditional,0.066944,22.149120,0.222208,22.438272
2827,traditional,0.058624,22.119424,0.222208,22.400256
2828,traditional,0.058400,22.286336,0.222208,22.566944
2829,traditional,0.059808,22.004736,0.202752,22.267296
2830,traditional,0.054624,20.137984,0.202752,20.395360
2831,traditional,0.055296,20.109312,0.204800,20.369408
2832,traditional,0.055264,20.084736,0.202752,20.342752
2833,traditional,0.054816,20.043776,0.201728,20.300320
2834,traditional,0.054208,20.064256,0.202752,20.321216
2835,traditional,0.056448,20.172800,0.202752,20.432000
2836,traditional,0.055136,20.242432,0.203776,20.501344
2837,traditional,0.056288,19.935232,0.201728,20.193248
2838,traditional,0.054560,19.860480,0.201728,20.116768
2839,traditional,0.055040,19.969024,0.202752,20.226816
2840,traditional,0.055808,20.326400,0.210944,20.593152
2841,traditional,0.059808,21.075968,0.214016,21.349792
2842,traditional,0.060384,21.444608,0.216064,21.721056
2843,traditional,0.059424,21.613568,0.217088,21.890080
2844,traditional,0.058048,21.651456,0.216064,21.925568
2845,traditional,0.086208,21.494784,0.215040,21.796032
2846,traditional,0.058432,21.568512,0.217088,21.844032
2847,traditional,0.058592,21.435392,0.214016,21.708000
2848,traditional,0.070080,21.594112,0.226304,21.890496
2849,traditional,0.059168,20.971520,0.208896,21.239584
2850,traditional,0.060480,20.525056,0.206848,20.792384
2851,traditional,0.069312,20.502528,0.205824,20.777664
2852,traditional,0.057120,20.382720,0.204800,20.644640
2853,traditional,0.069280,20.208640,0.202752,20.480672
2854,traditional,0.055264,20.088832,0.200704,20.344800
2855,traditional,0.059808,19.914752,0.198656,20.173216
2856,traditional,0.054624,19.843072,0.200704,20.098400
2857,traditional,0.057312,20.029440,0.200704,20.287456
2858,traditional,0.055168,20.084736,0.201728,20.341632
2859,traditional,0.056256,20.354048,0.211968,20.622272
2860,traditional,0.061184,21.276672,0.214016,21.551872
2861,traditional,0.058528,20.914176,0.214016,21.186720
2862,traditional,0.057888,21.268480,0.216064,21.542432
2863,traditional,0.058528,21.312512,0.215040,21.586080
2864,traditional,0.059552,21.194752,0.211968,21.466272
2865,traditional,0.057408,21.256192,0.216064,21.529664
2866,traditional,0.058080,21.323776,0.215040,21.596896
2867,traditional,0.057696,21.164032,0.212992,21.434720
2868,traditional,0.057472,21.191680,0.207872,21.457024
2869,traditional,0.056608,20.780032,0.204800,21.041440
2870,traditional,0.055264,20.489216,0.202752,20.747232
2871,traditional,0.056768,20.334592,0.205824,20.597184
2872,traditional,0.055904,20.472832,0.200704,20.729440
2873,traditional,0.054560,19.590144,0.200704,19.845408
2874,traditional,0.054752,19.523584,0.198656,19.776992
2875,traditional,0.054784,19.360768,0.200704,19.616256
2876,traditional,0.056384,18.959360,0.199680,19.215424
2877,traditional,0.054272,19.687424,0.204800,19.946496
2878,traditional,0.054528,20.311040,0.204800,20.570368
2879,traditional,0.054912,20.410368,0.212992,20.678272
2880,traditional,0.057440,21.237760,0.214016,21.509216
2881,traditional,0.057376,21.382144,0.212992,21.652512
2882,traditional,0.081504,21.500928,0.214016,21.796448
2883,traditional,0.057856,21.545984,0.217088,21.820928
2884,traditional,0.058400,21.807104,0.216064,22.081568
2885,traditional,0.057920,20.772864,0.211968,21.042752
2886,traditional,0.056800,20.546560,0.211968,20.815328
2887,traditional,0.057408,20.300800,0.212992,20.571200
2888,traditional,0.057696,20.090880,0.211968,20.360544
2889,traditional,0.058528,17.723392,0.189440,17.971360
2890,traditional,0.053888,17.142784,0.186368,17.383040
2891,traditional,0.053728,16.627712,0.183296,16.864736
2892,traditional,0.056832,21.086208,0.181248,21.324288
2893,traditional,0.051296,18.679808,0.221184,18.952288
2894,traditional,0.051328,18.594816,0.186368,18.832512
2895,traditional,0.051520,18.433024,0.183296,18.667840
2896,traditional,0.050240,18.265088,0.183296,18.498624
2897,traditional,0.054208,17.939456,0.183296,18.176960
2898,traditional,0.051136,16.603136,0.349184,17.003456
2899,traditional,0.080352,17.003520,0.358400,17.442272
2900,traditional,0.080192,16.477184,0.193536,16.750912
2901,traditional,0.052960,15.980544,0.183296,16.216800
2902,traditional,0.051488,12.695552,0.182272,12.929312
2903,traditional,0.051104,15.686656,0.183296,15.921056
2904,traditional,0.052576,17.565696,0.178176,17.796448
2905,traditional,0.052288,15.398912,0.181248,15.632448
2906,traditional,0.060960,14.680064,0.180224,14.921248
2907,traditional,0.097376,13.954048,0.181248,14.232672
2908,traditional,0.049088,15.363072,0.252928,15.665088
2909,traditional,0.050528,14.112768,0.178176,14.341472
2910,traditional,0.054976,15.015936,0.176128,15.247040
2911,traditional,0.051424,15.368192,0.182272,15.601888
2912,traditional,0.051008,15.031296,0.182272,15.264576
2913,traditional,0.079680,12.969984,0.181248,13.230912
2914,traditional,0.063648,10.446848,0.208896,10.719392
2915,traditional,0.055840,10.985472,0.203776,11.245088
2916,traditional,0.060352,10.883072,0.196608,11.140032
2917,traditional,0.056256,10.487808,0.193536,10.737600
2918,traditional,0.066880,10.588160,0.195584,10.850624
2919,traditional,0.053984,10.102784,0.188416,10.345184
2920,traditional,0.052384,10.230784,0.196608,10.479776
2921,traditional,0.056352,10.489856,0.196608,10.742816
2922,traditional,0.052800,10.213376,0.189440,10.455616
2923,traditional,0.064160,10.369024,0.200704,10.633888
2924,traditional,0.054304,10.787840,0.200704,11.042848
2925,traditional,0.066336,10.489856,0.196608,10.752800
2926,traditional,0.055200,10.516480,0.196608,10.768288
2927,traditional,0.067296,10.458112,0.195584,10.720992
2928,traditional,0.066880,10.302464,0.175104,10.544448
2929,traditional,0.049504,9.412608,0.175104,9.637216
2930,traditional,0.049696,7.846912,0.169984,8.066592
2931,traditional,0.060864,7.735296,0.169984,7.966144
2932,traditional,0.047168,7.651328,0.165888,7.864384
2933,traditional,0.048896,7.276544,0.159744,7.485184
2934,traditional,0.050304,7.296000,0.158720,7.505024
2935,traditional,0.051392,7.341056,0.158720,7.551168
2936,traditional,0.045120,7.285760,0.155648,7.486528
2937,traditional,0.047776,7.573504,0.161792,7.783072
2938,traditional,0.047744,7.407616,0.156672,7.612032
2939,traditional,0.056928,7.315456,0.156672,7.529056
2940,traditional,0.066784,7.632896,0.153600,7.853280
2941,traditional,0.067040,10.401792,0.216064,10.684896
2942,traditional,0.062592,10.283008,0.218112,10.563712
2943,traditional,0.061728,10.338304,0.218112,10.618144
2944,traditional,0.066368,10.533888,0.223232,10.823488
2945,traditional,0.061760,10.703872,0.224256,10.989888
2946,traditional,0.085184,10.831872,0.225280,11.142336
2947,traditional,0.067872,9.069568,0.219136,9.356576
2948,traditional,0.057376,9.306112,0.228352,9.591840
2949,traditional,0.061760,9.473024,0.230400,9.765184
2950,traditional,0.055648,9.117696,0.217088,9.390432
2951,traditional,0.059584,9.080832,0.218112,9.358528
2952,traditional,0.081024,9.100288,0.218112,9.399424
2953,traditional,0.064544,9.237504,0.224256,9.526304
2954,traditional,0.056480,9.610240,0.227328,9.894048
2955,traditional,0.071200,8.294400,0.176128,8.541728
2956,traditional,0.058976,7.618560,0.176128,7.853664
2957,traditional,0.057952,6.815744,0.159744,7.033440
2958,traditional,0.056384,6.858752,0.158720,7.073856
2959,traditional,0.054848,6.676480,0.153600,6.884928
2960,traditional,0.047328,6.675456,0.151552,6.874336
2961,traditional,0.044064,6.657024,0.158720,6.859808
2962,traditional,0.056096,6.668288,0.152576,6.876960
2963,traditional,0.044032,6.687744,0.152576,6.884352
2964,traditional,0.067040,6.728704,0.151552,6.947296
2965,traditional,0.073280,9.318400,0.284672,9.676352
2966,traditional,0.063520,6.439936,0.287744,6.791200
2967,traditional,0.046784,5.753856,0.152576,5.953216
2968,traditional,0.054304,5.866496,0.152576,6.073376
2969,traditional,0.043008,5.910528,0.156672,6.110208
2970,traditional,0.045408,5.927936,0.171008,6.144352
2971,traditional,0.058304,6.275072,0.172032,6.505408
2972,traditional,0.046752,6.280192,0.171008,6.497952
2973,traditional,0.057056,6.436864,0.171008,6.664928
2974,traditional,0.051264,7.216128,0.187392,7.454784
2975,traditional,0.047584,7.261184,0.181248,7.490016
2976,traditional,0.047296,7.144448,0.181248,7.372992
2977,traditional,0.059072,7.154688,0.181248,7.395008
2978,traditional,0.060064,7.218176,0.181248,7.459488
2979,traditional,0.057952,7.312384,0.182272,7.552608
2980,traditional,0.047680,7.356416,0.180224,7.584320
2981,traditional,0.051136,7.274496,0.179200,7.504832
2982,traditional,0.057760,7.141376,0.176128,7.375264
2983,traditional,0.046592,7.399424,0.190464,7.636480
2984,traditional,0.060832,6.642688,0.190464,6.893984
2985,traditional,0.060736,6.386688,0.183296,6.630720
2986,traditional,0.047136,6.414336,0.183296,6.644768
2987,traditional,0.059776,6.514688,0.183296,6.757760
2988,traditional,0.060064,6.546432,0.182272,6.788768
2989,traditional,0.047328,6.601728,0.182272,6.831328
2990,traditional,0.063360,6.633472,0.182272,6.879104
2991,traditional,0.043648,5.800960,0.158720,6.003328
2992,traditional,0.043040,5.886976,0.158720,6.088736
2993,traditional,0.044384,5.940224,0.159744,6.144352
2994,traditional,0.046528,5.928960,0.158720,6.134208
2995,traditional,0.046304,6.047744,0.159744,6.253792
2996,traditional,0.042848,6.066176,0.159744,6.268768
2997,traditional,0.045440,6.105088,0.158720,6.309248
2998,traditional,0.064576,6.420480,0.158720,6.643776
2999,traditional,0.042560,6.228992,0.158720,6.430272
3000,traditional,0.067424,7.166976,0.193536,7.427936
3001,traditional,0.063872,6.861824,0.188416,7.114112
3002,traditional,0.049536,6.908928,0.189440,7.147904
3003,traditional,0.049152,7.021568,0.187392,7.258112
3004,traditional,0.060800,7.051264,0.189440,7.301504
3005,traditional,0.059968,7.113728,0.188416,7.362112
3006,traditional,0.059680,7.083008,0.178176,7.320864
3007,traditional,0.047808,6.884352,0.179200,7.111360
3008,traditional,0.059232,6.976512,0.178176,7.213920
3009,traditional,0.060416,7.048192,0.178176,7.286784
3010,traditional,0.047968,7.149568,0.177152,7.374688
3011,traditional,0.064608,7.410688,0.180224,7.655520
3012,traditional,0.047872,7.469056,0.180224,7.697152
3013,traditional,0.048864,7.596032,0.180224,7.825120
3014,traditional,0.052416,7.595008,0.179200,7.826624
3015,traditional,0.048640,7.157760,0.160768,7.367168
3016,traditional,0.056864,6.944768,0.159744,7.161376
3017,traditional,0.045024,7.015424,0.159744,7.220192
3018,traditional,0.044928,7.114752,0.159744,7.319424
3019,traditional,0.044768,7.235584,0.159744,7.440096
3020,traditional,0.047040,7.001088,0.156672,7.204800
3021,traditional,0.052384,7.131136,0.156672,7.340192
3022,traditional,0.050656,6.795264,0.149504,6.995424
3023,traditional,0.043520,7.738368,0.285696,8.067584
3024,traditional,0.056832,9.917440,0.289792,10.264064
3025,traditional,0.077984,9.357312,0.288768,9.724064
3026,traditional,0.059008,7.572480,0.157696,7.789184
3027,traditional,0.068224,11.146240,0.300032,11.514496
3028,traditional,0.045024,11.137024,0.301056,11.483104
3029,traditional,0.056416,7.905280,0.158720,8.120416
3030,traditional,0.047328,8.672256,0.309248,9.028832
3031,traditional,0.070720,8.520704,0.180224,8.771648
3032,traditional,0.079008,10.860544,0.181248,11.120800
3033,traditional,0.053120,9.852928,0.191488,10.097536
3034,traditional,0.051232,10.552320,0.196608,10.800160
3035,traditional,0.052192,10.878976,0.195584,11.126752
3036,traditional,0.063008,10.685440,0.192512,10.940960
3037,traditional,0.051264,10.807296,0.191488,11.050048
3038,traditional,0.063136,12.432384,0.192512,12.688032
3039,traditional,0.051232,12.658688,0.191488,12.901408
3040,traditional,0.062656,12.830720,0.190464,13.083840
3041,traditional,0.054912,12.898304,0.196608,13.149824
3042,traditional,0.053568,13.530112,0.196608,13.780288
3043,traditional,0.056128,14.238720,0.194560,14.489408
3044,traditional,0.065312,14.326784,0.204800,14.596896
3045,traditional,0.057824,15.326208,0.199680,15.583712
3046,traditional,0.057792,15.152128,0.199680,15.409600
3047,traditional,0.054720,15.624192,0.204800,15.883712
3048,traditional,0.055200,15.661056,0.205824,15.922080
3049,traditional,0.056320,16.196608,0.205824,16.458752
3050,traditional,0.055232,16.371712,0.206848,16.633792
3051,traditional,0.055520,16.619520,0.205824,16.880864
3052,traditional,0.055264,16.814080,0.205824,17.075168
3053,traditional,0.058368,17.002496,0.205824,17.266688
3054,traditional,0.055872,16.535552,0.206848,16.798272
3055,traditional,0.068192,18.146304,0.201728,18.416224
3056,traditional,0.055680,18.522112,0.207872,18.785664
3057,traditional,0.057088,18.269184,0.202752,18.529024
3058,traditional,0.056000,18.139136,0.200704,18.395840
3059,traditional,0.062944,17.848320,0.199680,18.110944
3060,traditional,0.055360,17.807360,0.197632,18.060352
3061,traditional,0.054976,17.577984,0.195584,17.828544
3062,traditional,0.054464,17.562624,0.194560,17.811648
3063,traditional,0.057184,17.387520,0.194560,17.639264
3064,traditional,0.064512,17.355776,0.193536,17.613824
3065,traditional,0.052992,17.327104,0.193536,17.573632
3066,traditional,0.053376,17.274880,0.193536,17.521792
3067,traditional,0.053728,17.363968,0.193536,17.611232
3068,traditional,0.054144,18.011136,0.194560,18.259840
3069,traditional,0.052736,17.910784,0.192512,18.156032
3070,traditional,0.053696,17.999872,0.194560,18.248128
3071,traditional,0.055488,17.840128,0.193536,18.089152
3072,traditional,0.053376,17.835008,0.193536,18.081920
3073,traditional,0.056032,17.842176,0.194560,18.092768
3074,traditional,0.053888,17.866752,0.196608,18.117248
3075,traditional,0.056672,18.246656,0.197632,18.500960
3076,traditional,0.054016,18.267136,0.198656,18.519808
3077,traditional,0.062304,18.310144,0.199680,18.572128
3078,traditional,0.057984,18.267136,0.199680,18.524800
3079,traditional,0.055936,18.859008,0.210944,19.125888
3080,traditional,0.064672,19.319808,0.211968,19.596448
3081,traditional,0.060096,19.218432,0.212992,19.491520
3082,traditional,0.058752,20.052992,0.211968,20.323712
3083,traditional,0.059136,19.930112,0.209920,20.199168
3084,traditional,0.057376,19.756032,0.209920,20.023328
3085,traditional,0.058400,19.912704,0.211968,20.183072
3086,traditional,0.059488,19.726336,0.209920,19.995744
3087,traditional,0.058176,19.782656,0.210944,20.051776
3088,traditional,0.065216,19.771392,0.210944,20.047552
3089,traditional,0.065344,19.651584,0.209920,19.926848
3090,traditional,0.059104,19.542016,0.207872,19.808992
3091,traditional,0.060928,19.045376,0.204800,19.311104
3092,traditional,0.056256,18.905088,0.202752,19.164096
3093,traditional,0.056928,18.804736,0.200704,19.062368
3094,traditional,0.055072,18.690048,0.201728,18.946848
3095,traditional,0.056864,19.604480,0.205824,19.867168
3096,traditional,0.059328,19.430400,0.203776,19.693504
3097,traditional,0.056480,19.362816,0.202752,19.622048
3098,traditional,0.056224,19.376128,0.202752,19.635104
3099,traditional,0.055776,19.325952,0.202752,19.584480
3100,traditional,0.056000,19.325952,0.201728,19.583680
3101,traditional,0.055968,19.235840,0.202752,19.494560
3102,traditional,0.057728,19.311616,0.201728,19.571072
3103,traditional,0.053760,19.391488,0.195584,19.640832
3104,traditional,0.056768,19.286016,0.201728,19.544512
3105,traditional,0.056544,19.206144,0.205824,19.468512
3106,traditional,0.059712,19.368960,0.203776,19.632448
3107,traditional,0.056608,19.855360,0.203776,20.115744
3108,traditional,0.057312,19.903488,0.204800,20.165600
3109,traditional,0.057216,19.948544,0.203776,20.209536
3110,traditional,0.056224,19.955712,0.214016,20.225952
3111,traditional,0.060320,20.942848,0.216064,21.219232
3112,traditional,0.060832,20.946944,0.215040,21.222816
3113,traditional,0.059296,21.129216,0.217088,21.405600
3114,traditional,0.059456,21.001216,0.215040,21.275712
3115,traditional,0.058720,20.868096,0.214016,21.140832
3116,traditional,0.062560,20.784128,0.214016,21.060704
3117,traditional,0.058336,20.631552,0.215040,20.904928
3118,traditional,0.058240,20.755456,0.214016,21.027712
3119,traditional,0.060576,21.058560,0.212992,21.332128
3120,traditional,0.067232,20.824064,0.209920,21.101216
3121,traditional,0.057088,20.253696,0.205824,20.516608
3122,traditional,0.056736,20.284416,0.204800,20.545952
3123,traditional,0.055840,20.077568,0.204800,20.338208
3124,traditional,0.055328,20.142080,0.205824,20.403232
3125,traditional,0.056864,20.220928,0.206848,20.484640
3126,traditional,0.056352,20.242432,0.205824,20.504608
3127,traditional,0.057248,20.208640,0.206848,20.472736
3128,traditional,0.056768,20.258816,0.206848,20.522432
3129,traditional,0.062304,20.262912,0.206848,20.532064
3130,traditional,0.061824,19.351552,0.203776,19.617152
3131,traditional,0.057248,20.397056,0.206848,20.661152
3132,traditional,0.056096,20.524032,0.196608,20.776736
3133,traditional,0.069696,20.631552,0.196608,20.897856
3134,traditional,0.056992,20.586496,0.196608,20.840096
3135,traditional,0.057376,20.655104,0.196608,20.909088
3136,traditional,0.058560,20.731904,0.196608,20.987072
3137,traditional,0.081536,20.716544,0.197632,20.995712
3138,traditional,0.058848,20.816896,0.196608,21.072352
3139,traditional,0.058720,20.680704,0.197632,20.937056
3140,traditional,0.060928,20.677632,0.197632,20.936192
3141,traditional,0.059040,20.668416,0.197632,20.925088
3142,traditional,0.058688,20.663296,0.197632,20.919616
3143,traditional,0.059840,20.976640,0.197632,21.234112
3144,traditional,0.057952,20.960256,0.197632,21.215840
3145,traditional,0.061696,21.027840,0.198656,21.288192
3146,traditional,0.065056,20.941824,0.197632,21.204512
3147,traditional,0.058752,21.049344,0.198656,21.306752
3148,traditional,0.065056,21.040128,0.197632,21.302816
3149,traditional,0.059296,21.279744,0.205824,21.544864
3150,traditional,0.060064,22.096896,0.208896,22.365856
3151,traditional,0.064416,22.228992,0.207872,22.501280
3152,traditional,0.060608,22.221824,0.209920,22.492352
3153,traditional,0.061248,22.180864,0.207872,22.449984
3154,traditional,0.060544,21.994496,0.204800,22.259840
3155,traditional,0.061600,22.136832,0.204800,22.403232
3156,traditional,0.059040,22.014976,0.216064,22.290080
3157,traditional,0.058432,22.204416,0.218112,22.480960
3158,traditional,0.062752,22.315008,0.211968,22.589728
3159,traditional,0.061184,21.673984,0.208896,21.944064
3160,traditional,0.059520,21.619712,0.209920,21.889152
3161,traditional,0.056736,21.431296,0.207872,21.695904
3162,traditional,0.056416,21.396480,0.205824,21.658720
3163,traditional,0.056000,21.351424,0.204800,21.612224
3164,traditional,0.056576,21.304320,0.205824,21.566720
3165,traditional,0.055872,21.397504,0.206848,21.660224
3166,traditional,0.056704,21.324800,0.205824,21.587328
3167,traditional,0.060704,21.486592,0.205824,21.753120
3168,traditional,0.056288,21.522432,0.205824,21.784544
3169,traditional,0.056992,21.429248,0.205824,21.692064
3170,traditional,0.056768,21.500928,0.205824,21.763520
3171,traditional,0.061344,21.552128,0.207872,21.821344
3172,traditional,0.062304,21.736448,0.207872,22.006624
3173,traditional,0.060032,21.628928,0.206848,21.895808
3174,traditional,0.057952,21.658624,0.206848,21.923424
3175,traditional,0.059232,21.485568,0.204800,21.749600
3176,traditional,0.056864,21.621760,0.206848,21.885472
3177,traditional,0.060064,21.553152,0.214016,21.827232
3178,traditional,0.058912,22.396928,0.219136,22.674976
3179,traditional,0.059552,22.841344,0.207872,23.108768
3180,traditional,0.059040,22.834176,0.206848,23.100064
3181,traditional,0.059712,22.857728,0.209920,23.127360
3182,traditional,0.060576,22.858752,0.208896,23.128224
3183,traditional,0.061056,22.978560,0.207872,23.247488
3184,traditional,0.058944,22.778880,0.205824,23.043648
3185,traditional,0.059040,22.857728,0.206848,23.123616
3186,traditional,0.059616,20.964352,0.168960,21.192928
3187,traditional,0.051872,18.379776,0.283648,18.715296
3188,traditional,0.078208,25.834496,0.164864,26.077568
3189,traditional,0.050080,23.156736,0.166912,23.373728
3190,traditional,0.050976,26.091520,0.165888,26.308384
3191,traditional,0.061888,23.100416,0.165888,23.328192
3192,traditional,0.050144,26.722304,0.313344,27.085792
3193,traditional,0.077888,26.311680,0.310272,26.699840
3194,traditional,0.077920,27.470848,0.209920,27.758688
3195,traditional,0.060576,23.421952,0.217088,23.699616
3196,traditional,0.062240,23.843840,0.216064,24.122144
3197,traditional,0.068704,23.863296,0.217088,24.149088
3198,traditional,0.061216,23.902208,0.212992,24.176416
3199,traditional,0.060704,23.433216,0.212992,23.706912
3200,traditional,0.063264,23.363584,0.224256,23.651104
3201,traditional,0.063424,23.486464,0.225280,23.775168
3202,traditional,0.063136,23.831552,0.226304,24.120992
3203,traditional,0.064576,22.995968,0.176128,23.236672
3204,traditional,0.064256,18.568192,0.177152,18.809600
3205,traditional,0.052320,20.665344,0.326656,21.044320
3206,traditional,0.085952,25.536512,0.171008,25.793472
3207,traditional,0.051744,22.976512,0.171008,23.199264
3208,traditional,0.055584,26.360832,0.172032,26.588448
3209,traditional,0.051136,22.933504,0.171008,23.155648
3210,traditional,0.050624,25.702400,0.327680,26.080704
3211,traditional,0.080896,26.417152,0.332800,26.830848
3212,traditional,0.082848,26.362880,0.223232,26.668960
3213,traditional,0.074976,24.748032,0.231424,25.054432
3214,traditional,0.064832,24.383488,0.229376,24.677696
3215,traditional,0.065088,24.416256,0.232448,24.713792
3216,traditional,0.065888,24.241152,0.227328,24.534368
3217,traditional,0.066624,23.921664,0.226304,24.214592
3218,traditional,0.076064,23.913472,0.226304,24.215840
3219,traditional,0.064128,23.861248,0.226304,24.151680
3220,traditional,0.068224,23.980032,0.227328,24.275584
3221,traditional,0.064032,21.573632,0.175104,21.812768
3222,traditional,0.064192,18.221056,0.172032,18.457280
3223,traditional,0.060896,21.703680,0.326656,22.091232
3224,traditional,0.080256,25.906176,0.330752,26.317184
3225,traditional,0.082560,23.980032,0.172032,24.234624
3226,traditional,0.060640,25.521152,0.169984,25.751776
3227,traditional,0.062848,25.638912,0.328704,26.030464
3228,traditional,0.081344,26.829824,0.196608,27.107776
3229,traditional,0.057856,21.108736,0.204800,21.371392
3230,traditional,0.071104,21.597184,0.202752,21.871040
3231,traditional,0.058560,21.243904,0.200704,21.503168
3232,traditional,0.057792,21.092352,0.199680,21.349824
3233,traditional,0.059840,21.134336,0.201728,21.395904
3234,traditional,0.059488,21.416960,0.202752,21.679200
3235,traditional,0.058592,21.519360,0.203776,21.781728
3236,traditional,0.058688,21.277696,0.203776,21.540160
3237,traditional,0.067776,21.665792,0.212992,21.946560
3238,traditional,0.060128,22.561792,0.216064,22.837984
3239,traditional,0.061632,21.779456,0.209920,22.051008
3240,traditional,0.070016,21.645312,0.212992,21.928320
3241,traditional,0.060640,22.391808,0.211968,22.664416
3242,traditional,0.064736,22.275072,0.211968,22.551776
3243,traditional,0.061216,22.573056,0.214016,22.848288
3244,traditional,0.061088,22.439936,0.211968,22.712992
3245,traditional,0.060800,22.388736,0.210944,22.660480
3246,traditional,0.072448,22.378496,0.212992,22.663936
3247,traditional,0.060576,22.396928,0.209920,22.667424
3248,traditional,0.060128,21.824512,0.205824,22.090464
3249,traditional,0.060576,21.626880,0.204800,21.892256
3250,traditional,0.059200,21.555200,0.202752,21.817152
3251,traditional,0.057952,21.379072,0.202752,21.639776
3252,traditional,0.059680,21.578752,0.203776,21.842208
3253,traditional,0.063008,21.563392,0.204800,21.831200
3254,traditional,0.057984,21.434368,0.205824,21.698176
3255,traditional,0.059712,21.428224,0.206848,21.694784
3256,traditional,0.059040,21.936128,0.216064,22.211232
3257,traditional,0.061600,22.729728,0.219136,23.010464
3258,traditional,0.061760,22.977536,0.218112,23.257408
3259,traditional,0.061888,22.710272,0.215040,22.987200
3260,traditional,0.065760,22.624256,0.216064,22.906080
3261,traditional,0.060864,22.528000,0.214016,22.802880
3262,traditional,0.060416,22.611968,0.215040,22.887424
3263,traditional,0.065472,22.480896,0.219136,22.765504
3264,traditional,0.061248,22.793216,0.223232,23.077696
3265,traditional,0.071552,22.575104,0.217088,22.863744
3266,traditional,0.061696,21.861376,0.211968,22.135040
3267,traditional,0.059648,21.585920,0.209920,21.855488
3268,traditional,0.059552,21.538816,0.208896,21.807264
3269,traditional,0.059136,21.439488,0.208896,21.707520
3270,traditional,0.080896,21.555200,0.208896,21.844992
3271,traditional,0.060256,21.443584,0.208896,21.712736
3272,traditional,0.058176,21.637120,0.209920,21.905216
3273,traditional,0.058016,21.739520,0.211968,22.009504
3274,traditional,0.059168,22.017024,0.215040,22.291232
3275,traditional,0.064256,22.425600,0.221184,22.711040
3276,traditional,0.060640,22.350848,0.221184,22.632672
3277,traditional,0.060896,22.292480,0.221184,22.574560
3278,traditional,0.060384,22.387712,0.219136,22.667232
3279,traditional,0.066848,22.057984,0.221184,22.346016
3280,traditional,0.060640,22.295552,0.222208,22.578400
3281,traditional,0.062272,22.317056,0.223232,22.602560
3282,traditional,0.062272,22.257664,0.221184,22.541120
3283,traditional,0.061152,22.118400,0.219136,22.398688
3284,traditional,0.059520,21.715968,0.215040,21.990528
3285,traditional,0.059328,21.395456,0.211968,21.666752
3286,traditional,0.060608,21.378048,0.214016,21.652672
3287,traditional,0.059232,21.067776,0.211968,21.338976
3288,traditional,0.057504,20.881408,0.211968,21.150880
3289,traditional,0.058176,20.830208,0.209920,21.098304
3290,traditional,0.057216,20.760576,0.209920,21.027712
3291,traditional,0.060992,20.687872,0.209920,20.958784
3292,traditional,0.057792,20.591616,0.208896,20.858304
3293,traditional,0.066400,21.108736,0.218112,21.393248
3294,traditional,0.058400,21.656576,0.222208,21.937184
3295,traditional,0.059648,21.958656,0.224256,22.242560
3296,traditional,0.060736,22.035456,0.224256,22.320448
3297,traditional,0.073472,21.822464,0.224256,22.120192
3298,traditional,0.059744,21.949440,0.224256,22.233440
3299,traditional,0.059200,21.784576,0.226304,22.070080
3300,traditional,0.061024,22.005760,0.226304,22.293088
3301,traditional,0.064608,21.988352,0.225280,22.278240
3302,traditional,0.059968,21.790720,0.227328,22.078016
3303,traditional,0.059840,21.977088,0.228352,22.265280
3304,traditional,0.060032,21.858304,0.227328,22.145664
3305,traditional,0.060992,21.608448,0.225280,21.894720
3306,traditional,0.061088,21.761024,0.226304,22.048416
3307,traditional,0.061408,21.716992,0.224256,22.002656
3308,traditional,0.062752,21.716992,0.226304,22.006048
3309,traditional,0.060512,21.855232,0.228352,22.144096
3310,traditional,0.083776,21.710848,0.226304,22.020928
3311,traditional,0.059520,21.450752,0.222208,21.732480
3312,traditional,0.058720,21.086208,0.221184,21.366112
3313,traditional,0.059008,21.016576,0.219136,21.294720
3314,traditional,0.061216,20.844544,0.217088,21.122848
3315,traditional,0.059136,20.458496,0.214016,20.731648
3316,traditional,0.057280,20.363264,0.212992,20.633536
3317,traditional,0.057376,20.116480,0.211968,20.385824
3318,traditional,0.058112,20.085760,0.210944,20.354816
3319,traditional,0.056768,20.085760,0.211968,20.354496
3320,traditional,0.057760,20.127744,0.211968,20.397472
3321,traditional,0.056640,20.161536,0.214016,20.432192
3322,traditional,0.059488,22.814720,0.247808,23.122016
3323,traditional,0.065056,23.867392,0.256000,24.188448
3324,traditional,0.066720,24.246272,0.253952,24.566944
3325,traditional,0.067968,23.947264,0.252928,24.268160
3326,traditional,0.065504,24.102912,0.257024,24.425440
3327,traditional,0.065760,23.698432,0.248832,24.013024
3328,traditional,0.064800,23.592960,0.250880,23.908640
3329,traditional,0.066368,23.787520,0.251904,24.105792
3330,traditional,0.071968,20.649984,0.194560,20.916512
3331,traditional,0.055072,17.898496,0.186368,18.139936
3332,traditional,0.062784,20.268032,0.183296,20.514112
3333,traditional,0.050752,21.750784,0.351232,22.152768
3334,traditional,0.080704,24.900608,0.354304,25.335616
3335,traditional,0.081536,22.913024,0.184320,23.178880
3336,traditional,0.051872,22.288384,0.183296,22.523552
3337,traditional,0.050176,24.797184,0.184320,25.031680
3338,traditional,0.053184,25.188352,0.358400,25.599936
3339,traditional,0.079424,23.826432,0.238592,24.144448
3340,traditional,0.065504,23.062528,0.243712,23.371744
3341,traditional,0.071232,23.107584,0.241664,23.420480
3342,traditional,0.063616,22.489088,0.239616,22.792320
3343,traditional,0.062880,22.406144,0.238592,22.707616
3344,traditional,0.064512,22.591488,0.243712,22.899712
3345,traditional,0.063904,22.849536,0.242688,23.156128
3346,traditional,0.063360,22.573056,0.240640,22.877056
3347,traditional,0.073120,22.387712,0.189440,22.650272
3348,traditional,0.055968,17.814528,0.188416,18.058912
3349,traditional,0.052320,20.287488,0.183296,20.523104
3350,traditional,0.055456,22.133760,0.182272,22.371488
3351,traditional,0.050656,25.022464,0.350208,25.423328
3352,traditional,0.084832,24.997888,0.182272,25.264992
3353,traditional,0.050944,22.010880,0.184320,22.246144
3354,traditional,0.052032,24.770560,0.185344,25.007936
3355,traditional,0.054816,24.632320,0.183296,24.870432
3356,traditional,0.050944,24.688640,0.182272,24.921856
3357,traditional,0.054080,25.147392,0.239616,25.441088
3358,traditional,0.062528,23.164928,0.247808,23.475264
3359,traditional,0.065632,23.223296,0.245760,23.534688
3360,traditional,0.064736,23.274496,0.245760,23.584992
3361,traditional,0.064256,23.233536,0.241664,23.539456
3362,traditional,0.088832,22.982656,0.240640,23.312128
3363,traditional,0.063936,23.067648,0.242688,23.374272
3364,traditional,0.064544,22.392832,0.240640,22.698016
3365,traditional,0.062880,22.203392,0.189440,22.455712
3366,traditional,0.064864,17.588224,0.189440,17.842528
3367,traditional,0.051392,19.661824,0.182272,19.895488
3368,traditional,0.055008,21.933056,0.180224,22.168288
3369,traditional,0.050144,23.374848,0.347136,23.772128
3370,traditional,0.079616,24.961024,0.351232,25.391872
3371,traditional,0.080704,23.871488,0.184320,24.136512
3372,traditional,0.058848,22.279168,0.181248,22.519264
3373,traditional,0.051136,27.266048,0.183296,27.500480
3374,traditional,0.050656,24.850432,0.183296,25.084384
3375,traditional,0.049728,24.243200,0.182272,24.475200
3376,traditional,0.051232,24.347648,0.181248,24.580128
3377,traditional,0.050784,23.024640,0.229376,23.304800
3378,traditional,0.060032,21.405696,0.233472,21.699200
3379,traditional,0.061696,21.841920,0.230400,22.134016
3380,traditional,0.063264,21.689344,0.230400,21.983008
3381,traditional,0.062176,21.762048,0.230400,22.054624
3382,traditional,0.070720,21.964800,0.233472,22.268992
3383,traditional,0.063776,21.351424,0.226304,21.641504
3384,traditional,0.062688,20.680704,0.222208,20.965600
3385,traditional,0.058240,20.163584,0.220160,20.441984
3386,traditional,0.058048,18.536448,0.218112,18.812608
3387,traditional,0.058080,18.335744,0.217088,18.610912
3388,traditional,0.058624,18.035712,0.217088,18.311424
3389,traditional,0.058144,17.939456,0.217088,18.214688
3390,traditional,0.061312,17.673216,0.216064,17.950592
3391,traditional,0.070592,16.701440,0.214016,16.986048
3392,traditional,0.070144,17.009664,0.215040,17.294848
3393,traditional,0.064352,16.950272,0.217088,17.231712
3394,traditional,0.057984,16.970752,0.217088,17.245824
3395,traditional,0.069504,16.705536,0.218112,16.993152
3396,traditional,0.057664,16.551936,0.217088,16.826688
3397,traditional,0.057088,16.520192,0.217088,16.794368
3398,traditional,0.060128,15.617024,0.218112,15.895264
3399,traditional,0.068224,14.211072,0.210944,14.490240
3400,traditional,0.055232,13.718528,0.210944,13.984704
3401,traditional,0.059264,13.048832,0.214016,13.322112
3402,traditional,0.061152,12.532736,0.204800,12.798688
3403,traditional,0.053952,12.697600,0.201728,12.953280
3404,traditional,0.058720,12.070912,0.204800,12.334432
3405,traditional,0.053760,12.145664,0.204800,12.404224
3406,traditional,0.054304,11.771904,0.197632,12.023840
3407,traditional,0.052896,11.479040,0.195584,11.727520
3408,traditional,0.053568,11.354112,0.191488,11.599168
3409,traditional,0.065248,11.132928,0.191488,11.389664
3410,traditional,0.075520,11.137024,0.193536,11.406080
3411,traditional,0.053056,10.712064,0.185344,10.950464
3412,traditional,0.063072,12.716032,0.365568,13.144672
3413,traditional,0.081920,11.658240,0.191488,11.931648
3414,traditional,0.064672,11.451392,0.203776,11.719840
3415,traditional,0.056384,9.656320,0.201728,9.914432
3416,traditional,0.056416,9.527296,0.199680,9.783392
3417,traditional,0.063136,8.859648,0.185344,9.108128
3418,traditional,0.056384,8.836096,0.185344,9.077824
3419,traditional,0.051840,8.756224,0.179200,8.987264
3420,traditional,0.058784,8.611840,0.179200,8.849824
3421,traditional,0.050976,8.482816,0.177152,8.710944
3422,traditional,0.063488,8.432640,0.177152,8.673280
3423,traditional,0.081056,9.807872,0.183296,10.072224
3424,traditional,0.051616,8.834048,0.185344,9.071008
3425,traditional,0.051712,8.846336,0.182272,9.080320
3426,traditional,0.051424,8.681472,0.182272,8.915168
3427,traditional,0.049408,8.419328,0.176128,8.644864
3428,traditional,0.077376,9.440256,0.186368,9.704000
3429,traditional,0.063456,8.929280,0.186368,9.179104
3430,traditional,0.060352,8.812544,0.182272,9.055168
3431,traditional,0.063072,8.660992,0.180224,8.904288
3432,traditional,0.063552,8.935424,0.188416,9.187392
3433,traditional,0.051200,7.812096,0.188416,8.051712
3434,traditional,0.049472,7.498752,0.180224,7.728448
3435,traditional,0.048800,7.612416,0.183296,7.844512
3436,traditional,0.062432,7.712768,0.184320,7.959520
3437,traditional,0.048512,7.445504,0.177152,7.671168
3438,traditional,0.061280,7.469056,0.173056,7.703392
3439,traditional,0.047904,7.342080,0.174080,7.564064
3440,traditional,0.057664,7.236608,0.171008,7.465280
3441,traditional,0.068800,7.287808,0.171008,7.527616
3442,traditional,0.048672,7.312384,0.174080,7.535136
3443,traditional,0.060096,7.494656,0.174080,7.728832
3444,traditional,0.061344,7.330816,0.171008,7.563168
3445,traditional,0.047072,7.601152,0.186368,7.834592
3446,traditional,0.052544,7.980032,0.185344,8.217920
3447,traditional,0.058624,7.538688,0.174080,7.771392
3448,traditional,0.047936,7.858176,0.184320,8.090432
3449,traditional,0.049280,8.104960,0.184320,8.338560
3450,traditional,0.047456,7.614464,0.174080,7.836000
3451,traditional,0.048416,6.115328,0.162816,6.326560
3452,traditional,0.045536,6.127616,0.162816,6.335968
3453,traditional,0.043424,6.141952,0.159744,6.345120
3454,traditional,0.043616,6.150144,0.305152,6.498912
3455,traditional,0.047264,6.120448,0.159744,6.327456
3456,traditional,0.045184,6.169600,0.159744,6.374528
3457,traditional,0.042720,6.191104,0.159744,6.393568
3458,traditional,0.054944,7.506944,0.305152,7.867040
3459,traditional,0.043008,6.218752,0.159744,6.421504
3460,traditional,0.054688,6.564864,0.166912,6.786464
3461,traditional,0.057056,7.157760,0.319488,7.534304
3462,traditional,0.043712,6.347776,0.159744,6.551232
3463,traditional,0.045120,6.331392,0.159744,6.536256
3464,traditional,0.063424,8.364032,0.458752,8.886208
3465,traditional,0.058400,9.589760,0.238592,9.886752
3466,traditional,0.057664,10.054656,0.249856,10.362176
3467,traditional,0.063360,10.211328,0.253952,10.528640
3468,traditional,0.073440,9.111552,0.256000,9.440992
3469,traditional,0.066944,9.237504,0.256000,9.560448
3470,traditional,0.064896,9.157632,0.250880,9.473408
3471,traditional,0.086912,9.116672,0.250880,9.454464
3472,traditional,0.073696,9.184256,0.250880,9.508832
3473,traditional,0.064704,9.239552,0.250880,9.555136
3474,traditional,0.059776,8.550400,0.215040,8.825216
3475,traditional,0.053280,8.555520,0.240640,8.849440
3476,traditional,0.058560,9.124864,0.236544,9.419968
3477,traditional,0.067808,9.007104,0.235520,9.310432
3478,traditional,0.081152,7.841792,0.183296,8.106240
3479,traditional,0.047072,7.131136,0.184320,7.362528
3480,traditional,0.047776,6.637568,0.165888,6.851232
3481,traditional,0.049472,6.222848,0.159744,6.432064
3482,traditional,0.055648,6.234112,0.158720,6.448480
3483,traditional,0.042336,6.343680,0.158720,6.544736
3484,traditional,0.044576,6.317056,0.158720,6.520352
3485,traditional,0.043232,5.480448,0.157696,5.681376
3486,traditional,0.043936,5.531648,0.158720,5.734304
3487,traditional,0.043584,5.566464,0.158720,5.768768
3488,traditional,0.048000,5.583872,0.157696,5.789568
3489,traditional,0.043264,5.652480,0.157696,5.853440
3490,traditional,0.055008,5.733376,0.157696,5.946080
3491,traditional,0.042720,5.824512,0.157696,6.024928
3492,traditional,0.043488,5.786624,0.158720,5.988832
3493,traditional,0.042976,5.898240,0.158720,6.099936
3494,traditional,0.044032,5.892096,0.158720,6.094848
3495,traditional,0.051616,5.971968,0.156672,6.180256
3496,traditional,0.052384,6.030336,0.158720,6.241440
3497,traditional,0.042432,6.159360,0.157696,6.359488
3498,traditional,0.053280,6.183936,0.157696,6.394912
3499,traditional,0.042752,6.273024,0.157696,6.473472
3500,traditional,0.042496,6.307840,0.157696,6.508032
3501,traditional,0.055904,6.450176,0.157696,6.663776
3502,traditional,0.043040,5.877760,0.152576,6.073376
3503,traditional,0.044160,5.928960,0.152576,6.125696
3504,traditional,0.042848,6.024192,0.151552,6.218592
3505,traditional,0.055296,6.147072,0.151552,6.353920
3506,traditional,0.042592,6.198272,0.151552,6.392416
3507,traditional,0.059584,6.264832,0.150528,6.474944
3508,traditional,0.044480,6.367232,0.151552,6.563264
3509,traditional,0.055040,6.896640,0.288768,7.240448
3510,traditional,0.042496,6.608896,0.151552,6.802944
3511,traditional,0.042496,6.671360,0.150528,6.864384
3512,traditional,0.066272,6.791168,0.150528,7.007968
3513,traditional,0.046208,6.898688,0.151552,7.096448
3514,traditional,0.043040,6.967296,0.161792,7.172128
3515,traditional,0.043808,7.075840,0.150528,7.270176
3516,traditional,0.044192,10.594304,0.295936,10.934432
3517,traditional,0.069376,10.585088,0.295936,10.950400
3518,traditional,0.080096,11.040768,0.293888,11.414752
3519,traditional,0.067936,15.936512,0.227328,16.231776
3520,traditional,0.057888,12.684288,0.238592,12.980768
3521,traditional,0.072864,12.461056,0.237568,12.771488
3522,traditional,0.070016,11.954176,0.222208,12.246400
3523,traditional,0.058144,12.118016,0.222208,12.398368
3524,traditional,0.057888,12.277760,0.221184,12.556832
3525,traditional,0.065088,12.387328,0.220160,12.672576
3526,traditional,0.068352,12.334080,0.216064,12.618496
3527,traditional,0.057600,12.271616,0.210944,12.540160
3528,traditional,0.055424,12.893184,0.220160,13.168768
3529,traditional,0.058176,12.621824,0.207872,12.887872
3530,traditional,0.078528,12.610560,0.205824,12.894912
3531,traditional,0.056256,12.732416,0.205824,12.994496
3532,traditional,0.080288,13.059072,0.206848,13.346208
3533,traditional,0.066176,15.429632,0.206848,15.702656
3534,traditional,0.056640,14.478336,0.191488,14.726464
3535,traditional,0.054016,14.486528,0.185344,14.725888
3536,traditional,0.051360,14.319616,0.184320,14.555296
3537,traditional,0.054240,14.490624,0.182272,14.727136
3538,traditional,0.063936,14.573568,0.180224,14.817728
3539,traditional,0.052160,14.254080,0.175104,14.481344
3540,traditional,0.050208,14.869504,0.181248,15.100960
3541,traditional,0.050336,13.970432,0.159744,14.180512
3542,traditional,0.044576,13.240320,0.290816,13.575712
3543,traditional,0.068288,20.901888,0.292864,21.263040
3544,traditional,0.069056,21.577728,0.165888,21.812672
3545,traditional,0.048512,22.540288,0.165888,22.754688
3546,traditional,0.048672,20.938752,0.322560,21.309984
3547,traditional,0.075328,21.574656,0.168960,21.818944
3548,traditional,0.048512,23.174144,0.168960,23.391616
3549,traditional,0.049024,20.326400,0.171008,20.546432
3550,traditional,0.048992,23.948288,0.222208,24.219488
3551,traditional,0.060352,21.113856,0.233472,21.407680
3552,traditional,0.066144,20.054016,0.231424,20.351584
3553,traditional,0.060928,19.927040,0.228352,20.216320
3554,traditional,0.064128,20.637696,0.229376,20.931200
3555,traditional,0.070816,20.787200,0.228352,21.086368
3556,traditional,0.060832,20.287488,0.228352,20.576672
3557,traditional,0.061536,21.238784,0.226304,21.526624
3558,traditional,0.061280,21.308416,0.227328,21.597024
3559,traditional,0.061120,21.154816,0.228352,21.444288
3560,traditional,0.061888,18.933760,0.178176,19.173824
3561,traditional,0.060512,16.310272,0.171008,16.541792
3562,traditional,0.065888,17.585152,0.168960,17.820000
3563,traditional,0.049056,20.910080,0.327680,21.286816
3564,traditional,0.076832,22.184960,0.327680,22.589472
3565,traditional,0.076032,22.325248,0.328704,22.729984
3566,traditional,0.077056,21.538816,0.329728,21.945600
3567,traditional,0.077536,22.135808,0.326656,22.540000
3568,traditional,0.076384,22.562816,0.171008,22.810208
3569,traditional,0.050048,24.102912,0.234496,24.387456
3570,traditional,0.062976,22.211584,0.235520,22.510080
3571,traditional,0.063968,22.445056,0.236544,22.745568
3572,traditional,0.066560,22.269952,0.235520,22.572032
3573,traditional,0.064768,22.310912,0.236544,22.612224
3574,traditional,0.066976,22.162432,0.237568,22.466976
3575,traditional,0.063616,22.469632,0.240640,22.773888
3576,traditional,0.063840,22.315008,0.236544,22.615392
3577,traditional,0.066208,21.999616,0.234496,22.300320
3578,traditional,0.062336,21.041152,0.181248,21.284736
3579,traditional,0.051392,16.775168,0.172032,16.998592
3580,traditional,0.052608,16.635904,0.172032,16.860544
3581,traditional,0.050944,21.262336,0.169984,21.483264
3582,traditional,0.071104,22.992896,0.330752,23.394752
3583,traditional,0.078720,22.839296,0.172032,23.090048
3584,traditional,0.048864,21.617664,0.172032,21.838560
3585,traditional,0.052864,24.116224,0.172032,24.341120
3586,traditional,0.049728,23.940096,0.174080,24.163904
3587,traditional,0.050400,21.491712,0.173056,21.715168
3588,traditional,0.063104,24.735744,0.214016,25.012864
3589,traditional,0.058144,20.550656,0.215040,20.823840
3590,traditional,0.058880,20.588544,0.218112,20.865536
3591,traditional,0.059200,21.401600,0.217088,21.677888
3592,traditional,0.069568,21.281792,0.215040,21.566400
3593,traditional,0.058944,21.324800,0.218112,21.601856
3594,traditional,0.068064,21.659648,0.211968,21.939680
3595,traditional,0.060352,21.685248,0.220160,21.965760
3596,traditional,0.063936,21.267456,0.217088,21.548480
3597,traditional,0.059328,21.323776,0.218112,21.601216
3598,traditional,0.059968,20.811776,0.212992,21.084736
3599,traditional,0.058368,20.392960,0.208896,20.660224
3600,traditional,0.057504,20.145152,0.207872,20.410528
3601,traditional,0.058400,20.264960,0.207872,20.531232
3602,traditional,0.056768,20.205568,0.207872,20.470208
3603,traditional,0.057504,20.587520,0.207872,20.852896
3604,traditional,0.061216,19.933184,0.207872,20.202272
3605,traditional,0.056736,19.642368,0.201728,19.900832
3606,traditional,0.056640,19.061760,0.196608,19.315008
3607,traditional,0.059104,18.721792,0.196608,18.977504
3608,traditional,0.059808,18.479104,0.194560,18.733472
3609,traditional,0.054080,18.338816,0.191488,18.584384
3610,traditional,0.053440,18.812928,0.191488,19.057856
3611,traditional,0.053696,21.627904,0.195584,21.877184
3612,traditional,0.054240,19.386368,0.195584,19.636192
3613,traditional,0.055008,19.263488,0.195584,19.514080
3614,traditional,0.057920,19.974144,0.377856,20.409920
3615,traditional,0.094304,21.236736,0.201728,21.532768
3616,traditional,0.056704,19.946496,0.196608,20.199808
3617,traditional,0.057472,22.909952,0.243712,23.211136
3618,traditional,0.067200,25.010176,0.249856,25.327232
3619,traditional,0.067808,25.234432,0.249856,25.552096
3620,traditional,0.068416,25.021440,0.245760,25.335616
3621,traditional,0.079520,25.266176,0.253952,25.599648
3622,traditional,0.072896,25.149440,0.234496,25.456832
3623,traditional,0.068032,24.750080,0.234496,25.052608
3624,traditional,0.067968,24.802304,0.236544,25.106816
3625,traditional,0.068192,25.160704,0.235520,25.464416
3626,traditional,0.067936,18.759680,0.175104,19.002720
3627,traditional,0.058112,17.914880,0.167936,18.140928
3628,traditional,0.053632,17.124352,0.168960,17.346944
3629,traditional,0.051072,23.191552,0.295936,23.538560
3630,traditional,0.079616,22.502400,0.164864,22.746880
3631,traditional,0.050784,24.832000,0.312320,25.195104
3632,traditional,0.080736,25.289728,0.309248,25.679712
3633,traditional,0.081920,25.676800,0.318464,26.077184
3634,traditional,0.081824,25.181184,0.316416,25.579424
3635,traditional,0.082432,26.376192,0.215040,26.673664
3636,traditional,0.065376,24.449024,0.228352,24.742752
3637,traditional,0.067072,24.516608,0.222208,24.805888
3638,traditional,0.065632,24.066048,0.218112,24.349792
3639,traditional,0.071872,23.861248,0.218112,24.151232
3640,traditional,0.063712,23.919616,0.218112,24.201440
3641,traditional,0.069856,23.894016,0.218112,24.181984
3642,traditional,0.063552,23.064576,0.171008,23.299136
3643,traditional,0.051840,18.522112,0.179200,18.753152
3644,traditional,0.053376,19.765248,0.168960,19.987584
3645,traditional,0.052800,25.791488,0.325632,26.169920
3646,traditional,0.074976,24.806400,0.333824,25.215200
3647,traditional,0.077312,26.337280,0.331776,26.746368
3648,traditional,0.077088,26.330112,0.329728,26.736928
3649,traditional,0.076672,25.536512,0.275456,25.888640
3650,traditional,0.095072,28.253184,0.454656,28.802912
3651,traditional,0.101984,25.181184,0.242688,25.525856
3652,traditional,0.064704,25.325568,0.240640,25.630912
3653,traditional,0.069248,25.243648,0.240640,25.553536
3654,traditional,0.064288,25.061376,0.240640,25.366304
3655,traditional,0.070368,24.621056,0.235520,24.926944
3656,traditional,0.086688,24.674304,0.237568,24.998560
3657,traditional,0.066752,24.911872,0.234496,25.213120
3658,traditional,0.070368,23.298048,0.183296,23.551712
3659,traditional,0.064832,18.743296,0.175104,18.983232
3660,traditional,0.054048,19.979264,0.328704,20.362016
3661,traditional,0.076288,23.360512,0.171008,23.607808
3662,traditional,0.052288,24.410112,0.330752,24.793152
3663,traditional,0.077248,27.062272,0.274432,27.413952
3664,traditional,0.050592,23.178240,0.165888,23.394720
3665,traditional,0.053088,25.906176,0.165888,26.125152
3666,traditional,0.050496,26.057728,0.313344,26.421568
3667,traditional,0.078336,26.628096,0.412672,27.119104
3668,traditional,0.101536,25.041920,0.222208,25.365664
3669,traditional,0.066080,24.348672,0.220160,24.634912
3670,traditional,0.074272,24.252416,0.221184,24.547872
3671,traditional,0.063264,24.088576,0.219136,24.370976
3672,traditional,0.062464,24.332288,0.220160,24.614912
3673,traditional,0.062208,24.329216,0.220160,24.611584
3674,traditional,0.062368,24.248320,0.219136,24.529824
3675,traditional,0.064576,23.963648,0.216064,24.244288
3676,traditional,0.061568,19.076096,0.169984,19.307648
3677,traditional,0.052480,20.809728,0.311296,21.173504
3678,traditional,0.078464,25.555968,0.165888,25.800320
3679,traditional,0.052320,23.132160,0.165888,23.350368
3680,traditional,0.051168,26.504192,0.313344,26.868704
3681,traditional,0.078496,26.386432,0.315392,26.780320
3682,traditional,0.078944,25.981952,0.316416,26.377312
3683,traditional,0.081152,25.951232,0.317440,26.349824
3684,traditional,0.078976,23.539712,0.209920,23.828608
3685,traditional,0.061152,22.778880,0.217088,23.057120
3686,traditional,0.061408,22.809600,0.217088,23.088096
3687,traditional,0.061536,22.788096,0.214016,23.063648
3688,traditional,0.060448,22.730752,0.218112,23.009312
3689,traditional,0.064960,22.747136,0.214016,23.026112
3690,traditional,0.061120,22.776832,0.217088,23.055040
3691,traditional,0.060992,22.867968,0.217088,23.146048
3692,traditional,0.061888,22.852608,0.210944,23.125440
3693,traditional,0.062624,22.070272,0.208896,22.341792
3694,traditional,0.059424,21.938176,0.206848,22.204448
3695,traditional,0.059232,21.681152,0.206848,21.947232
3696,traditional,0.059232,21.769216,0.206848,22.035296
3697,traditional,0.059136,21.862400,0.206848,22.128384
3698,traditional,0.058656,21.760000,0.205824,22.024480
3699,traditional,0.062752,21.804032,0.204800,22.071584
3700,traditional,0.064672,21.668864,0.205824,21.939360
3701,traditional,0.058528,21.745664,0.205824,22.010016
3702,traditional,0.083872,21.840896,0.205824,22.130592
3703,traditional,0.060352,21.695488,0.205824,21.961664
3704,traditional,0.059232,21.777408,0.205824,22.042464
3705,traditional,0.070560,21.892096,0.208896,22.171552
3706,traditional,0.060544,22.069248,0.206848,22.336640
3707,traditional,0.060640,21.882880,0.205824,22.149344
3708,traditional,0.062976,21.724160,0.206848,21.993984
3709,traditional,0.060224,21.789696,0.205824,22.055744
3710,traditional,0.059808,21.739520,0.205824,22.005152
3711,traditional,0.058208,21.854208,0.205824,22.118240
3712,traditional,0.058912,21.801984,0.205824,22.066720
3713,traditional,0.059584,21.737472,0.206848,22.003904
3714,traditional,0.058176,21.941248,0.206848,22.206272
3715,traditional,0.059424,21.839872,0.205824,22.105120
3716,traditional,0.066880,21.741568,0.204800,22.013248
3717,traditional,0.061696,21.905408,0.207872,22.174976
3718,traditional,0.060384,21.739520,0.206848,22.006752
3719,traditional,0.059808,21.826560,0.206848,22.093216
3720,traditional,0.059072,21.959680,0.216064,22.234816
3721,traditional,0.062400,22.982656,0.219136,23.264192
3722,traditional,0.062400,23.202816,0.219136,23.484352
3723,traditional,0.067104,23.164928,0.220160,23.452192
3724,traditional,0.062688,23.236608,0.218112,23.517408
3725,traditional,0.063136,23.070720,0.219136,23.352992
3726,traditional,0.066080,23.138304,0.219136,23.423520
3727,traditional,0.062272,23.008256,0.219136,23.289664
3728,traditional,0.061760,23.056384,0.219136,23.337280
3729,traditional,0.061376,21.644288,0.197632,21.903296
3730,traditional,0.068960,20.874240,0.197632,21.140832
3731,traditional,0.060480,20.637696,0.198656,20.896832
3732,traditional,0.057344,20.562944,0.195584,20.815872
3733,traditional,0.056672,20.450304,0.196608,20.703584
3734,traditional,0.055264,20.588544,0.196608,20.840416
3735,traditional,0.056416,20.514816,0.197632,20.768864
3736,traditional,0.057216,22.963200,0.196608,23.217024
3737,traditional,0.057152,20.541440,0.196608,20.795200
3738,traditional,0.069376,22.995968,0.196608,23.261952
3739,traditional,0.056960,21.723136,0.230400,22.010496
3740,traditional,0.064608,24.296448,0.237568,24.598624
3741,traditional,0.064736,24.729600,0.237568,25.031904
3742,traditional,0.065248,24.582144,0.234496,24.881888
3743,traditional,0.064288,24.183808,0.235520,24.483616
3744,traditional,0.064320,24.155136,0.234496,24.453952
3745,traditional,0.064576,24.627200,0.242688,24.934464
3746,traditional,0.064672,24.617984,0.235520,24.918176
3747,traditional,0.063840,22.905856,0.184320,23.154016
3748,traditional,0.051552,18.759680,0.179200,18.990432
3749,traditional,0.051744,21.092352,0.178176,21.322272
3750,traditional,0.051808,26.087424,0.343040,26.482272
3751,traditional,0.073056,23.087104,0.178176,23.338336
3752,traditional,0.051264,26.450944,0.340992,26.843200
3753,traditional,0.081824,26.448896,0.348160,26.878880
3754,traditional,0.082752,26.705920,0.350208,27.138880
3755,traditional,0.079616,23.190528,0.182272,23.452416
3756,traditional,0.053056,25.548800,0.233472,25.835328
3757,traditional,0.063360,23.266304,0.231424,23.561088
3758,traditional,0.065120,23.232512,0.233472,23.531104
3759,traditional,0.062848,23.301120,0.231424,23.595392
3760,traditional,0.064576,23.474176,0.236544,23.775296
3761,traditional,0.064448,23.463936,0.235520,23.763904
3762,traditional,0.063328,23.616512,0.235520,23.915360
3763,traditional,0.064800,23.041024,0.234496,23.340320
3764,traditional,0.063360,21.611520,0.209920,21.884800
3765,traditional,0.059776,20.415488,0.205824,20.681088
3766,traditional,0.072096,19.998720,0.203776,20.274592
3767,traditional,0.055424,19.879936,0.201728,20.137088
3768,traditional,0.062976,22.170624,0.200704,22.434304
3769,traditional,0.054560,19.784704,0.389120,20.228384
3770,traditional,0.089856,21.710848,0.201728,22.002432
3771,traditional,0.059168,22.320128,0.203776,22.583072
3772,traditional,0.054688,22.238208,0.201728,22.494624
3773,traditional,0.055072,22.074368,0.202752,22.332192
3774,traditional,0.055360,23.595008,0.249856,23.900224
3775,traditional,0.065568,25.261056,0.267264,25.593888
3776,traditional,0.068320,25.372672,0.263168,25.704160
3777,traditional,0.069184,25.022464,0.257024,25.348672
3778,traditional,0.067168,24.668160,0.256000,24.991328
3779,traditional,0.066016,24.856576,0.259072,25.181664
3780,traditional,0.066848,24.801280,0.254976,25.123104
3781,traditional,0.067488,24.462336,0.257024,24.786848
3782,traditional,0.076288,21.853184,0.195584,22.125056
3783,traditional,0.053344,18.247680,0.185344,18.486368
3784,traditional,0.051520,17.728512,0.346112,18.126144
3785,traditional,0.079136,24.731648,0.352256,25.163040
3786,traditional,0.080256,24.130560,0.187392,24.398208
3787,traditional,0.051424,22.694912,0.186368,22.932704
3788,traditional,0.050912,25.207808,0.186368,25.445088
3789,traditional,0.051616,25.427968,0.354304,25.833888
3790,traditional,0.081792,25.399296,0.357376,25.838464
3791,traditional,0.082912,24.333312,0.241664,24.657888
3792,traditional,0.063296,23.038976,0.241664,23.343936
3793,traditional,0.063008,22.845440,0.240640,23.149088
3794,traditional,0.062848,22.814720,0.239616,23.117184
3795,traditional,0.062336,22.760448,0.242688,23.065472
3796,traditional,0.062272,22.660096,0.240640,22.963008
3797,traditional,0.062304,22.560768,0.237568,22.860640
3798,traditional,0.061184,22.423552,0.238592,22.723328
3799,traditional,0.065120,21.800960,0.212992,22.079072
3800,traditional,0.055936,20.084736,0.212992,20.353664
3801,traditional,0.056320,19.982336,0.212992,20.251648
3802,traditional,0.056320,20.061184,0.212992,20.330496
3803,traditional,0.055904,19.960832,0.212992,20.229728
3804,traditional,0.056288,20.069376,0.212992,20.338656
3805,traditional,0.055968,20.057088,0.211968,20.325024
3806,traditional,0.057312,20.049920,0.211968,20.319200
3807,traditional,0.058656,19.896320,0.211968,20.166944
3808,traditional,0.057952,19.782656,0.211968,20.052576
3809,traditional,0.058464,21.741568,0.407552,22.207584
3810,traditional,0.092192,22.258688,0.253952,22.604832
3811,traditional,0.065920,23.748608,0.251904,24.066432
3812,traditional,0.065280,23.740416,0.249856,24.055552
3813,traditional,0.065280,23.512064,0.249856,23.827200
3814,traditional,0.063808,23.621632,0.249856,23.935296
3815,traditional,0.065440,23.715840,0.251904,24.033184
3816,traditional,0.069056,23.763968,0.251904,24.084928
3817,traditional,0.065152,23.659520,0.246784,23.971456
3818,traditional,0.064448,21.968896,0.191488,22.224832
3819,traditional,0.052864,17.993728,0.191488,18.238080
3820,traditional,0.052544,19.767296,0.184320,20.004160
3821,traditional,0.051456,21.987328,0.181248,22.220032
3822,traditional,0.051072,24.577024,0.184320,24.812416
3823,traditional,0.050752,22.199296,0.183296,22.433344
3824,traditional,0.051744,24.919040,0.194560,25.165344
3825,traditional,0.081888,25.779200,0.184320,26.045408
3826,traditional,0.054784,24.770560,0.182272,25.007616
3827,traditional,0.054176,24.602624,0.228352,24.885152
3828,traditional,0.061632,22.127616,0.239616,22.428864
3829,traditional,0.063584,22.118400,0.234496,22.416480
3830,traditional,0.062304,21.035008,0.229376,21.326688
3831,traditional,0.061120,21.380096,0.230400,21.671616
3832,traditional,0.062016,21.692416,0.231424,21.985856
3833,traditional,0.061728,21.622784,0.230400,21.914912
3834,traditional,0.061376,21.771264,0.230400,22.063040
3835,traditional,0.062560,21.838848,0.230400,22.131808
3836,traditional,0.061760,21.612544,0.226304,21.900608
3837,traditional,0.060704,21.343232,0.222208,21.626144
3838,traditional,0.059232,21.074944,0.221184,21.355360
3839,traditional,0.063232,20.966400,0.220160,21.249792
3840,traditional,0.057472,20.229120,0.218112,20.504704
3841,traditional,0.059104,20.240384,0.218112,20.517600
3842,traditional,0.059584,20.444160,0.218112,20.721856
3843,traditional,0.059264,20.192256,0.217088,20.468608
3844,traditional,0.058464,20.513792,0.219136,20.791392
3845,traditional,0.058400,20.541440,0.219136,20.818976
3846,traditional,0.060800,20.470784,0.219136,20.750720
3847,traditional,0.058752,20.654080,0.219136,20.931968
3848,traditional,0.057920,20.605952,0.219136,20.883008
3849,traditional,0.058048,20.788224,0.218112,21.064384
3850,traditional,0.057376,20.724736,0.219136,21.001248
3851,traditional,0.058560,20.825088,0.219136,21.102784
3852,traditional,0.057984,20.040704,0.219136,20.317824
3853,traditional,0.057984,20.061184,0.218112,20.337280
3854,traditional,0.057792,20.191232,0.217088,20.466112
3855,traditional,0.057568,20.139008,0.217088,20.413664
3856,traditional,0.058752,20.242432,0.217088,20.518272
3857,traditional,0.056736,20.347904,0.218112,20.622752
3858,traditional,0.058176,19.974144,0.218112,20.250432
3859,traditional,0.057632,19.869696,0.217088,20.144416
3860,traditional,0.057728,19.593216,0.218112,19.869056
3861,traditional,0.060064,19.296256,0.218112,19.574432
3862,traditional,0.058240,19.236864,0.217088,19.512192
3863,traditional,0.059520,18.890752,0.217088,19.167360
3864,traditional,0.057248,18.805760,0.217088,19.080096
3865,traditional,0.056832,17.036288,0.216064,17.309184
3866,traditional,0.060480,16.799744,0.216064,17.076288
3867,traditional,0.058400,17.441792,0.227328,17.727520
3868,traditional,0.060960,17.363968,0.229376,17.654304
3869,traditional,0.060128,17.329152,0.228352,17.617632
3870,traditional,0.059200,17.020928,0.229376,17.309504
3871,traditional,0.063776,16.929792,0.229376,17.222944
3872,traditional,0.063616,16.808960,0.227328,17.099904
3873,traditional,0.073024,15.676416,0.224256,15.973696
3874,traditional,0.059168,16.102400,0.227328,16.388896
3875,traditional,0.059904,16.252928,0.228352,16.541184
3876,traditional,0.060896,16.166912,0.230400,16.458208
3877,traditional,0.059872,15.405056,0.229376,15.694304
3878,traditional,0.059264,13.349888,0.194560,13.603712
3879,traditional,0.053024,10.218496,0.181248,10.452768
3880,traditional,0.047328,9.206784,0.165888,9.420000
3881,traditional,0.048352,9.108480,0.166912,9.323744
3882,traditional,0.046336,8.790016,0.160768,8.997120
3883,traditional,0.045792,8.602624,0.159744,8.808160
3884,traditional,0.045792,8.946688,0.306176,9.298656
3885,traditional,0.083840,14.061568,0.336896,14.482304
3886,traditional,0.083904,13.293568,0.188416,13.565888
3887,traditional,0.065312,12.613632,0.189440,12.868384
3888,traditional,0.064608,13.306880,0.360448,13.731936
3889,traditional,0.063968,12.522496,0.187392,12.773856
3890,traditional,0.052832,10.019840,0.187392,10.260064
3891,traditional,0.080384,11.757568,0.187392,12.025344
3892,traditional,0.068320,10.048512,0.187392,10.304224
3893,traditional,0.051296,8.674304,0.204800,8.930400
3894,traditional,0.057344,9.097216,0.201728,9.356288
3895,traditional,0.053280,8.803328,0.194560,9.051168
3896,traditional,0.052992,8.937472,0.203776,9.194240
3897,traditional,0.057568,9.266176,0.203776,9.527520
3898,traditional,0.061664,8.756224,0.192512,9.010400
3899,traditional,0.065312,8.923136,0.200704,9.189152
3900,traditional,0.079200,9.131008,0.189440,9.399648
3901,traditional,0.064640,8.694784,0.189440,8.948864
3902,traditional,0.050080,8.632320,0.187392,8.869792
3903,traditional,0.063744,8.607744,0.187392,8.858880
3904,traditional,0.051296,8.667136,0.188416,8.906848
3905,traditional,0.052352,8.512512,0.183296,8.748160
3906,traditional,0.052096,8.443904,0.182272,8.678272
3907,traditional,0.061536,7.861248,0.168960,8.091744
3908,traditional,0.059872,7.899136,0.169984,8.128992
3909,traditional,0.049888,7.909376,0.169984,8.129248
3910,traditional,0.081440,7.455744,0.172032,7.709216
3911,traditional,0.048928,7.187456,0.191488,7.427872
3912,traditional,0.062656,7.781376,0.191488,8.035520
3913,traditional,0.058912,7.782400,0.191488,8.032800
3914,traditional,0.057184,7.824384,0.192512,8.074080
3915,traditional,0.063264,7.891968,0.191488,8.146720
3916,traditional,0.062816,7.939072,0.192512,8.194400
3917,traditional,0.056416,7.300096,0.177152,7.533664
3918,traditional,0.061376,7.427072,0.179200,7.667648
3919,traditional,0.060320,7.293952,0.175104,7.529376
3920,traditional,0.059264,7.189504,0.172032,7.420800
3921,traditional,0.048768,7.186432,0.172032,7.407232
3922,traditional,0.044480,6.970368,0.165888,7.180736
3923,traditional,0.078304,7.691264,0.174080,7.943648
3924,traditional,0.046624,7.356416,0.174080,7.577120
3925,traditional,0.048864,7.196672,0.167936,7.413472
3926,traditional,0.071136,7.638016,0.175104,7.884256
3927,traditional,0.075840,8.144896,0.176128,8.396864
3928,traditional,0.046272,6.473728,0.177152,6.697152
3929,traditional,0.044352,6.145024,0.167936,6.357312
3930,traditional,0.044992,6.401024,0.173056,6.619072
3931,traditional,0.045536,6.425600,0.164864,6.636000
3932,traditional,0.056416,6.235136,0.164864,6.456416
3933,traditional,0.050432,7.095296,0.184320,7.330048
3934,traditional,0.046464,6.833152,0.175104,7.054720
3935,traditional,0.050400,6.975488,0.204800,7.230688
3936,traditional,0.053024,8.114176,0.204800,8.372000
3937,traditional,0.059776,7.934976,0.199680,8.194432
3938,traditional,0.062816,7.955456,0.200704,8.218976
3939,traditional,0.058112,8.313856,0.207872,8.579840
3940,traditional,0.049600,7.936000,0.198656,8.184256
3941,traditional,0.050336,8.181760,0.215040,8.447136
3942,traditional,0.051680,8.684544,0.212992,8.949216
3943,traditional,0.056192,8.646656,0.212992,8.915840
3944,traditional,0.062944,8.675328,0.214016,8.952288
3945,traditional,0.064512,8.772608,0.212992,9.050112
3946,traditional,0.065440,7.670784,0.215040,7.951264
3947,traditional,0.056896,7.669760,0.215040,7.941696
3948,traditional,0.051040,7.476224,0.206848,7.734112
3949,traditional,0.063776,7.600128,0.207872,7.871776
3950,traditional,0.052032,7.596032,0.207872,7.855936
3951,traditional,0.065024,6.999040,0.164864,7.228928
3952,traditional,0.046880,6.012928,0.163840,6.223648
3953,traditional,0.042720,5.860352,0.159744,6.062816
3954,traditional,0.043328,5.944320,0.159744,6.147392
3955,traditional,0.041824,6.039552,0.159744,6.241120
3956,traditional,0.043712,6.111232,0.159744,6.314688
3957,traditional,0.055232,6.116352,0.159744,6.331328
3958,traditional,0.042784,6.190080,0.159744,6.392608
3959,traditional,0.042592,6.206464,0.159744,6.408800
3960,traditional,0.046400,6.259712,0.160768,6.466880
3961,traditional,0.050976,6.273024,0.160768,6.484768
3962,traditional,0.048576,5.510144,0.157696,5.716416
3963,traditional,0.075840,5.606400,0.156672,5.838912
3964,traditional,0.055584,5.520384,0.156672,5.732640
3965,traditional,0.043104,5.579776,0.156672,5.779552
3966,traditional,0.042816,5.638144,0.155648,5.836608
3967,traditional,0.056864,5.710848,0.156672,5.924384
3968,traditional,0.055264,5.789696,0.155648,6.000608
3969,traditional,0.071488,6.604800,0.297984,6.974272
3970,traditional,0.044896,5.970944,0.157696,6.173536
3971,traditional,0.046464,6.054912,0.156672,6.258048
3972,traditional,0.055424,6.010880,0.155648,6.221952
3973,traditional,0.055776,6.071296,0.156672,6.283744
3974,traditional,0.045408,6.164480,0.155648,6.365536
3975,traditional,0.066112,7.474176,0.296960,7.837248
3976,traditional,0.075296,8.529920,0.185344,8.790560
3977,traditional,0.074016,7.663616,0.185344,7.922976
3978,traditional,0.050880,7.785472,0.184320,8.020672
3979,traditional,0.049504,8.178688,0.192512,8.420704
3980,traditional,0.047360,7.235584,0.174080,7.457024
3981,traditional,0.061120,7.634944,0.180224,7.876288
3982,traditional,0.058592,7.723008,0.182272,7.963872
3983,traditional,0.050016,7.962624,0.183296,8.195936
3984,traditional,0.060960,7.712768,0.175104,7.948832
3985,traditional,0.060192,7.993344,0.179200,8.232736
3986,traditional,0.048352,8.116224,0.179200,8.343776
3987,traditional,0.048800,8.202240,0.179200,8.430240
3988,traditional,0.060896,8.349696,0.179200,8.589792
3989,traditional,0.053152,8.393728,0.178176,8.625056
3990,traditional,0.062144,7.961600,0.157696,8.181440
3991,traditional,0.062400,7.636992,0.157696,7.857088
3992,traditional,0.045696,7.307264,0.149504,7.502464
3993,traditional,0.066496,7.455744,0.150528,7.672768
3994,traditional,0.044768,7.525376,0.149504,7.719648
3995,traditional,0.067232,10.884096,0.286720,11.238048
3996,traditional,0.042464,7.662592,0.149504,7.854560
3997,traditional,0.043488,13.036544,0.285696,13.365728
3998,traditional,0.066144,18.599936,0.300032,18.966112
3999,traditional,0.068832,14.082048,0.300032,14.450912
4000,traditional,0.068704,18.799616,0.301056,19.169376
4001,traditional,0.070208,19.694592,0.301056,20.065856
4002,traditional,0.084512,14.196736,0.301056,14.582304
4003,traditional,0.071424,19.700736,0.208896,19.981056
4004,traditional,0.062080,14.692352,0.220160,14.974592
4005,traditional,0.068736,14.246912,0.215040,14.530688
4006,traditional,0.059296,14.147584,0.208896,14.415776
4007,traditional,0.063328,14.765056,0.208896,15.037280
4008,traditional,0.069824,14.223360,0.207872,14.501056
4009,traditional,0.067264,15.368192,0.212992,15.648448
4010,traditional,0.054592,15.641600,0.211968,15.908160
4011,traditional,0.054880,15.872000,0.211968,16.138848
4012,traditional,0.058144,18.089984,0.208896,18.357024
4013,traditional,0.068000,18.526208,0.211968,18.806176
4014,traditional,0.058112,18.792448,0.211968,19.062528
4015,traditional,0.057952,17.389568,0.196608,17.644128
4016,traditional,0.055616,16.440320,0.187392,16.683328
4017,traditional,0.064544,15.748096,0.186368,15.999008
4018,traditional,0.051040,15.357952,0.182272,15.591264
4019,traditional,0.050944,15.322112,0.182272,15.555328
4020,traditional,0.050944,14.736384,0.175104,14.962432
4021,traditional,0.074016,14.999552,0.178176,15.251744
4022,traditional,0.055136,15.002624,0.177152,15.234912
4023,traditional,0.054976,14.989312,0.177152,15.221440
4024,traditional,0.076928,16.789504,0.188416,17.054848
4025,traditional,0.077376,16.485376,0.188416,16.751168
4026,traditional,0.065344,17.783808,0.193536,18.042688
4027,traditional,0.053888,17.793024,0.195584,18.042496
4028,traditional,0.053408,17.680384,0.193536,17.927328
4029,traditional,0.053728,17.767424,0.193536,18.014688
4030,traditional,0.053664,19.933184,0.193536,20.180384
4031,traditional,0.056320,17.804288,0.195584,18.056192
4032,traditional,0.053568,18.759680,0.374784,19.188032
4033,traditional,0.094400,19.017728,0.202752,19.314880
4034,traditional,0.063008,19.407872,0.226304,19.697184
4035,traditional,0.060128,21.053440,0.235520,21.349088
4036,traditional,0.063456,21.299200,0.233472,21.596128
4037,traditional,0.064576,21.995520,0.235520,22.295616
4038,traditional,0.062688,21.968896,0.235520,22.267104
4039,traditional,0.065504,22.096896,0.234496,22.396896
4040,traditional,0.063296,21.855232,0.233472,22.152000
4041,traditional,0.062848,21.512192,0.230400,21.805440
4042,traditional,0.062144,21.773312,0.232448,22.067904
4043,traditional,0.062912,21.664768,0.234496,21.962176
4044,traditional,0.076288,19.564544,0.178176,19.819008
4045,traditional,0.051200,16.440320,0.172032,16.663552
4046,traditional,0.049504,17.638400,0.330752,18.018656
4047,traditional,0.094560,19.407872,0.171008,19.673440
4048,traditional,0.050400,15.777792,0.317440,16.145632
4049,traditional,0.075104,24.804352,0.164864,25.044320
4050,traditional,0.056256,23.660544,0.317440,24.034240
4051,traditional,0.074624,26.560512,0.318464,26.953600
4052,traditional,0.075776,24.425472,0.172032,24.673280
4053,traditional,0.049120,23.932928,0.240640,24.222688
4054,traditional,0.068480,23.505920,0.253952,23.828352
4055,traditional,0.067552,23.684096,0.247808,23.999456
4056,traditional,0.067680,23.126016,0.242688,23.436384
4057,traditional,0.066720,22.994944,0.243712,23.305376
4058,traditional,0.064384,22.916096,0.243712,23.224192
4059,traditional,0.065504,23.892992,0.245760,24.204256
4060,traditional,0.077344,23.662592,0.243712,23.983648
4061,traditional,0.064960,23.485440,0.182272,23.732672
4062,traditional,0.053312,17.636352,0.182272,17.871936
4063,traditional,0.054528,16.871424,0.174080,17.100032
4064,traditional,0.062272,19.895296,0.326656,20.284224
4065,traditional,0.076288,23.160832,0.327680,23.564800
4066,traditional,0.053216,21.443584,0.171008,21.667808
4067,traditional,0.058144,23.952384,0.172032,24.182560
4068,traditional,0.049536,24.039424,0.172032,24.260992
4069,traditional,0.050624,23.727104,0.328704,24.106432
4070,traditional,0.077632,23.792640,0.173056,24.043328
4071,traditional,0.049760,24.244224,0.222208,24.516192
4072,traditional,0.071936,22.424576,0.228352,22.724864
4073,traditional,0.061472,22.353920,0.227328,22.642720
4074,traditional,0.065824,22.356992,0.229376,22.652192
4075,traditional,0.061888,22.717440,0.235520,23.014848
4076,traditional,0.073984,22.756352,0.230400,23.060736
4077,traditional,0.063360,22.419456,0.229376,22.712192
4078,traditional,0.061760,22.523904,0.231424,22.817088
4079,traditional,0.061536,21.305344,0.179200,21.546080
4080,traditional,0.050112,17.507328,0.179200,17.736640
4081,traditional,0.054272,20.191232,0.171008,20.416512
4082,traditional,0.049824,22.666240,0.332800,23.048864
4083,traditional,0.078144,24.429568,0.330752,24.838464
4084,traditional,0.078560,24.407040,0.334848,24.820448
4085,traditional,0.079136,24.697856,0.333824,25.110816
4086,traditional,0.079328,24.592384,0.331776,25.003488
4087,traditional,0.077472,24.360960,0.333824,24.772256
4088,traditional,0.079456,24.772608,0.335872,25.187936
4089,traditional,0.080192,25.095168,0.218112,25.393472
4090,traditional,0.060448,22.660096,0.226304,22.946848
4091,traditional,0.062400,22.571008,0.226304,22.859712
4092,traditional,0.062336,22.743040,0.228352,23.033728
4093,traditional,0.065888,22.908928,0.227328,23.202144
4094,traditional,0.062432,22.562816,0.222208,22.847456
4095,traditional,0.062304,22.767616,0.226304,23.056224
4096,traditional,0.063712,22.572032,0.221184,22.856928
4097,traditional,0.063744,22.163456,0.198656,22.425856
4098,traditional,0.058272,19.969024,0.195584,20.222880
4099,traditional,0.058208,19.507200,0.191488,19.756896
4100,traditional,0.054304,19.342336,0.191488,19.588128
4101,traditional,0.055296,21.831680,0.190464,22.077440
4102,traditional,0.067168,19.550208,0.366592,19.983968
4103,traditional,0.090528,23.304192,0.367616,23.762336
4104,traditional,0.062624,19.622912,0.194560,19.880096
4105,traditional,0.056000,22.224896,0.191488,22.472384
4106,traditional,0.054432,21.933056,0.373760,22.361248
4107,traditional,0.089088,22.540288,0.236544,22.865920
4108,traditional,0.065536,24.549376,0.240640,24.855552
4109,traditional,0.065728,24.708096,0.242688,25.016512
4110,traditional,0.066304,25.041920,0.243712,25.351936
4111,traditional,0.066240,25.146368,0.243712,25.456320
4112,traditional,0.066560,24.854528,0.240640,25.161728
4113,traditional,0.066400,24.739840,0.239616,25.045856
4114,traditional,0.065888,24.872960,0.237568,25.176416
4115,traditional,0.065728,21.088256,0.181248,21.335232
4116,traditional,0.057056,18.358272,0.174080,18.589408
4117,traditional,0.051104,22.867968,0.172032,23.091104
4118,traditional,0.056800,22.870016,0.163840,23.090656
4119,traditional,0.050592,25.747456,0.330752,26.128800
4120,traditional,0.081248,26.303488,0.333824,26.718560
4121,traditional,0.086592,26.439680,0.334848,26.861120
4122,traditional,0.080192,26.467328,0.333824,26.881344
4123,traditional,0.091424,26.416128,0.330752,26.838304
4124,traditional,0.082048,28.169216,0.269312,28.520576
4125,traditional,0.074656,28.205056,0.264192,28.543904
4126,traditional,0.072928,27.769856,0.264192,28.106976
4127,traditional,0.071744,27.686912,0.264192,28.022848
4128,traditional,0.072640,27.728896,0.264192,28.065728
4129,traditional,0.072800,27.312128,0.259072,27.644000
4130,traditional,0.071168,27.223040,0.260096,27.554304
4131,traditional,0.072000,22.948864,0.185344,23.206208
4132,traditional,0.054432,18.716672,0.174080,18.945184
4133,traditional,0.052640,18.125824,0.327680,18.506144
4134,traditional,0.080800,25.312256,0.167936,25.560992
4135,traditional,0.062464,22.883328,0.172032,23.117824
4136,traditional,0.051456,26.525696,0.173056,26.750208
4137,traditional,0.050944,22.968320,0.171008,23.190272
4138,traditional,0.056384,27.705344,0.171008,27.932736
4139,traditional,0.050688,26.042368,0.227328,26.320384
4140,traditional,0.063392,23.918592,0.229376,24.211360
4141,traditional,0.063136,24.054784,0.231424,24.349344
4142,traditional,0.063872,24.721408,0.223232,25.008512
4143,traditional,0.066304,24.600576,0.221184,24.888064
4144,traditional,0.065408,24.530944,0.222208,24.818560
4145,traditional,0.091136,24.493056,0.219136,24.803328
4146,traditional,0.073856,24.307712,0.218112,24.599680
4147,traditional,0.075712,24.231936,0.217088,24.524736
4148,traditional,0.064864,22.928384,0.201728,23.194976
4149,traditional,0.060544,22.181888,0.198656,22.441088
4150,traditional,0.060224,21.819392,0.197632,22.077248
4151,traditional,0.059232,21.757952,0.197632,22.014816
4152,traditional,0.060320,21.808128,0.198656,22.067104
4153,traditional,0.060800,21.774336,0.196608,22.031744
4154,traditional,0.060128,21.752832,0.197632,22.010592
4155,traditional,0.059552,21.806080,0.196608,22.062240
4156,traditional,0.059488,21.822464,0.197632,22.079584
4157,traditional,0.062272,21.766144,0.191488,22.019904
4158,traditional,0.057376,21.198848,0.189440,21.445664
4159,traditional,0.057088,20.854784,0.188416,21.100288
4160,traditional,0.059328,20.803584,0.188416,21.051328
4161,traditional,0.064672,20.802560,0.187392,21.054624
4162,traditional,0.057120,20.852736,0.188416,21.098272
4163,traditional,0.060704,23.118848,0.187392,23.366944
4164,traditional,0.055808,20.701184,0.199680,20.956672
4165,traditional,0.055648,23.189504,0.198656,23.443808
4166,traditional,0.058560,20.823040,0.200704,21.082304
4167,traditional,0.055616,22.806528,0.194560,23.056704
4168,traditional,0.053824,22.435840,0.190464,22.680128
4169,traditional,0.052768,22.378496,0.190464,22.621728
4170,traditional,0.053984,24.846336,0.188416,25.088736
4171,traditional,0.053120,22.590464,0.196608,22.840192
4172,traditional,0.053856,22.813696,0.193536,23.061088
4173,traditional,0.055808,22.425600,0.190464,22.671872
4174,traditional,0.053792,24.625152,0.189440,24.868384
4175,traditional,0.056928,23.025664,0.207872,23.290464
4176,traditional,0.057728,21.908480,0.211968,22.178176
4177,traditional,0.058112,22.409216,0.216064,22.683392
4178,traditional,0.058144,22.319104,0.212992,22.590240
4179,traditional,0.058368,22.267904,0.211968,22.538240
4180,traditional,0.057888,22.222848,0.211968,22.492704
4181,traditional,0.066944,22.310912,0.212992,22.590848
4182,traditional,0.059360,22.358016,0.212992,22.630368
4183,traditional,0.056800,22.320128,0.214016,22.590944
4184,traditional,0.058208,22.365184,0.212992,22.636384
4185,traditional,0.057696,22.447104,0.215040,22.719840
4186,traditional,0.061472,22.417408,0.212992,22.691872
4187,traditional,0.058336,22.384640,0.203776,22.646752
4188,traditional,0.066240,22.409216,0.201728,22.677184
4189,traditional,0.062528,22.213632,0.202752,22.478912
4190,traditional,0.057248,22.354944,0.202752,22.614944
4191,traditional,0.057696,22.343680,0.202752,22.604128
4192,traditional,0.058112,22.420480,0.203776,22.682368
4193,traditional,0.067584,22.522880,0.204800,22.795264
4194,traditional,0.059776,22.053888,0.199680,22.313344
4195,traditional,0.069440,21.726208,0.198656,21.994304
4196,traditional,0.059712,21.412864,0.195584,21.668160
4197,traditional,0.056448,21.243904,0.192512,21.492864
4198,traditional,0.057472,21.238784,0.193536,21.489792
4199,traditional,0.055744,23.667712,0.196608,23.920064
4200,traditional,0.060640,21.533696,0.195584,21.789920
4201,traditional,0.056928,21.563392,0.195584,21.815904
4202,traditional,0.057824,21.556224,0.196608,21.810656
4203,traditional,0.062528,24.471552,0.205824,24.739904
4204,traditional,0.057984,22.689792,0.205824,22.953600
4205,traditional,0.060448,22.447104,0.203776,22.711328
4206,traditional,0.062752,22.325248,0.202752,22.590752
4207,traditional,0.057984,22.405120,0.212992,22.676096
4208,traditional,0.058144,22.351872,0.203776,22.613792
4209,traditional,0.059008,22.519808,0.203776,22.782592
4210,traditional,0.059232,22.385664,0.205824,22.650720
4211,traditional,0.059136,22.233088,0.205824,22.498048
4212,traditional,0.059008,22.235136,0.205824,22.499968
4213,traditional,0.058464,22.393856,0.205824,22.658144
4214,traditional,0.058016,22.282240,0.205824,22.546080
4215,traditional,0.058656,22.257664,0.204800,22.521120
4216,traditional,0.058016,22.420480,0.206848,22.685344
4217,traditional,0.063360,22.559744,0.210944,22.834048
4218,traditional,0.059392,22.359040,0.205824,22.624256
4219,traditional,0.059168,22.578176,0.206848,22.844192
4220,traditional,0.058176,22.436864,0.202752,22.697792
4221,traditional,0.058208,21.951488,0.204800,22.214496
4222,traditional,0.057248,21.729280,0.202752,21.989280
4223,traditional,0.057248,21.617664,0.201728,21.876640
4224,traditional,0.057856,21.502976,0.201728,21.762560
4225,traditional,0.069024,21.614592,0.201728,21.885344
4226,traditional,0.056640,23.734272,0.199680,23.990592
4227,traditional,0.061888,21.436416,0.200704,21.699008
4228,traditional,0.068864,21.081088,0.199680,21.349632
4229,traditional,0.055008,23.378944,0.196608,23.630560
4230,traditional,0.056160,21.670912,0.227328,21.954400
4231,traditional,0.062272,24.459264,0.232448,24.753984
4232,traditional,0.064224,24.971264,0.238592,25.274080
4233,traditional,0.076864,25.300992,0.238592,25.616448
4234,traditional,0.074816,24.981504,0.236544,25.292864
4235,traditional,0.067904,24.679424,0.233472,24.980800
4236,traditional,0.063456,24.450048,0.234496,24.748000
4237,traditional,0.063488,24.599552,0.235520,24.898560
4238,traditional,0.063136,23.938048,0.209920,24.211104
4239,traditional,0.060256,21.613568,0.198656,21.872480
4240,traditional,0.054272,20.409344,0.190464,20.654080
4241,traditional,0.057312,19.537920,0.186368,19.781600
4242,traditional,0.052096,21.710848,0.186368,21.949312
4243,traditional,0.052896,21.853184,0.187392,22.093472
4244,traditional,0.053440,24.323072,0.184320,24.560832
4245,traditional,0.053088,21.796864,0.189440,22.039392
4246,traditional,0.056704,26.421248,0.187392,26.665344
4247,traditional,0.065056,23.249920,0.223232,23.538208
4248,traditional,0.058848,23.107584,0.232448,23.398880
4249,traditional,0.062720,23.863296,0.231424,24.157440
4250,traditional,0.060864,23.773184,0.229376,24.063424
4251,traditional,0.064960,23.441408,0.230400,23.736768
4252,traditional,0.062944,23.587840,0.229376,23.880160
4253,traditional,0.061728,23.723008,0.233472,24.018208
4254,traditional,0.073792,23.702528,0.234496,24.010816
4255,traditional,0.062528,23.378944,0.208896,23.650368
4256,traditional,0.057472,21.043200,0.208896,21.309568
4257,traditional,0.305024,20.230144,0.202752,20.737920
4258,traditional,0.058048,20.373504,0.203776,20.635328
4259,traditional,0.055168,20.463616,0.201728,20.720512
4260,traditional,0.055328,20.407296,0.201728,20.664352
4261,traditional,0.055456,20.352000,0.202752,20.610208
4262,traditional,0.055392,20.363264,0.201728,20.620384
4263,traditional,0.054528,20.317184,0.201728,20.573440
4264,traditional,0.054496,22.303744,0.384000,22.742240
4265,traditional,0.090976,20.480000,0.202752,20.773728
4266,traditional,0.054400,21.471232,0.237568,21.763200
4267,traditional,0.062176,23.864320,0.239616,24.166112
4268,traditional,0.062336,24.694784,0.244736,25.001856
4269,traditional,0.075360,24.495104,0.243712,24.814176
4270,traditional,0.064800,24.358912,0.242688,24.666400
4271,traditional,0.070496,24.411136,0.243712,24.725344
4272,traditional,0.072128,24.379392,0.242688,24.694208
4273,traditional,0.073312,24.364032,0.241664,24.679008
4274,traditional,0.064832,23.538688,0.209920,23.813440
4275,traditional,0.057664,20.551680,0.194560,20.803904
4276,traditional,0.055840,19.037184,0.187392,19.280416
4277,traditional,0.051232,18.432000,0.183296,18.666528
4278,traditional,0.074560,23.325696,0.181248,23.581504
4279,traditional,0.051392,22.531072,0.343040,22.925504
4280,traditional,0.078016,23.582720,0.180224,23.840960
4281,traditional,0.050240,23.952384,0.352256,24.354880
4282,traditional,0.081856,24.803328,0.184320,25.069504
4283,traditional,0.054816,24.025088,0.185344,24.265248
4284,traditional,0.050976,22.114304,0.233472,22.398752
4285,traditional,0.062784,24.961024,0.253952,25.277760
4286,traditional,0.066432,24.390656,0.241664,24.698752
4287,traditional,0.063136,23.873536,0.238592,24.175264
4288,traditional,0.062976,23.749632,0.239616,24.052224
4289,traditional,0.063904,23.757824,0.239616,24.061344
4290,traditional,0.064032,23.770112,0.236544,24.070688
4291,traditional,0.063264,23.472128,0.207872,23.743264
4292,traditional,0.058880,20.588544,0.202752,20.850176
4293,traditional,0.053376,19.140608,0.184320,19.378304
4294,traditional,0.052672,20.860928,0.181248,21.094848
4295,traditional,0.062048,21.548032,0.342016,21.952096
4296,traditional,0.079168,23.967744,0.182272,24.229184
4297,traditional,0.052864,23.193600,0.344064,23.590528
4298,traditional,0.081152,22.242304,0.345088,22.668544
4299,traditional,0.080192,24.183808,0.184320,24.448320
4300,traditional,0.051488,23.518208,0.183296,23.752992
4301,traditional,0.051584,23.764992,0.220160,24.036736
4302,traditional,0.060160,22.216704,0.226304,22.503168
4303,traditional,0.084256,22.370304,0.225280,22.679840
4304,traditional,0.060800,22.390784,0.225280,22.676864
4305,traditional,0.059840,22.226944,0.223232,22.510016
4306,traditional,0.060992,22.324224,0.223232,22.608448
4307,traditional,0.059840,22.369280,0.223232,22.652352
4308,traditional,0.060064,21.799936,0.222208,22.082208
4309,traditional,0.059872,21.804032,0.224256,22.088160
4310,traditional,0.068864,21.773312,0.218112,22.060288
4311,traditional,0.060576,21.130240,0.217088,21.407904
4312,traditional,0.058752,21.345280,0.215040,21.619072
4313,traditional,0.059136,21.194752,0.214016,21.467904
4314,traditional,0.058784,21.051392,0.211968,21.322144
4315,traditional,0.060576,21.132288,0.214016,21.406880
4316,traditional,0.057824,21.219328,0.212992,21.490144
4317,traditional,0.057120,21.313536,0.212992,21.583648
4318,traditional,0.057056,21.285888,0.212992,21.555936
4319,traditional,0.058336,20.746240,0.211968,21.016544
4320,traditional,0.056800,20.660224,0.209920,20.926944
4321,traditional,0.057088,20.681728,0.211968,20.950784
4322,traditional,0.056544,20.940800,0.214016,21.211360
4323,traditional,0.061312,21.107712,0.214016,21.383040
4324,traditional,0.058240,21.015552,0.211968,21.285760
4325,traditional,0.057856,20.864000,0.210944,21.132800
4326,traditional,0.067840,21.020672,0.211968,21.300480
4327,traditional,0.058304,21.106688,0.211968,21.376960
4328,traditional,0.056960,21.204992,0.211968,21.473920
4329,traditional,0.056928,21.161984,0.212992,21.431904
4330,traditional,0.057184,21.288960,0.210944,21.557088
4331,traditional,0.055552,20.421632,0.210944,20.688128
4332,traditional,0.056288,20.353024,0.210944,20.620256
4333,traditional,0.057056,20.065280,0.210944,20.333280
4334,traditional,0.056160,19.831808,0.211968,20.099936
4335,traditional,0.057312,19.614720,0.223232,19.895264
4336,traditional,0.058048,19.276800,0.211968,19.546816
4337,traditional,0.069248,19.141632,0.210944,19.421824
4338,traditional,0.056864,18.919424,0.210944,19.187232
4339,traditional,0.057824,18.675712,0.210944,18.944480
4340,traditional,0.067872,18.538496,0.210944,18.817312
4341,traditional,0.067840,18.367488,0.210944,18.646272
4342,traditional,0.057216,18.153472,0.211968,18.422656
4343,traditional,0.061568,17.969152,0.210944,18.241664
4344,traditional,0.056352,15.909888,0.209920,16.176160
4345,traditional,0.061216,15.774720,0.209920,16.045856
4346,traditional,0.075456,14.812160,0.205824,15.093440
4347,traditional,0.069376,15.331328,0.206848,15.607552
4348,traditional,0.055744,15.300608,0.209920,15.566272
4349,traditional,0.074432,14.442496,0.209920,14.726848
4350,traditional,0.058016,15.110144,0.207872,15.376032
4351,traditional,0.069696,13.833216,0.195584,14.098496
4352,traditional,0.058720,13.152256,0.196608,13.407584
4353,traditional,0.072128,12.939264,0.194560,13.205952
4354,traditional,0.067616,12.847104,0.194560,13.109280
4355,traditional,0.063872,12.762112,0.190464,13.016448
4356,traditional,0.066176,12.490752,0.191488,12.748416
4357,traditional,0.064608,12.594176,0.194560,12.853344
4358,traditional,0.053280,12.504064,0.192512,12.749856
4359,traditional,0.066976,10.338304,0.183296,10.588576
4360,traditional,0.051520,9.972736,0.183296,10.207552
4361,traditional,0.052800,9.839616,0.182272,10.074688
4362,traditional,0.052032,9.826304,0.182272,10.060608
4363,traditional,0.051936,9.718784,0.181248,9.951968
4364,traditional,0.051712,9.677824,0.190464,9.920000
4365,traditional,0.050720,9.540608,0.175104,9.766432
4366,traditional,0.063136,9.475072,0.331776,9.869984
4367,traditional,0.085664,9.377792,0.169984,9.633440
4368,traditional,0.077696,11.175936,0.184320,11.437952
4369,traditional,0.080352,10.308608,0.185344,10.574304
4370,traditional,0.049344,9.543680,0.178176,9.771200
4371,traditional,0.056448,9.618432,0.180224,9.855104
4372,traditional,0.053376,9.479168,0.176128,9.708672
4373,traditional,0.051968,9.428992,0.328704,9.809664
4374,traditional,0.075072,9.459712,0.169984,9.704768
4375,traditional,0.074176,10.590208,0.183296,10.847680
4376,traditional,0.078912,10.507264,0.183296,10.769472
4377,traditional,0.062432,8.018944,0.177152,8.258528
4378,traditional,0.050496,7.914496,0.173056,8.138048
4379,traditional,0.046112,7.232512,0.157696,7.436320
4380,traditional,0.047584,7.302144,0.158720,7.508448
4381,traditional,0.051424,7.303168,0.158720,7.513312
4382,traditional,0.046112,7.343104,0.157696,7.546912
4383,traditional,0.059872,7.063552,0.152576,7.276000
4384,traditional,0.044480,7.096320,0.259072,7.399872
4385,traditional,0.044736,7.090176,0.152576,7.287488
4386,traditional,0.045152,7.235584,0.154624,7.435360
4387,traditional,0.045344,7.657472,0.165888,7.868704
4388,traditional,0.046272,7.843840,0.166912,8.057024
4389,traditional,0.049568,7.604224,0.164864,7.818656
4390,traditional,0.068896,8.136704,0.157696,8.363296
4391,traditional,0.046112,8.875008,0.204800,9.125920
4392,traditional,0.058304,8.430592,0.205824,8.694720
4393,traditional,0.060480,8.698880,0.211968,8.971328
4394,traditional,0.055104,8.910848,0.236544,9.202496
4395,traditional,0.059904,8.986624,0.212992,9.259520
4396,traditional,0.055456,8.950784,0.212992,9.219232
4397,traditional,0.058400,8.755200,0.208896,9.022496
4398,traditional,0.056768,9.014272,0.219136,9.290176
4399,traditional,0.058016,9.329664,0.218112,9.605792
4400,traditional,0.052576,8.837120,0.206848,9.096544
4401,traditional,0.065088,9.291776,0.220160,9.577024
4402,traditional,0.068192,9.552896,0.221184,9.842272
4403,traditional,0.053600,9.139200,0.211968,9.404768
4404,traditional,0.067296,9.292800,0.212992,9.573088
4405,traditional,0.064064,9.346048,0.210944,9.621056
4406,traditional,0.057152,9.372672,0.192512,9.622336
4407,traditional,0.059552,7.705600,0.172032,7.937184
4408,traditional,0.068384,7.261184,0.161792,7.491360
4409,traditional,0.046016,7.262208,0.153600,7.461824
4410,traditional,0.056640,5.835776,0.153600,6.046016
4411,traditional,0.068864,5.734400,0.153600,5.956864
4412,traditional,0.054976,5.798912,0.152576,6.006464
4413,traditional,0.055648,5.835776,0.152576,6.044000
4414,traditional,0.042976,5.818368,0.152576,6.013920
4415,traditional,0.054560,5.829632,0.152576,6.036768
4416,traditional,0.042432,5.933056,0.152576,6.128064
4417,traditional,0.042368,6.011904,0.152576,6.206848
4418,traditional,0.045440,6.126592,0.152576,6.324608
4419,traditional,0.055072,6.273024,0.152576,6.480672
4420,traditional,0.041824,6.268928,0.240640,6.551392
4421,traditional,0.054592,6.402048,0.152576,6.609216
4422,traditional,0.052736,6.564864,0.155648,6.773248
4423,traditional,0.042656,6.549504,0.152576,6.744736
4424,traditional,0.042240,6.759424,0.287744,7.089408
4425,traditional,0.043584,6.419456,0.151552,6.614592
4426,traditional,0.045312,6.500352,0.151552,6.697216
4427,traditional,0.044736,5.618688,0.154624,5.818048
4428,traditional,0.044352,5.751808,0.154624,5.950784
4429,traditional,0.042464,5.764096,0.286720,6.093280
4430,traditional,0.043840,5.596160,0.258048,5.898048
4431,traditional,0.042912,5.694464,0.158720,5.896096
4432,traditional,0.043232,5.706752,0.158720,5.908704
4433,traditional,0.056224,7.260160,0.303104,7.619488
4434,traditional,0.047360,5.829632,0.159744,6.036736
4435,traditional,0.064032,6.665216,0.304128,7.033376
4436,traditional,0.058240,6.697984,0.179200,6.935424
4437,traditional,0.057280,7.242752,0.202752,7.502784
4438,traditional,0.061504,7.699456,0.203776,7.964736
4439,traditional,0.060768,7.325696,0.192512,7.578976
4440,traditional,0.047552,7.519232,0.196608,7.763392
4441,traditional,0.051936,7.666688,0.197632,7.916256
4442,traditional,0.047712,7.392256,0.188416,7.628384
4443,traditional,0.049120,7.499776,0.189440,7.738336
4444,traditional,0.050336,6.740992,0.183296,6.974624
4445,traditional,0.059904,6.252544,0.165888,6.478336
4446,traditional,0.045088,6.258688,0.164864,6.468640
4447,traditional,0.044352,6.313984,0.163840,6.522176
4448,traditional,0.048480,6.582272,0.167936,6.798688
4449,traditional,0.047104,6.203392,0.156672,6.407168
4450,traditional,0.043008,6.291456,0.156672,6.491136
4451,traditional,0.042624,6.324224,0.155648,6.522496
4452,traditional,0.046208,6.325248,0.152576,6.524032
4453,traditional,0.042912,6.361088,0.152576,6.556576
4454,traditional,0.042944,6.512640,0.152576,6.708160
4455,traditional,0.065984,6.641664,0.152576,6.860224
4456,traditional,0.043776,6.638592,0.153600,6.835968
4457,traditional,0.043264,6.724608,0.152576,6.920448
4458,traditional,0.056160,8.258560,0.290816,8.605536
4459,traditional,0.043072,8.733696,0.284672,9.061440
4460,traditional,0.066560,9.269248,0.284672,9.620480
4461,traditional,0.059616,9.234432,0.200704,9.494752
4462,traditional,0.061984,10.000384,0.212992,10.275360
4463,traditional,0.056832,10.216448,0.212992,10.486272
4464,traditional,0.058848,10.351616,0.214016,10.624480
4465,traditional,0.068544,10.494976,0.212992,10.776512
4466,traditional,0.068320,10.653696,0.210944,10.932960
4467,traditional,0.067168,10.784768,0.212992,11.064928
4468,traditional,0.059904,11.001856,0.212992,11.274752
4469,traditional,0.056928,10.862592,0.206848,11.126368
4470,traditional,0.055200,11.015168,0.206848,11.277216
4471,traditional,0.078336,11.088896,0.202752,11.369984
4472,traditional,0.053504,11.023360,0.200704,11.277568
4473,traditional,0.066080,11.186176,0.200704,11.452960
4474,traditional,0.054496,9.565184,0.165888,9.785568
4475,traditional,0.047904,9.234432,0.159744,9.442080
4476,traditional,0.045920,10.285056,0.151552,10.482528
4477,traditional,0.047936,14.863360,0.292864,15.204160
4478,traditional,0.068512,16.332800,0.293888,16.695200
4479,traditional,0.068928,18.679808,0.324608,19.073344
4480,traditional,0.075360,17.115136,0.168960,17.359456
4481,traditional,0.047840,17.948672,0.168960,18.165472
4482,traditional,0.048704,16.834560,0.325632,17.208896
4483,traditional,0.078464,18.770944,0.168960,19.018368
4484,traditional,0.056416,18.810880,0.324608,19.191904
4485,traditional,0.074656,21.008384,0.220160,21.303200
4486,traditional,0.062784,17.874944,0.229376,18.167104
4487,traditional,0.064448,18.453504,0.223232,18.741184
4488,traditional,0.059296,18.393088,0.224256,18.676640
4489,traditional,0.068640,18.575360,0.223232,18.867232
4490,traditional,0.061664,20.023296,0.222208,20.307168
4491,traditional,0.061152,19.913728,0.219136,20.194016
4492,traditional,0.060224,19.631104,0.221184,19.912512
4493,traditional,0.061056,19.901440,0.222208,20.184704
4494,traditional,0.067072,19.843072,0.220160,20.130304
4495,traditional,0.059744,19.048448,0.193536,19.301728
4496,traditional,0.065760,17.293312,0.194560,17.553632
4497,traditional,0.054144,17.241088,0.193536,17.488768
4498,traditional,0.066784,16.608256,0.193536,16.868576
4499,traditional,0.053472,17.251328,0.193536,17.498336
4500,traditional,0.053216,17.267712,0.193536,17.514464
4501,traditional,0.065600,17.359872,0.193536,17.619008
4502,traditional,0.052544,17.215488,0.193536,17.461568
4503,traditional,0.056704,18.003968,0.193536,18.254208
4504,traditional,0.066272,17.250304,0.194560,17.511136
4505,traditional,0.054336,17.924096,0.193536,18.171968
4506,traditional,0.053440,17.976320,0.194560,18.224320
4507,traditional,0.053760,18.733056,0.435200,19.222016
4508,traditional,0.097888,22.401024,0.235520,22.734432
4509,traditional,0.061824,21.654528,0.233472,21.949824
4510,traditional,0.061952,21.490688,0.233472,21.786112
4511,traditional,0.070048,21.509120,0.236544,21.815712
4512,traditional,0.062816,21.328896,0.233472,21.625184
4513,traditional,0.062336,21.275648,0.231424,21.569408
4514,traditional,0.061856,21.175296,0.233472,21.470624
4515,traditional,0.063072,21.828608,0.231424,22.123104
4516,traditional,0.074048,21.857280,0.230400,22.161728
4517,traditional,0.064288,16.880640,0.178176,17.123104
4518,traditional,0.051264,16.330752,0.173056,16.555072
4519,traditional,0.049824,20.931584,0.169984,21.151392
4520,traditional,0.049952,22.223872,0.329728,22.603552
4521,traditional,0.077472,22.846464,0.327680,23.251616
4522,traditional,0.077056,23.239680,0.172032,23.488768
4523,traditional,0.049984,21.924864,0.332800,22.307648
4524,traditional,0.081888,23.263232,0.173056,23.518176
4525,traditional,0.049792,23.727104,0.173056,23.949952
4526,traditional,0.061600,22.122496,0.224256,22.408352
4527,traditional,0.061248,20.782080,0.219136,21.062464
4528,traditional,0.059744,21.118976,0.226304,21.405024
4529,traditional,0.061568,21.675008,0.226304,21.962880
4530,traditional,0.065664,21.628928,0.226304,21.920896
4531,traditional,0.068160,21.690368,0.226304,21.984832
4532,traditional,0.062112,21.587968,0.226304,21.876384
4533,traditional,0.061152,21.635072,0.227328,21.923552
4534,traditional,0.060928,21.528576,0.226304,21.815808
4535,traditional,0.060768,19.324928,0.197632,19.583328
4536,traditional,0.054624,18.713600,0.197632,18.965856
4537,traditional,0.057536,18.646016,0.196608,18.900160
4538,traditional,0.055488,19.299328,0.197632,19.552448
4539,traditional,0.054944,19.203072,0.196608,19.454624
4540,traditional,0.055584,19.233792,0.196608,19.485984
4541,traditional,0.054848,19.262464,0.198656,19.515968
4542,traditional,0.055424,19.155968,0.197632,19.409024
4543,traditional,0.055264,21.643264,0.197632,21.896160
4544,traditional,0.054560,19.181568,0.197632,19.433760
4545,traditional,0.053600,21.811200,0.189440,22.054240
4546,traditional,0.055744,21.505024,0.230400,21.791168
4547,traditional,0.062816,22.329344,0.228352,22.620512
4548,traditional,0.061760,22.762496,0.234496,23.058752
4549,traditional,0.063808,22.823936,0.235520,23.123264
4550,traditional,0.062496,22.704128,0.234496,23.001120
4551,traditional,0.063936,23.307264,0.235520,23.606720
4552,traditional,0.062912,23.433216,0.238592,23.734720
4553,traditional,0.074432,23.463936,0.236544,23.774912
4554,traditional,0.062592,22.578176,0.181248,22.822016
4555,traditional,0.052576,17.734656,0.180224,17.967456
4556,traditional,0.051744,19.847168,0.174080,20.072992
4557,traditional,0.050560,22.408192,0.330752,22.789504
4558,traditional,0.077600,24.185856,0.333824,24.597280
4559,traditional,0.080832,24.322048,0.207872,24.610752
4560,traditional,0.077792,24.547328,0.175104,24.800224
4561,traditional,0.050208,24.652800,0.174080,24.877088
4562,traditional,0.051520,24.919040,0.174080,25.144640
4563,traditional,0.051840,27.999232,0.232448,28.283520
4564,traditional,0.063968,24.205312,0.242688,24.511968
4565,traditional,0.066272,23.576576,0.233472,23.876320
4566,traditional,0.063840,23.239680,0.232448,23.535968
4567,traditional,0.075328,23.089152,0.230400,23.394880
4568,traditional,0.066272,23.407616,0.236544,23.710432
4569,traditional,0.063968,23.328768,0.232448,23.625184
4570,traditional,0.063456,23.005184,0.229376,23.298016
4571,traditional,0.062528,21.944320,0.172032,22.178880
4572,traditional,0.052576,18.134016,0.166912,18.353504
4573,traditional,0.050848,20.695040,0.315392,21.061280
4574,traditional,0.080704,25.158656,0.167936,25.407296
4575,traditional,0.051296,22.716416,0.166912,22.934624
4576,traditional,0.057728,25.401344,0.166912,25.625984
4577,traditional,0.076064,25.562112,0.314368,25.952544
4578,traditional,0.081824,25.416704,0.315392,25.813920
4579,traditional,0.081920,26.983424,0.166912,27.232256
4580,traditional,0.050624,26.068992,0.422912,26.542528
4581,traditional,0.105376,26.402816,0.230400,26.738592
4582,traditional,0.076832,24.999936,0.230400,25.307168
4583,traditional,0.071296,24.890368,0.228352,25.190016
4584,traditional,0.066112,24.596480,0.226304,24.888896
4585,traditional,0.072416,24.696832,0.227328,24.996576
4586,traditional,0.070112,24.772608,0.231424,25.074144
4587,traditional,0.068032,25.004032,0.227328,25.299392
4588,traditional,0.076640,23.475200,0.174080,23.725920
4589,traditional,0.053760,18.702336,0.165888,18.921984
4590,traditional,0.051072,20.797440,0.165888,21.014400
4591,traditional,0.051712,23.037952,0.180224,23.269888
4592,traditional,0.078432,26.729472,0.332800,27.140704
4593,traditional,0.077344,26.226688,0.331776,26.635808
4594,traditional,0.076416,25.653248,0.332800,26.062464
4595,traditional,0.076448,25.594880,0.333824,26.005152
4596,traditional,0.078400,26.436608,0.438272,26.953280
4597,traditional,0.098624,24.819712,0.226304,25.144640
4598,traditional,0.061728,23.717888,0.226304,24.005920
4599,traditional,0.061312,23.865344,0.228352,24.155008
4600,traditional,0.061472,23.689216,0.225280,23.975968
4601,traditional,0.066080,23.515136,0.228352,23.809568
4602,traditional,0.060704,23.786496,0.225280,24.072480
4603,traditional,0.061600,23.472128,0.225280,23.759008
4604,traditional,0.060800,23.708672,0.228352,23.997824
4605,traditional,0.061696,23.810048,0.228352,24.100096
4606,traditional,0.062240,22.140928,0.198656,22.401824
4607,traditional,0.054080,20.728832,0.198656,20.981568
4608,traditional,0.058560,20.580352,0.197632,20.836544
4609,traditional,0.054848,20.709376,0.197632,20.961856
4610,traditional,0.054688,20.710400,0.198656,20.963744
4611,traditional,0.054176,20.572160,0.197632,20.823968
4612,traditional,0.054688,20.722688,0.197632,20.975008
4613,traditional,0.055520,20.623360,0.198656,20.877536
4614,traditional,0.054688,23.158784,0.188416,23.401888
4615,traditional,0.054592,23.180288,0.190464,23.425344
4616,traditional,0.054112,20.692992,0.189440,20.936544
4617,traditional,0.054688,23.336960,0.190464,23.582112
4618,traditional,0.055168,22.024192,0.359424,22.438784
4619,traditional,0.091648,21.804032,0.189440,22.085120
4620,traditional,0.055712,23.030784,0.188416,23.274912
4621,traditional,0.054848,23.247872,0.189440,23.492160
4622,traditional,0.055456,23.182336,0.232448,23.470240
4623,traditional,0.056768,20.736000,0.189440,20.982208
4624,traditional,0.054880,23.298048,0.188416,23.541344
4625,traditional,0.057408,23.269376,0.188416,23.515200
4626,traditional,0.056288,20.716544,0.189440,20.962272
4627,traditional,0.059456,23.084032,0.189440,23.332928
4628,traditional,0.059104,23.228416,0.188416,23.475936
4629,traditional,0.055712,22.648832,0.359424,23.063968
4630,traditional,0.087840,21.324800,0.359424,21.772064
4631,traditional,0.090208,22.470656,0.189440,22.750304
4632,traditional,0.057408,23.127040,0.189440,23.373888
4633,traditional,0.066912,25.958400,0.244736,26.270048
4634,traditional,0.068128,26.896384,0.243712,27.208224
4635,traditional,0.068352,26.707968,0.243712,27.020032
4636,traditional,0.071072,26.734592,0.244736,27.050400
4637,traditional,0.068608,26.379264,0.239616,26.687488
4638,traditional,0.068256,26.657792,0.241664,26.967712
4639,traditional,0.069632,26.373120,0.238592,26.681344
4640,traditional,0.067680,22.412288,0.177152,22.657120
4641,traditional,0.051872,18.743296,0.168960,18.964128
4642,traditional,0.050880,20.673536,0.163840,20.888256
4643,traditional,0.050176,24.419328,0.308224,24.777728
4644,traditional,0.076160,26.519552,0.307200,26.902912
4645,traditional,0.076704,25.741312,0.317440,26.135456
4646,traditional,0.079840,26.595328,0.314368,26.989536
4647,traditional,0.077344,25.785344,0.315392,26.178080
4648,traditional,0.080320,25.981952,0.166912,26.229184
4649,traditional,0.054464,28.880896,0.218112,29.153472
4650,traditional,0.063328,24.736768,0.227328,25.027424
4651,traditional,0.067264,24.558592,0.219136,24.844992
4652,traditional,0.062016,24.150016,0.221184,24.433216
4653,traditional,0.066784,24.239104,0.221184,24.527072
4654,traditional,0.062592,24.255488,0.218112,24.536192
4655,traditional,0.065728,24.004608,0.219136,24.289472
4656,traditional,0.065024,23.968768,0.218112,24.251904
4657,traditional,0.062272,22.237184,0.190464,22.489920
4658,traditional,0.055424,20.840448,0.189440,21.085312
4659,traditional,0.055680,20.870144,0.189440,21.115264
4660,traditional,0.056384,20.818944,0.190464,21.065792
4661,traditional,0.056512,20.819968,0.189440,21.065920
4662,traditional,0.055744,20.803584,0.190464,21.049792
4663,traditional,0.057248,20.833280,0.359424,21.249952
4664,traditional,0.090432,22.868992,0.190464,23.149888
4665,traditional,0.055072,20.886528,0.189440,21.131040
4666,traditional,0.055456,24.171520,0.221184,24.448160
4667,traditional,0.063200,24.641536,0.228352,24.933088
4668,traditional,0.069504,24.968192,0.238592,25.276288
4669,traditional,0.063808,25.135104,0.225280,25.424192
4670,traditional,0.065792,24.834048,0.224256,25.124096
4671,traditional,0.065728,24.710144,0.224256,25.000128
4672,traditional,0.063136,25.025536,0.227328,25.316000
4673,traditional,0.063776,24.867840,0.224256,25.155872
4674,traditional,0.062848,22.675456,0.174080,22.912384
4675,traditional,0.051744,18.922496,0.166912,19.141152
4676,traditional,0.068896,22.925312,0.166912,23.161120
4677,traditional,0.050752,23.181312,0.166912,23.398976
4678,traditional,0.052160,27.202560,0.316416,27.571136
4679,traditional,0.078656,25.849856,0.317440,26.245952
4680,traditional,0.079456,26.185728,0.200704,26.465888
4681,traditional,0.081600,26.896384,0.320512,27.298496
4682,traditional,0.079840,26.834944,0.317440,27.232224
4683,traditional,0.078688,27.814912,0.214016,28.107616
4684,traditional,0.061440,23.759872,0.218112,24.039424
4685,traditional,0.061760,23.838720,0.217088,24.117568
4686,traditional,0.061216,23.856128,0.220160,24.137504
4687,traditional,0.061920,23.831552,0.221184,24.114656
4688,traditional,0.063104,23.904256,0.233472,24.200832
4689,traditional,0.062272,24.105984,0.222208,24.390464
4690,traditional,0.072544,23.868416,0.218112,24.159072
4691,traditional,0.060704,22.996992,0.193536,23.251232
4692,traditional,0.081088,20.963328,0.194560,21.238976
4693,traditional,0.055296,20.872192,0.194560,21.122048
4694,traditional,0.054976,20.936704,0.194560,21.186240
4695,traditional,0.055136,20.868096,0.194560,21.117792
4696,traditional,0.055072,20.957184,0.193536,21.205792
4697,traditional,0.058304,20.901888,0.197632,21.157824
4698,traditional,0.055040,23.357440,0.197632,23.610112
4699,traditional,0.060608,20.920320,0.198656,21.179584
4700,traditional,0.056992,23.729152,0.248832,24.034976
4701,traditional,0.066848,26.610688,0.262144,26.939680
4702,traditional,0.069792,27.472896,0.260096,27.802784
4703,traditional,0.070592,26.955776,0.253952,27.280320
4704,traditional,0.069920,26.713088,0.253952,27.036960
4705,traditional,0.068832,26.741760,0.253952,27.064544
4706,traditional,0.068448,26.377216,0.247808,26.693472
4707,traditional,0.066880,26.365952,0.254976,26.687808
4708,traditional,0.067488,21.855232,0.187392,22.110112
4709,traditional,0.056352,18.798592,0.177152,19.032096
4710,traditional,0.053984,20.491264,0.174080,20.719328
4711,traditional,0.051648,23.602176,0.326656,23.980480
4712,traditional,0.081696,26.393600,0.330752,26.806048
4713,traditional,0.078208,26.332160,0.175104,26.585472
4714,traditional,0.053504,23.056384,0.177152,23.287040
4715,traditional,0.052352,25.766912,0.174080,25.993344
4716,traditional,0.053120,29.319168,0.218112,29.590400
4717,traditional,0.060832,23.068672,0.228352,23.357856
4718,traditional,0.063072,23.671808,0.232448,23.967328
4719,traditional,0.062752,23.418880,0.228352,23.709984
4720,traditional,0.071552,23.271424,0.227328,23.570304
4721,traditional,0.060704,23.267328,0.227328,23.555360
4722,traditional,0.063616,23.438336,0.233472,23.735424
4723,traditional,0.063552,23.407616,0.229376,23.700544
4724,traditional,0.060928,23.415808,0.229376,23.706112
4725,traditional,0.060832,23.019520,0.203776,23.284128
4726,traditional,0.055520,20.475904,0.200704,20.732128
4727,traditional,0.054976,20.390912,0.200704,20.646592
4728,traditional,0.056448,20.388864,0.202752,20.648064
4729,traditional,0.054624,20.402176,0.202752,20.659552
4730,traditional,0.054528,20.388864,0.202752,20.646144
4731,traditional,0.055776,20.342784,0.202752,20.601312
4732,traditional,0.058112,21.718016,0.385024,22.161152
4733,traditional,0.087488,21.068800,0.201728,21.358016
4734,traditional,0.055968,22.784000,0.201728,23.041696
4735,traditional,0.057184,23.831552,0.246784,24.135520
4736,traditional,0.068736,24.961024,0.251904,25.281664
4737,traditional,0.066752,25.288704,0.249856,25.605312
4738,traditional,0.065088,25.368576,0.251904,25.685568
4739,traditional,0.078016,25.279488,0.250880,25.608384
4740,traditional,0.065664,25.168896,0.249856,25.484416
4741,traditional,0.066176,25.015296,0.248832,25.330304
4742,traditional,0.066208,25.144320,0.251904,25.462432
4743,traditional,0.066528,20.360192,0.188416,20.615136
4744,traditional,0.061440,17.594368,0.178176,17.833984
4745,traditional,0.052256,22.703104,0.180224,22.935584
4746,traditional,0.054336,22.543360,0.176128,22.773824
4747,traditional,0.049024,25.675776,0.335872,26.060672
4748,traditional,0.078176,25.288704,0.178176,25.545056
4749,traditional,0.050464,22.820864,0.179200,23.050528
4750,traditional,0.051296,25.186304,0.177152,25.414752
4751,traditional,0.049824,26.764288,0.419840,27.233952
4752,traditional,0.093792,24.818688,0.247808,25.160288
4753,traditional,0.065984,23.819264,0.233472,24.118720
4754,traditional,0.061952,23.289856,0.231424,23.583232
4755,traditional,0.062528,23.023616,0.230400,23.316544
4756,traditional,0.060864,22.901760,0.230400,23.193024
4757,traditional,0.073536,23.099392,0.233472,23.406400
4758,traditional,0.062528,22.996992,0.230400,23.289920
4759,traditional,0.064256,22.938624,0.233472,23.236352
4760,traditional,0.060704,22.499328,0.227328,22.787360
4761,traditional,0.060064,22.424576,0.227328,22.711968
4762,traditional,0.060448,22.448128,0.231424,22.740000
4763,traditional,0.055232,19.918848,0.202752,20.176832
4764,traditional,0.055648,20.002816,0.201728,20.260192
4765,traditional,0.055168,19.906560,0.201728,20.163456
4766,traditional,0.056512,20.060160,0.201728,20.318400
4767,traditional,0.057152,19.976192,0.201728,20.235072
4768,traditional,0.056896,20.086784,0.201728,20.345408
4769,traditional,0.056992,20.081664,0.201728,20.340384
4770,traditional,0.059136,21.836800,0.233472,22.129408
4771,traditional,0.063488,23.425024,0.233472,23.721984
4772,traditional,0.064960,23.191552,0.240640,23.497152
4773,traditional,0.067840,23.698432,0.237568,24.003840
4774,traditional,0.064448,23.588864,0.237568,23.890880
4775,traditional,0.063968,23.647232,0.238592,23.949792
4776,traditional,0.064544,23.813120,0.241664,24.119328
4777,traditional,0.063648,23.932928,0.241664,24.238240
4778,traditional,0.064512,24.010752,0.240640,24.315904
4779,traditional,0.063840,22.470656,0.177152,22.711648
4780,traditional,0.055456,17.575936,0.176128,17.807520
4781,traditional,0.050528,21.218304,0.327680,21.596512
4782,traditional,0.077344,23.976960,0.176128,24.230432
4783,traditional,0.051008,22.068224,0.175104,22.294336
4784,traditional,0.051040,24.781824,0.176128,25.008992
4785,traditional,0.049952,24.826880,0.174080,25.050912
4786,traditional,0.051008,24.822784,0.175104,25.048896
4787,traditional,0.050976,25.644032,0.227328,25.922336
4788,traditional,0.060352,23.240704,0.235520,23.536576
4789,traditional,0.062464,23.245824,0.230400,23.538688
4790,traditional,0.073504,23.091200,0.228352,23.393056
4791,traditional,0.064256,23.018496,0.230400,23.313152
4792,traditional,0.060768,23.118848,0.229376,23.408992
4793,traditional,0.060768,22.311936,0.228352,22.601056
4794,traditional,0.060256,22.237184,0.226304,22.523744
4795,traditional,0.060096,22.326272,0.228352,22.614720
4796,traditional,0.059520,22.223872,0.216064,22.499456
4797,traditional,0.058208,21.359616,0.211968,21.629792
4798,traditional,0.057344,20.861952,0.209920,21.129216
4799,traditional,0.057376,20.737024,0.208896,21.003296
4800,traditional,0.067520,20.619264,0.205824,20.892608
4801,traditional,0.058816,20.664320,0.208896,20.932032
4802,traditional,0.056640,20.488192,0.208896,20.753728
4803,traditional,0.057280,20.291584,0.208896,20.557760
4804,traditional,0.062752,18.819072,0.205824,19.087648
4805,traditional,0.055808,18.472960,0.205824,18.734592
4806,traditional,0.067872,18.560000,0.218112,18.845984
4807,traditional,0.058944,19.094528,0.218112,19.371584
4808,traditional,0.069408,18.827264,0.218112,19.114784
4809,traditional,0.062016,18.651136,0.218112,18.931264
4810,traditional,0.059808,18.450432,0.217088,18.727328
4811,traditional,0.068896,18.223104,0.218112,18.510112
4812,traditional,0.059456,18.040832,0.218112,18.318400
4813,traditional,0.060480,17.829888,0.218112,18.108480
4814,traditional,0.063264,17.701888,0.218112,17.983264
4815,traditional,0.060000,17.500160,0.218112,17.778272
4816,traditional,0.056832,17.414144,0.218112,17.689088
4817,traditional,0.056864,17.019904,0.211968,17.288736
4818,traditional,0.056640,14.546944,0.207872,14.811456
4819,traditional,0.056576,14.217216,0.208896,14.482688
4820,traditional,0.056864,13.948928,0.206848,14.212640
4821,traditional,0.055584,13.964288,0.205824,14.225696
4822,traditional,0.060096,12.877824,0.197632,13.135552
4823,traditional,0.056896,12.377088,0.190464,12.624448
4824,traditional,0.053824,11.875328,0.190464,12.119616
4825,traditional,0.067424,12.113920,0.196608,12.377952
4826,traditional,0.067712,12.090368,0.194560,12.352640
4827,traditional,0.052896,11.945984,0.194560,12.193440
4828,traditional,0.053216,11.407360,0.181248,11.641824
4829,traditional,0.050752,10.927104,0.180224,11.158080
4830,traditional,0.052960,11.089920,0.183296,11.326176
4831,traditional,0.049440,10.939392,0.182272,11.171104
4832,traditional,0.050944,10.489856,0.175104,10.715904
4833,traditional,0.051104,8.309760,0.164864,8.525728
4834,traditional,0.047936,8.345600,0.165888,8.559424
4835,traditional,0.049312,8.132608,0.159744,8.341664
4836,traditional,0.050080,8.070144,0.159744,8.279968
4837,traditional,0.070048,8.672256,0.157696,8.900000
4838,traditional,0.070336,12.537856,0.180224,12.788416
4839,traditional,0.052096,9.129984,0.181248,9.363328
4840,traditional,0.052800,9.254912,0.183296,9.491008
4841,traditional,0.051872,8.977408,0.177152,9.206432
4842,traditional,0.051232,8.967168,0.177152,9.195552
4843,traditional,0.062656,8.990720,0.177152,9.230528
4844,traditional,0.050176,8.778752,0.173056,9.001984
4845,traditional,0.049664,8.844288,0.175104,9.069056
4846,traditional,0.050272,8.971264,0.175104,9.196640
4847,traditional,0.083040,9.105408,0.166912,9.355360
4848,traditional,0.085024,10.834944,0.186368,11.106336
4849,traditional,0.061632,9.436160,0.178176,9.675968
4850,traditional,0.051552,7.832576,0.177152,8.061280
4851,traditional,0.074816,8.351744,0.176128,8.602688
4852,traditional,0.049856,7.823360,0.175104,8.048320
4853,traditional,0.061024,7.596032,0.172032,7.829088
4854,traditional,0.058752,7.634944,0.167936,7.861632
4855,traditional,0.048064,7.481344,0.164864,7.694272
4856,traditional,0.046688,7.461888,0.164864,7.673440
4857,traditional,0.046272,7.429120,0.164864,7.640256
4858,traditional,0.070496,7.429120,0.164864,7.664480
4859,traditional,0.081664,8.428544,0.164864,8.675072
4860,traditional,0.049792,7.787520,0.188416,8.025728
4861,traditional,0.063456,8.194048,0.178176,8.435680
4862,traditional,0.049312,8.192000,0.179200,8.420512
4863,traditional,0.051456,8.009728,0.174080,8.235264
4864,traditional,0.052864,8.232960,0.179200,8.465024
4865,traditional,0.051808,8.254464,0.177152,8.483424
4866,traditional,0.048768,8.270848,0.176128,8.495744
4867,traditional,0.063200,6.978560,0.175104,7.216864
4868,traditional,0.047168,7.035904,0.175104,7.258176
4869,traditional,0.047136,6.983680,0.173056,7.203872
4870,traditional,0.056800,6.894592,0.171008,7.122400
4871,traditional,0.047136,7.057408,0.172032,7.276576
4872,traditional,0.060160,7.120896,0.172032,7.353088
4873,traditional,0.059840,7.106560,0.184320,7.350720
4874,traditional,0.045376,7.076864,0.162816,7.285056
4875,traditional,0.045472,6.799360,0.163840,7.008672
4876,traditional,0.055680,6.668288,0.154624,6.878592
4877,traditional,0.043648,6.498304,0.158720,6.700672
4878,traditional,0.043296,6.448128,0.152576,6.644000
4879,traditional,0.046304,6.863872,0.162816,7.072992
4880,traditional,0.047744,6.874112,0.162816,7.084672
4881,traditional,0.053280,6.553600,0.154624,6.761504
4882,traditional,0.046912,6.530048,0.154624,6.731584
4883,traditional,0.054720,6.578176,0.164864,6.797760
4884,traditional,0.074240,6.848512,0.154624,7.077376
4885,traditional,0.043264,6.090752,0.160768,6.294784
4886,traditional,0.046848,6.055936,0.158720,6.261504
4887,traditional,0.044608,6.017024,0.157696,6.219328
4888,traditional,0.046912,6.032384,0.156672,6.235968
4889,traditional,0.042944,5.824512,0.152576,6.020032
4890,traditional,0.043040,5.877760,0.152576,6.073376
4891,traditional,0.043264,5.971968,0.155648,6.170880
4892,traditional,0.046016,6.100992,0.154624,6.301632
4893,traditional,0.042112,6.107136,0.152576,6.301824
4894,traditional,0.045664,6.141952,0.162816,6.350432
4895,traditional,0.047520,6.258688,0.162816,6.469024
4896,traditional,0.044544,6.325248,0.162816,6.532608
4897,traditional,0.043424,6.323200,0.161792,6.528416
4898,traditional,0.045472,6.283264,0.158720,6.487456
4899,traditional,0.055488,6.326272,0.158720,6.540480
4900,traditional,0.044032,5.463040,0.158720,5.665792
4901,traditional,0.049728,5.500928,0.157696,5.708352
4902,traditional,0.043104,5.605376,0.158720,5.807200
4903,traditional,0.068096,5.672960,0.158720,5.899776
4904,traditional,0.047232,5.696512,0.157696,5.901440
4905,traditional,0.054944,5.751808,0.197632,6.004384
4906,traditional,0.044544,5.784576,0.157696,5.986816
4907,traditional,0.046816,5.928960,0.160768,6.136544
4908,traditional,0.052384,6.024192,0.160768,6.237344
4909,traditional,0.057024,6.071296,0.162816,6.291136
4910,traditional,0.075904,6.486016,0.162816,6.724736
4911,traditional,0.055232,6.129664,0.157696,6.342592
4912,traditional,0.042528,6.192128,0.158720,6.393376
4913,traditional,0.064608,8.372224,0.303104,8.739936
4914,traditional,0.075776,7.700480,0.303104,8.079360
4915,traditional,0.072000,9.647104,0.411648,10.130752
4916,traditional,0.055008,9.679872,0.250880,9.985760
4917,traditional,0.065536,9.605120,0.231424,9.902080
4918,traditional,0.058784,9.284608,0.232448,9.575840
4919,traditional,0.070400,9.180160,0.223232,9.473792
4920,traditional,0.056864,9.167872,0.223232,9.447968
4921,traditional,0.063936,9.178112,0.222208,9.464256
4922,traditional,0.056768,9.322496,0.221184,9.600448
4923,traditional,0.057760,9.425920,0.221184,9.704864
4924,traditional,0.056544,9.604096,0.220160,9.880800
4925,traditional,0.068512,9.997312,0.227328,10.293152
4926,traditional,0.059360,7.769088,0.175104,8.003552
4927,traditional,0.059872,7.422976,0.163840,7.646688
4928,traditional,0.056864,7.451648,0.152576,7.661088
4929,traditional,0.055424,7.111680,0.153600,7.320704
4930,traditional,0.042880,7.017472,0.150528,7.210880
4931,traditional,0.046688,7.064576,0.150528,7.261792
4932,traditional,0.044736,7.169024,0.150528,7.364288
4933,traditional,0.042784,7.443456,0.148480,7.634720
4934,traditional,0.042720,7.641088,0.284672,7.968480
4935,traditional,0.045184,8.058880,0.286720,8.390784
4936,traditional,0.076192,10.520576,0.286720,10.883488
4937,traditional,0.076160,11.598848,0.287744,11.962752
4938,traditional,0.073888,16.098304,0.293888,16.466080
4939,traditional,0.067072,17.620992,0.214016,17.902080
4940,traditional,0.066688,12.289024,0.222208,12.577920
4941,traditional,0.057600,12.372992,0.212992,12.643584
4942,traditional,0.056800,11.956224,0.197632,12.210656
4943,traditional,0.053344,11.552768,0.189440,11.795552
4944,traditional,0.064352,11.338752,0.188416,11.591520
4945,traditional,0.054496,11.569152,0.189440,11.813088
4946,traditional,0.054624,11.726848,0.188416,11.969888
4947,traditional,0.058496,11.966464,0.188416,12.213376
4948,traditional,0.051424,13.804544,0.178176,14.034144
4949,traditional,0.051520,13.506560,0.177152,13.735232
4950,traditional,0.050592,13.602816,0.174080,13.827488
4951,traditional,0.049824,13.836288,0.177152,14.063264
4952,traditional,0.051040,13.985792,0.175104,14.211936
4953,traditional,0.050080,13.770752,0.169984,13.990816
4954,traditional,0.050752,14.186496,0.173056,14.410304
4955,traditional,0.049728,14.934016,0.181248,15.164992
4956,traditional,0.056032,15.590400,0.188416,15.834848
4957,traditional,0.052512,16.028672,0.192512,16.273696
4958,traditional,0.062432,15.772672,0.188416,16.023520
4959,traditional,0.057632,15.983616,0.193536,16.234784
4960,traditional,0.053056,17.285120,0.205824,17.544000
4961,traditional,0.057600,17.917952,0.204800,18.180352
4962,traditional,0.055296,17.511424,0.199680,17.766400
4963,traditional,0.059776,17.780736,0.205824,18.046336
4964,traditional,0.058496,18.243584,0.212992,18.515072
4965,traditional,0.074400,18.220032,0.205824,18.500256
4966,traditional,0.056000,18.106368,0.207872,18.370240
4967,traditional,0.054528,17.293312,0.199680,17.547520
4968,traditional,0.056288,17.640448,0.203776,17.900512
4969,traditional,0.055520,17.416192,0.203776,17.675488
4970,traditional,0.067232,17.582080,0.203776,17.853088
4971,traditional,0.059296,17.629184,0.206848,17.895328
4972,traditional,0.057568,18.529280,0.205824,18.792672
4973,traditional,0.057888,19.250176,0.203776,19.511840
4974,traditional,0.065472,19.897344,0.215040,20.177856
4975,traditional,0.064192,19.116032,0.210944,19.391168
4976,traditional,0.061216,19.661824,0.210944,19.933984
4977,traditional,0.058272,19.629056,0.215040,19.902368
4978,traditional,0.058208,18.575360,0.201728,18.835296
4979,traditional,0.057344,17.360896,0.195584,17.613824
4980,traditional,0.054656,16.909312,0.191488,17.155456
4981,traditional,0.056096,16.547840,0.176128,16.780064
4982,traditional,0.066112,15.520768,0.176128,15.763008
4983,traditional,0.083552,19.028992,0.195584,19.308128
4984,traditional,0.055424,18.659328,0.196608,18.911360
4985,traditional,0.055008,18.540544,0.196608,18.792160
4986,traditional,0.055360,18.570240,0.195584,18.821184
4987,traditional,0.054016,20.990976,0.196608,21.241600
4988,traditional,0.066080,18.519040,0.196608,18.781728
4989,traditional,0.054976,19.008512,0.379904,19.443392
4990,traditional,0.088576,24.314880,0.259072,24.662528
4991,traditional,0.068576,24.334336,0.254976,24.657888
4992,traditional,0.066784,23.848960,0.251904,24.167648
4993,traditional,0.066496,23.684096,0.252928,24.003520
4994,traditional,0.077280,24.099840,0.258048,24.435168
4995,traditional,0.068032,23.824384,0.250880,24.143296
4996,traditional,0.067232,24.117248,0.248832,24.433312
4997,traditional,0.066016,23.915520,0.247808,24.229344
4998,traditional,0.066720,24.082432,0.253952,24.403104
4999,traditional,0.078784,21.193728,0.212992,21.485504
5000,traditional,0.058880,19.093504,0.197632,19.350016
5001,traditional,0.065344,18.306048,0.188416,18.559808
5002,traditional,0.053600,17.865728,0.184320,18.103648
5003,traditional,0.053312,17.898496,0.349184,18.300992
5004,traditional,0.082496,21.335040,0.180224,21.597760
5005,traditional,0.050624,20.164608,0.181248,20.396480
5006,traditional,0.052608,19.140608,0.181248,19.374464
5007,traditional,0.053760,24.091648,0.346112,24.491520
5008,traditional,0.083488,20.730880,0.207872,21.022240
5009,traditional,0.056768,20.386816,0.207872,20.651456
5010,traditional,0.069984,20.382720,0.207872,20.660576
5011,traditional,0.058176,20.427776,0.208896,20.694848
5012,traditional,0.057312,20.363264,0.209920,20.630496
5013,traditional,0.057920,20.335616,0.208896,20.602432
5014,traditional,0.057184,20.404224,0.208896,20.670304
5015,traditional,0.069024,20.306944,0.208896,20.584864
5016,traditional,0.069056,20.400128,0.209920,20.679104
5017,traditional,0.058016,20.575232,0.220160,20.853408
5018,traditional,0.061824,21.318656,0.219136,21.599616
5019,traditional,0.071872,21.908480,0.220160,22.200512
5020,traditional,0.059648,21.891072,0.223232,22.173952
5021,traditional,0.082368,22.004736,0.220160,22.307264
5022,traditional,0.063072,21.957632,0.223232,22.243936
5023,traditional,0.061728,21.752832,0.220160,22.034720
5024,traditional,0.059808,21.653504,0.218112,21.931424
5025,traditional,0.070816,21.691392,0.220160,21.982368
5026,traditional,0.060544,21.728256,0.219136,22.007936
5027,traditional,0.060064,21.396480,0.216064,21.672608
5028,traditional,0.058912,21.065728,0.211968,21.336608
5029,traditional,0.059680,20.881408,0.211968,21.153056
5030,traditional,0.058624,21.070848,0.209920,21.339392
5031,traditional,0.058752,21.305344,0.212992,21.577088
5032,traditional,0.059776,21.260288,0.211968,21.532032
5033,traditional,0.058656,21.209088,0.211968,21.479712
5034,traditional,0.059520,21.157888,0.209920,21.427328
5035,traditional,0.058688,21.160960,0.211968,21.431616
5036,traditional,0.059168,21.266432,0.211968,21.537568
5037,traditional,0.059424,21.949440,0.220160,22.229024
5038,traditional,0.061920,22.072320,0.220160,22.354400
5039,traditional,0.061088,22.212608,0.221184,22.494880
5040,traditional,0.060928,22.110208,0.221184,22.392320
5041,traditional,0.073440,22.320128,0.223232,22.616800
5042,traditional,0.067296,22.460416,0.221184,22.748896
5043,traditional,0.061760,22.376448,0.220160,22.658368
5044,traditional,0.074112,22.472704,0.221184,22.768000
5045,traditional,0.061376,22.321152,0.215040,22.597568
5046,traditional,0.062496,21.847040,0.211968,22.121504
5047,traditional,0.073216,20.553728,0.204800,20.831744
5048,traditional,0.057152,20.959232,0.208896,21.225280
5049,traditional,0.059104,21.520384,0.211968,21.791456
5050,traditional,0.059968,21.447680,0.209920,21.717568
5051,traditional,0.058848,21.692416,0.210944,21.962208
5052,traditional,0.059424,21.559296,0.210944,21.829664
5053,traditional,0.062464,21.571584,0.209920,21.843968
5054,traditional,0.056736,22.008832,0.209920,22.275488
5055,traditional,0.063008,22.749184,0.219136,23.031328
5056,traditional,0.061344,22.714368,0.219136,22.994848
5057,traditional,0.061664,22.819840,0.219136,23.100640
5058,traditional,0.061632,22.875136,0.222208,23.158976
5059,traditional,0.061536,22.845440,0.219136,23.126112
5060,traditional,0.061696,22.812672,0.219136,23.093504
5061,traditional,0.061856,22.821888,0.217088,23.100832
5062,traditional,0.061440,22.792192,0.217088,23.070720
5063,traditional,0.064704,22.689792,0.217088,22.971584
5064,traditional,0.061056,22.612992,0.212992,22.887040
5065,traditional,0.060032,22.098944,0.209920,22.368896
5066,traditional,0.062112,21.951488,0.209920,22.223520
5067,traditional,0.059424,21.835776,0.207872,22.103072
5068,traditional,0.071808,22.070272,0.209920,22.352000
5069,traditional,0.062912,21.982208,0.206848,22.251968
5070,traditional,0.060416,21.951488,0.209920,22.221824
5071,traditional,0.060288,21.972992,0.209920,22.243200
5072,traditional,0.060928,22.150144,0.208896,22.419968
5073,traditional,0.060384,21.974016,0.209920,22.244320
5074,traditional,0.065088,21.849088,0.207872,22.122048
5075,traditional,0.059168,22.035456,0.209920,22.304544
5076,traditional,0.059584,21.784576,0.207872,22.052032
5077,traditional,0.059168,22.053888,0.209920,22.322976
5078,traditional,0.059936,22.002688,0.210944,22.273568
5079,traditional,0.060160,21.932032,0.208896,22.201088
5080,traditional,0.062528,21.953536,0.210944,22.227008
5081,traditional,0.060640,22.202368,0.201728,22.464736
5082,traditional,0.059712,22.625280,0.206848,22.891840
5083,traditional,0.061568,22.868992,0.206848,23.137408
5084,traditional,0.061824,22.793216,0.207872,23.062912
5085,traditional,0.062304,22.838272,0.206848,23.107424
5086,traditional,0.064576,22.837248,0.204800,23.106624
5087,traditional,0.061536,22.676480,0.206848,22.944864
5088,traditional,0.075584,22.951936,0.208896,23.236416
5089,traditional,0.065664,22.912000,0.205824,23.183488
5090,traditional,0.062848,22.855680,0.205824,23.124352
5091,traditional,0.060576,22.286336,0.201728,22.548640
5092,traditional,0.061472,21.947392,0.197632,22.206496
5093,traditional,0.060032,21.753856,0.197632,22.011520
5094,traditional,0.060160,21.799936,0.197632,22.057728
5095,traditional,0.069280,21.788672,0.197632,22.055584
5096,traditional,0.059520,21.977088,0.199680,22.236288
5097,traditional,0.060032,22.025216,0.197632,22.282880
5098,traditional,0.061536,21.826560,0.196608,22.084704
5099,traditional,0.059648,21.819392,0.195584,22.074624
5100,traditional,0.061504,23.247872,0.210944,23.520320
5101,traditional,0.067200,23.474176,0.209920,23.751296
5102,traditional,0.063040,23.227392,0.207872,23.498304
5103,traditional,0.063680,23.313408,0.211968,23.589056
5104,traditional,0.061888,23.229440,0.223232,23.514560
5105,traditional,0.064736,23.293952,0.223232,23.581920
5106,traditional,0.060480,23.245824,0.223232,23.529536
5107,traditional,0.060992,23.145472,0.223232,23.429696
5108,traditional,0.059456,23.287808,0.222208,23.569472
5109,traditional,0.061024,23.057408,0.219136,23.337568
5110,traditional,0.058144,22.531072,0.216064,22.805280
5111,traditional,0.059072,22.413312,0.212992,22.685376
5112,traditional,0.060032,22.022144,0.211968,22.294144
5113,traditional,0.057632,22.147072,0.210944,22.415648
5114,traditional,0.057312,22.160384,0.211968,22.429664
5115,traditional,0.061824,22.010880,0.211968,22.284672
5116,traditional,0.058336,22.374400,0.215040,22.647776
5117,traditional,0.061440,22.276096,0.212992,22.550528
5118,traditional,0.061472,21.984256,0.207872,22.253600
5119,traditional,0.056416,21.565440,0.204800,21.826656
5120,traditional,0.055392,21.017600,0.200704,21.273696
5121,traditional,0.069024,21.214208,0.388096,21.671328
5122,traditional,0.095520,22.953984,0.202752,23.252256
5123,traditional,0.055008,21.524480,0.388096,21.967584
5124,traditional,0.088800,23.184384,0.205824,23.479008
5125,traditional,0.056704,22.397952,0.395264,22.849920
5126,traditional,0.090112,22.620160,0.193536,22.903808
5127,traditional,0.057152,22.377472,0.205824,22.640448
5128,traditional,0.059264,22.557696,0.204800,22.821760
5129,traditional,0.071264,22.676480,0.204800,22.952544
5130,traditional,0.058688,22.705152,0.205824,22.969664
5131,traditional,0.058624,22.722560,0.204800,22.985984
5132,traditional,0.058464,22.778880,0.208896,23.046240
5133,traditional,0.060000,22.988800,0.209920,23.258720
5134,traditional,0.060000,22.887424,0.205824,23.153248
5135,traditional,0.070816,22.624256,0.200704,22.895776
5136,traditional,0.061248,22.033408,0.200704,22.295360
5137,traditional,0.059616,21.751808,0.195584,22.007008
5138,traditional,0.060864,21.512192,0.198656,21.771712
5139,traditional,0.056896,21.791744,0.199680,22.048320
5140,traditional,0.057312,21.944320,0.197632,22.199264
5141,traditional,0.056320,21.609472,0.196608,21.862400
5142,traditional,0.069920,23.997440,0.198656,24.266016
5143,traditional,0.057536,21.685248,0.197632,21.940416
5144,traditional,0.068320,21.729280,0.197632,21.995232
5145,traditional,0.058304,24.777728,0.230400,25.066432
5146,traditional,0.064928,26.392576,0.244736,26.702240
5147,traditional,0.071264,26.174464,0.237568,26.483296
5148,traditional,0.068384,25.952256,0.243712,26.264352
5149,traditional,0.068640,25.762816,0.241664,26.073120
5150,traditional,0.066560,25.524224,0.240640,25.831424
5151,traditional,0.080128,25.437184,0.240640,25.757952
5152,traditional,0.067456,25.508864,0.244736,25.821056
5153,traditional,0.067776,23.435264,0.210944,23.713984
5154,traditional,0.059808,20.453376,0.194560,20.707744
5155,traditional,0.055808,19.384320,0.184320,19.624448
5156,traditional,0.053664,22.473728,0.347136,22.874528
5157,traditional,0.084256,22.699008,0.344064,23.127328
5158,traditional,0.085088,26.611712,0.181248,26.878048
5159,traditional,0.053344,25.194496,0.348160,25.596000
5160,traditional,0.084352,27.219968,0.179200,27.483520
5161,traditional,0.054496,24.131584,0.332800,24.518880
5162,traditional,0.106144,26.989568,0.244736,27.340448
5163,traditional,0.067232,25.021440,0.240640,25.329312
5164,traditional,0.065216,24.412160,0.238592,24.715968
5165,traditional,0.064128,24.356864,0.235520,24.656512
5166,traditional,0.064192,24.222720,0.238592,24.525504
5167,traditional,0.065088,24.379392,0.238592,24.683072
5168,traditional,0.077760,24.230912,0.234496,24.543168
5169,traditional,0.075520,23.522304,0.203776,23.801600
5170,traditional,0.056256,20.793344,0.203776,21.053376
5171,traditional,0.056448,20.601856,0.201728,20.860032
5172,traditional,0.070112,20.490240,0.204800,20.765152
5173,traditional,0.068704,19.880960,0.204800,20.154464
5174,traditional,0.057056,22.907904,0.202752,23.167712
5175,traditional,0.058656,20.717568,0.206848,20.983072
5176,traditional,0.068832,22.928384,0.203776,23.200992
5177,traditional,0.057056,22.697984,0.335872,23.090912
5178,traditional,0.057248,21.010432,0.393216,21.460896
5179,traditional,0.095264,25.536512,0.252928,25.884704
5180,traditional,0.066976,26.220544,0.268288,26.555808
5181,traditional,0.070496,26.268672,0.261120,26.600288
5182,traditional,0.080704,25.872384,0.259072,26.212160
5183,traditional,0.070624,25.902080,0.261120,26.233824
5184,traditional,0.069056,25.728000,0.259072,26.056128
5185,traditional,0.073280,25.369600,0.259072,25.701952
5186,traditional,0.090784,25.286656,0.257024,25.634464
5187,traditional,0.066720,22.375424,0.218112,22.660256
5188,traditional,0.058624,19.938304,0.198656,20.195584
5189,traditional,0.054176,18.747392,0.191488,18.993056
5190,traditional,0.056608,23.700480,0.185344,23.942432
5191,traditional,0.051616,23.063552,0.186368,23.301536
5192,traditional,0.051904,26.383360,0.189440,26.624704
5193,traditional,0.059264,23.259136,0.187392,23.505792
5194,traditional,0.052128,25.980928,0.357376,26.390432
5195,traditional,0.090464,28.687360,0.266240,29.044064
5196,traditional,0.066880,23.933952,0.250880,24.251712
5197,traditional,0.065280,24.216576,0.252928,24.534784
5198,traditional,0.068704,24.163328,0.247808,24.479840
5199,traditional,0.066400,23.764992,0.247808,24.079200
5200,traditional,0.063392,23.796736,0.245760,24.105888
5201,traditional,0.064096,23.602176,0.247808,23.914080
5202,traditional,0.063680,23.825408,0.249856,24.138944
5203,traditional,0.064480,23.665664,0.212992,23.943136
5204,traditional,0.057152,20.167680,0.212992,20.437824
5205,traditional,0.058496,20.213760,0.210944,20.483200
5206,traditional,0.056000,20.038656,0.210944,20.305600
5207,traditional,0.067936,19.872768,0.209920,20.150624
5208,traditional,0.055328,20.027392,0.405504,20.488224
5209,traditional,0.092320,21.783552,0.212992,22.088864
5210,traditional,0.060096,22.669312,0.212992,22.942400
5211,traditional,0.055712,22.609920,0.212992,22.878624
5212,traditional,0.067392,20.099072,0.212992,20.379456
5213,traditional,0.059648,24.090624,0.409600,24.559872
5214,traditional,0.092768,23.157760,0.244736,23.495264
5215,traditional,0.064000,23.525376,0.248832,23.838208
5216,traditional,0.064192,23.409664,0.247808,23.721664
5217,traditional,0.066976,23.239680,0.248832,23.555488
5218,traditional,0.063296,23.746560,0.252928,24.062784
5219,traditional,0.063712,23.504896,0.249856,23.818464
5220,traditional,0.072448,23.483392,0.248832,23.804672
5221,traditional,0.063264,23.237632,0.245760,23.546656
5222,traditional,0.063968,21.997568,0.212992,22.274528
5223,traditional,0.055456,20.125696,0.214016,20.395168
5224,traditional,0.057344,20.019200,0.212992,20.289536
5225,traditional,0.059488,19.861504,0.210944,20.131936
5226,traditional,0.057024,19.757056,0.211968,20.026048
5227,traditional,0.057408,19.794944,0.210944,20.063296
5228,traditional,0.055584,19.912704,0.211968,20.180256
5229,traditional,0.058016,21.698560,0.408576,22.165152
5230,traditional,0.091296,20.257792,0.210944,20.560032
5231,traditional,0.059520,19.821568,0.210944,20.092032
5232,traditional,0.055712,24.910848,0.251904,25.218464
5233,traditional,0.073408,24.626176,0.261120,24.960704
5234,traditional,0.067360,24.527872,0.260096,24.855328
5235,traditional,0.066112,24.558592,0.260096,24.884800
5236,traditional,0.066688,24.696832,0.261120,25.024640
5237,traditional,0.070080,24.068096,0.257024,24.395200
5238,traditional,0.078880,24.189952,0.258048,24.526880
5239,traditional,0.078304,24.174592,0.257024,24.509920
5240,traditional,0.066976,21.410816,0.209920,21.687712
5241,traditional,0.064000,18.592768,0.191488,18.848256
5242,traditional,0.054080,19.228672,0.352256,19.635008
5243,traditional,0.081824,24.709120,0.352256,25.143200
5244,traditional,0.080832,25.081856,0.354304,25.516992
5245,traditional,0.081120,25.364480,0.354304,25.799904
5246,traditional,0.081952,24.698880,0.352256,25.133088
5247,traditional,0.080288,24.597504,0.185344,24.863136
5248,traditional,0.052288,24.842240,0.183296,25.077824
5249,traditional,0.074848,26.675200,0.230400,26.980448
5250,traditional,0.060928,22.246400,0.246784,22.554112
5251,traditional,0.065088,22.928384,0.242688,23.236160
5252,traditional,0.063968,22.685696,0.240640,22.990304
5253,traditional,0.062912,22.631424,0.238592,22.932928
5254,traditional,0.063168,22.552576,0.238592,22.854336
5255,traditional,0.063648,22.766592,0.238592,23.068832
5256,traditional,0.063552,22.641664,0.238592,22.943808
5257,traditional,0.062400,22.788096,0.240640,23.091136
5258,traditional,0.063072,21.748736,0.231424,22.043232
5259,traditional,0.065472,21.254144,0.228352,21.547968
5260,traditional,0.060864,21.131264,0.226304,21.418432
5261,traditional,0.060736,21.171200,0.225280,21.457216
5262,traditional,0.060288,21.142528,0.226304,21.429120
5263,traditional,0.059584,21.262336,0.226304,21.548224
5264,traditional,0.063808,21.218304,0.227328,21.509440
5265,traditional,0.060128,21.443584,0.226304,21.730016
5266,traditional,0.059712,21.400576,0.226304,21.686592
5267,traditional,0.063232,21.409792,0.226304,21.699328
5268,traditional,0.060096,21.766144,0.229376,22.055616
5269,traditional,0.060480,20.931584,0.226304,21.218368
5270,traditional,0.059616,20.841472,0.224256,21.125344
5271,traditional,0.059744,20.749312,0.225280,21.034336
5272,traditional,0.058144,20.813824,0.225280,21.097248
5273,traditional,0.059808,20.836352,0.223232,21.119392
5274,traditional,0.058048,20.865024,0.224256,21.147328
5275,traditional,0.058720,20.596736,0.223232,20.878688
5276,traditional,0.059584,20.431872,0.219136,20.710592
5277,traditional,0.058816,19.703808,0.219136,19.981760
5278,traditional,0.058400,19.224576,0.214016,19.496992
5279,traditional,0.056864,18.772992,0.214016,19.043872
5280,traditional,0.056960,18.685952,0.214016,18.956928
5281,traditional,0.057472,18.453504,0.215040,18.726016
5282,traditional,0.056512,16.872448,0.215040,17.144000
5283,traditional,0.058016,16.742400,0.215040,17.015456
5284,traditional,0.057280,16.498688,0.215040,16.771008
5285,traditional,0.057216,16.314368,0.212992,16.584576
5286,traditional,0.060704,15.105024,0.206848,15.372576
5287,traditional,0.059200,15.370240,0.207872,15.637312
5288,traditional,0.055168,15.341568,0.208896,15.605632
5289,traditional,0.056384,15.343616,0.222208,15.622208
5290,traditional,0.059872,16.006144,0.221184,16.287200
5291,traditional,0.070624,15.973376,0.226304,16.270304
5292,traditional,0.077696,15.263744,0.222208,15.563648
5293,traditional,0.057600,15.721472,0.225280,16.004352
5294,traditional,0.058624,15.831040,0.225280,16.114944
5295,traditional,0.059936,15.762432,0.226304,16.048672
5296,traditional,0.057856,13.394944,0.226304,13.679104
5297,traditional,0.076416,12.645376,0.223232,12.945024
5298,traditional,0.062080,12.333056,0.223232,12.618368
5299,traditional,0.060864,11.873280,0.215040,12.149184
5300,traditional,0.054944,11.565056,0.209920,11.829920
5301,traditional,0.068416,11.126784,0.201728,11.396928
5302,traditional,0.058880,10.749952,0.197632,11.006464
5303,traditional,0.052256,10.501120,0.188416,10.741792
5304,traditional,0.052096,10.178560,0.189440,10.420096
5305,traditional,0.064544,10.102784,0.187392,10.354720
5306,traditional,0.063424,10.776576,0.200704,11.040704
5307,traditional,0.053856,10.733568,0.190464,10.977888
5308,traditional,0.063328,10.233856,0.189440,10.486624
5309,traditional,0.062848,10.213376,0.193536,10.469760
5310,traditional,0.052864,10.514432,0.198656,10.765952
5311,traditional,0.062464,10.646528,0.193536,10.902528
5312,traditional,0.066368,8.587264,0.190464,8.844096
5313,traditional,0.052032,8.933376,0.202752,9.188160
5314,traditional,0.054944,9.118720,0.201728,9.375392
5315,traditional,0.052192,8.596480,0.189440,8.838112
5316,traditional,0.052640,8.722432,0.192512,8.967584
5317,traditional,0.064576,8.538112,0.182272,8.784960
5318,traditional,0.057344,8.310784,0.183296,8.551424
5319,traditional,0.053280,8.054784,0.177152,8.285216
5320,traditional,0.062432,8.612864,0.191488,8.866784
5321,traditional,0.075712,8.841216,0.191488,9.108416
5322,traditional,0.062528,8.372224,0.182272,8.617024
5323,traditional,0.049952,8.451072,0.185344,8.686368
5324,traditional,0.047808,7.967744,0.171008,8.186560
5325,traditional,0.050368,8.400896,0.180224,8.631488
5326,traditional,0.048736,8.179712,0.176128,8.404576
5327,traditional,0.049920,8.212480,0.176128,8.438528
5328,traditional,0.059776,6.894592,0.172032,7.126400
5329,traditional,0.060224,6.881280,0.172032,7.113536
5330,traditional,0.049024,6.903808,0.172032,7.124864
5331,traditional,0.054432,6.916096,0.171008,7.141536
5332,traditional,0.046784,7.163904,0.179200,7.389888
5333,traditional,0.052448,7.322624,0.179200,7.554272
5334,traditional,0.051552,7.413760,0.179200,7.644512
5335,traditional,0.051200,7.328768,0.177152,7.557120
5336,traditional,0.061856,7.398400,0.182272,7.642528
5337,traditional,0.047296,7.537664,0.178176,7.763136
5338,traditional,0.049728,7.418880,0.177152,7.645760
5339,traditional,0.059168,7.318528,0.175104,7.552800
5340,traditional,0.047104,7.475200,0.183296,7.705600
5341,traditional,0.048960,7.751680,0.183296,7.983936
5342,traditional,0.061568,7.425024,0.176128,7.662720
5343,traditional,0.049696,7.712768,0.203776,7.966240
5344,traditional,0.051808,8.744960,0.203776,9.000544
5345,traditional,0.052384,8.764416,0.203776,9.020576
5346,traditional,0.064288,7.545856,0.205824,7.815968
5347,traditional,0.064096,7.574528,0.205824,7.844448
5348,traditional,0.077952,7.681024,0.206848,7.965824
5349,traditional,0.051840,7.741440,0.205824,7.999104
5350,traditional,0.056832,7.815168,0.206848,8.078848
5351,traditional,0.051136,7.920640,0.205824,8.177600
5352,traditional,0.051520,8.061952,0.205824,8.319296
5353,traditional,0.053568,8.034304,0.204800,8.292672
5354,traditional,0.064736,8.079360,0.205824,8.349920
5355,traditional,0.050752,8.060928,0.203776,8.315456
5356,traditional,0.051872,8.140800,0.203776,8.396448
5357,traditional,0.063392,8.012800,0.175104,8.251296
5358,traditional,0.061920,6.982656,0.175104,7.219680
5359,traditional,0.056640,7.044096,0.174080,7.274816
5360,traditional,0.058208,7.020544,0.175104,7.253856
5361,traditional,0.046400,7.043072,0.175104,7.264576
5362,traditional,0.057184,6.649856,0.159744,6.866784
5363,traditional,0.043584,6.411264,0.158720,6.613568
5364,traditional,0.066112,7.760896,0.303104,8.130112
5365,traditional,0.065696,6.608896,0.159744,6.834336
5366,traditional,0.067712,7.269376,0.312320,7.649408
5367,traditional,0.056800,5.864448,0.163840,6.085088
5368,traditional,0.074336,5.897216,0.164864,6.136416
5369,traditional,0.043584,5.864448,0.161792,6.069824
5370,traditional,0.054624,7.773184,0.310272,8.138080
5371,traditional,0.047168,5.939200,0.162816,6.149184
5372,traditional,0.047296,6.019072,0.162816,6.229184
5373,traditional,0.066976,6.992896,0.310272,7.370144
5374,traditional,0.042848,6.631424,0.306176,6.980448
5375,traditional,0.043488,6.049792,0.160768,6.254048
5376,traditional,0.042400,8.573952,0.305152,8.921504
5377,traditional,0.042912,6.247424,0.300032,6.590368
5378,traditional,0.042560,6.323200,0.162816,6.528576
5379,traditional,0.055936,6.355968,0.161792,6.573696
5380,traditional,0.072128,8.279040,0.305152,8.656320
5381,traditional,0.088736,8.369152,0.309248,8.767136
5382,traditional,0.064992,8.574976,0.266240,8.906208
5383,traditional,0.076928,11.313152,0.310272,11.700352
5384,traditional,0.045152,7.394304,0.323584,7.763040
5385,traditional,0.078848,7.075840,0.269312,7.424000
5386,traditional,0.068864,7.662592,0.316416,8.047872
5387,traditional,0.080960,8.066048,0.199680,8.346688
5388,traditional,0.057056,7.452672,0.201728,7.711456
5389,traditional,0.049344,7.087104,0.190464,7.326912
5390,traditional,0.049344,7.144448,0.190464,7.384256
5391,traditional,0.052288,7.247872,0.190464,7.490624
5392,traditional,0.059840,7.341056,0.189440,7.590336
5393,traditional,0.049504,7.428096,0.189440,7.667040
5394,traditional,0.052384,7.517184,0.190464,7.760032
5395,traditional,0.062048,7.627776,0.189440,7.879264
5396,traditional,0.049152,7.449600,0.177152,7.675904
5397,traditional,0.049664,7.692288,0.188416,7.930368
5398,traditional,0.072224,7.526400,0.182272,7.780896
5399,traditional,0.047616,7.775232,0.189440,8.012288
5400,traditional,0.061504,8.038400,0.189440,8.289344
5401,traditional,0.060896,7.714816,0.180224,7.955936
5402,traditional,0.048544,7.411712,0.183296,7.643552
5403,traditional,0.051840,7.777280,0.184320,8.013440
5404,traditional,0.060640,7.244800,0.169984,7.475424
5405,traditional,0.055616,7.351296,0.177152,7.584064
5406,traditional,0.053632,7.713792,0.176128,7.943552
5407,traditional,0.053408,7.635968,0.173056,7.862432
5408,traditional,0.064256,7.744512,0.173056,7.981824
5409,traditional,0.048032,7.673856,0.169984,7.891872
5410,traditional,0.049120,7.760896,0.168960,7.978976
5411,traditional,0.052448,7.716864,0.165888,7.935200
5412,traditional,0.059616,7.857152,0.165888,8.082656
5413,traditional,0.058784,7.663616,0.159744,7.882144
5414,traditional,0.046816,8.215552,0.167936,8.430304
5415,traditional,0.046944,8.280064,0.169984,8.496992
5416,traditional,0.074656,8.941568,0.171008,9.187232
5417,traditional,0.075648,9.586688,0.168960,9.831296
5418,traditional,0.058976,9.401344,0.207872,9.668192
5419,traditional,0.055424,10.752000,0.199680,11.007104
5420,traditional,0.052672,11.461632,0.199680,11.713984
5421,traditional,0.059776,12.104704,0.210944,12.375424
5422,traditional,0.055680,12.431360,0.210944,12.697984
5423,traditional,0.058688,13.831168,0.219136,14.108992
5424,traditional,0.057184,14.085120,0.221184,14.363488
5425,traditional,0.068672,13.564928,0.221184,13.854784
5426,traditional,0.066272,13.700096,0.214016,13.980384
5427,traditional,0.057216,14.383104,0.215040,14.655360
5428,traditional,0.069024,14.896128,0.221184,15.186336
5429,traditional,0.064896,15.220736,0.221184,15.506816
5430,traditional,0.057920,15.295488,0.219136,15.572544
5431,traditional,0.068128,15.389696,0.219136,15.676960
5432,traditional,0.064480,12.983296,0.191488,13.239264
5433,traditional,0.051392,13.848576,0.191488,14.091456
5434,traditional,0.051232,14.111744,0.192512,14.355488
5435,traditional,0.064192,13.557760,0.192512,13.814464
5436,traditional,0.055616,14.410752,0.192512,14.658880
5437,traditional,0.065376,16.069632,0.192512,16.327520
5438,traditional,0.053664,16.194560,0.192512,16.440736
5439,traditional,0.069504,17.035264,0.192512,17.297280
5440,traditional,0.053888,16.988160,0.192512,17.234560
5441,traditional,0.066240,19.499008,0.192512,19.757760
5442,traditional,0.066528,17.101824,0.192512,17.360864
5443,traditional,0.052640,18.325504,0.461824,18.839968
5444,traditional,0.108800,22.240256,0.252928,22.601984
5445,traditional,0.065952,22.289408,0.250880,22.606240
5446,traditional,0.065472,22.038528,0.248832,22.352832
5447,traditional,0.064704,21.933056,0.248832,22.246592
5448,traditional,0.069152,22.226944,0.253952,22.550048
5449,traditional,0.066688,22.344704,0.250880,22.662272
5450,traditional,0.066848,23.197696,0.250880,23.515424
5451,traditional,0.066432,22.754304,0.246784,23.067520
5452,traditional,0.064608,22.672384,0.245760,22.982752
5453,traditional,0.065568,20.726784,0.192512,20.984864
5454,traditional,0.052320,17.050624,0.172032,17.274976
5455,traditional,0.055008,15.757312,0.172032,15.984352
5456,traditional,0.049920,17.806336,0.166912,18.023168
5457,traditional,0.049056,21.283840,0.322560,21.655456
5458,traditional,0.072544,22.105088,0.167936,22.345568
5459,traditional,0.049312,21.050368,0.201728,21.301408
5460,traditional,0.074656,23.000064,0.171008,23.245728
5461,traditional,0.049472,23.276544,0.172032,23.498048
5462,traditional,0.049216,23.636992,0.173056,23.859264
5463,traditional,0.050816,22.547456,0.235520,22.833792
5464,traditional,0.063072,22.394880,0.239616,22.697568
5465,traditional,0.065600,22.388736,0.239616,22.693952
5466,traditional,0.063776,22.315008,0.239616,22.618400
5467,traditional,0.063936,22.392832,0.239616,22.696384
5468,traditional,0.063552,22.267904,0.239616,22.571072
5469,traditional,0.065952,22.312960,0.240640,22.619552
5470,traditional,0.064192,22.313984,0.239616,22.617792
5471,traditional,0.066688,22.147072,0.240640,22.454400
5472,traditional,0.065536,18.077696,0.193536,18.336768
5473,traditional,0.056352,16.642048,0.173056,16.871456
5474,traditional,0.049376,21.453824,0.171008,21.674208
5475,traditional,0.049952,21.204992,0.171008,21.425952
5476,traditional,0.050048,25.138176,0.328704,25.516928
5477,traditional,0.077952,22.290432,0.333824,22.702208
5478,traditional,0.082752,23.256064,0.172032,23.510848
5479,traditional,0.050496,26.386432,0.172032,26.608960
5480,traditional,0.049568,23.882752,0.333824,24.266144
5481,traditional,0.077856,23.409664,0.243712,23.731232
5482,traditional,0.064576,22.940672,0.238592,23.243840
5483,traditional,0.066112,22.404096,0.236544,22.706752
5484,traditional,0.063680,23.117824,0.237568,23.419072
5485,traditional,0.065632,23.060480,0.236544,23.362656
5486,traditional,0.063424,23.208960,0.241664,23.514048
5487,traditional,0.067648,22.983680,0.234496,23.285824
5488,traditional,0.062976,22.691840,0.236544,22.991360
5489,traditional,0.061920,21.188608,0.182272,21.432800
5490,traditional,0.057152,17.730560,0.172032,17.959744
5491,traditional,0.051648,20.314112,0.326656,20.692416
5492,traditional,0.076672,23.190528,0.334848,23.602048
5493,traditional,0.081024,24.284160,0.333824,24.699008
5494,traditional,0.077408,23.752704,0.174080,24.004192
5495,traditional,0.050624,24.760320,0.173056,24.984000
5496,traditional,0.050208,27.165696,0.174080,27.389984
5497,traditional,0.051648,25.794560,0.335872,26.182080
5498,traditional,0.077280,26.092544,0.220160,26.389984
5499,traditional,0.068736,21.648384,0.220160,21.937280
5500,traditional,0.072256,21.659648,0.224256,21.956160
5501,traditional,0.063680,21.949440,0.225280,22.238400
5502,traditional,0.064320,22.110208,0.227328,22.401856
5503,traditional,0.062336,21.916672,0.224256,22.203264
5504,traditional,0.060576,21.768192,0.222208,22.050976
5505,traditional,0.063840,22.066176,0.222208,22.352224
5506,traditional,0.063584,22.133760,0.223232,22.420576
5507,traditional,0.070848,22.036480,0.217088,22.324416
5508,traditional,0.058976,21.505024,0.212992,21.776992
5509,traditional,0.061696,21.143552,0.216064,21.421312
5510,traditional,0.060224,21.346304,0.214016,21.620544
5511,traditional,0.060224,21.176320,0.212992,21.449536
5512,traditional,0.058624,21.316608,0.215040,21.590272
5513,traditional,0.058240,21.324800,0.212992,21.596032
5514,traditional,0.059296,21.170176,0.214016,21.443488
5515,traditional,0.059200,21.350400,0.203776,21.613376
5516,traditional,0.060000,21.311488,0.204800,21.576288
5517,traditional,0.059456,21.540864,0.204800,21.805120
5518,traditional,0.060000,21.624832,0.204800,21.889632
5519,traditional,0.064416,21.745664,0.203776,22.013856
5520,traditional,0.060384,21.609472,0.203776,21.873632
5521,traditional,0.059168,21.590016,0.204800,21.853984
5522,traditional,0.060320,21.575680,0.204800,21.840800
5523,traditional,0.061664,21.892096,0.205824,22.159584
5524,traditional,0.061248,21.684224,0.203776,21.949248
5525,traditional,0.062496,21.590016,0.203776,21.856288
5526,traditional,0.063360,21.585920,0.203776,21.853056
5527,traditional,0.059584,21.603328,0.203776,21.866688
5528,traditional,0.062176,21.929984,0.202752,22.194912
5529,traditional,0.063264,21.929984,0.203776,22.197024
5530,traditional,0.060480,21.865472,0.203776,22.129728
5531,traditional,0.060608,21.858304,0.205824,22.124736
5532,traditional,0.060288,21.863424,0.203776,22.127488
5533,traditional,0.087424,22.030336,0.204800,22.322560
5534,traditional,0.060160,21.961728,0.203776,22.225664
5535,traditional,0.071488,22.062080,0.202752,22.336320
5536,traditional,0.062560,22.034432,0.202752,22.299744
5537,traditional,0.059904,21.894144,0.202752,22.156800
5538,traditional,0.059040,21.865472,0.212992,22.137504
5539,traditional,0.071008,22.008832,0.212992,22.292832
5540,traditional,0.060992,22.017024,0.212992,22.291008
5541,traditional,0.057856,22.213632,0.214016,22.485504
5542,traditional,0.059200,22.366208,0.215040,22.640448
5543,traditional,0.057728,22.111232,0.211968,22.380928
5544,traditional,0.069856,22.147072,0.212992,22.429920
5545,traditional,0.057952,22.110208,0.212992,22.381152
5546,traditional,0.058976,22.248448,0.211968,22.519392
5547,traditional,0.060384,22.253568,0.211968,22.525920
5548,traditional,0.063360,22.134784,0.212992,22.411136
5549,traditional,0.060544,22.326272,0.214016,22.600832
5550,traditional,0.063616,22.315008,0.214016,22.592640
5551,traditional,0.058208,22.291456,0.211968,22.561632
5552,traditional,0.057248,22.240256,0.212992,22.510496
5553,traditional,0.058528,22.095872,0.211968,22.366368
5554,traditional,0.058176,22.246400,0.211968,22.516544
5555,traditional,0.058208,22.177792,0.212992,22.448992
5556,traditional,0.061952,22.197248,0.212992,22.472192
5557,traditional,0.058784,22.336512,0.215040,22.610336
5558,traditional,0.058400,22.355968,0.214016,22.628384
5559,traditional,0.058368,22.289408,0.211968,22.559744
5560,traditional,0.057792,22.206464,0.212992,22.477248
5561,traditional,0.058496,22.374400,0.203776,22.636672
5562,traditional,0.058976,22.289408,0.202752,22.551136
5563,traditional,0.058752,22.246400,0.202752,22.507904
5564,traditional,0.061312,22.342656,0.202752,22.606720
5565,traditional,0.058752,22.531072,0.204800,22.794624
5566,traditional,0.058144,22.410240,0.202752,22.671136
5567,traditional,0.060480,22.306816,0.202752,22.570048
5568,traditional,0.059040,22.334464,0.202752,22.596256
5569,traditional,0.060512,22.259712,0.202752,22.522976
5570,traditional,0.058752,22.302720,0.203776,22.565248
5571,traditional,0.058784,22.310912,0.202752,22.572448
5572,traditional,0.058176,22.809600,0.215040,23.082816
5573,traditional,0.061088,23.742464,0.217088,24.020640
5574,traditional,0.062592,23.895040,0.217088,24.174720
5575,traditional,0.065312,23.691264,0.215040,23.971616
5576,traditional,0.061216,23.657472,0.215040,23.933728
5577,traditional,0.061184,23.669760,0.211968,23.942912
5578,traditional,0.062464,23.706624,0.217088,23.986176
5579,traditional,0.062240,23.757824,0.214016,24.034080
5580,traditional,0.064512,23.523328,0.212992,23.800832
5581,traditional,0.064160,22.888448,0.203776,23.156384
5582,traditional,0.060032,22.350848,0.202752,22.613632
5583,traditional,0.065088,22.323200,0.204800,22.593088
5584,traditional,0.062688,22.537216,0.206848,22.806752
5585,traditional,0.059104,22.434816,0.204800,22.698720
5586,traditional,0.061120,22.451200,0.205824,22.718144
5587,traditional,0.058240,22.345728,0.203776,22.607744
5588,traditional,0.060384,21.584896,0.202752,21.848032
5589,traditional,0.061120,21.249024,0.196608,21.506752
5590,traditional,0.084640,21.535744,0.208896,21.829280
5591,traditional,0.060672,22.286336,0.207872,22.554880
5592,traditional,0.062624,22.447104,0.204800,22.714528
5593,traditional,0.060512,22.549504,0.205824,22.815840
5594,traditional,0.059968,22.473728,0.204800,22.738496
5595,traditional,0.058848,22.547456,0.204800,22.811104
5596,traditional,0.058880,22.555648,0.205824,22.820352
5597,traditional,0.059072,22.787072,0.211968,23.058112
5598,traditional,0.060064,22.743040,0.204800,23.007904
5599,traditional,0.061184,22.894592,0.208896,23.164672
5600,traditional,0.059872,22.619136,0.204800,22.883808
5601,traditional,0.063616,22.473728,0.204800,22.742144
5602,traditional,0.059328,22.624256,0.204800,22.888384
5603,traditional,0.059680,22.474752,0.205824,22.740256
5604,traditional,0.058592,22.736896,0.209920,23.005408
5605,traditional,0.059328,22.584320,0.204800,22.848448
5606,traditional,0.062464,22.627328,0.205824,22.895616
5607,traditional,0.062912,22.632448,0.204800,22.900160
5608,traditional,0.058784,22.598656,0.203776,22.861216
5609,traditional,0.062976,22.567936,0.205824,22.836736
5610,traditional,0.059008,22.482944,0.204800,22.746752
5611,traditional,0.059200,22.576128,0.206848,22.842176
5612,traditional,0.059424,22.588416,0.204800,22.852640
5613,traditional,0.058080,22.518784,0.204800,22.781664
5614,traditional,0.059392,22.673408,0.204800,22.937600
5615,traditional,0.058464,22.657024,0.205824,22.921312
5616,traditional,0.060000,22.458368,0.206848,22.725216
5617,traditional,0.059104,22.477824,0.205824,22.742752
5618,traditional,0.059136,22.734848,0.209920,23.003904
5619,traditional,0.062112,22.756352,0.206848,23.025312
5620,traditional,0.059552,22.513664,0.205824,22.779040
5621,traditional,0.059840,22.542336,0.206848,22.809024
5622,traditional,0.059264,22.622208,0.205824,22.887296
5623,traditional,0.060000,22.471680,0.203776,22.735456
5624,traditional,0.058816,22.437888,0.203776,22.700480
5625,traditional,0.058080,22.750208,0.209920,23.018208
5626,traditional,0.059520,22.879232,0.206848,23.145600
5627,traditional,0.061312,22.534144,0.206848,22.802304
5628,traditional,0.058976,22.445056,0.204800,22.708832
5629,traditional,0.059232,22.415360,0.203776,22.678368
5630,traditional,0.059040,22.514688,0.205824,22.779552
5631,traditional,0.059392,22.646784,0.209920,22.916096
5632,traditional,0.059744,22.715392,0.205824,22.980960
5633,traditional,0.060160,22.630400,0.204800,22.895360
5634,traditional,0.058848,22.565888,0.206848,22.831584
5635,traditional,0.059456,22.646784,0.203776,22.910016
5636,traditional,0.058656,22.449152,0.203776,22.711584
5637,traditional,0.063424,22.521856,0.204800,22.790080
5638,traditional,0.062816,22.543360,0.208896,22.815072
5639,traditional,0.059456,22.801408,0.210944,23.071808
5640,traditional,0.060672,22.699008,0.208896,22.968576
5641,traditional,0.059968,22.696960,0.207872,22.964800
5642,traditional,0.060128,22.650880,0.207872,22.918880
5643,traditional,0.059168,22.447104,0.207872,22.714144
5644,traditional,0.059072,22.473728,0.209920,22.742720
5645,traditional,0.059488,22.663168,0.210944,22.933600
5646,traditional,0.059936,22.745088,0.209920,23.014944
5647,traditional,0.059488,22.558720,0.208896,22.827104
5648,traditional,0.058816,22.683648,0.208896,22.951360
5649,traditional,0.059392,22.618112,0.212992,22.890496
5650,traditional,0.057952,22.664192,0.212992,22.935136
5651,traditional,0.059872,22.592512,0.210944,22.863328
5652,traditional,0.069984,22.827008,0.218112,23.115104
5653,traditional,0.059808,22.747136,0.214016,23.020960
5654,traditional,0.058944,22.543360,0.210944,22.813248
5655,traditional,0.058624,22.362112,0.212992,22.633728
5656,traditional,0.061472,22.561792,0.212992,22.836256
5657,traditional,0.065664,22.555648,0.212992,22.834304
5658,traditional,0.061696,22.437888,0.211968,22.711552
5659,traditional,0.059392,22.685696,0.216064,22.961152
5660,traditional,0.059968,22.550528,0.216064,22.826560
5661,traditional,0.059552,22.132736,0.209920,22.402208
5662,traditional,0.057600,21.583872,0.206848,21.848320
5663,traditional,0.060928,21.445632,0.211968,21.718528
5664,traditional,0.062720,23.691264,0.285696,24.039680
5665,traditional,0.060032,21.580800,0.206848,21.847680
5666,traditional,0.057280,23.894016,0.206848,24.158144
5667,traditional,0.057856,21.682176,0.212992,21.953024
5668,traditional,0.057440,21.799936,0.208896,22.066272
5669,traditional,0.065856,21.525504,0.208896,21.800256
5670,traditional,0.058240,25.212928,0.249856,25.521024
5671,traditional,0.067872,25.905152,0.252928,26.225952
5672,traditional,0.067872,26.058752,0.252928,26.379552
5673,traditional,0.067040,26.020864,0.264192,26.352096
5674,traditional,0.067296,25.900032,0.252928,26.220256
5675,traditional,0.066624,25.787392,0.252928,26.106944
5676,traditional,0.067424,25.946112,0.248832,26.262368
5677,traditional,0.066944,25.547776,0.249856,25.864576
5678,traditional,0.065728,22.774784,0.198656,23.039168
5679,traditional,0.093792,19.243008,0.181248,19.518048
5680,traditional,0.050304,19.592192,0.329728,19.972224
5681,traditional,0.087712,24.631296,0.332800,25.051808
5682,traditional,0.076832,25.504768,0.178176,25.759776
5683,traditional,0.050624,25.680896,0.338944,26.070464
5684,traditional,0.078336,26.043392,0.339968,26.461696
5685,traditional,0.078688,25.868288,0.337920,26.284896
5686,traditional,0.077760,27.841536,0.247808,28.167104
5687,traditional,0.064448,25.332736,0.257024,25.654208
5688,traditional,0.066720,25.604096,0.252928,25.923744
5689,traditional,0.066848,25.585664,0.252928,25.905440
5690,traditional,0.066080,25.041920,0.245760,25.353760
5691,traditional,0.070880,24.934400,0.249856,25.255136
5692,traditional,0.066592,25.015296,0.244736,25.326624
5693,traditional,0.063008,24.396800,0.241664,24.701472
5694,traditional,0.064160,23.730176,0.229376,24.023712
5695,traditional,0.061408,22.878208,0.227328,23.166944
5696,traditional,0.064384,22.266880,0.222208,22.553472
5697,traditional,0.060064,22.137856,0.221184,22.419104
5698,traditional,0.063200,21.832704,0.219136,22.115040
5699,traditional,0.058912,21.868544,0.219136,22.146592
5700,traditional,0.058112,21.971968,0.221184,22.251264
5701,traditional,0.070816,21.850112,0.219136,22.140064
5702,traditional,0.058464,21.778432,0.218112,22.055008
5703,traditional,0.058496,21.534720,0.215040,21.808256
5704,traditional,0.057632,21.259264,0.212992,21.529888
5705,traditional,0.057344,21.005312,0.211968,21.274624
5706,traditional,0.056576,20.908032,0.209920,21.174528
5707,traditional,0.056384,20.803584,0.209920,21.069888
5708,traditional,0.056832,20.894720,0.209920,21.161472
5709,traditional,0.057152,20.910080,0.211968,21.179200
5710,traditional,0.059040,21.132288,0.210944,21.402272
5711,traditional,0.056800,20.966400,0.210944,21.234144
5712,traditional,0.057568,21.012480,0.208896,21.278944
5713,traditional,0.058080,21.039104,0.246784,21.343968
5714,traditional,0.063552,24.492032,0.247808,24.803392
5715,traditional,0.068608,24.581120,0.247808,24.897536
5716,traditional,0.065536,24.603648,0.247808,24.916992
5717,traditional,0.077632,24.501248,0.247808,24.826688
5718,traditional,0.064448,24.453120,0.245760,24.763328
5719,traditional,0.064704,24.587264,0.246784,24.898752
5720,traditional,0.063936,24.470528,0.245760,24.780224
5721,traditional,0.065120,24.594432,0.222208,24.881760
5722,traditional,0.059232,21.974016,0.211968,22.245216
5723,traditional,0.057152,20.491264,0.222208,20.770624
5724,traditional,0.055808,19.992576,0.200704,20.249088
5725,traditional,0.056064,19.677184,0.197632,19.930880
5726,traditional,0.059680,19.433472,0.195584,19.688736
5727,traditional,0.054336,21.726208,0.196608,21.977152
5728,traditional,0.054016,19.420160,0.196608,19.670784
5729,traditional,0.055360,21.851136,0.195584,22.102080
5730,traditional,0.053856,22.194176,0.201728,22.449760
5731,traditional,0.079168,21.651456,0.233472,21.964096
5732,traditional,0.062848,23.789568,0.238592,24.091008
5733,traditional,0.064832,24.147968,0.238592,24.451392
5734,traditional,0.066304,23.938048,0.238592,24.242944
5735,traditional,0.063744,23.389184,0.237568,23.690496
5736,traditional,0.067456,23.695360,0.244736,24.007552
5737,traditional,0.065536,23.655424,0.239616,23.960576
5738,traditional,0.064416,23.687168,0.236544,23.988128
5739,traditional,0.063616,23.093248,0.211968,23.368832
5740,traditional,0.060576,20.477952,0.199680,20.738208
5741,traditional,0.055744,19.725312,0.196608,19.977664
5742,traditional,0.053568,19.347456,0.191488,19.592512
5743,traditional,0.053568,19.043328,0.191488,19.288384
5744,traditional,0.052736,23.806976,0.191488,24.051200
5745,traditional,0.054400,21.590016,0.189440,21.833856
5746,traditional,0.053056,21.070848,0.197632,21.321536
5747,traditional,0.053728,21.185536,0.190464,21.429728
5748,traditional,0.054240,23.461888,0.189440,23.705568
5749,traditional,0.053216,23.634944,0.233472,23.921632
5750,traditional,0.061568,23.097344,0.233472,23.392384
5751,traditional,0.062592,23.305216,0.236544,23.604352
5752,traditional,0.061952,23.786496,0.239616,24.088064
5753,traditional,0.076704,23.604224,0.237568,23.918496
5754,traditional,0.061760,23.745536,0.234496,24.041792
5755,traditional,0.062304,23.590912,0.232448,23.885664
5756,traditional,0.060448,23.557120,0.234496,23.852064
5757,traditional,0.061376,22.696960,0.234496,22.992832
5758,traditional,0.064640,20.858880,0.211968,21.135488
5759,traditional,0.057600,19.060736,0.199680,19.318016
5760,traditional,0.055072,18.271232,0.198656,18.524960
5761,traditional,0.063136,18.174976,0.197632,18.435744
5762,traditional,0.054336,17.869824,0.197632,18.121792
5763,traditional,0.055776,17.719296,0.197632,17.972704
5764,traditional,0.054560,17.482752,0.197632,17.734944
5765,traditional,0.057312,17.360896,0.198656,17.616864
5766,traditional,0.055360,19.518464,0.199680,19.773504
5767,traditional,0.054048,18.430976,0.376832,18.861856
5768,traditional,0.084768,17.634304,0.206848,17.925920
5769,traditional,0.057824,17.274880,0.231424,17.564128
5770,traditional,0.062336,17.644544,0.236544,17.943424
5771,traditional,0.064608,17.510400,0.234496,17.809504
5772,traditional,0.059872,17.312768,0.234496,17.607136
5773,traditional,0.061984,17.143808,0.233472,17.439264
5774,traditional,0.062176,16.821248,0.233472,17.116896
5775,traditional,0.060832,16.512000,0.236544,16.809376
5776,traditional,0.061536,16.411648,0.231424,16.704608
5777,traditional,0.063424,16.552960,0.234496,16.850880
5778,traditional,0.061248,16.445440,0.232448,16.739136
5779,traditional,0.063680,16.195584,0.231424,16.490688
5780,traditional,0.068928,14.704640,0.202752,14.976320
5781,traditional,0.054528,13.768704,0.202752,14.025984
5782,traditional,0.057728,13.481984,0.196608,13.736320
5783,traditional,0.055712,12.707840,0.206848,12.970400
5784,traditional,0.055936,11.295744,0.195584,11.547264
5785,traditional,0.065856,10.523648,0.194560,10.784064
5786,traditional,0.054528,10.368000,0.195584,10.618112
5787,traditional,0.052544,10.140672,0.188416,10.381632
5788,traditional,0.064032,9.862144,0.183296,10.109472
5789,traditional,0.051904,9.682944,0.179200,9.914048
5790,traditional,0.049696,9.576448,0.180224,9.806368
5791,traditional,0.063104,9.454592,0.178176,9.695872
5792,traditional,0.050304,9.399296,0.178176,9.627776
5793,traditional,0.049984,9.406464,0.185344,9.641792
5794,traditional,0.052768,9.424896,0.177152,9.654816
5795,traditional,0.060416,9.451520,0.325632,9.837568
5796,traditional,0.074528,9.559040,0.183296,9.816864
5797,traditional,0.062528,9.726976,0.196608,9.986112
5798,traditional,0.056960,9.946112,0.187392,10.190464
5799,traditional,0.054848,9.823232,0.183296,10.061376
5800,traditional,0.052160,9.825280,0.184320,10.061760
5801,traditional,0.050560,8.256512,0.191488,8.498560
5802,traditional,0.074688,7.792640,0.172032,8.039360
5803,traditional,0.047488,7.386112,0.163840,7.597440
5804,traditional,0.074560,8.075264,0.187392,8.337216
5805,traditional,0.050560,8.157184,0.183296,8.391040
5806,traditional,0.061888,7.827456,0.171008,8.060352
5807,traditional,0.047520,7.681024,0.164864,7.893408
5808,traditional,0.046976,7.814144,0.167936,8.029056
5809,traditional,0.050816,7.845888,0.180224,8.076928
5810,traditional,0.052288,7.956480,0.172032,8.180800
5811,traditional,0.052544,7.925760,0.169984,8.148288
5812,traditional,0.060320,7.932928,0.169984,8.163232
5813,traditional,0.051648,7.969792,0.174080,8.195520
5814,traditional,0.052512,8.231936,0.176128,8.460576
5815,traditional,0.059936,7.939072,0.167936,8.166944
5816,traditional,0.049632,8.183808,0.174080,8.407520
5817,traditional,0.048512,7.029760,0.174080,7.252352
5818,traditional,0.047712,7.059456,0.174080,7.281248
5819,traditional,0.049792,7.126016,0.174080,7.349888
5820,traditional,0.046240,6.925312,0.168960,7.140512
5821,traditional,0.046496,7.161856,0.179200,7.387552
5822,traditional,0.054944,7.464960,0.180224,7.700128
5823,traditional,0.056160,6.978560,0.167936,7.202656
5824,traditional,0.045696,7.291904,0.178176,7.515776
5825,traditional,0.051104,7.556096,0.178176,7.785376
5826,traditional,0.045888,7.024640,0.172032,7.242560
5827,traditional,0.048576,7.104512,0.174080,7.327168
5828,traditional,0.057440,7.489536,0.173056,7.720032
5829,traditional,0.056928,7.128064,0.165888,7.350880
5830,traditional,0.045408,7.172096,0.164864,7.382368
5831,traditional,0.050912,7.135232,0.160768,7.346912
5832,traditional,0.047520,7.070720,0.172032,7.290272
5833,traditional,0.090720,7.927808,0.166912,8.185440
5834,traditional,0.057248,7.718912,0.173056,7.949216
5835,traditional,0.046336,6.528000,0.172032,6.746368
5836,traditional,0.058176,6.495232,0.174080,6.727488
5837,traditional,0.055904,6.568960,0.172032,6.796896
5838,traditional,0.055456,7.208960,0.207872,7.472288
5839,traditional,0.052480,7.634944,0.207872,7.895296
5840,traditional,0.061152,7.103488,0.193536,7.358176
5841,traditional,0.050656,7.276544,0.200704,7.527904
5842,traditional,0.061888,7.486464,0.199680,7.748032
5843,traditional,0.056192,7.481344,0.194560,7.732096
5844,traditional,0.050112,7.864320,0.201728,8.116160
5845,traditional,0.050464,8.086528,0.214016,8.351008
5846,traditional,0.052384,8.498176,0.215040,8.765600
5847,traditional,0.064352,8.258560,0.207872,8.530784
5848,traditional,0.051552,8.479744,0.217088,8.748384
5849,traditional,0.064672,8.534016,0.200704,8.799392
5850,traditional,0.049984,8.147968,0.200704,8.398656
5851,traditional,0.062144,8.174592,0.200704,8.437440
5852,traditional,0.053216,7.014400,0.201728,7.269344
5853,traditional,0.062592,7.016448,0.201728,7.280768
5854,traditional,0.047488,5.646336,0.161792,5.855616
5855,traditional,0.043712,5.609472,0.159744,5.812928
5856,traditional,0.043424,5.689344,0.159744,5.892512
5857,traditional,0.042016,5.683200,0.159744,5.884960
5858,traditional,0.054336,5.764096,0.159744,5.978176
5859,traditional,0.041888,5.782528,0.159744,5.984160
5860,traditional,0.043040,5.856256,0.158720,6.058016
5861,traditional,0.043680,5.877760,0.158720,6.080160
5862,traditional,0.042560,5.976064,0.159744,6.178368
5863,traditional,0.042560,6.009856,0.227328,6.279744
5864,traditional,0.043392,6.062080,0.159744,6.265216
5865,traditional,0.043552,6.090752,0.159744,6.294048
5866,traditional,0.043424,7.869440,0.304128,8.216992
5867,traditional,0.064416,8.067072,0.303104,8.434592
5868,traditional,0.070432,8.287232,0.321536,8.679200
5869,traditional,0.073984,8.854528,0.334848,9.263360
5870,traditional,0.057504,6.194176,0.169984,6.421664
5871,traditional,0.048864,6.242304,0.168960,6.460128
5872,traditional,0.045504,6.340608,0.168960,6.555072
5873,traditional,0.058624,6.417408,0.167936,6.643968
5874,traditional,0.045984,6.300672,0.162816,6.509472
5875,traditional,0.053824,6.285312,0.161792,6.500928
5876,traditional,0.055424,6.139904,0.155648,6.350976
5877,traditional,0.066176,8.074240,0.329728,8.470144
5878,traditional,0.057408,6.898688,0.172032,7.128128
5879,traditional,0.055968,6.716416,0.163840,6.936224
5880,traditional,0.069152,8.607744,0.222208,8.899104
5881,traditional,0.055520,9.379840,0.222208,9.657568
5882,traditional,0.068096,9.764864,0.227328,10.060288
5883,traditional,0.065600,10.036224,0.240640,10.342464
5884,traditional,0.070016,10.535936,0.240640,10.846592
5885,traditional,0.072064,10.676224,0.240640,10.988928
5886,traditional,0.061344,10.873856,0.238592,11.173792
5887,traditional,0.063200,11.035648,0.241664,11.340512
5888,traditional,0.071360,10.810368,0.235520,11.117248
5889,traditional,0.084128,10.883072,0.234496,11.201696
5890,traditional,0.062144,11.059200,0.236544,11.357888
5891,traditional,0.061568,11.552768,0.256000,11.870336
5892,traditional,0.064992,12.311552,0.244736,12.621280
5893,traditional,0.061984,11.898880,0.244736,12.205600
5894,traditional,0.086976,10.146816,0.180224,10.414016
5895,traditional,0.059808,8.975360,0.179200,9.214368
5896,traditional,0.058880,8.113152,0.159744,8.331776
5897,traditional,0.046176,8.267776,0.158720,8.472672
5898,traditional,0.057984,8.200192,0.157696,8.415872
5899,traditional,0.058528,8.091648,0.152576,8.302752
5900,traditional,0.069504,11.888640,0.293888,12.252032
5901,traditional,0.071936,11.398144,0.292864,11.762944
5902,traditional,0.077792,12.323840,0.292864,12.694496
5903,traditional,0.070784,13.323264,0.306176,13.700224
5904,traditional,0.069824,15.277056,0.162816,15.509696
5905,traditional,0.046720,18.832384,0.168960,19.048064
5906,traditional,0.049312,16.398336,0.322560,16.770208
5907,traditional,0.085024,20.007936,0.328704,20.421664
5908,traditional,0.058112,16.029696,0.223232,16.311040
5909,traditional,0.058496,16.411648,0.222208,16.692352
5910,traditional,0.069632,16.584704,0.223232,16.877568
5911,traditional,0.069504,16.791552,0.223232,17.084288
5912,traditional,0.072160,17.269760,0.227328,17.569248
5913,traditional,0.060192,17.547264,0.227328,17.834784
5914,traditional,0.059584,17.965056,0.229376,18.254016
5915,traditional,0.068256,17.403904,0.225280,17.697440
5916,traditional,0.058976,18.158592,0.225280,18.442848
5917,traditional,0.058208,18.511872,0.226304,18.796384
5918,traditional,0.060128,18.826240,0.227328,19.113696
5919,traditional,0.061792,20.231168,0.216064,20.509024
5920,traditional,0.058912,19.441664,0.216064,19.716640
5921,traditional,0.059680,18.734080,0.208896,19.002656
5922,traditional,0.057792,18.610176,0.203776,18.871744
5923,traditional,0.055680,18.264064,0.203776,18.523520
5924,traditional,0.055264,18.454528,0.205824,18.715616
5925,traditional,0.056416,18.497536,0.205824,18.759776
5926,traditional,0.059232,18.405376,0.204800,18.669408
5927,traditional,0.056288,18.571264,0.205824,18.833376
5928,traditional,0.055584,18.413568,0.205824,18.674976
5929,traditional,0.055328,18.495488,0.206848,18.757664
5930,traditional,0.055072,18.164736,0.201728,18.421536
5931,traditional,0.054912,17.904640,0.199680,18.159232
5932,traditional,0.068128,17.079296,0.195584,17.343008
5933,traditional,0.053856,18.109440,0.196608,18.359904
5934,traditional,0.053920,20.209664,0.376832,20.640416
5935,traditional,0.098144,18.414592,0.196608,18.709344
5936,traditional,0.055712,20.641792,0.199680,20.897184
5937,traditional,0.061600,19.961856,0.345088,20.368544
5938,traditional,0.054688,18.055168,0.196608,18.306464
5939,traditional,0.053536,20.690944,0.195584,20.940064
5940,traditional,0.057856,18.383872,0.206848,18.648576
5941,traditional,0.056384,19.005440,0.209920,19.271744
5942,traditional,0.071232,19.237888,0.209920,19.519040
5943,traditional,0.058560,19.302400,0.209920,19.570880
5944,traditional,0.057120,19.164160,0.209920,19.431200
5945,traditional,0.057792,19.876864,0.209920,20.144576
5946,traditional,0.061664,19.822592,0.210944,20.095200
5947,traditional,0.059264,19.895296,0.210944,20.165504
5948,traditional,0.057856,19.819520,0.209920,20.087296
5949,traditional,0.057504,19.842048,0.210944,20.110496
5950,traditional,0.057376,19.785728,0.209920,20.053024
5951,traditional,0.057728,19.663872,0.210944,19.932544
5952,traditional,0.058560,19.823616,0.209920,20.092096
5953,traditional,0.058272,19.631104,0.210944,19.900320
5954,traditional,0.058336,19.656704,0.210944,19.925984
5955,traditional,0.056832,19.653632,0.210944,19.921408
5956,traditional,0.080416,19.564544,0.210944,19.855904
5957,traditional,0.058368,19.675136,0.210944,19.944448
5958,traditional,0.058432,20.291584,0.211968,20.561984
5959,traditional,0.058912,20.294656,0.210944,20.564512
5960,traditional,0.058944,20.326400,0.210944,20.596288
5961,traditional,0.058880,20.311040,0.220160,20.590080
5962,traditional,0.059872,21.131264,0.220160,21.411296
5963,traditional,0.059744,20.989952,0.221184,21.270880
5964,traditional,0.062048,21.241856,0.211968,21.515872
5965,traditional,0.060352,21.366784,0.224256,21.651392
5966,traditional,0.060864,21.204992,0.223232,21.489088
5967,traditional,0.060960,20.992000,0.221184,21.274144
5968,traditional,0.061568,20.912128,0.221184,21.194880
5969,traditional,0.060256,20.934656,0.221184,21.216096
5970,traditional,0.059744,21.645312,0.222208,21.927264
5971,traditional,0.061024,21.078016,0.215040,21.354080
5972,traditional,0.059360,20.925440,0.212992,21.197792
5973,traditional,0.059104,20.652032,0.209920,20.921056
5974,traditional,0.057696,20.510720,0.209920,20.778336
5975,traditional,0.068736,20.567040,0.211968,20.847744
5976,traditional,0.057536,20.537344,0.210944,20.805824
5977,traditional,0.057632,20.382720,0.209920,20.650272
5978,traditional,0.059744,20.483072,0.211968,20.754784
