frame,renderPath,shadowMs,sceneMs,postProcessMs,frameMs
1,traditional,0.008128,7.910400,0.033792,7.952320
2,traditional,0.007520,9.187328,0.033792,9.228640
3,traditional,0.007840,8.474624,0.032768,8.515232
4,traditional,0.009504,9.157632,0.032768,9.199904
5,traditional,0.006560,8.468480,0.032768,8.507808
6,traditional,0.007584,8.557568,0.033792,8.598944
7,traditional,0.008032,8.657920,0.032768,8.698720
8,traditional,0.008736,8.590336,0.032768,8.631840
9,traditional,0.008672,11.290624,0.033792,11.333088
10,traditional,0.008416,11.071488,0.032768,11.112672
11,traditional,0.008288,9.683968,0.064512,9.756768
12,traditional,0.011872,12.787712,0.064512,12.864096
13,traditional,0.012224,11.712512,0.033792,11.758528
14,traditional,0.006880,11.601920,0.033792,11.642592
15,traditional,0.007872,11.254784,0.033792,11.296448
16,traditional,0.008000,13.680640,0.034816,13.723456
17,traditional,0.007616,11.620352,0.033792,11.661760
18,traditional,0.007808,11.794432,0.034816,11.837056
19,traditional,0.007424,12.025856,0.034816,12.068096
20,traditional,0.008608,13.154304,0.067584,13.230496
21,traditional,0.013312,13.087744,0.035840,13.136896
22,traditional,0.008160,11.885568,0.034816,11.928544
23,traditional,0.007392,10.840064,0.066560,10.914016
24,traditional,0.013152,12.874752,0.066560,12.954464
25,traditional,0.013216,12.838912,0.067584,12.919712
26,traditional,0.013152,13.417472,0.068608,13.499232
27,traditional,0.012768,12.921856,0.040960,12.975584
28,traditional,0.008768,11.766784,0.045056,11.820608
29,traditional,0.009920,11.719680,0.045056,11.774656
30,traditional,0.009728,11.736064,0.044032,11.789824
31,traditional,0.009056,11.573248,0.044032,11.626336
32,traditional,0.009568,11.613184,0.044032,11.666784
33,traditional,0.009920,11.695104,0.044032,11.749056
34,traditional,0.008960,11.738112,0.044032,11.791104
35,traditional,0.009312,11.531264,0.044032,11.584608
36,traditional,0.009312,11.839488,0.044032,11.892832
37,traditional,0.009664,11.537408,0.044032,11.591104
38,traditional,0.009664,11.644928,0.044032,11.698624
39,traditional,0.009312,11.640832,0.044032,11.694176
40,traditional,0.009184,11.532288,0.044032,11.585504
41,traditional,0.009088,11.712512,0.044032,11.765632
42,traditional,0.009504,11.631616,0.044032,11.685152
43,traditional,0.009216,11.589632,0.045056,11.643904
44,traditional,0.011872,11.473920,0.044032,11.529824
45,traditional,0.009792,11.581440,0.043008,11.634240
46,traditional,0.008384,11.162624,0.043008,11.214016
47,traditional,0.009376,11.187200,0.041984,11.238560
48,traditional,0.008544,11.020288,0.043008,11.071840
49,traditional,0.009376,10.877952,0.041984,10.929312
50,traditional,0.008800,10.970112,0.041984,11.020896
51,traditional,0.009216,10.798080,0.041984,10.849280
52,traditional,0.008960,10.816512,0.041984,10.867456
53,traditional,0.009056,10.831872,0.040960,10.881888
54,traditional,0.008672,10.580992,0.040960,10.630624
55,traditional,0.008992,10.595328,0.041984,10.646304
56,traditional,0.009280,10.701824,0.041984,10.753088
57,traditional,0.009056,10.724352,0.040960,10.774368
58,traditional,0.009600,10.764288,0.041984,10.815872
59,traditional,0.009024,10.746880,0.040960,10.796864
60,traditional,0.009504,10.754048,0.040960,10.804512
61,traditional,0.008864,10.620928,0.040960,10.670752
62,traditional,0.009952,10.741760,0.040960,10.792672
63,traditional,0.009120,10.691584,0.040960,10.741664
64,traditional,0.008640,10.522624,0.039936,10.571200
65,traditional,0.009696,10.511360,0.039936,10.560992
66,traditional,0.009024,10.360832,0.039936,10.409792
67,traditional,0.008544,10.343424,0.039936,10.391904
68,traditional,0.010112,10.134528,0.038912,10.183552
69,traditional,0.009056,10.084352,0.038912,10.132320
70,traditional,0.008672,10.165248,0.039936,10.213856
71,traditional,0.008256,10.204160,0.038912,10.251328
72,traditional,0.010144,10.216448,0.038912,10.265504
73,traditional,0.008096,10.322944,0.039936,10.370976
74,traditional,0.015424,10.275840,0.039936,10.331200
75,traditional,0.008832,10.377216,0.039936,10.425984
76,traditional,0.008960,10.272768,0.038912,10.320640
77,traditional,0.009088,10.319872,0.039936,10.368896
78,traditional,0.009280,10.276864,0.039936,10.326080
79,traditional,0.009184,10.263552,0.039936,10.312672
80,traditional,0.009312,10.326016,0.038912,10.374240
81,traditional,0.009600,10.322944,0.038912,10.371456
82,traditional,0.009472,10.275840,0.038912,10.324224
83,traditional,0.009120,10.877952,0.046080,10.933152
84,traditional,0.009664,12.086272,0.047104,12.143040
85,traditional,0.010304,12.299264,0.047104,12.356672
86,traditional,0.010272,12.471296,0.047104,12.528672
87,traditional,0.010784,12.376064,0.047104,12.433952
88,traditional,0.009632,12.285952,0.048128,12.343712
89,traditional,0.011072,12.275712,0.047104,12.333888
90,traditional,0.010624,12.531712,0.047104,12.589440
91,traditional,0.009920,12.573696,0.047104,12.630720
92,traditional,0.014624,12.362752,0.047104,12.424480
93,traditional,0.011104,12.345344,0.047104,12.403552
94,traditional,0.011168,12.227584,0.047104,12.285856
95,traditional,0.010208,12.303360,0.046080,12.359648
96,traditional,0.014496,12.257280,0.047104,12.318880
97,traditional,0.010560,12.298240,0.047104,12.355904
98,traditional,0.010432,12.295168,0.047104,12.352704
99,traditional,0.010720,12.200960,0.046080,12.257760
100,traditional,0.010528,12.366848,0.047104,12.424480
101,traditional,0.011168,10.816512,0.037888,10.865568
102,traditional,0.009888,9.891840,0.038912,9.940640
103,traditional,0.009024,9.363456,0.035840,9.408320
104,traditional,0.008352,8.981504,0.035840,9.025696
105,traditional,0.008064,11.350016,0.034816,11.392896
106,traditional,0.008064,9.603072,0.066560,9.677696
107,traditional,0.013568,12.399616,0.066560,12.479744
108,traditional,0.012992,12.452864,0.035840,12.501696
109,traditional,0.008224,11.601920,0.035840,11.645984
110,traditional,0.008224,13.998080,0.035840,14.042144
111,traditional,0.008032,11.729920,0.034816,11.772768
112,traditional,0.008608,13.986816,0.034816,14.030240
113,traditional,0.007552,13.766656,0.035840,13.810048
114,traditional,0.008000,13.826048,0.034816,13.868864
115,traditional,0.008192,13.581312,0.068608,13.658112
116,traditional,0.013664,12.642304,0.067584,12.723552
117,traditional,0.013600,12.787712,0.067584,12.868896
118,traditional,0.013792,14.342144,0.046080,14.402016
119,traditional,0.010432,12.174336,0.048128,12.232896
120,traditional,0.010784,12.431360,0.048128,12.490272
121,traditional,0.010272,12.428288,0.048128,12.486688
122,traditional,0.010624,12.320768,0.047104,12.378496
123,traditional,0.010656,12.187648,0.047104,12.245408
124,traditional,0.010944,12.122112,0.047104,12.180160
125,traditional,0.009824,12.108800,0.047104,12.165728
126,traditional,0.009824,12.066816,0.046080,12.122720
127,traditional,0.009888,12.166144,0.047104,12.223136
128,traditional,0.010336,11.885568,0.047104,11.943008
129,traditional,0.010272,12.018688,0.046080,12.075040
130,traditional,0.010752,12.076032,0.047104,12.133888
131,traditional,0.009760,11.942912,0.046080,11.998752
132,traditional,0.010240,11.841536,0.047104,11.898880
133,traditional,0.009952,12.000256,0.047104,12.057312
134,traditional,0.009632,10.438656,0.037888,10.486176
135,traditional,0.008032,9.672704,0.037888,9.718624
136,traditional,0.008320,9.211904,0.035840,9.256064
137,traditional,0.008128,9.614336,0.067584,9.690048
138,traditional,0.013184,12.743680,0.067584,12.824448
139,traditional,0.013216,12.269568,0.035840,12.318624
140,traditional,0.007744,11.759616,0.035840,11.803200
141,traditional,0.008192,11.445248,0.066560,11.520000
142,traditional,0.012960,13.864960,0.035840,13.913760
143,traditional,0.008544,12.528640,0.067584,12.604768
144,traditional,0.012832,12.769280,0.067584,12.849696
145,traditional,0.013024,14.178304,0.034816,14.226144
146,traditional,0.008320,13.921280,0.034816,13.964416
147,traditional,0.007584,13.962240,0.034816,14.004640
148,traditional,0.008128,13.849600,0.034816,13.892544
149,traditional,0.008032,13.370368,0.067584,13.445984
150,traditional,0.013632,13.079552,0.045056,13.138240
151,traditional,0.010016,11.750400,0.046080,11.806496
152,traditional,0.010272,12.393472,0.046080,12.449824
153,traditional,0.010624,12.042240,0.046080,12.098944
154,traditional,0.010304,11.915264,0.046080,11.971648
155,traditional,0.010720,11.881472,0.046080,11.938272
156,traditional,0.009728,11.839488,0.046080,11.895296
157,traditional,0.010048,11.637760,0.045056,11.692864
158,traditional,0.010496,11.751424,0.046080,11.808000
159,traditional,0.009664,11.692032,0.045056,11.746752
160,traditional,0.009408,11.599872,0.045056,11.654336
161,traditional,0.009376,11.692032,0.045056,11.746464
162,traditional,0.009760,11.671552,0.046080,11.727392
163,traditional,0.009504,11.761664,0.046080,11.817248
164,traditional,0.010368,11.721728,0.045056,11.777152
165,traditional,0.009920,11.627520,0.045056,11.682496
166,traditional,0.009664,11.624448,0.045056,11.679168
167,traditional,0.010272,11.645952,0.046080,11.702304
168,traditional,0.009600,11.751424,0.043008,11.804032
169,traditional,0.009920,11.065344,0.043008,11.118272
170,traditional,0.015040,11.261952,0.044032,11.321024
171,traditional,0.009152,11.189248,0.044032,11.242432
172,traditional,0.009984,11.073536,0.043008,11.126528
173,traditional,0.008960,10.993664,0.041984,11.044608
174,traditional,0.009920,10.989568,0.043008,11.042496
175,traditional,0.009344,10.928128,0.043008,10.980480
176,traditional,0.010016,10.870784,0.041984,10.922784
177,traditional,0.009376,10.875904,0.041984,10.927264
178,traditional,0.009664,10.752000,0.041984,10.803648
179,traditional,0.009696,10.852352,0.041984,10.904032
180,traditional,0.009248,10.795008,0.043008,10.847264
181,traditional,0.009248,10.994688,0.043008,11.046944
182,traditional,0.009344,10.732544,0.041984,10.783872
183,traditional,0.009280,10.838016,0.041984,10.889280
184,traditional,0.009216,10.796032,0.041984,10.847232
185,traditional,0.009344,10.948608,0.043008,11.000960
186,traditional,0.012832,10.926080,0.041984,10.980896
187,traditional,0.008832,10.592256,0.040960,10.642048
188,traditional,0.009152,10.747904,0.040960,10.798016
189,traditional,0.008736,10.483712,0.039936,10.532384
190,traditional,0.009344,10.436608,0.040960,10.486912
191,traditional,0.008672,10.318848,0.039936,10.367456
192,traditional,0.008480,10.246144,0.040960,10.295584
193,traditional,0.008832,10.411008,0.040960,10.460800
194,traditional,0.008672,10.401792,0.039936,10.450400
195,traditional,0.009152,10.420224,0.040960,10.470336
196,traditional,0.008800,10.362880,0.040960,10.412640
197,traditional,0.008480,10.437632,0.039936,10.486048
198,traditional,0.009248,10.359808,0.040960,10.410016
199,traditional,0.009312,10.411008,0.040960,10.461280
200,traditional,0.008704,10.513408,0.039936,10.562048
201,traditional,0.009600,10.511360,0.040960,10.561920
202,traditional,0.008864,10.523648,0.040960,10.573472
203,traditional,0.008864,10.426368,0.040960,10.476192
204,traditional,0.009248,10.291200,0.040960,10.341408
205,traditional,0.008544,10.372096,0.039936,10.420576
206,traditional,0.009344,10.872832,0.043008,10.925184
207,traditional,0.009536,11.076608,0.043008,11.129152
208,traditional,0.009856,11.032576,0.043008,11.085440
209,traditional,0.009632,10.944512,0.043008,10.997152
210,traditional,0.009152,11.060224,0.043008,11.112384
211,traditional,0.009856,11.012096,0.043008,11.064960
212,traditional,0.009216,10.960896,0.041984,11.012096
213,traditional,0.009760,11.161600,0.043008,11.214368
214,traditional,0.009312,11.152384,0.044032,11.205728
215,traditional,0.009216,11.079680,0.043008,11.131904
216,traditional,0.009664,11.157504,0.043008,11.210176
217,traditional,0.009824,11.065344,0.043008,11.118176
218,traditional,0.009408,10.948608,0.043008,11.001024
219,traditional,0.009280,11.245568,0.043008,11.297856
220,traditional,0.008832,11.115520,0.041984,11.166336
221,traditional,0.009248,10.785792,0.041984,10.837024
222,traditional,0.009568,10.872832,0.041984,10.924384
223,traditional,0.009344,11.115520,0.044032,11.168896
224,traditional,0.013696,10.840064,0.041984,10.895744
225,traditional,0.009056,10.752000,0.040960,10.802016
226,traditional,0.009536,10.529792,0.041984,10.581312
227,traditional,0.009376,10.560512,0.039936,10.609824
228,traditional,0.009248,10.460160,0.040960,10.510368
229,traditional,0.008864,10.527744,0.040960,10.577568
230,traditional,0.008608,13.196288,0.045056,13.249952
231,traditional,0.008128,13.099008,0.044032,13.151168
232,traditional,0.008128,13.290496,0.043008,13.341632
233,traditional,0.007712,13.908992,0.044032,13.960736
234,traditional,0.007424,16.011264,0.045056,16.063744
235,traditional,0.007424,17.245184,0.086016,17.338624
236,traditional,0.012160,18.139136,0.045056,18.196352
237,traditional,0.013280,18.682880,0.047104,18.743264
238,traditional,0.007584,16.710656,0.087040,16.805280
239,traditional,0.013600,22.300672,0.087040,22.401312
240,traditional,0.013600,18.326528,0.088064,18.428192
241,traditional,0.013088,22.729728,0.087040,22.829856
242,traditional,0.013952,18.308096,0.088064,18.410112
243,traditional,0.013504,20.446208,0.047104,20.506816
244,traditional,0.008544,21.028864,0.088064,21.125472
245,traditional,0.013376,20.992000,0.057344,21.062720
246,traditional,0.009440,17.892352,0.058368,17.960160
247,traditional,0.009248,18.032640,0.057344,18.099232
248,traditional,0.019136,17.569792,0.057344,17.646272
249,traditional,0.009696,17.536000,0.056320,17.602016
250,traditional,0.009248,17.426432,0.056320,17.492000
251,traditional,0.009568,17.381376,0.056320,17.447264
252,traditional,0.008992,17.259520,0.056320,17.324832
253,traditional,0.010080,17.266688,0.056320,17.333088
254,traditional,0.022144,16.882688,0.055296,16.960128
255,traditional,0.008928,16.823296,0.056320,16.888544
256,traditional,0.009824,16.821248,0.055296,16.886368
257,traditional,0.009280,16.609280,0.055296,16.673856
258,traditional,0.010208,16.304128,0.054272,16.368608
259,traditional,0.009120,16.475136,0.053248,16.537504
260,traditional,0.009344,16.443392,0.055296,16.508032
261,traditional,0.008800,16.461824,0.054272,16.524896
262,traditional,0.009792,16.360448,0.054272,16.424512
263,traditional,0.009088,16.473088,0.054272,16.536448
264,traditional,0.009440,16.547840,0.053248,16.610528
265,traditional,0.009408,16.458752,0.053248,16.521408
266,traditional,0.008800,16.533504,0.054272,16.596576
267,traditional,0.009312,16.566272,0.053248,16.628832
268,traditional,0.009024,16.404480,0.053248,16.466752
269,traditional,0.009216,16.606208,0.054272,16.669696
270,traditional,0.009344,16.547840,0.053248,16.610432
271,traditional,0.009312,16.381952,0.054272,16.445536
272,traditional,0.008864,16.318464,0.053248,16.380576
273,traditional,0.009024,16.422912,0.054272,16.486208
274,traditional,0.008896,16.220160,0.053248,16.282304
275,traditional,0.009280,16.530432,0.054272,16.593984
276,traditional,0.008832,16.289792,0.053248,16.351872
277,traditional,0.009280,16.373760,0.054272,16.437312
278,traditional,0.008608,16.463872,0.054272,16.526752
279,traditional,0.008768,16.468992,0.054272,16.532032
280,traditional,0.008576,16.452608,0.054272,16.515456
281,traditional,0.009120,16.319488,0.054272,16.382880
282,traditional,0.009056,17.172480,0.057344,17.238880
283,traditional,0.009632,17.236992,0.057344,17.303968
284,traditional,0.009856,17.334272,0.057344,17.401472
285,traditional,0.009088,17.207296,0.057344,17.273728
286,traditional,0.008480,13.007872,0.044032,13.060384
287,traditional,0.009056,12.960768,0.044032,13.013856
288,traditional,0.008000,13.017088,0.044032,13.069120
289,traditional,0.007968,13.170688,0.044032,13.222688
290,traditional,0.008416,13.944832,0.046080,13.999328
291,traditional,0.008384,13.406208,0.045056,13.459648
292,traditional,0.007904,14.554112,0.087040,14.649056
293,traditional,0.013056,17.993728,0.086016,18.092800
294,traditional,0.024608,18.584576,0.046080,18.655264
295,traditional,0.007072,16.969728,0.086016,17.062816
296,traditional,0.013504,19.860480,0.056320,19.930304
297,traditional,0.009216,17.267712,0.055296,17.332224
298,traditional,0.009696,17.015808,0.054272,17.079776
299,traditional,0.009312,16.620544,0.054272,16.684128
300,traditional,0.008960,16.630784,0.054272,16.694016
301,traditional,0.008704,16.564224,0.054272,16.627200
302,traditional,0.009024,16.755712,0.054272,16.819008
303,traditional,0.009376,16.541696,0.054272,16.605344
304,traditional,0.008448,16.541696,0.054272,16.604416
305,traditional,0.008480,16.768000,0.055296,16.831776
306,traditional,0.008896,16.506880,0.054272,16.570048
307,traditional,0.009408,16.582656,0.054272,16.646336
308,traditional,0.008736,16.435200,0.053248,16.497184
309,traditional,0.008992,16.060416,0.052224,16.121632
310,traditional,0.009344,15.857664,0.052224,15.919232
311,traditional,0.008256,15.789056,0.052224,15.849536
312,traditional,0.009088,15.689728,0.052224,15.751040
313,traditional,0.008544,15.933440,0.052224,15.994208
314,traditional,0.009120,15.855616,0.053248,15.917984
315,traditional,0.008640,15.847424,0.053248,15.909312
316,traditional,0.008960,15.940608,0.053248,16.002816
317,traditional,0.008608,15.823872,0.053248,15.885728
318,traditional,0.008608,15.872000,0.053248,15.933856
319,traditional,0.008192,15.845376,0.054272,15.907840
320,traditional,0.012864,15.837184,0.054272,15.904320
321,traditional,0.008480,18.948096,0.062464,19.019040
322,traditional,0.010912,19.228672,0.062464,19.302048
323,traditional,0.010816,19.426304,0.062464,19.499584
324,traditional,0.010848,19.309568,0.062464,19.382880
325,traditional,0.010816,19.190784,0.062464,19.264064
326,traditional,0.010688,18.917376,0.062464,18.990528
327,traditional,0.009984,18.950144,0.062464,19.022592
328,traditional,0.010784,19.266560,0.062464,19.339808
329,traditional,0.010272,19.201024,0.062464,19.273760
330,traditional,0.010848,19.164160,0.062464,19.237472
331,traditional,0.010816,19.243008,0.062464,19.316288
332,traditional,0.010688,16.908288,0.050176,16.969152
333,traditional,0.008640,17.807360,0.061440,17.877440
334,traditional,0.007552,17.810432,0.061440,17.879424
335,traditional,0.008000,17.684480,0.061440,17.753920
336,traditional,0.007392,20.456448,0.117760,20.581600
337,traditional,0.012928,21.831680,0.119808,21.964416
338,traditional,0.012928,21.706752,0.066560,21.786240
339,traditional,0.008768,23.440384,0.130048,23.579200
340,traditional,0.013824,23.727104,0.066560,23.807488
341,traditional,0.008352,22.615040,0.066560,22.689952
342,traditional,0.008416,24.976384,0.065536,25.050336
343,traditional,0.008832,25.041920,0.067584,25.118336
344,traditional,0.008608,24.429568,0.130048,24.568224
345,traditional,0.014208,25.708544,0.066560,25.789312
346,traditional,0.008032,23.846912,0.072704,23.927648
347,traditional,0.009728,22.017024,0.073728,22.100480
348,traditional,0.008896,21.946368,0.072704,22.027968
349,traditional,0.009376,21.805056,0.071680,21.886112
350,traditional,0.008864,21.529600,0.071680,21.610144
351,traditional,0.008512,21.719040,0.072704,21.800256
352,traditional,0.008704,21.494784,0.072704,21.576192
353,traditional,0.008736,21.682176,0.072704,21.763616
354,traditional,0.009280,21.981184,0.073728,22.064192
355,traditional,0.008608,21.665792,0.071680,21.746080
356,traditional,0.009408,24.683520,0.087040,24.779968
357,traditional,0.010336,26.826752,0.089088,26.926176
358,traditional,0.010176,26.865664,0.090112,26.965952
359,traditional,0.010592,26.842112,0.090112,26.942816
360,traditional,0.010304,26.745856,0.090112,26.846272
361,traditional,0.010720,26.537984,0.089088,26.637792
362,traditional,0.010336,26.641408,0.088064,26.739808
363,traditional,0.010912,25.406464,0.070656,25.488032
364,traditional,0.008928,20.799488,0.070656,20.879072
365,traditional,0.007616,20.208640,0.122880,20.339136
366,traditional,0.014016,24.451072,0.063488,24.528576
367,traditional,0.008352,24.685568,0.121856,24.815776
368,traditional,0.013632,26.919936,0.120832,27.054400
369,traditional,0.013056,27.260928,0.122880,27.396864
370,traditional,0.013120,27.867136,0.063488,27.943744
371,traditional,0.008064,30.371840,0.082944,30.462848
372,traditional,0.010432,25.350144,0.087040,25.447616
373,traditional,0.010816,26.372096,0.087040,26.469952
374,traditional,0.011136,25.544704,0.083968,25.639808
375,traditional,0.009600,25.275392,0.083968,25.368960
376,traditional,0.010400,20.718592,0.071680,20.800672
377,traditional,0.009280,20.760576,0.071680,20.841536
378,traditional,0.011616,21.112832,0.072704,21.197152
379,traditional,0.009344,20.684800,0.071680,20.765824
380,traditional,0.008736,21.507072,0.070656,21.586464
381,traditional,0.009280,21.152768,0.070656,21.232704
382,traditional,0.009280,21.112832,0.070656,21.192768
383,traditional,0.009024,21.131264,0.070656,21.210944
384,traditional,0.008736,21.038080,0.070656,21.117472
385,traditional,0.009152,21.080064,0.071680,21.160896
386,traditional,0.008480,21.100544,0.070656,21.179680
387,traditional,0.008640,21.090304,0.070656,21.169600
388,traditional,0.009600,18.840576,0.061440,18.911616
389,traditional,0.007936,23.836672,0.062464,23.907072
390,traditional,0.008448,23.905280,0.062464,23.976192
391,traditional,0.008192,23.906304,0.121856,24.036352
392,traditional,0.013312,27.106304,0.062464,27.182080
393,traditional,0.008224,26.161152,0.062464,26.231840
394,traditional,0.008000,27.956224,0.078848,28.043072
395,traditional,0.009664,25.153536,0.084992,25.248192
396,traditional,0.010208,25.209856,0.082944,25.303008
397,traditional,0.010400,25.148416,0.083968,25.242784
398,traditional,0.010240,24.890368,0.081920,24.982528
399,traditional,0.010368,24.707072,0.080896,24.798336
400,traditional,0.010176,24.296448,0.080896,24.387520
401,traditional,0.009344,24.250368,0.082944,24.342656
402,traditional,0.009472,23.408640,0.067584,23.485696
403,traditional,0.008480,19.236864,0.063488,19.308832
404,traditional,0.007872,24.442880,0.062464,24.513216
405,traditional,0.007808,26.359808,0.063488,26.431104
406,traditional,0.007552,24.597504,0.071680,24.676736
407,traditional,0.013184,28.585984,0.063488,28.662656
408,traditional,0.008128,26.967040,0.122880,27.098048
409,traditional,0.013728,28.414976,0.063488,28.492192
410,traditional,0.008448,29.488128,0.086016,29.582592
411,traditional,0.010688,25.515008,0.083968,25.609664
412,traditional,0.010656,25.086976,0.082944,25.180576
413,traditional,0.010624,24.860672,0.082944,24.954240
414,traditional,0.009952,24.915968,0.081920,25.007840
415,traditional,0.009664,24.538112,0.080896,24.628672
416,traditional,0.009536,24.367104,0.080896,24.457536
417,traditional,0.009216,24.538112,0.081920,24.629248
418,traditional,0.010336,23.843840,0.077824,23.932000
419,traditional,0.009728,23.439360,0.075776,23.524864
420,traditional,0.008864,22.903808,0.074752,22.987424
421,traditional,0.009472,22.862848,0.075776,22.948096
422,traditional,0.009024,22.690816,0.075776,22.775616
423,traditional,0.009920,22.812672,0.076800,22.899392
424,traditional,0.009856,13.084672,0.045056,13.139584
425,traditional,0.009920,12.948480,0.045056,13.003456
426,traditional,0.007712,13.179904,0.044032,13.231648
427,traditional,0.007776,14.008320,0.044032,14.060128
428,traditional,0.007392,13.246464,0.045056,13.298912
429,traditional,0.008320,16.703488,0.087040,16.798848
430,traditional,0.012800,17.920000,0.045056,17.977856
431,traditional,0.008064,17.108992,0.087040,17.204096
432,traditional,0.013216,18.812928,0.087040,18.913184
433,traditional,0.012800,18.983936,0.045056,19.041792
434,traditional,0.008352,18.744320,0.046080,18.798752
435,traditional,0.008128,19.173376,0.274432,19.455936
436,traditional,0.009824,17.838080,0.057344,17.905248
437,traditional,0.009760,17.567744,0.056320,17.633824
438,traditional,0.022624,17.431552,0.056320,17.510496
439,traditional,0.009216,17.308672,0.056320,17.374208
440,traditional,0.009344,17.309696,0.056320,17.375360
441,traditional,0.009248,17.370112,0.055296,17.434656
442,traditional,0.009056,17.069056,0.055296,17.133408
443,traditional,0.010272,17.095680,0.055296,17.161248
444,traditional,0.009600,17.376256,0.056320,17.442176
445,traditional,0.009632,17.389568,0.056320,17.455520
446,traditional,0.009792,17.257472,0.056320,17.323584
447,traditional,0.009984,17.087488,0.055296,17.152768
448,traditional,0.009536,16.580608,0.054272,16.644416
449,traditional,0.008768,16.451584,0.055296,16.515648
450,traditional,0.009312,16.284672,0.054272,16.348256
451,traditional,0.009376,16.289792,0.053248,16.352416
452,traditional,0.009600,16.235520,0.053248,16.298368
453,traditional,0.008960,16.160768,0.053248,16.222976
454,traditional,0.009024,16.209920,0.053248,16.272192
455,traditional,0.009216,16.279552,0.054272,16.343040
456,traditional,0.009440,16.179200,0.053248,16.241888
457,traditional,0.008704,16.143360,0.054272,16.206336
458,traditional,0.012864,16.314368,0.054272,16.381504
459,traditional,0.009216,16.314368,0.054272,16.377856
460,traditional,0.008960,16.467968,0.053248,16.530176
461,traditional,0.008704,16.340992,0.053248,16.402944
462,traditional,0.009088,16.218112,0.054272,16.281472
463,traditional,0.008864,16.250880,0.054272,16.314016
464,traditional,0.009024,16.452608,0.053248,16.514880
465,traditional,0.009312,16.471040,0.054272,16.534624
466,traditional,0.008864,16.388096,0.054272,16.451232
467,traditional,0.009280,16.154624,0.054272,16.218176
468,traditional,0.009216,16.282624,0.055296,16.347136
469,traditional,0.008896,16.525312,0.053248,16.587456
470,traditional,0.009376,16.397312,0.055296,16.461984
471,traditional,0.009344,16.360448,0.054272,16.424064
472,traditional,0.009344,16.236544,0.053248,16.299136
473,traditional,0.008768,16.382976,0.054272,16.446016
474,traditional,0.009248,16.444416,0.054272,16.507936
475,traditional,0.009152,16.468992,0.053248,16.531392
476,traditional,0.008960,16.456704,0.054272,16.519936
477,traditional,0.008640,16.249856,0.053248,16.311744
478,traditional,0.008832,16.232448,0.053248,16.294528
479,traditional,0.009184,16.335872,0.054272,16.399328
480,traditional,0.009152,16.545792,0.054272,16.609216
481,traditional,0.007904,12.957696,0.044032,13.009632
482,traditional,0.008384,12.933120,0.044032,12.985536
483,traditional,0.008320,13.061120,0.044032,13.113472
484,traditional,0.008224,13.631488,0.044032,13.683744
485,traditional,0.008288,13.175808,0.045056,13.229152
486,traditional,0.008768,13.627392,0.045056,13.681216
487,traditional,0.007808,16.485376,0.084992,16.578176
488,traditional,0.017216,18.321408,0.045056,18.383680
489,traditional,0.007936,16.683008,0.087040,16.777984
490,traditional,0.013088,18.635776,0.046080,18.694944
491,traditional,0.009664,18.893824,0.045056,18.948544
492,traditional,0.006816,15.839232,0.045056,15.891104
493,traditional,0.006496,18.661376,0.045056,18.712928
494,traditional,0.009184,19.005440,0.045056,19.059680
495,traditional,0.007264,18.834432,0.087040,18.928736
496,traditional,0.013824,18.357248,0.046080,18.417152
497,traditional,0.007552,20.961280,0.087040,21.055872
498,traditional,0.013536,19.371008,0.110592,19.495136
499,traditional,0.015648,20.812800,0.059392,20.887840
500,traditional,0.010176,18.821120,0.058368,18.889664
501,traditional,0.009440,18.453504,0.058368,18.521312
502,traditional,0.009792,18.316288,0.057344,18.383424
503,traditional,0.009568,18.165760,0.058368,18.233696
504,traditional,0.009312,18.018304,0.057344,18.084960
505,traditional,0.009440,18.383872,0.057344,18.450656
506,traditional,0.009408,17.946624,0.057344,18.013376
507,traditional,0.008992,17.934336,0.057344,18.000672
508,traditional,0.009536,17.776640,0.057344,17.843520
509,traditional,0.009344,17.751040,0.057344,17.817728
510,traditional,0.009632,18.021376,0.056320,18.087328
511,traditional,0.009568,17.752064,0.057344,17.818976
512,traditional,0.009056,16.382976,0.050176,16.442208
513,traditional,0.008480,15.552512,0.050176,15.611168
514,traditional,0.008704,15.138816,0.050176,15.197696
515,traditional,0.008672,15.500288,0.049152,15.558112
516,traditional,0.007904,15.160320,0.247808,15.416032
517,traditional,0.007680,17.616896,0.245760,17.870336
518,traditional,0.008128,15.403008,0.050176,15.461312
519,traditional,0.008096,15.653888,0.050176,15.712160
520,traditional,0.020352,17.884160,0.050176,17.954688
521,traditional,0.007456,16.884736,0.113664,17.005856
522,traditional,0.015872,19.614720,0.058368,19.688960
523,traditional,0.009824,18.247680,0.058368,18.315872
524,traditional,0.009216,18.412544,0.059392,18.481152
525,traditional,0.009184,18.149376,0.059392,18.217952
526,traditional,0.009824,18.278400,0.058368,18.346592
527,traditional,0.010272,18.309120,0.058368,18.377760
528,traditional,0.009568,18.342912,0.058368,18.410848
529,traditional,0.009376,18.457600,0.058368,18.525344
530,traditional,0.009344,18.316288,0.059392,18.385024
531,traditional,0.009120,18.323456,0.059392,18.391968
532,traditional,0.008832,17.826816,0.056320,17.891968
533,traditional,0.008256,17.368064,0.057344,17.433664
534,traditional,0.009248,17.488896,0.057344,17.555488
535,traditional,0.012544,17.627136,0.056320,17.696000
536,traditional,0.009088,17.504256,0.056320,17.569664
537,traditional,0.008800,17.499136,0.056320,17.564256
538,traditional,0.009760,17.209344,0.055296,17.274400
539,traditional,0.009280,17.015808,0.055296,17.080384
540,traditional,0.008192,17.080320,0.055296,17.143808
541,traditional,0.009472,16.928768,0.054272,16.992512
542,traditional,0.008320,17.034240,0.055296,17.097856
543,traditional,0.008928,19.468288,0.082944,19.560160
544,traditional,0.008736,19.353600,0.065536,19.427872
545,traditional,0.008000,19.355648,0.064512,19.428160
546,traditional,0.008352,19.874816,0.065536,19.948704
547,traditional,0.007424,19.381248,0.065536,19.454208
548,traditional,0.007904,19.418112,0.065536,19.491552
549,traditional,0.007552,19.436544,0.064512,19.508608
550,traditional,0.009984,25.007104,0.072704,25.089792
551,traditional,0.008480,21.995520,0.073728,22.077728
552,traditional,0.009120,22.219776,0.073728,22.302624
553,traditional,0.008672,22.133760,0.073728,22.216160
554,traditional,0.008448,21.863424,0.071680,21.943552
555,traditional,0.008352,21.831680,0.071680,21.911712
556,traditional,0.008896,21.730304,0.071680,21.810880
557,traditional,0.008800,21.769216,0.072704,21.850720
558,traditional,0.008256,21.782528,0.072704,21.863488
559,traditional,0.008256,22.746112,0.074752,22.829120
560,traditional,0.009472,22.950912,0.075776,23.036160
561,traditional,0.008832,22.963200,0.075776,23.047808
562,traditional,0.012544,22.883328,0.075776,22.971648
563,traditional,0.010432,22.810624,0.075776,22.896832
564,traditional,0.008672,22.804480,0.075776,22.888928
565,traditional,0.008544,22.842368,0.075776,22.926688
566,traditional,0.008960,22.802432,0.075776,22.887168
567,traditional,0.009280,22.666240,0.073728,22.749248
568,traditional,0.008832,22.304768,0.072704,22.386304
569,traditional,0.008544,21.894144,0.071680,21.974368
570,traditional,0.009120,21.617664,0.071680,21.698464
571,traditional,0.008544,21.693440,0.072704,21.774688
572,traditional,0.008864,21.881856,0.071680,21.962400
573,traditional,0.008864,21.942272,0.071680,22.022816
574,traditional,0.008896,21.841920,0.072704,21.923520
575,traditional,0.008224,21.728256,0.072704,21.809184
576,traditional,0.008544,21.773312,0.071680,21.853536
577,traditional,0.008672,22.118400,0.075776,22.202848
578,traditional,0.008672,22.810624,0.076800,22.896096
579,traditional,0.009504,22.833152,0.075776,22.918432
580,traditional,0.008320,22.801408,0.075776,22.885504
581,traditional,0.008736,22.685696,0.074752,22.769184
582,traditional,0.008864,22.777856,0.075776,22.862496
583,traditional,0.008768,22.729728,0.075776,22.814272
584,traditional,0.008832,22.910976,0.075776,22.995584
585,traditional,0.009472,22.784000,0.076800,22.870272
586,traditional,0.008704,22.880256,0.074752,22.963712
587,traditional,0.008576,22.811648,0.075776,22.896000
588,traditional,0.007712,17.712128,0.060416,17.780256
589,traditional,0.008224,17.908736,0.061440,17.978400
590,traditional,0.007392,17.818624,0.062464,17.888480
591,traditional,0.008352,18.806784,0.063488,18.878624
592,traditional,0.008736,18.577408,0.063488,18.649632
593,traditional,0.007776,21.708800,0.120832,21.837408
594,traditional,0.012384,24.973312,0.061440,25.047136
595,traditional,0.008672,23.932928,0.062464,24.004064
596,traditional,0.008576,23.716864,0.120832,23.846272
597,traditional,0.013120,26.619904,0.062464,26.695488
598,traditional,0.007968,26.323968,0.077824,26.409760
599,traditional,0.009984,23.441408,0.076800,23.528192
600,traditional,0.010592,23.165952,0.076800,23.253344
601,traditional,0.012064,23.165952,0.075776,23.253792
602,traditional,0.009248,22.865920,0.076800,22.951968
603,traditional,0.008672,23.214080,0.075776,23.298528
604,traditional,0.009376,23.012352,0.074752,23.096480
605,traditional,0.008192,22.890496,0.075776,22.974464
606,traditional,0.010240,22.841344,0.076800,22.928384
607,traditional,0.009056,21.080064,0.069632,21.158752
608,traditional,0.008768,20.597760,0.068608,20.675136
609,traditional,0.008864,20.372480,0.068608,20.449952
610,traditional,0.008672,22.748160,0.068608,22.825440
611,traditional,0.009408,22.853632,0.068608,22.931648
612,traditional,0.007840,22.944768,0.068608,23.021216
613,traditional,0.007680,25.424896,0.067584,25.500160
614,traditional,0.009184,23.056384,0.068608,23.134176
615,traditional,0.009024,23.118848,0.067584,23.195456
616,traditional,0.008000,26.691584,0.088064,26.787648
617,traditional,0.010720,27.326464,0.093184,27.430368
618,traditional,0.011296,27.603968,0.090112,27.705376
619,traditional,0.011328,27.079680,0.091136,27.182144
620,traditional,0.010720,27.115520,0.089088,27.215328
621,traditional,0.035296,27.040768,0.089088,27.165152
622,traditional,0.010720,26.788864,0.090112,26.889696
623,traditional,0.011168,26.840064,0.089088,26.940320
624,traditional,0.010720,21.372928,0.069632,21.453280
625,traditional,0.008704,20.526080,0.063488,20.598272
626,traditional,0.008000,21.655552,0.062464,21.726016
627,traditional,0.007968,25.516032,0.121856,25.645856
628,traditional,0.012800,27.183104,0.062464,27.258368
629,traditional,0.008128,27.881472,0.122880,28.012480
630,traditional,0.013152,27.175936,0.063488,27.252576
631,traditional,0.008448,28.431360,0.122880,28.562688
632,traditional,0.013440,25.638912,0.084992,25.737344
633,traditional,0.010592,25.603072,0.083968,25.697632
634,traditional,0.010656,25.207808,0.083968,25.302432
635,traditional,0.009504,12.399616,0.044032,12.453152
636,traditional,0.008352,13.097984,0.045056,13.151392
637,traditional,0.007296,12.901376,0.043008,12.951680
638,traditional,0.011040,13.015040,0.044032,13.070112
639,traditional,0.007904,13.758464,0.045056,13.811424
640,traditional,0.007936,15.680512,0.045056,15.733504
641,traditional,0.007904,19.015680,0.046080,19.069664
642,traditional,0.007872,16.321536,0.046080,16.375488
643,traditional,0.008512,19.108864,0.046080,19.163456
644,traditional,0.007808,20.585472,0.087040,20.680320
645,traditional,0.013472,18.879488,0.088064,18.981024
646,traditional,0.014240,19.236864,0.087040,19.338144
647,traditional,0.012896,20.652032,0.109568,20.774496
648,traditional,0.016768,18.445312,0.056320,18.518400
649,traditional,0.009216,17.908736,0.057344,17.975296
650,traditional,0.009152,17.546240,0.056320,17.611712
651,traditional,0.009376,17.421312,0.056320,17.487008
652,traditional,0.008960,17.303552,0.056320,17.368832
653,traditional,0.009152,17.172480,0.055296,17.236928
654,traditional,0.009248,17.303552,0.056320,17.369120
655,traditional,0.009312,17.177600,0.055296,17.242208
656,traditional,0.009248,17.241088,0.056320,17.306656
657,traditional,0.009888,17.032192,0.057344,17.099424
658,traditional,0.009984,17.274880,0.056320,17.341184
659,traditional,0.009472,16.783360,0.054272,16.847104
660,traditional,0.009312,16.373760,0.054272,16.437344
661,traditional,0.009280,16.219136,0.054272,16.282688
662,traditional,0.009120,16.223232,0.053248,16.285600
663,traditional,0.009504,16.116736,0.054272,16.180512
664,traditional,0.008352,16.209920,0.054272,16.272544
665,traditional,0.008768,16.219136,0.053248,16.281152
666,traditional,0.012128,16.131072,0.053248,16.196448
667,traditional,0.008896,16.097280,0.053248,16.159424
668,traditional,0.009664,16.120832,0.053248,16.183744
669,traditional,0.008960,16.078848,0.055296,16.143104
670,traditional,0.019328,16.360448,0.055296,16.435072
671,traditional,0.009792,16.315392,0.053248,16.378432
672,traditional,0.008608,16.193536,0.053248,16.255392
673,traditional,0.011968,16.109568,0.054272,16.175808
674,traditional,0.008992,16.173056,0.053248,16.235296
675,traditional,0.008768,16.199680,0.054272,16.262720
676,traditional,0.011296,16.217088,0.053248,16.281632
677,traditional,0.008864,16.123904,0.053248,16.186016
678,traditional,0.009312,16.120832,0.053248,16.183392
679,traditional,0.009440,16.306176,0.053248,16.368864
680,traditional,0.009152,16.163840,0.054272,16.227264
681,traditional,0.009536,16.432128,0.054272,16.495936
682,traditional,0.009152,16.344064,0.054272,16.407488
683,traditional,0.008768,16.194560,0.053248,16.256576
684,traditional,0.009152,16.192512,0.054272,16.255936
685,traditional,0.008608,16.195584,0.054272,16.258464
686,traditional,0.008960,16.352256,0.054272,16.415488
687,traditional,0.008672,16.301056,0.054272,16.364000
688,traditional,0.008896,16.167936,0.054272,16.231104
689,traditional,0.008800,16.141312,0.053248,16.203360
690,traditional,0.008896,16.270336,0.053248,16.332480
691,traditional,0.008896,16.197632,0.055296,16.261824
692,traditional,0.009472,12.918784,0.044032,12.972288
693,traditional,0.013344,12.955648,0.044032,13.013024
694,traditional,0.008800,12.874752,0.044032,12.927584
695,traditional,0.008256,12.964864,0.044032,13.017152
696,traditional,0.007776,13.625344,0.043008,13.676128
697,traditional,0.008032,13.388800,0.045056,13.441888
698,traditional,0.008576,13.821952,0.045056,13.875584
699,traditional,0.007520,15.888384,0.045056,15.940960
700,traditional,0.010208,16.540672,0.087040,16.637920
701,traditional,0.014336,18.338816,0.045056,18.398208
702,traditional,0.008032,17.308672,0.086016,17.402720
703,traditional,0.024224,18.969600,0.087040,19.080864
704,traditional,0.013504,18.870272,0.046080,18.929856
705,traditional,0.007328,18.482176,0.053248,18.542752
706,traditional,0.009184,15.851520,0.055296,15.916000
707,traditional,0.009600,15.963136,0.055296,16.028032
708,traditional,0.019584,16.837632,0.054272,16.911488
709,traditional,0.008992,15.887360,0.054272,15.950624
710,traditional,0.009504,15.562752,0.260096,15.832352
711,traditional,0.010784,16.608256,0.053248,16.672288
712,traditional,0.008480,15.804416,0.054272,15.867168
713,traditional,0.009088,15.934464,0.058368,16.001920
714,traditional,0.008704,16.695296,0.054272,16.758272
715,traditional,0.008352,15.600640,0.259072,15.868064
716,traditional,0.008128,15.698944,0.053248,15.760320
717,traditional,0.008896,15.756288,0.052224,15.817408
718,traditional,0.007648,15.366144,0.267264,15.641056
719,traditional,0.007616,15.112192,0.051200,15.171008
720,traditional,0.007648,15.374336,0.051200,15.433184
721,traditional,0.008288,15.969280,0.051200,16.028768
722,traditional,0.008288,14.821376,0.050176,14.879840
723,traditional,0.008704,15.219712,0.051200,15.279616
724,traditional,0.008128,16.351232,0.052224,16.411584
725,traditional,0.008384,15.242240,0.055296,15.305920
726,traditional,0.008320,14.980096,0.051200,15.039616
727,traditional,0.008192,15.262720,0.051200,15.322112
728,traditional,0.012288,15.106048,0.051200,15.169536
729,traditional,0.009824,15.956992,0.051200,16.018016
730,traditional,0.008384,15.140864,0.051200,15.200448
731,traditional,0.008704,15.482880,0.053248,15.544832
732,traditional,0.008832,15.963136,0.058368,16.030336
733,traditional,0.008800,15.830016,0.054272,15.893088
734,traditional,0.008608,16.111616,0.054272,16.174496
735,traditional,0.010240,17.117184,0.054272,17.181696
736,traditional,0.009088,16.033792,0.054272,16.097152
737,traditional,0.008992,16.823296,0.054272,16.886560
738,traditional,0.008960,15.970304,0.054272,16.033536
739,traditional,0.008736,15.879168,0.054272,15.942176
740,traditional,0.008704,15.554560,0.053248,15.616512
741,traditional,0.008352,15.765504,0.054272,15.828128
742,traditional,0.008768,15.812608,0.057344,15.878720
743,traditional,0.008192,16.874496,0.054272,16.936960
744,traditional,0.007840,15.405056,0.258048,15.670944
745,traditional,0.010240,16.079872,0.051200,16.141312
746,traditional,0.008544,15.404032,0.052224,15.464800
747,traditional,0.009024,16.158720,0.051200,16.218944
748,traditional,0.008192,14.929920,0.051200,14.989312
749,traditional,0.008096,15.299584,0.051200,15.358880
750,traditional,0.008672,16.007168,0.051200,16.067040
751,traditional,0.008416,15.100928,0.251904,15.361248
752,traditional,0.008224,14.931968,0.051200,14.991392
753,traditional,0.008512,15.753216,0.051200,15.812928
754,traditional,0.009024,16.299008,0.051200,16.359232
755,traditional,0.008512,15.975424,0.051200,16.035136
756,traditional,0.008096,15.724544,0.060416,15.793056
757,traditional,0.015680,17.898496,0.062464,17.976640
758,traditional,0.011360,18.725888,0.063488,18.800736
759,traditional,0.009952,18.724864,0.062464,18.797280
760,traditional,0.009952,18.534400,0.062464,18.606816
761,traditional,0.008672,17.856512,0.061440,17.926624
762,traditional,0.008000,17.760256,0.072704,17.840960
763,traditional,0.007776,17.605632,0.061440,17.674848
764,traditional,0.008320,18.861056,0.061440,18.930816
765,traditional,0.007168,23.436288,0.063488,23.506944
766,traditional,0.008448,23.515136,0.062464,23.586048
767,traditional,0.007552,24.589312,0.121856,24.718720
768,traditional,0.013568,26.704896,0.062464,26.780928
769,traditional,0.008608,25.745408,0.121856,25.875872
770,traditional,0.013280,27.362304,0.062464,27.438048
771,traditional,0.008608,26.769408,0.063488,26.841504
772,traditional,0.007808,25.317376,0.082944,25.408128
773,traditional,0.011392,25.513984,0.084992,25.610368
774,traditional,0.010976,25.849856,0.084992,25.945824
775,traditional,0.011040,25.804800,0.082944,25.898784
776,traditional,0.010784,25.317376,0.081920,25.410080
777,traditional,0.010720,25.119744,0.082944,25.213408
778,traditional,0.010592,25.156608,0.082944,25.250144
779,traditional,0.011136,24.383488,0.068608,24.463232
780,traditional,0.009024,20.470784,0.062464,20.542272
781,traditional,0.006880,21.570560,0.061440,21.638880
782,traditional,0.009632,25.990144,0.119808,26.119584
783,traditional,0.013280,28.450816,0.061440,28.525536
784,traditional,0.007808,28.828672,0.062464,28.898944
785,traditional,0.007136,28.747776,0.062464,28.817376
786,traditional,0.007168,28.947456,0.062464,29.017088
787,traditional,0.007936,27.260928,0.082944,27.351808
788,traditional,0.009600,25.865216,0.083968,25.958784
789,traditional,0.010144,25.520128,0.082944,25.613216
790,traditional,0.009856,25.501696,0.083968,25.595520
791,traditional,0.034944,25.221120,0.083968,25.340032
792,traditional,0.018880,25.617408,0.082944,25.719232
793,traditional,0.009792,25.176064,0.083968,25.269824
794,traditional,0.010208,25.138176,0.082944,25.231328
795,traditional,0.010240,25.311232,0.083968,25.405440
796,traditional,0.009600,23.752704,0.076800,23.839104
797,traditional,0.009600,23.521280,0.077824,23.608704
798,traditional,0.009216,23.734272,0.077824,23.821312
799,traditional,0.009696,23.271424,0.077824,23.358944
800,traditional,0.009088,23.415808,0.076800,23.501696
801,traditional,0.009376,23.414784,0.077824,23.501984
802,traditional,0.007840,17.827840,0.060416,17.896096
803,traditional,0.007424,17.716224,0.060416,17.784064
804,traditional,0.009280,17.734656,0.060416,17.804352
805,traditional,0.007616,17.707008,0.062464,17.777088
806,traditional,0.007360,18.676736,0.062464,18.746560
807,traditional,0.007008,20.709376,0.062464,20.778848
808,traditional,0.007648,21.518336,0.061440,21.587424
809,traditional,0.007488,23.760896,0.061440,23.829824
810,traditional,0.016576,24.599552,0.120832,24.736960
811,traditional,0.012640,26.563584,0.076800,26.653024
812,traditional,0.009376,23.330816,0.074752,23.414944
813,traditional,0.008576,22.868992,0.074752,22.952320
814,traditional,0.009568,22.696960,0.074752,22.781280
815,traditional,0.008448,22.652928,0.074752,22.736128
816,traditional,0.008352,22.489088,0.073728,22.571168
817,traditional,0.008640,22.478848,0.074752,22.562240
818,traditional,0.009184,22.526976,0.074752,22.610912
819,traditional,0.009472,22.113280,0.067584,22.190336
820,traditional,0.007776,20.154368,0.067584,20.229728
821,traditional,0.007712,22.549504,0.066560,22.623776
822,traditional,0.008224,22.734848,0.067584,22.810656
823,traditional,0.008800,22.788096,0.067584,22.864480
824,traditional,0.008704,25.241600,0.068608,25.318912
825,traditional,0.007680,25.403392,0.130048,25.541120
826,traditional,0.013664,22.608896,0.067584,22.690144
827,traditional,0.007904,25.583616,0.067584,25.659104
828,traditional,0.007776,23.606272,0.071680,23.685728
829,traditional,0.008416,21.852160,0.073728,21.934304
830,traditional,0.008416,21.979136,0.071680,22.059232
831,traditional,0.008480,21.642240,0.071680,21.722400
832,traditional,0.008544,21.568512,0.071680,21.648736
833,traditional,0.008672,21.777408,0.072704,21.858784
834,traditional,0.008736,21.683200,0.071680,21.763616
835,traditional,0.008480,21.662720,0.071680,21.742880
836,traditional,0.008928,21.782528,0.071680,21.863136
837,traditional,0.009024,21.617664,0.071680,21.698368
838,traditional,0.008096,23.958528,0.084992,24.051616
839,traditional,0.010784,26.511360,0.086016,26.608160
840,traditional,0.009664,26.136576,0.087040,26.233280
841,traditional,0.009632,26.341376,0.086016,26.437024
842,traditional,0.009888,26.347520,0.087040,26.444448
843,traditional,0.010496,26.472448,0.087040,26.569984
844,traditional,0.010368,26.112000,0.086016,26.208384
845,traditional,0.009824,26.101760,0.086016,26.197600
846,traditional,0.010304,20.775936,0.069632,20.855872
847,traditional,0.008896,20.816896,0.121856,20.947648
848,traditional,0.013152,24.344576,0.063488,24.421216
849,traditional,0.008000,26.433536,0.063488,26.505024
850,traditional,0.008032,26.575872,0.063488,26.647392
851,traditional,0.007232,17.059840,0.060416,17.127488
852,traditional,0.006912,18.012160,0.061440,18.080512
853,traditional,0.007584,17.936384,0.061440,18.005408
854,traditional,0.007008,23.487488,0.062464,23.556960
855,traditional,0.007744,21.183488,0.063488,21.254720
856,traditional,0.007712,24.220672,0.063488,24.291872
857,traditional,0.008800,22.949888,0.074752,23.033440
858,traditional,0.009088,22.484992,0.074752,22.568832
859,traditional,0.009504,22.497280,0.073728,22.580512
860,traditional,0.008256,22.346752,0.073728,22.428736
861,traditional,0.008512,22.390784,0.073728,22.473024
862,traditional,0.008064,22.356992,0.072704,22.437760
863,traditional,0.008640,22.193152,0.073728,22.275520
864,traditional,0.008960,22.256640,0.073728,22.339328
865,traditional,0.008960,21.985280,0.072704,22.066944
866,traditional,0.008512,21.526528,0.071680,21.606720
867,traditional,0.008896,21.567488,0.071680,21.648064
868,traditional,0.008448,21.406720,0.071680,21.486848
869,traditional,0.008640,21.387264,0.070656,21.466560
870,traditional,0.009184,21.365760,0.072704,21.447648
871,traditional,0.008832,21.496832,0.071680,21.577344
872,traditional,0.008416,21.585920,0.070656,21.664992
873,traditional,0.008384,21.402624,0.071680,21.482688
874,traditional,0.008640,23.477248,0.084992,23.570880
875,traditional,0.010240,26.214400,0.086016,26.310656
876,traditional,0.010592,26.008576,0.086016,26.105184
877,traditional,0.010592,26.029056,0.086016,26.125664
878,traditional,0.009472,26.094592,0.086016,26.190080
879,traditional,0.010752,26.039296,0.086016,26.136064
880,traditional,0.010368,25.975808,0.086016,26.072192
881,traditional,0.009824,25.805824,0.084992,25.900640
882,traditional,0.010048,21.504000,0.068608,21.582656
883,traditional,0.008480,18.975744,0.062464,19.046688
884,traditional,0.007744,26.433536,0.062464,26.503744
885,traditional,0.007456,24.933376,0.122880,25.063712
886,traditional,0.013024,29.076480,0.063488,29.152992
887,traditional,0.008000,24.558592,0.062464,24.629056
888,traditional,0.007776,29.018112,0.063488,29.089376
889,traditional,0.007648,28.957696,0.062464,29.027808
890,traditional,0.007936,28.544000,0.080896,28.632832
891,traditional,0.009792,24.749056,0.081920,24.840768
892,traditional,0.010112,24.963072,0.081920,25.055104
893,traditional,0.009568,24.813568,0.080896,24.904032
894,traditional,0.010016,24.880128,0.082944,24.973088
895,traditional,0.010848,24.828928,0.081920,24.921696
896,traditional,0.010688,24.868864,0.080896,24.960448
897,traditional,0.010208,24.428544,0.079872,24.518624
898,traditional,0.009536,23.980032,0.076800,24.066368
899,traditional,0.009760,23.537664,0.077824,23.625248
900,traditional,0.010400,23.114752,0.074752,23.199904
901,traditional,0.007616,22.535168,0.070656,22.613440
902,traditional,0.008096,22.545408,0.070656,22.624160
903,traditional,0.008448,22.728704,0.071680,22.808832
904,traditional,0.008864,21.410816,0.071680,21.491360
905,traditional,0.008576,22.989824,0.071680,23.070080
906,traditional,0.008224,23.028736,0.071680,23.108640
907,traditional,0.008288,22.492160,0.068608,22.569056
908,traditional,0.009280,22.073344,0.069632,22.152256
909,traditional,0.007936,21.919744,0.067584,21.995264
910,traditional,0.008032,21.636096,0.068608,21.712736
911,traditional,0.008864,21.988352,0.067584,22.064800
912,traditional,0.008512,21.755904,0.067584,21.832000
913,traditional,0.008384,21.714944,0.068608,21.791936
914,traditional,0.009824,21.916672,0.067584,21.994080
915,traditional,0.011616,21.627904,0.071680,21.711200
916,traditional,0.008960,23.894016,0.079872,23.982848
917,traditional,0.010848,26.123264,0.087040,26.221152
918,traditional,0.011040,26.231808,0.087040,26.329888
919,traditional,0.010752,26.364928,0.088064,26.463744
920,traditional,0.010400,26.501120,0.087040,26.598560
921,traditional,0.010816,26.437632,0.087040,26.535488
922,traditional,0.010880,25.878528,0.087040,25.976448
923,traditional,0.010272,26.374144,0.086016,26.470432
924,traditional,0.010336,26.041344,0.069632,26.121312
925,traditional,0.009056,20.686848,0.069632,20.765536
926,traditional,0.015840,19.257344,0.120832,19.394016
927,traditional,0.014016,26.911744,0.062464,26.988224
928,traditional,0.008096,24.906752,0.121856,25.036704
929,traditional,0.013600,28.298240,0.121856,28.433696
930,traditional,0.013184,27.606016,0.122880,27.742080
931,traditional,0.013408,28.781568,0.122880,28.917856
932,traditional,0.013728,28.322816,0.078848,28.415392
933,traditional,0.010048,23.997440,0.081920,24.089408
934,traditional,0.011424,23.958528,0.079872,24.049824
935,traditional,0.009632,23.766016,0.077824,23.853472
936,traditional,0.009408,23.524352,0.078848,23.612608
937,traditional,0.010208,23.821312,0.078848,23.910368
938,traditional,0.010144,23.603200,0.078848,23.692192
939,traditional,0.009696,23.446528,0.078848,23.535072
940,traditional,0.009504,23.507968,0.077824,23.595296
941,traditional,0.009216,22.787072,0.074752,22.871040
942,traditional,0.009856,22.551552,0.074752,22.636160
943,traditional,0.009632,22.476800,0.074752,22.561184
944,traditional,0.009280,22.260736,0.073728,22.343744
945,traditional,0.009728,22.256640,0.074752,22.341120
946,traditional,0.009472,22.364160,0.074752,22.448384
947,traditional,0.009024,22.218752,0.073728,22.301504
948,traditional,0.008704,22.289408,0.074752,22.372864
949,traditional,0.008864,22.391808,0.074752,22.475424
950,traditional,0.009088,22.256640,0.073728,22.339456
951,traditional,0.013568,22.280192,0.073728,22.367488
952,traditional,0.008768,22.355968,0.074752,22.439488
953,traditional,0.009280,22.305792,0.074752,22.389824
954,traditional,0.008896,22.348800,0.074752,22.432448
955,traditional,0.009280,22.325248,0.073728,22.408256
956,traditional,0.009568,22.184960,0.073728,22.268256
957,traditional,0.009216,22.323200,0.074752,22.407168
958,traditional,0.009696,22.366208,0.073728,22.449632
959,traditional,0.009184,22.217728,0.077824,22.304736
960,traditional,0.009952,23.440384,0.077824,23.528160
961,traditional,0.010336,23.284736,0.078848,23.373920
962,traditional,0.009856,23.479296,0.078848,23.568000
963,traditional,0.009696,23.496704,0.078848,23.585248
964,traditional,0.009184,22.781952,0.077824,22.868960
965,traditional,0.009632,22.975488,0.077824,23.062944
966,traditional,0.009184,22.904832,0.078848,22.992864
967,traditional,0.009632,22.918144,0.077824,23.005600
968,traditional,0.009408,22.861824,0.076800,22.948032
969,traditional,0.009216,22.147072,0.075776,22.232064
970,traditional,0.008768,22.051840,0.075776,22.136384
971,traditional,0.009216,22.133760,0.074752,22.217728
972,traditional,0.008992,21.869568,0.074752,21.953312
973,traditional,0.009024,21.890048,0.075776,21.974848
974,traditional,0.009056,22.311936,0.074752,22.395744
975,traditional,0.009376,22.125568,0.074752,22.209696
976,traditional,0.008960,22.180864,0.074752,22.264576
977,traditional,0.008768,21.992448,0.074752,22.075968
978,traditional,0.008544,22.231040,0.074752,22.314336
979,traditional,0.008800,22.466560,0.074752,22.550112
980,traditional,0.008768,22.516736,0.074752,22.600256
981,traditional,0.008928,22.489088,0.074752,22.572768
982,traditional,0.008608,22.497280,0.074752,22.580640
983,traditional,0.008928,22.488064,0.074752,22.571744
984,traditional,0.008704,22.333440,0.074752,22.416896
985,traditional,0.009376,22.292480,0.074752,22.376608
986,traditional,0.008128,22.352896,0.074752,22.435776
987,traditional,0.008992,22.333440,0.074752,22.417184
988,traditional,0.020672,22.398976,0.074752,22.494400
989,traditional,0.008544,22.007808,0.074752,22.091104
990,traditional,0.008800,22.056960,0.074752,22.140512
991,traditional,0.008864,21.939200,0.074752,22.022816
992,traditional,0.008992,22.070272,0.074752,22.154016
993,traditional,0.009312,21.942272,0.074752,22.026336
994,traditional,0.009088,21.891072,0.074752,21.974912
995,traditional,0.008896,21.851136,0.074752,21.934784
996,traditional,0.008640,22.861824,0.077824,22.948288
997,traditional,0.009088,23.092224,0.077824,23.179136
998,traditional,0.008608,23.012352,0.078848,23.099808
999,traditional,0.009088,22.899712,0.077824,22.986624
1000,traditional,0.009440,22.993920,0.078848,23.082208
1001,traditional,0.009472,22.864896,0.078848,22.953216
1002,traditional,0.009152,22.904832,0.077824,22.991808
1003,traditional,0.008768,22.955008,0.077824,23.041600
1004,traditional,0.009408,22.970368,0.076800,23.056576
1005,traditional,0.008832,22.674432,0.075776,22.759040
1006,traditional,0.009440,22.061056,0.074752,22.145248
1007,traditional,0.008992,22.063104,0.073728,22.145824
1008,traditional,0.008736,21.940224,0.074752,22.023712
1009,traditional,0.009312,21.962752,0.074752,22.046816
1010,traditional,0.009216,22.037504,0.074752,22.121472
1011,traditional,0.008736,22.096896,0.074752,22.180384
1012,traditional,0.008576,21.848064,0.074752,21.931392
1013,traditional,0.008768,22.218752,0.074752,22.302272
1014,traditional,0.009600,22.090752,0.074752,22.175104
1015,traditional,0.009600,21.929984,0.074752,22.014336
1016,traditional,0.009376,21.952512,0.073728,22.035616
1017,traditional,0.009056,22.034432,0.074752,22.118240
1018,traditional,0.009440,21.855232,0.070656,21.935328
1019,traditional,0.009152,21.905408,0.070656,21.985216
1020,traditional,0.007648,21.891072,0.070656,21.969376
1021,traditional,0.007616,22.119424,0.070656,22.197696
1022,traditional,0.007776,21.932032,0.071680,22.011488
1023,traditional,0.009664,21.894144,0.075776,21.979584
1024,traditional,0.008864,21.967872,0.070656,22.047392
1025,traditional,0.007584,22.104064,0.070656,22.182304
1026,traditional,0.008480,21.916672,0.069632,21.994784
1027,traditional,0.008608,21.062656,0.070656,21.141920
1028,traditional,0.008800,20.980736,0.070656,21.060192
1029,traditional,0.007776,22.037504,0.069632,22.114912
1030,traditional,0.009024,20.942848,0.070656,21.022528
1031,traditional,0.009088,20.903936,0.070656,20.983680
1032,traditional,0.008832,22.179840,0.072704,22.261376
1033,traditional,0.009696,22.032384,0.073728,22.115808
1034,traditional,0.009056,22.004736,0.073728,22.087520
1035,traditional,0.008160,22.119424,0.074752,22.202336
1036,traditional,0.009952,23.192576,0.074752,23.277280
1037,traditional,0.008032,23.450624,0.073728,23.532384
1038,traditional,0.009568,22.518784,0.075776,22.604128
1039,traditional,0.009248,22.612992,0.074752,22.696992
1040,traditional,0.009472,22.374400,0.074752,22.458624
1041,traditional,0.009344,23.315456,0.072704,23.397504
1042,traditional,0.008512,22.815744,0.071680,22.895936
1043,traditional,0.009216,21.325824,0.070656,21.405696
1044,traditional,0.009696,22.027264,0.069632,22.106592
1045,traditional,0.009088,20.995072,0.069632,21.073792
1046,traditional,0.009088,21.013504,0.070656,21.093248
1047,traditional,0.008960,21.851136,0.069632,21.929728
1048,traditional,0.009088,20.899840,0.069632,20.978560
1049,traditional,0.009088,21.039104,0.070656,21.118848
1050,traditional,0.009056,21.035008,0.069632,21.113696
1051,traditional,0.008544,20.875264,0.070656,20.954464
1052,traditional,0.009120,20.984832,0.070656,21.064608
1053,traditional,0.008640,21.931008,0.069632,22.009280
1054,traditional,0.009056,21.151744,0.070656,21.231456
1055,traditional,0.009728,21.019648,0.070656,21.100032
1056,traditional,0.009408,21.248000,0.069632,21.327040
1057,traditional,0.009152,21.872640,0.070656,21.952448
1058,traditional,0.008000,21.963776,0.070656,22.042432
1059,traditional,0.008768,21.024768,0.070656,21.104192
1060,traditional,0.009088,21.765120,0.073728,21.847936
1061,traditional,0.008768,23.072768,0.073728,23.155264
1062,traditional,0.008384,22.084608,0.073728,22.166720
1063,traditional,0.008928,22.049792,0.073728,22.132448
1064,traditional,0.008192,23.375872,0.073728,23.457792
1065,traditional,0.009600,22.555648,0.073728,22.638976
1066,traditional,0.008864,21.947392,0.073728,22.029984
1067,traditional,0.008544,21.987328,0.073728,22.069600
1068,traditional,0.013280,23.319552,0.074752,23.407584
1069,traditional,0.009792,21.839872,0.072704,21.922368
1070,traditional,0.009376,21.683200,0.070656,21.763232
1071,traditional,0.009152,21.175296,0.069632,21.254080
1072,traditional,0.008032,21.015552,0.069632,21.093216
1073,traditional,0.008480,21.061632,0.069632,21.139744
1074,traditional,0.007488,21.851136,0.070656,21.929280
1075,traditional,0.008832,21.052416,0.069632,21.130880
1076,traditional,0.008832,21.895168,0.069632,21.973632
1077,traditional,0.008448,21.065728,0.069632,21.143808
1078,traditional,0.008928,20.910080,0.070656,20.989664
1079,traditional,0.008352,21.387264,0.073728,21.469344
1080,traditional,0.009664,21.862400,0.073728,21.945792
1081,traditional,0.009056,22.164480,0.073728,22.247264
1082,traditional,0.010080,22.133760,0.073728,22.217568
1083,traditional,0.009600,21.766144,0.073728,21.849472
1084,traditional,0.008896,22.780928,0.073728,22.863552
1085,traditional,0.009120,23.214080,0.073728,23.296928
1086,traditional,0.009600,22.023168,0.072704,22.105472
1087,traditional,0.007840,21.856256,0.073728,21.937824
1088,traditional,0.008704,22.650880,0.071680,22.731264
1089,traditional,0.008960,21.372928,0.071680,21.453568
1090,traditional,0.009120,21.403648,0.070656,21.483424
1091,traditional,0.008896,21.158912,0.070656,21.238464
1092,traditional,0.008256,21.950464,0.071680,22.030400
1093,traditional,0.007872,20.983808,0.070656,21.062336
1094,traditional,0.011072,21.252096,0.071680,21.334848
1095,traditional,0.009184,21.097472,0.070656,21.177312
1096,traditional,0.008608,21.884928,0.071680,21.965216
1097,traditional,0.008832,21.182464,0.070656,21.261952
1098,traditional,0.008480,21.265408,0.070656,21.344544
1099,traditional,0.008960,21.049344,0.069632,21.127936
1100,traditional,0.008256,21.002240,0.069632,21.080128
1101,traditional,0.008576,21.086208,0.070656,21.165440
1102,traditional,0.008704,21.032960,0.070656,21.112320
1103,traditional,0.009120,22.051840,0.070656,22.131616
1104,traditional,0.007872,22.045696,0.069632,22.123200
1105,traditional,0.008736,22.067200,0.070656,22.146592
1106,traditional,0.008480,21.299200,0.073728,21.381408
1107,traditional,0.008544,23.187456,0.072704,23.268704
1108,traditional,0.009376,22.285312,0.073728,22.368416
1109,traditional,0.009568,22.033408,0.072704,22.115680
1110,traditional,0.009216,21.870592,0.073728,21.953536
1111,traditional,0.010144,21.909504,0.073728,21.993376
1112,traditional,0.008768,21.849088,0.072704,21.930560
1113,traditional,0.009664,22.956032,0.073728,23.039424
1114,traditional,0.008672,22.822912,0.073728,22.905312
1115,traditional,0.007872,22.930432,0.073728,23.012032
1116,traditional,0.008736,21.928960,0.071680,22.009376
1117,traditional,0.008672,22.476800,0.071680,22.557152
1118,traditional,0.009024,21.243904,0.070656,21.323584
1119,traditional,0.008160,22.064128,0.070656,22.142944
1120,traditional,0.009408,21.049344,0.070656,21.129408
1121,traditional,0.009664,20.974592,0.069632,21.053888
1122,traditional,0.008576,21.043200,0.070656,21.122432
1123,traditional,0.009952,21.236736,0.070656,21.317344
1124,traditional,0.009248,21.097472,0.070656,21.177376
1125,traditional,0.008608,21.188608,0.069632,21.266848
1126,traditional,0.009472,21.008384,0.070656,21.088512
1127,traditional,0.009216,21.146624,0.070656,21.226496
1128,traditional,0.008192,21.079040,0.074752,21.161984
1129,traditional,0.009248,21.861376,0.070656,21.941280
1130,traditional,0.008928,22.074368,0.070656,22.153952
1131,traditional,0.009344,22.133760,0.070656,22.213760
1132,traditional,0.009792,21.858304,0.069632,21.937728
1133,traditional,0.009248,22.044672,0.070656,22.124576
1134,traditional,0.008480,22.135808,0.070656,22.214944
1135,traditional,0.009408,22.638592,0.078848,22.726848
1136,traditional,0.008672,23.127040,0.074752,23.210464
1137,traditional,0.010720,23.446528,0.079872,23.537120
1138,traditional,0.009632,23.260160,0.074752,23.344544
1139,traditional,0.009280,23.599104,0.075776,23.684160
1140,traditional,0.010912,23.318528,0.075776,23.405216
1141,traditional,0.010208,23.541760,0.075776,23.627744
1142,traditional,0.010112,23.531520,0.074752,23.616384
1143,traditional,0.010336,23.405568,0.072704,23.488608
1144,traditional,0.008064,22.700032,0.071680,22.779776
1145,traditional,0.008608,22.161408,0.070656,22.240672
1146,traditional,0.009056,21.968896,0.070656,22.048608
1147,traditional,0.007552,21.985280,0.070656,22.063488
1148,traditional,0.008096,21.879808,0.069632,21.957536
1149,traditional,0.008576,21.912576,0.069632,21.990784
1150,traditional,0.009120,20.986880,0.070656,21.066656
1151,traditional,0.009248,21.037056,0.069632,21.115936
1152,traditional,0.009792,20.867072,0.069632,20.946496
1153,traditional,0.008032,22.193152,0.072704,22.273888
1154,traditional,0.009472,22.149120,0.072704,22.231296
1155,traditional,0.009248,21.831680,0.073728,21.914656
1156,traditional,0.008992,21.882880,0.073728,21.965600
1157,traditional,0.009376,21.841920,0.073728,21.925024
1158,traditional,0.008960,21.813248,0.073728,21.895936
1159,traditional,0.009088,22.033408,0.073728,22.116224
1160,traditional,0.009504,21.941248,0.073728,22.024480
1161,traditional,0.010080,21.764096,0.073728,21.847904
1162,traditional,0.008352,21.812224,0.071680,21.892256
1163,traditional,0.020928,21.600256,0.070656,21.691840
1164,traditional,0.009120,21.213184,0.070656,21.292960
1165,traditional,0.009184,21.142528,0.069632,21.221344
1166,traditional,0.008288,21.800960,0.069632,21.878880
1167,traditional,0.008928,21.126144,0.069632,21.204704
1168,traditional,0.008544,21.055488,0.070656,21.134688
1169,traditional,0.008832,22.225920,0.069632,22.304384
1170,traditional,0.009600,20.934656,0.069632,21.013888
1171,traditional,0.009376,21.044224,0.069632,21.123232
1172,traditional,0.012928,21.722112,0.072704,21.807744
1173,traditional,0.008960,22.125568,0.073728,22.208256
1174,traditional,0.009504,22.023168,0.072704,22.105376
1175,traditional,0.009472,22.107136,0.072704,22.189312
1176,traditional,0.013280,22.044672,0.072704,22.130656
1177,traditional,0.009984,21.944320,0.073728,22.028032
1178,traditional,0.009056,21.803008,0.072704,21.884768
1179,traditional,0.009728,22.053888,0.072704,22.136320
1180,traditional,0.008608,21.890048,0.072704,21.971360
1181,traditional,0.009792,21.646336,0.072704,21.728832
1182,traditional,0.008608,22.306816,0.071680,22.387104
1183,traditional,0.008576,21.159936,0.070656,21.239168
1184,traditional,0.009248,20.984832,0.070656,21.064736
1185,traditional,0.009504,21.223424,0.070656,21.303584
1186,traditional,0.009056,21.086208,0.069632,21.164896
1187,traditional,0.008448,21.236736,0.070656,21.315840
1188,traditional,0.016288,22.117376,0.070656,22.204320
1189,traditional,0.008512,22.174720,0.069632,22.252864
1190,traditional,0.009920,21.159936,0.070656,21.240512
1191,traditional,0.007968,22.200320,0.070656,22.278944
1192,traditional,0.009152,21.050368,0.070656,21.130176
1193,traditional,0.009088,21.201920,0.069632,21.280640
1194,traditional,0.009312,21.011456,0.069632,21.090400
1195,traditional,0.009088,21.402624,0.070656,21.482368
1196,traditional,0.010112,21.002240,0.069632,21.081984
1197,traditional,0.008192,22.159360,0.070656,22.238208
1198,traditional,0.007776,22.185984,0.070656,22.264416
1199,traditional,0.009184,20.965376,0.070656,21.045216
1200,traditional,0.009184,21.280768,0.072704,21.362656
1201,traditional,0.010304,22.092800,0.072704,22.175808
1202,traditional,0.009792,22.036480,0.072704,22.118976
1203,traditional,0.010112,22.094848,0.072704,22.177664
1204,traditional,0.008320,23.261184,0.072704,23.342208
1205,traditional,0.009120,22.841344,0.072704,22.923168
1206,traditional,0.009024,21.812224,0.072704,21.893952
1207,traditional,0.009088,21.889024,0.072704,21.970816
1208,traditional,0.009344,21.989376,0.073728,22.072448
1209,traditional,0.009312,21.942272,0.072704,22.024288
1210,traditional,0.009824,21.715968,0.071680,21.797472
1211,traditional,0.008544,21.227520,0.070656,21.306720
1212,traditional,0.008128,22.144000,0.070656,22.222784
1213,traditional,0.009216,21.109760,0.069632,21.188608
1214,traditional,0.009152,21.026816,0.070656,21.106624
1215,traditional,0.008640,21.127168,0.070656,21.206464
1216,traditional,0.007616,22.514688,0.070656,22.592960
1217,traditional,0.011616,21.184512,0.069632,21.265760
1218,traditional,0.009408,21.235712,0.070656,21.315776
1219,traditional,0.009024,21.137408,0.069632,21.216064
1220,traditional,0.008928,21.254144,0.070656,21.333728
1221,traditional,0.008512,22.155264,0.071680,22.235456
1222,traditional,0.008800,21.481472,0.070656,21.560928
1223,traditional,0.008928,21.192704,0.069632,21.271264
1224,traditional,0.009824,21.238784,0.069632,21.318240
1225,traditional,0.009088,21.246976,0.070656,21.326720
1226,traditional,0.009056,21.259264,0.069632,21.337952
1227,traditional,0.008800,21.237760,0.070656,21.317216
1228,traditional,0.009408,21.197824,0.070656,21.277888
1229,traditional,0.009152,21.728256,0.072704,21.810112
1230,traditional,0.030816,22.041600,0.072704,22.145120
1231,traditional,0.007904,22.987776,0.072704,23.068384
1232,traditional,0.009120,21.872640,0.072704,21.954464
1233,traditional,0.010272,21.897216,0.073728,21.981216
1234,traditional,0.008608,21.804032,0.072704,21.885344
1235,traditional,0.009216,22.088704,0.072704,22.170624
1236,traditional,0.009216,22.039552,0.073728,22.122496
1237,traditional,0.008896,21.951488,0.073728,22.034112
1238,traditional,0.008256,22.979584,0.072704,23.060544
1239,traditional,0.009312,21.842944,0.072704,21.924960
1240,traditional,0.008896,22.634496,0.070656,22.714048
1241,traditional,0.009376,22.537216,0.071680,22.618272
1242,traditional,0.009536,22.438912,0.070656,22.519104
1243,traditional,0.009280,22.190080,0.070656,22.270016
1244,traditional,0.008960,22.260736,0.070656,22.340352
1245,traditional,0.009376,22.302720,0.069632,22.381728
1246,traditional,0.010048,22.406144,0.071680,22.487872
1247,traditional,0.009824,22.300672,0.070656,22.381152
1248,traditional,0.009408,22.324224,0.070656,22.404288
1249,traditional,0.009696,22.483968,0.071680,22.565344
1250,traditional,0.012576,22.270976,0.071680,22.355232
1251,traditional,0.009312,22.468608,0.071680,22.549600
1252,traditional,0.010656,22.375424,0.075776,22.461856
1253,traditional,0.009184,22.301696,0.070656,22.381536
1254,traditional,0.008640,22.249472,0.071680,22.329792
1255,traditional,0.009440,22.657024,0.070656,22.737120
1256,traditional,0.009408,22.400000,0.070656,22.480064
1257,traditional,0.009536,22.258688,0.071680,22.339904
1258,traditional,0.008736,22.289408,0.070656,22.368800
1259,traditional,0.009216,22.506496,0.070656,22.586368
1260,traditional,0.009664,22.426624,0.070656,22.506944
1261,traditional,0.010048,22.562816,0.075776,22.648640
1262,traditional,0.008864,22.321152,0.070656,22.400672
1263,traditional,0.008864,21.393408,0.071680,21.473952
1264,traditional,0.008704,21.401600,0.070656,21.480960
1265,traditional,0.008384,21.596160,0.070656,21.675200
1266,traditional,0.010176,21.390336,0.070656,21.471168
1267,traditional,0.009344,21.542912,0.071680,21.623936
1268,traditional,0.008192,22.344704,0.070656,22.423552
1269,traditional,0.009120,21.636096,0.070656,21.715872
1270,traditional,0.008704,22.454272,0.071680,22.534656
1271,traditional,0.008864,21.598208,0.070656,21.677728
1272,traditional,0.009568,21.456896,0.070656,21.537120
1273,traditional,0.009664,21.403648,0.069632,21.482944
1274,traditional,0.008992,21.342208,0.070656,21.421856
1275,traditional,0.008768,22.044672,0.072704,22.126144
1276,traditional,0.009504,22.067200,0.072704,22.149408
1277,traditional,0.008224,22.123520,0.072704,22.204448
1278,traditional,0.008160,22.898688,0.073728,22.980576
1279,traditional,0.008960,22.054912,0.073728,22.137600
1280,traditional,0.008928,22.082560,0.073728,22.165216
1281,traditional,0.009440,21.980160,0.073728,22.063328
1282,traditional,0.008832,21.831680,0.074752,21.915264
1283,traditional,0.009472,21.884928,0.073728,21.968128
1284,traditional,0.009056,22.070272,0.072704,22.152032
1285,traditional,0.009632,22.003712,0.073728,22.087072
1286,traditional,0.009600,21.825536,0.072704,21.907840
1287,traditional,0.009568,21.879808,0.072704,21.962080
1288,traditional,0.009952,22.004736,0.072704,22.087392
1289,traditional,0.008832,22.034432,0.073728,22.116992
1290,traditional,0.008032,23.027712,0.072704,23.108448
1291,traditional,0.009376,21.818368,0.072704,21.900448
1292,traditional,0.009792,22.057984,0.072704,22.140480
1293,traditional,0.009216,22.113280,0.073728,22.196224
1294,traditional,0.009216,21.574656,0.070656,21.654528
1295,traditional,0.009504,21.111808,0.070656,21.191968
1296,traditional,0.009184,21.355520,0.070656,21.435360
1297,traditional,0.008768,21.130240,0.070656,21.209664
1298,traditional,0.008832,21.314560,0.070656,21.394048
1299,traditional,0.007904,21.888000,0.070656,21.966560
1300,traditional,0.009760,21.354496,0.070656,21.434912
1301,traditional,0.007776,21.317632,0.071680,21.397088
1302,traditional,0.007744,22.274048,0.070656,22.352448
1303,traditional,0.009312,21.032960,0.069632,21.111904
1304,traditional,0.008864,21.135360,0.070656,21.214880
1305,traditional,0.008928,21.435392,0.070656,21.514976
1306,traditional,0.010368,21.301248,0.070656,21.382272
1307,traditional,0.009856,21.079040,0.070656,21.159552
1308,traditional,0.008992,22.104064,0.069632,22.182688
1309,traditional,0.008352,21.994496,0.070656,22.073504
1310,traditional,0.007456,22.247424,0.070656,22.325536
1311,traditional,0.008224,22.137856,0.070656,22.216736
1312,traditional,0.009472,21.548032,0.073728,21.631232
1313,traditional,0.008672,21.829632,0.072704,21.911008
1314,traditional,0.028096,21.970944,0.073728,22.072768
1315,traditional,0.008544,21.893120,0.073728,21.975392
1316,traditional,0.009728,21.879808,0.072704,21.962240
1317,traditional,0.008576,21.906432,0.072704,21.987712
1318,traditional,0.008416,22.129664,0.073728,22.211808
1319,traditional,0.009120,21.824512,0.073728,21.907360
1320,traditional,0.007808,22.979584,0.072704,23.060096
1321,traditional,0.008832,22.126592,0.073728,22.209152
1322,traditional,0.008640,22.009856,0.072704,22.091200
1323,traditional,0.008992,22.114304,0.073728,22.197024
1324,traditional,0.008256,21.928960,0.072704,22.009920
1325,traditional,0.008576,23.013376,0.073728,23.095680
1326,traditional,0.007808,22.986752,0.072704,23.067264
1327,traditional,0.008480,22.893568,0.072704,22.974752
1328,traditional,0.009024,22.191104,0.072704,22.272832
1329,traditional,0.008032,22.958080,0.073728,23.039840
1330,traditional,0.008832,21.867520,0.072704,21.949056
1331,traditional,0.012032,21.807104,0.071680,21.890816
1332,traditional,0.009184,21.438464,0.071680,21.519328
1333,traditional,0.009920,21.494784,0.070656,21.575360
1334,traditional,0.008864,21.368832,0.071680,21.449376
1335,traditional,0.009504,21.458944,0.071680,21.540128
1336,traditional,0.009760,21.317632,0.071680,21.399072
1337,traditional,0.009472,21.506048,0.070656,21.586176
1338,traditional,0.009568,21.403648,0.071680,21.484896
1339,traditional,0.009760,21.263360,0.070656,21.343776
1340,traditional,0.007968,21.394432,0.070656,21.473056
1341,traditional,0.009120,21.444608,0.070656,21.524384
1342,traditional,0.008832,21.432320,0.071680,21.512832
1343,traditional,0.007616,21.308416,0.071680,21.387712
1344,traditional,0.008672,21.422080,0.071680,21.502432
1345,traditional,0.008768,22.504448,0.070656,22.583872
1346,traditional,0.009216,21.318656,0.071680,21.399552
1347,traditional,0.009760,21.365760,0.070656,21.446176
1348,traditional,0.009248,21.360640,0.070656,21.440544
1349,traditional,0.008832,21.397504,0.071680,21.478016
1350,traditional,0.008832,21.430272,0.071680,21.510784
1351,traditional,0.009024,21.535744,0.070656,21.615424
1352,traditional,0.009472,21.398528,0.070656,21.478656
1353,traditional,0.009408,21.569536,0.071680,21.650624
1354,traditional,0.008736,21.594112,0.071680,21.674528
1355,traditional,0.009344,21.182464,0.070656,21.262464
1356,traditional,0.009088,21.612544,0.070656,21.692288
1357,traditional,0.009792,21.704704,0.070656,21.785152
1358,traditional,0.008800,21.451776,0.071680,21.532256
1359,traditional,0.009728,21.502976,0.070656,21.583360
1360,traditional,0.009888,21.399552,0.070656,21.480096
1361,traditional,0.008736,21.471232,0.071680,21.551648
1362,traditional,0.008800,22.401024,0.070656,22.480480
1363,traditional,0.008512,21.623808,0.070656,21.702976
1364,traditional,0.008864,21.475328,0.070656,21.554848
1365,traditional,0.010048,21.388288,0.071680,21.470016
1366,traditional,0.010976,21.470208,0.071680,21.552864
1367,traditional,0.009280,21.492736,0.069632,21.571648
1368,traditional,0.007776,22.173696,0.070656,22.252128
1369,traditional,0.007680,22.458368,0.070656,22.536704
1370,traditional,0.009088,21.531648,0.071680,21.612416
1371,traditional,0.009952,21.344256,0.070656,21.424864
1372,traditional,0.008512,21.486592,0.071680,21.566784
1373,traditional,0.008768,22.478848,0.070656,22.558272
1374,traditional,0.009376,21.369856,0.070656,21.449888
1375,traditional,0.008896,21.390336,0.070656,21.469888
1376,traditional,0.008224,22.436864,0.070656,22.515744
1377,traditional,0.008256,22.478848,0.070656,22.557760
1378,traditional,0.008832,22.008832,0.072704,22.090368
1379,traditional,0.008800,21.915648,0.073728,21.998176
1380,traditional,0.009024,22.738944,0.073728,22.821696
1381,traditional,0.009472,21.926912,0.073728,22.010112
1382,traditional,0.008736,23.012352,0.073728,23.094816
1383,traditional,0.011552,21.838848,0.072704,21.923104
1384,traditional,0.009504,21.773312,0.072704,21.855520
1385,traditional,0.010144,22.039552,0.072704,22.122400
1386,traditional,0.007872,23.154688,0.073728,23.236288
1387,traditional,0.009472,21.907456,0.073728,21.990656
1388,traditional,0.009280,21.864448,0.077824,21.951552
1389,traditional,0.009664,22.019072,0.073728,22.102464
1390,traditional,0.009088,21.823488,0.073728,21.906304
1391,traditional,0.009408,21.823488,0.072704,21.905600
1392,traditional,0.011936,21.830656,0.073728,21.916320
1393,traditional,0.009600,21.961728,0.072704,22.044032
1394,traditional,0.008320,21.980160,0.073728,22.062208
1395,traditional,0.009376,21.862400,0.077824,21.949600
1396,traditional,0.009472,21.901312,0.076800,21.987584
1397,traditional,0.009248,21.874688,0.076800,21.960736
1398,traditional,0.009632,21.459968,0.075776,21.545376
1399,traditional,0.009120,21.273600,0.075776,21.358496
1400,traditional,0.009184,21.499904,0.071680,21.580768
1401,traditional,0.009600,21.323776,0.071680,21.405056
1402,traditional,0.009184,21.406720,0.070656,21.486560
1403,traditional,0.008064,21.520384,0.075776,21.604224
1404,traditional,0.017792,21.386240,0.070656,21.474688
1405,traditional,0.009088,21.497856,0.071680,21.578624
1406,traditional,0.008960,21.409792,0.070656,21.489408
1407,traditional,0.008640,21.609472,0.071680,21.689792
1408,traditional,0.009600,21.495808,0.070656,21.576064
1409,traditional,0.008704,21.346304,0.070656,21.425664
1410,traditional,0.008736,21.331968,0.071680,21.412384
1411,traditional,0.009824,21.499904,0.075776,21.585504
1412,traditional,0.008448,21.331968,0.075776,21.416192
1413,traditional,0.009408,21.486592,0.071680,21.567680
1414,traditional,0.008576,21.414912,0.074752,21.498240
1415,traditional,0.008768,21.374976,0.075776,21.459520
1416,traditional,0.008064,21.398528,0.070656,21.477248
1417,traditional,0.009184,21.379072,0.070656,21.458912
1418,traditional,0.008672,21.353472,0.071680,21.433824
1419,traditional,0.008128,21.454848,0.070656,21.533632
1420,traditional,0.009824,21.423104,0.071680,21.504608
1421,traditional,0.009376,21.277696,0.074752,21.361824
1422,traditional,0.009824,21.368832,0.074752,21.453408
1423,traditional,0.009152,21.576704,0.071680,21.657536
1424,traditional,0.008896,21.408768,0.070656,21.488320
1425,traditional,0.009408,21.614592,0.074752,21.698752
1426,traditional,0.008864,21.371904,0.074752,21.455520
1427,traditional,0.009664,21.268480,0.074752,21.352896
1428,traditional,0.008704,21.395456,0.070656,21.474816
1429,traditional,0.009472,21.549056,0.071680,21.630208
1430,traditional,0.008992,21.448704,0.070656,21.528352
1431,traditional,0.009088,21.478400,0.071680,21.559168
1432,traditional,0.009088,21.405696,0.070656,21.485440
1433,traditional,0.009184,21.267456,0.074752,21.351392
1434,traditional,0.009120,21.673984,0.072704,21.755808
1435,traditional,0.009088,22.024192,0.077824,22.111104
1436,traditional,0.009440,21.980160,0.076800,22.066400
1437,traditional,0.009568,22.103040,0.077824,22.190432
1438,traditional,0.008896,22.088704,0.077824,22.175424
1439,traditional,0.009344,21.986304,0.078848,22.074496
1440,traditional,0.009184,21.868544,0.077824,21.955552
1441,traditional,0.008032,21.988352,0.078848,22.075232
1442,traditional,0.009600,21.873664,0.078848,21.962112
1443,traditional,0.009376,21.934080,0.077824,22.021280
1444,traditional,0.008992,21.799936,0.077824,21.886752
1445,traditional,0.009216,21.966848,0.077824,22.053888
1446,traditional,0.009376,21.903360,0.077824,21.990560
1447,traditional,0.009408,21.950464,0.077824,22.037696
1448,traditional,0.008992,21.912576,0.077824,21.999392
1449,traditional,0.008192,21.869568,0.077824,21.955584
1450,traditional,0.009056,21.885952,0.077824,21.972832
1451,traditional,0.009408,21.801984,0.077824,21.889216
1452,traditional,0.008864,21.891072,0.077824,21.977760
1453,traditional,0.009728,21.762048,0.076800,21.848576
1454,traditional,0.008928,21.755904,0.075776,21.840608
1455,traditional,0.009344,21.872640,0.076800,21.958784
1456,traditional,0.008480,21.514240,0.075776,21.598496
1457,traditional,0.009344,21.412864,0.076800,21.499008
1458,traditional,0.009024,21.468160,0.074752,21.551936
1459,traditional,0.009184,21.553152,0.075776,21.638112
1460,traditional,0.009728,21.470208,0.075776,21.555712
1461,traditional,0.009408,21.409792,0.075776,21.494976
1462,traditional,0.008736,21.263360,0.074752,21.346848
1463,traditional,0.009120,21.510144,0.075776,21.595040
1464,traditional,0.008704,21.354496,0.075776,21.438976
1465,traditional,0.008736,21.394432,0.075776,21.478944
1466,traditional,0.008352,21.274624,0.075776,21.358752
1467,traditional,0.008320,21.532672,0.075776,21.616768
1468,traditional,0.009472,21.482496,0.075776,21.567744
1469,traditional,0.009056,21.712896,0.075776,21.797728
1470,traditional,0.008960,21.512192,0.075776,21.596928
1471,traditional,0.008640,21.504000,0.074752,21.587392
1472,traditional,0.009344,21.521408,0.075776,21.606528
1473,traditional,0.009472,21.465088,0.075776,21.550336
1474,traditional,0.009472,21.447680,0.074752,21.531904
1475,traditional,0.009888,21.462016,0.075776,21.547680
1476,traditional,0.009024,21.533696,0.074752,21.617472
1477,traditional,0.009728,21.621760,0.074752,21.706240
1478,traditional,0.008832,21.389312,0.075776,21.473920
1479,traditional,0.009472,21.425152,0.075776,21.510400
1480,traditional,0.008640,21.709824,0.075776,21.794240
1481,traditional,0.009792,21.544960,0.075776,21.630528
1482,traditional,0.009152,21.407744,0.075776,21.492672
1483,traditional,0.009280,21.528576,0.075776,21.613632
1484,traditional,0.008608,21.327872,0.075776,21.412256
1485,traditional,0.009056,21.486592,0.075776,21.571424
1486,traditional,0.009184,21.639168,0.074752,21.723104
1487,traditional,0.009216,21.451776,0.075776,21.536768
1488,traditional,0.009504,21.390336,0.074752,21.474592
1489,traditional,0.009760,21.553152,0.075776,21.638688
1490,traditional,0.008512,21.510144,0.074752,21.593408
1491,traditional,0.009248,21.543936,0.075776,21.628960
1492,traditional,0.009664,21.526528,0.075776,21.611968
1493,traditional,0.009280,21.745664,0.075776,21.830720
1494,traditional,0.008544,21.417984,0.075776,21.502304
1495,traditional,0.009024,21.618688,0.075776,21.703488
1496,traditional,0.008480,21.512192,0.075776,21.596448
1497,traditional,0.008128,21.528576,0.074752,21.611456
1498,traditional,0.013344,21.397504,0.075776,21.486624
1499,traditional,0.009248,21.751808,0.074752,21.835808
1500,traditional,0.007680,21.325824,0.074752,21.408256
1501,traditional,0.008128,21.607424,0.076800,21.692352
1502,traditional,0.010016,21.451776,0.074752,21.536544
1503,traditional,0.009824,21.584896,0.074752,21.669472
1504,traditional,0.007680,21.416960,0.075776,21.500416
1505,traditional,0.009408,21.613568,0.076800,21.699776
1506,traditional,0.008736,21.465088,0.075776,21.549600
1507,traditional,0.008576,21.663744,0.075776,21.748096
1508,traditional,0.009280,21.409792,0.075776,21.494848
1509,traditional,0.008768,21.612544,0.075776,21.697088
1510,traditional,0.009344,21.495808,0.074752,21.579904
1511,traditional,0.009120,21.542912,0.074752,21.626784
1512,traditional,0.009792,21.336064,0.074752,21.420608
1513,traditional,0.008768,21.539840,0.075776,21.624384
1514,traditional,0.008544,21.411840,0.075776,21.496160
1515,traditional,0.009088,21.566464,0.075776,21.651328
1516,traditional,0.009280,21.661696,0.075776,21.746752
1517,traditional,0.008800,21.500928,0.075776,21.585504
1518,traditional,0.007776,21.332992,0.074752,21.415520
1519,traditional,0.008992,21.420032,0.075776,21.504800
1520,traditional,0.009120,21.366784,0.075776,21.451680
1521,traditional,0.009600,21.530624,0.074752,21.614976
1522,traditional,0.009056,21.542912,0.075776,21.627744
1523,traditional,0.008448,21.577728,0.075776,21.661952
1524,traditional,0.009760,21.408768,0.074752,21.493280
1525,traditional,0.009120,21.683200,0.075776,21.768096
1526,traditional,0.009568,21.383168,0.074752,21.467488
1527,traditional,0.010816,21.341184,0.075776,21.427776
1528,traditional,0.008160,21.372928,0.075776,21.456864
1529,traditional,0.009344,21.534720,0.074752,21.618816
1530,traditional,0.009280,21.403648,0.075776,21.488704
1531,traditional,0.008544,21.500928,0.075776,21.585248
1532,traditional,0.008832,21.384192,0.075776,21.468800
1533,traditional,0.009376,21.634048,0.075776,21.719200
1534,traditional,0.010080,21.416960,0.074752,21.501792
1535,traditional,0.009664,21.578752,0.075776,21.664192
1536,traditional,0.009408,21.457920,0.074752,21.542080
1537,traditional,0.009440,21.512192,0.075776,21.597408
1538,traditional,0.012832,21.309440,0.075776,21.398048
1539,traditional,0.008576,21.628928,0.074752,21.712256
1540,traditional,0.008896,21.403648,0.075776,21.488320
1541,traditional,0.008992,21.548032,0.074752,21.631776
1542,traditional,0.009568,21.467136,0.074752,21.551456
1543,traditional,0.008928,21.529600,0.075776,21.614304
1544,traditional,0.008640,21.473280,0.075776,21.557696
1545,traditional,0.009248,21.490688,0.074752,21.574688
1546,traditional,0.009056,21.523456,0.074752,21.607264
1547,traditional,0.008416,21.690368,0.074752,21.773536
1548,traditional,0.007840,21.426176,0.075776,21.509792
1549,traditional,0.008416,21.346304,0.075776,21.430496
1550,traditional,0.012000,21.356544,0.075776,21.444320
1551,traditional,0.009216,21.597184,0.075776,21.682176
1552,traditional,0.010112,21.504000,0.075776,21.589888
1553,traditional,0.009664,21.400576,0.075776,21.486016
1554,traditional,0.008384,21.392384,0.074752,21.475520
1555,traditional,0.009024,21.719040,0.076800,21.804864
1556,traditional,0.009536,21.486592,0.075776,21.571904
1557,traditional,0.009600,21.622784,0.075776,21.708160
1558,traditional,0.007648,21.575680,0.074752,21.658080
1559,traditional,0.009216,21.571584,0.075776,21.656576
1560,traditional,0.009696,21.612544,0.075776,21.698016
1561,traditional,0.009152,21.595136,0.074752,21.679040
1562,traditional,0.009024,21.369856,0.074752,21.453632
1563,traditional,0.009920,21.489664,0.075776,21.575360
1564,traditional,0.009312,21.430272,0.075776,21.515360
1565,traditional,0.008608,21.586944,0.075776,21.671328
1566,traditional,0.009056,21.414912,0.075776,21.499744
1567,traditional,0.010048,21.637120,0.075776,21.722944
1568,traditional,0.009152,21.419008,0.075776,21.503936
1569,traditional,0.009088,21.509120,0.075776,21.593984
1570,traditional,0.008864,21.537792,0.075776,21.622432
1571,traditional,0.009632,21.526528,0.074752,21.610912
1572,traditional,0.009088,22.322176,0.075776,22.407040
1573,traditional,0.008544,22.571008,0.075776,22.655328
1574,traditional,0.008896,22.342656,0.075776,22.427328
1575,traditional,0.009408,22.454272,0.075776,22.539456
1576,traditional,0.009184,22.301696,0.075776,22.386656
1577,traditional,0.009568,22.438912,0.076800,22.525280
1578,traditional,0.009312,22.568960,0.075776,22.654048
1579,traditional,0.009920,22.481920,0.076800,22.568640
1580,traditional,0.008640,22.510592,0.075776,22.595008
1581,traditional,0.010336,22.269952,0.075776,22.356064
1582,traditional,0.008448,22.469632,0.076800,22.554880
1583,traditional,0.009824,22.676480,0.075776,22.762080
1584,traditional,0.009440,22.636544,0.074752,22.720736
1585,traditional,0.009952,22.667264,0.075776,22.752992
1586,traditional,0.010304,22.472704,0.074752,22.557760
1587,traditional,0.009024,21.382144,0.075776,21.466944
1588,traditional,0.009792,21.398528,0.075776,21.484096
1589,traditional,0.008800,21.349376,0.075776,21.433952
1590,traditional,0.008672,21.690368,0.074752,21.773792
1591,traditional,0.009088,21.517312,0.075776,21.602176
1592,traditional,0.009056,21.528576,0.075776,21.613408
1593,traditional,0.008608,21.605376,0.075776,21.689760
1594,traditional,0.009184,21.570560,0.075776,21.655520
1595,traditional,0.008768,21.433344,0.075776,21.517888
1596,traditional,0.008800,21.507072,0.075776,21.591648
1597,traditional,0.008672,21.453824,0.075776,21.538272
1598,traditional,0.008768,21.486592,0.075776,21.571136
1599,traditional,0.008864,21.362688,0.075776,21.447328
1600,traditional,0.015872,21.638144,0.075776,21.729792
1601,traditional,0.009248,21.464064,0.075776,21.549088
1602,traditional,0.009056,21.422080,0.075776,21.506912
1603,traditional,0.009376,21.344256,0.075776,21.429408
1604,traditional,0.008928,21.608448,0.075776,21.693152
1605,traditional,0.009472,21.543936,0.075776,21.629184
1606,traditional,0.009312,21.576704,0.075776,21.661792
1607,traditional,0.009312,21.548032,0.076800,21.634144
1608,traditional,0.009088,21.660672,0.075776,21.745536
1609,traditional,0.013408,21.553152,0.076800,21.643360
1610,traditional,0.009376,21.498880,0.076800,21.585056
1611,traditional,0.012896,21.574656,0.075776,21.663328
1612,traditional,0.009184,21.718016,0.075776,21.802976
1613,traditional,0.009216,22.575104,0.076800,22.661120
1614,traditional,0.009472,21.462016,0.074752,21.546240
1615,traditional,0.008704,21.328896,0.075776,21.413376
1616,traditional,0.008800,21.624832,0.075776,21.709408
1617,traditional,0.009248,21.425152,0.074752,21.509152
1618,traditional,0.008512,21.490688,0.075776,21.574976
1619,traditional,0.009856,22.234112,0.075776,22.319744
1620,traditional,0.009344,21.769216,0.075776,21.854336
1621,traditional,0.009792,21.627904,0.076800,21.714496
1622,traditional,0.008992,21.371904,0.075776,21.456672
1623,traditional,0.008544,22.550528,0.076800,22.635872
1624,traditional,0.008640,21.421056,0.075776,21.505472
1625,traditional,0.008544,21.350400,0.074752,21.433696
1626,traditional,0.009504,22.526976,0.075776,22.612256
1627,traditional,0.009280,21.600256,0.076800,21.686336
1628,traditional,0.007680,21.676032,0.075776,21.759488
1629,traditional,0.008928,21.474304,0.075776,21.559008
1630,traditional,0.008096,21.616640,0.075776,21.700512
1631,traditional,0.008992,21.407744,0.075776,21.492512
1632,traditional,0.009312,21.467136,0.075776,21.552224
1633,traditional,0.008736,22.482944,0.074752,22.566432
1634,traditional,0.008704,21.591040,0.075776,21.675520
1635,traditional,0.009248,21.541888,0.074752,21.625888
1636,traditional,0.009280,21.535744,0.074752,21.619776
1637,traditional,0.009376,21.465088,0.075776,21.550240
1638,traditional,0.009376,21.635072,0.075776,21.720224
1639,traditional,0.008512,21.493760,0.074752,21.577024
1640,traditional,0.009248,21.524480,0.075776,21.609504
1641,traditional,0.010752,21.536768,0.075776,21.623296
1642,traditional,0.009248,21.713920,0.076800,21.799968
1643,traditional,0.009760,21.731328,0.076800,21.817888
1644,traditional,0.008768,21.764096,0.075776,21.848640
1645,traditional,0.008992,22.441984,0.075776,22.526752
1646,traditional,0.008768,21.482496,0.075776,21.567040
1647,traditional,0.008384,21.394432,0.075776,21.478592
1648,traditional,0.008032,21.343232,0.075776,21.427040
1649,traditional,0.009088,21.499904,0.076800,21.585792
1650,traditional,0.009344,21.652480,0.075776,21.737600
1651,traditional,0.009120,21.398528,0.075776,21.483424
1652,traditional,0.008992,21.440512,0.075776,21.525280
1653,traditional,0.008704,21.561344,0.075776,21.645824
1654,traditional,0.008736,21.531648,0.075776,21.616160
1655,traditional,0.009344,21.491712,0.075776,21.576832
1656,traditional,0.008000,21.514240,0.075776,21.598016
1657,traditional,0.008544,21.426176,0.076800,21.511520
1658,traditional,0.008992,21.620736,0.075776,21.705504
1659,traditional,0.009280,21.283840,0.074752,21.367872
1660,traditional,0.008672,21.728256,0.077824,21.814752
1661,traditional,0.009376,21.908480,0.077824,21.995680
1662,traditional,0.009344,21.982208,0.076800,22.068352
1663,traditional,0.009632,22.005760,0.077824,22.093216
1664,traditional,0.009056,21.995520,0.077824,22.082400
1665,traditional,0.008672,21.844992,0.077824,21.931488
1666,traditional,0.009472,21.776384,0.077824,21.863680
1667,traditional,0.009408,22.940672,0.076800,23.026880
1668,traditional,0.009472,22.071296,0.077824,22.158592
1669,traditional,0.009344,22.129664,0.076800,22.215808
1670,traditional,0.010048,21.958656,0.077824,22.046528
1671,traditional,0.008960,21.940224,0.077824,22.027008
1672,traditional,0.009472,21.896192,0.077824,21.983488
1673,traditional,0.009216,22.085632,0.076800,22.171648
1674,traditional,0.008832,22.016000,0.077824,22.102656
1675,traditional,0.009056,21.966848,0.076800,22.052704
1676,traditional,0.010368,21.957632,0.077824,22.045824
1677,traditional,0.009440,22.025216,0.077824,22.112480
1678,traditional,0.009632,21.905408,0.077824,21.992864
1679,traditional,0.008672,21.947392,0.077824,22.033888
1680,traditional,0.008544,21.847040,0.075776,21.931360
1681,traditional,0.009088,21.650432,0.076800,21.736320
1682,traditional,0.009440,22.475776,0.075776,22.560992
1683,traditional,0.008896,22.873088,0.075776,22.957760
1684,traditional,0.007936,22.927360,0.076800,23.012096
1685,traditional,0.009344,22.676480,0.074752,22.760576
1686,traditional,0.008608,22.479872,0.076800,22.565280
1687,traditional,0.008640,22.364160,0.075776,22.448576
1688,traditional,0.008992,22.386688,0.075776,22.471456
1689,traditional,0.010432,22.566912,0.076800,22.654144
1690,traditional,0.010560,22.445056,0.075776,22.531392
1691,traditional,0.009792,22.670336,0.076800,22.756928
1692,traditional,0.013280,22.513664,0.076800,22.603744
1693,traditional,0.009984,22.512640,0.075776,22.598400
1694,traditional,0.010368,22.747136,0.076800,22.834304
1695,traditional,0.008896,22.372352,0.075776,22.457024
1696,traditional,0.009312,22.589440,0.075776,22.674528
1697,traditional,0.009728,22.785024,0.076800,22.871552
1698,traditional,0.010208,22.572032,0.075776,22.658016
1699,traditional,0.011072,22.489088,0.075776,22.575936
1700,traditional,0.009728,22.667264,0.075776,22.752768
1701,traditional,0.009312,22.618112,0.075776,22.703200
1702,traditional,0.008416,22.278144,0.075776,22.362336
1703,traditional,0.009824,22.518784,0.076800,22.605408
1704,traditional,0.010688,22.893568,0.075776,22.980032
1705,traditional,0.009376,22.322176,0.075776,22.407328
1706,traditional,0.008960,21.736448,0.075776,21.821184
1707,traditional,0.009344,21.439488,0.075776,21.524608
1708,traditional,0.008480,21.609472,0.076800,21.694752
1709,traditional,0.009248,22.643712,0.075776,22.728736
1710,traditional,0.008672,21.616640,0.075776,21.701088
1711,traditional,0.009120,21.552128,0.075776,21.637024
1712,traditional,0.009344,21.738496,0.077824,21.825664
1713,traditional,0.008832,21.692416,0.076800,21.778048
1714,traditional,0.009632,21.687296,0.075776,21.772704
1715,traditional,0.009536,21.633024,0.075776,21.718336
1716,traditional,0.010048,21.900288,0.077824,21.988160
1717,traditional,0.009696,23.109632,0.076800,23.196128
1718,traditional,0.009568,21.561344,0.075776,21.646688
1719,traditional,0.009024,21.702656,0.077824,21.789504
1720,traditional,0.010080,21.810176,0.075776,21.896032
1721,traditional,0.009056,21.600256,0.075776,21.685088
1722,traditional,0.009184,21.871616,0.077824,21.958624
1723,traditional,0.009440,21.681152,0.075776,21.766368
1724,traditional,0.009376,21.493760,0.075776,21.578912
1725,traditional,0.009568,21.791744,0.075776,21.877088
1726,traditional,0.009248,21.808128,0.076800,21.894176
1727,traditional,0.008448,21.883904,0.075776,21.968128
1728,traditional,0.009408,21.430272,0.075776,21.515456
1729,traditional,0.009248,21.741568,0.076800,21.827616
1730,traditional,0.009024,21.608448,0.075776,21.693248
1731,traditional,0.009984,21.819392,0.076800,21.906176
1732,traditional,0.008640,21.614592,0.075776,21.699008
1733,traditional,0.007840,21.924864,0.077824,22.010528
1734,traditional,0.008992,21.935104,0.075776,22.019872
1735,traditional,0.008992,21.280768,0.074752,21.364512
1736,traditional,0.009024,21.519360,0.076800,21.605184
1737,traditional,0.009728,21.775360,0.076800,21.861888
1738,traditional,0.009664,21.681152,0.075776,21.766592
1739,traditional,0.008384,21.774336,0.076800,21.859520
1740,traditional,0.009792,21.627904,0.075776,21.713472
1741,traditional,0.009024,21.757952,0.077824,21.844800
1742,traditional,0.009504,22.938624,0.076800,23.024928
1743,traditional,0.008448,21.624832,0.076800,21.710080
1744,traditional,0.009344,21.500928,0.075776,21.586048
1745,traditional,0.008672,21.528576,0.075776,21.613024
1746,traditional,0.009088,21.542912,0.075776,21.627776
1747,traditional,0.009536,21.904384,0.077824,21.991744
1748,traditional,0.010048,22.677504,0.076800,22.764352
1749,traditional,0.009152,21.467136,0.076800,21.553088
1750,traditional,0.009056,21.726208,0.076800,21.812064
1751,traditional,0.009120,21.846016,0.077824,21.932960
1752,traditional,0.008864,21.852160,0.076800,21.937824
1753,traditional,0.009824,21.768192,0.076800,21.854816
1754,traditional,0.009472,21.581824,0.076800,21.668096
1755,traditional,0.009824,22.689792,0.075776,22.775392
1756,traditional,0.009536,21.713920,0.075776,21.799232
1757,traditional,0.009568,21.470208,0.075776,21.555552
1758,traditional,0.008512,21.719040,0.076800,21.804352
1759,traditional,0.008832,21.861376,0.076800,21.947008
1760,traditional,0.008320,21.543936,0.075776,21.628032
1761,traditional,0.008640,21.719040,0.075776,21.803456
1762,traditional,0.008800,21.654528,0.076800,21.740128
1763,traditional,0.009312,21.849088,0.076800,21.935200
1764,traditional,0.009696,21.681152,0.075776,21.766624
1765,traditional,0.009152,21.351424,0.076800,21.437376
1766,traditional,0.009184,21.630976,0.076800,21.716960
1767,traditional,0.010304,22.800384,0.075776,22.886464
1768,traditional,0.008736,21.650432,0.075776,21.734944
1769,traditional,0.009664,22.019072,0.077824,22.106560
1770,traditional,0.009216,22.891520,0.076800,22.977536
1771,traditional,0.009920,21.471232,0.075776,21.556928
1772,traditional,0.009248,21.480448,0.075776,21.565472
1773,traditional,0.008672,21.598208,0.075776,21.682656
1774,traditional,0.009344,21.840896,0.076800,21.927040
1775,traditional,0.009056,21.780480,0.076800,21.866336
1776,traditional,0.009408,21.678080,0.076800,21.764288
1777,traditional,0.009728,21.777408,0.076800,21.863936
1778,traditional,0.008800,21.651456,0.076800,21.737056
1779,traditional,0.008672,21.451776,0.075776,21.536224
1780,traditional,0.008352,21.328896,0.077824,21.415072
1781,traditional,0.008928,21.890048,0.076800,21.975776
1782,traditional,0.008992,21.581824,0.076800,21.667616
1783,traditional,0.012800,21.671936,0.075776,21.760512
1784,traditional,0.009600,21.504000,0.075776,21.589376
1785,traditional,0.008480,21.636096,0.076800,21.721376
1786,traditional,0.009536,21.781504,0.076800,21.867840
1787,traditional,0.007680,21.595136,0.076800,21.679616
1788,traditional,0.009632,21.745664,0.076800,21.832096
1789,traditional,0.009216,21.743616,0.076800,21.829632
1790,traditional,0.008896,22.963200,0.075776,23.047872
1791,traditional,0.009440,22.829056,0.076800,22.915296
1792,traditional,0.009664,21.640192,0.076800,21.726656
1793,traditional,0.008800,21.488640,0.075776,21.573216
1794,traditional,0.008512,21.649408,0.075776,21.733696
1795,traditional,0.009664,22.571008,0.076800,22.657472
1796,traditional,0.008128,21.914624,0.076800,21.999552
1797,traditional,0.009440,21.840896,0.075776,21.926112
1798,traditional,0.009888,21.731328,0.076800,21.818016
1799,traditional,0.009408,21.458944,0.075776,21.544128
1800,traditional,0.009216,21.714944,0.076800,21.800960
1801,traditional,0.008896,22.896640,0.075776,22.981312
1802,traditional,0.009856,22.699008,0.076800,22.785664
1803,traditional,0.009120,21.770240,0.075776,21.855136
1804,traditional,0.009728,21.494784,0.075776,21.580288
1805,traditional,0.008416,21.556224,0.077824,21.642464
1806,traditional,0.009280,21.728256,0.076800,21.814336
1807,traditional,0.009504,21.605376,0.076800,21.691680
1808,traditional,0.009024,21.610496,0.075776,21.695296
1809,traditional,0.008000,21.689344,0.076800,21.774144
1810,traditional,0.009344,21.830656,0.075776,21.915776
1811,traditional,0.008960,21.617664,0.076800,21.703424
1812,traditional,0.009408,21.756928,0.076800,21.843136
1813,traditional,0.009504,23.184384,0.076800,23.270688
1814,traditional,0.009024,22.981632,0.075776,23.066432
1815,traditional,0.009184,23.112704,0.076800,23.198688
1816,traditional,0.008960,23.376896,0.075776,23.461632
1817,traditional,0.009120,23.035904,0.075776,23.120800
1818,traditional,0.009344,22.866944,0.075776,22.952064
1819,traditional,0.008960,22.935552,0.075776,23.020288
1820,traditional,0.008800,22.936576,0.075776,23.021152
1821,traditional,0.009408,22.796288,0.075776,22.881472
1822,traditional,0.009824,22.935552,0.076800,23.022176
1823,traditional,0.008640,22.838272,0.075776,22.922688
1824,traditional,0.009024,22.843392,0.075776,22.928192
1825,traditional,0.012736,22.951936,0.075776,23.040448
1826,traditional,0.009184,23.007232,0.075776,23.092192
1827,traditional,0.008960,22.844416,0.075776,22.929152
1828,traditional,0.009440,23.020544,0.075776,23.105760
1829,traditional,0.009408,22.948864,0.075776,23.034048
1830,traditional,0.009088,22.932480,0.075776,23.017344
1831,traditional,0.008736,22.846464,0.075776,22.930976
1832,traditional,0.008576,22.864896,0.075776,22.949248
1833,traditional,0.009408,22.862848,0.075776,22.948032
1834,traditional,0.008768,22.801408,0.075776,22.885952
1835,traditional,0.008960,22.853632,0.075776,22.938368
1836,traditional,0.009440,22.825984,0.075776,22.911200
1837,traditional,0.008448,22.903808,0.075776,22.988032
1838,traditional,0.009600,21.350400,0.076800,21.436800
1839,traditional,0.009120,21.643264,0.075776,21.728160
1840,traditional,0.009600,23.271424,0.076800,23.357824
1841,traditional,0.009408,21.883904,0.076800,21.970112
1842,traditional,0.009216,21.579776,0.075776,21.664768
1843,traditional,0.009184,21.640192,0.075776,21.725152
1844,traditional,0.008192,21.784576,0.075776,21.868544
1845,traditional,0.011264,21.545984,0.076800,21.634048
1846,traditional,0.009088,21.819392,0.076800,21.905280
1847,traditional,0.008640,21.610496,0.075776,21.694912
1848,traditional,0.008832,21.676032,0.075776,21.760640
1849,traditional,0.009024,21.614592,0.076800,21.700416
1850,traditional,0.009408,21.739520,0.077824,21.826752
1851,traditional,0.009120,21.992448,0.076800,22.078368
1852,traditional,0.009312,21.576704,0.075776,21.661792
1853,traditional,0.009888,21.747712,0.076800,21.834400
1854,traditional,0.008832,21.815296,0.076800,21.900928
1855,traditional,0.009856,21.743616,0.076800,21.830272
1856,traditional,0.009472,21.676032,0.076800,21.762304
1857,traditional,0.008896,21.881856,0.076800,21.967552
1858,traditional,0.010048,21.592064,0.076800,21.678912
1859,traditional,0.008608,21.598208,0.075776,21.682592
1860,traditional,0.009376,21.906432,0.076800,21.992608
1861,traditional,0.009184,22.530048,0.076800,22.616032
1862,traditional,0.009440,22.734848,0.075776,22.820064
1863,traditional,0.009312,22.662144,0.075776,22.747232
1864,traditional,0.008384,22.785024,0.075776,22.869184
1865,traditional,0.009024,22.608896,0.075776,22.693696
1866,traditional,0.008640,22.812672,0.075776,22.897088
1867,traditional,0.009952,22.612992,0.075776,22.698720
1868,traditional,0.008864,22.933504,0.076800,23.019168
1869,traditional,0.009632,22.401024,0.075776,22.486432
1870,traditional,0.009376,22.682624,0.076800,22.768800
1871,traditional,0.009120,22.523904,0.076800,22.609824
1872,traditional,0.009120,22.414336,0.076800,22.500256
1873,traditional,0.008832,22.735872,0.076800,22.821504
1874,traditional,0.009216,22.703104,0.075776,22.788096
1875,traditional,0.009088,22.466560,0.075776,22.551424
1876,traditional,0.008576,22.688768,0.076800,22.774144
1877,traditional,0.008960,22.882304,0.075776,22.967040
1878,traditional,0.009344,22.523904,0.075776,22.609024
1879,traditional,0.009088,22.612992,0.076800,22.698880
1880,traditional,0.008576,22.866944,0.077824,22.953344
1881,traditional,0.009280,22.854656,0.076800,22.940736
1882,traditional,0.008800,22.688768,0.075776,22.773344
1883,traditional,0.009024,22.812672,0.076800,22.898496
1884,traditional,0.009312,21.584896,0.076800,21.671008
1885,traditional,0.009280,21.826560,0.077824,21.913664
1886,traditional,0.009856,21.787648,0.075776,21.873280
1887,traditional,0.009664,21.588992,0.075776,21.674432
1888,traditional,0.008704,21.473280,0.075776,21.557760
1889,traditional,0.008672,21.919744,0.077824,22.006240
1890,traditional,0.009536,21.917696,0.075776,22.003008
1891,traditional,0.009312,21.423104,0.075776,21.508192
1892,traditional,0.008864,21.596160,0.076800,21.681824
1893,traditional,0.008320,21.744640,0.076800,21.829760
1894,traditional,0.009920,21.769216,0.075776,21.854912
1895,traditional,0.009472,21.405696,0.075776,21.490944
1896,traditional,0.009600,21.823488,0.076800,21.909888
1897,traditional,0.009024,21.689344,0.076800,21.775168
1898,traditional,0.009632,21.527552,0.075776,21.612960
1899,traditional,0.008960,21.806080,0.076800,21.891840
1900,traditional,0.016192,21.918720,0.075776,22.010688
1901,traditional,0.008384,21.634048,0.076800,21.719232
1902,traditional,0.009408,21.726208,0.075776,21.811392
1903,traditional,0.009184,21.703680,0.076800,21.789664
1904,traditional,0.007744,21.417984,0.076800,21.502528
1905,traditional,0.008576,21.896192,0.076800,21.981568
1906,traditional,0.008896,21.594112,0.075776,21.678784
1907,traditional,0.009088,21.841920,0.076800,21.927808
1908,traditional,0.009504,21.602304,0.075776,21.687584
1909,traditional,0.008896,21.615616,0.076800,21.701312
1910,traditional,0.009792,21.416960,0.076800,21.503552
1911,traditional,0.008640,22.749184,0.076800,22.834624
1912,traditional,0.008928,21.823488,0.075776,21.908192
1913,traditional,0.009056,21.643264,0.076800,21.729120
1914,traditional,0.009920,21.732352,0.075776,21.818048
1915,traditional,0.009024,21.837824,0.076800,21.923648
1916,traditional,0.009184,21.526528,0.076800,21.612512
1917,traditional,0.008832,21.591040,0.075776,21.675648
1918,traditional,0.009824,22.006784,0.077824,22.094432
1919,traditional,0.009248,21.712896,0.076800,21.798944
1920,traditional,0.009024,22.592512,0.076800,22.678336
1921,traditional,0.008896,22.917120,0.077824,23.003840
1922,traditional,0.009312,21.960704,0.076800,22.046816
1923,traditional,0.009568,21.855232,0.075776,21.940576
1924,traditional,0.009184,21.669888,0.076800,21.755872
1925,traditional,0.009376,21.533696,0.076800,21.619872
1926,traditional,0.009408,22.420480,0.075776,22.505664
1927,traditional,0.009664,21.874688,0.075776,21.960128
1928,traditional,0.009472,21.709824,0.076800,21.796096
1929,traditional,0.008896,21.611520,0.075776,21.696192
1930,traditional,0.010528,22.730752,0.076800,22.818080
1931,traditional,0.008864,22.123520,0.076800,22.209184
1932,traditional,0.008384,21.832704,0.076800,21.917888
1933,traditional,0.008608,21.657600,0.076800,21.743008
1934,traditional,0.008992,21.667840,0.076800,21.753632
1935,traditional,0.010336,22.697984,0.075776,22.784096
1936,traditional,0.009664,21.533696,0.075776,21.619136
1937,traditional,0.008704,21.905408,0.077824,21.991936
1938,traditional,0.008992,21.869568,0.076800,21.955360
1939,traditional,0.008832,21.638144,0.076800,21.723776
1940,traditional,0.008768,21.855232,0.077824,21.941824
1941,traditional,0.008704,21.924864,0.075776,22.009344
1942,traditional,0.008800,21.594112,0.076800,21.679712
1943,traditional,0.009568,21.848064,0.075776,21.933408
1944,traditional,0.008064,21.701632,0.076800,21.786496
1945,traditional,0.009696,21.635072,0.076800,21.721568
1946,traditional,0.008800,21.520384,0.075776,21.604960
1947,traditional,0.009408,22.716416,0.076800,22.802624
1948,traditional,0.010336,22.913024,0.076800,23.000160
1949,traditional,0.010144,21.941248,0.075776,22.027168
1950,traditional,0.009280,21.696512,0.076800,21.782592
1951,traditional,0.009120,21.476352,0.075776,21.561248
1952,traditional,0.009440,21.820416,0.076800,21.906656
1953,traditional,0.008768,22.666240,0.076800,22.751808
1954,traditional,0.011680,22.824960,0.076800,22.913440
1955,traditional,0.008800,21.826560,0.075776,21.911136
1956,traditional,0.009184,21.512192,0.076800,21.598176
1957,traditional,0.009952,21.828608,0.076800,21.915360
1958,traditional,0.009344,21.617664,0.076800,21.703808
1959,traditional,0.009408,21.600256,0.075776,21.685440
1960,traditional,0.009248,21.874688,0.076800,21.960736
1961,traditional,0.009344,22.905856,0.076800,22.992000
1962,traditional,0.009472,21.725184,0.076800,21.811456
1963,traditional,0.009888,21.575680,0.076800,21.662368
1964,traditional,0.008832,21.734400,0.075776,21.819008
1965,traditional,0.009632,21.726208,0.075776,21.811616
1966,traditional,0.009344,21.657600,0.076800,21.743744
1967,traditional,0.009536,21.551104,0.075776,21.636416
1968,traditional,0.009024,21.640192,0.075776,21.724992
1969,traditional,0.009248,21.599232,0.075776,21.684256
1970,traditional,0.009024,21.837824,0.076800,21.923648
1971,traditional,0.009184,21.836800,0.076800,21.922784
1972,traditional,0.009152,21.532672,0.075776,21.617600
1973,traditional,0.009664,21.669888,0.075776,21.755328
1974,traditional,0.008576,21.650432,0.076800,21.735808
1975,traditional,0.009152,21.876736,0.075776,21.961664
1976,traditional,0.009920,21.629952,0.075776,21.715648
1977,traditional,0.009088,22.608896,0.075776,22.693760
1978,traditional,0.009056,21.790720,0.075776,21.875552
1979,traditional,0.008576,21.700608,0.075776,21.784960
1980,traditional,0.008672,21.785600,0.075776,21.870048
1981,traditional,0.009280,21.786624,0.076800,21.872704
1982,traditional,0.008864,21.796864,0.075776,21.881504
1983,traditional,0.009248,21.736448,0.075776,21.821472
1984,traditional,0.007872,21.514240,0.076800,21.598912
1985,traditional,0.008992,21.764096,0.076800,21.849888
1986,traditional,0.009152,21.613568,0.076800,21.699520
1987,traditional,0.009216,21.681152,0.076800,21.767168
1988,traditional,0.009248,21.765120,0.075776,21.850144
1989,traditional,0.009792,21.797888,0.076800,21.884480
1990,traditional,0.009248,21.722112,0.076800,21.808160
1991,traditional,0.009856,21.752832,0.075776,21.838464
1992,traditional,0.009056,21.805056,0.075776,21.889888
1993,traditional,0.009120,21.816320,0.075776,21.901216
1994,traditional,0.008576,21.630976,0.075776,21.715328
1995,traditional,0.009184,21.705728,0.076800,21.791712
1996,traditional,0.008672,21.626880,0.075776,21.711328
1997,traditional,0.009312,21.653504,0.075776,21.738592
1998,traditional,0.009056,21.556224,0.075776,21.641056
1999,traditional,0.009888,21.751808,0.077824,21.839520
2000,traditional,0.008800,21.752832,0.075776,21.837408
2001,traditional,0.009952,21.618688,0.076800,21.705440
2002,traditional,0.008448,21.821440,0.077824,21.907712
2003,traditional,0.009024,21.732352,0.075776,21.817152
2004,traditional,0.008512,21.536768,0.075776,21.621056
2005,traditional,0.009696,21.665792,0.076800,21.752288
2006,traditional,0.009600,21.614592,0.076800,21.700992
2007,traditional,0.009312,21.839872,0.076800,21.925984
2008,traditional,0.008960,21.666816,0.075776,21.751552
2009,traditional,0.009120,21.412864,0.076800,21.498784
2010,traditional,0.009408,22.716416,0.077824,22.803648
2011,traditional,0.009728,22.702080,0.076800,22.788608
2012,traditional,0.009856,23.015424,0.077824,23.103104
2013,traditional,0.009408,22.828032,0.077824,22.915264
2014,traditional,0.008736,22.568960,0.075776,22.653472
2015,traditional,0.009024,22.530048,0.075776,22.614848
2016,traditional,0.010496,22.516736,0.075776,22.603008
2017,traditional,0.009184,22.664192,0.076800,22.750176
2018,traditional,0.009984,22.627328,0.075776,22.713088
2019,traditional,0.010336,22.836224,0.075776,22.922336
2020,traditional,0.010592,23.052288,0.075776,23.138656
2021,traditional,0.010400,22.635520,0.075776,22.721696
2022,traditional,0.010048,22.619136,0.076800,22.705984
2023,traditional,0.011488,22.679552,0.075776,22.766816
2024,traditional,0.008480,22.699008,0.076800,22.784288
2025,traditional,0.010624,22.667264,0.075776,22.753664
2026,traditional,0.009312,22.762496,0.075776,22.847584
2027,traditional,0.021888,22.659072,0.075776,22.756736
2028,traditional,0.009344,22.454272,0.075776,22.539392
2029,traditional,0.008896,22.604800,0.077824,22.691520
2030,traditional,0.009248,22.784000,0.075776,22.869024
2031,traditional,0.009184,22.510592,0.075776,22.595552
2032,traditional,0.010304,22.630400,0.076800,22.717504
2033,traditional,0.009280,22.540288,0.075776,22.625344
2034,traditional,0.009344,22.849536,0.076800,22.935680
2035,traditional,0.008928,22.723584,0.076800,22.809312
2036,traditional,0.009216,22.691840,0.075776,22.776832
2037,traditional,0.010976,22.896640,0.076800,22.984416
2038,traditional,0.009568,22.547456,0.075776,22.632800
2039,traditional,0.010464,22.859776,0.076800,22.947040
2040,traditional,0.011008,22.836224,0.075776,22.923008
2041,traditional,0.010176,22.411264,0.075776,22.497216
2042,traditional,0.010080,22.561792,0.075776,22.647648
2043,traditional,0.009376,22.622208,0.076800,22.708384
2044,traditional,0.011296,22.647808,0.075776,22.734880
2045,traditional,0.008704,22.591488,0.075776,22.675968
2046,traditional,0.009856,22.687744,0.076800,22.774400
2047,traditional,0.010080,22.896640,0.076800,22.983520
2048,traditional,0.009760,22.509568,0.076800,22.596128
2049,traditional,0.010368,22.872064,0.077824,22.960256
2050,traditional,0.008768,22.175744,0.077824,22.262336
2051,traditional,0.009792,21.744640,0.076800,21.831232
2052,traditional,0.009280,21.796864,0.075776,21.881920
2053,traditional,0.009440,22.472704,0.075776,22.557920
2054,traditional,0.009120,21.734400,0.077824,21.821344
2055,traditional,0.009472,21.879808,0.075776,21.965056
2056,traditional,0.009280,21.747712,0.076800,21.833792
2057,traditional,0.009536,21.652480,0.076800,21.738816
2058,traditional,0.009920,21.908480,0.077824,21.996224
2059,traditional,0.009056,21.667840,0.077824,21.754720
2060,traditional,0.008960,22.028288,0.076800,22.114048
2061,traditional,0.007712,21.747712,0.076800,21.832224
2062,traditional,0.009056,21.489664,0.075776,21.574496
2063,traditional,0.008992,21.496832,0.076800,21.582624
2064,traditional,0.009344,21.524480,0.076800,21.610624
2065,traditional,0.008448,22.077440,0.076800,22.162688
2066,traditional,0.009312,21.562368,0.076800,21.648480
2067,traditional,0.008544,21.571584,0.075776,21.655904
2068,traditional,0.009728,22.791168,0.076800,22.877696
2069,traditional,0.009760,21.799936,0.076800,21.886496
2070,traditional,0.009120,21.708800,0.075776,21.793696
2071,traditional,0.007904,21.696512,0.076800,21.781216
2072,traditional,0.009952,21.623808,0.075776,21.709536
2073,traditional,0.009280,21.506048,0.076800,21.592128
2074,traditional,0.016320,21.740544,0.075776,21.832640
2075,traditional,0.008096,21.632000,0.076800,21.716896
2076,traditional,0.009536,21.774336,0.075776,21.859648
2077,traditional,0.009216,21.520384,0.075776,21.605376
2078,traditional,0.009856,21.604352,0.076800,21.691008
2079,traditional,0.008576,23.060480,0.076800,23.145856
2080,traditional,0.009600,21.910528,0.076800,21.996928
2081,traditional,0.008576,21.852160,0.075776,21.936512
2082,traditional,0.008064,21.506048,0.075776,21.589888
2083,traditional,0.009344,21.543936,0.075776,21.629056
2084,traditional,0.009344,21.785600,0.075776,21.870720
2085,traditional,0.009824,21.742592,0.075776,21.828192
2086,traditional,0.008480,21.622784,0.076800,21.708064
2087,traditional,0.008704,21.626880,0.076800,21.712384
2088,traditional,0.007744,21.714944,0.076800,21.799488
2089,traditional,0.009472,22.679552,0.076800,22.765824
2090,traditional,0.008544,21.755904,0.075776,21.840224
2091,traditional,0.009440,21.692416,0.076800,21.778656
2092,traditional,0.009984,21.469184,0.077824,21.556992
2093,traditional,0.008448,21.817344,0.076800,21.902592
2094,traditional,0.009632,22.666240,0.075776,22.751648
2095,traditional,0.009440,22.700032,0.075776,22.785248
2096,traditional,0.009024,21.572608,0.075776,21.657408
2097,traditional,0.008640,21.625856,0.075776,21.710272
2098,traditional,0.008672,21.843968,0.077824,21.930464
2099,traditional,0.008448,21.652480,0.075776,21.736704
2100,traditional,0.008928,21.431296,0.076800,21.517024
2101,traditional,0.008352,21.741568,0.076800,21.826720
2102,traditional,0.008640,21.656576,0.076800,21.742016
2103,traditional,0.008928,21.773312,0.075776,21.858016
2104,traditional,0.009280,21.641216,0.075776,21.726272
2105,traditional,0.009184,21.643264,0.075776,21.728224
2106,traditional,0.008640,21.983232,0.077824,22.069696
2107,traditional,0.009600,21.969920,0.076800,22.056320
2108,traditional,0.008256,21.591040,0.076800,21.676096
2109,traditional,0.008352,21.871616,0.077824,21.957792
2110,traditional,0.009760,21.811200,0.076800,21.897760
2111,traditional,0.010272,22.388736,0.076800,22.475808
2112,traditional,0.007968,21.472256,0.077824,21.558048
2113,traditional,0.009408,21.807104,0.076800,21.893312
2114,traditional,0.009568,21.924864,0.077824,22.012256
2115,traditional,0.009216,21.873664,0.075776,21.958656
2116,traditional,0.008448,21.507072,0.076800,21.592320
2117,traditional,0.008480,21.572608,0.076800,21.657888
2118,traditional,0.013440,21.842944,0.075776,21.932160
2119,traditional,0.008672,22.494208,0.076800,22.579680
2120,traditional,0.007520,23.164928,0.076800,23.249248
2121,traditional,0.009120,22.715392,0.075776,22.800288
2122,traditional,0.007840,22.910976,0.075776,22.994592
2123,traditional,0.009536,22.551552,0.075776,22.636864
2124,traditional,0.010080,22.628352,0.076800,22.715232
2125,traditional,0.010240,22.633472,0.074752,22.718464
2126,traditional,0.009728,22.538240,0.075776,22.623744
2127,traditional,0.010048,22.486016,0.075776,22.571840
2128,traditional,0.010496,22.371328,0.076800,22.458624
2129,traditional,0.008672,22.755328,0.077824,22.841824
2130,traditional,0.010304,22.912000,0.076800,22.999104
2131,traditional,0.009088,22.361088,0.075776,22.445952
2132,traditional,0.009920,22.549504,0.075776,22.635200
2133,traditional,0.011456,22.445056,0.076800,22.533312
2134,traditional,0.009312,23.015424,0.076800,23.101536
2135,traditional,0.010240,22.802432,0.075776,22.888448
2136,traditional,0.009472,22.566912,0.076800,22.653184
2137,traditional,0.011008,23.050240,0.076800,23.138048
2138,traditional,0.009952,22.683648,0.075776,22.769376
2139,traditional,0.009856,22.328320,0.076800,22.414976
2140,traditional,0.009312,22.719488,0.075776,22.804576
2141,traditional,0.009472,22.595584,0.077824,22.682880
2142,traditional,0.011200,23.049216,0.075776,23.136192
2143,traditional,0.009856,22.743040,0.075776,22.828672
2144,traditional,0.010336,22.751232,0.076800,22.838368
2145,traditional,0.010432,22.560768,0.076800,22.648000
2146,traditional,0.008960,22.711296,0.076800,22.797056
2147,traditional,0.009920,22.526976,0.075776,22.612672
2148,traditional,0.008896,22.505472,0.075776,22.590144
2149,traditional,0.009920,22.812672,0.076800,22.899392
2150,traditional,0.014176,22.988800,0.075776,23.078752
2151,traditional,0.009888,22.531072,0.075776,22.616736
2152,traditional,0.010944,22.607872,0.075776,22.694592
2153,traditional,0.010784,22.907904,0.077824,22.996512
2154,traditional,0.009728,22.643712,0.075776,22.729216
2155,traditional,0.011456,22.648832,0.075776,22.736064
2156,traditional,0.010592,22.544384,0.075776,22.630752
2157,traditional,0.009632,22.642688,0.075776,22.728096
2158,traditional,0.009152,22.495232,0.075776,22.580160
2159,traditional,0.010400,22.753280,0.075776,22.839456
2160,traditional,0.010688,22.670336,0.076800,22.757824
2161,traditional,0.011136,22.641664,0.075776,22.728576
2162,traditional,0.012928,22.489088,0.076800,22.578816
2163,traditional,0.009056,22.739968,0.076800,22.825824
2164,traditional,0.009984,22.789120,0.076800,22.875904
2165,traditional,0.010336,22.626304,0.076800,22.713440
2166,traditional,0.010528,22.623232,0.075776,22.709536
2167,traditional,0.010560,22.498304,0.076800,22.585664
2168,traditional,0.008800,22.628352,0.076800,22.713952
2169,traditional,0.010656,22.586368,0.075776,22.672800
2170,traditional,0.010176,23.127040,0.076800,23.214016
2171,traditional,0.010816,22.575104,0.075776,22.661696
2172,traditional,0.010016,22.575104,0.075776,22.660896
2173,traditional,0.010688,22.666240,0.075776,22.752704
2174,traditional,0.010784,22.620160,0.075776,22.706720
2175,traditional,0.008768,22.600704,0.076800,22.686272
2176,traditional,0.009504,22.490112,0.075776,22.575392
2177,traditional,0.008992,22.762496,0.076800,22.848288
2178,traditional,0.011040,22.727680,0.075776,22.814496
2179,traditional,0.010048,22.720512,0.075776,22.806336
2180,traditional,0.010432,22.680576,0.075776,22.766784
2181,traditional,0.010208,22.674432,0.075776,22.760416
2182,traditional,0.010784,22.824960,0.076800,22.912544
2183,traditional,0.010944,22.694912,0.075776,22.781632
2184,traditional,0.009600,22.707200,0.076800,22.793600
2185,traditional,0.010112,22.526976,0.076800,22.613888
2186,traditional,0.010208,22.836224,0.077824,22.924256
2187,traditional,0.008960,22.814720,0.075776,22.899456
2188,traditional,0.010528,22.450176,0.075776,22.536480
2189,traditional,0.009984,22.619136,0.075776,22.704896
2190,traditional,0.008224,21.476352,0.074752,21.559328
2191,traditional,0.009152,21.528576,0.075776,21.613504
2192,traditional,0.008288,21.696512,0.075776,21.780576
2193,traditional,0.009920,21.671936,0.075776,21.757632
2194,traditional,0.008096,21.465088,0.076800,21.549984
2195,traditional,0.008672,21.733376,0.075776,21.817824
2196,traditional,0.010016,21.753856,0.077824,21.841696
2197,traditional,0.009536,21.776384,0.076800,21.862720
2198,traditional,0.009856,22.657024,0.076800,22.743680
2199,traditional,0.009024,21.691392,0.076800,21.777216
2200,traditional,0.009952,21.676032,0.076800,21.762784
2201,traditional,0.008832,21.656576,0.076800,21.742208
2202,traditional,0.009600,21.628928,0.076800,21.715328
2203,traditional,0.008864,21.921792,0.075776,22.006432
2204,traditional,0.008576,21.505024,0.075776,21.589376
2205,traditional,0.008160,21.595136,0.076800,21.680096
2206,traditional,0.009696,21.786624,0.075776,21.872096
2207,traditional,0.009600,21.627904,0.076800,21.714304
2208,traditional,0.008672,21.555200,0.076800,21.640672
2209,traditional,0.011424,21.650432,0.075776,21.737632
2210,traditional,0.008256,21.749760,0.076800,21.834816
2211,traditional,0.008896,21.621760,0.075776,21.706432
2212,traditional,0.012544,21.752832,0.075776,21.841152
2213,traditional,0.009248,21.615616,0.076800,21.701664
2214,traditional,0.010592,21.911552,0.076800,21.998944
2215,traditional,0.009024,21.628928,0.075776,21.713728
2216,traditional,0.009216,21.633024,0.076800,21.719040
2217,traditional,0.008960,21.539840,0.076800,21.625600
2218,traditional,0.009056,21.742592,0.077824,21.829472
2219,traditional,0.009344,21.794816,0.076800,21.880960
2220,traditional,0.010176,22.584320,0.075776,22.670272
2221,traditional,0.009504,21.681152,0.075776,21.766432
2222,traditional,0.009536,21.533696,0.075776,21.619008
2223,traditional,0.009056,21.494784,0.075776,21.579616
2224,traditional,0.009056,21.786624,0.077824,21.873504
2225,traditional,0.010976,21.701632,0.075776,21.788384
2226,traditional,0.008672,21.482496,0.076800,21.567968
2227,traditional,0.008960,21.809152,0.076800,21.894912
2228,traditional,0.009728,21.682176,0.076800,21.768704
2229,traditional,0.008704,21.554176,0.076800,21.639680
2230,traditional,0.009504,21.520384,0.075776,21.605664
2231,traditional,0.008896,21.611520,0.076800,21.697216
2232,traditional,0.010496,21.800960,0.075776,21.887232
2233,traditional,0.009120,21.577728,0.076800,21.663648
2234,traditional,0.008832,21.645312,0.075776,21.729920
2235,traditional,0.009632,21.782528,0.076800,21.868960
2236,traditional,0.009024,21.781504,0.076800,21.867328
2237,traditional,0.008704,21.751808,0.076800,21.837312
2238,traditional,0.008992,22.642688,0.075776,22.727456
2239,traditional,0.015392,21.683200,0.075776,21.774368
2240,traditional,0.008256,21.562368,0.076800,21.647424
2241,traditional,0.009408,21.642240,0.075776,21.727424
2242,traditional,0.009600,21.852160,0.076800,21.938560
2243,traditional,0.008928,21.619712,0.076800,21.705440
2244,traditional,0.009984,21.783552,0.076800,21.870336
2245,traditional,0.009600,21.618688,0.075776,21.704064
2246,traditional,0.009408,21.688320,0.076800,21.774528
2247,traditional,0.009056,21.572608,0.075776,21.657440
2248,traditional,0.009536,21.733376,0.077824,21.820736
2249,traditional,0.009280,21.936128,0.075776,22.021184
2250,traditional,0.007776,21.727232,0.076800,21.811808
2251,traditional,0.008352,21.607424,0.075776,21.691552
2252,traditional,0.008608,21.713920,0.076800,21.799328
2253,traditional,0.009632,21.659648,0.076800,21.746080
2254,traditional,0.009216,21.789696,0.076800,21.875712
2255,traditional,0.010080,21.939200,0.075776,22.025056
2256,traditional,0.009216,22.525952,0.075776,22.610944
2257,traditional,0.009056,21.964800,0.075776,22.049632
2258,traditional,0.009728,21.684224,0.075776,21.769728
2259,traditional,0.008768,21.526528,0.076800,21.612096
2260,traditional,0.015040,21.708800,0.075776,21.799616
2261,traditional,0.009216,21.634048,0.076800,21.720064
2262,traditional,0.007904,21.758976,0.075776,21.842656
2263,traditional,0.009344,21.621760,0.076800,21.707904
2264,traditional,0.009280,21.858304,0.077824,21.945408
2265,traditional,0.008896,21.883904,0.075776,21.968576
2266,traditional,0.010080,21.772288,0.076800,21.859168
2267,traditional,0.009824,21.779456,0.076800,21.866080
2268,traditional,0.012832,21.883904,0.076800,21.973536
2269,traditional,0.008832,21.750784,0.075776,21.835392
2270,traditional,0.008160,21.600256,0.076800,21.685216
2271,traditional,0.008864,21.530624,0.076800,21.616288
2272,traditional,0.008000,21.935104,0.076800,22.019904
2273,traditional,0.009056,21.618688,0.075776,21.703520
2274,traditional,0.009408,21.508096,0.076800,21.594304
2275,traditional,0.008736,21.662720,0.076800,21.748256
2276,traditional,0.010208,21.991424,0.076800,22.078432
2277,traditional,0.008640,21.579776,0.075776,21.664192
2278,traditional,0.009536,21.700608,0.076800,21.786944
2279,traditional,0.008800,21.708800,0.076800,21.794400
2280,traditional,0.009760,21.764096,0.076800,21.850656
2281,traditional,0.009504,21.587968,0.075776,21.673248
2282,traditional,0.009120,21.799936,0.075776,21.884832
2283,traditional,0.009984,22.846464,0.075776,22.932224
2284,traditional,0.008704,21.498880,0.076800,21.584384
2285,traditional,0.011328,22.497280,0.075776,22.584384
2286,traditional,0.009504,21.564416,0.076800,21.650720
2287,traditional,0.008832,21.628928,0.076800,21.714560
2288,traditional,0.009984,22.959104,0.076800,23.045888
2289,traditional,0.009408,21.708800,0.076800,21.795008
2290,traditional,0.013056,21.637120,0.075776,21.725952
2291,traditional,0.009312,21.566464,0.076800,21.652576
2292,traditional,0.009024,22.746112,0.076800,22.831936
2293,traditional,0.009952,21.958656,0.075776,22.044384
2294,traditional,0.008768,21.709824,0.076800,21.795392
2295,traditional,0.009312,22.978560,0.076800,23.064672
2296,traditional,0.009696,22.650880,0.076800,22.737376
2297,traditional,0.008768,22.223872,0.076800,22.309440
2298,traditional,0.009824,21.656576,0.075776,21.742176
2299,traditional,0.009344,21.730304,0.076800,21.816448
2300,traditional,0.008640,21.518336,0.076800,21.603776
2301,traditional,0.009792,21.702656,0.076800,21.789248
2302,traditional,0.009600,22.617088,0.075776,22.702464
2303,traditional,0.010272,22.721536,0.076800,22.808608
2304,traditional,0.008672,21.998592,0.076800,22.084064
2305,traditional,0.009248,21.571584,0.075776,21.656608
2306,traditional,0.008512,21.800960,0.076800,21.886272
2307,traditional,0.008832,21.699584,0.075776,21.784192
2308,traditional,0.008192,21.721088,0.076800,21.806080
2309,traditional,0.009504,21.643264,0.076800,21.729568
2310,traditional,0.009696,21.634048,0.075776,21.719520
2311,traditional,0.009280,21.774336,0.077824,21.861440
2312,traditional,0.009536,22.065152,0.076800,22.151488
2313,traditional,0.009984,21.787648,0.075776,21.873408
2314,traditional,0.007872,21.578752,0.076800,21.663424
2315,traditional,0.009056,21.678080,0.075776,21.762912
2316,traditional,0.009824,21.749760,0.075776,21.835360
2317,traditional,0.009280,21.540864,0.076800,21.626944
2318,traditional,0.008864,22.987776,0.076800,23.073440
2319,traditional,0.009312,21.933056,0.075776,22.018144
2320,traditional,0.007840,21.496832,0.076800,21.581472
2321,traditional,0.009632,21.588992,0.076800,21.675424
2322,traditional,0.011136,21.811200,0.075776,21.898112
2323,traditional,0.010496,22.538240,0.076800,22.625536
2324,traditional,0.009664,21.872640,0.076800,21.959104
2325,traditional,0.008832,21.814272,0.076800,21.899904
2326,traditional,0.009056,21.550080,0.076800,21.635936
2327,traditional,0.008288,21.815296,0.076800,21.900384
2328,traditional,0.009792,21.974016,0.076800,22.060608
2329,traditional,0.013248,21.483520,0.075776,21.572544
2330,traditional,0.009216,21.735424,0.076800,21.821440
2331,traditional,0.020864,21.616640,0.076800,21.714304
2332,traditional,0.009056,21.698560,0.076800,21.784416
2333,traditional,0.008576,22.555648,0.075776,22.640000
2334,traditional,0.009632,21.727232,0.076800,21.813664
2335,traditional,0.008128,21.667840,0.076800,21.752768
2336,traditional,0.009664,21.847040,0.075776,21.932480
2337,traditional,0.009056,21.580800,0.076800,21.666656
2338,traditional,0.009856,22.036480,0.077824,22.124160
2339,traditional,0.009120,21.644288,0.075776,21.729184
2340,traditional,0.009248,21.534720,0.076800,21.620768
2341,traditional,0.012352,21.632000,0.076800,21.721152
2342,traditional,0.008576,21.782528,0.075776,21.866880
2343,traditional,0.009952,21.553152,0.075776,21.638880
2344,traditional,0.007904,21.700608,0.076800,21.785312
2345,traditional,0.009952,21.770240,0.076800,21.856992
2346,traditional,0.009664,22.626304,0.075776,22.711744
2347,traditional,0.008960,21.903360,0.076800,21.989120
2348,traditional,0.008800,21.821440,0.076800,21.907040
2349,traditional,0.009248,21.823488,0.076800,21.909536
2350,traditional,0.009888,22.593536,0.075776,22.679200
2351,traditional,0.009120,21.522432,0.075776,21.607328
2352,traditional,0.008672,21.637120,0.076800,21.722592
2353,traditional,0.009312,21.816320,0.076800,21.902432
2354,traditional,0.007712,21.579776,0.075776,21.663264
2355,traditional,0.017152,21.837824,0.076800,21.931776
2356,traditional,0.009088,22.899712,0.075776,22.984576
2357,traditional,0.008576,21.506048,0.075776,21.590400
2358,traditional,0.009440,22.670336,0.076800,22.756576
2359,traditional,0.008832,21.814272,0.075776,21.898880
2360,traditional,0.009376,21.728256,0.075776,21.813408
2361,traditional,0.009440,21.841920,0.076800,21.928160
2362,traditional,0.010176,21.658624,0.075776,21.744576
2363,traditional,0.009088,21.521408,0.075776,21.606272
2364,traditional,0.009184,21.713920,0.076800,21.799904
2365,traditional,0.009888,21.915648,0.075776,22.001312
2366,traditional,0.009408,21.744640,0.076800,21.830848
2367,traditional,0.008864,21.705728,0.075776,21.790368
2368,traditional,0.009184,21.607424,0.076800,21.693408
2369,traditional,0.009472,21.848064,0.076800,21.934336
2370,traditional,0.009504,21.693440,0.075776,21.778720
2371,traditional,0.009856,22.536192,0.076800,22.622848
2372,traditional,0.008704,21.623808,0.075776,21.708288
2373,traditional,0.008704,21.486592,0.076800,21.572096
2374,traditional,0.009376,22.377472,0.075776,22.462624
2375,traditional,0.008576,21.671936,0.076800,21.757312
2376,traditional,0.008608,21.740544,0.076800,21.825952
2377,traditional,0.008704,21.844992,0.076800,21.930496
2378,traditional,0.009216,22.450176,0.075776,22.535168
2379,traditional,0.009024,21.914624,0.076800,22.000448
2380,traditional,0.009120,21.835776,0.075776,21.920672
2381,traditional,0.009664,21.707776,0.076800,21.794240
2382,traditional,0.009056,22.502400,0.075776,22.587232
2383,traditional,0.010752,22.902784,0.075776,22.989312
2384,traditional,0.007680,21.778432,0.075776,21.861888
2385,traditional,0.009760,21.689344,0.076800,21.775904
2386,traditional,0.009024,21.525504,0.076800,21.611328
2387,traditional,0.009888,21.818368,0.076800,21.905056
2388,traditional,0.009888,21.640192,0.075776,21.725856
2389,traditional,0.009248,21.742592,0.076800,21.828640
2390,traditional,0.009088,21.688320,0.075776,21.773184
2391,traditional,0.009312,21.672960,0.076800,21.759072
2392,traditional,0.011264,21.829632,0.076800,21.917696
2393,traditional,0.009440,22.780928,0.075776,22.866144
2394,traditional,0.010400,22.780928,0.075776,22.867104
2395,traditional,0.008960,21.838848,0.075776,21.923584
2396,traditional,0.009536,21.660672,0.075776,21.745984
2397,traditional,0.009728,21.475328,0.074752,21.559808
2398,traditional,0.009728,21.653504,0.075776,21.739008
2399,traditional,0.009312,21.611520,0.075776,21.696608
2400,traditional,0.010080,21.686272,0.075776,21.772128
2401,traditional,0.009984,21.504000,0.075776,21.589760
2402,traditional,0.009024,21.753856,0.075776,21.838656
2403,traditional,0.009568,21.668864,0.075776,21.754208
2404,traditional,0.008448,21.450752,0.074752,21.533952
2405,traditional,0.008896,21.583872,0.075776,21.668544
2406,traditional,0.009376,21.582848,0.075776,21.668000
2407,traditional,0.009792,21.633024,0.075776,21.718592
2408,traditional,0.010016,21.703680,0.076800,21.790496
2409,traditional,0.009792,21.649408,0.075776,21.734976
2410,traditional,0.009696,21.741568,0.075776,21.827040
2411,traditional,0.009024,21.756928,0.075776,21.841728
2412,traditional,0.009568,21.579776,0.075776,21.665120
2413,traditional,0.008864,21.603328,0.075776,21.687968
2414,traditional,0.009056,21.519360,0.075776,21.604192
2415,traditional,0.008800,21.622784,0.075776,21.707360
2416,traditional,0.009376,21.732352,0.075776,21.817504
2417,traditional,0.009312,21.499904,0.075776,21.584992
2418,traditional,0.009184,21.648384,0.075776,21.733344
2419,traditional,0.008544,21.581824,0.075776,21.666144
2420,traditional,0.009472,21.712896,0.075776,21.798144
2421,traditional,0.009440,21.678080,0.076800,21.764320
2422,traditional,0.008928,21.635072,0.076800,21.720800
2423,traditional,0.009248,21.744640,0.076800,21.830688
2424,traditional,0.007776,21.700608,0.076800,21.785184
2425,traditional,0.008928,21.673984,0.075776,21.758688
2426,traditional,0.009376,21.747712,0.075776,21.832864
2427,traditional,0.009152,21.714944,0.076800,21.800896
2428,traditional,0.008352,21.655552,0.076800,21.740704
2429,traditional,0.013664,21.632000,0.075776,21.721440
2430,traditional,0.008192,21.750784,0.075776,21.834752
2431,traditional,0.008896,21.679104,0.076800,21.764800
2432,traditional,0.009248,21.978112,0.075776,22.063136
2433,traditional,0.009440,21.769216,0.076800,21.855456
2434,traditional,0.009312,21.843968,0.076800,21.930080
2435,traditional,0.009088,21.919744,0.076800,22.005632
2436,traditional,0.009248,21.547008,0.075776,21.632032
2437,traditional,0.009024,21.622784,0.075776,21.707584
2438,traditional,0.009088,21.758976,0.075776,21.843840
2439,traditional,0.008960,21.664768,0.075776,21.749504
2440,traditional,0.009632,21.721088,0.076800,21.807520
2441,traditional,0.009696,21.797888,0.076800,21.884384
2442,traditional,0.009216,21.839872,0.076800,21.925888
2443,traditional,0.009664,21.798912,0.076800,21.885376
2444,traditional,0.007872,21.499904,0.075776,21.583552
2445,traditional,0.008864,21.544960,0.075776,21.629600
2446,traditional,0.008704,21.826560,0.076800,21.912064
2447,traditional,0.009440,22.874112,0.075776,22.959328
2448,traditional,0.009920,22.619136,0.075776,22.704832
2449,traditional,0.008672,22.776832,0.075776,22.861280
2450,traditional,0.009152,22.688768,0.075776,22.773696
2451,traditional,0.008544,22.999040,0.075776,23.083360
2452,traditional,0.008000,22.690816,0.075776,22.774592
2453,traditional,0.010176,22.755328,0.076800,22.842304
2454,traditional,0.011008,22.623232,0.075776,22.710016
2455,traditional,0.013792,22.580224,0.075776,22.669792
2456,traditional,0.008448,22.667264,0.076800,22.752512
2457,traditional,0.010144,22.771712,0.076800,22.858656
2458,traditional,0.010688,22.642688,0.076800,22.730176
2459,traditional,0.010624,22.554624,0.075776,22.641024
2460,traditional,0.010560,22.648832,0.075776,22.735168
2461,traditional,0.010368,22.904832,0.075776,22.990976
2462,traditional,0.010624,22.581248,0.075776,22.667648
2463,traditional,0.010464,22.829056,0.076800,22.916320
2464,traditional,0.010176,22.751232,0.075776,22.837184
2465,traditional,0.009728,22.671360,0.075776,22.756864
2466,traditional,0.010464,22.653952,0.077824,22.742240
2467,traditional,0.010784,23.077888,0.075776,23.164448
2468,traditional,0.010080,22.646784,0.075776,22.732640
2469,traditional,0.010688,22.748160,0.076800,22.835648
2470,traditional,0.010016,22.861824,0.076800,22.948640
2471,traditional,0.009856,22.697984,0.076800,22.784640
2472,traditional,0.008512,22.963200,0.076800,23.048512
2473,traditional,0.010592,22.864896,0.075776,22.951264
2474,traditional,0.009376,22.642688,0.075776,22.727840
2475,traditional,0.009888,22.565888,0.075776,22.651552
2476,traditional,0.010432,22.638592,0.076800,22.725824
2477,traditional,0.008960,22.657024,0.076800,22.742784
2478,traditional,0.010240,22.617088,0.075776,22.703104
2479,traditional,0.009696,23.030784,0.077824,23.118304
2480,traditional,0.010048,22.892544,0.075776,22.978368
2481,traditional,0.010400,22.807552,0.075776,22.893728
2482,traditional,0.010688,22.833152,0.076800,22.920640
2483,traditional,0.010240,22.619136,0.075776,22.705152
2484,traditional,0.010496,22.732800,0.076800,22.820096
2485,traditional,0.010112,22.736896,0.075776,22.822784
2486,traditional,0.009664,22.951936,0.076800,23.038400
2487,traditional,0.009600,22.763520,0.075776,22.848896
2488,traditional,0.010464,22.555648,0.075776,22.641888
2489,traditional,0.009280,22.609920,0.076800,22.696000
2490,traditional,0.008608,22.576128,0.075776,22.660512
2491,traditional,0.010336,22.723584,0.076800,22.810720
2492,traditional,0.010208,23.132160,0.076800,23.219168
2493,traditional,0.016320,22.630400,0.075776,22.722496
2494,traditional,0.010240,22.460416,0.076800,22.547456
2495,traditional,0.009280,22.622208,0.076800,22.708288
2496,traditional,0.010752,22.921216,0.075776,23.007744
2497,traditional,0.010304,22.974464,0.076800,23.061568
2498,traditional,0.009984,22.637568,0.076800,22.724352
2499,traditional,0.010048,22.626304,0.076800,22.713152
2500,traditional,0.009280,22.786048,0.077824,22.873152
2501,traditional,0.010784,22.914048,0.077824,23.002656
2502,traditional,0.010464,22.896640,0.076800,22.983904
2503,traditional,0.009760,22.755328,0.076800,22.841888
2504,traditional,0.010240,22.600704,0.075776,22.686720
2505,traditional,0.010112,22.692864,0.075776,22.778752
2506,traditional,0.010208,22.662144,0.075776,22.748128
2507,traditional,0.010144,22.906880,0.076800,22.993824
2508,traditional,0.010272,22.850560,0.076800,22.937632
2509,traditional,0.010016,22.791168,0.076800,22.877984
2510,traditional,0.009600,22.765568,0.075776,22.850944
2511,traditional,0.010112,22.518784,0.075776,22.604672
2512,traditional,0.009376,22.653952,0.076800,22.740128
2513,traditional,0.009568,22.536192,0.075776,22.621536
2514,traditional,0.010400,22.817792,0.076800,22.904992
2515,traditional,0.009440,22.620160,0.075776,22.705376
2516,traditional,0.009664,22.471680,0.076800,22.558144
2517,traditional,0.009088,22.755328,0.076800,22.841216
2518,traditional,0.012704,22.666240,0.076800,22.755744
2519,traditional,0.009920,22.754304,0.077824,22.842048
2520,traditional,0.010720,22.714368,0.076800,22.801888
2521,traditional,0.010688,22.673408,0.075776,22.759872
2522,traditional,0.010752,22.999040,0.076800,23.086592
2523,traditional,0.009632,22.372352,0.076800,22.458784
2524,traditional,0.010112,22.832128,0.076800,22.919040
2525,traditional,0.011488,22.675456,0.075776,22.762720
2526,traditional,0.009984,22.877184,0.076800,22.963968
2527,traditional,0.008672,22.707200,0.076800,22.792672
2528,traditional,0.010144,22.472704,0.076800,22.559648
2529,traditional,0.011008,23.078912,0.076800,23.166720
2530,traditional,0.010400,22.671360,0.075776,22.757536
2531,traditional,0.009664,22.606848,0.076800,22.693312
2532,traditional,0.009440,22.840320,0.075776,22.925536
2533,traditional,0.012192,23.024640,0.076800,23.113632
2534,traditional,0.010688,22.778880,0.076800,22.866368
2535,traditional,0.010368,22.719488,0.076800,22.806656
2536,traditional,0.008992,22.866944,0.076800,22.952736
2537,traditional,0.011584,22.470656,0.076800,22.559040
2538,traditional,0.010496,22.824960,0.075776,22.911232
2539,traditional,0.010240,22.770688,0.075776,22.856704
2540,traditional,0.010848,22.736896,0.076800,22.824544
2541,traditional,0.010240,22.813696,0.076800,22.900736
2542,traditional,0.009760,22.548480,0.077824,22.636064
2543,traditional,0.009152,23.170048,0.076800,23.256000
2544,traditional,0.010144,22.812672,0.076800,22.899616
2545,traditional,0.010816,22.490112,0.075776,22.576704
2546,traditional,0.010496,22.577152,0.075776,22.663424
2547,traditional,0.008992,22.536192,0.076800,22.621984
2548,traditional,0.010144,22.845440,0.076800,22.932384
2549,traditional,0.009984,22.971392,0.077824,23.059200
2550,traditional,0.010464,22.857728,0.075776,22.943968
2551,traditional,0.010176,22.791168,0.074752,22.876096
2552,traditional,0.010272,22.873088,0.075776,22.959136
2553,traditional,0.010464,22.498304,0.076800,22.585568
2554,traditional,0.009984,22.713344,0.076800,22.800128
2555,traditional,0.009088,22.623232,0.075776,22.708096
2556,traditional,0.010240,22.732800,0.076800,22.819840
2557,traditional,0.010144,23.001088,0.075776,23.087008
2558,traditional,0.011360,22.514688,0.076800,22.602848
2559,traditional,0.010048,22.544384,0.075776,22.630208
2560,traditional,0.009888,22.743040,0.076800,22.829728
2561,traditional,0.010912,22.688768,0.076800,22.776480
2562,traditional,0.010240,22.717440,0.075776,22.803456
2563,traditional,0.011584,22.580224,0.077824,22.669632
2564,traditional,0.010848,22.853632,0.076800,22.941280
2565,traditional,0.008640,23.152640,0.076800,23.238080
2566,traditional,0.008928,22.644736,0.075776,22.729440
2567,traditional,0.011136,22.611968,0.075776,22.698880
2568,traditional,0.010432,22.836224,0.076800,22.923456
2569,traditional,0.010912,22.695936,0.076800,22.783648
2570,traditional,0.010304,22.473728,0.075776,22.559808
2571,traditional,0.010528,23.194624,0.076800,23.281952
2572,traditional,0.010048,22.743040,0.075776,22.828864
2573,traditional,0.009280,22.573056,0.076800,22.659136
2574,traditional,0.010496,22.888448,0.076800,22.975744
2575,traditional,0.010880,22.597632,0.075776,22.684288
2576,traditional,0.010400,22.961152,0.076800,23.048352
2577,traditional,0.010880,22.575104,0.076800,22.662784
2578,traditional,0.010208,22.814720,0.076800,22.901728
2579,traditional,0.011040,22.917120,0.076800,23.004960
2580,traditional,0.010976,22.625280,0.075776,22.712032
2581,traditional,0.009952,22.559744,0.076800,22.646496
2582,traditional,0.008960,22.876160,0.077824,22.962944
2583,traditional,0.009664,22.861824,0.076800,22.948288
2584,traditional,0.008768,22.402048,0.075776,22.486592
2585,traditional,0.009088,22.857728,0.075776,22.942592
2586,traditional,0.008672,21.702656,0.075776,21.787104
2587,traditional,0.008800,21.662720,0.076800,21.748320
2588,traditional,0.008544,21.693440,0.075776,21.777760
2589,traditional,0.008608,21.775360,0.076800,21.860768
2590,traditional,0.009088,21.638144,0.076800,21.724032
2591,traditional,0.009184,21.791744,0.076800,21.877728
2592,traditional,0.008032,21.641216,0.075776,21.725024
2593,traditional,0.009344,21.486592,0.075776,21.571712
2594,traditional,0.008960,21.923840,0.077824,22.010624
2595,traditional,0.009472,22.094848,0.075776,22.180096
2596,traditional,0.009504,21.713920,0.075776,21.799200
2597,traditional,0.009632,22.682624,0.075776,22.768032
2598,traditional,0.008672,21.813248,0.075776,21.897696
2599,traditional,0.008192,21.561344,0.076800,21.646336
2600,traditional,0.008928,21.678080,0.075776,21.762784
2601,traditional,0.009792,21.785600,0.076800,21.872192
2602,traditional,0.009216,21.662720,0.075776,21.747712
2603,traditional,0.009024,22.727680,0.075776,22.812480
2604,traditional,0.008640,21.721088,0.077824,21.807552
2605,traditional,0.009632,21.843968,0.077824,21.931424
2606,traditional,0.007904,21.944320,0.076800,22.029024
2607,traditional,0.009728,21.986304,0.076800,22.072832
2608,traditional,0.012800,22.583296,0.075776,22.671872
2609,traditional,0.009408,21.795840,0.075776,21.881024
2610,traditional,0.009504,21.681152,0.076800,21.767456
2611,traditional,0.008064,21.770240,0.076800,21.855104
2612,traditional,0.009824,22.722560,0.076800,22.809184
2613,traditional,0.007808,21.676032,0.077824,21.761664
2614,traditional,0.010176,23.022592,0.075776,23.108544
2615,traditional,0.009216,21.864448,0.076800,21.950464
2616,traditional,0.015616,21.571584,0.075776,21.662976
2617,traditional,0.010176,22.740992,0.076800,22.827968
2618,traditional,0.009728,22.428672,0.074752,22.513152
2619,traditional,0.010144,21.606400,0.075776,21.692320
2620,traditional,0.008128,21.757952,0.076800,21.842880
2621,traditional,0.009024,21.624832,0.075776,21.709632
2622,traditional,0.009344,21.773312,0.075776,21.858432
2623,traditional,0.009824,21.804032,0.076800,21.890656
2624,traditional,0.009856,22.630400,0.075776,22.716032
2625,traditional,0.009248,21.630976,0.076800,21.717024
2626,traditional,0.008928,21.821440,0.075776,21.906144
2627,traditional,0.008800,22.409216,0.075776,22.493792
2628,traditional,0.008288,21.681152,0.076800,21.766240
2629,traditional,0.009440,21.630976,0.075776,21.716192
2630,traditional,0.009056,21.714944,0.075776,21.799776
2631,traditional,0.009504,22.757376,0.075776,22.842656
2632,traditional,0.009312,21.737472,0.075776,21.822560
2633,traditional,0.009088,22.043648,0.077824,22.130560
2634,traditional,0.009952,21.617664,0.075776,21.703392
2635,traditional,0.009152,21.780480,0.076800,21.866432
2636,traditional,0.009792,22.747136,0.077824,22.834752
2637,traditional,0.009792,23.006208,0.077824,23.093824
2638,traditional,0.009344,22.054912,0.077824,22.142080
2639,traditional,0.013280,21.935104,0.076800,22.025184
2640,traditional,0.009888,22.224896,0.077824,22.312608
2641,traditional,0.008864,21.983232,0.077824,22.069920
2642,traditional,0.008160,21.827584,0.077824,21.913568
2643,traditional,0.009600,21.895168,0.077824,21.982592
2644,traditional,0.008960,21.934080,0.077824,22.020864
2645,traditional,0.009376,21.918720,0.077824,22.005920
2646,traditional,0.009344,22.238208,0.077824,22.325376
2647,traditional,0.009984,22.125568,0.077824,22.213376
2648,traditional,0.009056,21.975040,0.077824,22.061920
2649,traditional,0.009568,21.881856,0.077824,21.969248
2650,traditional,0.010048,22.037504,0.077824,22.125376
2651,traditional,0.009440,21.816320,0.077824,21.903584
2652,traditional,0.009024,22.076416,0.076800,22.162240
2653,traditional,0.009056,21.902336,0.077824,21.989216
2654,traditional,0.008992,21.976064,0.076800,22.061856
2655,traditional,0.008736,21.963776,0.076800,22.049312
2656,traditional,0.008928,21.871616,0.076800,21.957344
2657,traditional,0.009056,22.128640,0.077824,22.215520
2658,traditional,0.009184,22.074368,0.077824,22.161376
2659,traditional,0.008960,21.859328,0.077824,21.946112
2660,traditional,0.009856,23.127040,0.077824,23.214720
2661,traditional,0.009376,22.140928,0.077824,22.228128
2662,traditional,0.009344,21.968896,0.076800,22.055040
2663,traditional,0.009376,21.881856,0.077824,21.969056
2664,traditional,0.009728,21.976064,0.076800,22.062592
2665,traditional,0.010016,22.065152,0.077824,22.152992
2666,traditional,0.012064,22.057984,0.077824,22.147872
2667,traditional,0.009696,22.896640,0.077824,22.984160
2668,traditional,0.010176,22.003712,0.076800,22.090688
2669,traditional,0.022144,23.050240,0.077824,23.150208
2670,traditional,0.009312,21.918720,0.076800,22.004832
2671,traditional,0.009728,22.102016,0.076800,22.188544
2672,traditional,0.008064,21.977088,0.077824,22.062976
2673,traditional,0.009088,21.903360,0.077824,21.990272
2674,traditional,0.009536,21.893120,0.077824,21.980480
2675,traditional,0.008800,22.138880,0.077824,22.225504
2676,traditional,0.009536,22.041600,0.077824,22.128960
2677,traditional,0.009312,22.002688,0.077824,22.089824
2678,traditional,0.009664,22.068224,0.077824,22.155712
2679,traditional,0.009632,21.936128,0.077824,22.023584
2680,traditional,0.009408,21.931008,0.077824,22.018240
2681,traditional,0.009344,22.154240,0.077824,22.241408
2682,traditional,0.009344,21.888000,0.076800,21.974144
2683,traditional,0.010112,21.972992,0.076800,22.059904
2684,traditional,0.007840,22.033408,0.077824,22.119072
2685,traditional,0.008800,22.003712,0.077824,22.090336
2686,traditional,0.009152,21.968896,0.077824,22.055872
2687,traditional,0.009440,22.910976,0.076800,22.997216
2688,traditional,0.009408,21.964800,0.076800,22.051008
2689,traditional,0.009312,22.020096,0.077824,22.107232
2690,traditional,0.009536,22.049792,0.076800,22.136128
2691,traditional,0.009728,21.966848,0.077824,22.054400
2692,traditional,0.008000,22.151168,0.077824,22.236992
2693,traditional,0.008544,21.938176,0.076800,22.023520
2694,traditional,0.016320,22.034432,0.077824,22.128576
2695,traditional,0.009024,22.099968,0.077824,22.186816
2696,traditional,0.009024,21.937152,0.077824,22.024000
2697,traditional,0.009664,21.977088,0.077824,22.064576
2698,traditional,0.009408,22.002688,0.077824,22.089920
2699,traditional,0.010016,23.073792,0.076800,23.160608
2700,traditional,0.007968,21.946368,0.077824,22.032160
2701,traditional,0.009152,21.968896,0.077824,22.055872
2702,traditional,0.009472,21.895168,0.076800,21.981440
2703,traditional,0.008736,21.903360,0.076800,21.988896
2704,traditional,0.009952,22.728704,0.075776,22.814432
2705,traditional,0.009024,21.743616,0.076800,21.829440
2706,traditional,0.007776,21.781504,0.075776,21.865056
2707,traditional,0.009024,21.748736,0.074752,21.832512
2708,traditional,0.007936,21.619712,0.074752,21.702400
2709,traditional,0.009312,21.665792,0.076800,21.751904
2710,traditional,0.009344,21.528576,0.074752,21.612672
2711,traditional,0.009184,21.444608,0.074752,21.528544
2712,traditional,0.009248,21.583872,0.075776,21.668896
2713,traditional,0.010976,21.670912,0.075776,21.757664
2714,traditional,0.009280,21.570560,0.075776,21.655616
2715,traditional,0.008960,21.526528,0.074752,21.610240
2716,traditional,0.008672,21.566464,0.074752,21.649888
2717,traditional,0.009312,21.758976,0.076800,21.845088
2718,traditional,0.009440,21.752832,0.075776,21.838048
2719,traditional,0.009696,21.521408,0.076800,21.607904
2720,traditional,0.009376,22.771712,0.078848,22.859936
2721,traditional,0.009344,21.917696,0.077824,22.004864
2722,traditional,0.010080,22.157312,0.077824,22.245216
2723,traditional,0.008864,22.100992,0.077824,22.187680
2724,traditional,0.009696,21.984256,0.077824,22.071776
2725,traditional,0.009568,22.041600,0.077824,22.128992
2726,traditional,0.009568,21.953536,0.077824,22.040928
2727,traditional,0.010080,21.884928,0.077824,21.972832
2728,traditional,0.009664,22.995968,0.077824,23.083456
2729,traditional,0.008992,22.936576,0.077824,23.023392
2730,traditional,0.009344,22.000640,0.076800,22.086784
2731,traditional,0.009344,21.900288,0.077824,21.987456
2732,traditional,0.008576,22.023168,0.077824,22.109568
2733,traditional,0.009536,22.021120,0.077824,22.108480
2734,traditional,0.009792,22.002688,0.076800,22.089280
2735,traditional,0.010080,22.035456,0.077824,22.123360
2736,traditional,0.009376,21.955584,0.077824,22.042784
2737,traditional,0.009280,22.023168,0.076800,22.109248
2738,traditional,0.010080,22.895616,0.077824,22.983520
2739,traditional,0.008864,21.968896,0.077824,22.055584
2740,traditional,0.009344,21.979136,0.077824,22.066304
2741,traditional,0.010016,22.136832,0.076800,22.223648
2742,traditional,0.009728,21.960704,0.077824,22.048256
2743,traditional,0.008736,21.942272,0.077824,22.028832
2744,traditional,0.009920,21.832704,0.077824,21.920448
2745,traditional,0.009632,22.073344,0.077824,22.160800
2746,traditional,0.009568,21.978112,0.077824,22.065504
2747,traditional,0.008544,21.989376,0.077824,22.075744
2748,traditional,0.008960,23.156736,0.077824,23.243520
2749,traditional,0.009312,21.963776,0.076800,22.049888
2750,traditional,0.009984,23.221248,0.077824,23.309056
2751,traditional,0.009312,22.144000,0.077824,22.231136
2752,traditional,0.009664,21.909504,0.077824,21.996992
2753,traditional,0.008320,21.948416,0.076800,22.033536
2754,traditional,0.008640,21.831680,0.077824,21.918144
2755,traditional,0.008800,22.085632,0.077824,22.172256
2756,traditional,0.009792,21.959680,0.077824,22.047296
2757,traditional,0.009568,21.862400,0.076800,21.948768
2758,traditional,0.008928,21.957632,0.077824,22.044384
2759,traditional,0.008768,21.849088,0.077824,21.935680
2760,traditional,0.008352,21.940224,0.077824,22.026400
2761,traditional,0.010272,22.893568,0.077824,22.981664
2762,traditional,0.008992,21.957632,0.077824,22.044448
2763,traditional,0.010592,23.150592,0.076800,23.237984
2764,traditional,0.009344,21.986304,0.077824,22.073472
2765,traditional,0.009088,21.913600,0.077824,22.000512
2766,traditional,0.009824,22.108160,0.077824,22.195808
2767,traditional,0.008064,21.891072,0.076800,21.975936
2768,traditional,0.008832,21.983232,0.076800,22.068864
2769,traditional,0.009280,21.965824,0.077824,22.052928
2770,traditional,0.009088,22.050816,0.077824,22.137728
2771,traditional,0.009024,22.065152,0.077824,22.152000
2772,traditional,0.008256,21.927936,0.076800,22.012992
2773,traditional,0.009472,22.085632,0.077824,22.172928
2774,traditional,0.009056,22.182912,0.077824,22.269792
2775,traditional,0.009184,22.030336,0.077824,22.117344
2776,traditional,0.009408,22.041600,0.077824,22.128832
2777,traditional,0.009312,22.053888,0.077824,22.141024
2778,traditional,0.009280,21.956608,0.077824,22.043712
2779,traditional,0.009248,22.067200,0.076800,22.153248
2780,traditional,0.008736,22.023168,0.076800,22.108704
2781,traditional,0.009504,21.957632,0.077824,22.044960
2782,traditional,0.012192,22.141952,0.077824,22.231968
2783,traditional,0.009344,22.076416,0.077824,22.163584
2784,traditional,0.009504,22.063104,0.077824,22.150432
2785,traditional,0.009248,21.975040,0.076800,22.061088
2786,traditional,0.009504,21.947392,0.077824,22.034720
2787,traditional,0.008096,21.954560,0.077824,22.040480
2788,traditional,0.009728,22.003712,0.076800,22.090240
2789,traditional,0.009536,21.897216,0.076800,21.983552
2790,traditional,0.009600,21.962752,0.077824,22.050176
2791,traditional,0.009504,21.909504,0.076800,21.995808
2792,traditional,0.007744,22.050816,0.076800,22.135360
2793,traditional,0.009184,22.012928,0.076800,22.098912
2794,traditional,0.008704,21.938176,0.077824,22.024704
2795,traditional,0.009568,21.980160,0.076800,22.066528
2796,traditional,0.010112,21.934080,0.077824,22.022016
2797,traditional,0.010080,22.139904,0.077824,22.227808
2798,traditional,0.012448,21.983232,0.077824,22.073504
2799,traditional,0.009152,21.896192,0.077824,21.983168
2800,traditional,0.009312,22.188032,0.077824,22.275168
2801,traditional,0.009728,21.955584,0.077824,22.043136
2802,traditional,0.008896,21.891072,0.077824,21.977792
2803,traditional,0.010016,21.882880,0.077824,21.970720
2804,traditional,0.009312,21.943296,0.077824,22.030432
2805,traditional,0.009312,21.914624,0.077824,22.001760
2806,traditional,0.009504,21.947392,0.077824,22.034720
2807,traditional,0.009088,21.949440,0.077824,22.036352
2808,traditional,0.009312,21.846016,0.076800,21.932128
2809,traditional,0.009280,22.019072,0.076800,22.105152
2810,traditional,0.008640,22.047744,0.076800,22.133184
2811,traditional,0.008832,21.880832,0.077824,21.967488
2812,traditional,0.007744,22.164480,0.076800,22.249024
2813,traditional,0.010592,21.991424,0.077824,22.079840
2814,traditional,0.009440,21.984256,0.076800,22.070496
2815,traditional,0.009600,21.880832,0.077824,21.968256
2816,traditional,0.009248,22.138880,0.076800,22.224928
2817,traditional,0.009984,21.959680,0.076800,22.046464
2818,traditional,0.008640,21.864448,0.076800,21.949888
2819,traditional,0.009888,22.098944,0.077824,22.186656
2820,traditional,0.009856,21.956608,0.076800,22.043264
2821,traditional,0.008832,21.967872,0.077824,22.054528
2822,traditional,0.008736,21.960704,0.077824,22.047264
2823,traditional,0.009248,21.946368,0.077824,22.033440
2824,traditional,0.009088,21.893120,0.077824,21.980032
2825,traditional,0.009152,21.922816,0.076800,22.008768
2826,traditional,0.008864,21.995520,0.077824,22.082208
2827,traditional,0.009312,21.963776,0.077824,22.050912
2828,traditional,0.009120,21.905408,0.077824,21.992352
2829,traditional,0.009600,22.045696,0.076800,22.132096
2830,traditional,0.008992,21.889024,0.077824,21.975840
2831,traditional,0.009376,22.065152,0.077824,22.152352
2832,traditional,0.009792,21.858304,0.076800,21.944896
2833,traditional,0.008800,21.954560,0.076800,22.040160
2834,traditional,0.008960,21.917696,0.077824,22.004480
2835,traditional,0.008992,21.967872,0.076800,22.053664
2836,traditional,0.009184,21.884928,0.077824,21.971936
2837,traditional,0.009344,21.753856,0.077824,21.841024
2838,traditional,0.009184,22.108160,0.076800,22.194144
2839,traditional,0.010016,21.977088,0.077824,22.064928
2840,traditional,0.009728,21.988352,0.076800,22.074880
2841,traditional,0.008672,21.977088,0.076800,22.062560
2842,traditional,0.008864,22.059008,0.077824,22.145696
2843,traditional,0.008928,21.964800,0.077824,22.051552
2844,traditional,0.018080,21.863424,0.077824,21.959328
2845,traditional,0.009504,21.741568,0.077824,21.828896
2846,traditional,0.009920,21.876736,0.077824,21.964480
2847,traditional,0.009248,21.972992,0.077824,22.060064
2848,traditional,0.009440,21.937152,0.076800,22.023392
2849,traditional,0.010080,21.941248,0.077824,22.029152
2850,traditional,0.009632,22.154240,0.077824,22.241696
2851,traditional,0.009568,22.050816,0.077824,22.138208
2852,traditional,0.009760,21.883904,0.076800,21.970464
2853,traditional,0.009120,21.682176,0.076800,21.768096
2854,traditional,0.009504,21.853184,0.076800,21.939488
2855,traditional,0.009408,22.130688,0.075776,22.215872
2856,traditional,0.009728,21.583872,0.075776,21.669376
2857,traditional,0.008896,21.801984,0.076800,21.887680
2858,traditional,0.008640,21.910528,0.076800,21.995968
2859,traditional,0.009152,21.846016,0.076800,21.931968
2860,traditional,0.009120,21.987328,0.077824,22.074272
2861,traditional,0.009376,21.927936,0.075776,22.013088
2862,traditional,0.009632,21.692416,0.076800,21.778848
2863,traditional,0.008832,21.781504,0.077824,21.868160
2864,traditional,0.008864,21.817344,0.076800,21.903008
2865,traditional,0.009728,21.639168,0.075776,21.724672
2866,traditional,0.009376,21.868544,0.077824,21.955744
2867,traditional,0.008608,21.795840,0.076800,21.881248
2868,traditional,0.009568,21.838848,0.077824,21.926240
2869,traditional,0.009056,21.841920,0.076800,21.927776
2870,traditional,0.008800,21.905408,0.076800,21.991008
2871,traditional,0.009824,21.781504,0.076800,21.868128
2872,traditional,0.008800,21.893120,0.075776,21.977696
2873,traditional,0.008768,21.662720,0.075776,21.747264
2874,traditional,0.008992,21.719040,0.075776,21.803808
2875,traditional,0.009696,22.013952,0.076800,22.100448
2876,traditional,0.009088,21.775360,0.076800,21.861248
2877,traditional,0.009056,21.614592,0.075776,21.699424
2878,traditional,0.009664,21.945344,0.075776,22.030784
2879,traditional,0.008704,21.611520,0.076800,21.697024
2880,traditional,0.013248,21.795840,0.077824,21.886912
2881,traditional,0.009568,21.984256,0.077824,22.071648
2882,traditional,0.009536,21.858304,0.077824,21.945664
2883,traditional,0.009504,22.104064,0.078848,22.192416
2884,traditional,0.009024,21.844992,0.076800,21.930816
2885,traditional,0.008736,22.066176,0.076800,22.151712
2886,traditional,0.008896,21.897216,0.075776,21.981888
2887,traditional,0.009664,21.768192,0.076800,21.854656
2888,traditional,0.008192,21.782528,0.077824,21.868544
2889,traditional,0.009440,22.073344,0.078848,22.161632
2890,traditional,0.009664,21.881856,0.077824,21.969344
2891,traditional,0.008960,21.897216,0.077824,21.984000
2892,traditional,0.009440,21.890048,0.077824,21.977312
2893,traditional,0.009024,22.068224,0.077824,22.155072
2894,traditional,0.009184,22.121472,0.076800,22.207456
2895,traditional,0.008896,21.903360,0.077824,21.990080
2896,traditional,0.009376,21.847040,0.076800,21.933216
2897,traditional,0.008416,21.885952,0.077824,21.972192
2898,traditional,0.009344,22.042624,0.076800,22.128768
2899,traditional,0.008416,21.984256,0.075776,22.068448
2900,traditional,0.008896,21.854208,0.075776,21.938880
2901,traditional,0.008736,21.829632,0.076800,21.915168
2902,traditional,0.009024,21.805056,0.075776,21.889856
2903,traditional,0.008864,21.725184,0.076800,21.810848
2904,traditional,0.008672,21.586944,0.075776,21.671392
2905,traditional,0.009408,21.999616,0.076800,22.085824
2906,traditional,0.008832,21.904384,0.076800,21.990016
2907,traditional,0.009344,21.733376,0.076800,21.819520
2908,traditional,0.007840,21.945344,0.077824,22.031008
2909,traditional,0.009824,22.020096,0.077824,22.107744
2910,traditional,0.009600,21.906432,0.077824,21.993856
2911,traditional,0.009632,21.957632,0.077824,22.045088
2912,traditional,0.008992,22.018048,0.077824,22.104864
2913,traditional,0.009120,21.862400,0.076800,21.948320
2914,traditional,0.008928,21.870592,0.076800,21.956320
2915,traditional,0.010144,21.793792,0.075776,21.879712
2916,traditional,0.009952,21.774336,0.075776,21.860064
2917,traditional,0.009376,21.696512,0.075776,21.781664
2918,traditional,0.008480,21.851136,0.076800,21.936416
2919,traditional,0.021600,21.839872,0.075776,21.937248
2920,traditional,0.009472,21.580800,0.076800,21.667072
2921,traditional,0.008128,21.653504,0.077824,21.739456
2922,traditional,0.010144,21.664768,0.076800,21.751712
2923,traditional,0.009152,21.623808,0.076800,21.709760
2924,traditional,0.010080,21.640192,0.076800,21.727072
2925,traditional,0.009984,21.950464,0.076800,22.037248
2926,traditional,0.009728,21.614592,0.077824,21.702144
2927,traditional,0.008704,21.728256,0.076800,21.813760
2928,traditional,0.009120,21.720064,0.076800,21.805984
2929,traditional,0.009952,21.983232,0.076800,22.069984
2930,traditional,0.008832,21.648384,0.076800,21.734016
2931,traditional,0.008960,21.678080,0.076800,21.763840
2932,traditional,0.009248,21.771264,0.076800,21.857312
2933,traditional,0.008704,21.642240,0.076800,21.727744
2934,traditional,0.008768,21.679104,0.076800,21.764672
2935,traditional,0.010144,21.672960,0.076800,21.759904
2936,traditional,0.009024,21.691392,0.075776,21.776192
2937,traditional,0.010048,21.533696,0.075776,21.619520
2938,traditional,0.010080,21.715968,0.076800,21.802848
2939,traditional,0.008192,21.629952,0.075776,21.713920
2940,traditional,0.008896,21.754880,0.076800,21.840576
2941,traditional,0.008992,21.607424,0.076800,21.693216
2942,traditional,0.008960,21.737472,0.076800,21.823232
2943,traditional,0.009440,21.600256,0.076800,21.686496
2944,traditional,0.009056,21.639168,0.076800,21.725024
2945,traditional,0.008512,21.702656,0.076800,21.787968
2946,traditional,0.009792,21.579776,0.076800,21.666368
2947,traditional,0.009888,21.763072,0.076800,21.849760
2948,traditional,0.008832,21.536768,0.076800,21.622400
2949,traditional,0.009248,21.825536,0.076800,21.911584
2950,traditional,0.009664,21.772288,0.076800,21.858752
2951,traditional,0.009280,21.487616,0.076800,21.573696
2952,traditional,0.008704,21.711872,0.076800,21.797376
2953,traditional,0.009280,21.596160,0.076800,21.682240
2954,traditional,0.009248,21.687296,0.076800,21.773344
2955,traditional,0.008928,21.525504,0.076800,21.611232
2956,traditional,0.008800,21.679104,0.076800,21.764704
2957,traditional,0.009120,21.600256,0.076800,21.686176
2958,traditional,0.009696,21.621760,0.076800,21.708256
2959,traditional,0.009088,21.651456,0.075776,21.736320
2960,traditional,0.009184,21.623808,0.076800,21.709792
2961,traditional,0.007968,21.624832,0.075776,21.708576
2962,traditional,0.008672,21.779456,0.076800,21.864928
2963,traditional,0.009344,21.844992,0.076800,21.931136
2964,traditional,0.009312,21.692416,0.076800,21.778528
2965,traditional,0.012608,21.597184,0.076800,21.686592
2966,traditional,0.008640,21.550080,0.076800,21.635520
2967,traditional,0.009280,21.728256,0.076800,21.814336
2968,traditional,0.008672,21.506048,0.076800,21.591520
2969,traditional,0.009440,21.653504,0.076800,21.739744
2970,traditional,0.008896,21.567488,0.076800,21.653184
2971,traditional,0.009568,21.682176,0.076800,21.768544
2972,traditional,0.009280,21.696512,0.076800,21.782592
2973,traditional,0.008192,21.612544,0.076800,21.697536
2974,traditional,0.008864,21.725184,0.076800,21.810848
2975,traditional,0.008352,21.602304,0.076800,21.687456
2976,traditional,0.008672,21.650432,0.076800,21.735904
2977,traditional,0.008928,21.677056,0.076800,21.762784
2978,traditional,0.008512,21.581824,0.076800,21.667136
2979,traditional,0.009312,21.621760,0.076800,21.707872
2980,traditional,0.009664,21.637120,0.076800,21.723584
2981,traditional,0.007648,21.591040,0.076800,21.675488
2982,traditional,0.008288,21.687296,0.076800,21.772384
2983,traditional,0.009504,21.673984,0.076800,21.760288
2984,traditional,0.009792,21.665792,0.076800,21.752384
2985,traditional,0.008960,21.787648,0.076800,21.873408
2986,traditional,0.009984,21.736448,0.076800,21.823232
2987,traditional,0.009344,21.842944,0.076800,21.929088
2988,traditional,0.008896,21.794816,0.076800,21.880512
2989,traditional,0.009344,21.620736,0.076800,21.706880
2990,traditional,0.008928,21.782528,0.077824,21.869280
2991,traditional,0.009344,21.622784,0.077824,21.709952
2992,traditional,0.009376,21.657600,0.076800,21.743776
2993,traditional,0.008928,21.792768,0.076800,21.878496
2994,traditional,0.009184,21.718016,0.076800,21.804000
2995,traditional,0.009280,21.613568,0.076800,21.699648
2996,traditional,0.008256,21.570560,0.076800,21.655616
2997,traditional,0.008032,21.659648,0.077824,21.745504
2998,traditional,0.008640,21.992448,0.077824,22.078912
2999,traditional,0.009440,21.859328,0.076800,21.945568
3000,traditional,0.009312,22.020096,0.076800,22.106208
3001,traditional,0.008800,21.803008,0.075776,21.887584
3002,traditional,0.009088,21.628928,0.075776,21.713792
3003,traditional,0.008864,21.662720,0.077824,21.749408
3004,traditional,0.009728,21.951488,0.077824,22.039040
3005,traditional,0.009728,22.009856,0.077824,22.097408
3006,traditional,0.009248,22.074368,0.077824,22.161440
3007,traditional,0.009664,22.078464,0.076800,22.164928
3008,traditional,0.008000,21.903360,0.076800,21.988160
3009,traditional,0.010240,22.146048,0.076800,22.233088
3010,traditional,0.008448,21.790720,0.075776,21.874944
3011,traditional,0.008672,21.901312,0.075776,21.985760
3012,traditional,0.014208,21.620736,0.075776,21.710720
3013,traditional,0.008960,21.750784,0.076800,21.836544
3014,traditional,0.009728,21.986304,0.076800,22.072832
3015,traditional,0.009152,21.940224,0.076800,22.026176
3016,traditional,0.009536,21.612544,0.075776,21.697856
3017,traditional,0.009824,22.079488,0.078848,22.168160
3018,traditional,0.009312,21.831680,0.077824,21.918816
3019,traditional,0.009600,21.944320,0.077824,22.031744
3020,traditional,0.009888,22.129664,0.078848,22.218400
3021,traditional,0.009184,22.057984,0.077824,22.144992
3022,traditional,0.009248,21.913600,0.077824,22.000672
3023,traditional,0.008608,22.079488,0.077824,22.165920
3024,traditional,0.009408,21.923840,0.076800,22.010048
3025,traditional,0.008672,21.699584,0.076800,21.785056
3026,traditional,0.009216,21.999616,0.077824,22.086656
3027,traditional,0.009088,21.976064,0.075776,22.060928
3028,traditional,0.008736,21.875712,0.075776,21.960224
3029,traditional,0.008224,21.666816,0.075776,21.750816
3030,traditional,0.008320,21.719040,0.078848,21.806208
3031,traditional,0.009024,21.942272,0.077824,22.029120
3032,traditional,0.009568,21.964800,0.077824,22.052192
3033,traditional,0.009152,22.060032,0.077824,22.147008
3034,traditional,0.009152,22.037504,0.077824,22.124480
3035,traditional,0.009984,22.069248,0.077824,22.157056
3036,traditional,0.008352,21.951488,0.077824,22.037664
3037,traditional,0.009440,21.856256,0.077824,21.943520
3038,traditional,0.009216,22.030336,0.076800,22.116352
3039,traditional,0.009664,21.992448,0.076800,22.078912
3040,traditional,0.008960,21.817344,0.076800,21.903104
3041,traditional,0.009152,21.748736,0.075776,21.833664
3042,traditional,0.008768,21.653504,0.076800,21.739072
3043,traditional,0.008736,21.879808,0.076800,21.965344
3044,traditional,0.009280,21.692416,0.076800,21.778496
3045,traditional,0.009024,21.848064,0.077824,21.934912
3046,traditional,0.009408,22.001664,0.077824,22.088896
3047,traditional,0.009248,22.056960,0.077824,22.144032
3048,traditional,0.009600,22.041600,0.076800,22.128000
3049,traditional,0.009120,21.705728,0.075776,21.790624
3050,traditional,0.009664,21.691392,0.076800,21.777856
3051,traditional,0.009792,23.225344,0.076800,23.311936
3052,traditional,0.008768,23.180288,0.076800,23.265856
3053,traditional,0.008608,23.453696,0.077824,23.540128
3054,traditional,0.008736,23.331840,0.075776,23.416352
3055,traditional,0.008768,22.944768,0.075776,23.029312
3056,traditional,0.009536,23.107584,0.076800,23.193920
3057,traditional,0.008864,23.203840,0.075776,23.288480
3058,traditional,0.009376,23.204864,0.076800,23.291040
3059,traditional,0.008864,23.371776,0.076800,23.457440
3060,traditional,0.008608,23.271424,0.076800,23.356832
3061,traditional,0.008928,23.250944,0.075776,23.335648
3062,traditional,0.009440,23.145472,0.076800,23.231712
3063,traditional,0.009216,23.287808,0.075776,23.372800
3064,traditional,0.008672,23.137280,0.075776,23.221728
3065,traditional,0.009472,23.157760,0.076800,23.244032
3066,traditional,0.009504,23.135232,0.075776,23.220512
3067,traditional,0.009760,23.255040,0.075776,23.340576
3068,traditional,0.008896,23.087104,0.077824,23.173824
3069,traditional,0.009088,23.491584,0.075776,23.576448
3070,traditional,0.008800,23.012352,0.075776,23.096928
3071,traditional,0.008992,22.979584,0.076800,23.065376
3072,traditional,0.008768,23.153664,0.075776,23.238208
3073,traditional,0.008736,23.291904,0.075776,23.376416
3074,traditional,0.009184,23.139328,0.077824,23.226336
3075,traditional,0.009024,23.169024,0.075776,23.253824
3076,traditional,0.007904,21.705728,0.075776,21.789408
3077,traditional,0.008512,21.662720,0.076800,21.748032
3078,traditional,0.009248,21.722112,0.076800,21.808160
3079,traditional,0.009568,21.995520,0.077824,22.082912
3080,traditional,0.008832,21.818368,0.076800,21.904000
3081,traditional,0.009984,21.708800,0.077824,21.796608
3082,traditional,0.007776,22.055936,0.076800,22.140512
3083,traditional,0.009600,21.913600,0.077824,22.001024
3084,traditional,0.009472,22.081536,0.076800,22.167808
3085,traditional,0.009504,21.875712,0.076800,21.962016
3086,traditional,0.009504,21.862400,0.076800,21.948704
3087,traditional,0.009696,21.990400,0.076800,22.076896
3088,traditional,0.009600,21.800960,0.075776,21.886336
3089,traditional,0.009536,21.920768,0.076800,22.007104
3090,traditional,0.009152,21.893120,0.076800,21.979072
3091,traditional,0.008672,21.917696,0.075776,22.002144
3092,traditional,0.008736,21.794816,0.077824,21.881376
3093,traditional,0.009088,22.161408,0.077824,22.248320
3094,traditional,0.010016,22.119424,0.076800,22.206240
3095,traditional,0.010016,21.828608,0.076800,21.915424
3096,traditional,0.009056,21.790720,0.075776,21.875552
3097,traditional,0.009632,21.876736,0.077824,21.964192
3098,traditional,0.008928,21.838848,0.076800,21.924576
3099,traditional,0.009632,22.621184,0.075776,22.706592
3100,traditional,0.009120,23.041024,0.076800,23.126944
3101,traditional,0.008576,22.824960,0.075776,22.909312
3102,traditional,0.009632,22.771712,0.077824,22.859168
3103,traditional,0.009088,22.892544,0.076800,22.978432
3104,traditional,0.009504,22.649856,0.076800,22.736160
3105,traditional,0.009536,23.158784,0.076800,23.245120
3106,traditional,0.009248,22.896640,0.077824,22.983712
3107,traditional,0.009120,23.071744,0.076800,23.157664
3108,traditional,0.008960,22.788096,0.076800,22.873856
3109,traditional,0.008832,22.789120,0.077824,22.875776
3110,traditional,0.009312,23.021568,0.076800,23.107680
3111,traditional,0.009152,22.552576,0.075776,22.637504
3112,traditional,0.008896,22.928384,0.076800,23.014080
3113,traditional,0.009344,22.823936,0.076800,22.910080
3114,traditional,0.009024,22.771712,0.075776,22.856512
3115,traditional,0.009632,22.803456,0.076800,22.889888
3116,traditional,0.008928,23.208960,0.076800,23.294688
3117,traditional,0.009024,22.950912,0.076800,23.036736
3118,traditional,0.009632,22.706176,0.076800,22.792608
3119,traditional,0.009280,22.899712,0.076800,22.985792
3120,traditional,0.008672,23.055360,0.076800,23.140832
3121,traditional,0.009504,21.934080,0.076800,22.020384
3122,traditional,0.008896,21.579776,0.076800,21.665472
3123,traditional,0.009184,21.961728,0.077824,22.048736
3124,traditional,0.009376,22.023168,0.076800,22.109344
3125,traditional,0.009696,21.765120,0.075776,21.850592
3126,traditional,0.009568,22.113280,0.077824,22.200672
3127,traditional,0.008704,21.977088,0.075776,22.061568
3128,traditional,0.009280,21.673984,0.075776,21.759040
3129,traditional,0.009504,21.884928,0.077824,21.972256
3130,traditional,0.009056,21.773312,0.076800,21.859168
3131,traditional,0.009536,21.826560,0.077824,21.913920
3132,traditional,0.009632,21.977088,0.076800,22.063520
3133,traditional,0.009472,21.731328,0.076800,21.817600
3134,traditional,0.009568,21.985280,0.077824,22.072672
3135,traditional,0.010176,21.933056,0.076800,22.020032
3136,traditional,0.009696,21.779456,0.076800,21.865952
3137,traditional,0.009376,21.777408,0.077824,21.864608
3138,traditional,0.009856,21.743616,0.075776,21.829248
3139,traditional,0.008736,21.658624,0.076800,21.744160
3140,traditional,0.008576,21.844992,0.077824,21.931392
3141,traditional,0.009184,21.886976,0.077824,21.973984
3142,traditional,0.009248,22.070272,0.076800,22.156320
3143,traditional,0.008640,21.855232,0.076800,21.940672
3144,traditional,0.009440,21.826560,0.075776,21.911776
3145,traditional,0.010016,21.880832,0.076800,21.967648
3146,traditional,0.009504,21.942272,0.076800,22.028576
3147,traditional,0.009312,22.182912,0.076800,22.269024
3148,traditional,0.009408,21.557248,0.075776,21.642432
3149,traditional,0.008896,21.813248,0.077824,21.899968
3150,traditional,0.009280,21.914624,0.077824,22.001728
3151,traditional,0.008928,22.036480,0.077824,22.123232
3152,traditional,0.008640,22.074368,0.076800,22.159808
3153,traditional,0.009344,21.720064,0.075776,21.805184
3154,traditional,0.009120,21.890048,0.076800,21.975968
3155,traditional,0.008640,21.763072,0.076800,21.848512
3156,traditional,0.009120,21.894144,0.077824,21.981088
3157,traditional,0.008864,21.800960,0.076800,21.886624
3158,traditional,0.009120,21.794816,0.076800,21.880736
3159,traditional,0.010048,21.799936,0.076800,21.886784
3160,traditional,0.009952,21.979136,0.076800,22.065888
3161,traditional,0.010144,21.857280,0.076800,21.944224
3162,traditional,0.008608,22.016000,0.076800,22.101408
3163,traditional,0.008864,21.855232,0.076800,21.940896
3164,traditional,0.009312,21.900288,0.076800,21.986400
3165,traditional,0.010112,21.605376,0.076800,21.692288
3166,traditional,0.009120,21.831680,0.077824,21.918624
3167,traditional,0.008608,22.096896,0.076800,22.182304
3168,traditional,0.009280,21.653504,0.075776,21.738560
3169,traditional,0.009536,21.787648,0.076800,21.873984
3170,traditional,0.009920,22.063104,0.077824,22.150848
3171,traditional,0.009152,21.720064,0.075776,21.804992
3172,traditional,0.009568,21.823488,0.077824,21.910880
3173,traditional,0.008288,21.868544,0.076800,21.953632
3174,traditional,0.009408,21.757952,0.075776,21.843136
3175,traditional,0.008992,21.982208,0.077824,22.069024
3176,traditional,0.009984,21.897216,0.076800,21.984000
3177,traditional,0.008768,21.668864,0.075776,21.753408
3178,traditional,0.009408,21.757952,0.076800,21.844160
3179,traditional,0.009504,21.967872,0.077824,22.055200
3180,traditional,0.009216,22.168576,0.077824,22.255616
3181,traditional,0.008832,21.975040,0.076800,22.060672
3182,traditional,0.008448,21.762048,0.075776,21.846272
3183,traditional,0.009568,21.753856,0.076800,21.840224
3184,traditional,0.009824,21.731328,0.076800,21.817952
3185,traditional,0.008928,21.803008,0.075776,21.887712
3186,traditional,0.008704,21.733376,0.077824,21.819904
3187,traditional,0.008704,21.782528,0.075776,21.867008
3188,traditional,0.008896,21.798912,0.075776,21.883584
3189,traditional,0.009600,21.779456,0.077824,21.866880
3190,traditional,0.009408,21.819392,0.077824,21.906624
3191,traditional,0.009312,21.902336,0.076800,21.988448
3192,traditional,0.009216,21.796864,0.075776,21.881856
3193,traditional,0.009472,21.675008,0.076800,21.761280
3194,traditional,0.008928,21.933056,0.076800,22.018784
3195,traditional,0.009376,21.741568,0.076800,21.827744
3196,traditional,0.009664,21.538816,0.075776,21.624256
3197,traditional,0.008928,21.929984,0.077824,22.016736
3198,traditional,0.009536,21.746688,0.076800,21.833024
3199,traditional,0.009248,21.682176,0.076800,21.768224
3200,traditional,0.009184,21.931008,0.077824,22.018016
3201,traditional,0.009216,21.923840,0.077824,22.010880
3202,traditional,0.009536,22.019072,0.077824,22.106432
3203,traditional,0.010240,21.977088,0.076800,22.064128
3204,traditional,0.007936,21.803008,0.075776,21.886720
3205,traditional,0.009696,21.702656,0.076800,21.789152
3206,traditional,0.009376,21.706752,0.075776,21.791904
3207,traditional,0.009024,21.630976,0.075776,21.715776
3208,traditional,0.009440,22.036480,0.076800,22.122720
3209,traditional,0.009120,21.716992,0.076800,21.802912
3210,traditional,0.009856,21.575680,0.076800,21.662336
3211,traditional,0.009248,21.868544,0.078848,21.956640
3212,traditional,0.009664,22.012928,0.077824,22.100416
3213,traditional,0.009696,22.026240,0.077824,22.113760
3214,traditional,0.009792,21.945344,0.077824,22.032960
3215,traditional,0.009376,21.933056,0.076800,22.019232
3216,traditional,0.009664,21.981184,0.075776,22.066624
3217,traditional,0.009312,21.758976,0.075776,21.844064
3218,traditional,0.008416,21.762048,0.076800,21.847264
3219,traditional,0.009248,21.658624,0.076800,21.744672
3220,traditional,0.008832,21.863424,0.076800,21.949056
3221,traditional,0.012384,21.658624,0.076800,21.747808
3222,traditional,0.009312,21.649408,0.076800,21.735520
3223,traditional,0.008736,21.671936,0.076800,21.757472
3224,traditional,0.009632,21.565440,0.075776,21.650848
3225,traditional,0.008544,21.644288,0.076800,21.729632
3226,traditional,0.008576,21.614592,0.076800,21.699968
3227,traditional,0.009984,21.602304,0.076800,21.689088
3228,traditional,0.009408,21.588992,0.076800,21.675200
3229,traditional,0.009376,21.695488,0.076800,21.781664
3230,traditional,0.008672,21.666816,0.076800,21.752288
3231,traditional,0.009088,21.794816,0.076800,21.880704
3232,traditional,0.008224,21.588992,0.075776,21.672992
3233,traditional,0.009120,21.725184,0.076800,21.811104
3234,traditional,0.010112,21.587968,0.076800,21.674880
3235,traditional,0.008800,21.660672,0.075776,21.745248
3236,traditional,0.008608,21.600256,0.076800,21.685664
3237,traditional,0.008896,21.719040,0.075776,21.803712
3238,traditional,0.009536,21.718016,0.075776,21.803328
3239,traditional,0.008800,21.638144,0.076800,21.723744
3240,traditional,0.008992,21.531648,0.076800,21.617440
3241,traditional,0.009728,21.746688,0.076800,21.833216
3242,traditional,0.008384,21.665792,0.075776,21.749952
3243,traditional,0.008960,21.725184,0.076800,21.810944
3244,traditional,0.009408,21.742592,0.076800,21.828800
3245,traditional,0.009632,21.601280,0.076800,21.687712
3246,traditional,0.009152,21.721088,0.076800,21.807040
3247,traditional,0.016768,21.652480,0.076800,21.746048
3248,traditional,0.007616,21.596160,0.076800,21.680576
3249,traditional,0.009440,21.747712,0.076800,21.833952
3250,traditional,0.009152,21.657600,0.075776,21.742528
3251,traditional,0.009152,21.542912,0.076800,21.628864
3252,traditional,0.009376,21.726208,0.076800,21.812384
3253,traditional,0.007840,21.679104,0.076800,21.763744
3254,traditional,0.009376,21.653504,0.075776,21.738656
3255,traditional,0.008864,21.649408,0.076800,21.735072
3256,traditional,0.008896,21.561344,0.076800,21.647040
3257,traditional,0.007680,21.772288,0.076800,21.856768
3258,traditional,0.009088,21.489664,0.073728,21.572480
3259,traditional,0.008224,20.934656,0.072704,21.015584
3260,traditional,0.008256,20.921344,0.073728,21.003328
3261,traditional,0.009024,20.674560,0.072704,20.756288
3262,traditional,0.009120,20.557824,0.072704,20.639648
3263,traditional,0.008928,20.733952,0.073728,20.816608
3264,traditional,0.008864,20.790272,0.072704,20.871840
3265,traditional,0.008960,20.799488,0.072704,20.881152
3266,traditional,0.009792,20.734976,0.072704,20.817472
3267,traditional,0.008544,20.760576,0.072704,20.841824
3268,traditional,0.008832,22.551552,0.086016,22.646400
3269,traditional,0.010016,25.296896,0.088064,25.394976
3270,traditional,0.011040,25.391104,0.089088,25.491232
3271,traditional,0.010240,25.321472,0.089088,25.420800
3272,traditional,0.010368,25.158656,0.088064,25.257088
3273,traditional,0.010912,25.050112,0.088064,25.149088
3274,traditional,0.010496,25.020416,0.088064,25.118976
3275,traditional,0.009952,25.065472,0.087040,25.162464
3276,traditional,0.010368,25.191424,0.088064,25.289856
3277,traditional,0.010656,18.899968,0.063488,18.974112
3278,traditional,0.007968,19.678208,0.122880,19.809056
3279,traditional,0.012576,24.006656,0.062464,24.081696
3280,traditional,0.007680,25.648128,0.063488,25.719296
3281,traditional,0.007488,25.658368,0.063488,25.729344
3282,traditional,0.006144,27.825152,0.063488,27.894784
3283,traditional,0.008192,27.705344,0.064512,27.778048
3284,traditional,0.007648,27.405312,0.084992,27.497952
3285,traditional,0.009408,24.698880,0.086016,24.794304
3286,traditional,0.009408,24.530944,0.084992,24.625344
3287,traditional,0.009408,24.157184,0.084992,24.251584
3288,traditional,0.010784,24.293376,0.084992,24.389152
3289,traditional,0.010752,24.292352,0.084992,24.388096
3290,traditional,0.010304,23.993344,0.084992,24.088640
3291,traditional,0.009024,24.351744,0.084992,24.445760
3292,traditional,0.010400,24.020992,0.084992,24.116384
3293,traditional,0.010528,23.179264,0.078848,23.268640
3294,traditional,0.009472,22.089728,0.076800,22.176000
3295,traditional,0.009056,21.910528,0.076800,21.996384
3296,traditional,0.008800,22.046720,0.076800,22.132320
3297,traditional,0.009824,21.974016,0.076800,22.060640
3298,traditional,0.009184,21.945344,0.077824,22.032352
3299,traditional,0.010048,22.103040,0.078848,22.191936
3300,traditional,0.010144,21.950464,0.077824,22.038432
3301,traditional,0.009280,21.988352,0.077824,22.075456
3302,traditional,0.008736,22.077440,0.077824,22.164000
3303,traditional,0.008928,21.648384,0.076800,21.734112
3304,traditional,0.009248,21.640192,0.074752,21.724192
3305,traditional,0.008864,21.186560,0.074752,21.270176
3306,traditional,0.009184,21.043200,0.073728,21.126112
3307,traditional,0.008416,21.324800,0.073728,21.406944
3308,traditional,0.009408,20.941824,0.074752,21.025984
3309,traditional,0.008832,21.084160,0.073728,21.166720
3310,traditional,0.008832,20.992000,0.074752,21.075584
3311,traditional,0.008800,21.113856,0.073728,21.196384
3312,traditional,0.008064,21.123072,0.073728,21.204864
3313,traditional,0.009536,21.143552,0.074752,21.227840
3314,traditional,0.008352,21.180416,0.074752,21.263520
3315,traditional,0.009472,21.056512,0.073728,21.139712
3316,traditional,0.008832,21.148672,0.074752,21.232256
3317,traditional,0.009440,21.291008,0.074752,21.375200
3318,traditional,0.009184,20.956160,0.073728,21.039072
3319,traditional,0.008352,21.035008,0.074752,21.118112
3320,traditional,0.007744,21.248000,0.074752,21.330496
3321,traditional,0.009376,21.095424,0.074752,21.179552
3322,traditional,0.008960,22.226944,0.078848,22.314752
3323,traditional,0.008960,22.542336,0.078848,22.630144
3324,traditional,0.009696,22.560768,0.078848,22.649312
3325,traditional,0.009600,22.626304,0.079872,22.715776
3326,traditional,0.009024,22.816768,0.078848,22.904640
3327,traditional,0.009376,22.563840,0.078848,22.652064
3328,traditional,0.008000,22.604800,0.078848,22.691648
3329,traditional,0.009536,22.610944,0.079872,22.700352
3330,traditional,0.009152,22.713344,0.077824,22.800320
3331,traditional,0.009184,22.345728,0.077824,22.432736
3332,traditional,0.009312,21.801984,0.077824,21.889120
3333,traditional,0.010144,22.032384,0.076800,22.119328
3334,traditional,0.010176,22.053888,0.077824,22.141888
3335,traditional,0.009088,22.020096,0.077824,22.107008
3336,traditional,0.009408,21.951488,0.078848,22.039744
3337,traditional,0.009536,21.949440,0.077824,22.036800
3338,traditional,0.009120,22.107136,0.077824,22.194080
3339,traditional,0.009888,22.003712,0.077824,22.091424
3340,traditional,0.009760,21.792768,0.075776,21.878304
3341,traditional,0.011840,21.444608,0.074752,21.531200
3342,traditional,0.009600,21.171200,0.073728,21.254528
3343,traditional,0.008512,20.954112,0.073728,21.036352
3344,traditional,0.008480,21.187584,0.074752,21.270816
3345,traditional,0.009056,21.098496,0.074752,21.182304
3346,traditional,0.008736,21.192704,0.073728,21.275168
3347,traditional,0.008928,21.002240,0.074752,21.085920
3348,traditional,0.008512,21.110784,0.074752,21.194048
3349,traditional,0.008288,21.248000,0.074752,21.331040
3350,traditional,0.008800,21.115904,0.074752,21.199456
3351,traditional,0.008512,21.160960,0.073728,21.243200
3352,traditional,0.009984,21.385216,0.074752,21.469952
3353,traditional,0.008064,21.149696,0.075776,21.233536
3354,traditional,0.008704,21.244928,0.074752,21.328384
3355,traditional,0.008288,21.220352,0.073728,21.302368
3356,traditional,0.009632,21.215232,0.074752,21.299616
3357,traditional,0.008800,21.208064,0.074752,21.291616
3358,traditional,0.008736,21.155840,0.074752,21.239328
3359,traditional,0.008704,21.523456,0.077824,21.609984
3360,traditional,0.008448,21.931008,0.077824,22.017280
3361,traditional,0.008896,22.209536,0.077824,22.296256
3362,traditional,0.009312,21.902336,0.076800,21.988448
3363,traditional,0.009344,21.950464,0.077824,22.037632
3364,traditional,0.009632,21.849088,0.077824,21.936544
3365,traditional,0.009408,21.983232,0.077824,22.070464
3366,traditional,0.008800,21.954560,0.077824,22.041184
3367,traditional,0.009184,21.854208,0.077824,21.941216
3368,traditional,0.009472,21.991424,0.077824,22.078720
3369,traditional,0.009184,22.008832,0.077824,22.095840
3370,traditional,0.009248,21.948416,0.077824,22.035488
3371,traditional,0.009376,22.006784,0.077824,22.093984
3372,traditional,0.009728,22.108160,0.077824,22.195712
3373,traditional,0.009184,21.998592,0.077824,22.085600
3374,traditional,0.009696,21.907456,0.077824,21.994976
3375,traditional,0.009344,21.959680,0.077824,22.046848
3376,traditional,0.010016,22.059008,0.077824,22.146848
3377,traditional,0.008928,21.847040,0.076800,21.932768
3378,traditional,0.009056,21.670912,0.074752,21.754720
3379,traditional,0.008864,21.451776,0.074752,21.535392
3380,traditional,0.009152,21.277696,0.075776,21.362624
3381,traditional,0.008448,21.145600,0.074752,21.228800
3382,traditional,0.009152,21.177344,0.074752,21.261248
3383,traditional,0.008576,21.220352,0.074752,21.303680
3384,traditional,0.008320,21.342208,0.074752,21.425280
3385,traditional,0.008160,21.105664,0.074752,21.188576
3386,traditional,0.008480,21.194752,0.074752,21.277984
3387,traditional,0.009792,21.335040,0.074752,21.419584
3388,traditional,0.009472,21.280768,0.074752,21.364992
3389,traditional,0.008064,21.215232,0.074752,21.298048
3390,traditional,0.008096,21.193728,0.074752,21.276576
3391,traditional,0.008576,21.237760,0.074752,21.321088
3392,traditional,0.009504,21.160960,0.074752,21.245216
3393,traditional,0.009024,21.124096,0.074752,21.207872
3394,traditional,0.008864,21.022720,0.074752,21.106336
3395,traditional,0.009280,21.100544,0.074752,21.184576
3396,traditional,0.018304,21.059584,0.074752,21.152640
3397,traditional,0.008736,21.723136,0.077824,21.809696
3398,traditional,0.009632,21.964800,0.076800,22.051232
3399,traditional,0.008800,22.043648,0.077824,22.130272
3400,traditional,0.009632,21.923840,0.077824,22.011296
3401,traditional,0.009376,22.074368,0.077824,22.161568
3402,traditional,0.008864,21.992448,0.076800,22.078112
3403,traditional,0.009600,21.865472,0.076800,21.951872
3404,traditional,0.009792,21.853184,0.076800,21.939776
3405,traditional,0.008800,21.809152,0.077824,21.895776
3406,traditional,0.009248,21.982208,0.077824,22.069280
3407,traditional,0.009184,21.984256,0.077824,22.071264
3408,traditional,0.009664,21.875712,0.077824,21.963200
3409,traditional,0.009120,21.869568,0.077824,21.956512
3410,traditional,0.008640,22.068224,0.077824,22.154688
3411,traditional,0.009056,21.954560,0.077824,22.041440
3412,traditional,0.009888,21.934080,0.077824,22.021792
3413,traditional,0.010048,21.958656,0.077824,22.046528
3414,traditional,0.008672,22.003712,0.077824,22.090208
3415,traditional,0.008928,21.778432,0.076800,21.864160
3416,traditional,0.008640,21.637120,0.075776,21.721536
3417,traditional,0.009888,21.438464,0.074752,21.523104
3418,traditional,0.009024,21.255168,0.074752,21.338944
3419,traditional,0.009056,21.190656,0.075776,21.275488
3420,traditional,0.009120,21.140480,0.074752,21.224352
3421,traditional,0.008640,21.195776,0.074752,21.279168
3422,traditional,0.008256,21.097472,0.074752,21.180480
3423,traditional,0.009312,21.377024,0.074752,21.461088
3424,traditional,0.008608,21.319680,0.074752,21.403040
3425,traditional,0.008672,21.188608,0.074752,21.272032
3426,traditional,0.008992,21.325824,0.074752,21.409568
3427,traditional,0.008800,21.204992,0.074752,21.288544
3428,traditional,0.008960,21.189632,0.074752,21.273344
3429,traditional,0.008640,21.214208,0.074752,21.297600
3430,traditional,0.009056,21.424128,0.075776,21.508960
3431,traditional,0.008800,21.258240,0.074752,21.341792
3432,traditional,0.009728,21.158912,0.073728,21.242368
3433,traditional,0.009024,21.196800,0.074752,21.280576
3434,traditional,0.008320,21.264384,0.074752,21.347456
3435,traditional,0.009376,21.619712,0.075776,21.704864
3436,traditional,0.009088,21.327872,0.074752,21.411712
3437,traditional,0.009888,21.445632,0.074752,21.530272
3438,traditional,0.009152,21.321728,0.074752,21.405632
3439,traditional,0.008928,21.120000,0.074752,21.203680
3440,traditional,0.008704,21.458944,0.074752,21.542400
3441,traditional,0.009344,21.326848,0.075776,21.411968
3442,traditional,0.009152,21.643264,0.075776,21.728192
3443,traditional,0.008864,21.295104,0.074752,21.378720
3444,traditional,0.009792,21.626880,0.077824,21.714496
3445,traditional,0.009248,21.907456,0.077824,21.994528
3446,traditional,0.008736,21.877760,0.077824,21.964320
3447,traditional,0.009472,21.954560,0.077824,22.041856
3448,traditional,0.009568,21.988352,0.076800,22.074720
3449,traditional,0.008864,21.997568,0.077824,22.084256
3450,traditional,0.010144,21.977088,0.077824,22.065056
3451,traditional,0.009888,22.060032,0.076800,22.146720
3452,traditional,0.009024,21.904384,0.077824,21.991232
3453,traditional,0.009536,21.913600,0.077824,22.000960
3454,traditional,0.009920,21.967872,0.077824,22.055616
3455,traditional,0.009376,21.900288,0.077824,21.987488
3456,traditional,0.009216,21.912576,0.077824,21.999616
3457,traditional,0.009056,21.937152,0.077824,22.024032
3458,traditional,0.009152,21.935104,0.076800,22.021056
3459,traditional,0.009344,21.931008,0.077824,22.018176
3460,traditional,0.009824,21.895168,0.077824,21.982816
3461,traditional,0.007680,21.863424,0.076800,21.947904
3462,traditional,0.009696,22.002688,0.077824,22.090208
3463,traditional,0.009184,21.917696,0.075776,22.002656
3464,traditional,0.009472,21.691392,0.075776,21.776640
3465,traditional,0.009632,21.732352,0.075776,21.817760
3466,traditional,0.009248,21.627904,0.075776,21.712928
3467,traditional,0.009024,21.495808,0.076800,21.581632
3468,traditional,0.008608,21.663744,0.075776,21.748128
3469,traditional,0.009152,21.593088,0.076800,21.679040
3470,traditional,0.009568,21.744640,0.076800,21.831008
3471,traditional,0.009344,21.529600,0.076800,21.615744
3472,traditional,0.007872,21.799936,0.076800,21.884608
3473,traditional,0.008672,21.588992,0.076800,21.674464
3474,traditional,0.009248,21.642240,0.076800,21.728288
3475,traditional,0.009056,21.689344,0.075776,21.774176
3476,traditional,0.009856,21.569536,0.075776,21.655168
3477,traditional,0.008928,21.672960,0.075776,21.757664
3478,traditional,0.008800,21.596160,0.075776,21.680736
3479,traditional,0.008832,21.575680,0.075776,21.660288
3480,traditional,0.009760,21.659648,0.075776,21.745184
3481,traditional,0.009248,21.597184,0.075776,21.682208
3482,traditional,0.009248,21.760000,0.075776,21.845024
3483,traditional,0.014112,21.508096,0.076800,21.599008
3484,traditional,0.009376,21.487616,0.075776,21.572768
3485,traditional,0.009152,21.670912,0.076800,21.756864
3486,traditional,0.009312,21.583872,0.075776,21.668960
3487,traditional,0.009824,21.678080,0.075776,21.763680
3488,traditional,0.009216,21.662720,0.075776,21.747712
3489,traditional,0.009664,21.654528,0.075776,21.739968
3490,traditional,0.008800,21.612544,0.075776,21.697120
3491,traditional,0.007552,21.866496,0.075776,21.949824
3492,traditional,0.009344,21.672960,0.075776,21.758080
3493,traditional,0.009184,21.706752,0.076800,21.792736
3494,traditional,0.009088,21.798912,0.076800,21.884800
3495,traditional,0.008704,21.473280,0.076800,21.558784
3496,traditional,0.008736,21.624832,0.075776,21.709344
3497,traditional,0.009408,21.515264,0.075776,21.600448
3498,traditional,0.009152,21.678080,0.076800,21.764032
3499,traditional,0.008128,21.567488,0.075776,21.651392
3500,traditional,0.008928,21.549056,0.076800,21.634784
3501,traditional,0.008608,21.639168,0.076800,21.724576
3502,traditional,0.009408,21.554176,0.075776,21.639360
3503,traditional,0.008736,21.643264,0.076800,21.728800
3504,traditional,0.008672,21.576704,0.076800,21.662176
3505,traditional,0.009504,21.813248,0.075776,21.898528
3506,traditional,0.008768,21.718016,0.076800,21.803584
3507,traditional,0.009216,21.479424,0.075776,21.564416
3508,traditional,0.009472,21.541888,0.075776,21.627136
3509,traditional,0.009504,21.605376,0.075776,21.690656
3510,traditional,0.008864,21.651456,0.076800,21.737120
3511,traditional,0.009216,21.651456,0.076800,21.737472
3512,traditional,0.008320,21.711872,0.076800,21.796992
3513,traditional,0.009088,21.478400,0.075776,21.563264
3514,traditional,0.008672,21.645312,0.074752,21.728736
3515,traditional,0.008512,21.659648,0.075776,21.743936
3516,traditional,0.009984,21.563392,0.074752,21.648128
3517,traditional,0.008928,21.502976,0.075776,21.587680
3518,traditional,0.009792,21.710848,0.075776,21.796416
3519,traditional,0.009216,21.541888,0.076800,21.627904
3520,traditional,0.008640,21.541888,0.075776,21.626304
3521,traditional,0.009088,21.574656,0.075776,21.659520
3522,traditional,0.009344,21.413888,0.075776,21.499008
3523,traditional,0.009152,21.540864,0.075776,21.625792
3524,traditional,0.008736,21.613568,0.076800,21.699104
3525,traditional,0.009216,21.686272,0.076800,21.772288
3526,traditional,0.010048,21.612544,0.075776,21.698368
3527,traditional,0.009536,21.800960,0.076800,21.887296
3528,traditional,0.009440,21.697536,0.075776,21.782752
3529,traditional,0.009472,21.605376,0.075776,21.690624
3530,traditional,0.009440,21.574656,0.076800,21.660896
3531,traditional,0.008864,21.699584,0.075776,21.784224
3532,traditional,0.009792,21.560320,0.075776,21.645888
3533,traditional,0.008992,21.487616,0.075776,21.572384
3534,traditional,0.009280,21.605376,0.075776,21.690432
3535,traditional,0.009504,21.621760,0.075776,21.707040
3536,traditional,0.008928,21.556224,0.075776,21.640928
3537,traditional,0.008160,21.559296,0.075776,21.643232
3538,traditional,0.008800,21.580800,0.075776,21.665376
3539,traditional,0.008768,21.858304,0.076800,21.943872
3540,traditional,0.009728,21.643264,0.075776,21.728768
3541,traditional,0.009568,21.659648,0.076800,21.746016
3542,traditional,0.017664,21.628928,0.075776,21.722368
3543,traditional,0.009120,21.474304,0.075776,21.559200
3544,traditional,0.009088,21.591040,0.075776,21.675904
3545,traditional,0.008320,21.445632,0.074752,21.528704
3546,traditional,0.009728,21.636096,0.075776,21.721600
3547,traditional,0.009472,21.617664,0.076800,21.703936
3548,traditional,0.008608,21.708800,0.076800,21.794208
3549,traditional,0.009472,21.612544,0.075776,21.697792
3550,traditional,0.008832,21.528576,0.075776,21.613184
3551,traditional,0.008896,21.632000,0.075776,21.716672
3552,traditional,0.008832,21.578752,0.076800,21.664384
3553,traditional,0.009216,21.639168,0.076800,21.725184
3554,traditional,0.009312,21.754880,0.075776,21.839968
3555,traditional,0.009504,21.832704,0.076800,21.919008
3556,traditional,0.011040,21.712896,0.075776,21.799712
3557,traditional,0.008896,21.575680,0.076800,21.661376
3558,traditional,0.009728,21.584896,0.075776,21.670400
3559,traditional,0.009088,21.658624,0.075776,21.743488
3560,traditional,0.008896,21.494784,0.075776,21.579456
3561,traditional,0.009184,21.519360,0.075776,21.604320
3562,traditional,0.009216,21.573632,0.075776,21.658624
3563,traditional,0.009184,21.547008,0.075776,21.631968
3564,traditional,0.008128,21.535744,0.075776,21.619648
3565,traditional,0.009568,21.470208,0.075776,21.555552
3566,traditional,0.009216,21.693440,0.076800,21.779456
3567,traditional,0.009504,21.724160,0.076800,21.810464
3568,traditional,0.008640,21.643264,0.075776,21.727680
3569,traditional,0.009600,21.549056,0.074752,21.633408
3570,traditional,0.009408,21.489664,0.075776,21.574848
3571,traditional,0.009152,21.495808,0.075776,21.580736
3572,traditional,0.008416,21.382144,0.074752,21.465312
3573,traditional,0.008704,21.393408,0.075776,21.477888
3574,traditional,0.009952,21.545984,0.075776,21.631712
3575,traditional,0.009472,21.731328,0.076800,21.817600
3576,traditional,0.009408,21.616640,0.075776,21.701824
3577,traditional,0.009184,21.559296,0.075776,21.644256
3578,traditional,0.009952,21.399552,0.075776,21.485280
3579,traditional,0.009248,21.761024,0.075776,21.846048
3580,traditional,0.009216,21.516288,0.075776,21.601280
3581,traditional,0.008768,21.405696,0.074752,21.489216
3582,traditional,0.009248,21.556224,0.075776,21.641248
3583,traditional,0.009888,21.683200,0.075776,21.768864
3584,traditional,0.010240,21.404672,0.075776,21.490688
3585,traditional,0.008608,21.361664,0.075776,21.446048
3586,traditional,0.008896,21.783552,0.075776,21.868224
3587,traditional,0.008544,21.439488,0.076800,21.524832
3588,traditional,0.009440,21.786624,0.076800,21.872864
3589,traditional,0.009408,21.567488,0.076800,21.653696
3590,traditional,0.009120,21.597184,0.076800,21.683104
3591,traditional,0.009344,21.628928,0.075776,21.714048
3592,traditional,0.008864,21.607424,0.075776,21.692064
3593,traditional,0.009664,21.539840,0.076800,21.626304
3594,traditional,0.009536,21.742592,0.075776,21.827904
3595,traditional,0.008960,21.408768,0.074752,21.492480
3596,traditional,0.007488,21.596160,0.075776,21.679424
3597,traditional,0.009408,21.477376,0.075776,21.562560
3598,traditional,0.009152,21.611520,0.076800,21.697472
3599,traditional,0.009888,21.691392,0.075776,21.777056
3600,traditional,0.008480,21.513216,0.076800,21.598496
3601,traditional,0.008384,21.786624,0.075776,21.870784
3602,traditional,0.007904,21.559296,0.075776,21.642976
3603,traditional,0.008832,21.538816,0.075776,21.623424
3604,traditional,0.009024,21.754880,0.075776,21.839680
3605,traditional,0.008672,21.566464,0.075776,21.650912
3606,traditional,0.008608,21.693440,0.075776,21.777824
3607,traditional,0.008896,21.722112,0.076800,21.807808
3608,traditional,0.009760,21.460992,0.076800,21.547552
3609,traditional,0.009280,21.786624,0.076800,21.872704
3610,traditional,0.008928,21.600256,0.075776,21.684960
3611,traditional,0.009248,21.555200,0.074752,21.639200
3612,traditional,0.009632,21.419008,0.075776,21.504416
3613,traditional,0.009312,21.591040,0.075776,21.676128
3614,traditional,0.009248,21.598208,0.075776,21.683232
3615,traditional,0.008608,21.473280,0.075776,21.557664
3616,traditional,0.008160,21.394432,0.075776,21.478368
3617,traditional,0.009280,21.713920,0.075776,21.798976
3618,traditional,0.008480,21.710848,0.076800,21.796128
3619,traditional,0.008768,21.667840,0.076800,21.753408
3620,traditional,0.008896,21.699584,0.075776,21.784256
3621,traditional,0.008480,21.798912,0.075776,21.883168
3622,traditional,0.009408,21.646336,0.076800,21.732544
3623,traditional,0.009248,21.609472,0.076800,21.695520
3624,traditional,0.010176,21.563392,0.075776,21.649344
3625,traditional,0.008000,21.598208,0.076800,21.683008
3626,traditional,0.008800,21.719040,0.075776,21.803616
3627,traditional,0.008672,21.624832,0.075776,21.709280
3628,traditional,0.009888,21.737472,0.075776,21.823136
3629,traditional,0.009152,21.749760,0.076800,21.835712
3630,traditional,0.008992,21.593088,0.076800,21.678880
3631,traditional,0.008928,21.653504,0.075776,21.738208
3632,traditional,0.008992,21.642240,0.075776,21.727008
3633,traditional,0.009472,21.407744,0.076800,21.494016
3634,traditional,0.009600,21.789696,0.075776,21.875072
3635,traditional,0.009984,21.651456,0.075776,21.737216
3636,traditional,0.008192,21.613568,0.075776,21.697536
3637,traditional,0.009632,21.615616,0.076800,21.702048
3638,traditional,0.010080,21.747712,0.076800,21.834592
3639,traditional,0.009376,21.644288,0.075776,21.729440
3640,traditional,0.008864,21.697536,0.075776,21.782176
3641,traditional,0.008832,21.485568,0.075776,21.570176
3642,traditional,0.008640,21.725184,0.075776,21.809600
3643,traditional,0.009600,21.478400,0.075776,21.563776
3644,traditional,0.009152,21.730304,0.076800,21.816256
3645,traditional,0.010048,21.540864,0.075776,21.626688
3646,traditional,0.008672,21.710848,0.076800,21.796320
3647,traditional,0.009952,21.642240,0.075776,21.727968
3648,traditional,0.008864,21.572608,0.076800,21.658272
3649,traditional,0.009344,21.563392,0.075776,21.648512
3650,traditional,0.009536,21.593088,0.075776,21.678400
3651,traditional,0.009088,21.659648,0.076800,21.745536
3652,traditional,0.007904,21.663744,0.075776,21.747424
3653,traditional,0.009760,21.769216,0.076800,21.855776
3654,traditional,0.009888,21.699584,0.075776,21.785248
3655,traditional,0.008992,21.754880,0.076800,21.840672
3656,traditional,0.009408,21.605376,0.076800,21.691584
3657,traditional,0.009184,21.769216,0.075776,21.854176
3658,traditional,0.009280,21.571584,0.075776,21.656640
3659,traditional,0.009440,21.502976,0.075776,21.588192
3660,traditional,0.009184,21.669888,0.075776,21.754848
3661,traditional,0.009120,21.367808,0.074752,21.451680
3662,traditional,0.008576,21.528576,0.075776,21.612928
3663,traditional,0.008672,21.520384,0.076800,21.605856
3664,traditional,0.008672,21.758976,0.076800,21.844448
3665,traditional,0.009216,21.412864,0.075776,21.497856
3666,traditional,0.008576,21.446656,0.074752,21.529984
3667,traditional,0.009376,21.534720,0.075776,21.619872
3668,traditional,0.009600,21.356544,0.074752,21.440896
3669,traditional,0.008736,21.483520,0.075776,21.568032
3670,traditional,0.009472,21.494784,0.075776,21.580032
3671,traditional,0.008672,21.531648,0.075776,21.616096
3672,traditional,0.008608,21.652480,0.075776,21.736864
3673,traditional,0.008544,21.542912,0.075776,21.627232
3674,traditional,0.008832,21.539840,0.075776,21.624448
3675,traditional,0.009248,21.831680,0.075776,21.916704
3676,traditional,0.008928,21.484544,0.075776,21.569248
3677,traditional,0.009280,21.635072,0.075776,21.720128
3678,traditional,0.008576,21.476352,0.074752,21.559680
3679,traditional,0.009088,21.599232,0.075776,21.684096
3680,traditional,0.009568,21.556224,0.075776,21.641568
3681,traditional,0.009248,21.381120,0.075776,21.466144
3682,traditional,0.008640,21.482496,0.075776,21.566912
3683,traditional,0.009376,21.677056,0.076800,21.763232
3684,traditional,0.009088,21.625856,0.076800,21.711744
3685,traditional,0.009504,21.686272,0.075776,21.771552
3686,traditional,0.008960,21.579776,0.075776,21.664512
3687,traditional,0.008768,21.781504,0.075776,21.866048
3688,traditional,0.009152,21.643264,0.076800,21.729216
3689,traditional,0.009216,21.666816,0.075776,21.751808
3690,traditional,0.008992,21.440512,0.075776,21.525280
3691,traditional,0.009664,21.645312,0.075776,21.730752
3692,traditional,0.008960,21.624832,0.075776,21.709568
3693,traditional,0.009248,21.471232,0.075776,21.556256
3694,traditional,0.008608,21.527552,0.075776,21.611936
3695,traditional,0.008576,21.429248,0.076800,21.514624
3696,traditional,0.009504,21.690368,0.075776,21.775648
3697,traditional,0.009248,21.398528,0.074752,21.482528
3698,traditional,0.008640,21.671936,0.074752,21.755328
3699,traditional,0.009376,21.516288,0.075776,21.601440
3700,traditional,0.009984,21.547008,0.075776,21.632768
3701,traditional,0.008928,21.585920,0.075776,21.670624
3702,traditional,0.008480,21.516288,0.075776,21.600544
3703,traditional,0.009120,21.509120,0.074752,21.592992
3704,traditional,0.009152,21.536768,0.076800,21.622720
3705,traditional,0.008864,21.596160,0.075776,21.680800
3706,traditional,0.008736,21.515264,0.076800,21.600800
3707,traditional,0.009408,21.542912,0.076800,21.629120
3708,traditional,0.009440,21.638144,0.075776,21.723360
3709,traditional,0.009312,21.660672,0.076800,21.746784
3710,traditional,0.008576,21.657600,0.075776,21.741952
3711,traditional,0.008896,21.484544,0.075776,21.569216
3712,traditional,0.009120,21.696512,0.075776,21.781408
3713,traditional,0.008096,21.595136,0.075776,21.679008
3714,traditional,0.009216,21.572608,0.076800,21.658624
3715,traditional,0.009152,21.721088,0.076800,21.807040
3716,traditional,0.009088,21.580800,0.076800,21.666688
3717,traditional,0.009408,21.801984,0.076800,21.888192
3718,traditional,0.009312,21.670912,0.075776,21.756000
3719,traditional,0.009632,21.640192,0.076800,21.726624
3720,traditional,0.008896,21.620736,0.075776,21.705408
3721,traditional,0.009408,21.719040,0.076800,21.805248
3722,traditional,0.008704,21.762048,0.076800,21.847552
3723,traditional,0.009696,21.652480,0.075776,21.737952
3724,traditional,0.008704,21.649408,0.075776,21.733888
3725,traditional,0.009248,21.729280,0.076800,21.815328
3726,traditional,0.012576,21.733376,0.075776,21.821728
3727,traditional,0.009632,21.675008,0.075776,21.760416
3728,traditional,0.009408,21.781504,0.075776,21.866688
3729,traditional,0.008960,21.553152,0.075776,21.637888
3730,traditional,0.008992,21.606400,0.075776,21.691168
3731,traditional,0.009280,21.688320,0.075776,21.773376
3732,traditional,0.008992,21.600256,0.076800,21.686048
3733,traditional,0.010080,21.687296,0.075776,21.773152
3734,traditional,0.008800,21.554176,0.076800,21.639776
3735,traditional,0.009504,21.680128,0.075776,21.765408
3736,traditional,0.009920,21.736448,0.076800,21.823168
3737,traditional,0.007552,21.893120,0.076800,21.977472
3738,traditional,0.009312,21.599232,0.075776,21.684320
3739,traditional,0.009376,21.634048,0.076800,21.720224
3740,traditional,0.008576,21.632000,0.075776,21.716352
3741,traditional,0.009344,21.604352,0.075776,21.689472
3742,traditional,0.009632,21.518336,0.075776,21.603744
3743,traditional,0.008704,21.406720,0.075776,21.491200
3744,traditional,0.009440,21.672960,0.075776,21.758176
3745,traditional,0.009216,21.553152,0.075776,21.638144
3746,traditional,0.008672,21.532672,0.075776,21.617120
3747,traditional,0.009152,21.516288,0.076800,21.602240
3748,traditional,0.008256,21.632000,0.075776,21.716032
3749,traditional,0.008832,21.870592,0.075776,21.955200
3750,traditional,0.008992,21.688320,0.076800,21.774112
3751,traditional,0.009728,21.562368,0.076800,21.648896
3752,traditional,0.008800,21.710848,0.075776,21.795424
3753,traditional,0.009312,21.516288,0.075776,21.601376
3754,traditional,0.009056,21.706752,0.075776,21.791584
3755,traditional,0.009568,21.780480,0.075776,21.865824
3756,traditional,0.009152,21.659648,0.075776,21.744576
3757,traditional,0.008800,21.659648,0.076800,21.745248
3758,traditional,0.008768,21.562368,0.075776,21.646912
3759,traditional,0.008192,21.635072,0.075776,21.719040
3760,traditional,0.009216,21.803008,0.076800,21.889024
3761,traditional,0.009344,21.668864,0.076800,21.755008
3762,traditional,0.009280,21.621760,0.075776,21.706816
3763,traditional,0.009056,21.561344,0.075776,21.646176
3764,traditional,0.011840,21.816320,0.075776,21.903936
3765,traditional,0.008704,21.547008,0.075776,21.631488
3766,traditional,0.008960,21.502976,0.074752,21.586688
3767,traditional,0.009600,21.490688,0.076800,21.577088
3768,traditional,0.009696,21.692416,0.075776,21.777888
3769,traditional,0.012000,21.652480,0.075776,21.740256
3770,traditional,0.008928,21.856256,0.076800,21.941984
3771,traditional,0.020000,21.442560,0.075776,21.538336
3772,traditional,0.009984,21.826560,0.075776,21.912320
3773,traditional,0.007872,21.507072,0.075776,21.590720
3774,traditional,0.008544,21.524480,0.074752,21.607776
3775,traditional,0.008512,21.517312,0.075776,21.601600
3776,traditional,0.007520,21.574656,0.075776,21.657952
3777,traditional,0.010048,21.486592,0.075776,21.572416
3778,traditional,0.008960,21.334016,0.075776,21.418752
3779,traditional,0.008512,21.657600,0.076800,21.742912
3780,traditional,0.009216,21.765120,0.075776,21.850112
3781,traditional,0.009440,21.613568,0.076800,21.699808
3782,traditional,0.009856,21.614592,0.075776,21.700224
3783,traditional,0.009696,21.765120,0.076800,21.851616
3784,traditional,0.009024,21.695488,0.075776,21.780288
3785,traditional,0.009600,21.590016,0.075776,21.675392
3786,traditional,0.008896,21.636096,0.076800,21.721792
3787,traditional,0.009536,21.590016,0.075776,21.675328
3788,traditional,0.009408,21.549056,0.076800,21.635264
3789,traditional,0.009760,21.566464,0.076800,21.653024
3790,traditional,0.009088,21.470208,0.076800,21.556096
3791,traditional,0.008960,21.767168,0.076800,21.852928
3792,traditional,0.009536,21.667840,0.076800,21.754176
3793,traditional,0.009312,21.709824,0.075776,21.794912
3794,traditional,0.009024,21.621760,0.076800,21.707584
3795,traditional,0.008768,21.656576,0.076800,21.742144
3796,traditional,0.009120,21.820416,0.075776,21.905312
3797,traditional,0.009792,21.672960,0.075776,21.758528
3798,traditional,0.009216,21.581824,0.076800,21.667840
3799,traditional,0.009152,21.576704,0.075776,21.661632
3800,traditional,0.008512,21.511168,0.074752,21.594432
3801,traditional,0.008960,21.369856,0.075776,21.454592
3802,traditional,0.009440,21.650432,0.075776,21.735648
3803,traditional,0.009632,21.663744,0.075776,21.749152
3804,traditional,0.009664,21.758976,0.075776,21.844416
3805,traditional,0.009312,21.586944,0.074752,21.671008
3806,traditional,0.015936,21.772288,0.075776,21.864000
3807,traditional,0.007872,21.594112,0.076800,21.678784
3808,traditional,0.010400,21.646336,0.074752,21.731488
3809,traditional,0.008192,21.479424,0.074752,21.562368
3810,traditional,0.009376,21.701632,0.076800,21.787808
3811,traditional,0.009568,21.673984,0.074752,21.758304
3812,traditional,0.008480,21.553152,0.075776,21.637408
3813,traditional,0.009056,21.458944,0.075776,21.543776
3814,traditional,0.008832,21.713920,0.075776,21.798528
3815,traditional,0.008352,21.588992,0.075776,21.673120
3816,traditional,0.009792,21.529600,0.075776,21.615168
3817,traditional,0.009856,21.639168,0.075776,21.724800
3818,traditional,0.009440,21.664768,0.075776,21.749984
3819,traditional,0.008832,21.468160,0.075776,21.552768
3820,traditional,0.009216,21.473280,0.075776,21.558272
3821,traditional,0.009472,21.479424,0.075776,21.564672
3822,traditional,0.008768,21.579776,0.076800,21.665344
3823,traditional,0.009408,21.665792,0.074752,21.749952
3824,traditional,0.010272,21.487616,0.075776,21.573664
3825,traditional,0.009184,21.567488,0.076800,21.653472
3826,traditional,0.009184,21.849088,0.076800,21.935072
3827,traditional,0.008928,21.655552,0.075776,21.740256
3828,traditional,0.009344,21.607424,0.076800,21.693568
3829,traditional,0.008768,21.438464,0.075776,21.523008
3830,traditional,0.008160,21.654528,0.075776,21.738464
3831,traditional,0.008928,21.529600,0.075776,21.614304
3832,traditional,0.008832,21.616640,0.075776,21.701248
3833,traditional,0.009408,21.434368,0.076800,21.520576
3834,traditional,0.009408,21.766144,0.075776,21.851328
3835,traditional,0.009536,21.592064,0.074752,21.676352
3836,traditional,0.009056,21.435392,0.075776,21.520224
3837,traditional,0.009760,21.801984,0.075776,21.887520
3838,traditional,0.008736,21.633024,0.074752,21.716512
3839,traditional,0.009760,21.608448,0.075776,21.693984
3840,traditional,0.009952,21.527552,0.075776,21.613280
3841,traditional,0.008576,21.586944,0.075776,21.671296
3842,traditional,0.008640,21.473280,0.075776,21.557696
3843,traditional,0.008960,21.636096,0.075776,21.720832
3844,traditional,0.009280,21.630976,0.075776,21.716032
3845,traditional,0.009536,21.600256,0.075776,21.685568
3846,traditional,0.009824,21.429248,0.075776,21.514848
3847,traditional,0.009088,21.532672,0.075776,21.617536
3848,traditional,0.009088,21.467136,0.075776,21.552000
3849,traditional,0.009408,21.657600,0.075776,21.742784
3850,traditional,0.009952,21.701632,0.075776,21.787360
3851,traditional,0.008672,21.642240,0.075776,21.726688
3852,traditional,0.007904,21.584896,0.076800,21.669600
3853,traditional,0.009248,21.627904,0.076800,21.713952
3854,traditional,0.010048,21.673984,0.075776,21.759808
3855,traditional,0.008704,21.595136,0.076800,21.680640
3856,traditional,0.009120,21.727232,0.076800,21.813152
3857,traditional,0.008576,21.565440,0.076800,21.650816
3858,traditional,0.009120,21.695488,0.076800,21.781408
3859,traditional,0.009408,21.654528,0.075776,21.739712
3860,traditional,0.009472,21.649408,0.076800,21.735680
3861,traditional,0.008768,21.822464,0.076800,21.908032
3862,traditional,0.008928,21.710848,0.076800,21.796576
3863,traditional,0.008544,21.551104,0.075776,21.635424
3864,traditional,0.009312,21.662720,0.076800,21.748832
3865,traditional,0.009984,21.781504,0.076800,21.868288
3866,traditional,0.009152,21.584896,0.075776,21.669824
3867,traditional,0.008896,21.485568,0.074752,21.569216
3868,traditional,0.008544,21.584896,0.075776,21.669216
3869,traditional,0.008800,21.677056,0.075776,21.761632
3870,traditional,0.008448,21.349376,0.075776,21.433600
3871,traditional,0.009696,21.447680,0.075776,21.533152
3872,traditional,0.009856,21.473280,0.076800,21.559936
3873,traditional,0.009440,21.577728,0.076800,21.663968
3874,traditional,0.009408,21.583872,0.076800,21.670080
3875,traditional,0.009344,21.652480,0.075776,21.737600
3876,traditional,0.009472,21.366784,0.075776,21.452032
3877,traditional,0.008320,21.731328,0.076800,21.816448
3878,traditional,0.008448,21.486592,0.075776,21.570816
3879,traditional,0.009344,21.474304,0.075776,21.559424
3880,traditional,0.009184,21.381120,0.075776,21.466080
3881,traditional,0.008768,21.493760,0.076800,21.579328
3882,traditional,0.009472,21.664768,0.075776,21.750016
3883,traditional,0.009088,21.650432,0.075776,21.735296
3884,traditional,0.008480,21.403648,0.074752,21.486880
3885,traditional,0.009440,21.530624,0.075776,21.615840
3886,traditional,0.008576,21.522432,0.075776,21.606784
3887,traditional,0.009024,21.579776,0.075776,21.664576
3888,traditional,0.009408,21.369856,0.075776,21.455040
3889,traditional,0.009504,21.739520,0.075776,21.824800
3890,traditional,0.008384,21.460992,0.075776,21.545152
3891,traditional,0.009024,21.557248,0.075776,21.642048
3892,traditional,0.009760,21.523456,0.074752,21.607968
3893,traditional,0.009184,21.484544,0.075776,21.569504
3894,traditional,0.009408,21.502976,0.075776,21.588160
3895,traditional,0.009184,21.539840,0.075776,21.624800
3896,traditional,0.013056,21.484544,0.075776,21.573376
3897,traditional,0.009504,21.537792,0.076800,21.624096
3898,traditional,0.009056,21.793792,0.075776,21.878624
3899,traditional,0.008576,21.699584,0.075776,21.783936
3900,traditional,0.009248,21.644288,0.075776,21.729312
3901,traditional,0.009600,21.507072,0.074752,21.591424
3902,traditional,0.008512,21.450752,0.075776,21.535040
3903,traditional,0.009312,21.866496,0.075776,21.951584
3904,traditional,0.010048,21.448704,0.076800,21.535552
3905,traditional,0.009280,21.601280,0.075776,21.686336
3906,traditional,0.009376,21.427200,0.075776,21.512352
3907,traditional,0.009312,21.431296,0.075776,21.516384
3908,traditional,0.009472,21.504000,0.076800,21.590272
3909,traditional,0.009152,21.737472,0.075776,21.822400
3910,traditional,0.009312,21.489664,0.075776,21.574752
3911,traditional,0.008416,21.464064,0.075776,21.548256
3912,traditional,0.008800,21.460992,0.075776,21.545568
3913,traditional,0.009472,21.610496,0.075776,21.695744
3914,traditional,0.008288,21.374976,0.076800,21.460064
3915,traditional,0.008704,21.690368,0.075776,21.774848
3916,traditional,0.009280,21.526528,0.075776,21.611584
3917,traditional,0.009120,21.823488,0.076800,21.909408
3918,traditional,0.009952,21.595136,0.075776,21.680864
3919,traditional,0.009120,21.509120,0.075776,21.594016
3920,traditional,0.009184,21.470208,0.076800,21.556192
3921,traditional,0.008960,21.708800,0.075776,21.793536
3922,traditional,0.009056,21.434368,0.075776,21.519200
3923,traditional,0.009280,21.470208,0.075776,21.555264
3924,traditional,0.007744,21.472256,0.075776,21.555776
3925,traditional,0.009024,21.585920,0.075776,21.670720
3926,traditional,0.008832,21.524480,0.075776,21.609088
3927,traditional,0.009344,21.505024,0.076800,21.591168
3928,traditional,0.008960,21.591040,0.075776,21.675776
3929,traditional,0.008928,21.525504,0.076800,21.611232
3930,traditional,0.009184,21.491712,0.075776,21.576672
3931,traditional,0.009472,21.473280,0.074752,21.557504
3932,traditional,0.009792,21.502976,0.075776,21.588544
3933,traditional,0.009728,21.760000,0.075776,21.845504
3934,traditional,0.009536,21.514240,0.075776,21.599552
3935,traditional,0.008928,21.743616,0.075776,21.828320
3936,traditional,0.008960,21.489664,0.075776,21.574400
3937,traditional,0.008544,21.531648,0.075776,21.615968
3938,traditional,0.009248,21.564416,0.075776,21.649440
3939,traditional,0.008928,21.690368,0.074752,21.774048
3940,traditional,0.009344,21.484544,0.075776,21.569664
3941,traditional,0.008512,21.478400,0.075776,21.562688
3942,traditional,0.009984,21.663744,0.075776,21.749504
3943,traditional,0.009600,21.522432,0.074752,21.606784
3944,traditional,0.008992,21.536768,0.076800,21.622560
3945,traditional,0.009920,21.656576,0.076800,21.743296
3946,traditional,0.009088,21.707776,0.076800,21.793664
3947,traditional,0.009216,21.766144,0.075776,21.851136
3948,traditional,0.011936,21.609472,0.075776,21.697184
3949,traditional,0.010080,21.681152,0.076800,21.768032
3950,traditional,0.008544,21.595136,0.074752,21.678432
3951,traditional,0.008960,21.594112,0.075776,21.678848
3952,traditional,0.007808,21.462016,0.075776,21.545600
3953,traditional,0.009152,21.518336,0.076800,21.604288
3954,traditional,0.009632,21.682176,0.074752,21.766560
3955,traditional,0.009024,21.412864,0.075776,21.497664
3956,traditional,0.007872,21.394432,0.074752,21.477056
3957,traditional,0.008512,21.470208,0.075776,21.554496
3958,traditional,0.008640,21.617664,0.075776,21.702080
3959,traditional,0.008896,21.397504,0.075776,21.482176
3960,traditional,0.009600,21.623808,0.075776,21.709184
3961,traditional,0.009088,21.565440,0.075776,21.650304
3962,traditional,0.008928,21.529600,0.076800,21.615328
3963,traditional,0.009376,21.582848,0.075776,21.668000
3964,traditional,0.008704,21.431296,0.076800,21.516800
3965,traditional,0.009376,21.734400,0.075776,21.819552
3966,traditional,0.009888,21.730304,0.075776,21.815968
3967,traditional,0.008960,21.550080,0.075776,21.634816
3968,traditional,0.009344,21.514240,0.076800,21.600384
3969,traditional,0.009248,21.696512,0.075776,21.781536
3970,traditional,0.008352,21.624832,0.076800,21.709984
3971,traditional,0.007936,21.638144,0.076800,21.722880
3972,traditional,0.009408,21.599232,0.076800,21.685440
3973,traditional,0.008864,21.554176,0.075776,21.638816
3974,traditional,0.009184,21.581824,0.076800,21.667808
3975,traditional,0.009120,21.698560,0.076800,21.784480
3976,traditional,0.010144,21.595136,0.075776,21.681056
3977,traditional,0.009824,21.727232,0.075776,21.812832
3978,traditional,0.008992,21.560320,0.075776,21.645088
3979,traditional,0.008736,21.763072,0.075776,21.847584
3980,traditional,0.009664,21.601280,0.075776,21.686720
3981,traditional,0.009536,21.696512,0.075776,21.781824
3982,traditional,0.009664,21.414912,0.075776,21.500352
3983,traditional,0.011104,21.573632,0.075776,21.660512
3984,traditional,0.008960,21.627904,0.075776,21.712640
3985,traditional,0.008864,21.564416,0.075776,21.649056
3986,traditional,0.008640,21.475328,0.075776,21.559744
3987,traditional,0.009408,21.435392,0.074752,21.519552
3988,traditional,0.008832,21.557248,0.076800,21.642880
3989,traditional,0.009472,21.506048,0.074752,21.590272
3990,traditional,0.008768,21.340160,0.075776,21.424704
3991,traditional,0.009344,21.398528,0.075776,21.483648
3992,traditional,0.009408,21.551104,0.076800,21.637312
3993,traditional,0.009440,21.920768,0.076800,22.007008
3994,traditional,0.008736,21.620736,0.075776,21.705248
3995,traditional,0.008096,21.394432,0.074752,21.477280
3996,traditional,0.008096,21.617664,0.075776,21.701536
3997,traditional,0.008480,21.489664,0.075776,21.573920
3998,traditional,0.009184,21.613568,0.075776,21.698528
3999,traditional,0.009088,21.524480,0.075776,21.609344
4000,traditional,0.009440,21.577728,0.075776,21.662944
4001,traditional,0.009152,21.549056,0.075776,21.633984
4002,traditional,0.009088,21.565440,0.075776,21.650304
4003,traditional,0.009248,21.381120,0.074752,21.465120
4004,traditional,0.008928,21.627904,0.075776,21.712608
4005,traditional,0.009504,21.633024,0.075776,21.718304
4006,traditional,0.008640,21.711872,0.075776,21.796288
4007,traditional,0.008352,21.688320,0.076800,21.773472
4008,traditional,0.008992,21.570560,0.076800,21.656352
4009,traditional,0.009824,21.620736,0.076800,21.707360
4010,traditional,0.008320,21.681152,0.075776,21.765248
4011,traditional,0.009344,21.658624,0.076800,21.744768
4012,traditional,0.009088,21.744640,0.075776,21.829504
4013,traditional,0.021376,21.619712,0.075776,21.716864
4014,traditional,0.009568,21.654528,0.075776,21.739872
4015,traditional,0.009792,21.556224,0.074752,21.640768
4016,traditional,0.009056,21.468160,0.075776,21.552992
4017,traditional,0.009536,21.554176,0.075776,21.639488
4018,traditional,0.009088,21.442560,0.075776,21.527424
4019,traditional,0.009888,21.409792,0.075776,21.495456
4020,traditional,0.008192,21.794816,0.076800,21.879808
4021,traditional,0.009120,21.504000,0.075776,21.588896
4022,traditional,0.008672,21.706752,0.075776,21.791200
4023,traditional,0.008864,21.601280,0.074752,21.684896
4024,traditional,0.008928,21.584896,0.075776,21.669600
4025,traditional,0.009184,21.455872,0.075776,21.540832
4026,traditional,0.009376,21.353472,0.074752,21.437600
4027,traditional,0.008640,21.535744,0.075776,21.620160
4028,traditional,0.008864,21.769216,0.075776,21.853856
4029,traditional,0.009504,21.598208,0.076800,21.684512
4030,traditional,0.009408,21.512192,0.075776,21.597376
4031,traditional,0.008960,21.574656,0.076800,21.660416
4032,traditional,0.009248,21.831680,0.076800,21.917728
4033,traditional,0.009376,21.597184,0.075776,21.682336
4034,traditional,0.008896,21.680128,0.076800,21.765824
4035,traditional,0.008128,21.596160,0.075776,21.680064
4036,traditional,0.010176,21.606400,0.075776,21.692352
4037,traditional,0.008736,21.539840,0.075776,21.624352
4038,traditional,0.009568,21.746688,0.075776,21.832032
4039,traditional,0.009184,21.383168,0.075776,21.468128
4040,traditional,0.008928,21.550080,0.076800,21.635808
4041,traditional,0.010112,21.480448,0.075776,21.566336
4042,traditional,0.008576,21.486592,0.074752,21.569920
4043,traditional,0.008896,21.422080,0.074752,21.505728
4044,traditional,0.008768,21.540864,0.075776,21.625408
4045,traditional,0.009408,21.485568,0.075776,21.570752
4046,traditional,0.008864,21.666816,0.075776,21.751456
4047,traditional,0.008544,21.386240,0.075776,21.470560
4048,traditional,0.009504,21.551104,0.076800,21.637408
4049,traditional,0.008544,21.688320,0.075776,21.772640
4050,traditional,0.009408,21.421056,0.074752,21.505216
4051,traditional,0.008640,21.563392,0.075776,21.647808
4052,traditional,0.008768,21.622784,0.075776,21.707328
4053,traditional,0.009312,21.675008,0.075776,21.760096
4054,traditional,0.008960,21.705728,0.076800,21.791488
4055,traditional,0.008640,21.533696,0.075776,21.618112
4056,traditional,0.009376,21.576704,0.076800,21.662880
4057,traditional,0.009280,21.547008,0.075776,21.632064
4058,traditional,0.008864,21.676032,0.075776,21.760672
4059,traditional,0.009536,21.468160,0.076800,21.554496
4060,traditional,0.012640,21.622784,0.075776,21.711200
4061,traditional,0.009440,21.529600,0.075776,21.614816
4062,traditional,0.009376,21.466112,0.075776,21.551264
4063,traditional,0.008832,21.573632,0.075776,21.658240
4064,traditional,0.009824,21.779456,0.075776,21.865056
4065,traditional,0.009280,21.576704,0.075776,21.661760
4066,traditional,0.009216,21.594112,0.076800,21.680128
4067,traditional,0.009088,21.800960,0.076800,21.886848
4068,traditional,0.009152,21.539840,0.075776,21.624768
4069,traditional,0.009568,21.621760,0.076800,21.708128
4070,traditional,0.008992,21.779456,0.076800,21.865248
4071,traditional,0.007904,21.646336,0.075776,21.730016
4072,traditional,0.009440,21.779456,0.076800,21.865696
4073,traditional,0.009600,21.460992,0.075776,21.546368
4074,traditional,0.009280,21.492736,0.076800,21.578816
4075,traditional,0.009344,21.549056,0.075776,21.634176
4076,traditional,0.008768,21.645312,0.075776,21.729856
4077,traditional,0.008800,21.587968,0.076800,21.673568
4078,traditional,0.009152,21.810176,0.076800,21.896128
4079,traditional,0.008384,21.571584,0.075776,21.655744
4080,traditional,0.008672,21.725184,0.075776,21.809632
4081,traditional,0.009952,21.714944,0.075776,21.800672
4082,traditional,0.012320,21.839872,0.075776,21.927968
4083,traditional,0.009728,21.628928,0.075776,21.714432
4084,traditional,0.009760,21.653504,0.076800,21.740064
4085,traditional,0.009568,21.456896,0.073728,21.540192
4086,traditional,0.008800,20.841472,0.072704,20.922976
4087,traditional,0.008928,20.642816,0.071680,20.723424
4088,traditional,0.008704,20.499456,0.072704,20.580864
4089,traditional,0.008160,20.525056,0.072704,20.605920
4090,traditional,0.008448,20.614144,0.072704,20.695296
4091,traditional,0.008160,20.713472,0.072704,20.794336
4092,traditional,0.009248,20.395008,0.071680,20.475936
4093,traditional,0.008864,20.426752,0.071680,20.507296
4094,traditional,0.008480,20.760576,0.072704,20.841760
4095,traditional,0.008800,20.605952,0.072704,20.687456
4096,traditional,0.008896,24.179712,0.087040,24.275648
4097,traditional,0.010656,24.580096,0.086016,24.676768
4098,traditional,0.010272,24.707072,0.087040,24.804384
4099,traditional,0.010528,24.691712,0.086016,24.788256
4100,traditional,0.010912,24.503296,0.086016,24.600224
4101,traditional,0.010816,24.674304,0.087040,24.772160
4102,traditional,0.010912,24.836096,0.087040,24.934048
4103,traditional,0.010400,24.774656,0.087040,24.872096
4104,traditional,0.010944,20.409344,0.068608,20.488896
4105,traditional,0.009120,18.183168,0.121856,18.314144
4106,traditional,0.014880,22.788096,0.062464,22.865440
4107,traditional,0.007616,25.250816,0.063488,25.321920
4108,traditional,0.007808,25.558016,0.063488,25.629312
4109,traditional,0.008320,27.604992,0.062464,27.675776
4110,traditional,0.007712,27.611136,0.123904,27.742752
4111,traditional,0.012000,25.664512,0.122880,25.799392
4112,traditional,0.012736,25.940992,0.080896,26.034624
4113,traditional,0.009696,23.730176,0.083968,23.823840
4114,traditional,0.009664,23.521280,0.082944,23.613888
4115,traditional,0.010464,23.539712,0.081920,23.632096
4116,traditional,0.010496,23.412736,0.081920,23.505152
4117,traditional,0.009504,23.260160,0.080896,23.350560
4118,traditional,0.009024,23.133184,0.080896,23.223104
4119,traditional,0.010560,23.337984,0.081920,23.430464
4120,traditional,0.010304,22.845440,0.077824,22.933568
4121,traditional,0.010048,21.979136,0.077824,22.067008
4122,traditional,0.009120,22.001664,0.077824,22.088608
4123,traditional,0.009056,21.971968,0.076800,22.057824
4124,traditional,0.009312,21.777408,0.076800,21.863520
4125,traditional,0.009408,21.637120,0.075776,21.722304
4126,traditional,0.008800,21.524480,0.075776,21.609056
4127,traditional,0.008448,21.304320,0.074752,21.387520
4128,traditional,0.009472,21.573632,0.075776,21.658880
4129,traditional,0.008704,21.849088,0.076800,21.934592
4130,traditional,0.009344,21.686272,0.074752,21.770368
4131,traditional,0.008448,21.250048,0.072704,21.331200
4132,traditional,0.008160,21.033984,0.072704,21.114848
4133,traditional,0.008672,20.751360,0.072704,20.832736
4134,traditional,0.008576,20.536320,0.071680,20.616576
4135,traditional,0.008320,20.511744,0.071680,20.591744
4136,traditional,0.009056,20.721664,0.072704,20.803424
4137,traditional,0.009088,20.603904,0.072704,20.685696
4138,traditional,0.008832,20.477952,0.071680,20.558464
4139,traditional,0.008096,20.575232,0.071680,20.655008
4140,traditional,0.009760,22.590464,0.084992,22.685216
4141,traditional,0.010176,24.782848,0.087040,24.880064
4142,traditional,0.010944,24.967168,0.088064,25.066176
4143,traditional,0.011104,25.009152,0.086016,25.106272
4144,traditional,0.010208,24.649728,0.087040,24.746976
4145,traditional,0.010752,24.827904,0.087040,24.925696
4146,traditional,0.011264,24.602624,0.087040,24.700928
4147,traditional,0.010912,24.689664,0.086016,24.786592
4148,traditional,0.010208,22.190080,0.068608,22.268896
4149,traditional,0.008384,18.856960,0.062464,18.927808
4150,traditional,0.008096,20.273152,0.062464,20.343712
4151,traditional,0.007680,25.066496,0.062464,25.136640
4152,traditional,0.008864,25.377792,0.062464,25.449120
4153,traditional,0.007904,27.527168,0.063488,27.598560
4154,traditional,0.007680,25.538560,0.063488,25.609728
4155,traditional,0.007904,27.752448,0.062464,27.822816
4156,traditional,0.007200,26.757120,0.079872,26.844192
4157,traditional,0.010048,22.828032,0.078848,22.916928
4158,traditional,0.009248,22.504448,0.078848,22.592544
4159,traditional,0.010368,22.325248,0.077824,22.413440
4160,traditional,0.010336,22.285312,0.077824,22.373472
4161,traditional,0.009760,21.915648,0.076800,22.002208
4162,traditional,0.008864,21.896192,0.076800,21.981856
4163,traditional,0.008960,21.977088,0.076800,22.062848
4164,traditional,0.009440,21.974016,0.077824,22.061280
4165,traditional,0.009184,21.969920,0.077824,22.056928
4166,traditional,0.008608,22.022144,0.077824,22.108576
4167,traditional,0.008768,22.006784,0.077824,22.093376
4168,traditional,0.008160,21.954560,0.078848,22.041568
4169,traditional,0.009376,21.822464,0.077824,21.909664
4170,traditional,0.009536,21.883904,0.077824,21.971264
4171,traditional,0.009536,21.861376,0.077824,21.948736
4172,traditional,0.008576,21.785600,0.076800,21.870976
4173,traditional,0.009248,21.848064,0.077824,21.935136
4174,traditional,0.009312,21.933056,0.077824,22.020192
4175,traditional,0.008640,22.011904,0.074752,22.095296
4176,traditional,0.008416,21.161984,0.073728,21.244128
4177,traditional,0.008832,21.104640,0.073728,21.187200
4178,traditional,0.008544,21.027840,0.073728,21.110112
4179,traditional,0.008928,20.919296,0.072704,21.000928
4180,traditional,0.008288,20.762624,0.072704,20.843616
4181,traditional,0.008352,20.833280,0.074752,20.916384
4182,traditional,0.009824,20.992000,0.073728,21.075552
4183,traditional,0.008704,20.869120,0.073728,20.951552
4184,traditional,0.008096,21.005312,0.074752,21.088160
4185,traditional,0.008608,21.899264,0.077824,21.985696
4186,traditional,0.010016,21.850112,0.077824,21.937952
4187,traditional,0.009312,22.023168,0.077824,22.110304
4188,traditional,0.009376,22.121472,0.077824,22.208672
4189,traditional,0.009696,21.959680,0.076800,22.046176
4190,traditional,0.008576,22.041600,0.076800,22.126976
4191,traditional,0.008864,21.885952,0.076800,21.971616
4192,traditional,0.009568,21.925888,0.077824,22.013280
4193,traditional,0.009568,21.892096,0.077824,21.979488
4194,traditional,0.009024,21.707776,0.075776,21.792576
4195,traditional,0.008832,21.098496,0.074752,21.182080
4196,traditional,0.008576,21.276672,0.073728,21.358976
4197,traditional,0.008384,20.931584,0.073728,21.013696
4198,traditional,0.008832,21.166080,0.073728,21.248640
4199,traditional,0.008352,20.893696,0.073728,20.975776
4200,traditional,0.008416,20.955136,0.074752,21.038304
4201,traditional,0.008512,21.045248,0.074752,21.128512
4202,traditional,0.008768,20.986880,0.073728,21.069376
4203,traditional,0.009184,21.154816,0.073728,21.237728
4204,traditional,0.009440,20.923392,0.073728,21.006560
4205,traditional,0.008576,21.079040,0.074752,21.162368
4206,traditional,0.008448,21.048320,0.073728,21.130496
4207,traditional,0.016928,21.165056,0.074752,21.256736
4208,traditional,0.009120,21.073920,0.073728,21.156768
4209,traditional,0.009184,21.120000,0.074752,21.203936
4210,traditional,0.009216,21.018624,0.073728,21.101568
4211,traditional,0.008736,21.091328,0.073728,21.173792
4212,traditional,0.009280,21.230592,0.074752,21.314624
4213,traditional,0.009632,21.263360,0.073728,21.346720
4214,traditional,0.008704,21.107712,0.073728,21.190144
4215,traditional,0.007456,21.118976,0.073728,21.200160
4216,traditional,0.009248,21.004288,0.073728,21.087264
4217,traditional,0.008928,20.997120,0.073728,21.079776
4218,traditional,0.008320,21.023744,0.073728,21.105792
4219,traditional,0.008448,20.919296,0.073728,21.001472
4220,traditional,0.009568,21.002240,0.074752,21.086560
4221,traditional,0.007872,21.061632,0.074752,21.144256
4222,traditional,0.008864,21.069824,0.074752,21.153440
4223,traditional,0.008896,21.767168,0.078848,21.854912
4224,traditional,0.009856,22.676480,0.082944,22.769280
4225,traditional,0.014592,23.150592,0.081920,23.247104
4226,traditional,0.009344,22.939648,0.080896,23.029888
4227,traditional,0.009056,23.112704,0.081920,23.203680
4228,traditional,0.010400,23.279616,0.081920,23.371936
4229,traditional,0.009408,22.882304,0.079872,22.971584
4230,traditional,0.010048,22.927360,0.081920,23.019328
4231,traditional,0.009152,22.930432,0.081920,23.021504
4232,traditional,0.008192,21.876736,0.077824,21.962752
4233,traditional,0.008864,21.879808,0.075776,21.964448
4234,traditional,0.008704,21.440512,0.074752,21.523968
4235,traditional,0.009088,21.283840,0.074752,21.367680
4236,traditional,0.007552,21.096448,0.074752,21.178752
4237,traditional,0.008672,21.255168,0.074752,21.338592
4238,traditional,0.008768,21.045248,0.074752,21.128768
4239,traditional,0.009344,21.245952,0.074752,21.330048
4240,traditional,0.009376,21.144576,0.074752,21.228704
4241,traditional,0.009472,21.434368,0.074752,21.518592
4242,traditional,0.008480,21.214208,0.074752,21.297440
4243,traditional,0.008960,21.122048,0.074752,21.205760
4244,traditional,0.009344,21.186560,0.074752,21.270656
4245,traditional,0.009344,21.157888,0.074752,21.241984
4246,traditional,0.008608,21.246976,0.074752,21.330336
4247,traditional,0.008672,21.604352,0.074752,21.687776
4248,traditional,0.009216,21.082112,0.074752,21.166080
4249,traditional,0.008832,21.184512,0.074752,21.268096
4250,traditional,0.008960,21.024768,0.074752,21.108480
4251,traditional,0.009728,21.139456,0.075776,21.224960
4252,traditional,0.009536,21.249024,0.074752,21.333312
4253,traditional,0.008992,21.489664,0.074752,21.573408
4254,traditional,0.009056,21.031936,0.073728,21.114720
4255,traditional,0.008992,21.106688,0.075776,21.191456
4256,traditional,0.008736,21.457920,0.075776,21.542432
4257,traditional,0.009440,21.220352,0.074752,21.304544
4258,traditional,0.008864,21.181440,0.074752,21.265056
4259,traditional,0.009280,21.091328,0.074752,21.175360
4260,traditional,0.008576,21.250048,0.074752,21.333376
4261,traditional,0.009344,21.263360,0.074752,21.347456
4262,traditional,0.009888,21.445632,0.075776,21.531296
4263,traditional,0.009440,21.547008,0.074752,21.631200
4264,traditional,0.009280,21.160960,0.075776,21.246016
4265,traditional,0.008896,21.179392,0.074752,21.263040
4266,traditional,0.008320,21.141504,0.074752,21.224576
4267,traditional,0.009344,21.289984,0.074752,21.374080
4268,traditional,0.016800,21.226496,0.074752,21.318048
4269,traditional,0.008064,21.466112,0.074752,21.548928
4270,traditional,0.008768,21.280768,0.074752,21.364288
4271,traditional,0.008672,21.250048,0.074752,21.333472
4272,traditional,0.009184,21.243904,0.074752,21.327840
4273,traditional,0.010016,21.251072,0.074752,21.335840
4274,traditional,0.008384,21.265408,0.074752,21.348544
4275,traditional,0.008704,21.114880,0.074752,21.198336
4276,traditional,0.007872,21.510144,0.074752,21.592768
4277,traditional,0.009120,21.236736,0.074752,21.320608
4278,traditional,0.009824,21.291008,0.074752,21.375584
4279,traditional,0.009216,21.115904,0.074752,21.199872
4280,traditional,0.008608,21.143552,0.074752,21.226912
4281,traditional,0.009120,21.260288,0.075776,21.345184
4282,traditional,0.009280,21.355520,0.074752,21.439552
4283,traditional,0.009376,21.385216,0.074752,21.469344
4284,traditional,0.009792,21.161984,0.074752,21.246528
4285,traditional,0.008608,21.366784,0.075776,21.451168
4286,traditional,0.009056,21.324800,0.074752,21.408608
4287,traditional,0.009216,21.284864,0.074752,21.368832
4288,traditional,0.009600,21.121024,0.073728,21.204352
4289,traditional,0.009600,21.207040,0.074752,21.291392
4290,traditional,0.008896,21.117952,0.073728,21.200576
4291,traditional,0.008800,21.579776,0.074752,21.663328
4292,traditional,0.008960,21.340160,0.074752,21.423872
4293,traditional,0.009216,21.214208,0.075776,21.299200
4294,traditional,0.008512,21.491712,0.075776,21.576000
4295,traditional,0.008736,21.187584,0.074752,21.271072
4296,traditional,0.008512,21.217280,0.074752,21.300544
4297,traditional,0.008832,21.158912,0.074752,21.242496
4298,traditional,0.008800,21.227520,0.074752,21.311072
4299,traditional,0.009088,21.092352,0.075776,21.177216
4300,traditional,0.009504,21.196800,0.075776,21.282080
4301,traditional,0.008672,21.622784,0.075776,21.707232
4302,traditional,0.009600,21.316608,0.074752,21.400960
4303,traditional,0.009312,21.245952,0.074752,21.330016
4304,traditional,0.008640,21.103616,0.074752,21.187008
4305,traditional,0.008416,21.299200,0.075776,21.383392
4306,traditional,0.009376,21.326848,0.074752,21.410976
4307,traditional,0.008960,21.113856,0.074752,21.197568
4308,traditional,0.009824,21.287936,0.075776,21.373536
4309,traditional,0.009152,21.274624,0.074752,21.358528
4310,traditional,0.009408,21.483520,0.074752,21.567680
4311,traditional,0.008384,21.568512,0.075776,21.652672
4312,traditional,0.008576,21.148672,0.074752,21.232000
4313,traditional,0.008224,21.377024,0.075776,21.461024
4314,traditional,0.009088,21.281792,0.074752,21.365632
4315,traditional,0.008960,21.342208,0.075776,21.426944
4316,traditional,0.009120,21.377024,0.074752,21.460896
4317,traditional,0.009280,21.227520,0.074752,21.311552
4318,traditional,0.009216,21.268480,0.074752,21.352448
4319,traditional,0.009056,21.251072,0.074752,21.334880
4320,traditional,0.009344,21.585920,0.075776,21.671040
4321,traditional,0.008416,21.275648,0.075776,21.359840
4322,traditional,0.009184,21.262336,0.074752,21.346272
4323,traditional,0.008736,21.142528,0.074752,21.226016
4324,traditional,0.008992,21.181440,0.075776,21.266208
4325,traditional,0.008832,21.462016,0.074752,21.545600
4326,traditional,0.009056,21.173248,0.074752,21.257056
4327,traditional,0.008672,21.220352,0.074752,21.303776
4328,traditional,0.009024,21.130240,0.074752,21.214016
4329,traditional,0.009760,21.177344,0.074752,21.261856
4330,traditional,0.009472,21.227520,0.074752,21.311744
4331,traditional,0.009152,21.057536,0.074752,21.141440
4332,traditional,0.008928,21.192704,0.075776,21.277408
4333,traditional,0.008576,21.054464,0.074752,21.137792
4334,traditional,0.009152,21.496832,0.074752,21.580736
4335,traditional,0.008960,21.323776,0.074752,21.407488
4336,traditional,0.009216,21.310464,0.074752,21.394432
4337,traditional,0.008896,21.176320,0.073728,21.258944
4338,traditional,0.009024,21.125120,0.074752,21.208896
4339,traditional,0.008832,21.215232,0.075776,21.299840
4340,traditional,0.008896,21.310464,0.074752,21.394112
4341,traditional,0.008928,21.214208,0.074752,21.297888
4342,traditional,0.008416,21.170176,0.074752,21.253344
4343,traditional,0.008448,21.238784,0.074752,21.321984
4344,traditional,0.009760,21.139456,0.074752,21.223968
4345,traditional,0.008864,21.368832,0.075776,21.453472
4346,traditional,0.008608,21.207040,0.074752,21.290400
4347,traditional,0.008576,21.420032,0.074752,21.503360
4348,traditional,0.008608,21.070848,0.074752,21.154208
4349,traditional,0.009600,21.311488,0.074752,21.395840
4350,traditional,0.009024,21.308416,0.074752,21.392192
4351,traditional,0.008640,21.136384,0.074752,21.219776
4352,traditional,0.009632,21.132288,0.074752,21.216672
4353,traditional,0.008512,21.292032,0.074752,21.375296
4354,traditional,0.009792,21.188608,0.074752,21.273152
4355,traditional,0.009152,21.248000,0.074752,21.331904
4356,traditional,0.008096,21.300224,0.074752,21.383072
4357,traditional,0.009056,21.153792,0.074752,21.237600
4358,traditional,0.009152,21.349376,0.074752,21.433280
4359,traditional,0.007520,21.226496,0.074752,21.308768
4360,traditional,0.008864,21.283840,0.074752,21.367456
4361,traditional,0.008640,21.143552,0.074752,21.226944
4362,traditional,0.009120,21.354496,0.074752,21.438368
4363,traditional,0.009728,21.328896,0.074752,21.413376
4364,traditional,0.008448,21.271552,0.074752,21.354752
4365,traditional,0.008736,21.254144,0.074752,21.337632
4366,traditional,0.008896,21.168128,0.074752,21.251776
4367,traditional,0.009856,21.154816,0.074752,21.239424
4368,traditional,0.007776,21.138432,0.074752,21.220960
4369,traditional,0.009184,21.267456,0.075776,21.352416
4370,traditional,0.008448,21.316608,0.074752,21.399808
4371,traditional,0.009664,21.312512,0.074752,21.396928
4372,traditional,0.008384,21.209088,0.074752,21.292224
4373,traditional,0.009536,21.381120,0.074752,21.465408
4374,traditional,0.009216,21.397504,0.075776,21.482496
4375,traditional,0.009248,21.306368,0.074752,21.390368
4376,traditional,0.008320,21.390336,0.074752,21.473408
4377,traditional,0.012288,21.149696,0.075776,21.237760
4378,traditional,0.009088,21.220352,0.074752,21.304192
4379,traditional,0.008384,21.129216,0.074752,21.212352
4380,traditional,0.008160,21.225472,0.074752,21.308384
4381,traditional,0.009120,21.334016,0.074752,21.417888
4382,traditional,0.008736,21.273600,0.074752,21.357088
4383,traditional,0.008864,21.046272,0.074752,21.129888
4384,traditional,0.009152,21.180416,0.074752,21.264320
4385,traditional,0.007872,21.029888,0.074752,21.112512
4386,traditional,0.008768,21.154816,0.074752,21.238336
4387,traditional,0.009216,21.298176,0.074752,21.382144
4388,traditional,0.009088,21.371904,0.074752,21.455744
4389,traditional,0.008832,21.339136,0.074752,21.422720
4390,traditional,0.010048,21.186560,0.074752,21.271360
4391,traditional,0.009408,21.326848,0.074752,21.411008
4392,traditional,0.008640,21.241856,0.073728,21.324224
4393,traditional,0.008896,21.470208,0.074752,21.553856
4394,traditional,0.008864,21.081088,0.073728,21.163680
4395,traditional,0.007904,21.178368,0.074752,21.261024
4396,traditional,0.009408,21.283840,0.074752,21.368000
4397,traditional,0.008320,21.363712,0.074752,21.446784
4398,traditional,0.008768,21.152768,0.074752,21.236288
4399,traditional,0.007744,21.294080,0.074752,21.376576
4400,traditional,0.008288,21.115904,0.073728,21.197920
4401,traditional,0.009792,21.213184,0.074752,21.297728
4402,traditional,0.008320,21.148672,0.074752,21.231744
4403,traditional,0.017024,21.171200,0.074752,21.262976
4404,traditional,0.008416,21.225472,0.074752,21.308640
4405,traditional,0.008384,21.124096,0.074752,21.207232
4406,traditional,0.009728,21.219328,0.074752,21.303808
4407,traditional,0.009024,21.479424,0.074752,21.563200
4408,traditional,0.009920,21.424128,0.075776,21.509824
4409,traditional,0.009632,21.261312,0.074752,21.345696
4410,traditional,0.008768,21.250048,0.074752,21.333568
4411,traditional,0.008864,21.157888,0.074752,21.241504
4412,traditional,0.008512,21.343232,0.074752,21.426496
4413,traditional,0.009472,21.262336,0.074752,21.346560
4414,traditional,0.009664,21.362688,0.074752,21.447104
4415,traditional,0.008384,21.201920,0.074752,21.285056
4416,traditional,0.009280,21.150720,0.074752,21.234752
4417,traditional,0.009024,21.355520,0.074752,21.439296
4418,traditional,0.008320,21.190656,0.074752,21.273728
4419,traditional,0.007520,21.166080,0.075776,21.249376
4420,traditional,0.008544,21.303296,0.074752,21.386592
4421,traditional,0.008960,21.051392,0.074752,21.135104
4422,traditional,0.008416,21.085184,0.074752,21.168352
4423,traditional,0.007616,21.444608,0.075776,21.528000
4424,traditional,0.008640,21.926912,0.077824,22.013376
4425,traditional,0.008640,22.108160,0.077824,22.194624
4426,traditional,0.009344,21.907456,0.077824,21.994624
4427,traditional,0.009632,22.027264,0.076800,22.113696
4428,traditional,0.008512,21.984256,0.077824,22.070592
4429,traditional,0.008960,22.124544,0.076800,22.210304
4430,traditional,0.009056,21.962752,0.077824,22.049632
4431,traditional,0.007936,21.825536,0.077824,21.911296
4432,traditional,0.009728,21.818368,0.077824,21.905920
4433,traditional,0.009728,21.749760,0.074752,21.834240
4434,traditional,0.009088,21.273600,0.074752,21.357440
4435,traditional,0.009248,21.116928,0.074752,21.200928
4436,traditional,0.009152,21.257216,0.074752,21.341120
4437,traditional,0.009408,21.325824,0.074752,21.409984
4438,traditional,0.008960,21.286912,0.074752,21.370624
4439,traditional,0.009376,21.075968,0.074752,21.160096
4440,traditional,0.008832,21.113856,0.074752,21.197440
4441,traditional,0.008384,21.190656,0.074752,21.273792
4442,traditional,0.008768,20.985856,0.073728,21.068352
4443,traditional,0.009504,21.294080,0.074752,21.378336
4444,traditional,0.008608,21.218304,0.074752,21.301664
4445,traditional,0.008544,21.106688,0.074752,21.189984
4446,traditional,0.009088,21.060608,0.074752,21.144448
4447,traditional,0.009216,21.300224,0.074752,21.384192
4448,traditional,0.007712,21.231616,0.074752,21.314080
4449,traditional,0.007488,20.957184,0.074752,21.039424
4450,traditional,0.008448,20.974592,0.073728,21.056768
4451,traditional,0.007616,21.202944,0.074752,21.285312
4452,traditional,0.008800,21.111808,0.074752,21.195360
4453,traditional,0.008704,21.225472,0.074752,21.308928
4454,traditional,0.009344,21.191680,0.074752,21.275776
4455,traditional,0.008704,21.287936,0.073728,21.370368
4456,traditional,0.008672,21.142528,0.073728,21.224928
4457,traditional,0.008896,21.147648,0.074752,21.231296
4458,traditional,0.008992,21.321728,0.073728,21.404448
4459,traditional,0.009376,21.111808,0.074752,21.195936
4460,traditional,0.008864,21.172224,0.074752,21.255840
4461,traditional,0.008384,21.049344,0.073728,21.131456
4462,traditional,0.009376,22.214656,0.078848,22.302880
4463,traditional,0.009184,22.291456,0.079872,22.380512
4464,traditional,0.009088,22.489088,0.078848,22.577024
4465,traditional,0.009184,22.483968,0.078848,22.572000
4466,traditional,0.009792,22.615040,0.079872,22.704704
4467,traditional,0.009472,22.777856,0.079872,22.867200
4468,traditional,0.009472,22.796288,0.079872,22.885632
4469,traditional,0.009600,22.793216,0.079872,22.882688
4470,traditional,0.010368,22.641664,0.076800,22.728832
4471,traditional,0.008992,21.996544,0.075776,22.081312
4472,traditional,0.009024,21.601280,0.074752,21.685056
4473,traditional,0.008512,21.203968,0.074752,21.287232
4474,traditional,0.009408,21.259264,0.073728,21.342400
4475,traditional,0.009088,21.069824,0.073728,21.152640
4476,traditional,0.008864,21.028864,0.074752,21.112480
4477,traditional,0.009184,21.164032,0.075776,21.248992
4478,traditional,0.007936,21.092352,0.075776,21.176064
4479,traditional,0.009056,21.257216,0.074752,21.341024
4480,traditional,0.009696,21.192704,0.074752,21.277152
4481,traditional,0.009760,21.165056,0.074752,21.249568
4482,traditional,0.008768,20.912128,0.074752,20.995648
4483,traditional,0.008608,21.178368,0.074752,21.261728
4484,traditional,0.009024,21.124096,0.074752,21.207872
4485,traditional,0.008576,21.251072,0.074752,21.334400
4486,traditional,0.008512,21.221376,0.073728,21.303616
4487,traditional,0.008256,20.967424,0.074752,21.050432
4488,traditional,0.009216,21.085184,0.073728,21.168128
4489,traditional,0.009184,21.141504,0.073728,21.224416
4490,traditional,0.007744,21.313536,0.076800,21.398080
4491,traditional,0.009504,21.947392,0.076800,22.033696
4492,traditional,0.008896,21.884928,0.076800,21.970624
4493,traditional,0.009600,21.903360,0.077824,21.990784
4494,traditional,0.009152,22.080512,0.077824,22.167488
4495,traditional,0.009280,22.004736,0.077824,22.091840
4496,traditional,0.008800,21.954560,0.078848,22.042208
4497,traditional,0.009440,21.875712,0.077824,21.962976
4498,traditional,0.009568,21.803008,0.078848,21.891424
4499,traditional,0.009344,22.039552,0.076800,22.125696
4500,traditional,0.009280,21.835776,0.076800,21.921856
4501,traditional,0.009312,21.498880,0.074752,21.582944
4502,traditional,0.008896,21.232640,0.074752,21.316288
4503,traditional,0.008576,21.299200,0.074752,21.382528
4504,traditional,0.009440,21.100544,0.074752,21.184736
4505,traditional,0.008416,21.156864,0.074752,21.240032
4506,traditional,0.009216,21.150720,0.074752,21.234688
4507,traditional,0.009216,21.126144,0.074752,21.210112
4508,traditional,0.008800,21.100544,0.073728,21.183072
4509,traditional,0.008416,21.089280,0.074752,21.172448
4510,traditional,0.008352,21.464064,0.075776,21.548192
4511,traditional,0.008672,21.112832,0.074752,21.196256
4512,traditional,0.007584,21.324800,0.074752,21.407136
4513,traditional,0.008864,21.146624,0.073728,21.229216
4514,traditional,0.008480,21.062656,0.073728,21.144864
4515,traditional,0.008320,21.074944,0.074752,21.158016
4516,traditional,0.009760,21.117952,0.074752,21.202464
4517,traditional,0.008864,21.147648,0.074752,21.231264
4518,traditional,0.009056,21.510144,0.077824,21.597024
4519,traditional,0.009024,22.073344,0.076800,22.159168
4520,traditional,0.009056,22.028288,0.077824,22.115168
4521,traditional,0.009824,21.850112,0.076800,21.936736
4522,traditional,0.009312,21.975040,0.077824,22.062176
4523,traditional,0.008576,22.183936,0.076800,22.269312
4524,traditional,0.008960,21.841920,0.076800,21.927680
4525,traditional,0.009504,22.039552,0.076800,22.125856
4526,traditional,0.009984,22.086656,0.077824,22.174464
4527,traditional,0.009472,21.851136,0.078848,21.939456
4528,traditional,0.009248,21.906432,0.077824,21.993504
4529,traditional,0.008544,21.968896,0.077824,22.055264
4530,traditional,0.009312,22.091776,0.077824,22.178912
4531,traditional,0.009568,21.956608,0.076800,22.042976
4532,traditional,0.009632,22.064128,0.077824,22.151584
4533,traditional,0.009408,22.000640,0.077824,22.087872
4534,traditional,0.008768,22.083584,0.077824,22.170176
4535,traditional,0.009024,21.951488,0.077824,22.038336
4536,traditional,0.009792,21.909504,0.077824,21.997120
4537,traditional,0.009312,21.856256,0.075776,21.941344
4538,traditional,0.009504,21.578752,0.075776,21.664032
4539,traditional,0.008832,21.353472,0.074752,21.437056
4540,traditional,0.008448,21.216256,0.074752,21.299456
4541,traditional,0.008512,21.177344,0.074752,21.260608
4542,traditional,0.009280,21.107712,0.074752,21.191744
4543,traditional,0.008128,21.243904,0.074752,21.326784
4544,traditional,0.009248,21.389312,0.074752,21.473312
4545,traditional,0.009120,21.213184,0.074752,21.297056
4546,traditional,0.008640,21.138432,0.074752,21.221824
4547,traditional,0.008736,21.308416,0.074752,21.391904
4548,traditional,0.008896,21.216256,0.075776,21.300928
4549,traditional,0.009312,21.380096,0.074752,21.464160
4550,traditional,0.008384,21.099520,0.074752,21.182656
4551,traditional,0.009120,21.202944,0.074752,21.286816
4552,traditional,0.009376,21.159936,0.074752,21.244064
4553,traditional,0.009536,21.303296,0.074752,21.387584
4554,traditional,0.009216,21.532672,0.074752,21.616640
4555,traditional,0.009280,21.421056,0.074752,21.505088
4556,traditional,0.008640,21.239808,0.074752,21.323200
4557,traditional,0.008928,21.214208,0.074752,21.297888
4558,traditional,0.009632,21.491712,0.074752,21.576096
4559,traditional,0.009120,21.437440,0.074752,21.521312
4560,traditional,0.008640,21.173248,0.073728,21.255616
4561,traditional,0.009312,21.151744,0.074752,21.235808
4562,traditional,0.009024,21.151744,0.074752,21.235520
4563,traditional,0.009568,21.342208,0.075776,21.427552
4564,traditional,0.008832,21.311488,0.074752,21.395072
4565,traditional,0.009056,21.289984,0.074752,21.373792
4566,traditional,0.009536,21.137408,0.074752,21.221696
4567,traditional,0.009184,21.409792,0.074752,21.493728
4568,traditional,0.009344,21.224448,0.074752,21.308544
4569,traditional,0.009024,21.114880,0.074752,21.198656
4570,traditional,0.009120,21.201920,0.074752,21.285792
4571,traditional,0.008992,21.278720,0.074752,21.362464
4572,traditional,0.008288,21.139456,0.074752,21.222496
4573,traditional,0.008896,21.283840,0.073728,21.366464
4574,traditional,0.009216,21.132288,0.073728,21.215232
4575,traditional,0.008672,21.197824,0.074752,21.281248
4576,traditional,0.009024,21.272576,0.074752,21.356352
4577,traditional,0.009632,21.116928,0.074752,21.201312
4578,traditional,0.008576,21.271552,0.074752,21.354880
4579,traditional,0.009536,21.210112,0.073728,21.293376
4580,traditional,0.009184,21.040128,0.073728,21.123040
4581,traditional,0.008704,21.184512,0.074752,21.267968
4582,traditional,0.008672,21.204992,0.074752,21.288416
4583,traditional,0.008992,21.146624,0.074752,21.230368
4584,traditional,0.009088,21.515264,0.074752,21.599104
4585,traditional,0.020800,21.086208,0.073728,21.180736
4586,traditional,0.008960,21.273600,0.073728,21.356288
4587,traditional,0.008896,21.080064,0.074752,21.163712
4588,traditional,0.009280,21.607424,0.074752,21.691456
4589,traditional,0.009696,21.325824,0.074752,21.410272
4590,traditional,0.009152,21.198848,0.074752,21.282752
4591,traditional,0.008928,21.168128,0.073728,21.250784
4592,traditional,0.009056,21.185536,0.073728,21.268320
4593,traditional,0.007616,21.265408,0.074752,21.347776
4594,traditional,0.008960,21.335040,0.074752,21.418752
4595,traditional,0.013888,21.398528,0.074752,21.487168
4596,traditional,0.009024,21.358592,0.074752,21.442368
4597,traditional,0.008640,21.092352,0.074752,21.175744
4598,traditional,0.009536,21.553152,0.075776,21.638464
4599,traditional,0.008736,21.275648,0.074752,21.359136
4600,traditional,0.008576,21.223424,0.074752,21.306752
4601,traditional,0.008800,21.184512,0.073728,21.267040
4602,traditional,0.008416,21.285888,0.074752,21.369056
4603,traditional,0.009088,21.380096,0.075776,21.464960
4604,traditional,0.008704,21.192704,0.074752,21.276160
4605,traditional,0.009984,21.299200,0.074752,21.383936
4606,traditional,0.009408,21.231616,0.073728,21.314752
4607,traditional,0.008768,21.403648,0.075776,21.488192
4608,traditional,0.008768,21.405696,0.074752,21.489216
4609,traditional,0.009696,21.208064,0.074752,21.292512
4610,traditional,0.008480,21.089280,0.074752,21.172512
4611,traditional,0.008576,21.277696,0.074752,21.361024
4612,traditional,0.010304,21.713920,0.074752,21.798976
4613,traditional,0.009216,21.181440,0.074752,21.265408
4614,traditional,0.009248,21.988352,0.077824,22.075424
4615,traditional,0.008352,21.968896,0.077824,22.055072
4616,traditional,0.007808,21.983232,0.077824,22.068864
4617,traditional,0.009216,21.908480,0.077824,21.995520
4618,traditional,0.009376,22.035456,0.077824,22.122656
4619,traditional,0.009600,22.092800,0.077824,22.180224
4620,traditional,0.009696,21.974016,0.076800,22.060512
4621,traditional,0.009760,21.984256,0.077824,22.071840
4622,traditional,0.008032,22.112256,0.076800,22.197088
4623,traditional,0.008768,22.006784,0.077824,22.093376
4624,traditional,0.009088,21.646336,0.075776,21.731200
4625,traditional,0.009920,21.327872,0.075776,21.413568
4626,traditional,0.009248,21.576704,0.076800,21.662752
4627,traditional,0.009120,21.376000,0.075776,21.460896
4628,traditional,0.008000,21.470208,0.075776,21.553984
4629,traditional,0.009440,21.519360,0.074752,21.603552
4630,traditional,0.008640,21.579776,0.074752,21.663168
4631,traditional,0.008576,21.601280,0.075776,21.685632
4632,traditional,0.009728,21.482496,0.075776,21.568000
4633,traditional,0.009024,21.273600,0.075776,21.358400
4634,traditional,0.008512,21.454848,0.075776,21.539136
4635,traditional,0.008736,21.550080,0.075776,21.634592
4636,traditional,0.009856,21.517312,0.075776,21.602944
4637,traditional,0.009216,21.472256,0.074752,21.556224
4638,traditional,0.008768,21.477376,0.075776,21.561920
4639,traditional,0.009184,21.619712,0.075776,21.704672
4640,traditional,0.007680,21.361664,0.075776,21.445120
4641,traditional,0.009216,21.449728,0.075776,21.534720
4642,traditional,0.008736,21.520384,0.075776,21.604896
4643,traditional,0.007616,21.363712,0.074752,21.446080
4644,traditional,0.009728,21.396480,0.075776,21.481984
4645,traditional,0.008800,21.460992,0.075776,21.545568
4646,traditional,0.009344,21.484544,0.075776,21.569664
4647,traditional,0.009248,21.424128,0.075776,21.509152
4648,traditional,0.009920,21.548032,0.075776,21.633728
4649,traditional,0.009184,21.428224,0.074752,21.512160
4650,traditional,0.010016,21.530624,0.075776,21.616416
4651,traditional,0.009824,21.541888,0.074752,21.626464
4652,traditional,0.009024,21.494784,0.074752,21.578560
4653,traditional,0.008736,21.523456,0.075776,21.607968
4654,traditional,0.008768,21.410816,0.074752,21.494336
4655,traditional,0.009664,21.463040,0.075776,21.548480
4656,traditional,0.009472,21.598208,0.075776,21.683456
4657,traditional,0.009344,21.366784,0.075776,21.451904
4658,traditional,0.009056,21.482496,0.075776,21.567328
4659,traditional,0.009312,21.424128,0.075776,21.509216
4660,traditional,0.009440,21.549056,0.074752,21.633248
4661,traditional,0.009568,21.385216,0.074752,21.469536
4662,traditional,0.008640,21.468160,0.075776,21.552576
4663,traditional,0.009312,21.443584,0.075776,21.528672
4664,traditional,0.007680,21.531648,0.074752,21.614080
4665,traditional,0.009696,21.476352,0.075776,21.561824
4666,traditional,0.008320,21.530624,0.075776,21.614720
4667,traditional,0.009120,21.502976,0.075776,21.587872
4668,traditional,0.010112,21.497856,0.074752,21.582720
4669,traditional,0.008576,21.478400,0.074752,21.561728
4670,traditional,0.008768,21.419008,0.074752,21.502528
4671,traditional,0.009856,21.506048,0.075776,21.591680
4672,traditional,0.008896,21.528576,0.074752,21.612224
4673,traditional,0.009792,21.523456,0.075776,21.609024
4674,traditional,0.009184,21.535744,0.075776,21.620704
4675,traditional,0.009056,21.416960,0.074752,21.500768
4676,traditional,0.009280,21.417984,0.074752,21.502016
4677,traditional,0.008768,21.358592,0.074752,21.442112
4678,traditional,0.008608,21.445632,0.075776,21.530016
4679,traditional,0.009280,21.488640,0.074752,21.572672
4680,traditional,0.008992,21.516288,0.075776,21.601056
4681,traditional,0.009792,21.447680,0.074752,21.532224
4682,traditional,0.009696,21.166080,0.074752,21.250528
4683,traditional,0.008704,21.422080,0.075776,21.506560
4684,traditional,0.009568,21.495808,0.074752,21.580128
4685,traditional,0.009600,21.596160,0.075776,21.681536
4686,traditional,0.008928,21.332992,0.074752,21.416672
4687,traditional,0.009024,21.381120,0.074752,21.464896
4688,traditional,0.009280,21.531648,0.075776,21.616704
4689,traditional,0.008896,21.470208,0.075776,21.554880
4690,traditional,0.008832,21.447680,0.075776,21.532288
4691,traditional,0.007872,21.538816,0.075776,21.622464
4692,traditional,0.008960,21.383168,0.075776,21.467904
4693,traditional,0.009152,21.506048,0.075776,21.590976
4694,traditional,0.009376,21.630976,0.075776,21.716128
4695,traditional,0.008864,21.436416,0.074752,21.520032
4696,traditional,0.008832,21.472256,0.075776,21.556864
4697,traditional,0.008480,21.367808,0.074752,21.451040
4698,traditional,0.007744,21.541888,0.075776,21.625408
4699,traditional,0.009280,21.612544,0.074752,21.696576
4700,traditional,0.009824,21.454848,0.075776,21.540448
4701,traditional,0.007744,21.521408,0.075776,21.604928
4702,traditional,0.008352,21.405696,0.075776,21.489824
4703,traditional,0.008960,21.424128,0.075776,21.508864
4704,traditional,0.009216,21.354496,0.075776,21.439488
4705,traditional,0.009280,21.494784,0.075776,21.579840
4706,traditional,0.008640,21.423104,0.075776,21.507520
4707,traditional,0.008992,21.600256,0.075776,21.685024
4708,traditional,0.008896,21.399552,0.075776,21.484224
4709,traditional,0.008960,21.506048,0.074752,21.589760
4710,traditional,0.008480,21.398528,0.075776,21.482784
4711,traditional,0.009184,21.485568,0.074752,21.569504
4712,traditional,0.009088,21.467136,0.075776,21.552000
4713,traditional,0.008800,21.515264,0.075776,21.599840
4714,traditional,0.009536,21.608448,0.074752,21.692736
4715,traditional,0.009056,21.579776,0.075776,21.664608
4716,traditional,0.007968,21.518336,0.075776,21.602080
4717,traditional,0.009312,21.497856,0.075776,21.582944
4718,traditional,0.008928,21.492736,0.075776,21.577440
4719,traditional,0.008544,21.532672,0.075776,21.616992
4720,traditional,0.009536,21.351424,0.075776,21.436736
4721,traditional,0.009184,21.478400,0.075776,21.563360
4722,traditional,0.009216,21.469184,0.075776,21.554176
4723,traditional,0.009856,21.551104,0.075776,21.636736
4724,traditional,0.007648,21.526528,0.075776,21.609952
4725,traditional,0.008608,21.465088,0.075776,21.549472
4726,traditional,0.008640,21.542912,0.075776,21.627328
4727,traditional,0.009632,21.566464,0.075776,21.651872
4728,traditional,0.009696,21.457920,0.075776,21.543392
4729,traditional,0.009152,21.452800,0.075776,21.537728
4730,traditional,0.008704,21.552128,0.074752,21.635584
4731,traditional,0.009312,21.320704,0.075776,21.405792
4732,traditional,0.008864,21.526528,0.074752,21.610144
4733,traditional,0.009312,21.364736,0.074752,21.448800
4734,traditional,0.008832,21.386240,0.075776,21.470848
4735,traditional,0.008800,21.485568,0.075776,21.570144
4736,traditional,0.008384,21.620736,0.074752,21.703872
4737,traditional,0.008736,21.470208,0.074752,21.553696
4738,traditional,0.008576,21.624832,0.075776,21.709184
4739,traditional,0.009088,21.532672,0.075776,21.617536
4740,traditional,0.009056,21.573632,0.075776,21.658464
4741,traditional,0.008384,21.480448,0.075776,21.564608
4742,traditional,0.009056,21.447680,0.075776,21.532512
4743,traditional,0.009344,21.445632,0.074752,21.529728
4744,traditional,0.008896,21.468160,0.075776,21.552832
4745,traditional,0.008896,21.527552,0.075776,21.612224
4746,traditional,0.009120,21.575680,0.074752,21.659552
4747,traditional,0.009088,21.433344,0.075776,21.518208
4748,traditional,0.009152,21.545984,0.075776,21.630912
4749,traditional,0.009248,21.440512,0.074752,21.524512
4750,traditional,0.008832,21.573632,0.075776,21.658240
4751,traditional,0.009568,21.467136,0.075776,21.552480
4752,traditional,0.009248,21.481472,0.075776,21.566496
4753,traditional,0.009024,21.657600,0.075776,21.742400
4754,traditional,0.009152,21.379072,0.075776,21.464000
4755,traditional,0.009056,21.505024,0.075776,21.589856
4756,traditional,0.008992,21.441536,0.075776,21.526304
4757,traditional,0.009056,21.472256,0.075776,21.557088
4758,traditional,0.008928,21.570560,0.075776,21.655264
4759,traditional,0.009376,21.508096,0.074752,21.592224
4760,traditional,0.007552,21.435392,0.075776,21.518720
4761,traditional,0.008800,21.466112,0.075776,21.550688
4762,traditional,0.008896,21.518336,0.075776,21.603008
4763,traditional,0.009280,21.399552,0.075776,21.484608
4764,traditional,0.009312,21.534720,0.075776,21.619808
4765,traditional,0.008864,21.577728,0.075776,21.662368
4766,traditional,0.009216,21.330944,0.075776,21.415936
4767,traditional,0.009120,21.489664,0.075776,21.574560
4768,traditional,0.008736,21.355520,0.075776,21.440032
4769,traditional,0.008768,21.398528,0.074752,21.482048
4770,traditional,0.008736,21.459968,0.075776,21.544480
4771,traditional,0.008640,21.671936,0.075776,21.756352
4772,traditional,0.009024,21.404672,0.075776,21.489472
4773,traditional,0.009152,21.405696,0.075776,21.490624
4774,traditional,0.008544,21.602304,0.075776,21.686624
4775,traditional,0.008416,21.467136,0.075776,21.551328
4776,traditional,0.008768,21.520384,0.074752,21.603904
4777,traditional,0.008800,21.681152,0.075776,21.765728
4778,traditional,0.008384,21.356544,0.075776,21.440704
4779,traditional,0.009888,21.388288,0.075776,21.473952
4780,traditional,0.009312,21.450752,0.075776,21.535840
4781,traditional,0.008416,21.466112,0.075776,21.550304
4782,traditional,0.009952,21.562368,0.075776,21.648096
4783,traditional,0.009024,21.591040,0.075776,21.675840
4784,traditional,0.009120,21.428224,0.074752,21.512096
4785,traditional,0.008896,21.460992,0.074752,21.544640
4786,traditional,0.009216,21.659648,0.075776,21.744640
4787,traditional,0.009216,21.638144,0.074752,21.722112
4788,traditional,0.007520,21.089280,0.074752,21.171552
4789,traditional,0.009408,21.497856,0.075776,21.583040
4790,traditional,0.017984,21.395456,0.075776,21.489216
4791,traditional,0.008960,21.422080,0.075776,21.506816
4792,traditional,0.009344,21.511168,0.075776,21.596288
4793,traditional,0.008704,21.449728,0.075776,21.534208
4794,traditional,0.008576,21.479424,0.075776,21.563776
4795,traditional,0.008512,21.315584,0.074752,21.398848
4796,traditional,0.008224,21.482496,0.074752,21.565472
4797,traditional,0.009408,21.346304,0.075776,21.431488
4798,traditional,0.008576,21.489664,0.075776,21.574016
4799,traditional,0.008832,21.393408,0.074752,21.476992
4800,traditional,0.008544,21.259264,0.074752,21.342560
4801,traditional,0.008832,21.373952,0.075776,21.458560
4802,traditional,0.008480,21.633024,0.075776,21.717280
4803,traditional,0.008512,21.540864,0.075776,21.625152
4804,traditional,0.008736,21.368832,0.074752,21.452320
4805,traditional,0.009248,21.221376,0.075776,21.306400
4806,traditional,0.009152,21.436416,0.074752,21.520320
4807,traditional,0.008704,21.291008,0.075776,21.375488
4808,traditional,0.008928,21.414912,0.074752,21.498592
4809,traditional,0.008608,21.193728,0.074752,21.277088
4810,traditional,0.008960,21.347328,0.074752,21.431040
4811,traditional,0.008608,21.414912,0.075776,21.499296
4812,traditional,0.009344,21.526528,0.075776,21.611648
4813,traditional,0.008448,21.322752,0.075776,21.406976
4814,traditional,0.008320,21.492736,0.075776,21.576832
4815,traditional,0.009120,21.401600,0.074752,21.485472
4816,traditional,0.009216,21.536768,0.075776,21.621760
4817,traditional,0.009216,21.406720,0.075776,21.491712
4818,traditional,0.009344,21.523456,0.075776,21.608576
4819,traditional,0.009312,21.513216,0.075776,21.598304
4820,traditional,0.008000,21.421056,0.074752,21.503808
4821,traditional,0.009568,21.494784,0.075776,21.580128
4822,traditional,0.010080,21.366784,0.075776,21.452640
4823,traditional,0.009856,21.447680,0.075776,21.533312
4824,traditional,0.009472,21.443584,0.075776,21.528832
4825,traditional,0.008704,21.617664,0.075776,21.702144
4826,traditional,0.009184,21.560320,0.075776,21.645280
4827,traditional,0.009024,21.346304,0.074752,21.430080
4828,traditional,0.008736,21.421056,0.075776,21.505568
4829,traditional,0.009376,21.438464,0.075776,21.523616
4830,traditional,0.008576,21.588992,0.075776,21.673344
4831,traditional,0.009024,21.523456,0.075776,21.608256
4832,traditional,0.008352,21.449728,0.074752,21.532832
4833,traditional,0.008544,21.414912,0.075776,21.499232
4834,traditional,0.007648,21.415936,0.075776,21.499360
4835,traditional,0.009376,21.383168,0.074752,21.467296
4836,traditional,0.009216,21.543936,0.075776,21.628928
4837,traditional,0.009248,21.410816,0.074752,21.494816
4838,traditional,0.008928,21.517312,0.075776,21.602016
4839,traditional,0.008480,21.416960,0.074752,21.500192
4840,traditional,0.008448,21.491712,0.075776,21.575936
4841,traditional,0.009792,21.553152,0.074752,21.637696
4842,traditional,0.009216,21.443584,0.074752,21.527552
4843,traditional,0.009376,21.592064,0.075776,21.677216
4844,traditional,0.008736,21.416960,0.074752,21.500448
4845,traditional,0.008448,21.590016,0.075776,21.674240
4846,traditional,0.009952,21.381120,0.075776,21.466848
4847,traditional,0.009216,21.475328,0.075776,21.560320
4848,traditional,0.009408,21.413888,0.075776,21.499072
4849,traditional,0.009280,21.539840,0.074752,21.623872
4850,traditional,0.009184,21.336064,0.075776,21.421024
4851,traditional,0.009184,21.534720,0.074752,21.618656
4852,traditional,0.008928,21.460992,0.074752,21.544672
4853,traditional,0.008480,21.470208,0.074752,21.553440
4854,traditional,0.008896,21.313536,0.075776,21.398208
4855,traditional,0.009056,21.484544,0.074752,21.568352
4856,traditional,0.009376,21.498880,0.074752,21.583008
4857,traditional,0.009120,21.607424,0.075776,21.692320
4858,traditional,0.008512,21.229568,0.075776,21.313856
4859,traditional,0.008992,21.515264,0.074752,21.599008
4860,traditional,0.012480,21.471232,0.074752,21.558464
4861,traditional,0.008672,21.365760,0.073728,21.448160
4862,traditional,0.008864,21.453824,0.074752,21.537440
4863,traditional,0.008768,21.382144,0.074752,21.465664
4864,traditional,0.009664,21.516288,0.074752,21.600704
4865,traditional,0.007712,21.446656,0.074752,21.529120
4866,traditional,0.009152,21.341184,0.074752,21.425088
4867,traditional,0.008736,21.608448,0.075776,21.692960
4868,traditional,0.007936,21.464064,0.074752,21.546752
4869,traditional,0.009312,21.349376,0.075776,21.434464
4870,traditional,0.009536,21.574656,0.076800,21.660992
4871,traditional,0.008576,21.479424,0.075776,21.563776
4872,traditional,0.008736,21.394432,0.075776,21.478944
4873,traditional,0.009728,21.603328,0.076800,21.689856
4874,traditional,0.007488,21.455872,0.076800,21.540160
4875,traditional,0.008800,21.580800,0.075776,21.665376
4876,traditional,0.009120,21.647360,0.075776,21.732256
4877,traditional,0.009760,21.487616,0.074752,21.572128
4878,traditional,0.008608,21.484544,0.075776,21.568928
4879,traditional,0.008864,21.576704,0.075776,21.661344
4880,traditional,0.008960,21.398528,0.075776,21.483264
4881,traditional,0.008864,21.672960,0.075776,21.757600
4882,traditional,0.009152,21.400576,0.074752,21.484480
4883,traditional,0.008896,21.350400,0.075776,21.435072
4884,traditional,0.010144,21.463040,0.074752,21.547936
4885,traditional,0.007584,21.206016,0.074752,21.288352
4886,traditional,0.008640,21.287936,0.074752,21.371328
4887,traditional,0.008416,21.471232,0.075776,21.555424
4888,traditional,0.009280,21.456896,0.075776,21.541952
4889,traditional,0.009120,21.392384,0.075776,21.477280
4890,traditional,0.008352,21.622784,0.075776,21.706912
4891,traditional,0.009312,21.538816,0.074752,21.622880
4892,traditional,0.009216,23.205888,0.074752,23.289856
4893,traditional,0.008640,22.815744,0.074752,22.899136
4894,traditional,0.008864,22.603776,0.075776,22.688416
4895,traditional,0.009184,22.807552,0.075776,22.892512
4896,traditional,0.009120,22.871040,0.074752,22.954912
4897,traditional,0.009632,22.756352,0.074752,22.840736
4898,traditional,0.009312,22.457344,0.074752,22.541408
4899,traditional,0.008960,22.633472,0.074752,22.717184
4900,traditional,0.008992,22.555648,0.074752,22.639392
4901,traditional,0.009216,22.824960,0.075776,22.909952
4902,traditional,0.008928,22.884352,0.074752,22.968032
4903,traditional,0.009536,22.787072,0.074752,22.871360
4904,traditional,0.009280,22.791168,0.074752,22.875200
4905,traditional,0.008768,22.682624,0.075776,22.767168
4906,traditional,0.010432,22.807552,0.075776,22.893760
4907,traditional,0.008672,22.718464,0.074752,22.801888
4908,traditional,0.008896,22.684672,0.075776,22.769344
4909,traditional,0.008672,23.059456,0.074752,23.142880
4910,traditional,0.009088,22.871040,0.074752,22.954880
4911,traditional,0.009120,22.778880,0.074752,22.862752
4912,traditional,0.008672,22.575104,0.074752,22.658528
4913,traditional,0.009024,22.669312,0.075776,22.754112
4914,traditional,0.009280,22.807552,0.074752,22.891584
4915,traditional,0.009632,22.578176,0.074752,22.662560
4916,traditional,0.008672,22.675456,0.074752,22.758880
4917,traditional,0.009280,22.663168,0.074752,22.747200
4918,traditional,0.008864,21.432320,0.075776,21.516960
4919,traditional,0.008448,21.379072,0.074752,21.462272
4920,traditional,0.008384,21.536768,0.075776,21.620928
4921,traditional,0.008512,21.659648,0.075776,21.743936
4922,traditional,0.009248,21.307392,0.074752,21.391392
4923,traditional,0.008512,21.515264,0.075776,21.599552
4924,traditional,0.008768,21.620736,0.074752,21.704256
4925,traditional,0.009536,21.474304,0.075776,21.559616
4926,traditional,0.008576,21.543936,0.074752,21.627264
4927,traditional,0.008576,21.402624,0.074752,21.485952
4928,traditional,0.009504,21.457920,0.075776,21.543200
4929,traditional,0.009152,21.494784,0.075776,21.579712
4930,traditional,0.009312,21.645312,0.075776,21.730400
4931,traditional,0.008896,21.385216,0.075776,21.469888
4932,traditional,0.009248,21.558272,0.075776,21.643296
4933,traditional,0.009120,21.509120,0.075776,21.594016
4934,traditional,0.009184,21.567488,0.075776,21.652448
4935,traditional,0.009184,21.322752,0.074752,21.406688
4936,traditional,0.009120,21.390336,0.075776,21.475232
4937,traditional,0.009120,21.680128,0.075776,21.765024
4938,traditional,0.008864,21.458944,0.075776,21.543584
4939,traditional,0.009088,21.608448,0.075776,21.693312
4940,traditional,0.009184,21.515264,0.075776,21.600224
4941,traditional,0.009152,21.489664,0.074752,21.573568
4942,traditional,0.009408,22.328320,0.075776,22.413504
4943,traditional,0.009056,22.311936,0.075776,22.396768
4944,traditional,0.009440,22.456320,0.075776,22.541536
4945,traditional,0.009536,22.471680,0.075776,22.556992
4946,traditional,0.009408,22.292480,0.075776,22.377664
4947,traditional,0.013312,22.571008,0.075776,22.660096
4948,traditional,0.009408,22.379520,0.074752,22.463680
4949,traditional,0.009088,22.207488,0.074752,22.291328
4950,traditional,0.009312,22.318080,0.075776,22.403168
4951,traditional,0.009728,22.321152,0.074752,22.405632
4952,traditional,0.008736,22.155264,0.075776,22.239776
4953,traditional,0.008672,22.482944,0.076800,22.568416
4954,traditional,0.009376,22.385664,0.076800,22.471840
4955,traditional,0.008928,22.433792,0.075776,22.518496
4956,traditional,0.008704,22.405120,0.076800,22.490624
4957,traditional,0.008704,22.491136,0.075776,22.575616
4958,traditional,0.009056,22.578176,0.076800,22.664032
4959,traditional,0.009280,22.523904,0.076800,22.609984
4960,traditional,0.008960,22.454272,0.075776,22.539008
4961,traditional,0.008992,22.297600,0.075776,22.382368
4962,traditional,0.009440,22.476800,0.075776,22.562016
4963,traditional,0.009536,22.236160,0.075776,22.321472
4964,traditional,0.008704,22.387712,0.075776,22.472192
4965,traditional,0.008736,21.398528,0.075776,21.483040
4966,traditional,0.009952,21.491712,0.075776,21.577440
4967,traditional,0.009056,21.583872,0.075776,21.668704
4968,traditional,0.008768,21.288960,0.074752,21.372480
4969,traditional,0.009280,21.256192,0.074752,21.340224
4970,traditional,0.008224,21.240832,0.074752,21.323808
4971,traditional,0.009248,21.424128,0.075776,21.509152
4972,traditional,0.009376,21.490688,0.075776,21.575840
4973,traditional,0.009088,21.687296,0.075776,21.772160
4974,traditional,0.008960,21.362688,0.074752,21.446400
4975,traditional,0.009440,21.226496,0.075776,21.311712
4976,traditional,0.009280,21.456896,0.075776,21.541952
4977,traditional,0.009376,21.569536,0.074752,21.653664
4978,traditional,0.012384,21.335040,0.074752,21.422176
4979,traditional,0.009056,21.544960,0.075776,21.629792
4980,traditional,0.009536,21.498880,0.075776,21.584192
4981,traditional,0.009056,21.434368,0.075776,21.519200
4982,traditional,0.009280,21.301248,0.075776,21.386304
4983,traditional,0.009536,21.417984,0.074752,21.502272
4984,traditional,0.008800,21.517312,0.075776,21.601888
4985,traditional,0.009088,21.557248,0.074752,21.641088
4986,traditional,0.008352,21.366784,0.075776,21.450912
4987,traditional,0.009024,21.679104,0.075776,21.763904
4988,traditional,0.008512,21.473280,0.075776,21.557568
4989,traditional,0.009376,21.518336,0.075776,21.603488
4990,traditional,0.009056,21.451776,0.075776,21.536608
4991,traditional,0.008640,21.106688,0.074752,21.190080
4992,traditional,0.009088,21.390336,0.074752,21.474176
4993,traditional,0.009376,21.389312,0.075776,21.474464
4994,traditional,0.009216,21.499904,0.074752,21.583872
4995,traditional,0.008992,21.493760,0.075776,21.578528
4996,traditional,0.009408,21.500928,0.075776,21.586112
4997,traditional,0.009216,21.638144,0.074752,21.722112
4998,traditional,0.008960,21.558272,0.074752,21.641984
4999,traditional,0.008608,21.384192,0.075776,21.468576
5000,traditional,0.009504,21.471232,0.075776,21.556512
5001,traditional,0.008800,21.474304,0.074752,21.557856
5002,traditional,0.008704,21.436416,0.075776,21.520896
5003,traditional,0.009408,21.485568,0.074752,21.569728
5004,traditional,0.008768,21.153792,0.074752,21.237312
5005,traditional,0.008960,21.388288,0.074752,21.472000
5006,traditional,0.007776,21.329920,0.074752,21.412448
5007,traditional,0.009440,21.221376,0.074752,21.305568
5008,traditional,0.008928,21.465088,0.075776,21.549792
5009,traditional,0.008544,21.276672,0.074752,21.359968
5010,traditional,0.009408,21.490688,0.075776,21.575872
5011,traditional,0.008576,21.625856,0.074752,21.709184
5012,traditional,0.009792,21.378048,0.074752,21.462592
5013,traditional,0.009408,21.492736,0.074752,21.576896
5014,traditional,0.008928,21.769216,0.075776,21.853920
5015,traditional,0.009056,21.529600,0.075776,21.614432
5016,traditional,0.008832,21.665792,0.074752,21.749376
5017,traditional,0.009280,21.420032,0.074752,21.504064
5018,traditional,0.008512,21.435392,0.074752,21.518656
5019,traditional,0.009312,21.316608,0.074752,21.400672
5020,traditional,0.009024,21.363712,0.074752,21.447488
5021,traditional,0.009760,21.239808,0.074752,21.324320
5022,traditional,0.012672,21.599232,0.074752,21.686656
5023,traditional,0.008640,21.410816,0.075776,21.495232
5024,traditional,0.022208,21.534720,0.075776,21.632704
5025,traditional,0.008928,21.471232,0.075776,21.555936
5026,traditional,0.008544,21.527552,0.075776,21.611872
5027,traditional,0.008480,21.479424,0.075776,21.563680
5028,traditional,0.009344,21.518336,0.075776,21.603456
5029,traditional,0.009408,21.558272,0.074752,21.642432
5030,traditional,0.008736,21.446656,0.074752,21.530144
5031,traditional,0.008896,21.532672,0.074752,21.616320
5032,traditional,0.007904,21.538816,0.075776,21.622496
5033,traditional,0.008576,21.414912,0.075776,21.499264
5034,traditional,0.009440,21.463040,0.074752,21.547232
5035,traditional,0.008704,21.576704,0.074752,21.660160
5036,traditional,0.009568,21.403648,0.075776,21.488992
5037,traditional,0.009376,21.577728,0.075776,21.662880
5038,traditional,0.008896,21.373952,0.074752,21.457600
5039,traditional,0.009248,21.372928,0.074752,21.456928
5040,traditional,0.009120,21.293056,0.074752,21.376928
5041,traditional,0.009056,21.568512,0.075776,21.653344
5042,traditional,0.009216,21.344256,0.074752,21.428224
5043,traditional,0.008800,21.579776,0.074752,21.663328
5044,traditional,0.008128,21.501952,0.075776,21.585856
5045,traditional,0.009376,21.379072,0.075776,21.464224
5046,traditional,0.009952,21.522432,0.075776,21.608160
5047,traditional,0.008896,21.598208,0.075776,21.682880
5048,traditional,0.008896,21.609472,0.074752,21.693120
5049,traditional,0.009280,21.585920,0.075776,21.670976
5050,traditional,0.009248,21.306368,0.074752,21.390368
5051,traditional,0.009056,21.171200,0.074752,21.255008
5052,traditional,0.009344,21.524480,0.074752,21.608576
5053,traditional,0.009376,21.459968,0.075776,21.545120
5054,traditional,0.008416,21.363712,0.074752,21.446880
5055,traditional,0.009216,21.319680,0.075776,21.404672
5056,traditional,0.009632,21.464064,0.075776,21.549472
5057,traditional,0.008256,21.574656,0.075776,21.658688
5058,traditional,0.010016,21.570560,0.075776,21.656352
5059,traditional,0.008928,21.453824,0.075776,21.538528
5060,traditional,0.009728,21.378048,0.075776,21.463552
5061,traditional,0.009248,21.393408,0.075776,21.478432
5062,traditional,0.009600,21.541888,0.076800,21.628288
5063,traditional,0.008256,21.419008,0.075776,21.503040
5064,traditional,0.009248,21.463040,0.075776,21.548064
5065,traditional,0.008672,21.537792,0.076800,21.623264
5066,traditional,0.008800,21.643264,0.075776,21.727840
5067,traditional,0.008832,21.413888,0.074752,21.497472
5068,traditional,0.008896,21.348352,0.075776,21.433024
5069,traditional,0.009024,21.584896,0.075776,21.669696
5070,traditional,0.009440,21.327872,0.075776,21.413088
5071,traditional,0.008672,21.484544,0.075776,21.568992
5072,traditional,0.008576,21.410816,0.075776,21.495168
5073,traditional,0.009152,21.496832,0.075776,21.581760
5074,traditional,0.008992,21.648384,0.075776,21.733152
5075,traditional,0.008928,21.470208,0.075776,21.554912
5076,traditional,0.008864,21.517312,0.075776,21.601952
5077,traditional,0.009376,21.439488,0.074752,21.523616
5078,traditional,0.008576,21.536768,0.075776,21.621120
5079,traditional,0.008576,21.380096,0.074752,21.463424
5080,traditional,0.008064,21.460992,0.074752,21.543808
5081,traditional,0.009088,21.237760,0.074752,21.321600
5082,traditional,0.008896,21.512192,0.075776,21.596864
5083,traditional,0.021568,21.512192,0.075776,21.609536
5084,traditional,0.008800,21.415936,0.075776,21.500512
5085,traditional,0.008640,21.307392,0.074752,21.390784
5086,traditional,0.009600,21.446656,0.074752,21.531008
5087,traditional,0.008992,21.358592,0.075776,21.443360
5088,traditional,0.008832,21.409792,0.075776,21.494400
5089,traditional,0.009184,21.481472,0.075776,21.566432
5090,traditional,0.009088,21.396480,0.075776,21.481344
5091,traditional,0.008544,21.570560,0.075776,21.654880
5092,traditional,0.008704,21.398528,0.074752,21.481984
5093,traditional,0.008416,21.280768,0.074752,21.363936
5094,traditional,0.008672,21.464064,0.075776,21.548512
5095,traditional,0.009344,21.506048,0.074752,21.590144
5096,traditional,0.008896,21.598208,0.075776,21.682880
5097,traditional,0.008544,21.446656,0.074752,21.529952
5098,traditional,0.008576,21.151744,0.074752,21.235072
5099,traditional,0.009536,21.507072,0.075776,21.592384
5100,traditional,0.009504,21.380096,0.074752,21.464352
5101,traditional,0.008928,21.532672,0.075776,21.617376
5102,traditional,0.009472,21.586944,0.074752,21.671168
5103,traditional,0.008832,21.364736,0.074752,21.448320
5104,traditional,0.009152,21.475328,0.075776,21.560256
5105,traditional,0.008704,21.434368,0.074752,21.517824
5106,traditional,0.008544,21.136384,0.073728,21.218656
5107,traditional,0.009408,21.195776,0.075776,21.280960
5108,traditional,0.008960,21.402624,0.074752,21.486336
5109,traditional,0.009312,21.399552,0.075776,21.484640
5110,traditional,0.008608,21.424128,0.075776,21.508512
5111,traditional,0.008992,21.458944,0.075776,21.543712
5112,traditional,0.009376,21.620736,0.075776,21.705888
5113,traditional,0.009248,21.647360,0.075776,21.732384
5114,traditional,0.009216,21.651456,0.075776,21.736448
5115,traditional,0.010016,21.437440,0.074752,21.522208
5116,traditional,0.008672,21.315584,0.075776,21.400032
5117,traditional,0.009280,21.409792,0.074752,21.493824
5118,traditional,0.008928,21.460992,0.075776,21.545696
5119,traditional,0.009248,21.407744,0.075776,21.492768
5120,traditional,0.008864,21.354496,0.075776,21.439136
5121,traditional,0.008384,21.611520,0.075776,21.695680
5122,traditional,0.009056,21.632000,0.074752,21.715808
5123,traditional,0.008768,21.436416,0.075776,21.520960
5124,traditional,0.007840,21.512192,0.075776,21.595808
5125,traditional,0.008640,21.499904,0.075776,21.584320
5126,traditional,0.009184,21.555200,0.075776,21.640160
5127,traditional,0.008960,21.485568,0.074752,21.569280
5128,traditional,0.009952,21.606400,0.075776,21.692128
5129,traditional,0.009664,21.430272,0.074752,21.514688
5130,traditional,0.008736,21.563392,0.075776,21.647904
5131,traditional,0.008512,21.392384,0.074752,21.475648
5132,traditional,0.009056,21.209088,0.074752,21.292896
5133,traditional,0.009344,21.448704,0.075776,21.533824
5134,traditional,0.008480,21.416960,0.075776,21.501216
5135,traditional,0.008288,21.303296,0.074752,21.386336
5136,traditional,0.009760,21.445632,0.074752,21.530144
5137,traditional,0.009440,21.451776,0.075776,21.536992
5138,traditional,0.008800,21.449728,0.074752,21.533280
5139,traditional,0.008960,21.369856,0.074752,21.453568
5140,traditional,0.009152,21.359616,0.075776,21.444544
5141,traditional,0.009248,21.524480,0.074752,21.608480
5142,traditional,0.009280,21.396480,0.075776,21.481536
5143,traditional,0.008800,21.624832,0.074752,21.708384
5144,traditional,0.008736,21.382144,0.074752,21.465632
5145,traditional,0.009344,21.459968,0.074752,21.544064
5146,traditional,0.009184,21.368832,0.075776,21.453792
5147,traditional,0.009248,21.495808,0.074752,21.579808
5148,traditional,0.007872,21.455872,0.075776,21.539520
5149,traditional,0.010336,21.352448,0.074752,21.437536
5150,traditional,0.008960,21.514240,0.075776,21.598976
5151,traditional,0.009376,21.600256,0.075776,21.685408
5152,traditional,0.009824,21.412864,0.074752,21.497440
5153,traditional,0.008736,21.625856,0.074752,21.709344
5154,traditional,0.008512,21.470208,0.075776,21.554496
5155,traditional,0.009152,21.358592,0.075776,21.443520
5156,traditional,0.008512,21.468160,0.075776,21.552448
5157,traditional,0.008608,21.517312,0.075776,21.601696
5158,traditional,0.009376,21.490688,0.075776,21.575840
5159,traditional,0.009184,21.545984,0.075776,21.630944
5160,traditional,0.009504,21.515264,0.075776,21.600544
5161,traditional,0.008512,21.386240,0.074752,21.469504
5162,traditional,0.008960,21.322752,0.074752,21.406464
5163,traditional,0.009408,21.576704,0.075776,21.661888
5164,traditional,0.007648,21.442560,0.075776,21.525984
5165,traditional,0.009376,21.498880,0.075776,21.584032
5166,traditional,0.009088,21.527552,0.075776,21.612416
5167,traditional,0.008832,21.420032,0.075776,21.504640
5168,traditional,0.008704,21.351424,0.074752,21.434880
5169,traditional,0.008928,21.577728,0.075776,21.662432
5170,traditional,0.009184,21.497856,0.074752,21.581792
5171,traditional,0.008512,21.527552,0.074752,21.610816
5172,traditional,0.007712,21.373952,0.075776,21.457440
5173,traditional,0.009472,21.449728,0.074752,21.533952
5174,traditional,0.009024,21.292032,0.075776,21.376832
5175,traditional,0.008704,21.504000,0.076800,21.589504
5176,traditional,0.008640,21.537792,0.075776,21.622208
5177,traditional,0.008928,21.562368,0.075776,21.647072
5178,traditional,0.008928,21.510144,0.076800,21.595872
5179,traditional,0.009248,21.602304,0.075776,21.687328
5180,traditional,0.007808,21.508096,0.076800,21.592704
5181,traditional,0.008992,21.675008,0.075776,21.759776
5182,traditional,0.009440,21.443584,0.075776,21.528800
5183,traditional,0.009056,21.276672,0.075776,21.361504
5184,traditional,0.009056,21.311488,0.075776,21.396320
5185,traditional,0.009024,21.425152,0.074752,21.508928
5186,traditional,0.009024,21.596160,0.075776,21.680960
5187,traditional,0.009152,21.334016,0.074752,21.417920
5188,traditional,0.008960,21.510144,0.074752,21.593856
5189,traditional,0.008928,21.474304,0.075776,21.559008
5190,traditional,0.009280,21.432320,0.074752,21.516352
5191,traditional,0.008928,21.251072,0.075776,21.335776
5192,traditional,0.009152,21.425152,0.074752,21.509056
5193,traditional,0.008960,21.287936,0.075776,21.372672
5194,traditional,0.010048,21.531648,0.074752,21.616448
5195,traditional,0.009056,21.201920,0.074752,21.285728
5196,traditional,0.008608,21.391360,0.075776,21.475744
5197,traditional,0.008960,21.317632,0.074752,21.401344
5198,traditional,0.009216,21.576704,0.075776,21.661696
5199,traditional,0.009184,21.356544,0.074752,21.440480
5200,traditional,0.009376,21.310464,0.074752,21.394592
5201,traditional,0.008896,21.422080,0.075776,21.506752
5202,traditional,0.009376,21.511168,0.075776,21.596320
5203,traditional,0.009408,21.478400,0.075776,21.563584
5204,traditional,0.009984,21.460992,0.075776,21.546752
5205,traditional,0.009120,21.456896,0.075776,21.541792
5206,traditional,0.009344,21.419008,0.075776,21.504128
5207,traditional,0.008480,21.434368,0.074752,21.517600
5208,traditional,0.009120,21.413888,0.075776,21.498784
5209,traditional,0.008544,21.467136,0.075776,21.551456
5210,traditional,0.009792,21.509120,0.075776,21.594688
5211,traditional,0.010656,21.386240,0.075776,21.472672
5212,traditional,0.009120,21.433344,0.075776,21.518240
5213,traditional,0.009312,21.414912,0.075776,21.500000
5214,traditional,0.009152,21.524480,0.075776,21.609408
5215,traditional,0.009120,21.482496,0.075776,21.567392
5216,traditional,0.008736,21.572608,0.075776,21.657120
5217,traditional,0.009440,21.471232,0.075776,21.556448
5218,traditional,0.008768,21.454848,0.075776,21.539392
5219,traditional,0.009120,21.536768,0.075776,21.621664
5220,traditional,0.008832,21.407744,0.075776,21.492352
5221,traditional,0.009184,21.504000,0.075776,21.588960
5222,traditional,0.008832,21.421056,0.075776,21.505664
5223,traditional,0.008800,21.642240,0.075776,21.726816
5224,traditional,0.008544,21.429248,0.075776,21.513568
5225,traditional,0.009440,21.336064,0.075776,21.421280
5226,traditional,0.009408,21.459968,0.075776,21.545152
5227,traditional,0.008960,21.402624,0.075776,21.487360
5228,traditional,0.009312,21.524480,0.075776,21.609568
5229,traditional,0.009408,21.280768,0.075776,21.365952
5230,traditional,0.010080,21.452800,0.075776,21.538656
5231,traditional,0.008512,21.448704,0.074752,21.531968
5232,traditional,0.009536,21.564416,0.075776,21.649728
5233,traditional,0.008992,21.493760,0.075776,21.578528
5234,traditional,0.009152,21.432320,0.075776,21.517248
5235,traditional,0.009888,21.456896,0.075776,21.542560
5236,traditional,0.008832,21.623808,0.075776,21.708416
5237,traditional,0.008608,21.421056,0.074752,21.504416
5238,traditional,0.009760,21.457920,0.075776,21.543456
5239,traditional,0.008224,21.445632,0.075776,21.529632
5240,traditional,0.009760,21.384192,0.075776,21.469728
5241,traditional,0.009504,21.439488,0.075776,21.524768
5242,traditional,0.008608,21.754880,0.075776,21.839264
5243,traditional,0.009248,21.468160,0.074752,21.552160
5244,traditional,0.008288,21.155840,0.074752,21.238880
5245,traditional,0.009024,21.423104,0.075776,21.507904
5246,traditional,0.008864,21.466112,0.074752,21.549728
5247,traditional,0.007744,21.231616,0.074752,21.314112
5248,traditional,0.009088,21.292032,0.075776,21.376896
5249,traditional,0.008576,21.594112,0.075776,21.678464
5250,traditional,0.009472,21.516288,0.074752,21.600512
5251,traditional,0.008800,21.486592,0.074752,21.570144
5252,traditional,0.008800,21.561344,0.074752,21.644896
5253,traditional,0.008672,21.273600,0.075776,21.358048
5254,traditional,0.009728,21.445632,0.075776,21.531136
5255,traditional,0.008576,21.413888,0.075776,21.498240
5256,traditional,0.008672,21.547008,0.074752,21.630432
5257,traditional,0.008992,21.395456,0.074752,21.479200
5258,traditional,0.008608,21.571584,0.074752,21.654944
5259,traditional,0.008576,21.165056,0.074752,21.248384
5260,traditional,0.007584,21.295104,0.075776,21.378464
5261,traditional,0.009280,21.523456,0.074752,21.607488
5262,traditional,0.008864,21.416960,0.074752,21.500576
5263,traditional,0.009248,21.570560,0.074752,21.654560
5264,traditional,0.009120,21.454848,0.074752,21.538720
5265,traditional,0.008960,21.601280,0.075776,21.686016
5266,traditional,0.009664,21.494784,0.075776,21.580224
5267,traditional,0.008512,21.750784,0.074752,21.834048
5268,traditional,0.009856,21.332992,0.074752,21.417600
5269,traditional,0.009152,21.376000,0.074752,21.459904
5270,traditional,0.009024,21.580800,0.075776,21.665600
5271,traditional,0.009408,21.596160,0.074752,21.680320
5272,traditional,0.008576,21.492736,0.074752,21.576064
5273,traditional,0.013088,21.362688,0.075776,21.451552
5274,traditional,0.009120,21.587968,0.076800,21.673888
5275,traditional,0.009504,21.531648,0.075776,21.616928
5276,traditional,0.009472,21.431296,0.074752,21.515520
5277,traditional,0.009440,21.262336,0.073728,21.345504
5278,traditional,0.008672,21.330944,0.074752,21.414368
5279,traditional,0.008928,21.515264,0.074752,21.598944
5280,traditional,0.008576,21.479424,0.075776,21.563776
5281,traditional,0.009280,21.411840,0.075776,21.496896
5282,traditional,0.009536,21.623808,0.075776,21.709120
5283,traditional,0.009696,21.481472,0.076800,21.567968
5284,traditional,0.009216,21.534720,0.075776,21.619712
5285,traditional,0.009056,21.431296,0.075776,21.516128
5286,traditional,0.009472,21.559296,0.075776,21.644544
5287,traditional,0.008704,21.501952,0.075776,21.586432
5288,traditional,0.009568,21.570560,0.075776,21.655904
5289,traditional,0.009248,21.512192,0.075776,21.597216
5290,traditional,0.008992,21.538816,0.075776,21.623584
5291,traditional,0.009344,21.470208,0.075776,21.555328
5292,traditional,0.009216,21.438464,0.074752,21.522432
5293,traditional,0.008832,21.440512,0.074752,21.524096
5294,traditional,0.007648,21.454848,0.075776,21.538272
5295,traditional,0.009088,21.484544,0.075776,21.569408
5296,traditional,0.009248,21.590016,0.075776,21.675040
5297,traditional,0.008672,21.427200,0.075776,21.511648
5298,traditional,0.008384,21.271552,0.074752,21.354688
5299,traditional,0.009184,21.384192,0.075776,21.469152
5300,traditional,0.008512,21.464064,0.075776,21.548352
5301,traditional,0.008576,21.377024,0.075776,21.461376
5302,traditional,0.008736,21.393408,0.075776,21.477920
5303,traditional,0.009184,21.535744,0.075776,21.620704
5304,traditional,0.008960,21.321728,0.075776,21.406464
5305,traditional,0.009440,21.559296,0.075776,21.644512
5306,traditional,0.009248,21.437440,0.075776,21.522464
5307,traditional,0.009248,21.401600,0.075776,21.486624
5308,traditional,0.009856,21.522432,0.075776,21.608064
5309,traditional,0.009024,21.404672,0.074752,21.488448
5310,traditional,0.009440,21.438464,0.075776,21.523680
5311,traditional,0.009472,21.325824,0.075776,21.411072
5312,traditional,0.008704,21.544960,0.075776,21.629440
5313,traditional,0.008992,21.383168,0.074752,21.466912
5314,traditional,0.009184,21.423104,0.075776,21.508064
5315,traditional,0.008928,21.601280,0.074752,21.684960
5316,traditional,0.007616,21.463040,0.075776,21.546432
5317,traditional,0.009440,21.421056,0.075776,21.506272
5318,traditional,0.009440,21.559296,0.075776,21.644512
5319,traditional,0.009216,21.508096,0.075776,21.593088
5320,traditional,0.009408,21.405696,0.074752,21.489856
5321,traditional,0.009408,21.476352,0.075776,21.561536
5322,traditional,0.008768,21.413888,0.075776,21.498432
5323,traditional,0.009088,21.493760,0.075776,21.578624
5324,traditional,0.009376,21.438464,0.075776,21.523616
5325,traditional,0.009536,21.552128,0.075776,21.637440
5326,traditional,0.009184,21.423104,0.075776,21.508064
5327,traditional,0.009472,21.640192,0.074752,21.724416
5328,traditional,0.009344,21.335040,0.074752,21.419136
5329,traditional,0.008736,21.305344,0.074752,21.388832
5330,traditional,0.008512,21.372928,0.075776,21.457216
5331,traditional,0.009344,21.535744,0.075776,21.620864
5332,traditional,0.009728,21.497856,0.075776,21.583360
5333,traditional,0.008288,21.481472,0.075776,21.565536
5334,traditional,0.009216,21.428224,0.075776,21.513216
5335,traditional,0.012768,21.475328,0.074752,21.562848
5336,traditional,0.008960,21.435392,0.075776,21.520128
5337,traditional,0.008992,21.472256,0.075776,21.557024
5338,traditional,0.009120,21.330944,0.075776,21.415840
5339,traditional,0.008768,21.628928,0.076800,21.714496
5340,traditional,0.009888,21.657600,0.074752,21.742240
5341,traditional,0.009312,21.284864,0.074752,21.368928
5342,traditional,0.008896,21.569536,0.075776,21.654208
5343,traditional,0.009056,21.396480,0.075776,21.481312
5344,traditional,0.008000,21.618688,0.075776,21.702464
5345,traditional,0.009088,21.595136,0.075776,21.680000
5346,traditional,0.008704,21.504000,0.075776,21.588480
5347,traditional,0.008960,21.400576,0.075776,21.485312
5348,traditional,0.009312,21.510144,0.075776,21.595232
5349,traditional,0.009600,21.572608,0.075776,21.657984
5350,traditional,0.009216,21.356544,0.075776,21.441536
5351,traditional,0.007520,21.370880,0.074752,21.453152
5352,traditional,0.008608,21.522432,0.075776,21.606816
5353,traditional,0.007936,21.509120,0.075776,21.592832
5354,traditional,0.008544,21.519360,0.075776,21.603680
5355,traditional,0.008928,21.525504,0.074752,21.609184
5356,traditional,0.009504,21.441536,0.075776,21.526816
5357,traditional,0.008448,21.505024,0.074752,21.588224
5358,traditional,0.010016,21.444608,0.074752,21.529376
5359,traditional,0.009440,21.528576,0.075776,21.613792
5360,traditional,0.008640,21.335040,0.075776,21.419456
5361,traditional,0.009184,21.483520,0.074752,21.567456
5362,traditional,0.008704,21.405696,0.075776,21.490176
5363,traditional,0.008864,21.574656,0.075776,21.659296
5364,traditional,0.009408,21.459968,0.075776,21.545152
5365,traditional,0.009504,21.536768,0.075776,21.622048
5366,traditional,0.008608,21.360640,0.075776,21.445024
5367,traditional,0.008960,21.520384,0.075776,21.605120
5368,traditional,0.008672,21.557248,0.075776,21.641696
5369,traditional,0.009600,21.513216,0.075776,21.598592
5370,traditional,0.008512,21.505024,0.075776,21.589312
5371,traditional,0.008576,21.446656,0.075776,21.531008
5372,traditional,0.008896,21.292032,0.075776,21.376704
5373,traditional,0.009600,21.486592,0.074752,21.570944
5374,traditional,0.008928,21.209088,0.074752,21.292768
5375,traditional,0.009408,21.259264,0.074752,21.343424
5376,traditional,0.009056,21.429248,0.075776,21.514080
5377,traditional,0.009472,21.410816,0.075776,21.496064
5378,traditional,0.009312,21.599232,0.075776,21.684320
5379,traditional,0.008928,21.424128,0.075776,21.508832
5380,traditional,0.009440,21.828608,0.074752,21.912800
5381,traditional,0.009056,21.396480,0.075776,21.481312
5382,traditional,0.009312,21.249024,0.075776,21.334112
5383,traditional,0.009184,21.603328,0.074752,21.687264
5384,traditional,0.009216,21.516288,0.074752,21.600256
5385,traditional,0.009312,21.390336,0.075776,21.475424
5386,traditional,0.008928,21.496832,0.074752,21.580512
5387,traditional,0.008768,21.136384,0.074752,21.219904
5388,traditional,0.009344,21.318656,0.074752,21.402752
5389,traditional,0.009920,21.464064,0.075776,21.549760
5390,traditional,0.009376,21.433344,0.074752,21.517472
5391,traditional,0.008960,21.471232,0.075776,21.555968
5392,traditional,0.008800,21.459968,0.075776,21.544544
5393,traditional,0.008960,21.638144,0.075776,21.722880
5394,traditional,0.008448,21.570560,0.075776,21.654784
5395,traditional,0.008640,21.474304,0.075776,21.558720
5396,traditional,0.009696,21.570560,0.075776,21.656032
5397,traditional,0.009952,21.632000,0.075776,21.717728
5398,traditional,0.008608,21.394432,0.074752,21.477792
5399,traditional,0.009408,21.421056,0.074752,21.505216
5400,traditional,0.008928,21.524480,0.075776,21.609184
5401,traditional,0.009120,21.400576,0.074752,21.484448
5402,traditional,0.009152,21.506048,0.074752,21.589952
5403,traditional,0.008448,21.606400,0.074752,21.689600
5404,traditional,0.008224,21.439488,0.074752,21.522464
5405,traditional,0.009760,21.660672,0.075776,21.746208
5406,traditional,0.009376,21.438464,0.075776,21.523616
5407,traditional,0.009504,21.597184,0.075776,21.682464
5408,traditional,0.008928,21.543936,0.074752,21.627616
5409,traditional,0.008544,21.353472,0.073728,21.435744
5410,traditional,0.009696,21.293056,0.074752,21.377504
5411,traditional,0.009312,21.490688,0.074752,21.574752
5412,traditional,0.009376,21.600256,0.074752,21.684384
5413,traditional,0.009728,21.360640,0.074752,21.445120
5414,traditional,0.008928,21.368832,0.074752,21.452512
5415,traditional,0.008640,21.624832,0.075776,21.709248
5416,traditional,0.014944,21.358592,0.074752,21.448288
5417,traditional,0.009216,21.504000,0.075776,21.588992
5418,traditional,0.008832,21.387264,0.074752,21.470848
5419,traditional,0.008960,21.864448,0.074752,21.948160
5420,traditional,0.008896,21.474304,0.074752,21.557952
5421,traditional,0.009056,21.274624,0.074752,21.358432
5422,traditional,0.008736,21.304320,0.075776,21.388832
5423,traditional,0.009280,21.582848,0.075776,21.667904
5424,traditional,0.009152,21.397504,0.074752,21.481408
5425,traditional,0.008704,21.659648,0.074752,21.743104
5426,traditional,0.008992,21.676032,0.075776,21.760800
5427,traditional,0.010208,21.348352,0.074752,21.433312
5428,traditional,0.009408,21.465088,0.074752,21.549248
5429,traditional,0.010048,21.458944,0.075776,21.544768
5430,traditional,0.008512,21.410816,0.075776,21.495104
5431,traditional,0.008864,21.377024,0.074752,21.460640
5432,traditional,0.008320,22.066176,0.075776,22.150272
5433,traditional,0.008032,22.147072,0.074752,22.229856
5434,traditional,0.008448,21.330944,0.074752,21.414144
5435,traditional,0.008256,21.199872,0.075776,21.283904
5436,traditional,0.014560,22.385664,0.074752,22.474976
