frame,renderPath,shadowMs,sceneMs,postProcessMs,frameMs
1,traditional,0.078400,1.133568,0.221184,1.433152
2,traditional,0.089184,1.166336,0.221184,1.476704
3,traditional,0.094304,1.150976,0.223232,1.468512
4,traditional,0.077888,1.717248,0.225280,2.020416
5,traditional,0.082240,1.631232,0.417792,2.131264
6,traditional,0.084896,1.138688,0.221184,1.444768
7,traditional,0.077728,1.137664,0.224256,1.439648
8,traditional,0.079840,1.379328,0.221184,1.680352
9,traditional,0.077408,1.131520,0.222208,1.431136
10,traditional,0.077536,1.145856,0.222208,1.445600
11,traditional,0.081280,1.159168,0.223232,1.463680
12,traditional,0.081120,1.143808,0.221184,1.446112
13,traditional,0.075008,1.626112,0.225280,1.926400
14,traditional,0.077504,1.138688,0.221184,1.437376
15,traditional,0.075264,1.129472,0.221184,1.425920
16,traditional,0.076960,1.140736,0.221184,1.438880
17,traditional,0.077984,1.157120,0.221184,1.456288
18,traditional,0.076928,1.169408,0.220160,1.466496
19,traditional,0.093120,1.161216,0.221184,1.475520
20,traditional,0.084288,1.376256,0.221184,1.681728
21,traditional,0.087488,1.134592,0.222208,1.444288
22,traditional,0.076928,1.129472,0.533504,1.739904
23,traditional,0.092224,1.436672,0.393216,1.922112
24,traditional,0.085024,1.360896,0.222208,1.668128
25,traditional,0.079584,1.586176,0.417792,2.083552
26,traditional,0.091136,1.583104,0.441344,2.115584
27,traditional,0.096256,1.770496,0.225280,2.092032
28,traditional,0.085216,1.583104,0.418816,2.087136
29,traditional,0.088480,1.824768,0.231424,2.144672
30,traditional,0.082016,1.770496,0.232448,2.084960
31,traditional,0.084224,1.150976,0.221184,1.456384
32,traditional,0.086496,1.143808,0.221184,1.451488
33,traditional,0.084000,1.171456,0.221184,1.476640
34,traditional,0.077440,1.166336,0.225280,1.469056
35,traditional,0.075840,1.130496,0.221184,1.427520
36,traditional,0.076416,1.156096,0.221184,1.453696
37,traditional,0.081696,1.347584,0.221184,1.650464
38,traditional,0.076640,1.583104,0.224256,1.884000
39,traditional,0.079616,1.564672,0.416768,2.061056
40,traditional,0.076928,1.185792,0.221184,1.483904
41,traditional,0.075392,1.484800,0.502784,2.062976
42,traditional,0.077312,1.486848,0.407552,1.971712
43,traditional,0.075328,1.137664,0.221184,1.434176
44,traditional,0.077120,1.154048,0.221184,1.452352
45,traditional,0.083264,1.363968,0.222208,1.669440
46,traditional,0.083328,1.625088,0.419840,2.128256
47,traditional,0.081056,1.761280,0.227328,2.069664
48,traditional,0.094464,1.167360,0.221184,1.483008
49,traditional,0.076928,1.135616,0.223232,1.435776
50,traditional,0.078368,1.370112,0.221184,1.669664
51,traditional,0.082816,1.154048,0.221184,1.458048
52,traditional,0.089760,1.570816,0.226304,1.886880
53,traditional,0.081312,1.139712,0.221184,1.442208
54,traditional,0.080512,1.132544,0.562176,1.775232
55,traditional,0.082048,1.377280,0.222208,1.681536
56,traditional,0.081056,1.145856,0.221184,1.448096
57,traditional,0.075360,1.150976,0.221184,1.447520
58,traditional,0.093632,1.395712,0.225280,1.714624
59,traditional,0.084096,1.163264,0.221184,1.468544
60,traditional,0.080064,1.148928,0.221184,1.450176
61,traditional,0.078912,1.342464,0.224256,1.645632
62,traditional,0.081376,1.582080,0.419840,2.083296
63,traditional,0.081152,1.788928,0.230400,2.100480
64,traditional,0.083168,1.148928,0.221184,1.453280
65,traditional,0.087488,1.144832,0.221184,1.453504
66,traditional,0.080896,1.142784,0.221184,1.444864
67,traditional,0.091872,1.170432,0.222208,1.484512
68,traditional,0.080928,1.138688,0.221184,1.440800
69,traditional,0.078176,1.570816,0.225280,1.874272
70,traditional,0.082752,1.142784,0.221184,1.446720
71,traditional,0.077344,1.546240,0.225280,1.848864
72,traditional,0.082272,1.136640,0.221184,1.440096
73,traditional,0.076896,1.560576,0.422912,2.060384
74,traditional,0.082912,1.360896,0.225280,1.669088
75,traditional,0.097152,1.409024,0.221184,1.727360
76,traditional,0.085760,1.557504,0.416768,2.060032
77,traditional,0.083360,1.144832,0.220160,1.448352
78,traditional,0.082016,1.367040,0.221184,1.670240
79,traditional,0.084320,1.600512,0.419840,2.104672
80,traditional,0.082048,1.544192,0.225280,1.851520
81,traditional,0.104224,1.173504,0.225280,1.503008
82,traditional,0.082080,1.369088,0.228352,1.679520
83,traditional,0.091584,1.163264,0.221184,1.476032
84,traditional,0.075936,1.124352,0.221184,1.421472
85,traditional,0.078528,1.152000,0.221184,1.451712
86,traditional,0.076736,1.138688,0.221184,1.436608
87,traditional,0.078176,1.391616,0.221184,1.690976
88,traditional,0.083648,1.547264,0.225280,1.856192
89,traditional,0.076448,1.546240,0.225280,1.847968
90,traditional,0.078848,1.140736,0.224256,1.443840
91,traditional,0.080000,1.391616,0.408576,1.880192
92,traditional,0.081024,1.586176,0.416768,2.083968
93,traditional,0.077760,1.158144,0.225280,1.461184
94,traditional,0.077184,1.137664,0.547840,1.762688
95,traditional,0.075648,1.587200,0.420864,2.083712
96,traditional,0.081472,1.579008,0.418816,2.079296
97,traditional,0.076320,1.150976,0.222208,1.449504
98,traditional,0.078592,1.580032,0.413696,2.072320
99,traditional,0.082560,1.581056,0.416768,2.080384
100,traditional,0.097088,1.178624,0.221184,1.496896
101,traditional,0.079392,1.139712,0.221184,1.440288
102,traditional,0.084384,1.602560,0.420864,2.107808
103,traditional,0.098688,1.767424,0.231424,2.097536
104,traditional,0.082720,1.421312,0.392192,1.896224
105,traditional,0.077216,1.689600,0.442368,2.209184
106,traditional,0.086304,1.581056,0.417792,2.085152
107,traditional,0.086432,1.798144,0.226304,2.110880
108,traditional,0.080448,1.129472,0.222208,1.432128
109,traditional,0.077568,1.430528,0.401408,1.909504
110,traditional,0.072480,1.057792,0.199680,1.329952
111,traditional,0.074880,1.012736,0.198656,1.286272
112,traditional,0.070688,1.231872,0.203776,1.506336
113,traditional,0.076544,1.040384,0.199680,1.316608
114,traditional,0.069568,1.046528,0.200704,1.316800
115,traditional,0.075840,1.217536,0.205824,1.499200
116,traditional,0.071136,1.385472,0.203776,1.660384
117,traditional,0.074528,1.431552,0.382976,1.889056
118,traditional,0.077760,1.423360,0.379904,1.881024
119,traditional,0.075008,1.389568,0.200704,1.665280
120,traditional,0.075168,1.454080,0.380928,1.910176
121,traditional,0.088544,1.434624,0.378880,1.902048
122,traditional,0.070592,1.074176,0.200704,1.345472
123,traditional,0.069120,1.011712,0.198656,1.279488
124,traditional,0.073984,1.040384,0.199680,1.314048
125,traditional,0.069024,1.009664,0.202752,1.281440
126,traditional,0.071936,1.017856,0.205824,1.295616
127,traditional,0.070336,1.260544,0.198656,1.529536
128,traditional,0.069440,1.017856,0.198656,1.285952
129,traditional,0.068096,1.009664,0.198656,1.276416
130,traditional,0.070976,1.033216,0.198656,1.302848
131,traditional,0.077472,1.020928,0.201728,1.300128
132,traditional,0.085856,1.049600,0.198656,1.334112
133,traditional,0.069248,1.050624,0.198656,1.318528
134,traditional,0.069440,1.008640,0.199680,1.277760
135,traditional,0.072704,1.210368,0.202752,1.485824
136,traditional,0.069792,1.431552,0.207872,1.709216
137,traditional,0.070432,1.391616,0.198656,1.660704
138,traditional,0.086816,1.025024,0.199680,1.311520
139,traditional,0.070656,1.321984,0.457728,1.850368
140,traditional,0.075808,1.231872,0.199680,1.507360
141,traditional,0.068640,1.019904,0.202752,1.291296
142,traditional,0.070144,1.016832,0.418816,1.505792
143,traditional,0.076192,1.232896,0.198656,1.507744
144,traditional,0.069984,1.049600,0.198656,1.318240
145,traditional,0.068736,1.337344,0.208896,1.614976
146,traditional,0.071072,1.228800,0.198656,1.498528
147,traditional,0.068800,1.054720,0.424960,1.548480
148,traditional,0.073856,1.392640,0.199680,1.666176
149,traditional,0.068352,1.045504,0.210944,1.324800
150,traditional,0.069344,1.008640,0.198656,1.276640
151,traditional,0.070528,1.024000,0.200704,1.295232
152,traditional,0.068928,1.050624,0.432128,1.551680
153,traditional,0.074560,1.391616,0.199680,1.665856
154,traditional,0.069408,1.056768,0.200704,1.326880
155,traditional,0.073600,1.611776,0.379904,2.065280
156,traditional,0.070528,1.012736,0.199680,1.282944
157,traditional,0.072096,1.052672,0.199680,1.324448
158,traditional,0.076992,1.226752,0.199680,1.503424
159,traditional,0.068000,1.027072,0.199680,1.294752
160,traditional,0.075520,1.552384,0.376832,2.004736
161,traditional,0.069600,1.014784,0.199680,1.284064
162,traditional,0.072992,1.469440,0.390144,1.932576
163,traditional,0.071168,1.017856,0.200704,1.289728
164,traditional,0.071232,1.015808,0.199680,1.286720
165,traditional,0.087136,1.217536,0.200704,1.505376
166,traditional,0.069280,1.039360,0.198656,1.307296
167,traditional,0.069664,1.056768,0.199680,1.326112
168,traditional,0.073280,1.011712,0.199680,1.284672
169,traditional,0.068928,1.329152,0.357376,1.755456
170,traditional,0.076288,1.416192,0.199680,1.692160
171,traditional,0.072224,1.047552,0.451584,1.571360
172,traditional,0.075136,1.214464,0.199680,1.489280
173,traditional,0.091744,1.028096,0.203776,1.323616
174,traditional,0.069952,1.385472,0.461824,1.917248
175,traditional,0.082144,1.463296,0.377856,1.923296
176,traditional,0.073088,1.058816,0.214016,1.345920
177,traditional,0.068032,1.014784,0.479232,1.562048
178,traditional,0.070528,1.022976,0.199680,1.293184
179,traditional,0.068768,1.026048,0.203776,1.298592
180,traditional,0.076832,1.250304,0.199680,1.526816
181,traditional,0.080224,1.310720,0.356352,1.747296
182,traditional,0.072608,1.035264,0.207872,1.315744
183,traditional,0.068544,1.047552,0.199680,1.315776
184,traditional,0.069280,1.019904,0.199680,1.288864
185,traditional,0.087008,1.247232,0.199680,1.533920
186,traditional,0.072768,1.034240,0.199680,1.306688
187,traditional,0.087776,1.069056,0.199680,1.356512
188,traditional,0.095008,1.020928,0.199680,1.315616
189,traditional,0.086176,1.031168,0.200704,1.318048
190,traditional,0.073120,1.024000,0.443392,1.540512
191,traditional,0.070880,1.429504,0.212992,1.713376
192,traditional,0.073120,1.036288,0.200704,1.310112
193,traditional,0.071872,1.531904,0.451584,2.055360
194,traditional,0.076256,1.253376,0.202752,1.532384
195,traditional,0.070368,1.026048,0.199680,1.296096
196,traditional,0.081088,1.087488,0.199680,1.368256
197,traditional,0.067808,1.019904,0.199680,1.287392
198,traditional,0.084672,1.264640,0.203776,1.553088
199,traditional,0.068992,1.075200,0.199680,1.343872
200,traditional,0.075072,1.050624,0.199680,1.325376
201,traditional,0.082432,1.091584,0.199680,1.373696
202,traditional,0.072896,1.031168,0.199680,1.303744
203,traditional,0.071072,1.041408,0.199680,1.312160
204,traditional,0.071072,1.035264,0.198656,1.304992
205,traditional,0.068640,1.074176,0.421888,1.564704
206,traditional,0.075008,1.413120,0.200704,1.688832
207,traditional,0.068416,1.062912,0.430080,1.561408
208,traditional,0.076128,1.439744,0.199680,1.715552
209,traditional,0.079744,1.046528,0.203776,1.330048
210,traditional,0.068896,1.027072,0.199680,1.295648
211,traditional,0.070784,1.215488,0.209920,1.496192
212,traditional,0.073760,1.418240,0.385024,1.877024
213,traditional,0.080544,1.457152,0.388096,1.925792
214,traditional,0.074464,1.296384,0.356352,1.727200
215,traditional,0.075328,1.468416,0.377856,1.921600
216,traditional,0.077024,1.079296,0.199680,1.356000
217,traditional,0.069408,1.041408,0.198656,1.309472
218,traditional,0.070432,1.274880,0.199680,1.544992
219,traditional,0.074880,1.030144,0.198656,1.303680
220,traditional,0.085152,1.067008,0.203776,1.355936
221,traditional,0.079968,1.056768,0.200704,1.337440
222,traditional,0.069632,1.218560,0.199680,1.487872
223,traditional,0.069504,1.318912,0.361472,1.749888
224,traditional,0.074976,1.267712,0.200704,1.543392
225,traditional,0.068576,1.091584,0.404480,1.564640
226,traditional,0.074688,1.272832,0.199680,1.547200
227,traditional,0.069248,1.030144,0.203776,1.303168
228,traditional,0.070016,1.348608,0.462848,1.881472
229,traditional,0.073632,1.456128,0.203776,1.733536
230,traditional,0.074176,1.244160,0.199680,1.518016
231,traditional,0.068576,1.048576,0.203776,1.320928
232,traditional,0.071264,1.236992,0.199680,1.507936
233,traditional,0.068640,1.014784,0.199680,1.283104
234,traditional,0.074080,1.054720,0.199680,1.328480
235,traditional,0.085376,1.042432,0.199680,1.327488
236,traditional,0.075968,1.019904,0.495616,1.591488
237,traditional,0.075200,1.062912,0.378880,1.516992
238,traditional,0.072672,1.311744,0.357376,1.741792
239,traditional,0.069568,1.558528,0.387072,2.015168
240,traditional,0.085760,1.072128,0.199680,1.357568
241,traditional,0.068992,1.610752,0.209920,1.889664
242,traditional,0.085088,1.222656,0.203776,1.511520
243,traditional,0.080864,1.037312,0.199680,1.317856
244,traditional,0.076128,1.047552,0.199680,1.323360
245,traditional,0.072128,1.042432,0.199680,1.314240
246,traditional,0.074048,1.049600,0.487424,1.611072
247,traditional,0.070848,1.299456,0.355328,1.725632
248,traditional,0.077344,1.456128,0.377856,1.911328
249,traditional,0.070208,1.095680,0.203776,1.369664
250,traditional,0.069632,1.628160,0.208896,1.906688
251,traditional,0.074656,1.423360,0.200704,1.698720
252,traditional,0.070048,1.014784,0.199680,1.284512
253,traditional,0.068064,1.074176,0.199680,1.341920
254,traditional,0.070848,1.064960,0.206848,1.342656
255,traditional,0.076224,1.024000,0.198656,1.298880
256,traditional,0.071552,1.056768,0.203776,1.332096
257,traditional,0.070656,1.042432,0.199680,1.312768
258,traditional,0.069344,1.050624,0.199680,1.319648
259,traditional,0.069760,1.069056,0.198656,1.337472
260,traditional,0.078112,1.038336,0.198656,1.315104
261,traditional,0.086432,1.043456,0.199680,1.329568
262,traditional,0.077792,1.034240,0.198656,1.310688
263,traditional,0.084544,1.047552,0.198656,1.330752
264,traditional,0.070368,1.421312,0.203776,1.695456
265,traditional,0.081792,1.299456,0.357376,1.738624
266,traditional,0.070976,1.044480,0.199680,1.315136
267,traditional,0.081280,1.261568,0.206848,1.549696
268,traditional,0.069984,1.208320,0.199680,1.477984
269,traditional,0.069376,1.309696,0.358400,1.737472
270,traditional,0.075744,1.256448,0.199680,1.531872
271,traditional,0.069152,1.086464,0.203776,1.359392
272,traditional,0.068320,1.037312,0.199680,1.305312
273,traditional,0.078912,1.082368,0.199680,1.360960
274,traditional,0.069632,1.019904,0.199680,1.289216
275,traditional,0.068896,1.011712,0.199680,1.280288
276,traditional,0.070496,1.033216,0.199680,1.303392
277,traditional,0.083808,1.061888,0.199680,1.345376
278,traditional,0.068960,1.012736,0.482304,1.564000
279,traditional,0.070688,1.090560,0.199680,1.360928
280,traditional,0.069248,1.044480,0.200704,1.314432
281,traditional,0.071424,1.024000,0.203776,1.299200
282,traditional,0.088064,1.035264,0.199680,1.323008
283,traditional,0.069920,1.027072,0.206848,1.303840
284,traditional,0.087744,1.076224,0.200704,1.364672
285,traditional,0.075232,1.251328,0.203776,1.530336
286,traditional,0.068960,1.025024,0.199680,1.293664
287,traditional,0.068736,1.034240,0.201728,1.304704
288,traditional,0.071072,1.039360,0.198656,1.309088
289,traditional,0.068896,1.045504,0.203776,1.318176
290,traditional,0.068320,1.015808,0.199680,1.283808
291,traditional,0.069984,1.219584,0.203776,1.493344
292,traditional,0.073856,1.050624,0.207872,1.332352
293,traditional,0.068416,1.046528,0.199680,1.314624
294,traditional,0.078816,1.046528,0.199680,1.325024
295,traditional,0.070528,1.031168,0.202752,1.304448
296,traditional,0.069536,1.278976,0.199680,1.548192
297,traditional,0.069632,1.801216,0.215040,2.085888
298,traditional,0.070976,1.219584,0.199680,1.490240
299,traditional,0.069728,1.298432,0.356352,1.724512
300,traditional,0.070208,1.395712,0.199680,1.665600
301,traditional,0.070624,1.040384,0.435200,1.546208
302,traditional,0.075424,1.262592,0.199680,1.537696
303,traditional,0.068384,1.020928,0.203776,1.293088
304,traditional,0.081056,1.044480,0.199680,1.325216
305,traditional,0.081472,1.241088,0.199680,1.522240
306,traditional,0.069312,1.030144,0.199680,1.299136
307,traditional,0.068576,1.025024,0.203776,1.297376
308,traditional,0.068992,1.027072,0.198656,1.294720
309,traditional,0.070272,1.274880,0.205824,1.550976
310,traditional,0.078976,1.044480,0.203776,1.327232
311,traditional,0.075680,1.062912,0.382976,1.521568
312,traditional,0.069792,1.049600,0.203776,1.323168
313,traditional,0.069024,1.029120,0.199680,1.297824
314,traditional,0.070368,1.244160,0.203776,1.518304
315,traditional,0.069696,1.043456,0.199680,1.312832
316,traditional,0.069600,1.445888,0.201728,1.717216
317,traditional,0.076224,1.052672,0.200704,1.329600
318,traditional,0.068448,1.336320,0.467968,1.872736
319,traditional,0.078560,1.259520,0.203776,1.541856
320,traditional,0.068832,1.018880,0.199680,1.287392
321,traditional,0.082912,1.259520,0.199680,1.542112
322,traditional,0.070368,1.395712,0.199680,1.665760
323,traditional,0.072800,1.047552,0.203776,1.324128
324,traditional,0.069888,1.052672,0.199680,1.322240
325,traditional,0.076128,1.278976,0.203776,1.558880
326,traditional,0.077312,1.460224,0.385024,1.922560
327,traditional,0.082752,1.239040,0.203776,1.525568
328,traditional,0.069728,1.024000,0.199680,1.293408
329,traditional,0.070176,1.602560,0.208896,1.881632
330,traditional,0.072448,1.254400,0.199680,1.526528
331,traditional,0.069632,1.097728,0.208896,1.376256
332,traditional,0.069696,1.596416,0.209920,1.876032
333,traditional,0.070272,1.539072,0.356352,1.965696
334,traditional,0.069536,1.029120,0.198656,1.297312
335,traditional,0.077280,1.360896,0.461824,1.900000
336,traditional,0.073472,1.044480,0.447488,1.565440
337,traditional,0.082592,1.253376,0.199680,1.535648
338,traditional,0.070080,1.034240,0.199680,1.304000
339,traditional,0.067712,1.062912,0.199680,1.330304
340,traditional,0.088512,1.457152,0.379904,1.925568
341,traditional,0.069056,1.021952,0.200704,1.291712
342,traditional,0.073568,1.048576,0.199680,1.321824
343,traditional,0.072512,1.390592,0.203776,1.666880
344,traditional,0.076160,1.436672,0.201728,1.714560
345,traditional,0.074048,1.413120,0.200704,1.687872
346,traditional,0.068704,1.058816,0.199680,1.327200
347,traditional,0.068832,1.063936,0.199680,1.332448
348,traditional,0.072704,1.215488,0.203776,1.491968
349,traditional,0.070336,1.429504,0.203776,1.703616
350,traditional,0.070656,1.274880,0.203776,1.549312
351,traditional,0.068768,1.048576,0.414720,1.532064
352,traditional,0.079072,1.256448,0.215040,1.550560
353,traditional,0.072352,1.035264,0.199680,1.307296
354,traditional,0.068320,1.057792,0.203776,1.329888
355,traditional,0.071232,1.602560,0.209920,1.883712
356,traditional,0.069440,1.295360,0.353280,1.718080
357,traditional,0.074848,1.409024,0.202752,1.686624
358,traditional,0.069248,1.064960,0.204800,1.339008
359,traditional,0.072416,1.038336,0.199680,1.310432
360,traditional,0.082848,1.226752,0.200704,1.510304
361,traditional,0.079872,1.102848,0.199680,1.382400
362,traditional,0.069536,1.020928,0.199680,1.290144
363,traditional,0.073120,1.267712,0.199680,1.540512
364,traditional,0.070976,1.057792,0.200704,1.329472
365,traditional,0.075552,1.038336,0.200704,1.314592
366,traditional,0.070880,1.049600,0.424960,1.545440
367,traditional,0.074528,1.438720,0.203776,1.717024
368,traditional,0.074176,1.046528,0.198656,1.319360
369,traditional,0.069504,1.039360,0.195584,1.304448
370,traditional,0.072576,1.234944,0.204800,1.512320
371,traditional,0.073824,1.076224,0.199680,1.349728
372,traditional,0.069856,1.093632,0.200704,1.364192
373,traditional,0.069184,1.036288,0.200704,1.306176
374,traditional,0.069760,1.018880,0.199680,1.288320
375,traditional,0.074592,1.249280,0.200704,1.524576
376,traditional,0.072512,1.049600,0.443392,1.565504
377,traditional,0.075168,1.242112,0.199680,1.516960
378,traditional,0.080704,1.290240,0.358400,1.729344
379,traditional,0.073984,1.210368,0.199680,1.484032
380,traditional,0.072064,1.050624,0.199680,1.322368
381,traditional,0.068832,1.347584,0.457728,1.874144
382,traditional,0.072480,1.546240,0.202752,1.821472
383,traditional,0.072896,1.024000,0.199680,1.296576
384,traditional,0.073120,1.084416,0.203776,1.361312
385,traditional,0.101728,1.668096,0.393216,2.163040
386,traditional,0.086208,1.269760,0.202752,1.558720
387,traditional,0.077568,1.054720,0.200704,1.332992
388,traditional,0.068832,1.441792,0.380928,1.891552
389,traditional,0.070720,1.239040,0.199680,1.509440
390,traditional,0.069120,1.034240,0.200704,1.304064
391,traditional,0.075232,1.069056,0.199680,1.343968
392,traditional,0.071520,1.055744,0.199680,1.326944
393,traditional,0.068832,1.063936,0.199680,1.332448
394,traditional,0.070432,1.643520,0.208896,1.922848
395,traditional,0.071680,1.297408,0.360448,1.729536
396,traditional,0.075328,1.410048,0.200704,1.686080
397,traditional,0.073248,1.088512,0.203776,1.365536
398,traditional,0.073568,1.036288,0.199680,1.309536
399,traditional,0.078848,1.073152,0.199680,1.351680
400,traditional,0.073664,1.058816,0.203776,1.336256
401,traditional,0.072608,1.418240,0.203776,1.694624
402,traditional,0.075968,1.447936,0.382976,1.906880
403,traditional,0.074944,1.429504,0.381952,1.886400
404,traditional,0.073696,1.443840,0.357376,1.874912
405,traditional,0.073632,1.078272,0.199680,1.351584
406,traditional,0.075648,1.232896,0.200704,1.509248
407,traditional,0.073024,1.289216,0.356352,1.718592
408,traditional,0.070528,1.598464,0.380928,2.049920
409,traditional,0.069312,1.031168,0.204800,1.305280
410,traditional,0.069888,1.040384,0.199680,1.309952
411,traditional,0.077856,1.396736,0.199680,1.674272
412,traditional,0.068896,1.039360,0.199680,1.307936
413,traditional,0.075648,1.052672,0.200704,1.329024
414,traditional,0.070848,1.085440,0.443392,1.599680
415,traditional,0.080800,1.454080,0.199680,1.734560
416,traditional,0.070016,1.054720,0.211968,1.336704
417,traditional,0.076000,1.046528,0.204800,1.327328
418,traditional,0.076800,1.339392,0.367616,1.783808
419,traditional,0.072480,1.569792,0.392192,2.034464
420,traditional,0.071648,1.096704,0.435200,1.603552
421,traditional,0.070368,1.292288,0.204800,1.567456
422,traditional,0.072480,1.324032,0.365568,1.762080
423,traditional,0.072032,1.611776,0.386048,2.069856
424,traditional,0.071904,1.105920,0.206848,1.384672
425,traditional,0.070208,1.053696,0.202752,1.326656
426,traditional,0.072352,1.257472,0.207872,1.537696
427,traditional,0.068832,1.075200,0.199680,1.343712
428,traditional,0.069600,1.036288,0.200704,1.306592
429,traditional,0.077920,1.233920,0.200704,1.512544
430,traditional,0.069472,1.060864,0.204800,1.335136
431,traditional,0.078432,1.390592,0.199680,1.668704
432,traditional,0.068768,1.044480,0.199680,1.312928
433,traditional,0.073920,1.671168,0.384000,2.129088
434,traditional,0.070848,1.067008,0.199680,1.337536
435,traditional,0.068704,1.021952,0.199680,1.290336
436,traditional,0.077632,1.219584,0.200704,1.497920
437,traditional,0.067936,1.320960,0.356352,1.745248
438,traditional,0.080864,1.439744,0.200704,1.721312
439,traditional,0.069152,1.088512,0.201728,1.359392
440,traditional,0.076416,1.227776,0.199680,1.503872
441,traditional,0.083680,1.291264,0.360448,1.735392
442,traditional,0.076000,1.254400,0.200704,1.531104
443,traditional,0.069568,1.294336,0.357376,1.721280
444,traditional,0.088704,1.244160,0.201728,1.534592
445,traditional,0.069024,1.054720,0.212992,1.336736
446,traditional,0.069664,1.058816,0.199680,1.328160
447,traditional,0.071776,1.024000,0.203776,1.299552
448,traditional,0.077344,1.075200,0.200704,1.353248
449,traditional,0.070400,1.252352,0.199680,1.522432
450,traditional,0.076992,1.283072,0.357376,1.717440
451,traditional,0.086208,1.048576,0.200704,1.335488
452,traditional,0.070016,1.029120,0.199680,1.298816
453,traditional,0.076544,1.038336,0.199680,1.314560
454,traditional,0.071008,1.016832,0.199680,1.287520
455,traditional,0.069280,1.062912,0.202752,1.334944
456,traditional,0.072160,1.254400,0.205824,1.532384
457,traditional,0.073280,1.488896,0.373760,1.935936
458,traditional,0.072800,1.565696,0.385024,2.023520
459,traditional,0.070272,1.086464,0.221184,1.377920
460,traditional,0.072992,1.612800,0.209920,1.895712
461,traditional,0.071264,1.457152,0.201728,1.730144
462,traditional,0.074272,1.030144,0.199680,1.304096
463,traditional,0.077504,1.054720,0.199680,1.331904
464,traditional,0.075744,1.448960,0.380928,1.905632
465,traditional,0.074560,1.444864,0.378880,1.898304
466,traditional,0.069952,1.087488,0.201728,1.359168
467,traditional,0.071104,1.232896,0.199680,1.503680
468,traditional,0.069216,1.306624,0.369664,1.745504
469,traditional,0.080352,1.470464,0.388096,1.938912
470,traditional,0.075456,1.089536,0.209920,1.374912
471,traditional,0.075456,1.047552,0.495616,1.618624
472,traditional,0.076832,1.495040,0.389120,1.960992
473,traditional,0.075968,1.508352,0.392192,1.976512
474,traditional,0.077952,1.083392,0.431104,1.592448
475,traditional,0.077152,1.257472,0.203776,1.538400
476,traditional,0.073824,1.059840,0.201728,1.335392
477,traditional,0.070336,1.042432,0.202752,1.315520
478,traditional,0.078656,1.296384,0.202752,1.577792
479,traditional,0.076192,1.047552,0.202752,1.326496
480,traditional,0.072352,1.035264,0.206848,1.314464
481,traditional,0.087104,1.063936,0.201728,1.352768
482,traditional,0.070944,1.017856,0.199680,1.288480
483,traditional,0.077472,1.261568,0.199680,1.538720
484,traditional,0.074400,1.401856,0.203776,1.680032
485,traditional,0.078720,1.353728,0.365568,1.798016
486,traditional,0.076480,1.259520,0.199680,1.535680
487,traditional,0.067968,1.060864,0.425984,1.554816
488,traditional,0.073120,1.540096,0.202752,1.815968
489,traditional,0.071712,1.022976,0.429056,1.523744
490,traditional,0.069696,1.514496,0.206848,1.791040
491,traditional,0.085760,1.229824,0.204800,1.520384
492,traditional,0.074656,1.037312,0.199680,1.311648
493,traditional,0.070528,1.086464,0.201728,1.358720
494,traditional,0.069600,1.517568,0.209920,1.797088
495,traditional,0.084224,1.245184,0.201728,1.531136
496,traditional,0.074240,1.452032,0.385024,1.911296
497,traditional,0.071392,1.024000,0.201728,1.297120
498,traditional,0.074912,1.040384,0.202752,1.318048
499,traditional,0.072832,1.054720,0.205824,1.333376
500,traditional,0.075168,1.034240,0.200704,1.310112
501,traditional,0.074880,1.325056,0.371712,1.771648
502,traditional,0.074848,1.457152,0.380928,1.912928
503,traditional,0.070688,1.051648,0.199680,1.322016
504,traditional,0.070016,1.025024,0.199680,1.294720
505,traditional,0.088032,1.030144,0.200704,1.318880
506,traditional,0.070560,1.012736,0.200704,1.284000
507,traditional,0.080832,1.020928,0.483328,1.585088
508,traditional,0.073568,1.241088,0.200704,1.515360
509,traditional,0.070528,1.057792,0.200704,1.329024
510,traditional,0.071680,1.033216,0.199680,1.304576
511,traditional,0.068960,1.355776,0.459776,1.884512
512,traditional,0.078688,1.087488,0.200704,1.366880
513,traditional,0.070176,1.308672,0.373760,1.752608
514,traditional,0.079712,1.442816,0.210944,1.733472
515,traditional,0.076608,1.282048,0.204800,1.563456
516,traditional,0.070624,1.025024,0.199680,1.295328
517,traditional,0.072768,1.045504,0.199680,1.317952
518,traditional,0.070400,1.020928,0.199680,1.291008
519,traditional,0.071744,1.263616,0.199680,1.535040
520,traditional,0.074624,1.029120,0.199680,1.303424
521,traditional,0.080960,1.044480,0.212992,1.338432
522,traditional,0.080160,1.225728,0.199680,1.505568
523,traditional,0.076992,1.327104,0.358400,1.762496
524,traditional,0.076128,1.292288,0.200704,1.569120
525,traditional,0.070784,1.030144,0.199680,1.300608
526,traditional,0.069216,1.334272,0.460800,1.864288
527,traditional,0.078112,1.097728,0.200704,1.376544
528,traditional,0.085440,1.051648,0.199680,1.336768
529,traditional,0.070656,1.247232,0.200704,1.518592
530,traditional,0.069728,1.058816,0.430080,1.558624
531,traditional,0.087552,1.388544,0.199680,1.675776
532,traditional,0.069088,1.046528,0.205824,1.321440
533,traditional,0.074176,1.358848,0.200704,1.633728
534,traditional,0.072736,1.291264,0.366592,1.730592
535,traditional,0.082016,1.030144,0.212992,1.325152
536,traditional,0.069248,1.049600,0.199680,1.318528
537,traditional,0.078880,1.239040,0.203776,1.521696
538,traditional,0.070080,1.437696,0.200704,1.708480
539,traditional,0.093920,1.044480,0.204800,1.343200
540,traditional,0.080576,1.443840,0.381952,1.906368
541,traditional,0.072000,1.018880,0.199680,1.290560
542,traditional,0.071552,1.533952,0.206848,1.812352
543,traditional,0.071520,1.221632,0.204800,1.497952
544,traditional,0.078944,1.210368,0.226304,1.515616
545,traditional,0.097920,1.097728,0.199680,1.395328
546,traditional,0.073376,1.031168,0.199680,1.304224
547,traditional,0.071840,1.264640,0.200704,1.537184
548,traditional,0.080256,1.294336,0.358400,1.732992
549,traditional,0.087648,1.264640,0.199680,1.551968
550,traditional,0.069760,1.024000,0.200704,1.294464
551,traditional,0.068608,1.038336,0.200704,1.307648
552,traditional,0.073312,1.235968,0.200704,1.509984
553,traditional,0.085824,1.296384,0.358400,1.740608
554,traditional,0.069792,1.037312,0.204800,1.311904
555,traditional,0.081280,1.043456,0.199680,1.324416
556,traditional,0.070400,1.065984,0.199680,1.336064
557,traditional,0.074496,1.240064,0.205824,1.520384
558,traditional,0.069728,1.035264,0.203776,1.308768
559,traditional,0.075488,1.244160,0.199680,1.519328
560,traditional,0.081248,1.064960,0.430080,1.576288
561,traditional,0.075232,1.252352,0.199680,1.527264
562,traditional,0.069664,1.069056,0.204800,1.343520
563,traditional,0.068768,1.028096,0.199680,1.296544
564,traditional,0.074272,1.254400,0.199680,1.528352
565,traditional,0.073728,1.473536,0.392192,1.939456
566,traditional,0.079456,1.443840,0.385024,1.908320
567,traditional,0.077824,1.052672,0.199680,1.330176
568,traditional,0.070080,1.038336,0.199680,1.308096
569,traditional,0.072768,1.282048,0.203776,1.558592
570,traditional,0.074784,1.071104,0.199680,1.345568
571,traditional,0.081344,1.228800,0.210944,1.521088
572,traditional,0.072864,1.031168,0.429056,1.533088
573,traditional,0.074720,1.268736,0.216064,1.559520
574,traditional,0.074592,1.452032,0.379904,1.906528
575,traditional,0.071680,1.031168,0.199680,1.302528
576,traditional,0.071456,1.312768,0.373760,1.757984
577,traditional,0.068704,1.069056,0.204800,1.342560
578,traditional,0.076608,1.446912,0.380928,1.904448
579,traditional,0.069888,1.035264,0.199680,1.304832
580,traditional,0.074688,1.037312,0.199680,1.311680
581,traditional,0.076032,1.243136,0.199680,1.518848
582,traditional,0.071360,1.020928,0.199680,1.291968
583,traditional,0.073312,1.038336,0.199680,1.311328
584,traditional,0.070240,1.242112,0.199680,1.512032
585,traditional,0.073952,1.331200,0.359424,1.764576
586,traditional,0.073120,1.544192,0.379904,1.997216
587,traditional,0.074144,1.059840,0.453632,1.587616
588,traditional,0.088448,1.235968,0.200704,1.525120
589,traditional,0.073088,1.020928,0.200704,1.294720
590,traditional,0.077280,1.638400,0.208896,1.924576
591,traditional,0.081088,1.097728,0.432128,1.610944
592,traditional,0.071360,1.413120,0.199680,1.684160
593,traditional,0.068288,1.079296,0.217088,1.364672
594,traditional,0.069504,1.609728,0.211968,1.891200
595,traditional,0.071840,1.073152,0.435200,1.580192
596,traditional,0.083200,1.246208,0.199680,1.529088
597,traditional,0.076160,1.058816,0.206848,1.341824
598,traditional,0.074208,1.040384,0.199680,1.314272
599,traditional,0.076640,1.241088,0.200704,1.518432
600,traditional,0.075872,1.095680,0.199680,1.371232
601,traditional,0.077504,1.025024,0.199680,1.302208
602,traditional,0.087424,1.238016,0.200704,1.526144
603,traditional,0.069408,1.043456,0.423936,1.536800
604,traditional,0.075616,1.422336,0.200704,1.698656
605,traditional,0.068608,1.064960,0.205824,1.339392
606,traditional,0.076480,1.036288,0.200704,1.313472
607,traditional,0.075136,1.251328,0.215040,1.541504
608,traditional,0.081120,1.039360,0.199680,1.320160
609,traditional,0.068704,1.024000,0.200704,1.293408
610,traditional,0.073568,1.257472,0.203776,1.534816
611,traditional,0.070624,1.018880,0.199680,1.289184
612,traditional,0.068992,1.067008,0.203776,1.339776
613,traditional,0.073280,1.035264,0.199680,1.308224
614,traditional,0.079104,1.219584,0.200704,1.499392
615,traditional,0.069728,1.027072,0.199680,1.296480
616,traditional,0.077920,1.045504,0.199680,1.323104
617,traditional,0.070080,1.062912,0.199680,1.332672
618,traditional,0.088192,1.052672,0.199680,1.340544
619,traditional,0.075776,1.227776,0.199680,1.503232
620,traditional,0.072000,1.051648,0.438272,1.561920
621,traditional,0.079616,1.414144,0.200704,1.694464
622,traditional,0.070304,1.029120,0.199680,1.299104
623,traditional,0.070272,1.544192,0.206848,1.821312
624,traditional,0.078144,1.273856,0.203776,1.555776
625,traditional,0.079840,1.562624,0.205824,1.848288
626,traditional,0.078048,1.218560,0.202752,1.499360
627,traditional,0.075136,1.053696,0.199680,1.328512
628,traditional,0.081664,1.055744,0.199680,1.337088
629,traditional,0.067520,1.024000,0.200704,1.292224
630,traditional,0.071072,1.227776,0.200704,1.499552
631,traditional,0.072352,1.048576,0.216064,1.336992
632,traditional,0.074720,1.037312,0.202752,1.314784
633,traditional,0.071552,1.408000,0.199680,1.679232
634,traditional,0.069376,1.050624,0.199680,1.319680
635,traditional,0.075072,1.050624,0.199680,1.325376
636,traditional,0.070976,1.056768,0.199680,1.327424
637,traditional,0.078688,1.040384,0.200704,1.319776
638,traditional,0.083264,1.238016,0.199680,1.520960
639,traditional,0.069024,1.087488,0.438272,1.594784
640,traditional,0.074848,1.077248,0.381952,1.534048
641,traditional,0.069312,1.048576,0.428032,1.545920
642,traditional,0.072416,1.218560,0.200704,1.491680
643,traditional,0.080608,1.078272,0.202752,1.361632
644,traditional,0.069760,1.056768,0.199680,1.326208
645,traditional,0.091584,1.248256,0.203776,1.543616
646,traditional,0.071168,1.238016,0.199680,1.508864
647,traditional,0.068992,1.052672,0.199680,1.321344
648,traditional,0.069312,1.055744,0.199680,1.324736
649,traditional,0.078432,1.226752,0.199680,1.504864
650,traditional,0.074592,1.470464,0.381952,1.927008
651,traditional,0.082944,1.443840,0.378880,1.905664
652,traditional,0.083008,1.061888,0.199680,1.344576
653,traditional,0.079616,1.044480,0.199680,1.323776
654,traditional,0.071904,1.261568,0.199680,1.533152
655,traditional,0.068480,1.073152,0.200704,1.342336
656,traditional,0.075424,1.243136,0.203776,1.522336
657,traditional,0.068224,1.252352,0.202752,1.523328
658,traditional,0.087488,1.470464,0.379904,1.937856
659,traditional,0.069856,1.091584,0.200704,1.362144
660,traditional,0.069728,1.358848,0.461824,1.890400
661,traditional,0.073376,1.311744,0.203776,1.588896
662,traditional,0.070240,1.249280,0.202752,1.522272
663,traditional,0.073792,1.560576,0.461824,2.096192
664,traditional,0.074592,1.231872,0.203776,1.510240
665,traditional,0.073824,1.577984,0.381952,2.033760
666,traditional,0.070400,1.037312,0.199680,1.307392
667,traditional,0.068928,1.018880,0.199680,1.287488
668,traditional,0.076480,1.469440,0.377856,1.923776
669,traditional,0.070368,1.494016,0.381952,1.946336
670,traditional,0.072192,1.088512,0.201728,1.362432
671,traditional,0.079264,1.056768,0.200704,1.336736
672,traditional,0.071712,1.029120,0.200704,1.301536
673,traditional,0.068960,1.072128,0.208896,1.349984
674,traditional,0.070208,1.079296,0.200704,1.350208
675,traditional,0.074816,1.264640,0.204800,1.544256
676,traditional,0.071360,1.052672,0.200704,1.324736
677,traditional,0.071680,1.053696,0.204800,1.330176
678,traditional,0.068832,1.077248,0.200704,1.346784
679,traditional,0.075232,1.280000,0.204800,1.560032
680,traditional,0.074400,1.449984,0.382976,1.907360
681,traditional,0.072256,1.461248,0.399360,1.932864
682,traditional,0.077632,1.047552,0.199680,1.324864
683,traditional,0.068512,1.020928,0.485376,1.574816
684,traditional,0.087520,1.252352,0.200704,1.540576
685,traditional,0.069536,1.029120,0.204800,1.303456
686,traditional,0.072160,1.026048,0.489472,1.587680
687,traditional,0.080672,1.290240,0.356352,1.727264
688,traditional,0.069856,1.521664,0.202752,1.794272
689,traditional,0.073376,1.059840,0.209920,1.343136
690,traditional,0.103104,1.222656,0.199680,1.525440
691,traditional,0.072224,1.069056,0.431104,1.572384
692,traditional,0.087904,1.273856,0.200704,1.562464
693,traditional,0.069280,1.035264,0.200704,1.305248
694,traditional,0.069760,1.325056,0.458752,1.853568
695,traditional,0.073248,1.474560,0.205824,1.753632
696,traditional,0.082688,1.525760,0.203776,1.812224
697,traditional,0.143904,1.071104,0.204800,1.419808
698,traditional,0.073280,1.041408,0.201728,1.316416
699,traditional,0.070912,1.261568,0.200704,1.533184
700,traditional,0.073728,1.031168,0.200704,1.305600
701,traditional,0.068352,1.054720,0.217088,1.340160
702,traditional,0.076896,1.246208,0.204800,1.527904
703,traditional,0.072480,1.056768,0.204800,1.334048
704,traditional,0.071008,1.065984,0.203776,1.340768
705,traditional,0.076576,1.248256,0.204800,1.529632
706,traditional,0.070560,1.462272,0.211968,1.744800
707,traditional,0.077408,1.452032,0.387072,1.916512
708,traditional,0.071456,1.072128,0.208896,1.352480
709,traditional,0.093760,1.076224,0.203776,1.373760
710,traditional,0.075104,1.013760,0.200704,1.289568
711,traditional,0.073184,1.026048,0.200704,1.299936
712,traditional,0.072032,1.215488,0.199680,1.487200
713,traditional,0.069632,1.052672,0.204800,1.327104
714,traditional,0.076000,1.020928,0.200704,1.297632
715,traditional,0.070688,1.022976,0.204800,1.298464
716,traditional,0.072032,1.044480,0.200704,1.317216
717,traditional,0.073856,1.051648,0.204800,1.330304
718,traditional,0.078144,1.039360,0.200704,1.318208
719,traditional,0.082624,1.059840,0.214016,1.356480
720,traditional,0.070848,1.419264,0.206848,1.696960
721,traditional,0.078816,1.416192,0.382976,1.877984
722,traditional,0.075840,1.057792,0.200704,1.334336
723,traditional,0.071904,1.020928,0.200704,1.293536
724,traditional,0.075200,1.238016,0.200704,1.513920
725,traditional,0.069536,1.447936,0.205824,1.723296
726,traditional,0.070176,1.021952,0.422912,1.515040
727,traditional,0.075520,1.234944,0.200704,1.511168
728,traditional,0.069728,1.065984,0.438272,1.573984
729,traditional,0.076160,1.217536,0.199680,1.493376
730,traditional,0.068992,1.037312,0.199680,1.305984
731,traditional,0.069248,1.024000,0.204800,1.298048
732,traditional,0.079232,1.433600,0.201728,1.714560
733,traditional,0.079040,1.232896,0.200704,1.512640
734,traditional,0.078912,1.033216,0.202752,1.314880
735,traditional,0.070880,1.876992,0.605184,2.553056
736,traditional,0.129216,2.733056,0.378880,3.241152
737,traditional,0.138464,1.200128,0.199680,1.538272
738,traditional,0.075808,1.235968,0.199680,1.511456
739,traditional,0.068256,1.038336,0.437248,1.543840
740,traditional,0.076448,1.259520,0.203776,1.539744
741,traditional,0.068448,1.031168,0.433152,1.532768
742,traditional,0.070656,1.439744,0.200704,1.711104
743,traditional,0.068992,1.024000,0.205824,1.298816
744,traditional,0.071808,1.069056,0.204800,1.345664
745,traditional,0.133920,2.801664,0.210944,3.146528
746,traditional,0.074720,1.063936,0.209920,1.348576
747,traditional,0.069984,1.069056,0.506880,1.645920
748,traditional,0.076640,1.082368,0.204800,1.363808
749,traditional,0.071616,1.071104,0.489472,1.632192
750,traditional,0.102432,1.299456,0.209920,1.611808
751,traditional,0.077536,1.508352,0.399360,1.985248
752,traditional,0.073152,1.506304,0.409600,1.989056
753,traditional,0.077280,1.124352,0.209920,1.411552
754,traditional,0.075392,1.297408,0.226304,1.599104
755,traditional,0.076992,1.092608,0.209920,1.379520
756,traditional,0.074240,1.110016,0.211968,1.396224
757,traditional,0.075392,1.077248,0.209920,1.362560
758,traditional,0.072672,1.691648,0.219136,1.983456
759,traditional,0.073280,1.448960,0.209920,1.732160
760,traditional,0.071808,1.101824,0.214016,1.387648
761,traditional,0.072672,1.072128,0.208896,1.353696
762,traditional,0.073984,1.079296,0.212992,1.366272
763,traditional,0.077248,1.076224,0.208896,1.362368
764,traditional,0.072672,1.070080,0.212992,1.355744
765,traditional,0.072192,1.416192,0.205824,1.694208
766,traditional,0.073888,1.022976,0.200704,1.297568
767,traditional,0.085760,1.460224,0.384000,1.929984
768,traditional,0.073472,1.273856,0.205824,1.553152
769,traditional,0.069856,1.077248,0.201728,1.348832
770,traditional,0.081376,1.030144,0.199680,1.311200
771,traditional,0.075328,1.285120,0.204800,1.565248
772,traditional,0.070944,1.019904,0.200704,1.291552
773,traditional,0.068736,1.075200,0.209920,1.353856
774,traditional,0.069792,1.038336,0.200704,1.308832
775,traditional,0.076576,1.261568,0.199680,1.537824
776,traditional,0.093792,1.026048,0.199680,1.319520
777,traditional,0.085792,1.035264,0.200704,1.321760
778,traditional,0.073792,1.027072,0.200704,1.301568
779,traditional,0.071744,1.064960,0.199680,1.336384
780,traditional,0.071104,1.022976,0.199680,1.293760
781,traditional,0.076992,1.247232,0.199680,1.523904
782,traditional,0.069728,1.058816,0.200704,1.329248
783,traditional,0.068768,1.045504,0.200704,1.314976
784,traditional,0.073792,1.271808,0.205824,1.551424
785,traditional,0.072896,1.468416,0.379904,1.921216
786,traditional,0.075360,1.488896,0.202752,1.767008
787,traditional,0.075616,1.078272,0.424960,1.578848
788,traditional,0.082112,1.294336,0.200704,1.577152
789,traditional,0.074688,1.414144,0.203776,1.692608
790,traditional,0.074336,1.439744,0.380928,1.895008
791,traditional,0.078144,1.068032,0.199680,1.345856
792,traditional,0.069408,1.050624,0.200704,1.320736
793,traditional,0.072800,1.238016,0.199680,1.510496
794,traditional,0.070336,1.049600,0.199680,1.319616
795,traditional,0.075648,1.045504,0.199680,1.320832
796,traditional,0.087200,1.050624,0.200704,1.338528
797,traditional,0.069952,1.012736,0.200704,1.283392
798,traditional,0.070400,1.272832,0.356352,1.699584
799,traditional,0.075616,1.254400,0.204800,1.534816
800,traditional,0.087744,1.088512,0.199680,1.375936
801,traditional,0.069888,1.051648,0.203776,1.325312
802,traditional,0.070496,1.065984,0.199680,1.336160
803,traditional,0.078240,1.037312,0.199680,1.315232
804,traditional,0.069760,1.042432,0.204800,1.316992
805,traditional,0.074560,1.069056,0.203776,1.347392
806,traditional,0.070784,1.043456,0.199680,1.313920
807,traditional,0.080192,1.078272,0.199680,1.358144
808,traditional,0.069312,1.028096,0.205824,1.303232
809,traditional,0.070560,1.046528,0.199680,1.316768
810,traditional,0.078496,1.067008,0.199680,1.345184
811,traditional,0.070016,1.083392,0.204800,1.358208
812,traditional,0.074400,1.461248,0.203776,1.739424
813,traditional,0.094464,1.103872,0.200704,1.399040
814,traditional,0.072256,1.053696,0.200704,1.326656
815,traditional,0.070080,1.040384,0.199680,1.310144
816,traditional,0.074720,1.045504,0.201728,1.321952
817,traditional,0.074976,1.092608,0.199680,1.367264
818,traditional,0.071552,1.038336,0.199680,1.309568
819,traditional,0.070848,1.047552,0.202752,1.321152
820,traditional,0.071680,1.461248,0.201728,1.734656
821,traditional,0.079104,1.403904,0.204800,1.687808
822,traditional,0.073504,1.462272,0.386048,1.921824
823,traditional,0.081824,1.281024,0.200704,1.563552
824,traditional,0.070688,1.063936,0.203776,1.338400
825,traditional,0.075424,1.047552,0.212992,1.335968
826,traditional,0.070336,1.045504,0.208896,1.324736
827,traditional,0.068576,1.311744,0.358400,1.738720
828,traditional,0.079840,1.265664,0.204800,1.550304
829,traditional,0.087360,1.064960,0.200704,1.353024
830,traditional,0.070848,1.077248,0.203776,1.351872
831,traditional,0.077216,1.064960,0.199680,1.341856
832,traditional,0.078464,1.083392,0.204800,1.366656
833,traditional,0.074976,1.029120,0.202752,1.306848
834,traditional,0.070624,1.053696,0.199680,1.324000
835,traditional,0.068672,1.035264,0.199680,1.303616
836,traditional,0.083552,1.665024,0.225280,1.973856
837,traditional,0.080960,1.267712,0.204800,1.553472
838,traditional,0.072768,1.051648,0.200704,1.325120
839,traditional,0.077376,1.083392,0.204800,1.365568
840,traditional,0.071168,1.640448,0.212992,1.924608
841,traditional,0.072192,1.590272,0.391168,2.053632
842,traditional,0.086176,1.059840,0.204800,1.350816
843,traditional,0.069952,1.082368,0.204800,1.357120
844,traditional,0.078912,1.527808,0.385024,1.991744
845,traditional,0.075584,1.457152,0.381952,1.914688
846,traditional,0.074848,1.084416,0.200704,1.359968
847,traditional,0.068704,1.045504,0.206848,1.321056
848,traditional,0.131488,2.056192,0.203776,2.391456
849,traditional,0.071424,1.437696,0.384000,1.893120
850,traditional,0.076448,1.461248,0.201728,1.739424
851,traditional,0.075072,1.440768,0.201728,1.717568
852,traditional,0.074176,1.465344,0.201728,1.741248
853,traditional,0.075840,1.443840,0.200704,1.720384
854,traditional,0.074752,1.059840,0.199680,1.334272
855,traditional,0.067936,1.014784,0.199680,1.282400
856,traditional,0.075936,1.230848,0.204800,1.511584
857,traditional,0.069408,1.068032,0.203776,1.341216
858,traditional,0.070816,1.331200,0.471040,1.873056
859,traditional,0.073376,1.484800,0.359424,1.917600
860,traditional,0.071296,1.234944,0.200704,1.506944
861,traditional,0.072064,1.047552,0.204800,1.324416
862,traditional,0.071168,1.041408,0.204800,1.317376
863,traditional,0.069344,1.051648,0.201728,1.322720
864,traditional,0.133792,1.761280,0.200704,2.095776
865,traditional,0.080992,1.428480,0.380928,1.890400
866,traditional,0.075680,1.489920,0.380928,1.946528
867,traditional,0.069792,1.055744,0.201728,1.327264
868,traditional,0.069792,1.032192,0.200704,1.302688
869,traditional,0.070560,1.103872,0.204800,1.379232
870,traditional,0.071168,1.085440,0.201728,1.358336
871,traditional,0.068416,1.055744,0.200704,1.324864
872,traditional,0.072608,1.227776,0.200704,1.501088
873,traditional,0.068128,1.059840,0.202752,1.330720
874,traditional,0.070560,1.067008,0.200704,1.338272
875,traditional,0.075936,1.064960,0.200704,1.341600
876,traditional,0.079264,1.055744,0.200704,1.335712
877,traditional,0.075104,1.057792,0.201728,1.334624
878,traditional,0.080256,1.180672,0.223232,1.484160
879,traditional,0.081984,1.419264,0.223232,1.724480
880,traditional,0.079968,1.583104,0.421888,2.084960
881,traditional,0.076640,1.173504,0.223232,1.473376
882,traditional,0.082496,1.372160,0.220160,1.674816
883,traditional,0.076832,1.403904,0.224256,1.704992
884,traditional,0.081216,1.554432,0.221184,1.856832
885,traditional,0.076448,1.135616,0.231424,1.443488
886,traditional,0.076384,1.132544,0.541696,1.750624
887,traditional,0.076320,1.396736,0.394240,1.867296
888,traditional,0.087456,1.680384,0.421888,2.189728
889,traditional,0.077632,1.159168,0.220160,1.456960
890,traditional,0.076000,1.165312,0.220160,1.461472
891,traditional,0.077280,1.345536,0.220160,1.642976
892,traditional,0.080832,1.586176,0.422912,2.089920
893,traditional,0.083776,1.817600,0.235520,2.136896
894,traditional,0.084224,1.159168,0.220160,1.463552
895,traditional,0.075840,1.600512,0.411648,2.088000
896,traditional,0.082624,1.560576,0.224256,1.867456
897,traditional,0.077504,1.767424,0.225280,2.070208
898,traditional,0.081408,1.569792,0.415744,2.066944
899,traditional,0.082368,1.760256,0.228352,2.070976
900,traditional,0.081536,1.145856,0.220160,1.447552
901,traditional,0.076000,1.135616,0.220160,1.431776
902,traditional,0.076832,1.352704,0.220160,1.649696
903,traditional,0.076800,1.371136,0.220160,1.668096
904,traditional,0.074272,1.479680,0.211968,1.765920
905,traditional,0.089504,1.101824,0.208896,1.400224
906,traditional,0.080064,1.202176,0.232448,1.514688
907,traditional,0.097120,1.441792,0.236544,1.775456
908,traditional,0.088576,1.238016,0.232448,1.559040
909,traditional,0.081920,1.192960,0.232448,1.507328
910,traditional,0.081600,1.445888,0.234496,1.761984
911,traditional,0.079296,1.649664,0.436224,2.165184
912,traditional,0.093760,1.888256,0.238592,2.220608
913,traditional,0.098976,1.850368,0.236544,2.185888
914,traditional,0.089984,1.233920,0.232448,1.556352
915,traditional,0.079328,1.233920,0.234496,1.547744
916,traditional,0.087424,1.433600,0.234496,1.755520
917,traditional,0.084256,1.868800,0.238592,2.191648
918,traditional,0.086464,1.662976,0.439296,2.188736
919,traditional,0.099008,1.271808,0.233472,1.604288
920,traditional,0.079456,1.198080,0.229376,1.506912
921,traditional,0.085248,1.415168,0.228352,1.728768
922,traditional,0.090752,1.215488,0.230400,1.536640
923,traditional,0.078080,1.221632,0.230400,1.530112
924,traditional,0.090368,1.447936,0.229376,1.767680
925,traditional,0.078944,1.236992,0.230400,1.546336
926,traditional,0.081632,1.164288,0.223232,1.469152
927,traditional,0.082944,1.387520,0.224256,1.694720
928,traditional,0.076480,1.608704,0.424960,2.110144
929,traditional,0.077920,1.612800,0.422912,2.113632
930,traditional,0.086528,1.170432,0.224256,1.481216
931,traditional,0.075808,1.421312,0.400384,1.897504
932,traditional,0.079680,1.169408,0.222208,1.471296
933,traditional,0.077792,1.202176,0.226304,1.506272
934,traditional,0.079776,1.153024,0.222208,1.455008
935,traditional,0.076288,1.163264,0.223232,1.462784
936,traditional,0.086304,1.161216,0.223232,1.470752
937,traditional,0.076512,1.424384,0.230400,1.731296
938,traditional,0.081952,1.716224,0.423936,2.222112
939,traditional,0.079136,1.414144,0.396288,1.889568
940,traditional,0.077280,1.592320,0.424960,2.094560
941,traditional,0.077536,1.192960,0.224256,1.494752
942,traditional,0.077280,1.169408,0.226304,1.472992
943,traditional,0.078368,1.159168,0.236544,1.474080
944,traditional,0.077024,1.196032,0.224256,1.497312
945,traditional,0.078784,1.153024,0.235520,1.467328
946,traditional,0.081632,1.336320,0.211968,1.629920
947,traditional,0.084992,1.508352,0.393216,1.986560
948,traditional,0.077600,1.299456,0.210944,1.588000
949,traditional,0.075648,1.058816,0.206848,1.341312
950,traditional,0.071808,1.064960,0.510976,1.647744
951,traditional,0.077024,1.270784,0.206848,1.554656
952,traditional,0.075072,1.115136,0.211968,1.402176
953,traditional,0.072384,1.071104,0.520192,1.663680
954,traditional,0.084160,1.497088,0.381952,1.963200
955,traditional,0.091168,1.018880,0.199680,1.309728
956,traditional,0.074176,1.054720,0.214016,1.342912
957,traditional,0.075392,1.264640,0.199680,1.539712
958,traditional,0.082112,1.308672,0.359424,1.750208
959,traditional,0.094304,1.542144,0.386048,2.022496
960,traditional,0.071392,1.094656,0.425984,1.592032
961,traditional,0.069760,1.042432,0.203776,1.315968
962,traditional,0.079872,1.062912,0.199680,1.342464
963,traditional,0.082016,1.651712,0.209920,1.943648
964,traditional,0.074912,1.251328,0.200704,1.526944
965,traditional,0.069120,1.078272,0.199680,1.347072
966,traditional,0.069376,1.055744,0.199680,1.324800
967,traditional,0.070304,1.032192,0.199680,1.302176
968,traditional,0.071520,1.032192,0.204800,1.308512
969,traditional,0.068960,1.043456,0.199680,1.312096
970,traditional,0.070208,1.215488,0.200704,1.486400
971,traditional,0.069664,1.062912,0.199680,1.332256
972,traditional,0.070720,1.040384,0.207872,1.318976
973,traditional,0.069184,1.019904,0.199680,1.288768
974,traditional,0.069536,1.056768,0.200704,1.327008
975,traditional,0.069888,1.042432,0.379904,1.492224
976,traditional,0.069824,1.071104,0.431104,1.572032
977,traditional,0.077888,1.216512,0.200704,1.495104
978,traditional,0.069760,1.050624,0.207872,1.328256
979,traditional,0.075488,1.259520,0.199680,1.534688
980,traditional,0.068992,1.014784,0.200704,1.284480
981,traditional,0.096672,1.572864,0.384000,2.053536
982,traditional,0.070048,1.020928,0.200704,1.291680
983,traditional,0.073760,1.048576,0.199680,1.322016
984,traditional,0.074464,1.257472,0.202752,1.534688
985,traditional,0.067648,1.437696,0.201728,1.707072
986,traditional,0.069856,1.061888,0.204800,1.336544
987,traditional,0.068704,1.036288,0.485376,1.590368
988,traditional,0.079072,1.287168,0.199680,1.565920
989,traditional,0.081376,1.425408,0.201728,1.708512
990,traditional,0.083232,1.087488,0.200704,1.371424
991,traditional,0.068864,1.640448,0.208896,1.918208
992,traditional,0.070720,1.556480,0.201728,1.828928
993,traditional,0.071456,1.042432,0.200704,1.314592
994,traditional,0.070048,1.040384,0.199680,1.310112
995,traditional,0.073472,1.249280,0.200704,1.523456
996,traditional,0.069472,1.045504,0.207872,1.322848
997,traditional,0.068800,1.020928,0.202752,1.292480
998,traditional,0.071104,1.025024,0.199680,1.295808
999,traditional,0.068544,1.038336,0.200704,1.307584
1000,traditional,0.082496,1.239040,0.199680,1.521216
1001,traditional,0.068992,1.094656,0.200704,1.364352
1002,traditional,0.070880,1.214464,0.203776,1.489120
1003,traditional,0.074496,1.437696,0.382976,1.895168
1004,traditional,0.069984,1.489920,0.379904,1.939808
1005,traditional,0.070432,1.071104,0.200704,1.342240
1006,traditional,0.070240,1.027072,0.200704,1.298016
1007,traditional,0.073632,1.218560,0.200704,1.492896
1008,traditional,0.070080,1.026048,0.199680,1.295808
1009,traditional,0.068128,1.052672,0.200704,1.321504
1010,traditional,0.070304,1.048576,0.200704,1.319584
1011,traditional,0.068416,1.036288,0.200704,1.305408
1012,traditional,0.070848,1.092608,0.203776,1.367232
1013,traditional,0.068928,1.064960,0.199680,1.333568
1014,traditional,0.071936,1.027072,0.202752,1.301760
1015,traditional,0.073952,1.245184,0.204800,1.523936
1016,traditional,0.069568,1.047552,0.200704,1.317824
1017,traditional,0.068832,1.048576,0.485376,1.602784
1018,traditional,0.083616,1.051648,0.385024,1.520288
1019,traditional,0.068736,1.032192,0.208896,1.309824
1020,traditional,0.069504,1.042432,0.204800,1.316736
1021,traditional,0.078560,1.461248,0.380928,1.920736
1022,traditional,0.082144,1.316864,0.358400,1.757408
1023,traditional,0.070208,1.026048,0.199680,1.295936
1024,traditional,0.070112,1.049600,0.214016,1.333728
1025,traditional,0.067968,1.047552,0.200704,1.316224
1026,traditional,0.079552,1.261568,0.203776,1.544896
1027,traditional,0.069280,1.412096,0.203776,1.685152
1028,traditional,0.080864,1.408000,0.200704,1.689568
1029,traditional,0.077696,1.088512,0.200704,1.366912
1030,traditional,0.071744,1.067008,0.200704,1.339456
1031,traditional,0.074560,1.225728,0.199680,1.499968
1032,traditional,0.073920,1.288192,0.358400,1.720512
1033,traditional,0.074112,1.042432,0.379904,1.496448
1034,traditional,0.071488,1.085440,0.203776,1.360704
1035,traditional,0.069216,1.017856,0.217088,1.304160
1036,traditional,0.075040,1.260544,0.203776,1.539360
1037,traditional,0.078464,1.069056,0.200704,1.348224
1038,traditional,0.069376,1.042432,0.200704,1.312512
1039,traditional,0.069984,1.261568,0.207872,1.539424
1040,traditional,0.072544,1.440768,0.202752,1.716064
1041,traditional,0.070592,1.071104,0.204800,1.346496
1042,traditional,0.071040,1.047552,0.200704,1.319296
1043,traditional,0.074016,1.245184,0.200704,1.519904
1044,traditional,0.081216,1.072128,0.199680,1.353024
1045,traditional,0.067424,1.069056,0.200704,1.337184
1046,traditional,0.079360,1.290240,0.208896,1.578496
1047,traditional,0.070048,1.274880,0.199680,1.544608
1048,traditional,0.073248,1.477632,0.204800,1.755680
1049,traditional,0.082080,1.040384,0.427008,1.549472
1050,traditional,0.099424,1.433600,0.203776,1.736800
1051,traditional,0.069344,1.029120,0.200704,1.299168
1052,traditional,0.076768,1.043456,0.199680,1.319904
1053,traditional,0.077920,1.062912,0.199680,1.340512
1054,traditional,0.069344,1.064960,0.204800,1.339104
1055,traditional,0.078528,1.275904,0.199680,1.554112
1056,traditional,0.069440,1.074176,0.203776,1.347392
1057,traditional,0.069056,1.031168,0.200704,1.300928
1058,traditional,0.074848,1.257472,0.204800,1.537120
1059,traditional,0.068416,1.022976,0.199680,1.291072
1060,traditional,0.074240,1.347584,0.461824,1.883648
1061,traditional,0.081888,1.207296,0.433152,1.722336
1062,traditional,0.070080,1.574912,0.206848,1.851840
1063,traditional,0.070560,1.055744,0.203776,1.330080
1064,traditional,0.075968,1.040384,0.200704,1.317056
1065,traditional,0.070880,1.070080,0.200704,1.341664
1066,traditional,0.070112,1.061888,0.199680,1.331680
1067,traditional,0.075424,1.243136,0.199680,1.518240
1068,traditional,0.095808,1.296384,0.206848,1.599040
1069,traditional,0.078208,1.246208,0.199680,1.524096
1070,traditional,0.081536,1.057792,0.200704,1.340032
1071,traditional,0.073664,1.371136,0.460800,1.905600
1072,traditional,0.076032,1.474560,0.203776,1.754368
1073,traditional,0.072864,1.037312,0.199680,1.309856
1074,traditional,0.087744,1.617920,0.208896,1.914560
1075,traditional,0.070976,1.034240,0.203776,1.308992
1076,traditional,0.081824,1.027072,0.199680,1.308576
1077,traditional,0.070176,1.255424,0.199680,1.525280
1078,traditional,0.071648,1.035264,0.205824,1.312736
1079,traditional,0.081920,1.495040,0.384000,1.960960
1080,traditional,0.083232,1.080320,0.430080,1.593632
1081,traditional,0.076128,1.257472,0.200704,1.534304
1082,traditional,0.069792,1.079296,0.449536,1.598624
1083,traditional,0.079040,1.469440,0.382976,1.931456
1084,traditional,0.076960,1.051648,0.205824,1.334432
1085,traditional,0.073280,1.030144,0.200704,1.304128
1086,traditional,0.087424,1.490944,0.386048,1.964416
1087,traditional,0.070720,1.024000,0.200704,1.295424
1088,traditional,0.068992,1.094656,0.199680,1.363328
1089,traditional,0.075200,1.475584,0.375808,1.926592
1090,traditional,0.076352,1.506304,0.398336,1.980992
1091,traditional,0.072480,1.094656,0.203776,1.370912
1092,traditional,0.070816,1.335296,0.379904,1.786016
1093,traditional,0.071584,1.286144,0.356352,1.714080
1094,traditional,0.073248,1.241088,0.199680,1.514016
1095,traditional,0.069216,1.268736,0.356352,1.694304
1096,traditional,0.071232,1.409024,0.200704,1.680960
1097,traditional,0.071072,1.369088,0.490496,1.930656
1098,traditional,0.165216,2.996224,0.431104,3.592544
1099,traditional,0.138528,2.057216,0.223232,2.418976
1100,traditional,0.081440,1.557504,0.413696,2.052640
1101,traditional,0.080480,1.124352,0.221184,1.426016
1102,traditional,0.086368,1.115136,0.218112,1.419616
1103,traditional,0.080992,1.364992,0.222208,1.668192
1104,traditional,0.075328,1.331200,0.218112,1.624640
1105,traditional,0.075104,1.117184,0.218112,1.410400
1106,traditional,0.093376,1.357824,0.218112,1.669312
1107,traditional,0.075104,1.125376,0.218112,1.418592
1108,traditional,0.076448,1.147904,0.218112,1.442464
1109,traditional,0.080800,1.386496,0.222208,1.689504
1110,traditional,0.079584,1.768448,0.223232,2.071264
1111,traditional,0.080320,1.559552,0.413696,2.053568
1112,traditional,0.079008,1.181696,0.218112,1.478816
1113,traditional,0.075296,1.124352,0.217088,1.416736
1114,traditional,0.080608,1.335296,0.220160,1.636064
1115,traditional,0.082144,1.204224,0.233472,1.519840
1116,traditional,0.089984,1.193984,0.229376,1.513344
1117,traditional,0.088800,1.210368,0.233472,1.532640
1118,traditional,0.083584,1.208320,0.230400,1.522304
1119,traditional,0.078432,1.212416,0.229376,1.520224
1120,traditional,0.084448,1.408000,0.229376,1.721824
1121,traditional,0.079776,1.633280,0.428032,2.141088
1122,traditional,0.083424,1.854464,0.233472,2.171360
1123,traditional,0.108672,1.454080,0.398336,1.961088
1124,traditional,0.086112,1.631232,0.424960,2.142304
1125,traditional,0.093856,1.841152,0.231424,2.166432
1126,traditional,0.095008,1.615872,0.423936,2.134816
1127,traditional,0.082912,1.173504,0.226304,1.482720
1128,traditional,0.077728,1.576960,0.246784,1.901472
1129,traditional,0.078720,1.173504,0.226304,1.478528
1130,traditional,0.081952,1.828864,0.416768,2.327584
1131,traditional,0.078976,1.389568,0.232448,1.700992
1132,traditional,0.078240,1.168384,0.226304,1.472928
1133,traditional,0.086784,1.177600,0.226304,1.490688
1134,traditional,0.077888,1.200128,0.228352,1.506368
1135,traditional,0.083328,1.169408,0.225280,1.478016
1136,traditional,0.077440,1.441792,0.398336,1.917568
1137,traditional,0.082336,1.606656,0.423936,2.112928
1138,traditional,0.084128,1.820672,0.231424,2.136224
1139,traditional,0.084384,1.166336,0.225280,1.476000
1140,traditional,0.078464,1.172480,0.225280,1.476224
1141,traditional,0.078016,1.176576,0.229376,1.483968
1142,traditional,0.083168,1.176576,0.226304,1.486048
1143,traditional,0.078048,1.567744,0.241664,1.887456
1144,traditional,0.080480,1.608704,0.228352,1.917536
1145,traditional,0.083104,1.628160,0.423936,2.135200
1146,traditional,0.096128,1.643520,0.427008,2.166656
1147,traditional,0.083520,1.829888,0.231424,2.144832
1148,traditional,0.096736,1.860608,0.231424,2.188768
1149,traditional,0.091392,1.196032,0.226304,1.513728
1150,traditional,0.086144,1.179648,0.226304,1.492096
1151,traditional,0.078112,1.590272,0.230400,1.898784
1152,traditional,0.083104,1.167360,0.226304,1.476768
1153,traditional,0.082560,1.536000,0.223232,1.841792
1154,traditional,0.080256,1.778688,0.232448,2.091392
1155,traditional,0.083744,1.480704,0.403456,1.967904
1156,traditional,0.095712,1.640448,0.430080,2.166240
1157,traditional,0.078720,1.487872,0.405504,1.972096
1158,traditional,0.088416,1.426432,0.231424,1.746272
1159,traditional,0.086976,1.198080,0.228352,1.513408
1160,traditional,0.080992,1.813504,0.436224,2.330720
1161,traditional,0.089920,1.914880,0.237568,2.242368
1162,traditional,0.329504,1.586176,0.235520,2.151200
1163,traditional,0.082656,1.190912,0.230400,1.503968
1164,traditional,0.079680,1.602560,0.250880,1.933120
1165,traditional,0.085024,1.401856,0.231424,1.718304
1166,traditional,0.079648,1.192960,0.230400,1.503008
1167,traditional,0.084448,1.197056,0.230400,1.511904
1168,traditional,0.085024,1.437696,0.232448,1.755168
1169,traditional,0.080096,1.654784,0.437248,2.172128
1170,traditional,0.084768,1.922048,0.237568,2.244384
1171,traditional,0.084384,1.644544,0.437248,2.166176
1172,traditional,0.081664,1.671168,0.237568,1.990400
1173,traditional,0.080832,1.973248,0.233472,2.287552
1174,traditional,0.086816,1.242112,0.233472,1.562400
1175,traditional,0.083936,1.438720,0.232448,1.755104
1176,traditional,0.082752,1.679360,0.437248,2.199360
1177,traditional,0.085696,1.638400,0.403456,2.127552
1178,traditional,0.078176,1.091584,0.210944,1.380704
1179,traditional,0.072448,1.090560,0.209920,1.372928
1180,traditional,0.079680,1.267712,0.209920,1.557312
1181,traditional,0.075360,1.352704,0.214016,1.642080
1182,traditional,0.078176,1.469440,0.210944,1.758560
1183,traditional,0.075808,1.113088,0.208896,1.397792
1184,traditional,0.081664,1.274880,0.209920,1.566464
1185,traditional,0.073152,1.099776,0.215040,1.387968
1186,traditional,0.072960,1.565696,0.203776,1.842432
1187,traditional,0.072320,1.030144,0.200704,1.303168
1188,traditional,0.076512,1.070080,0.595968,1.742560
1189,traditional,0.070560,1.061888,0.452608,1.585056
1190,traditional,0.076448,1.230848,0.204800,1.512096
1191,traditional,0.070304,1.033216,0.206848,1.310368
1192,traditional,0.069952,1.037312,0.200704,1.307968
1193,traditional,0.070496,1.221632,0.201728,1.493856
1194,traditional,0.074272,1.027072,0.200704,1.302048
1195,traditional,0.086816,1.462272,0.493568,2.042656
1196,traditional,0.072352,1.081344,0.444416,1.598112
1197,traditional,0.077312,1.496064,0.390144,1.963520
1198,traditional,0.072096,1.055744,0.209920,1.337760
1199,traditional,0.071040,1.627136,0.215040,1.913216
1200,traditional,0.072128,1.054720,0.449536,1.576384
1201,traditional,0.073056,1.581056,0.211968,1.866080
1202,traditional,0.071552,1.256448,0.205824,1.533824
1203,traditional,0.087680,1.523712,0.391168,2.002560
1204,traditional,0.071872,1.047552,0.201728,1.321152
1205,traditional,0.081504,1.472512,0.414720,1.968736
1206,traditional,0.072832,1.034240,0.201728,1.308800
1207,traditional,0.072192,1.028096,0.202752,1.303040
1208,traditional,0.080000,1.269760,0.206848,1.556608
1209,traditional,0.077312,1.057792,0.201728,1.336832
1210,traditional,0.075232,1.079296,0.206848,1.361376
1211,traditional,0.069184,1.435648,0.203776,1.708608
1212,traditional,0.075808,1.443840,0.362496,1.882144
1213,traditional,0.079552,1.041408,0.200704,1.321664
1214,traditional,0.069504,1.081344,0.200704,1.351552
1215,traditional,0.073952,1.031168,0.200704,1.305824
1216,traditional,0.069920,1.510400,0.380928,1.961248
1217,traditional,0.086880,1.465344,0.386048,1.938272
1218,traditional,0.074048,1.042432,0.202752,1.319232
1219,traditional,0.069184,1.038336,0.200704,1.308224
1220,traditional,0.078592,1.272832,0.200704,1.552128
1221,traditional,0.070240,1.318912,0.359424,1.748576
1222,traditional,0.077344,1.485824,0.380928,1.944096
1223,traditional,0.069728,1.076224,0.199680,1.345632
1224,traditional,0.070240,1.428480,0.379904,1.878624
1225,traditional,0.087584,1.311744,0.357376,1.756704
1226,traditional,0.070240,1.532928,0.380928,1.984096
1227,traditional,0.070496,1.058816,0.200704,1.330016
1228,traditional,0.078560,1.036288,0.200704,1.315552
1229,traditional,0.070912,1.031168,0.200704,1.302784
1230,traditional,0.072832,1.241088,0.200704,1.514624
1231,traditional,0.082592,1.015808,0.200704,1.299104
1232,traditional,0.078016,1.434624,0.201728,1.714368
1233,traditional,0.073856,1.440768,0.389120,1.903744
1234,traditional,0.085376,1.294336,0.359424,1.739136
1235,traditional,0.071552,1.022976,0.200704,1.295232
1236,traditional,0.069568,1.039360,0.484352,1.593280
1237,traditional,0.075104,1.998848,0.378880,2.452832
1238,traditional,0.124928,2.746368,0.223232,3.094528
1239,traditional,0.069376,1.438720,0.386048,1.894144
1240,traditional,0.075552,1.432576,0.393216,1.901344
1241,traditional,0.100000,1.453056,0.380928,1.933984
1242,traditional,0.084576,1.432576,0.392192,1.909344
1243,traditional,0.070144,1.069056,0.200704,1.339904
1244,traditional,0.099968,2.036736,0.768000,2.904704
1245,traditional,0.131968,1.416192,0.208896,1.757056
1246,traditional,0.072032,1.074176,0.206848,1.353056
1247,traditional,0.096064,1.988608,0.394240,2.478912
1248,traditional,0.129408,2.824192,0.390144,3.343744
1249,traditional,0.130720,1.729536,0.216064,2.076320
1250,traditional,0.085216,1.466368,0.215040,1.766624
1251,traditional,0.075712,1.455104,0.401408,1.932224
1252,traditional,0.075424,1.658880,0.212992,1.947296
1253,traditional,0.071776,1.082368,0.206848,1.360992
1254,traditional,0.072992,1.262592,0.207872,1.543456
1255,traditional,0.071072,1.351680,0.374784,1.797536
1256,traditional,0.079200,1.461248,0.207872,1.748320
1257,traditional,0.073728,1.102848,0.209920,1.386496
1258,traditional,0.096544,1.383424,0.477184,1.957152
1259,traditional,0.093440,1.098752,0.207872,1.400064
1260,traditional,0.071552,1.063936,0.206848,1.342336
1261,traditional,0.072384,1.103872,0.217088,1.393344
1262,traditional,0.082336,1.088512,0.208896,1.379744
1263,traditional,0.073408,1.073152,0.228352,1.374912
1264,traditional,0.074080,1.324032,0.373760,1.771872
1265,traditional,0.073280,1.590272,0.397312,2.060864
1266,traditional,0.077760,1.517568,0.397312,1.992640
1267,traditional,0.073376,1.071104,0.209920,1.354400
1268,traditional,0.077536,1.385472,0.495616,1.958624
1269,traditional,0.076384,1.084416,0.212992,1.373792
1270,traditional,0.071584,1.132544,0.224256,1.428384
1271,traditional,0.076064,1.358848,0.224256,1.659168
1272,traditional,0.077024,1.169408,0.224256,1.470688
1273,traditional,0.113568,1.599488,0.243712,1.956768
1274,traditional,0.088416,1.423360,0.397312,1.909088
1275,traditional,0.089920,1.596416,0.424960,2.111296
1276,traditional,0.080768,1.446912,0.228352,1.756032
1277,traditional,0.084192,1.386496,0.228352,1.699040
1278,traditional,0.076032,1.188864,0.224256,1.489152
1279,traditional,0.088512,1.189888,0.223232,1.501632
1280,traditional,0.077984,1.137664,0.224256,1.439904
1281,traditional,0.095264,1.436672,0.399360,1.931296
1282,traditional,0.082752,1.584128,0.420864,2.087744
1283,traditional,0.081152,1.195008,0.224256,1.500416
1284,traditional,0.076672,1.158144,0.223232,1.458048
1285,traditional,0.084544,1.158144,0.223232,1.465920
1286,traditional,0.081888,1.490944,0.501760,2.074592
1287,traditional,0.084384,1.409024,0.229376,1.722784
1288,traditional,0.081472,1.780736,0.225280,2.087488
1289,traditional,0.080064,1.594368,0.421888,2.096320
1290,traditional,0.084608,1.571840,0.223232,1.879680
1291,traditional,0.085792,1.600512,0.417792,2.104096
1292,traditional,0.085472,1.795072,0.233472,2.114016
1293,traditional,0.080608,1.809408,0.226304,2.116320
1294,traditional,0.086176,1.198080,0.220160,1.504416
1295,traditional,0.083904,1.399808,0.225280,1.708992
1296,traditional,0.079968,1.543168,0.225280,1.848416
1297,traditional,0.084352,1.587200,0.417792,2.089344
1298,traditional,0.081984,1.175552,0.221184,1.478720
1299,traditional,0.100000,1.179648,0.221184,1.500832
1300,traditional,0.082528,1.399808,0.224256,1.706592
1301,traditional,0.085664,1.589248,0.416768,2.091680
1302,traditional,0.076928,1.154048,0.224256,1.455232
1303,traditional,0.096480,1.363968,0.220160,1.680608
1304,traditional,0.076704,1.403904,0.225280,1.705888
1305,traditional,0.076896,1.600512,0.217088,1.894496
1306,traditional,0.076576,1.150976,0.230400,1.457952
1307,traditional,0.076768,1.134592,0.221184,1.432544
1308,traditional,0.086688,1.449984,0.235520,1.772192
1309,traditional,0.080512,1.278976,0.239616,1.599104
1310,traditional,0.081184,1.220608,0.235520,1.537312
1311,traditional,0.085664,1.433600,0.235520,1.754784
1312,traditional,0.080512,1.654784,0.437248,2.172544
1313,traditional,0.085536,1.885184,0.248832,2.219552
1314,traditional,0.087040,1.206272,0.257024,1.550336
1315,traditional,0.090272,1.198080,0.231424,1.519776
1316,traditional,0.081536,1.191936,0.234496,1.507968
1317,traditional,0.084064,1.424384,0.239616,1.748064
1318,traditional,0.080448,1.553408,0.225280,1.859136
1319,traditional,0.076224,1.176576,0.226304,1.479104
1320,traditional,0.093568,1.571840,0.421888,2.087296
1321,traditional,0.088928,1.159168,0.229376,1.477472
1322,traditional,0.079584,1.150976,0.221184,1.451744
1323,traditional,0.076960,1.158144,0.221184,1.456288
1324,traditional,0.079296,1.157120,0.218112,1.454528
1325,traditional,0.075520,1.135616,0.222208,1.433344
1326,traditional,0.078944,1.147904,0.222208,1.449056
1327,traditional,0.076384,1.204224,0.222208,1.502816
1328,traditional,0.075936,1.131520,0.222208,1.429664
1329,traditional,0.089120,1.141760,0.222208,1.453088
1330,traditional,0.086688,1.179648,0.226304,1.492640
1331,traditional,0.095008,1.390592,0.221184,1.706784
1332,traditional,0.088896,1.149952,0.226304,1.465152
1333,traditional,0.085536,1.147904,0.223232,1.456672
1334,traditional,0.080128,1.377280,0.222208,1.679616
1335,traditional,0.076000,1.162240,0.222208,1.460448
1336,traditional,0.077792,1.137664,0.222208,1.437664
1337,traditional,0.088416,1.159168,0.222208,1.469792
1338,traditional,0.076960,1.158144,0.222208,1.457312
1339,traditional,0.080064,1.379328,0.216064,1.675456
1340,traditional,0.078848,1.786880,0.222208,2.087936
1341,traditional,0.092000,1.490944,0.220160,1.803104
1342,traditional,0.080992,1.098752,0.216064,1.395808
1343,traditional,0.087168,1.420288,0.401408,1.908864
1344,traditional,0.077632,1.466368,0.385024,1.929024
1345,traditional,0.071712,1.040384,0.203776,1.315872
1346,traditional,0.072160,1.077248,0.205824,1.355232
1347,traditional,0.075968,1.221632,0.201728,1.499328
1348,traditional,0.082176,1.055744,0.205824,1.343744
1349,traditional,0.082592,1.267712,0.202752,1.553056
1350,traditional,0.082944,1.347584,0.363520,1.794048
1351,traditional,0.071072,1.474560,0.204800,1.750432
1352,traditional,0.070336,1.064960,0.429056,1.564352
1353,traditional,0.070304,1.235968,0.200704,1.506976
1354,traditional,0.068928,1.014784,0.200704,1.284416
1355,traditional,0.072704,1.514496,0.452608,2.039808
1356,traditional,0.071808,1.052672,0.203776,1.328256
1357,traditional,0.068736,1.035264,0.199680,1.303680
1358,traditional,0.072320,1.046528,0.198656,1.317504
1359,traditional,0.068896,1.050624,0.199680,1.319200
1360,traditional,0.077216,1.056768,0.201728,1.335712
1361,traditional,0.070368,1.033216,0.207872,1.311456
1362,traditional,0.072448,1.628160,0.210944,1.911552
1363,traditional,0.071008,1.333248,0.204800,1.609056
1364,traditional,0.070272,1.558528,0.384000,2.012800
1365,traditional,0.074752,1.032192,0.200704,1.307648
1366,traditional,0.074784,1.054720,0.200704,1.330208
1367,traditional,0.073632,1.232896,0.199680,1.506208
1368,traditional,0.070048,1.054720,0.200704,1.325472
1369,traditional,0.086880,1.042432,0.200704,1.330016
1370,traditional,0.087232,1.250304,0.199680,1.537216
1371,traditional,0.069504,1.411072,0.200704,1.681280
1372,traditional,0.070720,1.051648,0.199680,1.322048
1373,traditional,0.071648,1.232896,0.203776,1.508320
1374,traditional,0.084288,1.481728,0.397312,1.963328
1375,traditional,0.069952,1.034240,0.199680,1.303872
1376,traditional,0.070784,1.026048,0.485376,1.582208
1377,traditional,0.070336,1.248256,0.200704,1.519296
1378,traditional,0.070624,1.059840,0.199680,1.330144
1379,traditional,0.070016,1.041408,0.199680,1.311104
1380,traditional,0.070752,1.041408,0.199680,1.311840
1381,traditional,0.075232,1.264640,0.200704,1.540576
1382,traditional,0.074752,1.510400,0.380928,1.966080
1383,traditional,0.085664,1.465344,0.392192,1.943200
1384,traditional,0.079040,1.451008,0.378880,1.908928
1385,traditional,0.074560,1.439744,0.380928,1.895232
1386,traditional,0.074880,1.445888,0.202752,1.723520
1387,traditional,0.075488,1.247232,0.199680,1.522400
1388,traditional,0.083232,1.270784,0.203776,1.557792
1389,traditional,0.070016,1.402880,0.229376,1.702272
1390,traditional,0.075648,1.511424,0.387072,1.974144
1391,traditional,0.086304,1.269760,0.215040,1.571104
1392,traditional,0.082176,1.036288,0.199680,1.318144
1393,traditional,0.069696,1.648640,0.210944,1.929280
1394,traditional,0.078496,1.301504,0.200704,1.580704
1395,traditional,0.069024,1.073152,0.203776,1.345952
1396,traditional,0.069664,1.080320,0.199680,1.349664
1397,traditional,0.075968,1.087488,0.201728,1.365184
1398,traditional,0.070016,1.098752,0.201728,1.370496
1399,traditional,0.078048,1.080320,0.201728,1.360096
1400,traditional,0.070752,1.058816,0.222208,1.351776
1401,traditional,0.074176,1.309696,0.201728,1.585600
1402,traditional,0.070976,1.102848,0.201728,1.375552
1403,traditional,0.076896,1.065984,0.201728,1.344608
1404,traditional,0.081728,1.282048,0.199680,1.563456
1405,traditional,0.069152,1.296384,0.363520,1.729056
1406,traditional,0.072480,1.258496,0.201728,1.532704
1407,traditional,0.074976,1.105920,0.200704,1.381600
1408,traditional,0.070304,1.091584,0.199680,1.361568
1409,traditional,0.082784,1.257472,0.200704,1.540960
1410,traditional,0.070240,1.021952,0.199680,1.291872
1411,traditional,0.070304,1.035264,0.200704,1.306272
1412,traditional,0.081760,1.059840,0.200704,1.342304
1413,traditional,0.075392,1.067008,0.203776,1.346176
1414,traditional,0.077312,1.050624,0.200704,1.328640
1415,traditional,0.075104,1.059840,0.199680,1.334624
1416,traditional,0.084160,1.035264,0.199680,1.319104
1417,traditional,0.068672,1.035264,0.200704,1.304640
1418,traditional,0.089504,1.266688,0.208896,1.565088
1419,traditional,0.068896,1.062912,0.201728,1.333536
1420,traditional,0.070208,1.077248,0.200704,1.348160
1421,traditional,0.070176,1.417216,0.223232,1.710624
1422,traditional,0.074560,1.060864,0.200704,1.336128
1423,traditional,0.074784,1.073152,0.199680,1.347616
1424,traditional,0.071520,1.027072,0.199680,1.298272
1425,traditional,0.079904,1.443840,0.382976,1.906720
1426,traditional,0.088640,1.434624,0.380928,1.904192
1427,traditional,0.075680,1.051648,0.203776,1.331104
1428,traditional,0.069984,1.029120,0.200704,1.299808
1429,traditional,0.070624,1.289216,0.204800,1.564640
1430,traditional,0.077216,1.045504,0.200704,1.323424
1431,traditional,0.071904,1.020928,0.202752,1.295584
1432,traditional,0.078944,1.073152,0.200704,1.352800
1433,traditional,0.069888,1.022976,0.200704,1.293568
1434,traditional,0.074848,1.293312,0.361472,1.729632
1435,traditional,0.070528,1.255424,0.203776,1.529728
1436,traditional,0.083648,1.036288,0.203776,1.323712
1437,traditional,0.069824,1.069056,0.200704,1.339584
1438,traditional,0.070016,1.470464,0.380928,1.921408
1439,traditional,0.074880,1.247232,0.216064,1.538176
1440,traditional,0.075104,1.035264,0.200704,1.311072
1441,traditional,0.069056,1.043456,0.200704,1.313216
1442,traditional,0.082624,1.027072,0.199680,1.309376
1443,traditional,0.068928,1.307648,0.358400,1.734976
1444,traditional,0.078496,1.225728,0.199680,1.503904
1445,traditional,0.069472,1.457152,0.203776,1.730400
1446,traditional,0.071136,1.052672,0.203776,1.327584
1447,traditional,0.069216,1.026048,0.199680,1.294944
1448,traditional,0.069984,1.343488,0.467968,1.881440
1449,traditional,0.070784,1.061888,0.199680,1.332352
1450,traditional,0.070816,1.037312,0.199680,1.307808
1451,traditional,0.069504,1.077248,0.199680,1.346432
1452,traditional,0.078336,1.037312,0.199680,1.315328
1453,traditional,0.068480,1.045504,0.200704,1.314688
1454,traditional,0.079840,1.241088,0.200704,1.521632
1455,traditional,0.070720,1.320960,0.358400,1.750080
1456,traditional,0.081792,1.035264,0.200704,1.317760
1457,traditional,0.069024,1.031168,0.199680,1.299872
1458,traditional,0.077088,1.239040,0.203776,1.519904
1459,traditional,0.071648,1.063936,0.199680,1.335264
1460,traditional,0.069472,1.030144,0.199680,1.299296
1461,traditional,0.074144,1.056768,0.199680,1.330592
1462,traditional,0.077888,1.042432,0.199680,1.320000
1463,traditional,0.073184,1.035264,0.204800,1.313248
1464,traditional,0.088448,1.040384,0.204800,1.333632
1465,traditional,0.075360,1.081344,0.199680,1.356384
1466,traditional,0.074720,1.064960,0.199680,1.339360
1467,traditional,0.075072,1.097728,0.199680,1.372480
1468,traditional,0.074688,1.065984,0.199680,1.340352
1469,traditional,0.070048,1.052672,0.212992,1.335712
1470,traditional,0.077280,1.036288,0.199680,1.313248
1471,traditional,0.069920,1.026048,0.199680,1.295648
1472,traditional,0.071040,1.300480,0.203776,1.575296
1473,traditional,0.071712,1.059840,0.205824,1.337376
1474,traditional,0.069792,1.050624,0.199680,1.320096
1475,traditional,0.069408,1.057792,0.199680,1.326880
1476,traditional,0.071168,1.038336,0.200704,1.310208
1477,traditional,0.078752,1.048576,0.200704,1.328032
1478,traditional,0.071072,1.046528,0.200704,1.318304
1479,traditional,0.069888,1.022976,0.199680,1.292544
1480,traditional,0.069792,1.629184,0.218112,1.917088
1481,traditional,0.078208,1.078272,0.199680,1.356160
1482,traditional,0.072480,1.038336,0.484352,1.595168
1483,traditional,0.085216,1.266688,0.204800,1.556704
1484,traditional,0.070880,1.031168,0.199680,1.301728
1485,traditional,0.068192,1.058816,0.212992,1.340000
1486,traditional,0.069568,1.033216,0.204800,1.307584
1487,traditional,0.075488,1.240064,0.200704,1.516256
1488,traditional,0.076672,1.069056,0.200704,1.346432
1489,traditional,0.069056,1.072128,0.199680,1.340864
1490,traditional,0.070208,1.051648,0.199680,1.321536
1491,traditional,0.072352,1.293312,0.356352,1.722016
1492,traditional,0.078656,1.253376,0.199680,1.531712
1493,traditional,0.068128,1.081344,0.438272,1.587744
1494,traditional,0.078240,1.241088,0.202752,1.522080
1495,traditional,0.070304,1.024000,0.209920,1.304224
1496,traditional,0.070240,1.027072,0.199680,1.296992
1497,traditional,0.076000,1.060864,0.200704,1.337568
1498,traditional,0.076000,1.040384,0.199680,1.316064
1499,traditional,0.074816,1.069056,0.202752,1.346624
1500,traditional,0.071040,1.027072,0.199680,1.297792
1501,traditional,0.076320,1.310720,0.371712,1.758752
1502,traditional,0.074976,1.488896,0.381952,1.945824
1503,traditional,0.087840,1.454080,0.384000,1.925920
1504,traditional,0.071616,1.289216,0.200704,1.561536
1505,traditional,0.068256,1.058816,0.200704,1.327776
1506,traditional,0.076480,1.274880,0.204800,1.556160
1507,traditional,0.072864,1.019904,0.201728,1.294496
1508,traditional,0.069248,1.078272,0.199680,1.347200
1509,traditional,0.069632,1.021952,0.199680,1.291264
1510,traditional,0.073856,1.069056,0.204800,1.347712
1511,traditional,0.071424,1.046528,0.199680,1.317632
1512,traditional,0.069568,1.049600,0.199680,1.318848
1513,traditional,0.068032,1.021952,0.199680,1.289664
1514,traditional,0.070304,1.227776,0.200704,1.498784
1515,traditional,0.070400,1.015808,0.199680,1.285888
1516,traditional,0.074752,1.061888,0.199680,1.336320
1517,traditional,0.068608,1.032192,0.200704,1.301504
1518,traditional,0.095680,1.056768,0.205824,1.358272
1519,traditional,0.069248,1.060864,0.200704,1.330816
1520,traditional,0.069280,1.069056,0.199680,1.338016
1521,traditional,0.069920,1.052672,0.199680,1.322272
1522,traditional,0.069248,1.081344,0.199680,1.350272
1523,traditional,0.080096,1.104896,0.200704,1.385696
1524,traditional,0.074848,1.077248,0.199680,1.351776
1525,traditional,0.082176,1.061888,0.203776,1.347840
1526,traditional,0.073760,1.054720,0.199680,1.328160
1527,traditional,0.081568,1.058816,0.200704,1.341088
1528,traditional,0.080704,1.049600,0.200704,1.331008
1529,traditional,0.069888,1.076224,0.434176,1.580288
1530,traditional,0.075360,1.088512,0.199680,1.363552
1531,traditional,0.069664,1.048576,0.199680,1.317920
1532,traditional,0.072192,1.056768,0.199680,1.328640
1533,traditional,0.069728,1.043456,0.199680,1.312864
1534,traditional,0.070112,1.049600,0.199680,1.319392
1535,traditional,0.074080,1.054720,0.209920,1.338720
1536,traditional,0.074592,1.054720,0.199680,1.328992
1537,traditional,0.074784,1.034240,0.199680,1.308704
1538,traditional,0.070464,1.048576,0.200704,1.319744
1539,traditional,0.070400,1.045504,0.199680,1.315584
1540,traditional,0.076576,1.036288,0.204800,1.317664
1541,traditional,0.070208,1.027072,0.199680,1.296960
1542,traditional,0.071200,1.035264,0.199680,1.306144
1543,traditional,0.070464,1.025024,0.199680,1.295168
1544,traditional,0.073440,1.437696,0.219136,1.730272
1545,traditional,0.071680,1.033216,0.200704,1.305600
1546,traditional,0.075072,1.057792,0.199680,1.332544
1547,traditional,0.070784,1.038336,0.211968,1.321088
1548,traditional,0.083328,1.060864,0.199680,1.343872
1549,traditional,0.069920,1.053696,0.199680,1.323296
1550,traditional,0.069088,1.026048,0.198656,1.293792
1551,traditional,0.071360,1.225728,0.200704,1.497792
1552,traditional,0.069312,1.294336,0.364544,1.728192
1553,traditional,0.075328,1.459200,0.201728,1.736256
1554,traditional,0.074048,1.037312,0.203776,1.315136
1555,traditional,0.068448,1.061888,0.208896,1.339232
1556,traditional,0.071424,1.039360,0.199680,1.310464
1557,traditional,0.069696,1.019904,0.204800,1.294400
1558,traditional,0.069888,1.040384,0.199680,1.309952
1559,traditional,0.072192,1.044480,0.202752,1.319424
1560,traditional,0.074720,1.043456,0.199680,1.317856
1561,traditional,0.072160,1.046528,0.203776,1.322464
1562,traditional,0.075744,1.648640,0.208896,1.933280
1563,traditional,0.070656,1.287168,0.355328,1.713152
1564,traditional,0.081536,1.470464,0.388096,1.940096
1565,traditional,0.069984,1.080320,0.199680,1.349984
1566,traditional,0.073056,1.044480,0.199680,1.317216
1567,traditional,0.081024,1.249280,0.199680,1.529984
1568,traditional,0.070528,1.032192,0.199680,1.302400
1569,traditional,0.075008,1.034240,0.199680,1.308928
1570,traditional,0.069472,1.340416,0.460800,1.870688
1571,traditional,0.080896,1.253376,0.199680,1.533952
1572,traditional,0.069248,1.022976,0.203776,1.296000
1573,traditional,0.068896,1.046528,0.199680,1.315104
1574,traditional,0.075008,1.280000,0.356352,1.711360
1575,traditional,0.083296,1.549312,0.378880,2.011488
1576,traditional,0.071104,1.035264,0.199680,1.306048
1577,traditional,0.069984,1.029120,0.199680,1.298784
1578,traditional,0.071072,1.016832,0.199680,1.287584
1579,traditional,0.070496,1.225728,0.203776,1.500000
1580,traditional,0.070336,1.408000,0.203776,1.682112
1581,traditional,0.069120,1.015808,0.199680,1.284608
1582,traditional,0.069568,1.036288,0.199680,1.305536
1583,traditional,0.074816,1.208320,0.199680,1.482816
1584,traditional,0.070592,1.025024,0.203776,1.299392
1585,traditional,0.076256,1.454080,0.205824,1.736160
1586,traditional,0.069888,1.048576,0.203776,1.322240
1587,traditional,0.068352,1.018880,0.199680,1.286912
1588,traditional,0.071392,1.015808,0.199680,1.286880
1589,traditional,0.072864,1.063936,0.199680,1.336480
1590,traditional,0.069440,1.044480,0.199680,1.313600
1591,traditional,0.091232,1.011712,0.203776,1.306720
1592,traditional,0.080288,1.616896,0.208896,1.906080
1593,traditional,0.079648,1.260544,0.199680,1.539872
1594,traditional,0.069504,1.063936,0.199680,1.333120
1595,traditional,0.068832,1.036288,0.506880,1.612000
1596,traditional,0.082976,1.231872,0.203776,1.518624
1597,traditional,0.069536,1.032192,0.200704,1.302432
1598,traditional,0.074304,1.054720,0.199680,1.328704
1599,traditional,0.072288,1.234944,0.199680,1.506912
1600,traditional,0.071488,1.231872,0.203776,1.507136
1601,traditional,0.074144,1.055744,0.203776,1.333664
1602,traditional,0.069728,1.254400,0.199680,1.523808
1603,traditional,0.074592,1.411072,0.200704,1.686368
1604,traditional,0.074304,1.442816,0.201728,1.718848
1605,traditional,0.087040,1.431552,0.380928,1.899520
1606,traditional,0.076640,1.048576,0.199680,1.324896
1607,traditional,0.069760,1.267712,0.203776,1.541248
1608,traditional,0.069920,1.468416,0.204800,1.743136
1609,traditional,0.071712,1.559552,0.204800,1.836064
1610,traditional,0.073120,1.060864,0.203776,1.337760
1611,traditional,0.082208,1.040384,0.495616,1.618208
1612,traditional,0.074976,1.236992,0.199680,1.511648
1613,traditional,0.069024,1.056768,0.200704,1.326496
1614,traditional,0.072480,1.338368,0.423936,1.834784
1615,traditional,0.137504,2.032640,0.377856,2.548000
1616,traditional,0.125824,1.711104,0.199680,2.036608
1617,traditional,0.069728,1.033216,0.200704,1.303648
1618,traditional,0.085312,1.452032,0.380928,1.918272
1619,traditional,0.078784,1.492992,0.388096,1.959872
1620,traditional,0.070304,1.053696,0.428032,1.552032
1621,traditional,0.074848,1.232896,0.201728,1.509472
1622,traditional,0.070560,1.286144,0.360448,1.717152
1623,traditional,0.070816,1.543168,0.204800,1.818784
1624,traditional,0.072000,1.053696,0.205824,1.331520
1625,traditional,0.068480,1.039360,0.201728,1.309568
1626,traditional,0.072352,1.248256,0.204800,1.525408
1627,traditional,0.071584,1.047552,0.204800,1.323936
1628,traditional,0.071136,1.091584,0.499712,1.662432
1629,traditional,0.071744,1.057792,0.204800,1.334336
1630,traditional,0.081408,1.611776,0.390144,2.083328
1631,traditional,0.072448,1.059840,0.204800,1.337088
1632,traditional,0.075968,1.067008,0.203776,1.346752
1633,traditional,0.075616,1.451008,0.384000,1.910624
1634,traditional,0.070496,1.498112,0.387072,1.955680
1635,traditional,0.071136,1.102848,0.202752,1.376736
1636,traditional,0.094912,1.074176,0.515072,1.684160
1637,traditional,0.078400,1.329152,0.211968,1.619520
1638,traditional,0.073920,1.115136,0.211968,1.401024
1639,traditional,0.082688,1.124352,0.211968,1.419008
1640,traditional,0.078592,1.102848,0.211968,1.393408
1641,traditional,0.074336,1.394688,0.379904,1.848928
1642,traditional,0.079872,1.347584,0.219136,1.646592
1643,traditional,0.075424,1.428480,0.222208,1.726112
1644,traditional,0.102816,1.377280,0.224256,1.704352
1645,traditional,0.076256,1.174528,0.223232,1.474016
1646,traditional,0.088000,1.173504,0.219136,1.480640
1647,traditional,0.077472,1.165312,0.219136,1.461920
1648,traditional,0.081504,1.154048,0.219136,1.454688
1649,traditional,0.078912,1.189888,0.219136,1.487936
1650,traditional,0.081184,1.122304,0.215040,1.418528
1651,traditional,0.073344,1.528832,0.406528,2.008704
1652,traditional,0.082592,1.577984,0.408576,2.069152
1653,traditional,0.078464,1.573888,0.407552,2.059904
1654,traditional,0.079744,1.544192,0.219136,1.843072
1655,traditional,0.074752,1.530880,0.219136,1.824768
1656,traditional,0.085632,1.534976,0.406528,2.027136
1657,traditional,0.079424,1.501184,0.223232,1.803840
1658,traditional,0.075488,1.128448,0.215040,1.418976
1659,traditional,0.075136,1.411072,0.398336,1.884544
1660,traditional,0.091104,1.520640,0.423936,2.035680
1661,traditional,0.075392,1.368064,0.225280,1.668736
1662,traditional,0.085184,1.309696,0.215040,1.609920
1663,traditional,0.078880,1.403904,0.219136,1.701920
1664,traditional,0.079008,1.508352,0.215040,1.802400
1665,traditional,0.077024,1.116160,0.221184,1.414368
1666,traditional,0.080704,1.491968,0.215040,1.787712
1667,traditional,0.078592,1.122304,0.223232,1.424128
1668,traditional,0.081600,1.542144,0.219136,1.842880
1669,traditional,0.076000,1.150976,0.221184,1.448160
1670,traditional,0.079904,1.161216,0.219136,1.460256
1671,traditional,0.076384,1.375232,0.228352,1.679968
1672,traditional,0.078432,1.185792,0.232448,1.496672
1673,traditional,0.091040,1.208320,0.228352,1.527712
1674,traditional,0.079584,1.173504,0.228352,1.481440
1675,traditional,0.077632,1.182720,0.232448,1.492800
1676,traditional,0.085952,1.792000,0.237568,2.115520
1677,traditional,0.079968,1.171456,0.230400,1.481824
1678,traditional,0.078752,1.483776,0.429056,1.991584
1679,traditional,0.078144,1.163264,0.226304,1.467712
1680,traditional,0.081184,1.211392,0.227328,1.519904
1681,traditional,0.087136,1.176576,0.226304,1.490016
1682,traditional,0.077952,1.217536,0.227328,1.522816
1683,traditional,0.077120,1.180672,0.226304,1.484096
1684,traditional,0.093440,1.351680,0.219136,1.664256
1685,traditional,0.077632,1.190912,0.219136,1.487680
1686,traditional,0.075840,1.605632,0.410624,2.092096
1687,traditional,0.075680,1.123328,0.219136,1.418144
1688,traditional,0.083200,1.489920,0.513024,2.086144
1689,traditional,0.088864,1.149952,0.219136,1.457952
1690,traditional,0.086144,1.137664,0.220160,1.443968
1691,traditional,0.076320,1.134592,0.216064,1.426976
1692,traditional,0.091616,1.169408,0.215040,1.476064
1693,traditional,0.080384,1.343488,0.400384,1.824256
1694,traditional,0.081152,1.536000,0.407552,2.024704
1695,traditional,0.075776,1.116160,0.215040,1.406976
1696,traditional,0.090816,1.619968,0.487424,2.198208
1697,traditional,0.075776,1.315840,0.223232,1.614848
1698,traditional,0.076576,1.141760,0.215040,1.433376
1699,traditional,0.082816,1.108992,0.214016,1.405824
1700,traditional,0.079392,1.156096,0.214016,1.449504
1701,traditional,0.079296,1.106944,0.212992,1.399232
1702,traditional,0.081952,1.143808,0.214016,1.439776
1703,traditional,0.074304,1.496064,0.221184,1.791552
1704,traditional,0.079072,1.127424,0.214016,1.420512
1705,traditional,0.074240,1.095680,0.214016,1.383936
1706,traditional,0.072992,1.275904,0.208896,1.557792
1707,traditional,0.088416,1.353728,0.374784,1.816928
1708,traditional,0.084256,1.498112,0.209920,1.792288
1709,traditional,0.076800,1.379328,0.212992,1.669120
1710,traditional,0.085088,1.306624,0.209920,1.601632
1711,traditional,0.077856,1.499136,0.407552,1.984544
1712,traditional,0.073216,1.528832,0.411648,2.013696
1713,traditional,0.088192,1.539072,0.415744,2.043008
1714,traditional,0.082464,1.515520,0.401408,1.999392
1715,traditional,0.074464,1.108992,0.208896,1.392352
1716,traditional,0.074112,1.091584,0.501760,1.667456
1717,traditional,0.072960,1.079296,0.207872,1.360128
1718,traditional,0.072544,1.089536,0.207872,1.369952
1719,traditional,0.075552,1.288192,0.211968,1.575712
1720,traditional,0.072256,1.077248,0.208896,1.358400
1721,traditional,0.074816,1.100800,0.512000,1.687616
1722,traditional,0.081248,1.094656,0.405504,1.581408
1723,traditional,0.078432,1.533952,0.218112,1.830496
1724,traditional,0.080832,1.713152,0.222208,2.016192
1725,traditional,0.091488,1.110016,0.447488,1.648992
1726,traditional,0.083616,1.519616,0.214016,1.817248
1727,traditional,0.078752,1.744896,0.222208,2.045856
1728,traditional,0.075136,1.530880,0.218112,1.824128
1729,traditional,0.079840,1.553408,0.406528,2.039776
1730,traditional,0.080000,1.298432,0.218112,1.596544
1731,traditional,0.079040,1.528832,0.408576,2.016448
1732,traditional,0.079520,1.497088,0.217088,1.793696
1733,traditional,0.078496,1.111040,0.212992,1.402528
1734,traditional,0.084992,1.104896,0.212992,1.402880
1735,traditional,0.076128,1.311744,0.212992,1.600864
1736,traditional,0.075072,1.113088,0.453632,1.641792
1737,traditional,0.096192,1.303552,0.212992,1.612736
1738,traditional,0.073056,1.551360,0.217088,1.841504
1739,traditional,0.078976,1.312768,0.212992,1.604736
1740,traditional,0.074368,1.121280,0.211968,1.407616
1741,traditional,0.072896,1.721344,0.408576,2.202816
1742,traditional,0.074464,1.424384,0.379904,1.878752
1743,traditional,0.083712,1.504256,0.212992,1.800960
1744,traditional,0.073920,1.177600,0.212992,1.464512
1745,traditional,0.073024,1.091584,0.211968,1.376576
1746,traditional,0.080992,1.311744,0.218112,1.610848
1747,traditional,0.074784,1.525760,0.402432,2.002976
1748,traditional,0.074944,1.114112,0.228352,1.417408
1749,traditional,0.074880,1.304576,0.211968,1.591424
1750,traditional,0.074528,1.127424,0.454656,1.656608
1751,traditional,0.077696,1.295360,0.211968,1.585024
1752,traditional,0.077632,1.154048,0.215040,1.446720
1753,traditional,0.073664,1.090560,0.212992,1.377216
1754,traditional,0.081984,1.527808,0.218112,1.827904
1755,traditional,0.072608,1.124352,0.218112,1.415072
1756,traditional,0.076512,1.081344,0.207872,1.365728
1757,traditional,0.072544,1.266688,0.207872,1.547104
1758,traditional,0.072416,1.350656,0.211968,1.635040
1759,traditional,0.077280,1.467392,0.208896,1.753568
1760,traditional,0.072352,1.086464,0.212992,1.371808
1761,traditional,0.074336,1.104896,0.208896,1.388128
1762,traditional,0.077664,1.301504,0.208896,1.588064
1763,traditional,0.071232,1.356800,0.372736,1.800768
1764,traditional,0.073024,1.619968,0.397312,2.090304
1765,traditional,0.073376,1.128448,0.212992,1.414816
1766,traditional,0.077600,1.104896,0.208896,1.391392
1767,traditional,0.078144,1.295360,0.212992,1.586496
1768,traditional,0.088704,1.532928,0.396288,2.017920
1769,traditional,0.080640,1.504256,0.212992,1.797888
1770,traditional,0.087712,1.077248,0.208896,1.373856
1771,traditional,0.071552,1.414144,0.479232,1.964928
1772,traditional,0.078496,1.320960,0.211968,1.611424
1773,traditional,0.087008,1.100800,0.208896,1.396704
1774,traditional,0.073728,1.305600,0.212992,1.592320
1775,traditional,0.071616,1.355776,0.373760,1.801152
1776,traditional,0.073152,1.623040,0.396288,2.092480
1777,traditional,0.073344,1.098752,0.208896,1.380992
1778,traditional,0.075840,1.095680,0.208896,1.380416
1779,traditional,0.079808,1.314816,0.208896,1.603520
1780,traditional,0.072224,1.106944,0.209920,1.389088
1781,traditional,0.081216,1.702912,0.217088,2.001216
1782,traditional,0.089216,1.290240,0.208896,1.588352
1783,traditional,0.077536,1.401856,0.482304,1.961696
1784,traditional,0.079104,1.282048,0.209920,1.571072
1785,traditional,0.072704,1.159168,0.209920,1.441792
1786,traditional,0.136448,2.150400,0.400384,2.687232
1787,traditional,0.146528,1.747968,0.209920,2.104416
1788,traditional,0.080768,1.353728,0.217088,1.651584
1789,traditional,0.076320,1.605632,0.219136,1.901088
1790,traditional,0.077472,1.316864,0.217088,1.611424
1791,traditional,0.075360,1.158144,0.230400,1.463904
1792,traditional,0.075008,1.155072,0.214016,1.444096
1793,traditional,0.080768,1.378304,0.218112,1.677184
1794,traditional,0.075008,1.144832,0.218112,1.437952
1795,traditional,0.074784,1.119232,0.218112,1.412128
1796,traditional,0.081664,1.309696,0.214016,1.605376
1797,traditional,0.078272,1.720320,0.222208,2.020800
1798,traditional,0.089440,1.534976,0.408576,2.032992
1799,traditional,0.080288,1.116160,0.215040,1.411488
1800,traditional,0.074144,1.102848,0.212992,1.389984
1801,traditional,0.081472,1.298432,0.214016,1.593920
1802,traditional,0.074688,1.374208,0.218112,1.667008
1803,traditional,0.075552,1.661952,0.397312,2.134816
1804,traditional,0.074624,1.078272,0.209920,1.362816
1805,traditional,0.075808,1.081344,0.217088,1.374240
1806,traditional,0.081792,1.310720,0.224256,1.616768
1807,traditional,0.074112,1.483776,0.400384,1.958272
1808,traditional,0.077792,1.732608,0.219136,2.029536
1809,traditional,0.080864,1.099776,0.207872,1.388512
1810,traditional,0.072288,1.060864,0.207872,1.341024
1811,traditional,0.074400,1.236992,0.204800,1.516192
1812,traditional,0.075168,1.514496,0.399360,1.989024
1813,traditional,0.078272,1.455104,0.395264,1.928640
1814,traditional,0.074880,1.073152,0.203776,1.351808
1815,traditional,0.069440,1.607680,0.215040,1.892160
1816,traditional,0.077536,1.560576,0.389120,2.027232
1817,traditional,0.070624,1.056768,0.203776,1.331168
1818,traditional,0.082144,1.088512,0.207872,1.378528
1819,traditional,0.089312,1.268736,0.202752,1.560800
1820,traditional,0.076000,1.046528,0.206848,1.329376
1821,traditional,0.080448,1.059840,0.388096,1.528384
1822,traditional,0.074176,1.102848,0.206848,1.383872
1823,traditional,0.080096,1.241088,0.203776,1.524960
1824,traditional,0.071136,1.049600,0.209920,1.330656
1825,traditional,0.072864,1.555456,0.216064,1.844384
1826,traditional,0.072672,1.256448,0.442368,1.771488
1827,traditional,0.072352,1.581056,0.214016,1.867424
1828,traditional,0.077120,1.274880,0.209920,1.561920
1829,traditional,0.080576,1.061888,0.218112,1.360576
1830,traditional,0.085664,1.048576,0.200704,1.334944
1831,traditional,0.069952,1.351680,0.461824,1.883456
1832,traditional,0.075648,1.245184,0.200704,1.521536
1833,traditional,0.070176,1.295360,0.359424,1.724960
1834,traditional,0.078400,1.431552,0.210944,1.720896
1835,traditional,0.143328,1.029120,0.204800,1.377248
1836,traditional,0.082784,1.250304,0.206848,1.539936
1837,traditional,0.074528,1.301504,0.363520,1.739552
1838,traditional,0.077920,1.573888,0.387072,2.038880
1839,traditional,0.071008,1.065984,0.206848,1.343840
1840,traditional,0.077184,1.265664,0.202752,1.545600
1841,traditional,0.070688,1.055744,0.450560,1.576992
1842,traditional,0.082848,2.333696,0.387072,2.803616
1843,traditional,0.351328,2.093056,0.305152,2.749536
1844,traditional,0.070624,1.045504,0.211968,1.328096
1845,traditional,0.081344,1.333248,0.216064,1.630656
1846,traditional,0.085792,1.506304,0.216064,1.808160
1847,traditional,0.077024,1.315840,0.217088,1.609952
1848,traditional,0.082624,1.129472,0.211968,1.424064
1849,traditional,0.085024,1.113088,0.510976,1.709088
1850,traditional,0.075616,1.293312,0.212992,1.581920
1851,traditional,0.078304,1.108992,0.212992,1.400288
1852,traditional,0.083648,1.305600,0.220160,1.609408
1853,traditional,0.073504,1.357824,0.380928,1.812256
1854,traditional,0.073952,1.495040,0.214016,1.783008
1855,traditional,0.073312,1.122304,0.214016,1.409632
1856,traditional,0.074048,1.105920,0.212992,1.392960
1857,traditional,0.076576,1.318912,0.214016,1.609504
1858,traditional,0.079424,1.543168,0.407552,2.030144
1859,traditional,0.079008,1.541120,0.407552,2.027680
1860,traditional,0.079488,1.757184,0.219136,2.055808
1861,traditional,0.079008,1.737728,0.227328,2.044064
1862,traditional,0.317248,1.496064,0.216064,2.029376
1863,traditional,0.091008,1.720320,0.217088,2.028416
1864,traditional,0.077888,1.073152,0.448512,1.599552
1865,traditional,0.078400,1.482752,0.214016,1.775168
1866,traditional,0.077440,1.482752,0.406528,1.966720
1867,traditional,0.078624,1.496064,0.400384,1.975072
1868,traditional,0.078080,1.133568,0.211968,1.423616
1869,traditional,0.095008,1.105920,0.209920,1.410848
1870,traditional,0.133088,2.050048,0.209920,2.393056
1871,traditional,0.074496,1.539072,0.400384,2.013952
1872,traditional,0.087168,1.532928,0.404480,2.024576
1873,traditional,0.077376,1.492992,0.400384,1.970752
1874,traditional,0.078880,1.515520,0.400384,1.994784
1875,traditional,0.080864,1.734656,0.219136,2.034656
1876,traditional,0.081184,1.725440,0.217088,2.023712
1877,traditional,0.077920,1.491968,0.400384,1.970272
1878,traditional,0.078208,1.713152,0.222208,2.013568
1879,traditional,0.079584,1.141760,0.214016,1.435360
1880,traditional,0.075328,1.099776,0.214016,1.389120
1881,traditional,0.079936,1.302528,0.214016,1.596480
1882,traditional,0.074592,1.104896,0.221184,1.400672
1883,traditional,0.074688,1.100800,0.214016,1.389504
1884,traditional,0.083936,1.328128,0.212992,1.625056
1885,traditional,0.073632,1.152000,0.212992,1.438624
1886,traditional,0.074432,1.103872,0.214016,1.392320
1887,traditional,0.078400,1.397760,0.226304,1.702464
1888,traditional,0.077760,1.191936,0.226304,1.496000
1889,traditional,0.078464,1.163264,0.226304,1.468032
1890,traditional,0.096768,1.398784,0.226304,1.721856
1891,traditional,0.082688,1.854464,0.231424,2.168576
1892,traditional,0.083328,1.600512,0.228352,1.912192
1893,traditional,0.090080,1.214464,0.226304,1.530848
1894,traditional,0.077568,1.554432,0.237568,1.869568
1895,traditional,0.081312,1.144832,0.219136,1.445280
1896,traditional,0.086400,1.142784,0.220160,1.449344
1897,traditional,0.080320,1.367040,0.220160,1.667520
1898,traditional,0.074720,1.130496,0.219136,1.424352
1899,traditional,0.086688,1.425408,0.459776,1.971872
1900,traditional,0.077152,1.153024,0.223232,1.453408
1901,traditional,0.075808,1.710080,0.224256,2.010144
1902,traditional,0.077824,1.357824,0.231424,1.667072
1903,traditional,0.076192,1.369088,0.219136,1.664416
1904,traditional,0.095104,1.144832,0.230400,1.470336
1905,traditional,0.087168,1.132544,0.221184,1.440896
1906,traditional,0.084736,1.325056,0.216064,1.625856
1907,traditional,0.084064,1.141760,0.219136,1.444960
1908,traditional,0.092448,1.377280,0.406528,1.876256
1909,traditional,0.075328,1.337344,0.221184,1.633856
1910,traditional,0.075168,1.123328,0.217088,1.415584
1911,traditional,0.085856,1.342464,0.214016,1.642336
1912,traditional,0.074720,1.421312,0.384000,1.880032
1913,traditional,0.082368,1.580032,0.408576,2.070976
1914,traditional,0.075552,1.357824,0.221184,1.654560
1915,traditional,0.079808,1.370112,0.218112,1.668032
1916,traditional,0.073408,1.090560,0.209920,1.373888
1917,traditional,0.073184,1.085440,0.209920,1.368544
1918,traditional,0.079232,1.272832,0.209920,1.561984
1919,traditional,0.073248,1.087488,0.214016,1.374752
1920,traditional,0.082880,1.309696,0.209920,1.602496
1921,traditional,0.073248,1.095680,0.208896,1.377824
1922,traditional,0.076992,1.120256,0.209920,1.407168
1923,traditional,0.074368,1.360896,0.374784,1.810048
1924,traditional,0.072832,1.652736,0.398336,2.123904
1925,traditional,0.083808,1.355776,0.216064,1.655648
1926,traditional,0.082848,1.308672,0.208896,1.600416
1927,traditional,0.074880,1.107968,0.452608,1.635456
1928,traditional,0.084576,1.484800,0.208896,1.778272
1929,traditional,0.073248,1.071104,0.212992,1.357344
1930,traditional,0.073376,1.074176,0.515072,1.662624
1931,traditional,0.078560,1.457152,0.209920,1.745632
1932,traditional,0.075488,1.157120,0.226304,1.458912
1933,traditional,0.077536,1.501184,0.241664,1.820384
1934,traditional,0.078720,1.166336,0.228352,1.473408
1935,traditional,0.085824,1.701888,0.507904,2.295616
1936,traditional,0.089792,1.376256,0.240640,1.706688
1937,traditional,0.076960,1.161216,0.225280,1.463456
1938,traditional,0.079072,1.651712,0.429056,2.159840
1939,traditional,0.079328,1.170432,0.226304,1.476064
1940,traditional,0.078496,1.651712,0.425984,2.156192
1941,traditional,0.082784,1.817600,0.231424,2.131808
1942,traditional,0.094816,1.944576,0.226304,2.265696
1943,traditional,0.079200,1.177600,0.225280,1.482080
1944,traditional,0.090176,1.185792,0.236544,1.512512
1945,traditional,0.082112,1.378304,0.224256,1.684672
1946,traditional,0.085536,1.642496,0.239616,1.967648
1947,traditional,0.392864,1.606656,0.240640,2.240160
1948,traditional,0.081696,1.166336,0.220160,1.468192
1949,traditional,0.075776,1.181696,0.220160,1.477632
1950,traditional,0.077120,1.354752,0.225280,1.657152
1951,traditional,0.083808,1.424384,0.393216,1.901408
1952,traditional,0.081856,1.634304,0.433152,2.149312
1953,traditional,0.085056,1.831936,0.224256,2.141248
1954,traditional,0.081056,1.790976,0.225280,2.097312
1955,traditional,0.093600,1.140736,0.220160,1.454496
1956,traditional,0.076288,1.176576,0.224256,1.477120
1957,traditional,0.079808,1.329152,0.216064,1.625024
1958,traditional,0.091296,1.522688,0.403456,2.017440
1959,traditional,0.092448,1.737728,0.217088,2.047264
1960,traditional,0.080320,1.127424,0.211968,1.419712
1961,traditional,0.072896,1.118208,0.211968,1.403072
1962,traditional,0.080032,1.317888,0.212992,1.610912
1963,traditional,0.078208,1.070080,0.201728,1.350016
1964,traditional,0.072096,1.587200,0.214016,1.873312
1965,traditional,0.070912,1.256448,0.204800,1.532160
1966,traditional,0.086176,1.106944,0.201728,1.394848
1967,traditional,0.075520,1.266688,0.200704,1.542912
1968,traditional,0.074336,1.047552,0.200704,1.322592
1969,traditional,0.073920,1.046528,0.200704,1.321152
1970,traditional,0.084192,1.286144,0.199680,1.570016
1971,traditional,0.079552,1.054720,0.199680,1.333952
1972,traditional,0.069440,1.022976,0.199680,1.292096
1973,traditional,0.076192,1.264640,0.203776,1.544608
1974,traditional,0.091264,1.453056,0.390144,1.934464
1975,traditional,0.077760,1.484800,0.397312,1.959872
1976,traditional,0.071968,1.050624,0.200704,1.323296
1977,traditional,0.072224,1.054720,0.199680,1.326624
1978,traditional,0.076832,1.245184,0.200704,1.522720
1979,traditional,0.069184,1.349632,0.204800,1.623616
1980,traditional,0.079168,1.231872,0.200704,1.511744
1981,traditional,0.072416,1.033216,0.203776,1.309408
1982,traditional,0.069952,1.029120,0.199680,1.298752
1983,traditional,0.073152,1.224704,0.200704,1.498560
1984,traditional,0.075424,1.468416,0.379904,1.923744
1985,traditional,0.078368,1.446912,0.379904,1.905184
1986,traditional,0.070656,1.106944,0.200704,1.378304
1987,traditional,0.068928,1.040384,0.199680,1.308992
1988,traditional,0.072640,1.228800,0.199680,1.501120
1989,traditional,0.069312,1.039360,0.200704,1.309376
1990,traditional,0.073600,1.599488,0.385024,2.058112
1991,traditional,0.125984,2.532352,0.578560,3.236896
1992,traditional,0.126688,2.208768,0.200704,2.536160
1993,traditional,0.073184,1.072128,0.200704,1.346016
1994,traditional,0.070624,1.048576,0.200704,1.319904
1995,traditional,0.069920,1.021952,0.199680,1.291552
1996,traditional,0.072256,1.052672,0.200704,1.325632
1997,traditional,0.077408,1.062912,0.205824,1.346144
1998,traditional,0.073920,1.256448,0.199680,1.530048
1999,traditional,0.076000,1.234944,0.200704,1.511648
2000,traditional,0.070464,1.064960,0.205824,1.341248
2001,traditional,0.088480,1.323008,0.370688,1.782176
2002,traditional,0.072416,1.582080,0.405504,2.060000
2003,traditional,0.083296,1.083392,0.206848,1.373536
2004,traditional,0.075840,1.453056,0.209920,1.738816
2005,traditional,0.075552,1.472512,0.408576,1.956640
2006,traditional,0.071904,1.525760,0.405504,2.003168
2007,traditional,0.076864,1.271808,0.206848,1.555520
2008,traditional,0.076928,1.082368,0.205824,1.365120
2009,traditional,0.069920,1.051648,0.201728,1.323296
2010,traditional,0.076544,1.280000,0.205824,1.562368
2011,traditional,0.072384,1.053696,0.201728,1.327808
2012,traditional,0.070080,1.042432,0.204800,1.317312
2013,traditional,0.071424,1.063936,0.201728,1.337088
2014,traditional,0.087488,1.089536,0.202752,1.379776
2015,traditional,0.070432,1.429504,0.203776,1.703712
2016,traditional,0.074464,1.043456,0.201728,1.319648
2017,traditional,0.069408,1.058816,0.199680,1.327904
2018,traditional,0.070304,1.238016,0.203776,1.512096
2019,traditional,0.077632,1.223680,0.203776,1.505088
2020,traditional,0.070208,1.405952,0.212992,1.689152
2021,traditional,0.073696,1.035264,0.200704,1.309664
2022,traditional,0.080544,1.266688,0.200704,1.547936
2023,traditional,0.078848,1.283072,0.359424,1.721344
2024,traditional,0.072992,1.429504,0.210944,1.713440
2025,traditional,0.075360,1.438720,0.379904,1.893984
2026,traditional,0.078304,1.463296,0.381952,1.923552
2027,traditional,0.077408,1.465344,0.379904,1.922656
2028,traditional,0.088672,1.439744,0.379904,1.908320
2029,traditional,0.076064,1.078272,0.199680,1.354016
2030,traditional,0.069152,2.593792,0.384000,3.046944
2031,traditional,0.129792,2.646016,0.203776,2.979584
2032,traditional,0.073120,1.430528,0.202752,1.706400
2033,traditional,0.074816,1.448960,0.201728,1.725504
2034,traditional,0.069728,1.304576,0.356352,1.730656
2035,traditional,0.073856,1.530880,0.203776,1.808512
2036,traditional,0.087200,1.092608,0.200704,1.380512
2037,traditional,0.125312,2.371584,0.391168,2.888064
2038,traditional,0.130112,1.855488,0.237568,2.223168
2039,traditional,0.083360,1.285120,0.237568,1.606048
2040,traditional,0.086912,1.849344,0.254976,2.191232
2041,traditional,0.094880,1.889280,0.244736,2.228896
2042,traditional,0.084416,1.424384,0.238592,1.747392
2043,traditional,0.087968,1.244160,0.237568,1.569696
2044,traditional,0.082720,1.479680,0.238592,1.800992
2045,traditional,0.087808,1.685504,0.243712,2.017024
2046,traditional,0.091840,1.568768,0.251904,1.912512
2047,traditional,0.092160,1.518592,0.246784,1.857536
2048,traditional,0.090208,1.941504,0.253952,2.285664
2049,traditional,0.091936,1.961984,0.247808,2.301728
2050,traditional,0.092576,1.257472,0.243712,1.593760
2051,traditional,0.082592,1.882112,0.260096,2.224800
2052,traditional,0.085856,1.504256,0.246784,1.836896
2053,traditional,0.082400,1.255424,0.252928,1.590752
2054,traditional,0.084000,1.272832,0.243712,1.600544
2055,traditional,0.081824,1.722368,0.456704,2.260896
2056,traditional,0.088928,1.984512,0.247808,2.321248
2057,traditional,0.088640,1.255424,0.246784,1.590848
2058,traditional,0.083296,1.277952,0.242688,1.603936
2059,traditional,0.087072,1.255424,0.246784,1.589280
2060,traditional,0.079936,1.218560,0.230400,1.528896
2061,traditional,0.082208,1.211392,0.231424,1.525024
2062,traditional,0.084512,1.417216,0.232448,1.734176
2063,traditional,0.081984,1.191936,0.233472,1.507392
2064,traditional,0.080512,1.218560,0.231424,1.530496
2065,traditional,0.085632,1.425408,0.231424,1.742464
2066,traditional,0.078944,1.183744,0.230400,1.493088
2067,traditional,0.092416,1.220608,0.230400,1.543424
2068,traditional,0.085504,1.410048,0.231424,1.726976
2069,traditional,0.079360,1.512448,0.237568,1.829376
2070,traditional,0.090400,1.477632,0.235520,1.803552
2071,traditional,0.089888,1.484800,0.236544,1.811232
2072,traditional,0.092448,1.771520,0.435200,2.299168
2073,traditional,0.085408,1.845248,0.234496,2.165152
2074,traditional,0.090048,1.871872,0.235520,2.197440
2075,traditional,0.097280,1.198080,0.230400,1.525760
2076,traditional,0.079296,1.823744,0.252928,2.155968
2077,traditional,0.090752,1.418240,0.233472,1.742464
2078,traditional,0.078624,1.218560,0.237568,1.534752
2079,traditional,0.081120,1.426432,0.240640,1.748192
2080,traditional,0.092704,1.862656,0.230400,2.185760
2081,traditional,0.082720,1.581056,0.430080,2.093856
2082,traditional,0.082112,1.153024,0.223232,1.458368
2083,traditional,0.079424,1.155072,0.226304,1.460800
2084,traditional,0.100736,1.361920,0.229376,1.692032
2085,traditional,0.090272,1.837056,0.233472,2.160800
2086,traditional,0.095616,1.638400,0.436224,2.170240
2087,traditional,0.083552,1.641472,0.228352,1.953376
2088,traditional,0.088640,1.613824,0.429056,2.131520
2089,traditional,0.082784,1.849344,0.230400,2.162528
2090,traditional,0.089568,1.872896,0.239616,2.202080
2091,traditional,0.095072,1.202176,0.226304,1.523552
2092,traditional,0.081600,1.479680,0.242688,1.803968
2093,traditional,0.080288,1.388544,0.230400,1.699232
2094,traditional,0.077472,1.238016,0.226304,1.541792
2095,traditional,0.090112,1.193984,0.226304,1.510400
2096,traditional,0.078464,1.164288,0.226304,1.469056
2097,traditional,0.076960,1.471488,0.400384,1.948832
2098,traditional,0.078272,1.948672,0.229376,2.256320
2099,traditional,0.078496,1.200128,0.224256,1.502880
2100,traditional,0.079936,1.155072,0.224256,1.459264
