frame,renderPath,shadowMs,sceneMs,postProcessMs,frameMs
1,traditional,0.181344,1.754112,0.223232,2.158688
2,traditional,0.187104,1.758208,0.222208,2.167520
3,traditional,0.177312,2.276352,0.222208,2.675872
4,traditional,0.181120,1.754112,0.223232,2.158464
5,traditional,0.204064,1.778688,0.221184,2.203936
6,traditional,0.179712,1.760256,0.225280,2.165248
7,traditional,0.180736,1.745920,0.225280,2.151936
8,traditional,0.177600,1.734656,0.221184,2.133440
9,traditional,0.192704,1.716224,0.222208,2.131136
10,traditional,0.189504,2.192384,0.222208,2.604096
11,traditional,0.179328,1.709056,0.222208,2.110592
12,traditional,0.180128,1.702912,0.220160,2.103200
13,traditional,0.178208,1.724416,0.221184,2.123808
14,traditional,0.186080,1.697792,0.226304,2.110176
15,traditional,0.176288,1.731584,0.222208,2.130080
16,traditional,0.176640,1.742848,0.428032,2.347520
17,traditional,0.180608,1.711104,0.415744,2.307456
18,traditional,0.177344,1.774592,0.221184,2.173120
19,traditional,0.192448,1.795072,0.221184,2.208704
20,traditional,0.174912,1.744896,0.221184,2.140992
21,traditional,0.180704,1.743872,0.222208,2.146784
22,traditional,0.202464,1.710080,0.221184,2.133728
23,traditional,0.193920,1.750016,0.221184,2.165120
24,traditional,0.176288,1.739776,0.221184,2.137248
25,traditional,0.176416,1.710080,0.220160,2.106656
26,traditional,0.188960,1.698816,0.221184,2.108960
27,traditional,0.176384,1.741824,0.221184,2.139392
28,traditional,0.190144,1.712128,0.221184,2.123456
29,traditional,0.174688,1.742848,0.222208,2.139744
30,traditional,0.202400,1.736704,0.221184,2.160288
31,traditional,0.193184,1.731584,0.222208,2.146976
32,traditional,0.195360,1.732608,0.221184,2.149152
33,traditional,0.206560,1.744896,0.220160,2.171616
34,traditional,0.180832,1.750016,0.222208,2.153056
35,traditional,0.176672,1.718272,0.221184,2.116128
36,traditional,0.184096,1.728512,0.221184,2.133792
37,traditional,0.175968,1.719296,0.222208,2.117472
38,traditional,0.180640,1.727488,0.221184,2.129312
39,traditional,0.179712,1.712128,0.221184,2.113024
40,traditional,0.186688,1.698816,0.221184,2.106688
41,traditional,0.176672,1.699840,0.221184,2.097696
42,traditional,0.178976,1.707008,0.222208,2.108192
43,traditional,0.175296,1.704960,0.222208,2.102464
44,traditional,0.176000,1.709056,0.222208,2.107264
45,traditional,0.191584,1.719296,0.221184,2.132064
46,traditional,0.177824,1.721344,0.221184,2.120352
47,traditional,0.174784,1.723392,0.221184,2.119360
48,traditional,0.179904,1.978368,0.228352,2.386624
49,traditional,0.176064,1.771520,0.223232,2.170816
50,traditional,0.176544,2.149376,0.229376,2.555296
51,traditional,0.196160,2.001920,0.221184,2.419264
52,traditional,0.183840,1.756160,0.221184,2.161184
53,traditional,0.175488,1.724416,0.221184,2.121088
54,traditional,0.192992,1.758208,0.222208,2.173408
55,traditional,0.203584,1.764352,0.221184,2.189120
56,traditional,0.180032,1.725440,0.221184,2.126656
57,traditional,0.183296,1.729536,0.220160,2.132992
58,traditional,0.202752,1.725440,0.221184,2.149376
59,traditional,0.184448,1.729536,0.222208,2.136192
60,traditional,0.195808,1.779712,0.221184,2.196704
61,traditional,0.216288,1.811456,0.221184,2.248928
62,traditional,0.215008,1.716224,0.221184,2.152416
63,traditional,0.194784,1.717248,0.222208,2.134240
64,traditional,0.181504,1.713152,0.245760,2.140416
65,traditional,0.178080,1.737728,0.222208,2.138016
66,traditional,0.188608,1.709056,0.221184,2.118848
67,traditional,0.175808,1.697792,0.221184,2.094784
68,traditional,0.183904,1.718272,0.221184,2.123360
69,traditional,0.175936,1.711104,0.221184,2.108224
70,traditional,0.184320,1.697792,0.220160,2.102272
71,traditional,0.177216,1.714176,0.220160,2.111552
72,traditional,0.178656,1.698816,0.221184,2.098656
73,traditional,0.178176,1.702912,0.221184,2.102272
74,traditional,0.181664,1.775616,0.222208,2.179488
75,traditional,0.186240,1.992704,0.395264,2.574208
76,traditional,0.193504,1.999872,0.228352,2.421728
77,traditional,0.196512,1.727488,0.221184,2.145184
78,traditional,0.195808,1.708032,0.221184,2.125024
79,traditional,0.178176,1.757184,0.221184,2.156544
80,traditional,0.184512,1.768448,0.220160,2.173120
81,traditional,0.178176,1.694720,0.220160,2.093056
82,traditional,0.198720,1.740800,0.221184,2.160704
83,traditional,0.196320,1.747968,0.221184,2.165472
84,traditional,0.194752,1.757184,0.225280,2.177216
85,traditional,0.186784,1.701888,0.221184,2.109856
86,traditional,0.163168,1.546240,0.198656,1.908064
87,traditional,0.175904,1.552384,0.199680,1.927968
88,traditional,0.165696,1.546240,0.198656,1.910592
89,traditional,0.160928,1.896448,0.202752,2.260128
90,traditional,0.162592,1.761280,0.200704,2.124576
91,traditional,0.175488,1.590272,0.198656,1.964416
92,traditional,0.164032,1.522688,0.199680,1.886400
93,traditional,0.178496,1.551360,0.198656,1.928512
94,traditional,0.172064,1.786880,0.359424,2.318368
95,traditional,0.164224,1.759232,0.199680,2.123136
96,traditional,0.162016,1.625088,0.199680,1.986784
97,traditional,0.159744,1.753088,0.198656,2.111488
98,traditional,0.165760,1.560576,0.199680,1.926016
99,traditional,0.164416,1.551360,0.198656,1.914432
100,traditional,0.182848,1.587200,0.199680,1.969728
101,traditional,0.159680,1.552384,0.199680,1.911744
102,traditional,0.163072,1.530880,0.202752,1.896704
103,traditional,0.159520,1.557504,0.198656,1.915680
104,traditional,0.165888,1.537024,0.199680,1.902592
105,traditional,0.160768,1.940480,0.379904,2.481152
106,traditional,0.163712,1.744896,0.199680,2.108288
107,traditional,0.182304,1.550336,0.199680,1.932320
108,traditional,0.161216,1.553408,0.199680,1.914304
109,traditional,0.176064,1.555456,0.200704,1.932224
110,traditional,0.160512,1.537024,0.199680,1.897216
111,traditional,0.160160,1.552384,0.201728,1.914272
112,traditional,0.162656,1.531904,0.201728,1.896288
113,traditional,0.160384,1.564672,0.199680,1.924736
114,traditional,0.159264,1.552384,0.199680,1.911328
115,traditional,0.161984,1.569792,0.200704,1.932480
116,traditional,0.171744,1.574912,0.199680,1.946336
117,traditional,0.160288,1.547264,0.200704,1.908256
118,traditional,0.170176,1.612800,0.199680,1.982656
119,traditional,0.161472,1.568768,0.199680,1.929920
120,traditional,0.170592,1.545216,0.199680,1.915488
121,traditional,0.160064,1.528832,0.199680,1.888576
122,traditional,0.163392,1.546240,0.199680,1.909312
123,traditional,0.159776,1.538048,0.200704,1.898528
124,traditional,0.175104,1.594368,0.199680,1.969152
125,traditional,0.179008,1.592320,0.199680,1.971008
126,traditional,0.159808,1.574912,0.202752,1.937472
127,traditional,0.160320,1.557504,0.200704,1.918528
128,traditional,0.162112,1.612800,0.200704,1.975616
129,traditional,0.161984,1.577984,0.207872,1.947840
130,traditional,0.170016,1.542144,0.217088,1.929248
131,traditional,0.159648,1.580032,0.199680,1.939360
132,traditional,0.161408,1.568768,0.199680,1.929856
133,traditional,0.167392,1.574912,0.198656,1.940960
134,traditional,0.162016,1.573888,0.199680,1.935584
135,traditional,0.164448,1.529856,0.199680,1.893984
136,traditional,0.162016,1.555456,0.199680,1.917152
137,traditional,0.186080,1.600512,0.208896,1.995488
138,traditional,0.165920,1.566720,0.199680,1.932320
139,traditional,0.164288,1.557504,0.199680,1.921472
140,traditional,0.173024,1.559552,0.199680,1.932256
141,traditional,0.173408,1.576960,0.199680,1.950048
142,traditional,0.167936,1.563648,0.199680,1.931264
143,traditional,0.163008,1.555456,0.199680,1.918144
144,traditional,0.164000,1.577984,0.200704,1.942688
145,traditional,0.190272,1.562624,0.200704,1.953600
146,traditional,0.163296,1.559552,0.199680,1.922528
147,traditional,0.174720,1.556480,0.199680,1.930880
148,traditional,0.163488,1.547264,0.199680,1.910432
149,traditional,0.163520,1.587200,0.200704,1.951424
150,traditional,0.187808,1.558528,0.199680,1.946016
151,traditional,0.161888,1.550336,0.199680,1.911904
152,traditional,0.164960,1.593344,0.199680,1.957984
153,traditional,0.164160,1.536000,0.199680,1.899840
154,traditional,0.161344,1.565696,0.204800,1.931840
155,traditional,0.161504,1.552384,0.200704,1.914592
156,traditional,0.183904,1.530880,0.199680,1.914464
157,traditional,0.172608,1.577984,0.199680,1.950272
158,traditional,0.167904,1.537024,0.199680,1.904608
159,traditional,0.159584,1.536000,0.199680,1.895264
160,traditional,0.160928,1.557504,0.199680,1.918112
161,traditional,0.160096,1.534976,0.199680,1.894752
162,traditional,0.160192,1.552384,0.199680,1.912256
163,traditional,0.168640,1.553408,0.199680,1.921728
164,traditional,0.160768,1.566720,0.199680,1.927168
165,traditional,0.161088,1.529856,0.199680,1.890624
166,traditional,0.161088,1.532928,0.199680,1.893696
167,traditional,0.177312,1.536000,0.199680,1.912992
168,traditional,0.172800,1.554432,0.199680,1.926912
169,traditional,0.177888,1.550336,0.199680,1.927904
170,traditional,0.165920,1.532928,0.199680,1.898528
171,traditional,0.163616,1.563648,0.199680,1.926944
172,traditional,0.163968,1.528832,0.199680,1.892480
173,traditional,0.160160,1.529856,0.199680,1.889696
174,traditional,0.163776,1.543168,0.199680,1.906624
175,traditional,0.172704,1.525760,0.199680,1.898144
176,traditional,0.171232,1.552384,0.199680,1.923296
177,traditional,0.162080,1.565696,0.200704,1.928480
178,traditional,0.163808,1.576960,0.200704,1.941472
179,traditional,0.165760,1.558528,0.199680,1.923968
180,traditional,0.174240,1.559552,0.199680,1.933472
181,traditional,0.164672,1.529856,0.199680,1.894208
182,traditional,0.161728,1.532928,0.199680,1.894336
183,traditional,0.162752,1.537024,0.199680,1.899456
184,traditional,0.172896,1.529856,0.199680,1.902432
185,traditional,0.168704,1.554432,0.199680,1.922816
186,traditional,0.160896,1.611776,0.199680,1.972352
187,traditional,0.158720,1.550336,0.199680,1.908736
188,traditional,0.172736,1.537024,0.202752,1.912512
189,traditional,0.161248,1.528832,0.199680,1.889760
190,traditional,0.173024,1.554432,0.199680,1.927136
191,traditional,0.159776,1.545216,0.200704,1.905696
192,traditional,0.161152,1.528832,0.199680,1.889664
193,traditional,0.165408,1.544192,0.199680,1.909280
194,traditional,0.162592,1.546240,0.199680,1.908512
195,traditional,0.163968,1.556480,0.199680,1.920128
196,traditional,0.160000,1.530880,0.199680,1.890560
197,traditional,0.170016,1.572864,0.199680,1.942560
198,traditional,0.162464,1.787904,0.358400,2.308768
199,traditional,0.168160,1.784832,0.199680,2.152672
200,traditional,0.176928,1.564672,0.209920,1.951520
201,traditional,0.162400,1.571840,0.199680,1.933920
202,traditional,0.164928,1.538048,0.199680,1.902656
203,traditional,0.161024,1.529856,0.199680,1.890560
204,traditional,0.162176,1.550336,0.200704,1.913216
205,traditional,0.160096,1.574912,0.200704,1.935712
206,traditional,0.186624,1.527808,0.200704,1.915136
207,traditional,0.160768,1.558528,0.200704,1.920000
208,traditional,0.161728,1.527808,0.200704,1.890240
209,traditional,0.160736,1.549312,0.200704,1.910752
210,traditional,0.162240,1.582080,0.200704,1.945024
211,traditional,0.185408,1.560576,0.200704,1.946688
212,traditional,0.174240,1.548288,0.200704,1.923232
213,traditional,0.178560,1.544192,0.200704,1.923456
214,traditional,0.188000,1.598464,0.200704,1.987168
215,traditional,0.174624,1.802240,0.360448,2.337312
216,traditional,0.188448,1.741824,0.203776,2.134048
217,traditional,0.199808,1.572864,0.200704,1.973376
218,traditional,0.192160,1.617920,0.200704,2.010784
219,traditional,0.165376,1.597440,0.200704,1.963520
220,traditional,0.160992,1.558528,0.200704,1.920224
221,traditional,0.163040,1.574912,0.200704,1.938656
222,traditional,0.160544,1.548288,0.203776,1.912608
223,traditional,0.190304,1.551360,0.200704,1.942368
224,traditional,0.182784,1.545216,0.199680,1.927680
225,traditional,0.166176,1.527808,0.200704,1.894688
226,traditional,0.188032,1.577984,0.200704,1.966720
227,traditional,0.176800,1.564672,0.201728,1.943200
228,traditional,0.166976,1.537024,0.199680,1.903680
229,traditional,0.161504,1.551360,0.205824,1.918688
230,traditional,0.163680,1.554432,0.199680,1.917792
231,traditional,0.189408,1.567744,0.199680,1.956832
232,traditional,0.186144,1.946624,0.394240,2.527008
233,traditional,0.168832,1.795072,0.200704,2.164608
234,traditional,0.164768,1.586176,0.200704,1.951648
235,traditional,0.161536,1.560576,0.199680,1.921792
236,traditional,0.167488,1.572864,0.200704,1.941056
237,traditional,0.178208,1.569792,0.199680,1.947680
238,traditional,0.173536,1.532928,0.200704,1.907168
239,traditional,0.166784,1.585152,0.200704,1.952640
240,traditional,0.161792,1.540096,0.200704,1.902592
241,traditional,0.188064,1.542144,0.200704,1.930912
242,traditional,0.178240,1.631232,0.200704,2.010176
243,traditional,0.164416,1.547264,0.200704,1.912384
244,traditional,0.162848,1.547264,0.200704,1.910816
245,traditional,0.160928,1.547264,0.200704,1.908896
246,traditional,0.163296,1.556480,0.200704,1.920480
247,traditional,0.164032,1.571840,0.199680,1.935552
248,traditional,0.164768,1.553408,0.200704,1.918880
249,traditional,0.169024,1.576960,0.201728,1.947712
250,traditional,0.186336,1.567744,0.200704,1.954784
251,traditional,0.188928,1.549312,0.200704,1.938944
252,traditional,0.189248,1.928192,0.204800,2.322240
253,traditional,0.162624,1.532928,0.200704,1.896256
254,traditional,0.162496,1.559552,0.199680,1.921728
255,traditional,0.164832,1.553408,0.200704,1.918944
256,traditional,0.166752,1.554432,0.200704,1.921888
257,traditional,0.162240,1.583104,0.200704,1.946048
258,traditional,0.179104,1.580032,0.200704,1.959840
259,traditional,0.187520,1.553408,0.200704,1.941632
260,traditional,0.187488,1.561600,0.200704,1.949792
261,traditional,0.175296,1.577984,0.200704,1.953984
262,traditional,0.163168,1.569792,0.200704,1.933664
263,traditional,0.161024,1.553408,0.200704,1.915136
264,traditional,0.165600,1.555456,0.200704,1.921760
265,traditional,0.165344,1.562624,0.199680,1.927648
266,traditional,0.176064,1.583104,0.200704,1.959872
267,traditional,0.170208,1.544192,0.200704,1.915104
268,traditional,0.178016,1.531904,0.200704,1.910624
269,traditional,0.164704,1.541120,0.200704,1.906528
270,traditional,0.161024,1.529856,0.200704,1.891584
271,traditional,0.189280,1.530880,0.200704,1.920864
272,traditional,0.162240,1.537024,0.200704,1.899968
273,traditional,0.165440,1.546240,0.200704,1.912384
274,traditional,0.162624,1.583104,0.200704,1.946432
275,traditional,0.159776,1.537024,0.200704,1.897504
276,traditional,0.165984,1.555456,0.200704,1.922144
277,traditional,0.161472,1.554432,0.200704,1.916608
278,traditional,0.165248,1.533952,0.200704,1.899904
279,traditional,0.165920,1.547264,0.199680,1.912864
280,traditional,0.160448,1.532928,0.200704,1.894080
281,traditional,0.162272,1.809408,0.360448,2.332128
282,traditional,0.177568,1.572864,0.200704,1.951136
283,traditional,0.160480,1.589248,0.200704,1.950432
284,traditional,0.161728,1.534976,0.200704,1.897408
285,traditional,0.175040,1.543168,0.202752,1.920960
286,traditional,0.162720,1.553408,0.199680,1.915808
287,traditional,0.173248,1.544192,0.199680,1.917120
288,traditional,0.161312,1.561600,0.199680,1.922592
289,traditional,0.163424,1.529856,0.200704,1.893984
290,traditional,0.180800,1.568768,0.201728,1.951296
291,traditional,0.169376,1.564672,0.200704,1.934752
292,traditional,0.173472,1.539072,0.199680,1.912224
293,traditional,0.176544,1.599488,0.200704,1.976736
294,traditional,0.160736,1.549312,0.200704,1.910752
295,traditional,0.160960,1.577984,0.201728,1.940672
296,traditional,0.174624,1.559552,0.200704,1.934880
297,traditional,0.174720,1.569792,0.199680,1.944192
298,traditional,0.161856,1.556480,0.199680,1.918016
299,traditional,0.173152,1.559552,0.200704,1.933408
300,traditional,0.180320,1.563648,0.200704,1.944672
301,traditional,0.177824,1.574912,0.205824,1.958560
302,traditional,0.164384,1.586176,0.199680,1.950240
303,traditional,0.182112,1.568768,0.200704,1.951584
304,traditional,0.194432,1.568768,0.200704,1.963904
305,traditional,0.178432,1.571840,0.199680,1.949952
306,traditional,0.162432,1.559552,0.201728,1.923712
307,traditional,0.174560,1.583104,0.200704,1.958368
308,traditional,0.171392,1.585152,0.200704,1.957248
309,traditional,0.178400,1.590272,0.200704,1.969376
310,traditional,0.161728,1.540096,0.200704,1.902528
311,traditional,0.179264,1.554432,0.200704,1.934400
312,traditional,0.177408,1.595392,0.200704,1.973504
313,traditional,0.166528,1.552384,0.200704,1.919616
314,traditional,0.162784,1.550336,0.199680,1.912800
315,traditional,0.192288,1.613824,0.200704,2.006816
316,traditional,0.162528,1.572864,0.199680,1.935072
317,traditional,0.161696,1.556480,0.200704,1.918880
318,traditional,0.161888,1.551360,0.200704,1.913952
319,traditional,0.162112,1.557504,0.200704,1.920320
320,traditional,0.165344,1.551360,0.199680,1.916384
321,traditional,0.175552,1.614848,0.200704,1.991104
322,traditional,0.173888,1.561600,0.199680,1.935168
323,traditional,0.162016,1.584128,0.200704,1.946848
324,traditional,0.193664,1.586176,0.200704,1.980544
325,traditional,0.174496,1.596416,0.200704,1.971616
326,traditional,0.176384,1.613824,0.200704,1.990912
327,traditional,0.161088,1.565696,0.201728,1.928512
328,traditional,0.160864,1.586176,0.200704,1.947744
329,traditional,0.178688,1.615872,0.200704,1.995264
330,traditional,0.174336,1.600512,0.199680,1.974528
331,traditional,0.161472,1.539072,0.201728,1.902272
332,traditional,0.164224,1.553408,0.201728,1.919360
333,traditional,0.161600,1.551360,0.200704,1.913664
334,traditional,0.161536,1.563648,0.200704,1.925888
335,traditional,0.163360,1.562624,0.200704,1.926688
336,traditional,0.162720,1.587200,0.200704,1.950624
337,traditional,0.174240,1.580032,0.200704,1.954976
338,traditional,0.172608,1.587200,0.200704,1.960512
339,traditional,0.175680,1.585152,0.200704,1.961536
340,traditional,0.164960,1.575936,0.200704,1.941600
341,traditional,0.186592,1.557504,0.203776,1.947872
342,traditional,0.162656,1.570816,0.200704,1.934176
343,traditional,0.165184,1.565696,0.200704,1.931584
344,traditional,0.165248,1.562624,0.200704,1.928576
345,traditional,0.161568,1.561600,0.200704,1.923872
346,traditional,0.162720,1.591296,0.199680,1.953696
347,traditional,0.159808,1.565696,0.199680,1.925184
348,traditional,0.160832,1.561600,0.200704,1.923136
349,traditional,0.162272,1.598464,0.200704,1.961440
350,traditional,0.160608,1.562624,0.199680,1.922912
351,traditional,0.171936,1.576960,0.204800,1.953696
352,traditional,0.174560,1.586176,0.199680,1.960416
353,traditional,0.162464,1.610752,0.200704,1.973920
354,traditional,0.162496,1.604608,0.200704,1.967808
355,traditional,0.166336,1.567744,0.200704,1.934784
356,traditional,0.163232,1.572864,0.199680,1.935776
357,traditional,0.165056,1.566720,0.199680,1.931456
358,traditional,0.165440,1.571840,0.200704,1.937984
359,traditional,0.163008,1.565696,0.200704,1.929408
360,traditional,0.161920,1.560576,0.200704,1.923200
361,traditional,0.160832,1.570816,0.199680,1.931328
362,traditional,0.162112,1.598464,0.202752,1.963328
363,traditional,0.161344,1.559552,0.199680,1.920576
364,traditional,0.167936,1.559552,0.199680,1.927168
365,traditional,0.162048,1.586176,0.200704,1.948928
366,traditional,0.173760,1.588224,0.200704,1.962688
367,traditional,0.162400,1.598464,0.199680,1.960544
368,traditional,0.165504,1.561600,0.199680,1.926784
369,traditional,0.187968,1.620992,0.199680,2.008640
370,traditional,0.179552,1.620992,0.199680,2.000224
371,traditional,0.189984,1.576960,0.199680,1.966624
372,traditional,0.163712,1.619968,0.200704,1.984384
373,traditional,0.163520,1.558528,0.199680,1.921728
374,traditional,0.189888,1.613824,0.200704,2.004416
375,traditional,0.178400,1.625088,0.200704,2.004192
376,traditional,0.176224,1.592320,0.203776,1.972320
377,traditional,0.164256,1.591296,0.199680,1.955232
378,traditional,0.171264,1.822720,0.362496,2.356480
379,traditional,0.167328,1.826816,0.203776,2.197920
380,traditional,0.182688,1.580032,0.199680,1.962400
381,traditional,0.182016,1.557504,0.199680,1.939200
382,traditional,0.161696,1.586176,0.200704,1.948576
383,traditional,0.165344,1.576960,0.203776,1.946080
384,traditional,0.163616,1.584128,0.200704,1.948448
385,traditional,0.165984,2.893824,0.378880,3.438688
386,traditional,0.295520,2.750464,0.380928,3.426912
387,traditional,0.167616,1.836032,0.199680,2.203328
388,traditional,0.162304,1.581056,0.199680,1.943040
389,traditional,0.188800,1.626112,0.199680,2.014592
390,traditional,0.177920,1.602560,0.202752,1.983232
391,traditional,0.190368,1.647616,0.200704,2.038688
392,traditional,0.176416,1.579008,0.200704,1.956128
393,traditional,0.188480,1.612800,0.199680,2.000960
394,traditional,0.173920,1.598464,0.199680,1.972064
395,traditional,0.176640,1.599488,0.199680,1.975808
396,traditional,0.167328,1.588224,0.200704,1.956256
397,traditional,0.313568,3.138560,0.378880,3.831008
398,traditional,0.576384,2.193408,0.204800,2.974592
399,traditional,0.168256,1.803264,0.200704,2.172224
400,traditional,0.166432,1.670144,0.200704,2.037280
401,traditional,0.174880,1.574912,0.199680,1.949472
402,traditional,0.164064,1.566720,0.201728,1.932512
403,traditional,0.178880,1.576960,0.199680,1.955520
404,traditional,0.170272,1.606656,0.201728,1.978656
405,traditional,0.164224,1.647616,0.202752,2.014592
406,traditional,0.165440,2.528256,0.384000,3.077696
407,traditional,0.305888,2.875392,0.201728,3.383008
408,traditional,0.168000,1.991680,0.386048,2.545728
409,traditional,0.164064,1.843200,0.203776,2.211040
410,traditional,0.190784,1.607680,0.201728,2.000192
411,traditional,0.167168,1.599488,0.202752,1.969408
412,traditional,0.163712,1.613824,0.202752,1.980288
413,traditional,0.163872,1.582080,0.204800,1.950752
414,traditional,0.191360,1.624064,0.202752,2.018176
415,traditional,0.189856,2.491392,0.385024,3.066272
416,traditional,0.307680,2.913280,0.202752,3.423712
417,traditional,0.162848,2.225152,0.205824,2.593824
418,traditional,0.215616,1.660928,0.200704,2.077248
419,traditional,0.170176,1.628160,0.201728,2.000064
420,traditional,0.163104,1.619968,0.200704,1.983776
421,traditional,0.177760,2.629632,0.380928,3.188320
422,traditional,0.304160,3.164160,0.205824,3.674144
423,traditional,0.167648,2.231296,0.205824,2.604768
424,traditional,0.163744,1.686528,0.200704,2.050976
425,traditional,0.170432,1.824768,0.204800,2.200000
426,traditional,0.164896,1.818624,0.200704,2.184224
427,traditional,0.185184,1.634304,0.202752,2.022240
428,traditional,0.166752,1.615872,0.203776,1.986400
429,traditional,0.169760,1.637376,0.202752,2.009888
430,traditional,0.168064,2.904064,0.386048,3.458176
431,traditional,0.590464,2.633728,0.203776,3.427968
432,traditional,0.163904,2.246656,0.211968,2.622528
433,traditional,0.199520,1.654784,0.203776,2.058080
434,traditional,0.165120,1.594368,0.202752,1.962240
435,traditional,0.169120,1.612800,0.203776,1.985696
436,traditional,0.177792,1.601536,0.203776,1.983104
437,traditional,0.167328,1.606656,0.203776,1.977760
438,traditional,0.172704,1.583104,0.200704,1.956512
439,traditional,0.162848,1.570816,0.200704,1.934368
440,traditional,0.162624,1.566720,0.200704,1.930048
441,traditional,0.163008,1.565696,0.201728,1.930432
442,traditional,0.173920,1.583104,0.204800,1.961824
443,traditional,0.169888,1.586176,0.203776,1.959840
444,traditional,0.183328,1.620992,0.202752,2.007072
445,traditional,0.305248,3.128320,0.386048,3.819616
446,traditional,0.599168,2.158592,0.230400,2.988160
447,traditional,0.191072,1.634304,0.203776,2.029152
448,traditional,0.179904,1.597440,0.202752,1.980096
449,traditional,0.169024,1.570816,0.206848,1.946688
450,traditional,0.168992,1.597440,0.203776,1.970208
451,traditional,0.165152,1.609728,0.203776,1.978656
452,traditional,0.166016,1.599488,0.202752,1.968256
453,traditional,0.165376,1.603584,0.203776,1.972736
454,traditional,0.164256,1.564672,0.202752,1.931680
455,traditional,0.176832,1.635328,0.203776,2.015936
456,traditional,0.166048,1.577984,0.200704,1.944736
457,traditional,0.161568,1.556480,0.199680,1.917728
458,traditional,0.164736,1.551360,0.200704,1.916800
459,traditional,0.173920,1.546240,0.200704,1.920864
460,traditional,0.164448,1.568768,0.204800,1.938016
461,traditional,0.163040,1.555456,0.199680,1.918176
462,traditional,0.163744,1.564672,0.201728,1.930144
463,traditional,0.160384,1.531904,0.199680,1.891968
464,traditional,0.180448,1.542144,0.200704,1.923296
465,traditional,0.162144,1.620992,0.200704,1.983840
466,traditional,0.162592,1.536000,0.200704,1.899296
467,traditional,0.166880,1.987584,0.208896,2.363360
468,traditional,0.166976,1.592320,0.199680,1.958976
469,traditional,0.169792,1.542144,0.200704,1.912640
470,traditional,0.181568,1.590272,0.201728,1.973568
471,traditional,0.161888,2.621440,0.379904,3.163232
472,traditional,0.301312,3.028992,0.200704,3.531008
473,traditional,0.161888,1.941504,0.381952,2.485344
474,traditional,0.177888,2.879488,0.378880,3.436256
475,traditional,0.557280,2.531328,0.215040,3.303648
476,traditional,0.179328,2.186240,0.208896,2.574464
477,traditional,0.184800,1.554432,0.200704,1.939936
478,traditional,0.161696,1.611776,0.199680,1.973152
479,traditional,0.176448,1.598464,0.205824,1.980736
480,traditional,0.161568,2.861056,0.400384,3.423008
481,traditional,0.604640,2.673664,0.214016,3.492320
482,traditional,0.184480,2.036736,0.402432,2.623648
483,traditional,0.173728,1.884160,0.209920,2.267808
484,traditional,0.172288,1.671168,0.209920,2.053376
485,traditional,0.193792,1.626112,0.208896,2.028800
486,traditional,0.169056,1.583104,0.204800,1.956960
487,traditional,0.165440,1.828864,0.369664,2.363968
488,traditional,0.164832,1.835008,0.204800,2.204640
489,traditional,0.176064,1.608704,0.205824,1.990592
490,traditional,0.164224,1.575936,0.204800,1.944960
491,traditional,0.178848,1.593344,0.204800,1.976992
492,traditional,0.174240,1.614848,0.205824,1.994912
493,traditional,0.164768,1.641472,0.204800,2.011040
494,traditional,0.172608,1.622016,0.204800,1.999424
495,traditional,0.163488,1.591296,0.204800,1.959584
496,traditional,0.177984,1.588224,0.202752,1.968960
497,traditional,0.178720,1.565696,0.203776,1.948192
498,traditional,0.163328,1.556480,0.202752,1.922560
499,traditional,0.164992,1.563648,0.200704,1.929344
500,traditional,0.171648,1.566720,0.199680,1.938048
501,traditional,0.173408,1.563648,0.200704,1.937760
502,traditional,0.178336,1.597440,0.200704,1.976480
503,traditional,0.161984,1.541120,0.226304,1.929408
504,traditional,0.163424,1.539072,0.200704,1.903200
505,traditional,0.164736,1.547264,0.199680,1.911680
506,traditional,0.160544,1.547264,0.199680,1.907488
507,traditional,0.160960,1.538048,0.200704,1.899712
508,traditional,0.162560,1.548288,0.200704,1.911552
509,traditional,0.192096,1.576960,0.200704,1.969760
510,traditional,0.165600,1.579008,0.199680,1.944288
511,traditional,0.189632,2.649088,0.378880,3.217600
512,traditional,0.296160,3.014656,0.204800,3.515616
513,traditional,0.162464,1.983488,0.384000,2.529952
514,traditional,0.164928,2.950144,0.379904,3.494976
515,traditional,0.297856,2.669568,0.359424,3.326848
516,traditional,0.180288,1.803264,0.204800,2.188352
517,traditional,0.306304,3.086336,0.380928,3.773568
518,traditional,0.297888,2.510848,0.206848,3.015584
519,traditional,0.163616,2.021376,0.384000,2.568992
520,traditional,0.179840,1.784832,0.200704,2.165376
521,traditional,0.164768,1.622016,0.205824,1.992608
522,traditional,0.185248,1.714176,0.226304,2.125728
523,traditional,0.203680,1.761280,0.224256,2.189216
524,traditional,0.179808,2.376704,0.233472,2.789984
525,traditional,0.181632,2.200576,0.231424,2.613632
526,traditional,0.207680,1.782784,0.225280,2.215744
527,traditional,0.197568,1.777664,0.224256,2.199488
528,traditional,0.181632,2.177024,0.231424,2.590080
529,traditional,0.193728,1.999872,0.227328,2.420928
530,traditional,0.181440,2.388992,0.234496,2.804928
531,traditional,0.188352,2.008064,0.224256,2.420672
532,traditional,0.189600,1.756160,0.221184,2.166944
533,traditional,0.191456,1.734656,0.221184,2.147296
534,traditional,0.203168,1.747968,0.221184,2.172320
535,traditional,0.214848,1.767424,0.220160,2.202432
536,traditional,0.176736,1.712128,0.219136,2.108000
537,traditional,0.176224,1.696768,0.219136,2.092128
538,traditional,0.215744,1.718272,0.220160,2.154176
539,traditional,0.203968,1.731584,0.219136,2.154688
540,traditional,0.193088,1.735680,0.219136,2.147904
541,traditional,0.180320,1.730560,0.217088,2.127968
542,traditional,0.186944,1.683456,0.217088,2.087488
543,traditional,0.181312,1.711104,0.217088,2.109504
544,traditional,0.192160,1.700864,0.216064,2.109088
545,traditional,0.174144,1.693696,0.216064,2.083904
546,traditional,0.178080,1.920000,0.217088,2.315168
547,traditional,0.174176,1.669120,0.215040,2.058336
548,traditional,0.190656,1.685504,0.215040,2.091200
549,traditional,0.175008,1.660928,0.215040,2.050976
550,traditional,0.172896,1.681408,0.215040,2.069344
551,traditional,0.173472,1.715200,0.216064,2.104736
552,traditional,0.173984,1.696768,0.217088,2.087840
553,traditional,0.200704,1.704960,0.215040,2.120704
554,traditional,0.188928,1.671168,0.215040,2.075136
555,traditional,0.190816,1.679360,0.215040,2.085216
556,traditional,0.207712,1.709056,0.214016,2.130784
557,traditional,0.175808,1.662976,0.215040,2.053824
558,traditional,0.189792,1.688576,0.215040,2.093408
559,traditional,0.189152,1.670144,0.215040,2.074336
560,traditional,0.198624,1.697792,0.214016,2.110432
561,traditional,0.197792,1.686528,0.218112,2.102432
562,traditional,0.186944,1.693696,0.214016,2.094656
563,traditional,0.207040,1.680384,0.215040,2.102464
564,traditional,0.185088,1.731584,0.214016,2.130688
565,traditional,0.188864,1.709056,0.214016,2.111936
566,traditional,0.196896,1.725440,0.215040,2.137376
567,traditional,0.189216,1.695744,0.214016,2.098976
568,traditional,0.189056,1.741824,0.218112,2.148992
569,traditional,0.199712,1.738752,0.218112,2.156576
570,traditional,0.179040,1.722368,0.218112,2.119520
571,traditional,0.176640,1.788928,0.218112,2.183680
572,traditional,0.200480,1.741824,0.218112,2.160416
573,traditional,0.175776,1.745920,0.216064,2.137760
574,traditional,0.184352,2.533376,0.221184,2.938912
575,traditional,0.182688,2.144256,0.217088,2.544032
576,traditional,0.183840,2.174976,0.217088,2.575904
577,traditional,0.173792,2.158592,0.219136,2.551520
578,traditional,0.201312,1.942528,0.216064,2.359904
579,traditional,0.172224,2.361344,0.221184,2.754752
580,traditional,0.177984,2.121728,0.225280,2.524992
581,traditional,0.172352,2.405376,0.220160,2.797888
582,traditional,0.174080,1.717248,0.216064,2.107392
583,traditional,0.189280,1.717248,0.215040,2.121568
584,traditional,0.186432,1.722368,0.215040,2.123840
585,traditional,0.174464,1.754112,0.216064,2.144640
586,traditional,0.169536,1.676288,0.209920,2.055744
587,traditional,0.169984,1.692672,0.209920,2.072576
588,traditional,0.201504,1.692672,0.209920,2.104096
589,traditional,0.194368,1.698816,0.209920,2.103104
590,traditional,0.194912,1.721344,0.209920,2.126176
591,traditional,0.181760,1.647616,0.206848,2.036224
592,traditional,0.170528,1.628160,0.206848,2.005536
593,traditional,0.172832,1.618944,0.207872,1.999648
594,traditional,0.172224,1.648640,0.206848,2.027712
595,traditional,0.188480,1.652736,0.206848,2.048064
596,traditional,0.195904,1.684480,0.206848,2.087232
597,traditional,0.183840,1.623040,0.206848,2.013728
598,traditional,0.192608,1.652736,0.205824,2.051168
599,traditional,0.180800,1.667072,0.206848,2.054720
600,traditional,0.166112,1.622016,0.206848,1.994976
601,traditional,0.167328,1.620992,0.209920,1.998240
602,traditional,0.174304,1.635328,0.206848,2.016480
603,traditional,0.170176,1.640448,0.211968,2.022592
604,traditional,0.171168,1.614848,0.211968,1.997984
605,traditional,0.172160,1.664000,0.206848,2.043008
606,traditional,0.180032,1.618944,0.206848,2.005824
607,traditional,0.173280,1.666048,0.206848,2.046176
608,traditional,0.173792,1.645568,0.205824,2.025184
609,traditional,0.180128,1.633280,0.205824,2.019232
610,traditional,0.168768,1.619968,0.206848,1.995584
611,traditional,0.183872,1.697792,0.205824,2.087488
612,traditional,0.179072,1.670144,0.206848,2.056064
613,traditional,0.168160,1.616896,0.206848,1.991904
614,traditional,0.177696,2.060288,0.394240,2.632224
615,traditional,0.181376,1.920000,0.211968,2.313344
616,traditional,0.183072,1.641472,0.206848,2.031392
617,traditional,0.179232,1.832960,0.205824,2.218016
618,traditional,0.212672,1.630208,0.201728,2.044608
619,traditional,0.165056,1.619968,0.200704,1.985728
620,traditional,0.161568,1.608704,0.200704,1.970976
621,traditional,0.188832,1.627136,0.203776,2.019744
622,traditional,0.201024,1.582080,0.201728,1.984832
623,traditional,0.193184,1.620992,0.200704,2.014880
624,traditional,0.184480,1.624064,0.207872,2.016416
625,traditional,0.169216,1.604608,0.200704,1.974528
626,traditional,0.181184,1.637376,0.201728,2.020288
627,traditional,0.190624,1.624064,0.201728,2.016416
628,traditional,0.164128,1.590272,0.202752,1.957152
629,traditional,0.167072,1.608704,0.201728,1.977504
630,traditional,0.168800,1.683456,0.206848,2.059104
631,traditional,0.207232,1.657856,0.206848,2.071936
632,traditional,0.204096,1.700864,0.206848,2.111808
633,traditional,0.182816,1.676288,0.207872,2.066976
634,traditional,0.167680,1.657856,0.207872,2.033408
635,traditional,0.177888,1.642496,0.207872,2.028256
636,traditional,0.181728,1.660928,0.203776,2.046432
637,traditional,0.194912,1.649664,0.203776,2.048352
638,traditional,0.189760,1.670144,0.204800,2.064704
639,traditional,0.165056,1.630208,0.204800,2.000064
640,traditional,0.170528,1.614848,0.203776,1.989152
641,traditional,0.166720,1.612800,0.203776,1.983296
642,traditional,0.167456,1.606656,0.224256,1.998368
643,traditional,0.167296,1.638400,0.205824,2.011520
644,traditional,0.173408,1.618944,0.204800,1.997152
645,traditional,0.166592,1.605632,0.205824,1.978048
646,traditional,0.196704,1.611776,0.205824,2.014304
647,traditional,0.183328,1.642496,0.205824,2.031648
648,traditional,0.179968,1.657856,0.204800,2.042624
649,traditional,0.167680,1.645568,0.203776,2.017024
650,traditional,0.167264,2.219008,0.209920,2.596192
651,traditional,0.191904,1.660928,0.214016,2.066848
652,traditional,0.170112,1.665024,0.204800,2.039936
653,traditional,0.174912,1.618944,0.203776,1.997632
654,traditional,0.177248,2.222080,0.209920,2.609248
655,traditional,0.166144,1.869824,0.201728,2.237696
656,traditional,0.174560,1.854464,0.366592,2.395616
657,traditional,0.171616,1.798144,0.201728,2.171488
658,traditional,0.167520,1.589248,0.201728,1.958496
659,traditional,0.162912,2.784256,0.617472,3.564640
660,traditional,0.613888,2.838528,0.206848,3.659264
661,traditional,0.176256,1.994752,0.387072,2.558080
662,traditional,0.167936,3.143680,0.386048,3.697664
663,traditional,0.304480,2.176000,0.202752,2.683232
664,traditional,0.180448,1.850368,0.207872,2.238688
665,traditional,0.172256,1.644544,0.202752,2.019552
666,traditional,0.169856,2.030592,0.386048,2.586496
667,traditional,0.183104,1.896448,0.211968,2.291520
668,traditional,0.173504,1.662976,0.210944,2.047424
669,traditional,0.172256,1.711104,0.445440,2.328800
670,traditional,0.187904,1.904640,0.210944,2.303488
671,traditional,0.170048,1.714176,0.210944,2.095168
672,traditional,0.170432,1.700864,0.210944,2.082240
673,traditional,0.186688,1.677312,0.210944,2.074944
674,traditional,0.195712,1.657856,0.210944,2.064512
675,traditional,0.172992,1.684480,0.211968,2.069440
676,traditional,0.187808,1.681408,0.212992,2.082208
677,traditional,0.172608,1.662976,0.210944,2.046528
678,traditional,0.173056,1.649664,0.210944,2.033664
679,traditional,0.183712,1.651712,0.207872,2.043296
680,traditional,0.170400,1.672192,0.209920,2.052512
681,traditional,0.169280,1.644544,0.214016,2.027840
682,traditional,0.163584,1.627136,0.204800,1.995520
683,traditional,0.174944,1.611776,0.204800,1.991520
684,traditional,0.183680,2.084864,0.391168,2.659712
685,traditional,0.308576,3.655680,0.207872,4.172128
686,traditional,0.168096,2.265088,0.210944,2.644128
687,traditional,0.178624,1.624064,0.206848,2.009536
688,traditional,0.169952,1.616896,0.206848,1.993696
689,traditional,0.168480,1.630208,0.206848,2.005536
690,traditional,0.167136,2.705408,0.400384,3.272928
691,traditional,0.305088,3.148800,0.208896,3.662784
692,traditional,0.168864,2.244608,0.212992,2.626464
693,traditional,0.172992,1.876992,0.208896,2.258880
694,traditional,0.206752,1.654784,0.208896,2.070432
695,traditional,0.177984,1.632256,0.209920,2.020160
696,traditional,0.175712,1.675264,0.207872,2.058848
697,traditional,0.170944,1.664000,0.207872,2.042816
698,traditional,0.181024,1.636352,0.206848,2.024224
699,traditional,0.183456,1.661952,0.207872,2.053280
700,traditional,0.171808,1.652736,0.207872,2.032416
701,traditional,0.170016,1.639424,0.207872,2.017312
702,traditional,0.168416,1.632256,0.207872,2.008544
703,traditional,0.187552,1.659904,0.208896,2.056352
704,traditional,0.168640,1.581056,0.202752,1.952448
705,traditional,0.163872,2.242560,0.209920,2.616352
706,traditional,0.165856,1.572864,0.202752,1.941472
707,traditional,0.186080,1.592320,0.202752,1.981152
708,traditional,0.164384,3.547136,0.386048,4.097568
709,traditional,0.307072,2.895872,0.222208,3.425152
710,traditional,0.180160,2.435072,0.227328,2.842560
711,traditional,0.183040,1.966080,0.222208,2.371328
712,traditional,0.191168,1.735680,0.235520,2.162368
713,traditional,0.194816,1.766400,0.222208,2.183424
714,traditional,0.193024,1.762304,0.223232,2.178560
715,traditional,0.181856,1.724416,0.222208,2.128480
716,traditional,0.190720,1.731584,0.222208,2.144512
717,traditional,0.195712,1.788928,0.227328,2.211968
718,traditional,0.187744,1.788928,0.228352,2.205024
719,traditional,0.197024,1.804288,0.230400,2.231712
720,traditional,0.192512,1.813504,0.227328,2.233344
721,traditional,0.182720,1.812480,0.227328,2.222528
722,traditional,0.186080,1.811456,0.227328,2.224864
723,traditional,0.181568,2.214912,0.228352,2.624832
724,traditional,0.188416,2.236416,0.228352,2.653184
725,traditional,0.187008,1.779712,0.227328,2.194048
726,traditional,0.207168,1.788928,0.227328,2.223424
727,traditional,0.193728,1.784832,0.226304,2.204864
728,traditional,0.206080,1.832960,0.226304,2.265344
729,traditional,0.203584,1.810432,0.226304,2.240320
730,traditional,0.207712,1.816576,0.226304,2.250592
731,traditional,0.207840,1.863680,0.235520,2.307040
732,traditional,0.183392,1.789952,0.226304,2.199648
733,traditional,0.179424,1.783808,0.226304,2.189536
734,traditional,0.208256,1.824768,0.226304,2.259328
735,traditional,0.181088,1.724416,0.215040,2.120544
736,traditional,0.187296,1.686528,0.218112,2.091936
737,traditional,0.200576,1.711104,0.215040,2.126720
738,traditional,0.189536,1.736704,0.214016,2.140256
739,traditional,0.189088,1.701888,0.214016,2.104992
740,traditional,0.190880,1.713152,0.214016,2.118048
741,traditional,0.184480,1.688576,0.214016,2.087072
742,traditional,0.172896,1.907712,0.215040,2.295648
743,traditional,0.190464,1.699840,0.214016,2.104320
744,traditional,0.189376,1.802240,0.224256,2.215872
745,traditional,0.194400,1.788928,0.224256,2.207584
746,traditional,0.202048,1.768448,0.224256,2.194752
747,traditional,0.188128,2.039808,0.224256,2.452192
748,traditional,0.195520,1.792000,0.223232,2.210752
749,traditional,0.190112,1.823744,0.222208,2.236064
750,traditional,0.179168,1.743872,0.223232,2.146272
751,traditional,0.191680,1.790976,0.222208,2.204864
752,traditional,0.199680,1.769472,0.223232,2.192384
753,traditional,0.209984,1.738752,0.222208,2.170944
754,traditional,0.196064,1.807360,0.222208,2.225632
755,traditional,0.192800,1.771520,0.224256,2.188576
756,traditional,0.205760,1.804288,0.224256,2.234304
757,traditional,0.193056,1.744896,0.223232,2.161184
758,traditional,0.203616,1.804288,0.224256,2.232160
759,traditional,0.180160,1.773568,0.223232,2.176960
760,traditional,0.184544,1.739776,0.224256,2.148576
761,traditional,0.180992,1.812480,0.227328,2.220800
762,traditional,0.186656,1.786880,0.227328,2.200864
763,traditional,0.196512,1.789952,0.227328,2.213792
764,traditional,0.186240,1.786880,0.228352,2.201472
765,traditional,0.211712,1.789952,0.227328,2.228992
766,traditional,0.207104,1.745920,0.208896,2.161920
767,traditional,0.168544,1.612800,0.208896,1.990240
768,traditional,0.205568,1.661952,0.207872,2.075392
769,traditional,0.171200,1.629184,0.207872,2.008256
770,traditional,0.193888,1.637376,0.207872,2.039136
771,traditional,0.179872,1.638400,0.207872,2.026144
772,traditional,0.184544,1.662976,0.206848,2.054368
773,traditional,0.167808,1.570816,0.200704,1.939328
774,traditional,0.165408,1.792000,0.200704,2.158112
775,traditional,0.162240,1.559552,0.200704,1.922496
776,traditional,0.182656,1.564672,0.208896,1.956224
777,traditional,0.176704,1.579008,0.200704,1.956416
778,traditional,0.180064,1.567744,0.203776,1.951584
779,traditional,0.182432,1.576960,0.200704,1.960096
780,traditional,0.176096,1.617920,0.200704,1.994720
781,traditional,0.173376,1.589248,0.200704,1.963328
782,traditional,0.162880,1.573888,0.206848,1.943616
783,traditional,0.164416,1.549312,0.200704,1.914432
784,traditional,0.200000,1.576960,0.200704,1.977664
785,traditional,0.162336,1.576960,0.199680,1.938976
786,traditional,0.194016,1.613824,0.200704,2.008544
787,traditional,0.176896,1.590272,0.200704,1.967872
788,traditional,0.176832,1.592320,0.201728,1.970880
789,traditional,0.177984,1.604608,0.200704,1.983296
790,traditional,0.188928,1.641472,0.199680,2.030080
791,traditional,0.168608,1.583104,0.200704,1.952416
792,traditional,0.190592,1.561600,0.200704,1.952896
793,traditional,0.160992,2.058240,0.205824,2.425056
794,traditional,0.181376,1.569792,0.200704,1.951872
795,traditional,0.161728,1.632256,0.201728,1.995712
796,traditional,0.174272,1.561600,0.200704,1.936576
797,traditional,0.192384,1.571840,0.200704,1.964928
798,traditional,0.175808,1.574912,0.199680,1.950400
799,traditional,0.182016,1.591296,0.200704,1.974016
800,traditional,0.181568,1.575936,0.199680,1.957184
801,traditional,0.162432,1.560576,0.200704,1.923712
802,traditional,0.164832,2.069504,0.201728,2.436064
803,traditional,0.168128,2.905088,0.382976,3.456192
804,traditional,0.584224,2.606080,0.202752,3.393056
805,traditional,0.161280,2.244608,0.206848,2.612736
806,traditional,0.304000,3.123200,0.382976,3.810176
807,traditional,0.579232,2.215936,0.201728,2.996896
808,traditional,0.163776,2.189312,0.208896,2.561984
809,traditional,0.166976,1.606656,0.204800,1.978432
810,traditional,0.169952,2.581504,0.387072,3.138528
811,traditional,0.305600,3.151872,0.204800,3.662272
812,traditional,0.175328,2.254848,0.209920,2.640096
813,traditional,0.178112,1.854464,0.204800,2.237376
814,traditional,0.165792,1.719296,0.205824,2.090912
815,traditional,0.168416,1.664000,0.204800,2.037216
816,traditional,0.177600,1.655808,0.205824,2.039232
817,traditional,0.216576,1.686528,0.204800,2.107904
818,traditional,0.182752,1.692672,0.204800,2.080224
819,traditional,0.165088,1.618944,0.204800,1.988832
820,traditional,0.167200,1.637376,0.204800,2.009376
821,traditional,0.163232,1.586176,0.202752,1.952160
822,traditional,0.187680,1.589248,0.201728,1.978656
823,traditional,0.193568,1.674240,0.201728,2.069536
824,traditional,0.163648,1.627136,0.202752,1.993536
825,traditional,0.180096,1.631232,0.202752,2.014080
826,traditional,0.181632,1.648640,0.214016,2.044288
827,traditional,0.189888,1.715200,0.212992,2.118080
828,traditional,0.186112,2.380800,0.405504,2.972416
829,traditional,0.313920,3.602432,0.218112,4.134464
830,traditional,0.178272,2.153472,0.402432,2.734176
831,traditional,0.179936,1.884160,0.211968,2.276064
832,traditional,0.185472,1.729536,0.210944,2.125952
833,traditional,0.182336,1.700864,0.217088,2.100288
834,traditional,0.194880,1.743872,0.219136,2.157888
835,traditional,0.202784,1.740800,0.219136,2.162720
836,traditional,0.191648,1.746944,0.219136,2.157728
837,traditional,0.175712,1.734656,0.472064,2.382432
838,traditional,0.177056,1.971200,0.219136,2.367392
839,traditional,0.191520,1.733632,0.218112,2.143264
840,traditional,0.202848,1.732608,0.226304,2.161760
841,traditional,0.193472,1.769472,0.230400,2.193344
842,traditional,0.200608,1.726464,0.220160,2.147232
843,traditional,0.188096,1.709056,0.218112,2.115264
844,traditional,0.188672,1.705984,0.217088,2.111744
845,traditional,0.181344,1.703936,0.216064,2.101344
846,traditional,0.180416,1.731584,0.216064,2.128064
847,traditional,0.176160,1.728512,0.216064,2.120736
848,traditional,0.202496,1.748992,0.216064,2.167552
849,traditional,0.182848,2.122752,0.219136,2.524736
850,traditional,0.187808,1.760256,0.216064,2.164128
851,traditional,0.173408,2.124800,0.222208,2.520416
852,traditional,0.176128,2.191360,0.219136,2.586624
853,traditional,0.187488,1.961984,0.216064,2.365536
854,traditional,0.175840,2.139136,0.220160,2.535136
855,traditional,0.173312,2.127872,0.223232,2.524416
856,traditional,0.201984,1.920000,0.222208,2.344192
857,traditional,0.183424,1.968128,0.212992,2.364544
858,traditional,0.173952,1.766400,0.219136,2.159488
859,traditional,0.172384,1.716224,0.215040,2.103648
860,traditional,0.187456,1.722368,0.523264,2.433088
861,traditional,0.179968,1.770496,0.223232,2.173696
862,traditional,0.182656,2.195456,0.418816,2.796928
863,traditional,0.214528,1.967104,0.219136,2.400768
864,traditional,0.182240,1.765376,0.215040,2.162656
865,traditional,0.197856,1.740800,0.215040,2.153696
866,traditional,0.193728,1.709056,0.215040,2.117824
867,traditional,0.174144,1.728512,0.215040,2.117696
868,traditional,0.198080,1.695744,0.215040,2.108864
869,traditional,0.180544,1.756160,0.218112,2.154816
870,traditional,0.189056,1.733632,0.214016,2.136704
871,traditional,0.187488,1.716224,0.214016,2.117728
872,traditional,0.199936,1.743872,0.214016,2.157824
873,traditional,0.187424,1.717248,0.214016,2.118688
874,traditional,0.191712,1.746944,0.214016,2.152672
875,traditional,0.194144,1.722368,0.214016,2.130528
876,traditional,0.186784,1.752064,0.212992,2.151840
877,traditional,0.181760,1.714176,0.211968,2.107904
878,traditional,0.196800,1.717248,0.214016,2.128064
879,traditional,0.173568,2.130944,0.221184,2.525696
880,traditional,0.192096,1.970176,0.225280,2.387552
881,traditional,0.184448,2.128896,0.220160,2.533504
882,traditional,0.202528,1.723392,0.211968,2.137888
883,traditional,0.175648,1.759232,0.215040,2.149920
884,traditional,0.190176,1.717248,0.215040,2.122464
885,traditional,0.176640,2.007040,0.380928,2.564608
886,traditional,0.175680,1.756160,0.218112,2.149952
887,traditional,0.191840,1.726464,0.215040,2.133344
888,traditional,0.195328,1.723392,0.214016,2.132736
889,traditional,0.200096,1.730560,0.212992,2.143648
890,traditional,0.187712,1.756160,0.212992,2.156864
891,traditional,0.191200,1.707008,0.216064,2.114272
892,traditional,0.192256,1.736704,0.214016,2.142976
893,traditional,0.192384,1.758208,0.212992,2.163584
894,traditional,0.200448,1.723392,0.212992,2.136832
895,traditional,0.174560,1.671168,0.208896,2.054624
896,traditional,0.177120,1.645568,0.209920,2.032608
897,traditional,0.169248,1.640448,0.209920,2.019616
898,traditional,0.172832,1.664000,0.209920,2.046752
899,traditional,0.170368,1.649664,0.209920,2.029952
900,traditional,0.170080,1.648640,0.207872,2.026592
901,traditional,0.176416,1.649664,0.207872,2.033952
902,traditional,0.180992,1.670144,0.208896,2.060032
903,traditional,0.168064,1.635328,0.206848,2.010240
904,traditional,0.168000,1.886208,0.207872,2.262080
905,traditional,0.167840,1.641472,0.207872,2.017184
906,traditional,0.168416,1.664000,0.210944,2.043360
907,traditional,0.209440,1.696768,0.211968,2.118176
908,traditional,0.183744,1.707008,0.211968,2.102720
909,traditional,0.186752,1.710080,0.210944,2.107776
910,traditional,0.196448,1.674240,0.211968,2.082656
911,traditional,0.179488,1.689600,0.210944,2.080032
912,traditional,0.190688,1.683456,0.211968,2.086112
913,traditional,0.190080,1.702912,0.211968,2.104960
914,traditional,0.173696,2.177024,0.218112,2.568832
915,traditional,0.186688,1.685504,0.210944,2.083136
916,traditional,0.173344,1.698816,0.211968,2.084128
917,traditional,0.183872,1.643520,0.207872,2.035264
918,traditional,0.171392,1.665024,0.206848,2.043264
919,traditional,0.170144,1.650688,0.206848,2.027680
920,traditional,0.178720,1.671168,0.215040,2.064928
921,traditional,0.190464,1.650688,0.209920,2.051072
922,traditional,0.169984,1.672192,0.209920,2.052096
923,traditional,0.169504,1.638400,0.204800,2.012704
924,traditional,0.164960,1.607680,0.205824,1.978464
925,traditional,0.175200,1.632256,0.205824,2.013280
926,traditional,0.174624,1.607680,0.205824,1.988128
927,traditional,0.173280,1.647616,0.205824,2.026720
928,traditional,0.174688,1.622016,0.205824,2.002528
929,traditional,0.179200,1.645568,0.203776,2.028544
930,traditional,0.191456,1.615872,0.203776,2.011104
931,traditional,0.163904,1.623040,0.203776,1.990720
932,traditional,0.177440,2.220032,0.208896,2.606368
933,traditional,0.174016,1.865728,0.203776,2.243520
934,traditional,0.191968,1.628160,0.203776,2.023904
935,traditional,0.189600,1.626112,0.203776,2.019488
936,traditional,0.183680,1.690624,0.203776,2.078080
937,traditional,0.164704,1.630208,0.202752,1.997664
938,traditional,0.165472,2.065408,0.211968,2.442848
939,traditional,0.175712,1.857536,0.204800,2.238048
940,traditional,0.169632,1.652736,0.204800,2.027168
941,traditional,0.167104,1.659904,0.216064,2.043072
942,traditional,0.182016,1.657856,0.208896,2.048768
943,traditional,0.168608,1.658880,0.208896,2.036384
944,traditional,0.181888,2.274304,0.218112,2.674304
945,traditional,0.171072,1.647616,0.208896,2.027584
946,traditional,0.169344,1.883136,0.208896,2.261376
947,traditional,0.188448,1.626112,0.205824,2.020384
948,traditional,0.165600,1.871872,0.208896,2.246368
949,traditional,0.169408,1.835008,0.205824,2.210240
950,traditional,0.167648,1.616896,0.205824,1.990368
951,traditional,0.165344,1.608704,0.204800,1.978848
952,traditional,0.179680,1.641472,0.205824,2.026976
953,traditional,0.166304,2.335744,0.385024,2.887072
954,traditional,0.322688,2.690048,0.202752,3.215488
955,traditional,0.164896,2.216960,0.207872,2.589728
956,traditional,0.182240,1.587200,0.202752,1.972192
957,traditional,0.176320,1.614848,0.202752,1.993920
958,traditional,0.166560,2.603008,0.386048,3.155616
959,traditional,0.555552,2.868224,0.206848,3.630624
960,traditional,0.383744,2.017280,0.206848,2.607872
961,traditional,0.165760,1.667072,0.207872,2.040704
962,traditional,0.168352,1.616896,0.206848,1.992096
963,traditional,0.185728,1.623040,0.206848,2.015616
964,traditional,0.167232,2.957312,0.394240,3.518784
965,traditional,0.308928,2.952192,0.211968,3.473088
966,traditional,0.171136,2.287616,0.216064,2.674816
967,traditional,0.194400,1.672192,0.220160,2.086752
968,traditional,0.169696,1.673216,0.211968,2.054880
969,traditional,0.197472,1.684480,0.211968,2.093920
970,traditional,0.225632,3.268608,0.403456,3.897696
971,traditional,0.606240,2.348032,0.211968,3.166240
972,traditional,0.183136,1.678336,0.210944,2.072416
973,traditional,0.171392,1.705984,0.210944,2.088320
974,traditional,0.171744,1.649664,0.210944,2.032352
975,traditional,0.197184,1.652736,0.211968,2.061888
976,traditional,0.183648,1.676288,0.209920,2.069856
977,traditional,0.169856,1.640448,0.209920,2.020224
978,traditional,0.173472,1.673216,0.209920,2.056608
979,traditional,0.168736,2.895872,0.395264,3.459872
980,traditional,0.601760,2.675712,0.206848,3.484320
981,traditional,0.184384,1.655808,0.206848,2.047040
982,traditional,0.171392,1.628160,0.207872,2.007424
983,traditional,0.171168,1.625088,0.209920,2.006176
984,traditional,0.174304,1.657856,0.209920,2.042080
985,traditional,0.182496,1.656832,0.209920,2.049248
986,traditional,0.172512,1.658880,0.209920,2.041312
987,traditional,0.183552,1.674240,0.209920,2.067712
988,traditional,0.167488,3.300352,0.408576,3.876416
989,traditional,0.615456,2.646016,0.207872,3.469344
990,traditional,0.167008,2.304000,0.211968,2.682976
991,traditional,0.165472,1.664000,0.206848,2.036320
992,traditional,0.191712,1.677312,0.206848,2.075872
993,traditional,0.168256,1.612800,0.206848,1.987904
994,traditional,0.166560,3.508224,0.394240,4.069024
995,traditional,0.565856,2.625536,0.208896,3.400288
996,traditional,0.167936,2.372608,0.214016,2.754560
997,traditional,0.169024,1.644544,0.208896,2.022464
998,traditional,0.172384,1.659904,0.208896,2.041184
999,traditional,0.182752,1.655808,0.208896,2.047456
1000,traditional,0.182240,1.681408,0.210944,2.074592
1001,traditional,0.168960,2.819072,0.391168,3.379200
1002,traditional,0.595328,2.726912,0.211968,3.534208
1003,traditional,0.165792,2.329600,0.210944,2.706336
1004,traditional,0.195584,1.638400,0.205824,2.039808
1005,traditional,0.167680,2.260992,0.215040,2.643712
1006,traditional,0.190944,1.625088,0.204800,2.020832
1007,traditional,0.168992,1.614848,0.206848,1.990688
1008,traditional,0.167424,1.615872,0.206848,1.990144
1009,traditional,0.179680,1.623040,0.206848,2.009568
1010,traditional,0.177952,2.843648,0.392192,3.413792
1011,traditional,0.593472,2.708480,0.206848,3.508800
1012,traditional,0.176896,2.283520,0.211968,2.672384
1013,traditional,0.194624,1.840128,0.236544,2.271296
1014,traditional,0.197568,1.820672,0.259072,2.277312
1015,traditional,0.186208,1.825792,0.233472,2.245472
1016,traditional,0.200512,1.826816,0.233472,2.260800
1017,traditional,0.188512,1.825792,0.232448,2.246752
1018,traditional,0.186336,1.845248,0.242688,2.274272
1019,traditional,0.196128,1.929216,0.241664,2.367008
1020,traditional,0.193056,1.908736,0.242688,2.344480
1021,traditional,0.205664,1.913856,0.242688,2.362208
1022,traditional,0.197568,1.903616,0.241664,2.342848
1023,traditional,0.192640,1.902592,0.241664,2.336896
1024,traditional,0.214336,1.937408,0.238592,2.390336
1025,traditional,0.204608,1.897472,0.239616,2.341696
1026,traditional,0.200832,1.870848,0.239616,2.311296
1027,traditional,0.218144,1.901568,0.239616,2.359328
1028,traditional,0.190976,1.884160,0.239616,2.314752
1029,traditional,0.207520,1.891328,0.238592,2.337440
1030,traditional,0.202432,1.915904,0.239616,2.357952
1031,traditional,0.196736,1.911808,0.238592,2.347136
1032,traditional,0.209632,1.903616,0.238592,2.351840
1033,traditional,0.205728,1.894400,0.238592,2.338720
1034,traditional,0.189984,1.894400,0.238592,2.322976
1035,traditional,0.214688,1.940480,0.239616,2.394784
1036,traditional,0.216192,1.918976,0.240640,2.375808
1037,traditional,0.205120,1.926144,0.239616,2.370880
1038,traditional,0.193984,1.908736,0.238592,2.341312
1039,traditional,0.191904,1.882112,0.238592,2.312608
1040,traditional,0.193792,1.879040,0.238592,2.311424
1041,traditional,0.191296,1.884160,0.238592,2.314048
1042,traditional,0.201632,1.906688,0.239616,2.347936
1043,traditional,0.201344,1.932288,0.239616,2.373248
1044,traditional,0.192096,1.930240,0.252928,2.375264
1045,traditional,0.191904,2.413568,0.240640,2.846112
1046,traditional,0.204672,1.933312,0.242688,2.380672
1047,traditional,0.228288,2.022400,0.241664,2.492352
1048,traditional,0.218176,1.923072,0.236544,2.377792
1049,traditional,0.204000,1.920000,0.236544,2.360544
1050,traditional,0.209024,1.889280,0.236544,2.334848
1051,traditional,0.191680,1.954816,0.237568,2.384064
1052,traditional,0.190080,1.921024,0.237568,2.348672
1053,traditional,0.203616,1.905664,0.237568,2.346848
1054,traditional,0.201856,1.909760,0.247808,2.359424
1055,traditional,0.192160,1.928192,0.235520,2.355872
1056,traditional,0.201888,1.935360,0.236544,2.373792
1057,traditional,0.214560,1.902592,0.236544,2.353696
1058,traditional,0.205568,1.920000,0.235520,2.361088
1059,traditional,0.203712,1.888256,0.236544,2.328512
1060,traditional,0.190912,1.885184,0.236544,2.312640
1061,traditional,0.187776,1.898496,0.237568,2.323840
1062,traditional,0.209376,1.887232,0.237568,2.334176
1063,traditional,0.205248,1.896448,0.238592,2.340288
1064,traditional,0.202912,1.933312,0.237568,2.373792
1065,traditional,0.188768,2.141184,0.236544,2.566496
1066,traditional,0.188960,1.900544,0.237568,2.327072
1067,traditional,0.204224,1.921024,0.236544,2.361792
1068,traditional,0.203232,1.892352,0.237568,2.333152
1069,traditional,0.217088,1.922048,0.236544,2.375680
1070,traditional,0.201504,2.152448,0.236544,2.590496
1071,traditional,0.202496,1.910784,0.236544,2.349824
1072,traditional,0.192288,1.894400,0.249856,2.336544
1073,traditional,0.172160,1.681408,0.210944,2.064512
1074,traditional,0.188224,1.658880,0.211968,2.059072
1075,traditional,0.174880,1.667072,0.210944,2.052896
1076,traditional,0.172992,1.675264,0.210944,2.059200
1077,traditional,0.173984,1.585152,0.201728,1.960864
1078,traditional,0.165024,1.575936,0.200704,1.941664
1079,traditional,0.184576,1.600512,0.200704,1.985792
1080,traditional,0.178080,1.594368,0.200704,1.973152
1081,traditional,0.164736,1.575936,0.201728,1.942400
1082,traditional,0.181376,1.588224,0.201728,1.971328
1083,traditional,0.185984,1.634304,0.210944,2.031232
1084,traditional,0.174080,1.606656,0.200704,1.981440
1085,traditional,0.161152,1.574912,0.200704,1.936768
1086,traditional,0.189856,1.599488,0.202752,1.992096
1087,traditional,0.203808,1.576960,0.201728,1.982496
1088,traditional,0.178048,1.612800,0.212992,2.003840
1089,traditional,0.164448,1.590272,0.199680,1.954400
1090,traditional,0.166304,1.569792,0.200704,1.936800
1091,traditional,0.183584,1.612800,0.200704,1.997088
1092,traditional,0.166880,1.603584,0.201728,1.972192
1093,traditional,0.162400,2.088960,0.203776,2.455136
1094,traditional,0.164960,1.624064,0.200704,1.989728
1095,traditional,0.162880,1.840128,0.204800,2.207808
1096,traditional,0.180736,1.577984,0.200704,1.959424
1097,traditional,0.176416,1.563648,0.199680,1.939744
1098,traditional,0.169696,1.601536,0.200704,1.971936
1099,traditional,0.163392,1.553408,0.199680,1.916480
1100,traditional,0.176832,1.548288,0.200704,1.925824
1101,traditional,0.178240,1.574912,0.199680,1.952832
1102,traditional,0.184960,1.584128,0.199680,1.968768
1103,traditional,0.163584,1.560576,0.200704,1.924864
1104,traditional,0.205280,2.326528,0.378880,2.910688
1105,traditional,0.299648,3.374080,0.203776,3.877504
1106,traditional,0.166080,1.998848,0.392192,2.557120
1107,traditional,0.166624,1.838080,0.203776,2.208480
1108,traditional,0.167808,2.027520,0.381952,2.577280
1109,traditional,0.176224,1.977344,0.203776,2.357344
1110,traditional,0.178432,2.032640,0.377856,2.588928
1111,traditional,0.300672,3.239936,0.358400,3.899008
1112,traditional,0.164864,2.134016,0.387072,2.685952
1113,traditional,0.200192,2.980864,0.391168,3.572224
1114,traditional,0.301248,2.821120,0.208896,3.331264
1115,traditional,0.191488,2.287616,0.209920,2.689024
1116,traditional,0.169472,1.691648,0.203776,2.064896
1117,traditional,0.164704,1.635328,0.203776,2.003808
1118,traditional,0.178464,1.891328,0.203776,2.273568
1119,traditional,0.167520,2.025472,0.208896,2.401888
1120,traditional,0.178688,1.674240,0.204800,2.057728
1121,traditional,0.166144,3.517440,0.712704,4.396288
1122,traditional,0.164960,1.845248,0.203776,2.213984
1123,traditional,0.185440,1.648640,0.204800,2.038880
1124,traditional,0.183712,1.632256,0.204800,2.020768
1125,traditional,0.185376,1.627136,0.204800,2.017312
1126,traditional,0.170176,1.624064,0.203776,1.998016
1127,traditional,0.182880,1.635328,0.206848,2.025056
1128,traditional,0.167072,2.225152,0.391168,2.783392
1129,traditional,0.313152,3.623936,0.211968,4.149056
1130,traditional,0.169024,2.301952,0.208896,2.679872
1131,traditional,0.243552,3.238912,0.385024,3.867488
1132,traditional,0.305248,2.370560,0.387072,3.062880
1133,traditional,0.178912,2.052096,0.398336,2.629344
1134,traditional,0.172224,1.868800,0.202752,2.243776
1135,traditional,0.177600,2.241536,0.385024,2.804160
1136,traditional,0.295808,1.787904,0.224256,2.307968
1137,traditional,0.194912,1.805312,0.224256,2.224480
1138,traditional,0.197760,1.815552,0.224256,2.237568
1139,traditional,0.210048,1.795072,0.224256,2.229376
1140,traditional,0.181280,1.784832,0.224256,2.190368
1141,traditional,0.213216,1.806336,0.224256,2.243808
1142,traditional,0.182912,2.037760,0.221184,2.441856
1143,traditional,0.204896,1.792000,0.221184,2.218080
1144,traditional,0.205536,1.740800,0.225280,2.171616
1145,traditional,0.192608,1.805312,0.221184,2.219104
1146,traditional,0.205504,1.782784,0.222208,2.210496
1147,traditional,0.180352,2.017280,0.222208,2.419840
1148,traditional,0.193856,1.769472,0.222208,2.185536
1149,traditional,0.203232,1.762304,0.222208,2.187744
1150,traditional,0.177824,2.169856,0.228352,2.576032
1151,traditional,0.202944,2.459648,0.229376,2.891968
1152,traditional,0.201440,2.459648,0.229376,2.890464
1153,traditional,0.177760,2.209792,0.227328,2.614880
1154,traditional,0.192832,2.207744,0.224256,2.624832
1155,traditional,0.181760,2.215936,0.225280,2.622976
1156,traditional,0.176576,2.174976,0.225280,2.576832
1157,traditional,0.177760,2.380800,0.231424,2.789984
1158,traditional,0.205792,1.771520,0.220160,2.197472
1159,traditional,0.199616,1.777664,0.221184,2.198464
1160,traditional,0.204864,1.760256,0.221184,2.186304
1161,traditional,0.225184,1.744896,0.220160,2.190240
1162,traditional,0.192416,1.768448,0.220160,2.181024
1163,traditional,0.190816,1.747968,0.220160,2.158944
1164,traditional,0.205504,1.771520,0.221184,2.198208
1165,traditional,0.207456,1.750016,0.219136,2.176608
1166,traditional,0.179936,1.999872,0.389120,2.568928
1167,traditional,0.203552,2.222080,0.221184,2.646816
1168,traditional,0.200544,1.803264,0.222208,2.226016
1169,traditional,0.197440,1.785856,0.225280,2.208576
1170,traditional,0.201248,1.811456,0.224256,2.236960
1171,traditional,0.192512,1.782784,0.222208,2.197504
1172,traditional,0.180064,1.755136,0.233472,2.168672
1173,traditional,0.188928,1.758208,0.222208,2.169344
1174,traditional,0.179328,1.732608,0.221184,2.133120
1175,traditional,0.203264,1.745920,0.221184,2.170368
1176,traditional,0.194976,1.759232,0.221184,2.175392
1177,traditional,0.202240,1.752064,0.228352,2.182656
1178,traditional,0.178208,1.764352,0.221184,2.163744
1179,traditional,0.204256,1.803264,0.221184,2.228704
1180,traditional,0.176160,1.758208,0.221184,2.155552
1181,traditional,0.189568,1.802240,0.221184,2.212992
1182,traditional,0.194272,1.756160,0.221184,2.171616
1183,traditional,0.182432,1.742848,0.221184,2.146464
1184,traditional,0.179040,1.754112,0.221184,2.154336
1185,traditional,0.179008,1.760256,0.221184,2.160448
1186,traditional,0.201440,1.756160,0.220160,2.177760
1187,traditional,0.187552,1.740800,0.220160,2.148512
1188,traditional,0.175008,1.727488,0.219136,2.121632
1189,traditional,0.184128,1.732608,0.220160,2.136896
1190,traditional,0.190848,1.734656,0.220160,2.145664
1191,traditional,0.178336,1.739776,0.219136,2.137248
1192,traditional,0.175936,1.753088,0.218112,2.147136
1193,traditional,0.173824,1.692672,0.216064,2.082560
1194,traditional,0.174784,1.714176,0.215040,2.104000
1195,traditional,0.172768,1.697792,0.216064,2.086624
1196,traditional,0.192032,1.750016,0.215040,2.157088
1197,traditional,0.172640,1.691648,0.215040,2.079328
1198,traditional,0.188864,1.699840,0.214016,2.102720
1199,traditional,0.204544,1.728512,0.215040,2.148096
1200,traditional,0.191456,1.725440,0.214016,2.130912
1201,traditional,0.178816,1.716224,0.214016,2.109056
1202,traditional,0.186368,1.694720,0.214016,2.095104
1203,traditional,0.187104,1.716224,0.212992,2.116320
1204,traditional,0.188096,1.697792,0.212992,2.098880
1205,traditional,0.204096,1.758208,0.214016,2.176320
1206,traditional,0.187264,1.707008,0.214016,2.108288
1207,traditional,0.193376,1.724416,0.215040,2.132832
1208,traditional,0.188576,1.712128,0.214016,2.114720
1209,traditional,0.190080,1.712128,0.214016,2.116224
1210,traditional,0.197184,1.750016,0.214016,2.161216
1211,traditional,0.171392,1.775616,0.215040,2.162048
1212,traditional,0.194656,1.723392,0.215040,2.133088
1213,traditional,0.189632,1.718272,0.215040,2.122944
1214,traditional,0.188896,1.717248,0.215040,2.121184
1215,traditional,0.179936,1.726464,0.216064,2.122464
1216,traditional,0.174656,2.343936,0.222208,2.740800
1217,traditional,0.176128,2.108416,0.215040,2.499584
1218,traditional,0.203200,1.803264,0.219136,2.225600
1219,traditional,0.191264,1.764352,0.227328,2.182944
1220,traditional,0.178272,1.764352,0.220160,2.162784
1221,traditional,0.178784,1.725440,0.220160,2.124384
1222,traditional,0.181568,1.766400,0.219136,2.167104
1223,traditional,0.194336,1.770496,0.220160,2.184992
1224,traditional,0.182432,1.768448,0.219136,2.170016
1225,traditional,0.176096,1.968128,0.220160,2.364384
1226,traditional,0.192864,1.774592,0.220160,2.187616
1227,traditional,0.201856,1.768448,0.221184,2.191488
1228,traditional,0.205408,1.805312,0.220160,2.230880
1229,traditional,0.188096,1.725440,0.217088,2.130624
1230,traditional,0.177344,2.405376,0.222208,2.804928
1231,traditional,0.179872,1.784832,0.216064,2.180768
1232,traditional,0.178720,1.734656,0.219136,2.132512
1233,traditional,0.184384,2.003968,0.385024,2.573376
1234,traditional,0.173440,1.727488,0.211968,2.112896
1235,traditional,0.190080,1.711104,0.216064,2.117248
1236,traditional,0.171808,1.710080,0.215040,2.096928
1237,traditional,0.208576,1.714176,0.212992,2.135744
1238,traditional,0.173056,1.711104,0.212992,2.097152
1239,traditional,0.170656,1.681408,0.211968,2.064032
1240,traditional,0.199200,1.690624,0.214016,2.103840
1241,traditional,0.186720,1.719296,0.212992,2.119008
1242,traditional,0.218656,1.723392,0.238592,2.180640
1243,traditional,0.172064,1.703936,0.214016,2.090016
1244,traditional,0.182848,1.701888,0.212992,2.097728
1245,traditional,0.169600,1.958912,0.382976,2.511488
1246,traditional,0.193504,1.980416,0.217088,2.391008
1247,traditional,0.175520,1.707008,0.217088,2.099616
1248,traditional,0.177792,1.702912,0.218112,2.098816
1249,traditional,0.176256,1.723392,0.217088,2.116736
1250,traditional,0.174560,1.730560,0.217088,2.122208
1251,traditional,0.193536,1.736704,0.215040,2.145280
1252,traditional,0.195552,1.676288,0.214016,2.085856
1253,traditional,0.190560,1.705984,0.215040,2.111584
1254,traditional,0.198752,1.717248,0.215040,2.131040
1255,traditional,0.188224,1.709056,0.215040,2.112320
1256,traditional,0.195904,1.704960,0.233472,2.134336
1257,traditional,0.200032,1.703936,0.212992,2.116960
1258,traditional,0.195936,1.727488,0.214016,2.137440
1259,traditional,0.185056,1.723392,0.212992,2.121440
1260,traditional,0.175776,1.930240,0.217088,2.323104
1261,traditional,0.186592,1.960960,0.212992,2.360544
1262,traditional,0.173504,1.720320,0.212992,2.106816
1263,traditional,0.172352,1.920000,0.212992,2.305344
1264,traditional,0.176288,1.705984,0.211968,2.094240
1265,traditional,0.169792,1.664000,0.211968,2.045760
1266,traditional,0.184192,1.964032,0.216064,2.364288
1267,traditional,0.189696,1.696768,0.211968,2.098432
1268,traditional,0.193856,1.683456,0.211968,2.089280
1269,traditional,0.189056,1.687552,0.211968,2.088576
1270,traditional,0.186240,1.694720,0.211968,2.092928
1271,traditional,0.186432,1.732608,0.211968,2.131008
1272,traditional,0.170976,2.332672,0.216064,2.719712
1273,traditional,0.173632,2.085888,0.210944,2.470464
1274,traditional,0.173088,2.121728,0.211968,2.506784
1275,traditional,0.187616,1.697792,0.212992,2.098400
1276,traditional,0.183136,1.689600,0.212992,2.085728
1277,traditional,0.172192,2.682880,0.405504,3.260576
1278,traditional,0.322400,3.265536,0.212992,3.800928
1279,traditional,0.171616,2.416640,0.221184,2.809440
1280,traditional,0.189632,1.768448,0.212992,2.171072
1281,traditional,0.186304,1.718272,0.218112,2.122688
1282,traditional,0.172384,1.710080,0.214016,2.096480
1283,traditional,0.180416,2.381824,0.216064,2.778304
1284,traditional,0.177600,1.796096,0.224256,2.197952
1285,traditional,0.174720,1.780736,0.221184,2.176640
1286,traditional,0.175456,1.770496,0.221184,2.167136
1287,traditional,0.176928,1.739776,0.221184,2.137888
1288,traditional,0.175520,1.723392,0.216064,2.114976
1289,traditional,0.176096,1.717248,0.216064,2.109408
1290,traditional,0.187520,1.693696,0.216064,2.097280
1291,traditional,0.203552,1.721344,0.216064,2.140960
1292,traditional,0.173920,1.722368,0.216064,2.112352
1293,traditional,0.174464,1.709056,0.215040,2.098560
1294,traditional,0.168224,1.659904,0.208896,2.037024
1295,traditional,0.172832,1.666048,0.208896,2.047776
1296,traditional,0.171136,1.647616,0.209920,2.028672
1297,traditional,0.173024,1.660928,0.209920,2.043872
1298,traditional,0.181216,1.750016,0.208896,2.140128
1299,traditional,0.167776,1.681408,0.208896,2.058080
1300,traditional,0.182624,1.686528,0.211968,2.081120
1301,traditional,0.176512,1.708032,0.208896,2.093440
1302,traditional,0.181600,1.647616,0.208896,2.038112
1303,traditional,0.190688,1.688576,0.208896,2.088160
1304,traditional,0.170144,1.671168,0.208896,2.050208
1305,traditional,0.168512,1.632256,0.209920,2.010688
1306,traditional,0.174240,1.638400,0.207872,2.020512
1307,traditional,0.171968,1.641472,0.225280,2.038720
1308,traditional,0.180128,1.618944,0.206848,2.005920
1309,traditional,0.170560,1.631232,0.207872,2.009664
1310,traditional,0.190336,1.629184,0.206848,2.026368
1311,traditional,0.171648,1.628160,0.206848,2.006656
1312,traditional,0.174400,1.645568,0.206848,2.026816
1313,traditional,0.168160,1.639424,0.205824,2.013408
1314,traditional,0.167424,1.612800,0.205824,1.986048
1315,traditional,0.173568,1.612800,0.206848,1.993216
1316,traditional,0.167360,1.605632,0.205824,1.978816
1317,traditional,0.171520,1.612800,0.206848,1.991168
1318,traditional,0.179808,1.615872,0.204800,2.000480
1319,traditional,0.169216,2.024448,0.395264,2.588928
1320,traditional,0.185536,1.650688,0.204800,2.041024
1321,traditional,0.166176,1.615872,0.204800,1.986848
1322,traditional,0.168352,1.873920,0.369664,2.411936
1323,traditional,0.175200,1.868800,0.204800,2.248800
1324,traditional,0.168640,2.068480,0.211968,2.449088
1325,traditional,0.185824,1.684480,0.208896,2.079200
1326,traditional,0.172832,1.869824,0.207872,2.250528
1327,traditional,0.185920,2.529280,0.397312,3.112512
1328,traditional,0.313728,2.936832,0.208896,3.459456
1329,traditional,0.386336,2.026496,0.224256,2.637088
1330,traditional,0.180992,1.906688,0.211968,2.299648
1331,traditional,0.171072,1.694720,0.226304,2.092096
1332,traditional,0.185824,1.630208,0.208896,2.024928
1333,traditional,0.168992,1.945600,0.482304,2.596896
1334,traditional,0.176896,1.633280,0.207872,2.018048
1335,traditional,0.174464,1.650688,0.208896,2.034048
1336,traditional,0.170048,1.644544,0.208896,2.023488
1337,traditional,0.181184,1.689600,0.216064,2.086848
1338,traditional,0.189408,1.690624,0.216064,2.096096
1339,traditional,0.188704,1.695744,0.216064,2.100512
1340,traditional,0.200416,1.726464,0.216064,2.142944
1341,traditional,0.186048,1.675264,0.217088,2.078400
1342,traditional,0.191584,1.743872,0.215040,2.150496
1343,traditional,0.172480,1.657856,0.209920,2.040256
1344,traditional,0.198368,1.645568,0.209920,2.053856
1345,traditional,0.171328,1.938432,0.212992,2.322752
1346,traditional,0.184480,1.687552,0.210944,2.082976
1347,traditional,0.198496,1.699840,0.209920,2.108256
1348,traditional,0.208576,1.652736,0.207872,2.069184
1349,traditional,0.195904,1.656832,0.207872,2.060608
1350,traditional,0.189504,1.631232,0.206848,2.027584
1351,traditional,0.168864,2.781184,0.395264,3.345312
1352,traditional,0.314528,2.949120,0.395264,3.658912
1353,traditional,0.184960,2.320384,0.211968,2.717312
1354,traditional,0.171232,2.077696,0.223232,2.472160
1355,traditional,0.194752,1.655808,0.207872,2.058432
1356,traditional,0.186080,1.646592,0.207872,2.040544
1357,traditional,0.187744,2.629632,0.397312,3.214688
1358,traditional,0.319840,3.283968,0.212992,3.816800
1359,traditional,0.177408,2.326528,0.212992,2.716928
1360,traditional,0.177216,1.729536,0.217088,2.123840
1361,traditional,0.189760,1.744896,0.216064,2.150720
1362,traditional,0.177440,1.705984,0.216064,2.099488
1363,traditional,0.189344,1.756160,0.216064,2.161568
1364,traditional,0.214144,1.721344,0.216064,2.151552
1365,traditional,0.190560,1.705984,0.211968,2.108512
1366,traditional,0.172160,1.679360,0.211968,2.063488
1367,traditional,0.190560,1.710080,0.211968,2.112608
1368,traditional,0.185888,1.695744,0.212992,2.094624
1369,traditional,0.174656,1.686528,0.211968,2.073152
1370,traditional,0.188224,1.715200,0.212992,2.116416
1371,traditional,0.171712,2.127872,0.217088,2.516672
1372,traditional,0.173216,1.939456,0.210944,2.323616
1373,traditional,0.184160,1.695744,0.212992,2.092896
1374,traditional,0.169632,1.658880,0.210944,2.039456
1375,traditional,0.170176,2.296832,0.227328,2.694336
1376,traditional,0.171744,1.732608,0.215040,2.119392
1377,traditional,0.170848,1.723392,0.211968,2.106208
1378,traditional,0.174272,1.683456,0.211968,2.069696
1379,traditional,0.169568,1.689600,0.212992,2.072160
1380,traditional,0.185056,1.720320,0.212992,2.118368
1381,traditional,0.186688,1.719296,0.212992,2.118976
1382,traditional,0.181600,1.740800,0.207872,2.130272
1383,traditional,0.195616,1.653760,0.207872,2.057248
1384,traditional,0.168480,1.647616,0.206848,2.022944
1385,traditional,0.173088,1.660928,0.207872,2.041888
1386,traditional,0.171488,1.653760,0.206848,2.032096
1387,traditional,0.172192,1.628160,0.206848,2.007200
1388,traditional,0.187456,1.667072,0.207872,2.062400
1389,traditional,0.169504,1.675264,0.206848,2.051616
1390,traditional,0.173632,1.675264,0.206848,2.055744
1391,traditional,0.172960,1.639424,0.206848,2.019232
1392,traditional,0.183968,1.624064,0.205824,2.013856
1393,traditional,0.180576,1.666048,0.205824,2.052448
1394,traditional,0.167136,1.622016,0.209920,1.999072
1395,traditional,0.164704,1.633280,0.202752,2.000736
1396,traditional,0.166144,1.632256,0.202752,2.001152
1397,traditional,0.184576,1.612800,0.202752,2.000128
1398,traditional,0.165568,1.628160,0.202752,1.996480
1399,traditional,0.172096,1.602560,0.206848,1.981504
1400,traditional,0.193120,1.651712,0.203776,2.048608
1401,traditional,0.184992,1.624064,0.202752,2.011808
1402,traditional,0.167744,1.883136,0.206848,2.257728
1403,traditional,0.179072,1.617920,0.202752,1.999744
1404,traditional,0.163776,1.612800,0.204800,1.981376
1405,traditional,0.167040,1.622016,0.205824,1.994880
1406,traditional,0.182848,1.630208,0.204800,2.017856
1407,traditional,0.170208,1.633280,0.204800,2.008288
1408,traditional,0.176960,1.636352,0.204800,2.018112
1409,traditional,0.169056,1.632256,0.205824,2.007136
1410,traditional,0.192320,1.633280,0.205824,2.031424
1411,traditional,0.175776,1.648640,0.205824,2.030240
1412,traditional,0.192064,1.627136,0.204800,2.024000
1413,traditional,0.177856,1.626112,0.204800,2.008768
1414,traditional,0.169152,1.610752,0.211968,1.991872
1415,traditional,0.183840,1.660928,0.204800,2.049568
1416,traditional,0.186624,1.682432,0.206848,2.075904
1417,traditional,0.169888,1.658880,0.206848,2.035616
1418,traditional,0.196160,1.692672,0.206848,2.095680
1419,traditional,0.179552,1.638400,0.207872,2.025824
1420,traditional,0.170272,1.642496,0.206848,2.019616
1421,traditional,0.170368,1.616896,0.216064,2.003328
1422,traditional,0.182272,1.642496,0.206848,2.031616
1423,traditional,0.195104,2.186240,0.393216,2.774560
1424,traditional,0.308928,3.263488,0.207872,3.780288
1425,traditional,0.167360,2.309120,0.211968,2.688448
1426,traditional,0.167456,1.648640,0.206848,2.022944
1427,traditional,0.168064,1.643520,0.212992,2.024576
1428,traditional,0.172096,1.665024,0.212992,2.050112
1429,traditional,0.191488,1.751040,0.212992,2.155520
1430,traditional,0.173088,1.726464,0.212992,2.112544
1431,traditional,0.184768,1.712128,0.217088,2.113984
1432,traditional,0.199744,1.681408,0.212992,2.094144
1433,traditional,0.194176,1.674240,0.210944,2.079360
1434,traditional,0.189568,1.715200,0.210944,2.115712
1435,traditional,0.185056,2.826240,0.399360,3.410656
1436,traditional,0.611136,2.828288,0.215040,3.654464
1437,traditional,0.171232,2.083840,0.399360,2.654432
1438,traditional,0.171840,1.943552,0.210944,2.326336
1439,traditional,0.175104,1.984512,0.223232,2.382848
1440,traditional,0.196192,1.808384,0.226304,2.230880
1441,traditional,0.179392,1.780736,0.223232,2.183360
1442,traditional,0.179648,1.776640,0.223232,2.179520
1443,traditional,0.182720,1.760256,0.223232,2.166208
1444,traditional,0.197312,1.809408,0.224256,2.230976
1445,traditional,0.192608,1.779712,0.223232,2.195552
1446,traditional,0.192320,1.764352,0.223232,2.179904
1447,traditional,0.196032,1.778688,0.223232,2.197952
1448,traditional,0.206400,1.761280,0.223232,2.190912
1449,traditional,0.192992,1.782784,0.222208,2.197984
1450,traditional,0.179776,1.771520,0.222208,2.173504
1451,traditional,0.206208,1.782784,0.222208,2.211200
1452,traditional,0.208640,1.776640,0.222208,2.207488
1453,traditional,0.210592,1.774592,0.225280,2.210464
1454,traditional,0.209408,1.821696,0.225280,2.256384
1455,traditional,0.198368,1.783808,0.224256,2.206432
1456,traditional,0.181632,2.209792,0.231424,2.622848
1457,traditional,0.201856,2.016256,0.224256,2.442368
1458,traditional,0.192032,2.439168,0.227328,2.858528
1459,traditional,0.179776,2.170880,0.226304,2.576960
1460,traditional,0.179264,2.006016,0.222208,2.407488
1461,traditional,0.176736,1.775616,0.222208,2.174560
1462,traditional,0.202176,1.792000,0.222208,2.216384
1463,traditional,0.181280,2.231296,0.229376,2.641952
1464,traditional,0.206016,1.801216,0.223232,2.230464
1465,traditional,0.218240,1.788928,0.224256,2.231424
1466,traditional,0.182816,1.987584,0.224256,2.394656
1467,traditional,0.209568,1.761280,0.223232,2.194080
1468,traditional,0.199424,1.794048,0.223232,2.216704
1469,traditional,0.195744,1.803264,0.223232,2.222240
1470,traditional,0.184704,1.748992,0.223232,2.156928
1471,traditional,0.197696,1.798144,0.237568,2.233408
1472,traditional,0.183904,1.765376,0.223232,2.172512
1473,traditional,0.180096,1.774592,0.223232,2.177920
1474,traditional,0.191232,1.783808,0.223232,2.198272
1475,traditional,0.198208,1.835008,0.224256,2.257472
1476,traditional,0.193024,1.788928,0.223232,2.205184
1477,traditional,0.192960,1.820672,0.222208,2.235840
1478,traditional,0.191872,1.786880,0.222208,2.200960
1479,traditional,0.193632,1.774592,0.222208,2.190432
1480,traditional,0.179072,2.040832,0.392192,2.612096
1481,traditional,0.206368,1.995776,0.222208,2.424352
1482,traditional,0.192096,1.750016,0.228352,2.170464
1483,traditional,0.191232,2.234368,0.238592,2.664192
1484,traditional,0.186688,2.084864,0.228352,2.499904
1485,traditional,0.184320,1.830912,0.228352,2.243584
1486,traditional,0.196672,1.789952,0.228352,2.214976
1487,traditional,0.202016,1.796096,0.228352,2.226464
1488,traditional,0.209248,1.889280,0.227328,2.325856
1489,traditional,0.195424,1.778688,0.223232,2.197344
1490,traditional,0.198176,1.780736,0.224256,2.203168
1491,traditional,0.203904,1.779712,0.223232,2.206848
1492,traditional,0.190688,2.226176,0.228352,2.645216
1493,traditional,0.193376,1.814528,0.223232,2.231136
1494,traditional,0.183840,1.790976,0.224256,2.199072
1495,traditional,0.204512,1.794048,0.221184,2.219744
1496,traditional,0.215776,1.755136,0.221184,2.192096
1497,traditional,0.203200,1.786880,0.221184,2.211264
1498,traditional,0.190432,1.753088,0.233472,2.176992
1499,traditional,0.190944,1.768448,0.220160,2.179552
1500,traditional,0.178464,2.008064,0.396288,2.582816
1501,traditional,0.203200,2.227200,0.228352,2.658752
1502,traditional,0.183232,2.401280,0.234496,2.819008
1503,traditional,0.183552,1.983488,0.223232,2.390272
1504,traditional,0.207712,1.851392,0.223232,2.282336
1505,traditional,0.218208,1.795072,0.224256,2.237536
1506,traditional,0.181216,1.756160,0.223232,2.160608
1507,traditional,0.194944,1.795072,0.224256,2.214272
1508,traditional,0.199072,1.806336,0.223232,2.228640
1509,traditional,0.219872,1.786880,0.224256,2.231008
1510,traditional,0.192896,1.815552,0.224256,2.232704
1511,traditional,0.179648,1.757184,0.475136,2.411968
1512,traditional,0.199040,2.016256,0.228352,2.443648
1513,traditional,0.180864,2.292736,0.230400,2.704000
1514,traditional,0.209408,1.848320,0.227328,2.285056
1515,traditional,0.198112,1.809408,0.226304,2.233824
1516,traditional,0.211936,1.800192,0.225280,2.237408
1517,traditional,0.199072,1.771520,0.225280,2.195872
1518,traditional,0.197312,1.816576,0.225280,2.239168
1519,traditional,0.205664,1.778688,0.224256,2.208608
1520,traditional,0.183360,1.998848,0.226304,2.408512
1521,traditional,0.190304,1.812480,0.227328,2.230112
1522,traditional,0.184256,1.812480,0.226304,2.223040
1523,traditional,0.234336,1.883136,0.226304,2.343776
1524,traditional,0.185536,1.838080,0.230400,2.254016
1525,traditional,0.184256,1.806336,0.227328,2.217920
1526,traditional,0.206080,1.845248,0.225280,2.276608
1527,traditional,0.206048,1.901568,0.225280,2.332896
1528,traditional,0.206784,1.795072,0.225280,2.227136
1529,traditional,0.233216,1.810432,0.224256,2.267904
1530,traditional,0.199392,1.774592,0.225280,2.199264
1531,traditional,0.210016,1.851392,0.225280,2.286688
1532,traditional,0.195488,1.851392,0.224256,2.271136
1533,traditional,0.178080,1.779712,0.223232,2.181024
1534,traditional,0.207936,1.853440,0.222208,2.283584
1535,traditional,0.204224,1.761280,0.223232,2.188736
1536,traditional,0.216224,1.792000,0.225280,2.233504
1537,traditional,0.194496,1.783808,0.221184,2.199488
1538,traditional,0.201376,1.773568,0.221184,2.196128
1539,traditional,0.206080,1.787904,0.220160,2.214144
1540,traditional,0.207712,1.817600,0.222208,2.247520
1541,traditional,0.179872,1.765376,0.221184,2.166432
1542,traditional,0.193152,1.764352,0.221184,2.178688
1543,traditional,0.178592,1.739776,0.221184,2.139552
1544,traditional,0.178208,1.752064,0.221184,2.151456
1545,traditional,0.178304,1.743872,0.220160,2.142336
1546,traditional,0.178208,1.754112,0.220160,2.152480
1547,traditional,0.178528,1.737728,0.220160,2.136416
1548,traditional,0.179680,1.723392,0.226304,2.129376
1549,traditional,0.176448,1.723392,0.240640,2.140480
1550,traditional,0.175744,1.683456,0.214016,2.073216
1551,traditional,0.179104,1.684480,0.215040,2.078624
1552,traditional,0.183904,1.693696,0.215040,2.092640
1553,traditional,0.184576,1.709056,0.214016,2.107648
1554,traditional,0.176128,1.690624,0.216064,2.082816
1555,traditional,0.193088,1.744896,0.215040,2.153024
1556,traditional,0.189184,1.729536,0.215040,2.133760
1557,traditional,0.178528,1.693696,0.215040,2.087264
1558,traditional,0.189760,1.727488,0.215040,2.132288
1559,traditional,0.187648,1.723392,0.215040,2.126080
1560,traditional,0.173216,1.695744,0.215040,2.084000
1561,traditional,0.174784,2.355200,0.223232,2.753216
1562,traditional,0.198848,1.686528,0.214016,2.099392
1563,traditional,0.174528,1.696768,0.214016,2.085312
1564,traditional,0.173920,1.694720,0.214016,2.082656
1565,traditional,0.184160,1.716224,0.214016,2.114400
1566,traditional,0.172672,1.681408,0.214016,2.068096
1567,traditional,0.171936,2.003968,0.491520,2.667424
1568,traditional,0.174592,1.959936,0.214016,2.348544
1569,traditional,0.174816,1.982464,0.216064,2.373344
1570,traditional,0.187872,1.690624,0.212992,2.091488
1571,traditional,0.199520,1.683456,0.214016,2.096992
1572,traditional,0.194080,1.668096,0.212992,2.075168
1573,traditional,0.194368,1.710080,0.212992,2.117440
1574,traditional,0.185600,1.709056,0.212992,2.107648
1575,traditional,0.171872,1.678336,0.211968,2.062176
1576,traditional,0.198592,1.707008,0.212992,2.118592
1577,traditional,0.199840,1.665024,0.212992,2.077856
1578,traditional,0.190048,1.690624,0.211968,2.092640
1579,traditional,0.176288,1.942528,0.211968,2.330784
1580,traditional,0.181152,1.666048,0.212992,2.060192
1581,traditional,0.171296,2.025472,0.490496,2.687264
1582,traditional,0.175488,1.704960,0.212992,2.093440
1583,traditional,0.188992,1.702912,0.212992,2.104896
1584,traditional,0.184224,1.695744,0.212992,2.092960
1585,traditional,0.185120,1.691648,0.212992,2.089760
1586,traditional,0.196224,1.692672,0.212992,2.101888
1587,traditional,0.187744,1.681408,0.211968,2.081120
1588,traditional,0.199680,1.672192,0.212992,2.084864
1589,traditional,0.171904,1.673216,0.212992,2.058112
1590,traditional,0.191296,1.932288,0.212992,2.336576
1591,traditional,0.171264,2.104320,0.217088,2.492672
1592,traditional,0.178656,1.685504,0.446464,2.310624
1593,traditional,0.188192,1.926144,0.216064,2.330400
1594,traditional,0.175424,1.690624,0.212992,2.079040
1595,traditional,0.170976,1.667072,0.211968,2.050016
1596,traditional,0.183712,1.716224,0.211968,2.111904
1597,traditional,0.201120,1.699840,0.212992,2.113952
1598,traditional,0.199584,1.746944,0.212992,2.159520
1599,traditional,0.186944,1.737728,0.210944,2.135616
1600,traditional,0.183616,1.684480,0.210944,2.079040
1601,traditional,0.187680,1.665024,0.211968,2.064672
1602,traditional,0.199200,1.681408,0.228352,2.108960
1603,traditional,0.191360,1.682432,0.211968,2.085760
1604,traditional,0.171840,1.687552,0.210944,2.070336
1605,traditional,0.183712,1.661952,0.212992,2.058656
1606,traditional,0.173792,1.673216,0.212992,2.060000
1607,traditional,0.172768,1.657856,0.212992,2.043616
1608,traditional,0.187328,1.674240,0.212992,2.074560
1609,traditional,0.181024,1.664000,0.212992,2.058016
1610,traditional,0.172608,1.664000,0.211968,2.048576
1611,traditional,0.186144,1.682432,0.211968,2.080544
1612,traditional,0.179584,1.678336,0.211968,2.069888
1613,traditional,0.171680,1.718272,0.211968,2.101920
1614,traditional,0.171712,1.679360,0.211968,2.063040
1615,traditional,0.192032,1.697792,0.211968,2.101792
1616,traditional,0.171744,1.911808,0.211968,2.295520
1617,traditional,0.194048,1.703936,0.211968,2.109952
1618,traditional,0.189280,1.764352,0.215040,2.168672
1619,traditional,0.187520,1.725440,0.216064,2.129024
1620,traditional,0.197536,1.703936,0.215040,2.116512
1621,traditional,0.197536,1.782784,0.215040,2.195360
1622,traditional,0.192416,1.712128,0.215040,2.119584
1623,traditional,0.207680,2.343936,0.409600,2.961216
1624,traditional,0.338592,3.423232,0.242688,4.004512
1625,traditional,0.195424,2.600960,0.245760,3.042144
1626,traditional,0.218496,2.655232,0.242688,3.116416
1627,traditional,0.195584,2.371584,0.248832,2.816000
1628,traditional,0.209600,2.335744,0.245760,2.791104
1629,traditional,0.197760,2.589696,0.245760,3.033216
1630,traditional,0.205920,2.633728,0.246784,3.086432
1631,traditional,0.224512,2.671616,0.241664,3.137792
1632,traditional,0.206688,2.353152,0.245760,2.805600
1633,traditional,0.194272,2.628608,0.245760,3.068640
1634,traditional,0.199200,2.363392,0.245760,2.808352
1635,traditional,0.193504,2.676736,0.261120,3.131360
1636,traditional,0.225920,2.051072,0.254976,2.531968
1637,traditional,0.215136,2.011136,0.254976,2.481248
1638,traditional,0.206240,2.313216,0.250880,2.770336
1639,traditional,0.221984,2.022400,0.250880,2.495264
1640,traditional,0.209568,2.250752,0.250880,2.711200
1641,traditional,0.198496,2.429952,0.254976,2.883424
1642,traditional,0.204320,2.672640,0.258048,3.135008
1643,traditional,0.202368,2.286592,0.253952,2.742912
1644,traditional,0.212960,2.450432,0.254976,2.918368
1645,traditional,0.457376,2.448384,0.256000,3.161760
1646,traditional,0.208320,2.721792,0.250880,3.180992
1647,traditional,0.199968,2.710528,0.252928,3.163424
1648,traditional,0.202528,2.016256,0.251904,2.470688
1649,traditional,0.198464,2.366464,0.263168,2.828096
1650,traditional,0.196736,2.021376,0.251904,2.470016
1651,traditional,0.198304,2.441216,0.260096,2.899616
1652,traditional,0.203200,1.998848,0.250880,2.452928
1653,traditional,0.205600,1.998848,0.250880,2.455328
1654,traditional,0.212864,1.977344,0.247808,2.438016
1655,traditional,0.196640,1.950720,0.247808,2.395168
1656,traditional,0.210240,2.419712,0.251904,2.881856
1657,traditional,0.196416,2.684928,0.249856,3.131200
1658,traditional,0.214080,2.697216,0.253952,3.165248
1659,traditional,0.200704,2.217984,0.247808,2.666496
1660,traditional,0.220096,2.640896,0.254976,3.115968
1661,traditional,0.449856,2.397184,0.246784,3.093824
1662,traditional,0.217376,2.599936,0.248832,3.066144
1663,traditional,0.213344,2.229248,0.429056,2.871648
1664,traditional,0.208512,2.595840,0.250880,3.055232
1665,traditional,0.482368,2.385920,0.254976,3.123264
1666,traditional,0.198560,2.652160,0.245760,3.096480
1667,traditional,0.211904,2.052096,0.247808,2.511808
1668,traditional,0.211648,1.982464,0.247808,2.441920
1669,traditional,0.210912,1.959936,0.247808,2.418656
1670,traditional,0.197216,2.686976,0.254976,3.139168
1671,traditional,0.214144,2.660352,0.267264,3.141760
1672,traditional,0.196416,2.204672,0.247808,2.648896
1673,traditional,0.198272,2.683904,0.248832,3.131008
1674,traditional,0.224992,2.582528,0.249856,3.057376
1675,traditional,0.462880,2.416640,0.249856,3.129376
1676,traditional,0.440384,2.430976,0.252928,3.124288
1677,traditional,0.197632,1.966080,0.245760,2.409472
1678,traditional,0.194976,1.960960,0.245760,2.401696
1679,traditional,0.210912,1.993728,0.245760,2.450400
1680,traditional,0.202592,1.990656,0.245760,2.439008
1681,traditional,0.203968,1.951744,0.245760,2.401472
1682,traditional,0.206976,2.410496,0.257024,2.874496
1683,traditional,0.195968,2.445312,0.250880,2.892160
1684,traditional,0.204064,2.615296,0.249856,3.069216
1685,traditional,0.220864,2.709504,0.246784,3.177152
1686,traditional,0.216736,2.599936,0.245760,3.062432
1687,traditional,0.196544,2.388992,0.245760,2.831296
1688,traditional,0.193760,2.593792,0.253952,3.041504
1689,traditional,0.213440,2.568192,0.246784,3.028416
1690,traditional,0.459072,2.412544,0.246784,3.118400
1691,traditional,0.200544,1.981440,0.241664,2.423648
1692,traditional,0.210240,1.934336,0.241664,2.386240
1693,traditional,0.191968,2.378752,0.245760,2.816480
1694,traditional,0.195136,2.575360,0.247808,3.018304
1695,traditional,0.466304,2.358272,0.246784,3.071360
1696,traditional,0.217984,1.695744,0.214016,2.127744
1697,traditional,0.200768,1.732608,0.214016,2.147392
1698,traditional,0.193536,1.757184,0.214016,2.164736
1699,traditional,0.201120,1.723392,0.215040,2.139552
1700,traditional,0.178624,1.651712,0.206848,2.037184
1701,traditional,0.171104,1.627136,0.205824,2.004064
1702,traditional,0.167936,1.631232,0.205824,2.004992
1703,traditional,0.181504,1.634304,0.201728,2.017536
1704,traditional,0.165728,1.623040,0.200704,1.989472
1705,traditional,0.164864,1.813504,0.200704,2.179072
1706,traditional,0.164960,1.583104,0.200704,1.948768
1707,traditional,0.174368,1.589248,0.201728,1.965344
1708,traditional,0.190432,1.618944,0.200704,2.010080
1709,traditional,0.177248,1.592320,0.200704,1.970272
1710,traditional,0.163008,1.591296,0.202752,1.957056
1711,traditional,0.179648,1.601536,0.200704,1.981888
1712,traditional,0.178496,1.575936,0.200704,1.955136
1713,traditional,0.160448,1.593344,0.200704,1.954496
1714,traditional,0.174848,1.595392,0.200704,1.970944
1715,traditional,0.165568,1.587200,0.200704,1.953472
1716,traditional,0.163488,1.563648,0.199680,1.926816
1717,traditional,0.161280,1.598464,0.200704,1.960448
1718,traditional,0.175264,1.597440,0.200704,1.973408
1719,traditional,0.166496,1.582080,0.200704,1.949280
1720,traditional,0.177440,1.623040,0.200704,2.001184
1721,traditional,0.189280,1.628160,0.199680,2.017120
1722,traditional,0.186304,1.601536,0.200704,1.988544
1723,traditional,0.161088,1.588224,0.200704,1.950016
1724,traditional,0.163168,1.579008,0.200704,1.942880
1725,traditional,0.166080,1.559552,0.200704,1.926336
1726,traditional,0.186176,1.612800,0.200704,1.999680
1727,traditional,0.172320,1.590272,0.201728,1.964320
1728,traditional,0.162944,1.564672,0.200704,1.928320
1729,traditional,0.162272,1.821696,0.361472,2.345440
1730,traditional,0.180480,1.805312,0.204800,2.190592
1731,traditional,0.162528,2.249728,0.379904,2.792160
1732,traditional,0.310816,2.593792,0.212992,3.117600
1733,traditional,0.170656,1.978368,0.382976,2.532000
1734,traditional,0.184160,2.593792,0.378880,3.156832
1735,traditional,0.297824,3.412992,0.217088,3.927904
1736,traditional,0.387776,1.978368,0.204800,2.570944
1737,traditional,0.181376,2.662400,0.386048,3.229824
1738,traditional,0.303424,3.485696,0.204800,3.993920
1739,traditional,0.162688,2.258944,0.205824,2.627456
1740,traditional,0.310656,3.100672,0.379904,3.791232
1741,traditional,0.297312,2.335744,0.381952,3.015008
1742,traditional,0.176928,1.583104,0.202752,1.962784
1743,traditional,0.187616,1.591296,0.200704,1.979616
1744,traditional,0.181248,2.703360,0.400384,3.284992
1745,traditional,0.312640,3.226624,0.215040,3.754304
1746,traditional,0.386592,2.080768,0.215040,2.682400
1747,traditional,0.169216,1.972224,0.210944,2.352384
1748,traditional,0.194592,1.686528,0.210944,2.092064
1749,traditional,0.180384,1.674240,0.210944,2.065568
1750,traditional,0.188896,2.181120,0.399360,2.769376
1751,traditional,0.314016,3.652608,0.215040,4.181664
1752,traditional,0.175904,2.088960,0.423936,2.688800
1753,traditional,0.177888,1.899520,0.210944,2.288352
1754,traditional,0.188416,1.785856,0.230400,2.204672
1755,traditional,0.190496,1.755136,0.222208,2.167840
1756,traditional,0.190528,1.754112,0.225280,2.169920
1757,traditional,0.182656,1.784832,0.224256,2.191744
1758,traditional,0.177728,1.783808,0.224256,2.185792
1759,traditional,0.194176,1.809408,0.224256,2.227840
1760,traditional,0.195744,1.763328,0.221184,2.180256
1761,traditional,0.193440,1.735680,0.221184,2.150304
1762,traditional,0.190048,2.034688,0.221184,2.445920
1763,traditional,0.178464,2.014208,0.219136,2.411808
1764,traditional,0.174784,1.761280,0.219136,2.155200
1765,traditional,0.175936,2.103296,0.499712,2.778944
1766,traditional,0.177408,1.760256,0.220160,2.157824
1767,traditional,0.178048,1.760256,0.461824,2.400128
1768,traditional,0.203392,1.995776,0.221184,2.420352
1769,traditional,0.174944,2.174976,0.221184,2.571104
1770,traditional,0.184192,1.738752,0.217088,2.140032
1771,traditional,0.177024,2.401280,0.223232,2.801536
1772,traditional,0.189472,2.033664,0.389120,2.612256
1773,traditional,0.193088,2.191360,0.221184,2.605632
1774,traditional,0.205600,1.737728,0.215040,2.158368
1775,traditional,0.173920,1.746944,0.215040,2.135904
1776,traditional,0.172992,1.768448,0.227328,2.168768
1777,traditional,0.203744,1.909760,0.218112,2.331616
1778,traditional,0.176832,2.141184,0.222208,2.540224
1779,traditional,0.176640,1.950720,0.215040,2.342400
1780,traditional,0.178752,2.159616,0.219136,2.557504
1781,traditional,0.193792,1.734656,0.216064,2.144512
1782,traditional,0.198400,1.711104,0.216064,2.125568
1783,traditional,0.193184,1.728512,0.216064,2.137760
1784,traditional,0.189856,2.454528,0.413696,3.058080
1785,traditional,0.323776,3.551232,0.220160,4.095168
1786,traditional,0.185568,2.144256,0.416768,2.746592
1787,traditional,0.191776,1.750016,0.219136,2.160928
1788,traditional,0.175840,1.813504,0.218112,2.207456
1789,traditional,0.176480,1.975296,0.388096,2.539872
1790,traditional,0.180896,2.223104,0.223232,2.627232
1791,traditional,0.183040,2.169856,0.416768,2.769664
1792,traditional,0.194976,2.181120,0.433152,2.809248
1793,traditional,0.195232,1.777664,0.219136,2.192032
1794,traditional,0.190752,1.980416,0.226304,2.397472
1795,traditional,0.190496,2.184192,0.419840,2.794528
1796,traditional,0.222976,1.769472,0.222208,2.214656
1797,traditional,0.176544,1.748992,0.221184,2.146720
1798,traditional,0.208608,1.750016,0.221184,2.179808
1799,traditional,0.178272,1.742848,0.221184,2.142304
1800,traditional,0.177664,2.062336,0.502784,2.742784
1801,traditional,0.179936,1.762304,0.229376,2.171616
1802,traditional,0.192768,1.754112,0.221184,2.168064
1803,traditional,0.205792,1.783808,0.221184,2.210784
1804,traditional,0.180352,1.978368,0.380928,2.539648
1805,traditional,0.173632,1.920000,0.210944,2.304576
1806,traditional,0.171008,1.920000,0.211968,2.302976
1807,traditional,0.188960,1.665024,0.210944,2.064928
1808,traditional,0.171168,1.912832,0.393216,2.477216
1809,traditional,0.188512,1.906688,0.210944,2.306144
1810,traditional,0.176512,2.069504,0.216064,2.462080
1811,traditional,0.179712,2.083840,0.403456,2.667008
1812,traditional,0.174720,1.670144,0.211968,2.056832
1813,traditional,0.187616,1.669120,0.211968,2.068704
1814,traditional,0.185536,1.642496,0.211968,2.040000
1815,traditional,0.201344,1.662976,0.211968,2.076288
1816,traditional,0.189920,1.701888,0.218112,2.109920
1817,traditional,0.193632,1.758208,0.217088,2.168928
1818,traditional,0.190208,1.763328,0.218112,2.171648
1819,traditional,0.190976,1.722368,0.216064,2.129408
1820,traditional,0.202272,1.674240,0.216064,2.092576
1821,traditional,0.179232,1.675264,0.216064,2.070560
1822,traditional,0.206784,1.699840,0.217088,2.123712
1823,traditional,0.192160,1.693696,0.216064,2.101920
1824,traditional,0.174336,1.918976,0.387072,2.480384
1825,traditional,0.204160,2.095104,0.234496,2.533760
1826,traditional,0.178624,2.148352,0.416768,2.743744
1827,traditional,0.202176,2.146304,0.423936,2.772416
1828,traditional,0.192352,1.787904,0.219136,2.199392
1829,traditional,0.176384,1.709056,0.220160,2.105600
1830,traditional,0.180672,1.967104,0.393216,2.540992
1831,traditional,0.191072,1.979392,0.226304,2.396768
1832,traditional,0.194304,1.751040,0.219136,2.164480
1833,traditional,0.181600,1.703936,0.219136,2.104672
1834,traditional,0.197216,1.734656,0.225280,2.157152
1835,traditional,0.205312,1.724416,0.219136,2.148864
1836,traditional,0.207904,1.755136,0.219136,2.182176
1837,traditional,0.174784,2.165760,0.227328,2.567872
1838,traditional,0.202848,1.926144,0.222208,2.351200
1839,traditional,0.175936,1.938432,0.221184,2.335552
1840,traditional,0.178496,1.737728,0.217088,2.133312
1841,traditional,0.179488,2.270208,0.217088,2.666784
1842,traditional,0.197760,1.934336,0.233472,2.365568
1843,traditional,0.188960,1.701888,0.218112,2.108960
1844,traditional,0.189408,1.740800,0.221184,2.151392
1845,traditional,0.192704,1.756160,0.220160,2.169024
1846,traditional,0.178272,1.728512,0.221184,2.127968
1847,traditional,0.192800,1.732608,0.221184,2.146592
1848,traditional,0.186944,1.789952,0.220160,2.197056
1849,traditional,0.176960,1.744896,0.220160,2.142016
1850,traditional,0.197952,1.748992,0.219136,2.166080
1851,traditional,0.186656,1.733632,0.223232,2.143520
1852,traditional,0.191712,1.753088,0.220160,2.164960
1853,traditional,0.188992,1.753088,0.219136,2.161216
1854,traditional,0.213824,1.769472,0.219136,2.202432
1855,traditional,0.193632,1.753088,0.219136,2.165856
1856,traditional,0.204128,1.742848,0.219136,2.166112
1857,traditional,0.202848,1.782784,0.219136,2.204768
1858,traditional,0.191840,1.738752,0.236544,2.167136
1859,traditional,0.187456,1.714176,0.220160,2.121792
1860,traditional,0.180384,1.718272,0.226304,2.124960
1861,traditional,0.180448,1.739776,0.219136,2.139360
1862,traditional,0.178272,1.788928,0.219136,2.186336
1863,traditional,0.177280,1.735680,0.219136,2.132096
1864,traditional,0.180896,1.732608,0.219136,2.132640
1865,traditional,0.176064,1.747968,0.225280,2.149312
1866,traditional,0.190272,1.779712,0.219136,2.189120
1867,traditional,0.176192,1.725440,0.220160,2.121792
1868,traditional,0.202368,1.692672,0.212992,2.108032
1869,traditional,0.186976,1.707008,0.212992,2.106976
1870,traditional,0.173280,1.677312,0.211968,2.062560
1871,traditional,0.171456,1.727488,0.227328,2.126272
1872,traditional,0.175040,1.735680,0.212992,2.123712
1873,traditional,0.173696,1.694720,0.212992,2.081408
1874,traditional,0.173760,1.672192,0.212992,2.058944
1875,traditional,0.177280,1.709056,0.214016,2.100352
1876,traditional,0.175424,1.671168,0.211968,2.058560
1877,traditional,0.174112,1.701888,0.212992,2.088992
1878,traditional,0.188480,1.690624,0.212992,2.092096
1879,traditional,0.172800,1.712128,0.217088,2.102016
1880,traditional,0.175808,1.735680,0.221184,2.132672
1881,traditional,0.178048,1.719296,0.218112,2.115456
1882,traditional,0.188576,1.745920,0.216064,2.150560
1883,traditional,0.187040,2.344960,0.220160,2.752160
1884,traditional,0.188768,1.724416,0.215040,2.128224
1885,traditional,0.189216,1.778688,0.215040,2.182944
1886,traditional,0.173952,1.711104,0.215040,2.100096
1887,traditional,0.173632,1.713152,0.215040,2.101824
1888,traditional,0.205920,1.717248,0.215040,2.138208
1889,traditional,0.192640,1.782784,0.215040,2.190464
1890,traditional,0.174976,1.691648,0.216064,2.082688
1891,traditional,0.203264,1.758208,0.215040,2.176512
1892,traditional,0.201792,1.693696,0.214016,2.109504
1893,traditional,0.190112,1.723392,0.212992,2.126496
1894,traditional,0.186240,1.730560,0.214016,2.130816
1895,traditional,0.200704,1.718272,0.212992,2.131968
1896,traditional,0.192064,1.751040,0.214016,2.157120
1897,traditional,0.189632,1.734656,0.214016,2.138304
1898,traditional,0.203488,1.718272,0.212992,2.134752
1899,traditional,0.170720,1.707008,0.216064,2.093792
1900,traditional,0.183168,1.702912,0.216064,2.102144
1901,traditional,0.179392,1.764352,0.216064,2.159808
1902,traditional,0.199712,1.730560,0.218112,2.148384
1903,traditional,0.188448,1.757184,0.216064,2.161696
1904,traditional,0.189728,1.718272,0.217088,2.125088
1905,traditional,0.194656,1.746944,0.214016,2.155616
1906,traditional,0.191776,1.674240,0.214016,2.080032
1907,traditional,0.190656,1.681408,0.212992,2.085056
1908,traditional,0.187264,1.728512,0.214016,2.129792
1909,traditional,0.179904,1.696768,0.214016,2.090688
1910,traditional,0.174912,1.700864,0.212992,2.088768
1911,traditional,0.198592,1.736704,0.215040,2.150336
1912,traditional,0.184320,1.720320,0.216064,2.120704
1913,traditional,0.191744,1.733632,0.216064,2.141440
1914,traditional,0.198016,1.759232,0.217088,2.174336
1915,traditional,0.200192,1.763328,0.217088,2.180608
1916,traditional,0.180928,2.139136,0.408576,2.728640
1917,traditional,0.177056,1.950720,0.216064,2.343840
1918,traditional,0.173632,2.864128,0.412672,3.450432
1919,traditional,0.335712,3.141632,0.220160,3.697504
1920,traditional,0.201216,1.718272,0.215040,2.134528
1921,traditional,0.179744,1.709056,0.216064,2.104864
1922,traditional,0.174656,1.728512,0.216064,2.119232
1923,traditional,0.177184,1.720320,0.218112,2.115616
1924,traditional,0.178144,1.715200,0.217088,2.110432
1925,traditional,0.176288,1.701888,0.218112,2.096288
1926,traditional,0.191200,1.745920,0.221184,2.158304
1927,traditional,0.178976,1.761280,0.220160,2.160416
1928,traditional,0.178080,2.359296,0.222208,2.759584
1929,traditional,0.202208,1.772544,0.215040,2.189792
1930,traditional,0.177312,1.680384,0.214016,2.071712
1931,traditional,0.189312,1.701888,0.215040,2.106240
1932,traditional,0.176800,1.741824,0.214016,2.132640
1933,traditional,0.172768,1.679360,0.215040,2.067168
1934,traditional,0.175328,1.692672,0.216064,2.084064
1935,traditional,0.199264,1.724416,0.214016,2.137696
1936,traditional,0.201216,1.697792,0.215040,2.114048
1937,traditional,0.187584,1.709056,0.215040,2.111680
1938,traditional,0.177408,1.707008,0.216064,2.100480
1939,traditional,0.180736,1.680384,0.214016,2.075136
1940,traditional,0.187584,2.274304,0.406528,2.868416
1941,traditional,0.320320,3.714048,0.218112,4.252480
1942,traditional,0.182560,2.076672,0.405504,2.664736
1943,traditional,0.194656,1.783808,0.225280,2.203744
1944,traditional,0.206144,1.810432,0.224256,2.240832
1945,traditional,0.192384,1.806336,0.470016,2.468736
1946,traditional,0.198368,2.096128,0.228352,2.522848
1947,traditional,0.195936,1.833984,0.235520,2.265440
1948,traditional,0.193920,1.850368,0.238592,2.282880
1949,traditional,0.213984,1.870848,0.235520,2.320352
1950,traditional,0.202944,1.868800,0.235520,2.307264
1951,traditional,0.210688,1.864704,0.235520,2.310912
1952,traditional,0.203136,1.868800,0.235520,2.307456
1953,traditional,0.207168,1.909760,0.235520,2.352448
1954,traditional,0.202912,1.896448,0.232448,2.331808
1955,traditional,0.203712,1.892352,0.232448,2.328512
1956,traditional,0.203808,1.861632,0.233472,2.298912
1957,traditional,0.200224,1.895424,0.233472,2.329120
1958,traditional,0.190816,2.077696,0.233472,2.501984
1959,traditional,0.188832,1.862656,0.233472,2.284960
1960,traditional,0.189632,2.490368,0.237568,2.917568
1961,traditional,0.193280,2.120704,0.232448,2.546432
1962,traditional,0.185312,1.823744,0.233472,2.242528
1963,traditional,0.200032,1.860608,0.232448,2.293088
1964,traditional,0.196896,1.879040,0.232448,2.308384
1965,traditional,0.186496,1.844224,0.232448,2.263168
1966,traditional,0.200768,1.876992,0.232448,2.310208
1967,traditional,0.182720,1.797120,0.229376,2.209216
1968,traditional,0.198624,1.822720,0.229376,2.250720
1969,traditional,0.184544,2.056192,0.228352,2.469088
1970,traditional,0.201440,1.847296,0.228352,2.277088
1971,traditional,0.191264,1.823744,0.229376,2.244384
1972,traditional,0.198592,1.811456,0.227328,2.237376
1973,traditional,0.194304,1.813504,0.227328,2.235136
1974,traditional,0.195392,1.804288,0.228352,2.228032
1975,traditional,0.200480,1.852416,0.227328,2.280224
1976,traditional,0.221088,1.858560,0.227328,2.306976
1977,traditional,0.196928,1.819648,0.228352,2.244928
1978,traditional,0.185600,1.820672,0.474112,2.480384
1979,traditional,0.193760,2.214912,0.229376,2.638048
1980,traditional,0.186272,2.077696,0.227328,2.491296
1981,traditional,0.181664,2.058240,0.402432,2.642336
1982,traditional,0.197952,2.278400,0.229376,2.705728
1983,traditional,0.185664,2.258944,0.409600,2.854208
1984,traditional,0.196832,2.475008,0.230400,2.902240
1985,traditional,0.460160,2.294784,0.235520,2.990464
1986,traditional,0.195328,2.086912,0.231424,2.513664
1987,traditional,0.186400,2.084864,0.230400,2.501664
1988,traditional,0.189056,2.482176,0.235520,2.906752
1989,traditional,0.185088,2.255872,0.234496,2.675456
1990,traditional,0.186816,2.449408,0.238592,2.874816
1991,traditional,0.210080,1.850368,0.231424,2.291872
1992,traditional,0.206176,1.829888,0.230400,2.266464
1993,traditional,0.185152,2.106368,0.231424,2.522944
1994,traditional,0.206080,2.098176,0.409600,2.713856
1995,traditional,0.222400,2.108416,0.234496,2.565312
1996,traditional,0.184832,1.863680,0.230400,2.278912
1997,traditional,0.184160,2.263040,0.237568,2.684768
1998,traditional,0.211488,2.512896,0.240640,2.965024
1999,traditional,0.184064,2.083840,0.230400,2.498304
2000,traditional,0.190368,1.832960,0.230400,2.253728
2001,traditional,0.199968,1.861632,0.230400,2.292000
2002,traditional,0.201952,1.837056,0.230400,2.269408
2003,traditional,0.184960,2.285568,0.234496,2.705024
2004,traditional,0.185312,2.487296,0.238592,2.911200
2005,traditional,0.205440,2.160640,0.396288,2.762368
2006,traditional,0.183200,1.886208,0.207872,2.277280
2007,traditional,0.167488,1.675264,0.207872,2.050624
2008,traditional,0.196288,1.669120,0.207872,2.073280
2009,traditional,0.183104,1.692672,0.209920,2.085696
2010,traditional,0.200288,1.708032,0.208896,2.117216
2011,traditional,0.180480,1.641472,0.211968,2.033920
2012,traditional,0.182656,1.619968,0.206848,2.009472
2013,traditional,0.167136,2.003968,0.209920,2.381024
2014,traditional,0.182560,1.643520,0.207872,2.033952
2015,traditional,0.171616,1.643520,0.209920,2.025056
2016,traditional,0.166880,2.786304,0.392192,3.345376
2017,traditional,0.608192,2.775040,0.205824,3.589056
2018,traditional,0.176800,1.617920,0.202752,1.997472
2019,traditional,0.181184,1.636352,0.202752,2.020288
2020,traditional,0.175040,1.592320,0.201728,1.969088
2021,traditional,0.169504,1.642496,0.202752,2.014752
2022,traditional,0.176416,1.602560,0.201728,1.980704
2023,traditional,0.167936,2.828288,0.385024,3.381248
2024,traditional,0.314240,2.607104,0.201728,3.123072
2025,traditional,0.164672,1.601536,0.202752,1.968960
2026,traditional,0.176640,1.613824,0.202752,1.993216
2027,traditional,0.179232,2.442240,0.385024,3.006496
2028,traditional,0.584416,3.091456,0.205824,3.881696
2029,traditional,0.180032,1.592320,0.199680,1.972032
2030,traditional,0.217856,3.092480,0.379904,3.690240
2031,traditional,0.298080,2.966528,0.204800,3.469408
2032,traditional,0.388512,2.019328,0.204800,2.612640
2033,traditional,0.183200,1.584128,0.200704,1.968032
2034,traditional,0.192672,2.422784,0.388096,3.003552
2035,traditional,0.603008,3.165184,0.208896,3.977088
2036,traditional,0.180640,2.225152,0.210944,2.616736
2037,traditional,0.165504,3.002368,0.387072,3.554944
2038,traditional,0.304800,2.832384,0.368640,3.505824
2039,traditional,0.165280,2.147328,0.389120,2.701728
2040,traditional,0.168576,3.165184,0.393216,3.726976
2041,traditional,0.595648,2.921472,0.211968,3.729088
2042,traditional,0.184160,1.690624,0.207872,2.082656
2043,traditional,0.319520,3.829760,0.393216,4.542496
2044,traditional,0.309408,2.177024,0.406528,2.892960
2045,traditional,0.222400,1.901568,0.216064,2.340032
2046,traditional,0.185184,1.668096,0.212992,2.066272
2047,traditional,0.170624,1.964032,0.373760,2.508416
2048,traditional,0.184416,1.954816,0.211968,2.351200
2049,traditional,0.198912,1.683456,0.211968,2.094336
2050,traditional,0.174528,2.899968,0.401408,3.475904
2051,traditional,0.598944,2.712576,0.215040,3.526560
2052,traditional,0.179296,2.054144,0.397312,2.630752
2053,traditional,0.181920,2.062336,0.398336,2.642592
2054,traditional,0.191712,1.669120,0.208896,2.069728
2055,traditional,0.187744,3.997696,0.637952,4.823392
2056,traditional,0.172928,1.704960,0.207872,2.085760
2057,traditional,0.170720,1.661952,0.208896,2.041568
2058,traditional,0.180928,1.893376,0.208896,2.283200
2059,traditional,0.172320,1.653760,0.208896,2.034976
2060,traditional,0.167360,2.902016,0.395264,3.464640
2061,traditional,0.309440,3.010560,0.212992,3.532992
2062,traditional,0.168064,2.064384,0.401408,2.633856
2063,traditional,0.169280,1.871872,0.208896,2.250048
2064,traditional,0.183136,1.854464,0.245760,2.283360
2065,traditional,0.206432,2.638848,0.252928,3.098208
2066,traditional,0.210048,2.373632,0.249856,2.833536
2067,traditional,0.197632,2.365440,0.248832,2.811904
2068,traditional,0.198496,2.618368,0.250880,3.067744
2069,traditional,0.219104,1.938432,0.243712,2.401248
2070,traditional,0.202720,1.966080,0.243712,2.412512
2071,traditional,0.192192,2.367488,0.247808,2.807488
2072,traditional,0.205792,2.393088,0.251904,2.850784
2073,traditional,0.194368,2.420736,0.246784,2.861888
2074,traditional,0.200800,1.948672,0.243712,2.393184
2075,traditional,0.220512,2.266112,0.247808,2.734432
2076,traditional,0.212736,1.955840,0.246784,2.415360
2077,traditional,0.218528,1.958912,0.246784,2.424224
2078,traditional,0.208160,2.437120,0.250880,2.896160
2079,traditional,0.199936,2.657280,0.250880,3.108096
2080,traditional,0.218464,2.673664,0.252928,3.145056
2081,traditional,0.210432,2.668544,0.252928,3.131904
2082,traditional,0.207008,2.598912,0.252928,3.058848
2083,traditional,0.466592,2.386944,0.249856,3.103392
2084,traditional,0.212992,2.008064,0.245760,2.466816
2085,traditional,0.207744,1.953792,0.245760,2.407296
2086,traditional,0.193056,2.228224,0.248832,2.670112
2087,traditional,0.207200,2.214912,0.244736,2.666848
2088,traditional,0.211488,1.992704,0.244736,2.448928
2089,traditional,0.218976,1.956864,0.244736,2.420576
2090,traditional,0.207680,2.420736,0.248832,2.877248
2091,traditional,0.194144,2.196480,0.245760,2.636384
2092,traditional,0.194080,1.939456,0.245760,2.379296
2093,traditional,0.207552,1.992704,0.245760,2.446016
2094,traditional,0.196992,1.938432,0.248832,2.384256
2095,traditional,0.212704,1.993728,0.245760,2.452192
2096,traditional,0.207392,2.172928,0.244736,2.625056
2097,traditional,0.213856,2.394112,0.257024,2.864992
2098,traditional,0.197536,2.651136,0.248832,3.097504
2099,traditional,0.198368,2.440192,0.248832,2.887392
2100,traditional,0.200896,2.619392,0.249856,3.070144
