frame,renderPath,shadowMs,sceneMs,postProcessMs,frameMs
1,traditional,0.184800,1.745920,0.222208,2.152928
2,traditional,0.191680,1.777664,0.225280,2.194624
3,traditional,0.178080,1.758208,0.225280,2.161568
4,traditional,0.188288,2.152448,0.230400,2.571136
5,traditional,0.177600,1.723392,0.222208,2.123200
6,traditional,0.177920,1.743872,0.224256,2.146048
7,traditional,0.181984,1.784832,0.576512,2.543328
8,traditional,0.180192,1.742848,0.222208,2.145248
9,traditional,0.178816,1.750016,0.222208,2.151040
10,traditional,0.190976,1.748992,0.221184,2.161152
11,traditional,0.183680,1.724416,0.221184,2.129280
12,traditional,0.176416,1.701888,0.221184,2.099488
13,traditional,0.177472,1.745920,0.234496,2.157888
14,traditional,0.177728,1.718272,0.221184,2.117184
15,traditional,0.175872,1.722368,0.221184,2.119424
16,traditional,0.175776,1.723392,0.220160,2.119328
17,traditional,0.203264,1.757184,0.220160,2.180608
18,traditional,0.178240,2.334720,0.249856,2.762816
19,traditional,0.178400,1.700864,0.221184,2.100448
20,traditional,0.180736,1.771520,0.220160,2.172416
21,traditional,0.191328,1.993728,0.226304,2.411360
22,traditional,0.189184,1.762304,0.221184,2.172672
23,traditional,0.176288,2.129920,0.225280,2.531488
24,traditional,0.178464,1.748992,0.221184,2.148640
25,traditional,0.176544,1.714176,0.221184,2.111904
26,traditional,0.193280,1.767424,0.221184,2.181888
27,traditional,0.177728,1.713152,0.222208,2.113088
28,traditional,0.176320,1.705984,0.221184,2.103488
29,traditional,0.177056,1.759232,0.221184,2.157472
30,traditional,0.176384,1.720320,0.224256,2.120960
31,traditional,0.185568,1.696768,0.221184,2.103520
32,traditional,0.177632,1.715200,0.224256,2.117088
33,traditional,0.189536,1.724416,0.221184,2.135136
34,traditional,0.179328,1.727488,0.221184,2.128000
35,traditional,0.176096,1.720320,0.221184,2.117600
36,traditional,0.188448,1.703936,0.222208,2.114592
37,traditional,0.180032,1.734656,0.222208,2.136896
38,traditional,0.188608,1.700864,0.221184,2.110656
39,traditional,0.203232,1.724416,0.221184,2.148832
40,traditional,0.178144,1.738752,0.221184,2.138080
41,traditional,0.186496,1.719296,0.223232,2.129024
42,traditional,0.192928,1.772544,0.231424,2.196896
43,traditional,0.187680,2.393088,0.242688,2.823456
44,traditional,0.190432,1.771520,0.221184,2.183136
45,traditional,0.190080,1.739776,0.221184,2.151040
46,traditional,0.190080,1.732608,0.232448,2.155136
47,traditional,0.191072,1.704960,0.221184,2.117216
48,traditional,0.204096,1.798144,0.221184,2.223424
49,traditional,0.191616,1.733632,0.222208,2.147456
50,traditional,0.177184,1.727488,0.221184,2.125856
51,traditional,0.189792,1.728512,0.221184,2.139488
52,traditional,0.179136,1.717248,0.221184,2.117568
53,traditional,0.176032,1.713152,0.221184,2.110368
54,traditional,0.181184,1.709056,0.221184,2.111424
55,traditional,0.177280,1.714176,0.221184,2.112640
56,traditional,0.179968,1.759232,0.221184,2.160384
57,traditional,0.182112,1.707008,0.221184,2.110304
58,traditional,0.180064,1.984512,0.390144,2.554720
59,traditional,0.198912,1.724416,0.221184,2.144512
60,traditional,0.176800,2.138112,0.229376,2.544288
61,traditional,0.192192,2.147328,0.226304,2.565824
62,traditional,0.183136,1.724416,0.222208,2.129760
63,traditional,0.191936,1.709056,0.221184,2.122176
64,traditional,0.178656,1.757184,0.222208,2.158048
65,traditional,0.190816,1.687552,0.199680,2.078048
66,traditional,0.164704,1.842176,0.358400,2.365280
67,traditional,0.168416,1.555456,0.199680,1.923552
68,traditional,0.172544,1.552384,0.199680,1.924608
69,traditional,0.163712,1.532928,0.199680,1.896320
70,traditional,0.163168,1.546240,0.203776,1.913184
71,traditional,0.164480,1.564672,0.200704,1.929856
72,traditional,0.174688,1.595392,0.199680,1.969760
73,traditional,0.166624,1.553408,0.199680,1.919712
74,traditional,0.165696,1.565696,0.199680,1.931072
75,traditional,0.180320,1.541120,0.199680,1.921120
76,traditional,0.159872,1.559552,0.200704,1.920128
77,traditional,0.176096,1.549312,0.199680,1.925088
78,traditional,0.164864,1.554432,0.199680,1.918976
79,traditional,0.161664,1.541120,0.200704,1.903488
80,traditional,0.161632,1.560576,0.199680,1.921888
81,traditional,0.166176,1.953792,0.380928,2.500896
82,traditional,0.180416,1.577984,0.199680,1.958080
83,traditional,0.162848,1.534976,0.200704,1.898528
84,traditional,0.165984,1.527808,0.199680,1.893472
85,traditional,0.163680,1.542144,0.199680,1.905504
86,traditional,0.168064,1.518592,0.199680,1.886336
87,traditional,0.185152,1.547264,0.198656,1.931072
88,traditional,0.160096,1.524736,0.198656,1.883488
89,traditional,0.161440,1.588224,0.199680,1.949344
90,traditional,0.164192,1.552384,0.199680,1.916256
91,traditional,0.169952,1.569792,0.198656,1.938400
92,traditional,0.165952,1.549312,0.202752,1.918016
93,traditional,0.163968,1.562624,0.202752,1.929344
94,traditional,0.163104,1.539072,0.199680,1.901856
95,traditional,0.167776,1.563648,0.198656,1.930080
96,traditional,0.159904,1.549312,0.199680,1.908896
97,traditional,0.170976,1.544192,0.199680,1.914848
98,traditional,0.161280,1.538048,0.199680,1.899008
99,traditional,0.174720,1.548288,0.199680,1.922688
100,traditional,0.161984,1.812480,0.358400,2.332864
101,traditional,0.180032,1.558528,0.198656,1.937216
102,traditional,0.164064,1.541120,0.199680,1.904864
103,traditional,0.171456,1.550336,0.198656,1.920448
104,traditional,0.165600,1.542144,0.199680,1.907424
105,traditional,0.164128,1.531904,0.198656,1.894688
106,traditional,0.162432,1.581056,0.199680,1.943168
107,traditional,0.160160,1.554432,0.198656,1.913248
108,traditional,0.161440,1.566720,0.198656,1.926816
109,traditional,0.164800,1.544192,0.198656,1.907648
110,traditional,0.167488,1.540096,0.198656,1.906240
111,traditional,0.161760,1.542144,0.199680,1.903584
112,traditional,0.162336,1.526784,0.199680,1.888800
113,traditional,0.160128,1.528832,0.199680,1.888640
114,traditional,0.175904,1.534976,0.198656,1.909536
115,traditional,0.162528,1.527808,0.198656,1.888992
116,traditional,0.161504,1.523712,0.199680,1.884896
117,traditional,0.177408,1.533952,0.199680,1.911040
118,traditional,0.164704,1.528832,0.199680,1.893216
119,traditional,0.162336,1.552384,0.199680,1.914400
120,traditional,0.161856,1.795072,0.359424,2.316352
121,traditional,0.192032,1.544192,0.199680,1.935904
122,traditional,0.181856,1.583104,0.199680,1.964640
123,traditional,0.173440,1.800192,0.204800,2.178432
124,traditional,0.177888,1.566720,0.198656,1.943264
125,traditional,0.160640,1.536000,0.199680,1.896320
126,traditional,0.160736,1.526784,0.199680,1.887200
127,traditional,0.177664,1.764352,0.204800,2.146816
128,traditional,0.162464,1.536000,0.199680,1.898144
129,traditional,0.160768,1.530880,0.198656,1.890304
130,traditional,0.162848,1.550336,0.199680,1.912864
131,traditional,0.180448,1.807360,0.202752,2.190560
132,traditional,0.167104,1.628160,0.199680,1.994944
133,traditional,0.178848,1.563648,0.199680,1.942176
134,traditional,0.161888,1.582080,0.199680,1.943648
135,traditional,0.159872,1.971200,0.379904,2.510976
136,traditional,0.172448,1.543168,0.198656,1.914272
137,traditional,0.173312,1.586176,0.199680,1.959168
138,traditional,0.162752,1.547264,0.199680,1.909696
139,traditional,0.170848,1.556480,0.201728,1.929056
140,traditional,0.162848,1.561600,0.199680,1.924128
141,traditional,0.173696,1.525760,0.198656,1.898112
142,traditional,0.166304,1.571840,0.198656,1.936800
143,traditional,0.165600,1.544192,0.198656,1.908448
144,traditional,0.160384,1.545216,0.199680,1.905280
145,traditional,0.161376,1.547264,0.198656,1.907296
146,traditional,0.162624,1.533952,0.198656,1.895232
147,traditional,0.159936,1.560576,0.199680,1.920192
148,traditional,0.161696,1.526784,0.199680,1.888160
149,traditional,0.161248,1.581056,0.199680,1.941984
150,traditional,0.171136,1.573888,0.199680,1.944704
151,traditional,0.174080,1.573888,0.198656,1.946624
152,traditional,0.166944,1.575936,0.198656,1.941536
153,traditional,0.161440,1.548288,0.199680,1.909408
154,traditional,0.160672,1.574912,0.199680,1.935264
155,traditional,0.161056,1.528832,0.202752,1.892640
156,traditional,0.173472,1.554432,0.199680,1.927584
157,traditional,0.185280,1.588224,0.199680,1.973184
158,traditional,0.173216,1.560576,0.199680,1.933472
159,traditional,0.159776,1.558528,0.199680,1.917984
160,traditional,0.172960,1.570816,0.212992,1.956768
161,traditional,0.160352,1.556480,0.207872,1.924704
162,traditional,0.160992,1.566720,0.198656,1.926368
163,traditional,0.161024,1.540096,0.200704,1.901824
164,traditional,0.186112,1.526784,0.210944,1.923840
165,traditional,0.162432,1.545216,0.198656,1.906304
166,traditional,0.163296,1.566720,0.199680,1.929696
167,traditional,0.176128,1.559552,0.199680,1.935360
168,traditional,0.167168,1.557504,0.199680,1.924352
169,traditional,0.197472,1.552384,0.198656,1.948512
170,traditional,0.167168,1.549312,0.199680,1.916160
171,traditional,0.160576,1.538048,0.198656,1.897280
172,traditional,0.160736,1.551360,0.199680,1.911776
173,traditional,0.181984,1.598464,0.199680,1.980128
174,traditional,0.162432,1.541120,0.199680,1.903232
175,traditional,0.161216,1.567744,0.199680,1.928640
176,traditional,0.162848,1.537024,0.199680,1.899552
177,traditional,0.162464,1.528832,0.198656,1.889952
178,traditional,0.164160,1.821696,0.362496,2.348352
179,traditional,0.178656,1.559552,0.199680,1.937888
180,traditional,0.163136,1.612800,0.198656,1.974592
181,traditional,0.163232,1.546240,0.199680,1.909152
182,traditional,0.179424,1.789952,0.200704,2.170080
183,traditional,0.162752,1.544192,0.208896,1.915840
184,traditional,0.162880,1.569792,0.199680,1.932352
185,traditional,0.160576,1.884160,0.216064,2.260800
186,traditional,0.178720,1.549312,0.198656,1.926688
187,traditional,0.163072,1.529856,0.200704,1.893632
188,traditional,0.161536,1.557504,0.199680,1.918720
189,traditional,0.160576,1.551360,0.199680,1.911616
190,traditional,0.160800,1.563648,0.199680,1.924128
191,traditional,0.161184,1.795072,0.359424,2.315680
192,traditional,0.187360,1.579008,0.199680,1.966048
193,traditional,0.164768,1.554432,0.200704,1.919904
194,traditional,0.160768,1.566720,0.211968,1.939456
195,traditional,0.163072,1.555456,0.199680,1.918208
196,traditional,0.160704,1.571840,0.199680,1.932224
197,traditional,0.163616,1.528832,0.199680,1.892128
198,traditional,0.162656,1.527808,0.199680,1.890144
199,traditional,0.162176,1.529856,0.199680,1.891712
200,traditional,0.162560,1.534976,0.198656,1.896192
201,traditional,0.162336,1.523712,0.199680,1.885728
202,traditional,0.162368,1.538048,0.199680,1.900096
203,traditional,0.162336,1.529856,0.198656,1.890848
204,traditional,0.173152,1.530880,0.198656,1.902688
205,traditional,0.164320,1.529856,0.199680,1.893856
206,traditional,0.160672,1.582080,0.199680,1.942432
207,traditional,0.172096,1.554432,0.199680,1.926208
208,traditional,0.164032,1.554432,0.198656,1.917120
209,traditional,0.161760,1.558528,0.199680,1.919968
210,traditional,0.177472,1.562624,0.199680,1.939776
211,traditional,0.160800,1.524736,0.198656,1.884192
212,traditional,0.187680,1.542144,0.199680,1.929504
213,traditional,0.164544,2.006016,0.203776,2.374336
214,traditional,0.161152,1.521664,0.198656,1.881472
215,traditional,0.166464,1.538048,0.199680,1.904192
216,traditional,0.161568,1.567744,0.199680,1.928992
217,traditional,0.163872,1.559552,0.200704,1.924128
218,traditional,0.161696,1.592320,0.199680,1.953696
219,traditional,0.167808,1.570816,0.200704,1.939328
220,traditional,0.162048,1.572864,0.200704,1.935616
221,traditional,0.166496,1.546240,0.199680,1.912416
222,traditional,0.173280,1.767424,0.200704,2.141408
223,traditional,0.162816,1.559552,0.200704,1.923072
224,traditional,0.165632,1.546240,0.199680,1.911552
225,traditional,0.164032,1.800192,0.361472,2.325696
226,traditional,0.164416,1.571840,0.200704,1.936960
227,traditional,0.161280,1.580032,0.200704,1.942016
228,traditional,0.164192,1.544192,0.199680,1.908064
229,traditional,0.160832,1.557504,0.200704,1.919040
230,traditional,0.161824,1.537024,0.200704,1.899552
231,traditional,0.160832,1.550336,0.199680,1.910848
232,traditional,0.162336,1.549312,0.200704,1.912352
233,traditional,0.165024,1.558528,0.199680,1.923232
234,traditional,0.173632,1.558528,0.200704,1.932864
235,traditional,0.162112,1.533952,0.200704,1.896768
236,traditional,0.161312,1.533952,0.200704,1.895968
237,traditional,0.161728,1.554432,0.200704,1.916864
238,traditional,0.163808,1.786880,0.359424,2.310112
239,traditional,0.178560,1.581056,0.200704,1.960320
240,traditional,0.180480,1.575936,0.200704,1.957120
241,traditional,0.171648,1.570816,0.199680,1.942144
242,traditional,0.163392,1.752064,0.200704,2.116160
243,traditional,0.161824,1.553408,0.199680,1.914912
244,traditional,0.161344,1.575936,0.200704,1.937984
245,traditional,0.163168,1.532928,0.200704,1.896800
246,traditional,0.173120,1.563648,0.200704,1.937472
247,traditional,0.160672,1.545216,0.199680,1.905568
248,traditional,0.176640,1.548288,0.200704,1.925632
249,traditional,0.160672,1.555456,0.199680,1.915808
250,traditional,0.172672,1.582080,0.199680,1.954432
251,traditional,0.164352,1.564672,0.200704,1.929728
252,traditional,0.174528,1.541120,0.200704,1.916352
253,traditional,0.164704,1.556480,0.199680,1.920864
254,traditional,0.170176,1.538048,0.200704,1.908928
255,traditional,0.176640,1.594368,0.204800,1.975808
256,traditional,0.167552,1.551360,0.199680,1.918592
257,traditional,0.162816,1.540096,0.200704,1.903616
258,traditional,0.163488,1.555456,0.200704,1.919648
259,traditional,0.172928,1.553408,0.202752,1.929088
260,traditional,0.162048,1.869824,0.216064,2.247936
261,traditional,0.178112,1.537024,0.211968,1.927104
262,traditional,0.178336,1.564672,0.200704,1.943712
263,traditional,0.178912,1.565696,0.200704,1.945312
264,traditional,0.179072,1.570816,0.204800,1.954688
265,traditional,0.164640,1.563648,0.199680,1.927968
266,traditional,0.168768,1.787904,0.369664,2.326336
267,traditional,0.177728,1.559552,0.200704,1.937984
268,traditional,0.162336,1.532928,0.200704,1.895968
269,traditional,0.174656,1.539072,0.200704,1.914432
270,traditional,0.160960,1.799168,0.205824,2.165952
271,traditional,0.162272,1.785856,0.199680,2.147808
272,traditional,0.188512,1.581056,0.199680,1.969248
273,traditional,0.161088,1.542144,0.199680,1.902912
274,traditional,0.175776,1.803264,0.200704,2.179744
275,traditional,0.173312,1.609728,0.199680,1.982720
276,traditional,0.172928,1.548288,0.200704,1.921920
277,traditional,0.166880,1.557504,0.200704,1.925088
278,traditional,0.164576,1.566720,0.200704,1.932000
279,traditional,0.163776,1.555456,0.199680,1.918912
280,traditional,0.172128,1.564672,0.200704,1.937504
281,traditional,0.172640,1.551360,0.199680,1.923680
282,traditional,0.161376,1.539072,0.199680,1.900128
283,traditional,0.178816,1.555456,0.199680,1.933952
284,traditional,0.173056,1.544192,0.199680,1.916928
285,traditional,0.174528,1.552384,0.199680,1.926592
286,traditional,0.172000,2.181120,0.386048,2.739168
287,traditional,0.160320,1.627136,0.203776,1.991232
288,traditional,0.175808,1.569792,0.199680,1.945280
289,traditional,0.188384,1.817600,0.203776,2.209760
290,traditional,0.160672,1.544192,0.200704,1.905568
291,traditional,0.162688,1.594368,0.200704,1.957760
292,traditional,0.163904,1.541120,0.200704,1.905728
293,traditional,0.166848,1.559552,0.199680,1.926080
294,traditional,0.164992,1.554432,0.200704,1.920128
295,traditional,0.164096,1.548288,0.199680,1.912064
296,traditional,0.161216,1.570816,0.199680,1.931712
297,traditional,0.163424,1.550336,0.199680,1.913440
298,traditional,0.165408,1.549312,0.200704,1.915424
299,traditional,0.175328,1.561600,0.200704,1.937632
300,traditional,0.183904,1.558528,0.199680,1.942112
301,traditional,0.161920,1.549312,0.200704,1.911936
302,traditional,0.166112,1.549312,0.200704,1.916128
303,traditional,0.164160,1.539072,0.200704,1.903936
304,traditional,0.164768,1.569792,0.200704,1.935264
305,traditional,0.163840,1.544192,0.200704,1.908736
306,traditional,0.161024,1.952768,0.380928,2.494720
307,traditional,0.163232,1.776640,0.200704,2.140576
308,traditional,0.180256,1.577984,0.200704,1.958944
309,traditional,0.173600,1.556480,0.199680,1.929760
310,traditional,0.173952,1.545216,0.200704,1.919872
311,traditional,0.161376,1.778688,0.361472,2.301536
312,traditional,0.178208,1.593344,0.203776,1.975328
313,traditional,0.162688,1.572864,0.199680,1.935232
314,traditional,0.187008,1.541120,0.199680,1.927808
315,traditional,0.160864,1.560576,0.200704,1.922144
316,traditional,0.161248,1.552384,0.200704,1.914336
317,traditional,0.164032,1.532928,0.200704,1.897664
318,traditional,0.165632,1.536000,0.200704,1.902336
319,traditional,0.164704,1.547264,0.208896,1.920864
320,traditional,0.160416,1.548288,0.199680,1.908384
321,traditional,0.171648,1.551360,0.200704,1.923712
322,traditional,0.162464,1.550336,0.199680,1.912480
323,traditional,0.159680,1.607680,0.204800,1.972160
324,traditional,0.162016,1.616896,0.200704,1.979616
325,traditional,0.174784,1.587200,0.199680,1.961664
326,traditional,0.160192,1.560576,0.200704,1.921472
327,traditional,0.171872,1.565696,0.199680,1.937248
328,traditional,0.178560,1.552384,0.200704,1.931648
329,traditional,0.161280,1.543168,0.200704,1.905152
330,traditional,0.162752,1.560576,0.202752,1.926080
331,traditional,0.161472,1.538048,0.199680,1.899200
332,traditional,0.161888,1.568768,0.203776,1.934432
333,traditional,0.160288,1.560576,0.199680,1.920544
334,traditional,0.164096,1.563648,0.199680,1.927424
335,traditional,0.163360,1.543168,0.201728,1.908256
336,traditional,0.162016,1.580032,0.200704,1.942752
337,traditional,0.161632,1.568768,0.200704,1.931104
338,traditional,0.162848,1.559552,0.200704,1.923104
339,traditional,0.188160,1.645568,0.201728,2.035456
340,traditional,0.165120,1.556480,0.200704,1.922304
341,traditional,0.161056,1.573888,0.199680,1.934624
342,traditional,0.188544,1.566720,0.199680,1.954944
343,traditional,0.160096,1.571840,0.199680,1.931616
344,traditional,0.162432,1.577984,0.199680,1.940096
345,traditional,0.172480,1.588224,0.199680,1.960384
346,traditional,0.167360,1.576960,0.209920,1.954240
347,traditional,0.166176,1.562624,0.200704,1.929504
348,traditional,0.162944,2.191360,0.214016,2.568320
349,traditional,0.194048,1.579008,0.199680,1.972736
350,traditional,0.178496,1.603584,0.200704,1.982784
351,traditional,0.163168,2.034688,0.230400,2.428256
352,traditional,0.180384,1.596416,0.202752,1.979552
353,traditional,0.181024,1.582080,0.201728,1.964832
354,traditional,0.163712,1.591296,0.200704,1.955712
355,traditional,0.162080,1.598464,0.199680,1.960224
356,traditional,0.163040,1.568768,0.203776,1.935584
357,traditional,0.182592,1.591296,0.200704,1.974592
358,traditional,0.162208,1.572864,0.200704,1.935776
359,traditional,0.162816,1.576960,0.200704,1.940480
360,traditional,0.171328,1.606656,0.199680,1.977664
361,traditional,0.160160,1.572864,0.199680,1.932704
362,traditional,0.172544,1.613824,0.199680,1.986048
363,traditional,0.163872,1.671168,0.199680,2.034720
364,traditional,0.173920,1.586176,0.199680,1.959776
365,traditional,0.204864,1.579008,0.199680,1.983552
366,traditional,0.175232,1.560576,0.199680,1.935488
367,traditional,0.169728,1.558528,0.200704,1.928960
368,traditional,0.180160,1.600512,0.198656,1.979328
369,traditional,0.162752,1.556480,0.199680,1.918912
370,traditional,0.164960,1.576960,0.199680,1.941600
371,traditional,0.164384,1.583104,0.199680,1.947168
372,traditional,0.164800,1.562624,0.200704,1.928128
373,traditional,0.166880,1.572864,0.199680,1.939424
374,traditional,0.166496,1.576960,0.199680,1.943136
375,traditional,0.166624,1.558528,0.199680,1.924832
376,traditional,0.168064,1.558528,0.199680,1.926272
377,traditional,0.189888,1.577984,0.199680,1.967552
378,traditional,0.175968,1.673216,0.420864,2.270048
379,traditional,0.167744,1.586176,0.199680,1.953600
380,traditional,0.171136,1.549312,0.200704,1.921152
381,traditional,0.164960,1.584128,0.199680,1.948768
382,traditional,0.164928,1.574912,0.199680,1.939520
383,traditional,0.163328,1.594368,0.200704,1.958400
384,traditional,0.162976,1.574912,0.199680,1.937568
385,traditional,0.164640,1.564672,0.199680,1.928992
386,traditional,0.163392,1.601536,0.199680,1.964608
387,traditional,0.167008,1.590272,0.202752,1.960032
388,traditional,0.164896,1.598464,0.199680,1.963040
389,traditional,0.180864,1.613824,0.202752,1.997440
390,traditional,0.176320,1.618944,0.199680,1.994944
391,traditional,0.186848,1.632256,0.199680,2.018784
392,traditional,0.164384,1.995776,0.387072,2.547232
393,traditional,0.174976,1.583104,0.199680,1.957760
394,traditional,0.163968,1.579008,0.199680,1.942656
395,traditional,0.191744,1.588224,0.200704,1.980672
396,traditional,0.174816,1.576960,0.200704,1.952480
397,traditional,0.161504,1.569792,0.199680,1.930976
398,traditional,0.196896,1.609728,0.199680,2.006304
399,traditional,0.164640,1.660928,0.200704,2.026272
400,traditional,0.162656,1.588224,0.200704,1.951584
401,traditional,0.161568,1.591296,0.199680,1.952544
402,traditional,0.167680,1.608704,0.205824,1.982208
403,traditional,0.176288,1.575936,0.199680,1.951904
404,traditional,0.164416,1.986560,0.381952,2.532928
405,traditional,0.167936,1.573888,0.199680,1.941504
406,traditional,0.163072,1.582080,0.199680,1.944832
407,traditional,0.162592,1.580032,0.199680,1.942304
408,traditional,0.164448,1.565696,0.199680,1.929824
409,traditional,0.184320,1.554432,0.199680,1.938432
410,traditional,0.163776,1.577984,0.200704,1.942464
411,traditional,0.164032,1.606656,0.200704,1.971392
412,traditional,0.176096,1.568768,0.200704,1.945568
413,traditional,0.163360,1.571840,0.199680,1.934880
414,traditional,0.161312,1.570816,0.200704,1.932832
415,traditional,0.161184,1.561600,0.199680,1.922464
416,traditional,0.162816,1.575936,0.200704,1.939456
417,traditional,0.159744,1.626112,0.200704,1.986560
418,traditional,0.162144,1.563648,0.199680,1.925472
419,traditional,0.162432,1.611776,0.200704,1.974912
420,traditional,0.172832,1.564672,0.200704,1.938208
421,traditional,0.177984,1.634304,0.199680,2.011968
422,traditional,0.162272,1.611776,0.200704,1.974752
423,traditional,0.161760,1.602560,0.200704,1.965024
424,traditional,0.178880,1.566720,0.200704,1.946304
425,traditional,0.167552,1.601536,0.200704,1.969792
426,traditional,0.162112,1.564672,0.200704,1.927488
427,traditional,0.164736,1.569792,0.200704,1.935232
428,traditional,0.175072,1.588224,0.200704,1.964000
429,traditional,0.165632,1.595392,0.200704,1.961728
430,traditional,0.163296,1.575936,0.199680,1.938912
431,traditional,0.161760,1.591296,0.199680,1.952736
432,traditional,0.164928,1.590272,0.199680,1.954880
433,traditional,0.190848,1.595392,0.200704,1.986944
434,traditional,0.174976,1.624064,0.200704,1.999744
435,traditional,0.161632,1.574912,0.200704,1.937248
436,traditional,0.160512,2.082816,0.205824,2.449152
437,traditional,0.179296,1.611776,0.200704,1.991776
438,traditional,0.177952,1.598464,0.203776,1.980192
439,traditional,0.160864,1.602560,0.200704,1.964128
440,traditional,0.174944,1.608704,0.200704,1.984352
441,traditional,0.162112,1.590272,0.200704,1.953088
442,traditional,0.183232,1.595392,0.200704,1.979328
443,traditional,0.164608,1.555456,0.200704,1.920768
444,traditional,0.174368,1.575936,0.200704,1.951008
445,traditional,0.194016,1.560576,0.200704,1.955296
446,traditional,0.181856,1.572864,0.200704,1.955424
447,traditional,0.164288,1.555456,0.200704,1.920448
448,traditional,0.160640,1.793024,0.205824,2.159488
449,traditional,0.191776,1.618944,0.200704,2.011424
450,traditional,0.165984,1.597440,0.210944,1.974368
451,traditional,0.172512,1.841152,0.204800,2.218464
452,traditional,0.169888,1.541120,0.199680,1.910688
453,traditional,0.162304,1.579008,0.199680,1.940992
454,traditional,0.164448,1.538048,0.200704,1.903200
455,traditional,0.162592,1.567744,0.199680,1.930016
456,traditional,0.161024,1.584128,0.200704,1.945856
457,traditional,0.159840,1.582080,0.200704,1.942624
458,traditional,0.164512,1.549312,0.199680,1.913504
459,traditional,0.164480,1.784832,0.200704,2.150016
460,traditional,0.179264,1.559552,0.199680,1.938496
461,traditional,0.161600,1.557504,0.200704,1.919808
462,traditional,0.163008,1.561600,0.199680,1.924288
463,traditional,0.164832,1.556480,0.199680,1.920992
464,traditional,0.162560,1.546240,0.199680,1.908480
465,traditional,0.160128,1.573888,0.199680,1.933696
466,traditional,0.161344,1.553408,0.200704,1.915456
467,traditional,0.165984,1.587200,0.200704,1.953888
468,traditional,0.175488,1.552384,0.200704,1.928576
469,traditional,0.165632,1.543168,0.199680,1.908480
470,traditional,0.160896,1.530880,0.200704,1.892480
471,traditional,0.175712,1.533952,0.200704,1.910368
472,traditional,0.162688,1.568768,0.199680,1.931136
473,traditional,0.163360,1.560576,0.199680,1.923616
474,traditional,0.162816,1.565696,0.199680,1.928192
475,traditional,0.161408,1.540096,0.200704,1.902208
476,traditional,0.167264,1.560576,0.200704,1.928544
477,traditional,0.188928,1.568768,0.200704,1.958400
478,traditional,0.164736,1.574912,0.199680,1.939328
479,traditional,0.169344,1.562624,0.200704,1.932672
480,traditional,0.193984,1.546240,0.199680,1.939904
481,traditional,0.165312,1.539072,0.199680,1.904064
482,traditional,0.162944,1.544192,0.199680,1.906816
483,traditional,0.161312,1.548288,0.199680,1.909280
484,traditional,0.162112,1.575936,0.200704,1.938752
485,traditional,0.161632,1.542144,0.200704,1.904480
486,traditional,0.163136,1.568768,0.199680,1.931584
487,traditional,0.161504,1.556480,0.201728,1.919712
488,traditional,0.176736,1.533952,0.199680,1.910368
489,traditional,0.163264,1.568768,0.199680,1.931712
490,traditional,0.163104,1.543168,0.201728,1.908000
491,traditional,0.167808,1.548288,0.200704,1.916800
492,traditional,0.162880,1.532928,0.200704,1.896512
493,traditional,0.173248,1.558528,0.199680,1.931456
494,traditional,0.161568,1.554432,0.200704,1.916704
495,traditional,0.165152,1.570816,0.200704,1.936672
496,traditional,0.177632,1.583104,0.204800,1.965536
497,traditional,0.163296,1.553408,0.200704,1.917408
498,traditional,0.178272,1.571840,0.200704,1.950816
499,traditional,0.165984,1.531904,0.199680,1.897568
500,traditional,0.164448,1.543168,0.199680,1.907296
501,traditional,0.164864,1.534976,0.200704,1.900544
502,traditional,0.165632,1.534976,0.199680,1.900288
503,traditional,0.163648,1.541120,0.200704,1.905472
504,traditional,0.161760,1.541120,0.201728,1.904608
505,traditional,0.171712,1.557504,0.200704,1.929920
506,traditional,0.164448,1.541120,0.200704,1.906272
507,traditional,0.161888,1.572864,0.200704,1.935456
508,traditional,0.173184,1.600512,0.205824,1.979520
509,traditional,0.165632,1.580032,0.214016,1.959680
510,traditional,0.172800,1.618944,0.205824,1.997568
511,traditional,0.167872,1.587200,0.205824,1.960896
512,traditional,0.174784,1.611776,0.206848,1.993408
513,traditional,0.167296,1.873920,0.377856,2.419072
514,traditional,0.183648,1.864704,0.209920,2.258272
515,traditional,0.183584,1.629184,0.209920,2.022688
516,traditional,0.172576,1.615872,0.209920,1.998368
517,traditional,0.170336,1.605632,0.209920,1.985888
518,traditional,0.173056,1.640448,0.208896,2.022400
519,traditional,0.183392,1.617920,0.209920,2.011232
520,traditional,0.175488,2.048000,0.400384,2.623872
521,traditional,0.170144,1.679360,0.208896,2.058400
522,traditional,0.187008,1.624064,0.209920,2.020992
523,traditional,0.172768,1.894400,0.212992,2.280160
524,traditional,0.183712,1.631232,0.209920,2.024864
525,traditional,0.173376,1.608704,0.207872,1.989952
526,traditional,0.169984,1.614848,0.206848,1.991680
527,traditional,0.165728,1.608704,0.222208,1.996640
528,traditional,0.178304,2.001920,0.395264,2.575488
529,traditional,0.185024,1.632256,0.207872,2.025152
530,traditional,0.167136,1.602560,0.208896,1.978592
531,traditional,0.166752,1.586176,0.205824,1.958752
532,traditional,0.170560,1.997824,0.394240,2.562624
533,traditional,0.178496,1.803264,0.205824,2.187584
534,traditional,0.193984,1.617920,0.205824,2.017728
535,traditional,0.167680,1.816576,0.368640,2.352896
536,traditional,0.194048,1.570816,0.203776,1.968640
537,traditional,0.169856,1.598464,0.203776,1.972096
538,traditional,0.166752,1.594368,0.205824,1.966944
539,traditional,0.183744,1.640448,0.206848,2.031040
540,traditional,0.181120,1.627136,0.206848,2.015104
541,traditional,0.166720,1.628160,0.205824,2.000704
542,traditional,0.165632,1.941504,0.478208,2.585344
543,traditional,0.164224,1.638400,0.204800,2.007424
544,traditional,0.164800,1.864704,0.370688,2.400192
545,traditional,0.185600,1.664000,0.205824,2.055424
546,traditional,0.165792,1.589248,0.204800,1.959840
547,traditional,0.180320,1.627136,0.204800,2.012256
548,traditional,0.172320,1.637376,0.204800,2.014496
549,traditional,0.166464,1.598464,0.204800,1.969728
550,traditional,0.170816,1.813504,0.204800,2.189120
551,traditional,0.185600,1.593344,0.204800,1.983744
552,traditional,0.165856,1.623040,0.204800,1.993696
553,traditional,0.169984,1.609728,0.204800,1.984512
554,traditional,0.170016,1.601536,0.204800,1.976352
555,traditional,0.171808,1.849344,0.371712,2.392864
556,traditional,0.167968,1.864704,0.205824,2.238496
557,traditional,0.167424,1.648640,0.204800,2.020864
558,traditional,0.165408,1.622016,0.204800,1.992224
559,traditional,0.175584,1.584128,0.218112,1.977824
560,traditional,0.165728,1.623040,0.204800,1.993568
561,traditional,0.180640,1.593344,0.204800,1.978784
562,traditional,0.166656,1.612800,0.205824,1.985280
563,traditional,0.182752,1.669120,0.205824,2.057696
564,traditional,0.166816,1.620992,0.204800,1.992608
565,traditional,0.170528,1.617920,0.204800,1.993248
566,traditional,0.171072,2.137088,0.206848,2.515008
567,traditional,0.170048,1.598464,0.203776,1.972288
568,traditional,0.176000,1.598464,0.202752,1.977216
569,traditional,0.175552,1.620992,0.202752,1.999296
570,traditional,0.180960,1.571840,0.202752,1.955552
571,traditional,0.163776,1.644544,0.202752,2.011072
572,traditional,0.162752,1.607680,0.200704,1.971136
573,traditional,0.162176,2.236416,0.376832,2.775424
574,traditional,0.165184,1.596416,0.206848,1.968448
575,traditional,0.168864,1.622016,0.200704,1.991584
576,traditional,0.188096,1.622016,0.200704,2.010816
577,traditional,0.160480,1.608704,0.200704,1.969888
578,traditional,0.164576,1.581056,0.199680,1.945312
579,traditional,0.163808,2.246656,0.209920,2.620384
580,traditional,0.163808,1.652736,0.199680,2.016224
581,traditional,0.165408,1.616896,0.200704,1.983008
582,traditional,0.185696,2.195456,0.228352,2.609504
583,traditional,0.165408,1.664000,0.199680,2.029088
584,traditional,0.191264,1.656832,0.200704,2.048800
585,traditional,0.173568,1.582080,0.200704,1.956352
586,traditional,0.161280,1.809408,0.204800,2.175488
587,traditional,0.162656,1.574912,0.199680,1.937248
588,traditional,0.163936,1.631232,0.199680,1.994848
589,traditional,0.162304,1.608704,0.200704,1.971712
590,traditional,0.177728,1.585152,0.200704,1.963584
591,traditional,0.162336,1.600512,0.199680,1.962528
592,traditional,0.167136,1.584128,0.200704,1.951968
593,traditional,0.162464,1.596416,0.199680,1.958560
594,traditional,0.164608,1.582080,0.199680,1.946368
595,traditional,0.187872,1.600512,0.199680,1.988064
596,traditional,0.163392,1.620992,0.200704,1.985088
597,traditional,0.181536,1.596416,0.200704,1.978656
598,traditional,0.178016,1.575936,0.199680,1.953632
599,traditional,0.162688,1.575936,0.208896,1.947520
600,traditional,0.165280,1.595392,0.200704,1.961376
601,traditional,0.161568,2.192384,0.386048,2.740000
602,traditional,0.177440,1.610752,0.200704,1.988896
603,traditional,0.188128,1.623040,0.204800,2.015968
604,traditional,0.169952,2.021376,0.396288,2.587616
605,traditional,0.185056,1.658880,0.205824,2.049760
606,traditional,0.178080,1.625088,0.205824,2.008992
607,traditional,0.183712,1.639424,0.205824,2.028960
608,traditional,0.190880,1.652736,0.205824,2.049440
609,traditional,0.171840,1.895424,0.205824,2.273088
610,traditional,0.172256,1.642496,0.205824,2.020576
611,traditional,0.166368,1.615872,0.206848,1.989088
612,traditional,0.175136,2.205696,0.209920,2.590752
613,traditional,0.166688,2.029568,0.401408,2.597664
614,traditional,0.194144,1.670144,0.202752,2.067040
615,traditional,0.175552,1.596416,0.202752,1.974720
616,traditional,0.180416,1.627136,0.206848,2.014400
617,traditional,0.164288,1.628160,0.202752,1.995200
618,traditional,0.183744,1.886208,0.209920,2.279872
619,traditional,0.171008,1.658880,0.209920,2.039808
620,traditional,0.178400,1.871872,0.382976,2.433248
621,traditional,0.178912,1.862656,0.209920,2.251488
622,traditional,0.168672,1.605632,0.203776,1.978080
623,traditional,0.177984,1.629184,0.202752,2.009920
624,traditional,0.167424,1.606656,0.202752,1.976832
625,traditional,0.165952,1.596416,0.202752,1.965120
626,traditional,0.186528,1.628160,0.200704,2.015392
627,traditional,0.182592,1.650688,0.200704,2.033984
628,traditional,0.163296,1.872896,0.367616,2.403808
629,traditional,0.176992,1.640448,0.200704,2.018144
630,traditional,0.163296,1.610752,0.200704,1.974752
631,traditional,0.163136,1.585152,0.200704,1.948992
632,traditional,0.168864,1.594368,0.199680,1.962912
633,traditional,0.183360,1.586176,0.199680,1.969216
634,traditional,0.165536,1.584128,0.200704,1.950368
635,traditional,0.163232,1.572864,0.199680,1.935776
636,traditional,0.179360,1.626112,0.199680,2.005152
637,traditional,0.162336,1.596416,0.200704,1.959456
638,traditional,0.176800,1.602560,0.200704,1.980064
639,traditional,0.165184,1.615872,0.200704,1.981760
640,traditional,0.166080,1.613824,0.200704,1.980608
641,traditional,0.161888,1.597440,0.199680,1.959008
642,traditional,0.173664,1.597440,0.200704,1.971808
643,traditional,0.176416,1.582080,0.200704,1.959200
644,traditional,0.164224,1.838080,0.368640,2.370944
645,traditional,0.164320,1.865728,0.203776,2.233824
646,traditional,0.165376,1.610752,0.202752,1.978880
647,traditional,0.177184,1.835008,0.202752,2.214944
648,traditional,0.165312,1.601536,0.201728,1.968576
649,traditional,0.174400,1.575936,0.201728,1.952064
650,traditional,0.176608,1.589248,0.203776,1.969632
651,traditional,0.184160,1.593344,0.202752,1.980256
652,traditional,0.169888,1.627136,0.202752,1.999776
653,traditional,0.168416,1.835008,0.202752,2.206176
654,traditional,0.184608,1.613824,0.202752,2.001184
655,traditional,0.167808,1.607680,0.200704,1.976192
656,traditional,0.162112,1.584128,0.200704,1.946944
657,traditional,0.170688,2.006016,0.385024,2.561728
658,traditional,0.163712,1.675264,0.201728,2.040704
659,traditional,0.172832,1.605632,0.203776,1.982240
660,traditional,0.178560,1.599488,0.200704,1.978752
661,traditional,0.178368,1.597440,0.200704,1.976512
662,traditional,0.175584,1.600512,0.199680,1.975776
663,traditional,0.176672,1.594368,0.200704,1.971744
664,traditional,0.163008,1.569792,0.199680,1.932480
665,traditional,0.162304,1.835008,0.362496,2.359808
666,traditional,0.162560,1.815552,0.200704,2.178816
667,traditional,0.164704,1.620992,0.200704,1.986400
668,traditional,0.165568,1.603584,0.200704,1.969856
669,traditional,0.162688,1.593344,0.200704,1.956736
670,traditional,0.160640,1.583104,0.200704,1.944448
671,traditional,0.179072,1.822720,0.207872,2.209664
672,traditional,0.163872,1.600512,0.202752,1.967136
673,traditional,0.165280,1.619968,0.203776,1.989024
674,traditional,0.166144,1.620992,0.202752,1.989888
675,traditional,0.170784,1.637376,0.203776,2.011936
676,traditional,0.180896,1.623040,0.202752,2.006688
677,traditional,0.178752,1.657856,0.214016,2.050624
678,traditional,0.175456,1.584128,0.201728,1.961312
679,traditional,0.163008,1.586176,0.201728,1.950912
680,traditional,0.182496,1.802240,0.218112,2.202848
681,traditional,0.162176,1.607680,0.209920,1.979776
682,traditional,0.185056,2.011136,0.200704,2.396896
683,traditional,0.161280,1.576960,0.200704,1.938944
684,traditional,0.163552,1.598464,0.202752,1.964768
685,traditional,0.165888,1.575936,0.201728,1.943552
686,traditional,0.173408,1.635328,0.201728,2.010464
687,traditional,0.173536,1.587200,0.201728,1.962464
688,traditional,0.163712,1.588224,0.201728,1.953664
689,traditional,0.163392,1.598464,0.202752,1.964608
690,traditional,0.164032,1.606656,0.203776,1.974464
691,traditional,0.186144,1.570816,0.200704,1.957664
692,traditional,0.162080,1.560576,0.200704,1.923360
693,traditional,0.188512,1.564672,0.200704,1.953888
694,traditional,0.166272,1.606656,0.199680,1.972608
695,traditional,0.188960,2.006016,0.386048,2.581024
696,traditional,0.175584,1.829888,0.200704,2.206176
697,traditional,0.178912,1.639424,0.201728,2.020064
698,traditional,0.162528,2.295808,0.380928,2.839264
699,traditional,0.299648,3.341312,0.222208,3.863168
700,traditional,0.188992,1.614848,0.200704,2.004544
701,traditional,0.162976,1.619968,0.205824,1.988768
702,traditional,0.169152,1.593344,0.205824,1.968320
703,traditional,0.168320,1.655808,0.205824,2.029952
704,traditional,0.172544,1.622016,0.205824,2.000384
705,traditional,0.166784,1.611776,0.204800,1.983360
706,traditional,0.171168,1.634304,0.204800,2.010272
707,traditional,0.166272,1.613824,0.204800,1.984896
708,traditional,0.181664,1.856512,0.201728,2.239904
709,traditional,0.177984,1.598464,0.201728,1.978176
710,traditional,0.163200,1.599488,0.200704,1.963392
711,traditional,0.173472,1.587200,0.205824,1.966496
712,traditional,0.164064,1.590272,0.214016,1.968352
713,traditional,0.166048,1.604608,0.201728,1.972384
714,traditional,0.168352,1.794048,0.201728,2.164128
715,traditional,0.168960,1.582080,0.201728,1.952768
716,traditional,0.163040,1.583104,0.201728,1.947872
717,traditional,0.167712,1.582080,0.201728,1.951520
718,traditional,0.165024,1.585152,0.202752,1.952928
719,traditional,0.186400,1.584128,0.202752,1.973280
720,traditional,0.169440,2.245632,0.207872,2.622944
721,traditional,0.169472,1.630208,0.202752,2.002432
722,traditional,0.166976,1.579008,0.202752,1.948736
723,traditional,0.176416,1.594368,0.202752,1.973536
724,traditional,0.177952,1.601536,0.203776,1.983264
725,traditional,0.166016,1.593344,0.206848,1.966208
726,traditional,0.163456,1.574912,0.202752,1.941120
727,traditional,0.172160,1.596416,0.205824,1.974400
728,traditional,0.167840,1.596416,0.200704,1.964960
729,traditional,0.162432,1.576960,0.200704,1.940096
730,traditional,0.165344,1.580032,0.200704,1.946080
731,traditional,0.166176,1.556480,0.201728,1.924384
732,traditional,0.164064,1.603584,0.201728,1.969376
733,traditional,0.162848,1.556480,0.201728,1.921056
734,traditional,0.165024,2.000896,0.205824,2.371744
735,traditional,0.162272,1.599488,0.200704,1.962464
736,traditional,0.163712,1.641472,0.202752,2.007936
737,traditional,0.180832,1.608704,0.203776,1.993312
738,traditional,0.166176,1.626112,0.203776,1.996064
739,traditional,0.178720,1.620992,0.203776,2.003488
740,traditional,0.167040,2.299904,0.216064,2.683008
741,traditional,0.176672,1.904640,0.211968,2.293280
742,traditional,0.185952,1.675264,0.211968,2.073184
743,traditional,0.169504,1.715200,0.210944,2.095648
744,traditional,0.181088,1.681408,0.222208,2.084704
745,traditional,0.169248,2.478080,0.217088,2.864416
746,traditional,0.171136,1.733632,0.217088,2.121856
747,traditional,0.175552,1.683456,0.216064,2.075072
748,traditional,0.176896,2.546688,0.227328,2.950912
749,traditional,0.176832,1.728512,0.217088,2.122432
750,traditional,0.174432,1.700864,0.217088,2.092384
751,traditional,0.190560,1.710080,0.217088,2.117728
752,traditional,0.178944,1.693696,0.215040,2.087680
753,traditional,0.171488,1.660928,0.215040,2.047456
754,traditional,0.172416,1.696768,0.219136,2.088320
755,traditional,0.172640,1.662976,0.215040,2.050656
756,traditional,0.194816,1.707008,0.215040,2.116864
757,traditional,0.189952,2.030592,0.220160,2.440704
758,traditional,0.180064,1.780736,0.221184,2.181984
759,traditional,0.189216,2.407424,0.225280,2.821920
760,traditional,0.175936,1.764352,0.220160,2.160448
761,traditional,0.182976,1.732608,0.219136,2.134720
762,traditional,0.174400,1.728512,0.220160,2.123072
763,traditional,0.177696,1.699840,0.219136,2.096672
764,traditional,0.175776,1.960960,0.366592,2.503328
765,traditional,0.188032,1.714176,0.215040,2.117248
766,traditional,0.174720,1.690624,0.216064,2.081408
767,traditional,0.173888,1.656832,0.212992,2.043712
768,traditional,0.174752,1.675264,0.212992,2.063008
769,traditional,0.175424,1.658880,0.214016,2.048320
770,traditional,0.171488,1.694720,0.212992,2.079200
771,traditional,0.197632,1.659904,0.217088,2.074624
772,traditional,0.185568,1.693696,0.214016,2.093280
773,traditional,0.172640,1.668096,0.212992,2.053728
774,traditional,0.173120,1.682432,0.212992,2.068544
775,traditional,0.170784,1.653760,0.212992,2.037536
776,traditional,0.173152,1.680384,0.212992,2.066528
777,traditional,0.180672,1.658880,0.212992,2.052544
778,traditional,0.173024,1.652736,0.212992,2.038752
779,traditional,0.170272,1.654784,0.212992,2.038048
780,traditional,0.170912,1.654784,0.212992,2.038688
781,traditional,0.170784,2.529280,0.219136,2.919200
782,traditional,0.186976,1.665024,0.212992,2.064992
783,traditional,0.180320,1.681408,0.212992,2.074720
784,traditional,0.205920,1.996800,0.222208,2.424928
785,traditional,0.175968,1.809408,0.226304,2.211680
786,traditional,0.189216,1.754112,0.221184,2.164512
787,traditional,0.194304,1.996800,0.219136,2.410240
788,traditional,0.218272,1.734656,0.220160,2.173088
789,traditional,0.185728,1.766400,0.220160,2.172288
790,traditional,0.179200,1.724416,0.223232,2.126848
791,traditional,0.193088,1.798144,0.224256,2.215488
792,traditional,0.178336,1.775616,0.224256,2.178208
793,traditional,0.194624,1.771520,0.223232,2.189376
794,traditional,0.199008,1.794048,0.223232,2.216288
795,traditional,0.195488,1.779712,0.228352,2.203552
796,traditional,0.193568,1.776640,0.210944,2.181152
797,traditional,0.185152,1.659904,0.206848,2.051904
798,traditional,0.170592,1.606656,0.206848,1.984096
799,traditional,0.165056,2.250752,0.212992,2.628800
800,traditional,0.171200,1.883136,0.206848,2.261184
801,traditional,0.184256,1.636352,0.208896,2.029504
802,traditional,0.179808,2.248704,0.209920,2.638432
803,traditional,0.176736,1.602560,0.200704,1.980000
804,traditional,0.162688,1.589248,0.200704,1.952640
805,traditional,0.165440,1.565696,0.200704,1.931840
806,traditional,0.163392,1.602560,0.199680,1.965632
807,traditional,0.161280,1.597440,0.200704,1.959424
808,traditional,0.165280,2.230272,0.205824,2.601376
809,traditional,0.166432,1.606656,0.201728,1.974816
810,traditional,0.160672,1.567744,0.200704,1.929120
811,traditional,0.164992,1.572864,0.200704,1.938560
812,traditional,0.163808,1.569792,0.199680,1.933280
813,traditional,0.162944,1.571840,0.203776,1.938560
814,traditional,0.167264,1.639424,0.200704,2.007392
815,traditional,0.166336,1.595392,0.200704,1.962432
816,traditional,0.162496,1.603584,0.200704,1.966784
817,traditional,0.161920,1.574912,0.200704,1.937536
818,traditional,0.166688,1.576960,0.200704,1.944352
819,traditional,0.161248,1.572864,0.199680,1.933792
820,traditional,0.164992,1.568768,0.200704,1.934464
821,traditional,0.161856,1.566720,0.199680,1.928256
822,traditional,0.168192,1.595392,0.200704,1.964288
823,traditional,0.168288,1.606656,0.203776,1.978720
824,traditional,0.161760,1.856512,0.205824,2.224096
825,traditional,0.164384,1.804288,0.200704,2.169376
826,traditional,0.185024,1.614848,0.200704,2.000576
827,traditional,0.183872,1.596416,0.200704,1.980992
828,traditional,0.177728,1.591296,0.200704,1.969728
829,traditional,0.161632,1.594368,0.208896,1.964896
830,traditional,0.164224,1.580032,0.199680,1.943936
831,traditional,0.162080,1.563648,0.199680,1.925408
832,traditional,0.162848,1.572864,0.199680,1.935392
833,traditional,0.165120,1.627136,0.199680,1.991936
834,traditional,0.161824,1.574912,0.199680,1.936416
835,traditional,0.189824,1.586176,0.204800,1.980800
836,traditional,0.190464,2.193408,0.377856,2.761728
837,traditional,0.580864,3.204096,0.206848,3.991808
838,traditional,0.401152,1.970176,0.199680,2.571008
839,traditional,0.177376,1.577984,0.199680,1.955040
840,traditional,0.177760,1.580032,0.199680,1.957472
841,traditional,0.162144,1.571840,0.199680,1.933664
842,traditional,0.163072,2.738176,0.377856,3.279104
843,traditional,0.300000,2.893824,0.382976,3.576800
844,traditional,0.198944,1.984512,0.381952,2.565408
845,traditional,0.189376,1.811456,0.202752,2.203584
846,traditional,0.165760,1.611776,0.201728,1.979264
847,traditional,0.175872,1.947648,0.480256,2.603776
848,traditional,0.185120,1.614848,0.200704,2.000672
849,traditional,0.168608,1.609728,0.199680,1.978016
850,traditional,0.162688,1.586176,0.201728,1.950592
851,traditional,0.167360,1.612800,0.204800,1.984960
852,traditional,0.165600,1.607680,0.206848,1.980128
853,traditional,0.169280,1.831936,0.203776,2.204992
854,traditional,0.166496,1.629184,0.203776,1.999456
855,traditional,0.166752,1.592320,0.199680,1.958752
856,traditional,0.165120,2.103296,0.205824,2.474240
857,traditional,0.177696,1.585152,0.199680,1.962528
858,traditional,0.164288,1.566720,0.199680,1.930688
859,traditional,0.163488,3.196928,0.389120,3.749536
860,traditional,0.164000,1.650688,0.209920,2.024608
861,traditional,0.162496,2.006016,0.380928,2.549440
862,traditional,0.176480,1.859584,0.199680,2.235744
863,traditional,0.177600,1.583104,0.200704,1.961408
864,traditional,0.164960,1.627136,0.202752,1.994848
865,traditional,0.177728,1.850368,0.205824,2.233920
866,traditional,0.163072,1.607680,0.199680,1.970432
867,traditional,0.164160,1.851392,0.205824,2.221376
868,traditional,0.191200,1.623040,0.201728,2.015968
869,traditional,0.165920,1.636352,0.201728,2.004000
870,traditional,0.164640,1.585152,0.201728,1.951520
871,traditional,0.166688,1.584128,0.200704,1.951520
872,traditional,0.162528,1.575936,0.200704,1.939168
873,traditional,0.161600,1.585152,0.211968,1.958720
874,traditional,0.169056,1.592320,0.199680,1.961056
875,traditional,0.163520,1.577984,0.202752,1.944256
876,traditional,0.163360,1.605632,0.199680,1.968672
877,traditional,0.163040,1.603584,0.201728,1.968352
878,traditional,0.177856,1.616896,0.200704,1.995456
879,traditional,0.197024,1.633280,0.199680,2.029984
880,traditional,0.166208,2.552832,0.377856,3.096896
881,traditional,0.301408,3.233792,0.204800,3.740000
882,traditional,0.384512,2.018304,0.200704,2.603520
883,traditional,0.170784,1.650688,0.205824,2.027296
884,traditional,0.177696,1.575936,0.200704,1.954336
885,traditional,0.165920,1.581056,0.199680,1.946656
886,traditional,0.178720,1.597440,0.199680,1.975840
887,traditional,0.167648,1.585152,0.199680,1.952480
888,traditional,0.167040,1.584128,0.199680,1.950848
889,traditional,0.165568,1.570816,0.200704,1.937088
890,traditional,0.177856,1.580032,0.200704,1.958592
891,traditional,0.162464,1.575936,0.202752,1.941152
892,traditional,0.163616,1.560576,0.200704,1.924896
893,traditional,0.173440,1.580032,0.198656,1.952128
894,traditional,0.169952,1.619968,0.199680,1.989600
895,traditional,0.166976,1.566720,0.199680,1.933376
896,traditional,0.163264,1.570816,0.200704,1.934784
897,traditional,0.176544,1.586176,0.200704,1.963424
898,traditional,0.162784,1.620992,0.199680,1.983456
899,traditional,0.165728,1.579008,0.199680,1.944416
900,traditional,0.162368,1.579008,0.200704,1.942080
901,traditional,0.161824,1.583104,0.199680,1.944608
902,traditional,0.163520,1.596416,0.212992,1.972928
903,traditional,0.162720,1.570816,0.199680,1.933216
904,traditional,0.162976,1.612800,0.200704,1.976480
905,traditional,0.166432,1.567744,0.203776,1.937952
906,traditional,0.163072,1.565696,0.203776,1.932544
907,traditional,0.215616,3.082240,0.378880,3.676736
908,traditional,0.294016,2.666496,0.204800,3.165312
909,traditional,0.177376,1.610752,0.200704,1.988832
910,traditional,0.163296,1.584128,0.224256,1.971680
911,traditional,0.206944,1.831936,0.224256,2.263136
912,traditional,0.179808,1.776640,0.224256,2.180704
913,traditional,0.198720,1.757184,0.224256,2.180160
914,traditional,0.180192,1.784832,0.224256,2.189280
915,traditional,0.192256,1.768448,0.223232,2.183936
916,traditional,0.180864,1.820672,0.238592,2.240128
917,traditional,0.192160,1.902592,0.238592,2.333344
918,traditional,0.198080,2.635776,0.245760,3.079616
919,traditional,0.196800,2.415616,0.238592,2.851008
920,traditional,0.223584,1.987584,0.238592,2.449760
921,traditional,0.205088,1.896448,0.237568,2.339104
922,traditional,0.197792,1.845248,0.231424,2.274464
923,traditional,0.198624,1.845248,0.233472,2.277344
924,traditional,0.196544,2.555904,0.236544,2.988992
925,traditional,0.200672,1.845248,0.232448,2.278368
926,traditional,0.185472,2.084864,0.409600,2.679936
927,traditional,0.201312,2.075648,0.231424,2.508384
928,traditional,0.185408,1.873920,0.232448,2.291776
929,traditional,0.183200,2.518016,0.235520,2.936736
930,traditional,0.200928,1.860608,0.233472,2.295008
931,traditional,0.184032,1.815552,0.231424,2.231008
932,traditional,0.215744,1.809408,0.228352,2.253504
933,traditional,0.195424,1.822720,0.228352,2.246496
934,traditional,0.183616,1.838080,0.227328,2.249024
935,traditional,0.206912,1.800192,0.226304,2.233408
936,traditional,0.196032,1.785856,0.226304,2.208192
937,traditional,0.198944,1.802240,0.226304,2.227488
938,traditional,0.181312,1.860608,0.226304,2.268224
939,traditional,0.179840,1.773568,0.224256,2.177664
940,traditional,0.197408,1.779712,0.224256,2.201376
941,traditional,0.190560,2.507776,0.231424,2.929760
942,traditional,0.196096,1.811456,0.225280,2.232832
943,traditional,0.185920,1.811456,0.225280,2.222656
944,traditional,0.194624,1.785856,0.225280,2.205760
945,traditional,0.180896,1.815552,0.226304,2.222752
946,traditional,0.181696,1.782784,0.228352,2.192832
947,traditional,0.184768,2.466816,0.231424,2.883008
948,traditional,0.195200,1.777664,0.227328,2.200192
949,traditional,0.182816,1.801216,0.227328,2.211360
950,traditional,0.188832,1.797120,0.226304,2.212256
951,traditional,0.213216,1.853440,0.227328,2.293984
952,traditional,0.200480,1.792000,0.227328,2.219808
953,traditional,0.182048,1.770496,0.226304,2.178848
954,traditional,0.194720,1.803264,0.226304,2.224288
955,traditional,0.192672,1.768448,0.222208,2.183328
956,traditional,0.187104,1.818624,0.222208,2.227936
957,traditional,0.179584,2.414592,0.230400,2.824576
958,traditional,0.180736,1.767424,0.225280,2.173440
959,traditional,0.179072,1.774592,0.470016,2.423680
960,traditional,0.220928,1.775616,0.226304,2.222848
961,traditional,0.213760,1.835008,0.225280,2.274048
962,traditional,0.181056,1.770496,0.225280,2.176832
963,traditional,0.202752,1.790976,0.224256,2.217984
964,traditional,0.180704,1.744896,0.223232,2.148832
965,traditional,0.179648,1.755136,0.223232,2.158016
966,traditional,0.194656,1.753088,0.224256,2.172000
967,traditional,0.198304,1.788928,0.223232,2.210464
968,traditional,0.194304,1.767424,0.226304,2.188032
969,traditional,0.183392,1.794048,0.226304,2.203744
970,traditional,0.196896,1.870848,0.227328,2.295072
971,traditional,0.181952,1.821696,0.226304,2.229952
972,traditional,0.181120,1.783808,0.227328,2.192256
973,traditional,0.200256,1.860608,0.226304,2.287168
974,traditional,0.199104,1.727488,0.207872,2.134464
975,traditional,0.170656,1.697792,0.207872,2.076320
976,traditional,0.168960,1.650688,0.207872,2.027520
977,traditional,0.186016,1.635328,0.207872,2.029216
978,traditional,0.182528,1.627136,0.207872,2.017536
979,traditional,0.168096,1.646592,0.207872,2.022560
980,traditional,0.168576,1.683456,0.207872,2.059904
981,traditional,0.162880,1.564672,0.200704,1.928256
982,traditional,0.163456,1.593344,0.200704,1.957504
983,traditional,0.165312,1.581056,0.200704,1.947072
984,traditional,0.162880,1.594368,0.200704,1.957952
985,traditional,0.171264,1.890304,0.205824,2.267392
986,traditional,0.162048,1.562624,0.200704,1.925376
987,traditional,0.161664,1.565696,0.200704,1.928064
988,traditional,0.162560,1.601536,0.201728,1.965824
989,traditional,0.162080,1.593344,0.199680,1.955104
990,traditional,0.163808,1.567744,0.200704,1.932256
991,traditional,0.171136,1.575936,0.200704,1.947776
992,traditional,0.163552,1.553408,0.200704,1.917664
993,traditional,0.180704,1.607680,0.200704,1.989088
994,traditional,0.165856,1.573888,0.200704,1.940448
995,traditional,0.172384,1.594368,0.199680,1.966432
996,traditional,0.161280,1.557504,0.200704,1.919488
997,traditional,0.171968,1.572864,0.200704,1.945536
998,traditional,0.162240,1.568768,0.199680,1.930688
999,traditional,0.164736,1.575936,0.199680,1.940352
1000,traditional,0.162272,1.566720,0.199680,1.928672
1001,traditional,0.165568,1.587200,0.199680,1.952448
1002,traditional,0.186720,1.593344,0.199680,1.979744
1003,traditional,0.162720,1.595392,0.199680,1.957792
1004,traditional,0.174560,1.603584,0.199680,1.977824
1005,traditional,0.164032,1.591296,0.200704,1.956032
1006,traditional,0.162144,1.584128,0.199680,1.945952
1007,traditional,0.164224,1.987584,0.200704,2.352512
1008,traditional,0.175008,1.593344,0.200704,1.969056
1009,traditional,0.173440,1.603584,0.200704,1.977728
1010,traditional,0.175104,1.588224,0.199680,1.963008
1011,traditional,0.200032,1.568768,0.200704,1.969504
1012,traditional,0.189952,1.599488,0.202752,1.992192
1013,traditional,0.169600,1.604608,0.199680,1.973888
1014,traditional,0.168480,1.576960,0.200704,1.946144
1015,traditional,0.195040,1.628160,0.200704,2.023904
1016,traditional,0.161792,1.612800,0.199680,1.974272
1017,traditional,0.163104,1.588224,0.199680,1.951008
1018,traditional,0.180256,1.592320,0.201728,1.974304
1019,traditional,0.180928,1.632256,0.200704,2.013888
1020,traditional,0.160640,1.597440,0.200704,1.958784
1021,traditional,0.180832,1.838080,0.200704,2.219616
1022,traditional,0.176928,1.654784,0.200704,2.032416
1023,traditional,0.189440,1.601536,0.200704,1.991680
1024,traditional,0.162720,2.357248,0.378880,2.898848
1025,traditional,0.309696,2.689024,0.200704,3.199424
1026,traditional,0.351552,2.008064,0.199680,2.559296
1027,traditional,0.213888,1.603584,0.201728,2.019200
1028,traditional,0.161280,1.575936,0.200704,1.937920
1029,traditional,0.161920,3.798016,0.379904,4.339840
1030,traditional,0.299680,2.534400,0.201728,3.035808
1031,traditional,0.165632,2.034688,0.211968,2.412288
1032,traditional,0.162080,1.864704,0.206848,2.233632
1033,traditional,0.169696,1.654784,0.210944,2.035424
1034,traditional,0.171296,1.631232,0.206848,2.009376
1035,traditional,0.173888,1.603584,0.205824,1.983296
1036,traditional,0.167744,1.615872,0.205824,1.989440
1037,traditional,0.183072,1.594368,0.200704,1.978144
1038,traditional,0.164352,1.599488,0.200704,1.964544
1039,traditional,0.175968,1.601536,0.200704,1.978208
1040,traditional,0.162816,1.584128,0.200704,1.947648
1041,traditional,0.174016,1.588224,0.200704,1.962944
1042,traditional,0.166912,1.603584,0.199680,1.970176
1043,traditional,0.162592,2.003968,0.208896,2.375456
1044,traditional,0.173696,1.813504,0.199680,2.186880
1045,traditional,0.177760,1.644544,0.199680,2.021984
1046,traditional,0.164256,1.609728,0.200704,1.974688
1047,traditional,0.174304,1.857536,0.204800,2.236640
1048,traditional,0.164832,1.830912,0.199680,2.195424
1049,traditional,0.166432,1.645568,0.203776,2.015776
1050,traditional,0.166240,2.762752,0.581632,3.510624
1051,traditional,0.299488,3.165184,0.205824,3.670496
1052,traditional,0.175840,1.900544,0.205824,2.282208
1053,traditional,0.183648,1.636352,0.199680,2.019680
1054,traditional,0.190688,1.629184,0.200704,2.020576
1055,traditional,0.165728,1.585152,0.200704,1.951584
1056,traditional,0.181312,1.850368,0.204800,2.236480
1057,traditional,0.166016,1.603584,0.207872,1.977472
1058,traditional,0.163424,1.580032,0.199680,1.943136
1059,traditional,0.189536,1.889280,0.203776,2.282592
1060,traditional,0.188064,1.585152,0.200704,1.973920
1061,traditional,0.171424,1.582080,0.199680,1.953184
1062,traditional,0.164608,1.579008,0.200704,1.944320
1063,traditional,0.167584,2.808832,0.377856,3.354272
1064,traditional,0.588672,2.653184,0.203776,3.445632
1065,traditional,0.165760,1.965056,0.380928,2.511744
1066,traditional,0.169888,3.005440,0.377856,3.553184
1067,traditional,0.548224,2.482176,0.203776,3.234176
1068,traditional,0.160480,1.998848,0.382976,2.542304
1069,traditional,0.311136,3.834880,0.377856,4.523872
1070,traditional,0.245376,1.974272,0.385024,2.604672
1071,traditional,0.162720,1.830912,0.215040,2.208672
1072,traditional,0.186400,1.658880,0.209920,2.055200
1073,traditional,0.172416,1.653760,0.209920,2.036096
1074,traditional,0.170112,1.636352,0.205824,2.012288
1075,traditional,0.169216,1.632256,0.206848,2.008320
1076,traditional,0.179232,1.623040,0.206848,2.009120
1077,traditional,0.174048,1.630208,0.202752,2.007008
1078,traditional,0.166592,1.576960,0.202752,1.946304
1079,traditional,0.165696,1.585152,0.202752,1.953600
1080,traditional,0.164704,1.616896,0.202752,1.984352
1081,traditional,0.166784,1.599488,0.202752,1.969024
1082,traditional,0.168000,1.559552,0.199680,1.927232
1083,traditional,0.182016,3.008512,0.377856,3.568384
1084,traditional,0.545376,2.473984,0.203776,3.223136
1085,traditional,0.176384,1.571840,0.200704,1.948928
1086,traditional,0.307200,3.094528,0.378880,3.780608
1087,traditional,0.299200,2.250752,0.246784,2.796736
1088,traditional,0.210432,1.991680,0.248832,2.450944
1089,traditional,0.213632,1.955840,0.246784,2.416256
1090,traditional,0.216000,1.963008,0.247808,2.426816
1091,traditional,0.202144,1.955840,0.251904,2.409888
1092,traditional,0.212160,1.982464,0.248832,2.443456
1093,traditional,0.210400,1.968128,0.247808,2.426336
1094,traditional,0.202272,2.023424,0.260096,2.485792
1095,traditional,0.214048,2.842624,0.267264,3.323936
1096,traditional,0.244000,2.742272,0.270336,3.256608
1097,traditional,0.219712,2.757632,0.271360,3.248704
1098,traditional,0.479456,2.533376,0.263168,3.276000
1099,traditional,0.207968,2.319360,0.264192,2.791520
1100,traditional,0.227936,2.358272,0.260096,2.846304
1101,traditional,0.225120,2.073600,0.259072,2.557792
1102,traditional,0.229696,2.027520,0.260096,2.517312
1103,traditional,0.206080,2.941952,0.267264,3.415296
1104,traditional,0.219328,2.704384,0.278528,3.202240
1105,traditional,0.223936,2.046976,0.257024,2.527936
1106,traditional,0.217312,2.044928,0.262144,2.524384
1107,traditional,0.204992,2.353152,0.259072,2.817216
1108,traditional,0.229440,2.105344,0.259072,2.593856
1109,traditional,0.208224,2.056192,0.259072,2.523488
1110,traditional,0.208544,2.500608,0.265216,2.974368
1111,traditional,0.216384,2.304000,0.254976,2.775360
1112,traditional,0.203296,2.475008,0.258048,2.936352
1113,traditional,0.202656,2.524160,0.259072,2.985888
1114,traditional,0.220352,2.295808,0.253952,2.770112
1115,traditional,0.203200,2.498560,0.264192,2.965952
1116,traditional,0.202368,2.717696,0.262144,3.182208
1117,traditional,0.221312,2.019328,0.252928,2.493568
1118,traditional,0.214240,2.039808,0.252928,2.506976
1119,traditional,0.228448,2.064384,0.252928,2.545760
1120,traditional,0.218304,2.055168,0.252928,2.526400
1121,traditional,0.205888,2.270208,0.251904,2.728000
1122,traditional,0.200288,2.467840,0.260096,2.928224
1123,traditional,0.229120,2.477056,0.257024,2.963200
1124,traditional,0.203840,2.469888,0.257024,2.930752
1125,traditional,0.211200,2.013184,0.514048,2.738432
1126,traditional,0.214784,2.253824,0.252928,2.721536
1127,traditional,0.226880,2.427904,0.256000,2.910784
1128,traditional,0.202688,2.459648,0.261120,2.923456
1129,traditional,0.227968,2.284544,0.252928,2.765440
1130,traditional,0.202048,2.467840,0.256000,2.925888
1131,traditional,0.204480,2.468864,0.254976,2.928320
1132,traditional,0.204896,2.757632,0.256000,3.218528
1133,traditional,0.200480,2.718720,0.281600,3.200800
1134,traditional,0.202272,2.513920,0.258048,2.974240
1135,traditional,0.201920,2.233344,0.252928,2.688192
1136,traditional,0.205728,2.043904,0.252928,2.502560
1137,traditional,0.218176,2.006016,0.252928,2.477120
1138,traditional,0.264512,2.050048,0.252928,2.567488
1139,traditional,0.216960,1.988608,0.252928,2.458496
1140,traditional,0.228352,1.988608,0.252928,2.469888
1141,traditional,0.226656,2.007040,0.248832,2.482528
1142,traditional,0.218976,1.992704,0.248832,2.460512
1143,traditional,0.218336,1.967104,0.248832,2.434272
1144,traditional,0.197760,2.236416,0.251904,2.686080
1145,traditional,0.214368,2.240512,0.252928,2.707808
1146,traditional,0.224000,2.014208,0.249856,2.488064
1147,traditional,0.216224,1.985536,0.219136,2.420896
1148,traditional,0.176224,1.692672,0.217088,2.085984
1149,traditional,0.178208,1.739776,0.221184,2.139168
1150,traditional,0.175488,1.703936,0.217088,2.096512
1151,traditional,0.189728,1.721344,0.220160,2.131232
1152,traditional,0.174176,2.022400,0.385024,2.581600
1153,traditional,0.178112,1.966080,0.219136,2.363328
1154,traditional,0.193120,1.719296,0.217088,2.129504
1155,traditional,0.176928,1.756160,0.217088,2.150176
1156,traditional,0.174144,1.742848,0.217088,2.134080
1157,traditional,0.175296,1.730560,0.218112,2.123968
1158,traditional,0.191936,1.736704,0.216064,2.144704
1159,traditional,0.176416,1.737728,0.217088,2.131232
1160,traditional,0.177664,1.726464,0.216064,2.120192
1161,traditional,0.175072,1.743872,0.217088,2.136032
1162,traditional,0.174304,1.719296,0.217088,2.110688
1163,traditional,0.179584,1.719296,0.217088,2.115968
1164,traditional,0.172224,2.425856,0.222208,2.820288
1165,traditional,0.191904,1.703936,0.218112,2.113952
1166,traditional,0.174720,1.713152,0.217088,2.104960
1167,traditional,0.173856,1.750016,0.217088,2.140960
1168,traditional,0.189216,1.840128,0.200704,2.230048
1169,traditional,0.177408,1.607680,0.200704,1.985792
1170,traditional,0.187104,1.605632,0.204800,1.997536
1171,traditional,0.161056,1.599488,0.200704,1.961248
1172,traditional,0.163136,1.580032,0.200704,1.943872
1173,traditional,0.164032,1.566720,0.200704,1.931456
1174,traditional,0.162272,2.198528,0.385024,2.745824
1175,traditional,0.177152,1.607680,0.200704,1.985536
1176,traditional,0.163456,1.634304,0.200704,1.998464
1177,traditional,0.162912,1.587200,0.200704,1.950816
1178,traditional,0.162720,1.825792,0.199680,2.188192
1179,traditional,0.166208,1.581056,0.210944,1.958208
1180,traditional,0.163040,1.576960,0.200704,1.940704
1181,traditional,0.176992,1.584128,0.200704,1.961824
1182,traditional,0.164992,1.607680,0.200704,1.973376
1183,traditional,0.162304,1.592320,0.200704,1.955328
1184,traditional,0.162144,1.589248,0.206848,1.958240
1185,traditional,0.163776,1.598464,0.199680,1.961920
1186,traditional,0.161600,1.596416,0.200704,1.958720
1187,traditional,0.159968,1.583104,0.200704,1.943776
1188,traditional,0.174432,1.611776,0.201728,1.987936
1189,traditional,0.167040,1.590272,0.200704,1.958016
1190,traditional,0.164832,1.582080,0.200704,1.947616
1191,traditional,0.161216,1.579008,0.200704,1.940928
1192,traditional,0.180032,1.591296,0.200704,1.972032
1193,traditional,0.179360,1.598464,0.200704,1.978528
1194,traditional,0.166880,1.580032,0.200704,1.947616
1195,traditional,0.175648,1.562624,0.200704,1.938976
1196,traditional,0.174944,1.570816,0.200704,1.946464
1197,traditional,0.162016,1.577984,0.200704,1.940704
1198,traditional,0.165184,1.597440,0.200704,1.963328
1199,traditional,0.162048,2.200576,0.205824,2.568448
1200,traditional,0.181312,1.597440,0.200704,1.979456
1201,traditional,0.178528,1.602560,0.200704,1.981792
1202,traditional,0.165600,1.580032,0.200704,1.946336
1203,traditional,0.166368,2.191360,0.390144,2.747872
1204,traditional,0.161824,1.568768,0.200704,1.931296
1205,traditional,0.165984,1.604608,0.200704,1.971296
1206,traditional,0.193120,1.600512,0.200704,1.994336
1207,traditional,0.188320,1.575936,0.200704,1.964960
1208,traditional,0.188608,1.611776,0.200704,2.001088
1209,traditional,0.164224,1.647616,0.200704,2.012544
1210,traditional,0.166816,1.561600,0.201728,1.930144
1211,traditional,0.177696,1.846272,0.199680,2.223648
1212,traditional,0.162752,1.656832,0.207872,2.027456
1213,traditional,0.167808,1.629184,0.207872,2.004864
1214,traditional,0.178368,1.639424,0.207872,2.025664
1215,traditional,0.192896,1.637376,0.207872,2.038144
1216,traditional,0.167584,1.649664,0.207872,2.025120
1217,traditional,0.179168,1.657856,0.209920,2.046944
1218,traditional,0.189632,1.685504,0.209920,2.085056
1219,traditional,0.171552,2.094080,0.215040,2.480672
1220,traditional,0.168864,1.860608,0.212992,2.242464
1221,traditional,0.186560,1.668096,0.209920,2.064576
1222,traditional,0.166624,1.656832,0.207872,2.031328
1223,traditional,0.178528,1.641472,0.206848,2.026848
1224,traditional,0.165664,2.076672,0.210944,2.453280
1225,traditional,0.181120,1.703936,0.207872,2.092928
1226,traditional,0.168800,1.635328,0.207872,2.012000
1227,traditional,0.166592,1.619968,0.206848,1.993408
1228,traditional,0.167488,1.632256,0.207872,2.007616
1229,traditional,0.178944,1.639424,0.210944,2.029312
1230,traditional,0.168736,1.620992,0.206848,1.996576
1231,traditional,0.171584,1.641472,0.207872,2.020928
1232,traditional,0.179072,1.647616,0.208896,2.035584
1233,traditional,0.184704,1.639424,0.206848,2.030976
1234,traditional,0.182208,1.659904,0.206848,2.048960
1235,traditional,0.175520,1.658880,0.204800,2.039200
1236,traditional,0.177888,2.012160,0.208896,2.398944
1237,traditional,0.207136,1.675264,0.206848,2.089248
1238,traditional,0.191776,1.655808,0.205824,2.053408
1239,traditional,0.179936,1.679360,0.204800,2.064096
1240,traditional,0.175360,2.236416,0.387072,2.798848
1241,traditional,0.165344,1.624064,0.205824,1.995232
1242,traditional,0.166176,1.614848,0.204800,1.985824
1243,traditional,0.166784,2.468864,0.217088,2.852736
1244,traditional,0.165280,1.643520,0.206848,2.015648
1245,traditional,0.170656,1.651712,0.217088,2.039456
1246,traditional,0.166560,1.630208,0.206848,2.003616
1247,traditional,0.165344,1.619968,0.207872,1.993184
1248,traditional,0.186496,1.689600,0.209920,2.086016
1249,traditional,0.180960,1.655808,0.207872,2.044640
1250,traditional,0.172064,1.655808,0.206848,2.034720
1251,traditional,0.171552,1.649664,0.205824,2.027040
1252,traditional,0.172960,1.659904,0.206848,2.039712
1253,traditional,0.167712,1.633280,0.206848,2.007840
1254,traditional,0.184768,1.638400,0.206848,2.030016
1255,traditional,0.165536,1.625088,0.203776,1.994400
1256,traditional,0.182176,1.635328,0.203776,2.021280
1257,traditional,0.166240,1.615872,0.203776,1.985888
1258,traditional,0.165440,1.617920,0.203776,1.987136
1259,traditional,0.168608,1.622016,0.205824,1.996448
1260,traditional,0.169664,1.642496,0.204800,2.016960
1261,traditional,0.166368,1.633280,0.204800,2.004448
1262,traditional,0.172512,1.647616,0.205824,2.025952
1263,traditional,0.171008,1.607680,0.204800,1.983488
1264,traditional,0.198912,1.648640,0.204800,2.052352
1265,traditional,0.177888,1.653760,0.203776,2.035424
1266,traditional,0.165344,1.627136,0.203776,1.996256
1267,traditional,0.194720,1.616896,0.203776,2.015392
1268,traditional,0.174880,1.616896,0.204800,1.996576
1269,traditional,0.167648,1.619968,0.207872,1.995488
1270,traditional,0.176672,1.609728,0.204800,1.991200
1271,traditional,0.164960,1.641472,0.206848,2.013280
1272,traditional,0.166464,1.670144,0.206848,2.043456
1273,traditional,0.166976,1.656832,0.206848,2.030656
1274,traditional,0.170144,1.624064,0.208896,2.003104
1275,traditional,0.168512,1.640448,0.207872,2.016832
1276,traditional,0.163904,1.595392,0.202752,1.962048
1277,traditional,0.178560,1.623040,0.202752,2.004352
1278,traditional,0.164672,1.631232,0.203776,1.999680
1279,traditional,0.165504,1.598464,0.202752,1.966720
1280,traditional,0.180576,1.622016,0.202752,2.005344
1281,traditional,0.176640,1.591296,0.202752,1.970688
1282,traditional,0.192992,1.650688,0.205824,2.049504
1283,traditional,0.167712,1.629184,0.204800,2.001696
1284,traditional,0.165664,1.649664,0.204800,2.020128
1285,traditional,0.166048,1.856512,0.204800,2.227360
1286,traditional,0.183680,1.647616,0.204800,2.036096
1287,traditional,0.170368,2.205696,0.388096,2.764160
1288,traditional,0.306656,3.145728,0.216064,3.668448
1289,traditional,0.192800,1.634304,0.203776,2.030880
1290,traditional,0.166528,1.632256,0.203776,2.002560
1291,traditional,0.166976,1.625088,0.205824,1.997888
1292,traditional,0.169824,1.625088,0.203776,1.998688
1293,traditional,0.169440,1.668096,0.210944,2.048480
1294,traditional,0.181792,1.668096,0.209920,2.059808
1295,traditional,0.189344,1.693696,0.209920,2.092960
1296,traditional,0.199392,1.691648,0.209920,2.100960
1297,traditional,0.179648,2.100224,0.214016,2.493888
1298,traditional,0.180992,1.666048,0.209920,2.056960
1299,traditional,0.172608,1.662976,0.209920,2.045504
1300,traditional,0.196736,1.720320,0.209920,2.126976
1301,traditional,0.188704,1.695744,0.209920,2.094368
1302,traditional,0.171232,1.660928,0.210944,2.043104
1303,traditional,0.169600,1.649664,0.206848,2.026112
1304,traditional,0.168608,2.222080,0.223232,2.613920
1305,traditional,0.210464,1.693696,0.206848,2.111008
1306,traditional,0.170848,1.622016,0.206848,1.999712
1307,traditional,0.172544,1.849344,0.206848,2.228736
1308,traditional,0.182240,1.665024,0.208896,2.056160
1309,traditional,0.198432,1.715200,0.207872,2.121504
1310,traditional,0.179744,1.639424,0.206848,2.026016
1311,traditional,0.165024,1.593344,0.202752,1.961120
1312,traditional,0.164160,1.594368,0.202752,1.961280
1313,traditional,0.173952,1.842176,0.210944,2.227072
1314,traditional,0.171456,1.610752,0.203776,1.985984
1315,traditional,0.175232,1.633280,0.201728,2.010240
1316,traditional,0.167104,1.615872,0.217088,2.000064
1317,traditional,0.193504,1.650688,0.234496,2.078688
1318,traditional,0.169952,1.649664,0.210944,2.030560
1319,traditional,0.167936,1.630208,0.205824,2.003968
1320,traditional,0.166560,1.601536,0.204800,1.972896
1321,traditional,0.170080,1.602560,0.202752,1.975392
1322,traditional,0.164960,1.652736,0.202752,2.020448
1323,traditional,0.166208,1.596416,0.201728,1.964352
1324,traditional,0.173984,1.630208,0.203776,2.007968
1325,traditional,0.176576,1.608704,0.203776,1.989056
1326,traditional,0.167584,2.016256,0.387072,2.570912
1327,traditional,0.184128,1.625088,0.214016,2.023232
1328,traditional,0.165824,1.634304,0.203776,2.003904
1329,traditional,0.168672,1.616896,0.203776,1.989344
1330,traditional,0.214528,1.869824,0.208896,2.293248
1331,traditional,0.169728,2.045952,0.219136,2.434816
1332,traditional,0.167520,1.646592,0.203776,2.017888
1333,traditional,0.170432,1.657856,0.207872,2.036160
1334,traditional,0.185280,1.639424,0.207872,2.032576
1335,traditional,0.168000,1.632256,0.218112,2.018368
1336,traditional,0.169216,1.639424,0.206848,2.015488
1337,traditional,0.170080,2.105344,0.209920,2.485344
1338,traditional,0.183328,1.638400,0.206848,2.028576
1339,traditional,0.166848,1.616896,0.206848,1.990592
1340,traditional,0.167648,1.640448,0.206848,2.014944
1341,traditional,0.165760,1.631232,0.206848,2.003840
1342,traditional,0.168384,1.890304,0.373760,2.432448
1343,traditional,0.178496,1.829888,0.201728,2.210112
1344,traditional,0.180064,1.623040,0.202752,2.005856
1345,traditional,0.167712,1.615872,0.202752,1.986336
1346,traditional,0.166304,1.849344,0.202752,2.218400
1347,traditional,0.170816,1.620992,0.202752,1.994560
1348,traditional,0.176384,1.576960,0.202752,1.956096
1349,traditional,0.183808,1.835008,0.200704,2.219520
1350,traditional,0.164352,1.611776,0.201728,1.977856
1351,traditional,0.184832,1.618944,0.200704,2.004480
1352,traditional,0.168864,1.593344,0.201728,1.963936
1353,traditional,0.163424,2.677760,0.381952,3.223136
1354,traditional,0.302848,2.582528,0.201728,3.087104
1355,traditional,0.178816,1.619968,0.200704,1.999488
1356,traditional,0.165248,2.813952,0.382976,3.362176
1357,traditional,0.299328,3.086336,0.216064,3.601728
1358,traditional,0.163776,1.999872,0.400384,2.564032
1359,traditional,0.278848,3.176448,0.389120,3.844416
1360,traditional,0.599552,2.279424,0.206848,3.085824
1361,traditional,0.166240,1.610752,0.203776,1.980768
1362,traditional,0.311072,3.573760,0.422912,4.307744
1363,traditional,0.542048,2.192384,0.225280,2.959712
1364,traditional,0.178784,2.010112,0.392192,2.581088
1365,traditional,0.194848,1.812480,0.229376,2.236704
1366,traditional,0.202368,1.756160,0.222208,2.180736
1367,traditional,0.199232,1.709056,0.218112,2.126400
1368,traditional,0.176672,1.743872,0.217088,2.137632
1369,traditional,0.175584,1.728512,0.220160,2.124256
1370,traditional,0.177184,1.715200,0.217088,2.109472
1371,traditional,0.189440,1.740800,0.217088,2.147328
1372,traditional,0.189152,1.711104,0.212992,2.113248
1373,traditional,0.171968,1.707008,0.212992,2.091968
1374,traditional,0.174400,1.693696,0.212992,2.081088
1375,traditional,0.174336,1.667072,0.212992,2.054400
1376,traditional,0.202656,1.715200,0.212992,2.130848
1377,traditional,0.190080,1.698816,0.214016,2.102912
1378,traditional,0.189312,1.703936,0.209920,2.103168
1379,traditional,0.172672,1.693696,0.209920,2.076288
1380,traditional,0.175456,1.667072,0.208896,2.051424
1381,traditional,0.184896,1.672192,0.209920,2.067008
1382,traditional,0.178528,1.675264,0.210944,2.064736
1383,traditional,0.188064,1.658880,0.216064,2.063008
1384,traditional,0.169632,1.625088,0.205824,2.000544
1385,traditional,0.180352,1.675264,0.206848,2.062464
1386,traditional,0.172160,1.622016,0.206848,2.001024
1387,traditional,0.175360,1.648640,0.206848,2.030848
1388,traditional,0.180672,1.620992,0.206848,2.008512
1389,traditional,0.187552,1.658880,0.205824,2.052256
1390,traditional,0.183136,1.622016,0.205824,2.010976
1391,traditional,0.171136,1.637376,0.206848,2.015360
1392,traditional,0.167104,1.622016,0.206848,1.995968
1393,traditional,0.174400,2.116608,0.397312,2.688320
1394,traditional,0.191808,1.642496,0.206848,2.041152
1395,traditional,0.167040,1.711104,0.207872,2.086016
1396,traditional,0.171232,1.685504,0.207872,2.064608
1397,traditional,0.178560,1.646592,0.207872,2.033024
1398,traditional,0.169696,1.656832,0.207872,2.034400
1399,traditional,0.177536,1.646592,0.206848,2.030976
1400,traditional,0.167424,1.883136,0.374784,2.425344
1401,traditional,0.168480,1.859584,0.205824,2.233888
1402,traditional,0.165984,1.655808,0.204800,2.026592
1403,traditional,0.167968,1.632256,0.204800,2.005024
1404,traditional,0.181760,1.823744,0.208896,2.214400
1405,traditional,0.185696,1.623040,0.205824,2.014560
1406,traditional,0.165632,1.619968,0.204800,1.990400
1407,traditional,0.175264,3.459072,0.393216,4.027552
1408,traditional,0.576384,2.476032,0.207872,3.260288
1409,traditional,0.171456,1.612800,0.206848,1.991104
1410,traditional,0.170784,2.205696,0.210944,2.587424
1411,traditional,0.206400,1.658880,0.209920,2.075200
1412,traditional,0.171392,1.648640,0.206848,2.026880
1413,traditional,0.167808,1.622016,0.206848,1.996672
1414,traditional,0.169376,1.633280,0.206848,2.009504
1415,traditional,0.182176,1.633280,0.206848,2.022304
1416,traditional,0.171680,1.626112,0.212992,2.010784
1417,traditional,0.171456,1.703936,0.210944,2.086336
1418,traditional,0.172256,1.654784,0.211968,2.039008
1419,traditional,0.188160,1.716224,0.211968,2.116352
1420,traditional,0.165728,1.616896,0.204800,1.987424
1421,traditional,0.166560,1.608704,0.215040,1.990304
1422,traditional,0.184608,1.628160,0.205824,2.018592
1423,traditional,0.194976,1.627136,0.205824,2.027936
1424,traditional,0.167264,1.620992,0.204800,1.993056
1425,traditional,0.190400,1.611776,0.206848,2.009024
1426,traditional,0.169696,1.901568,0.370688,2.441952
1427,traditional,0.187008,1.863680,0.209920,2.260608
1428,traditional,0.184832,1.651712,0.206848,2.043392
1429,traditional,0.186176,1.637376,0.205824,2.029376
1430,traditional,0.171648,1.613824,0.204800,1.990272
1431,traditional,0.168000,1.612800,0.204800,1.985600
1432,traditional,0.180320,1.648640,0.205824,2.034784
1433,traditional,0.169088,1.608704,0.229376,2.007168
1434,traditional,0.170720,1.613824,0.204800,1.989344
1435,traditional,0.173024,1.612800,0.207872,1.993696
1436,traditional,0.194752,1.636352,0.203776,2.034880
1437,traditional,0.182464,1.644544,0.204800,2.031808
1438,traditional,0.170592,1.649664,0.203776,2.024032
1439,traditional,0.180416,1.624064,0.203776,2.008256
1440,traditional,0.176320,1.640448,0.203776,2.020544
1441,traditional,0.167008,1.629184,0.203776,1.999968
1442,traditional,0.185856,2.048000,0.388096,2.621952
1443,traditional,0.312928,3.394560,0.208896,3.916384
1444,traditional,0.467456,2.042880,0.208896,2.719232
1445,traditional,0.165792,2.028544,0.208896,2.403232
1446,traditional,0.164736,1.647616,0.203776,2.016128
1447,traditional,0.166560,1.767424,0.235520,2.169504
1448,traditional,0.187712,2.500608,0.248832,2.937152
1449,traditional,0.187328,1.910784,0.241664,2.339776
1450,traditional,0.187936,1.851392,0.236544,2.275872
1451,traditional,0.202400,1.864704,0.235520,2.302624
1452,traditional,0.193344,1.857536,0.235520,2.286400
1453,traditional,0.193632,1.873920,0.235520,2.303072
1454,traditional,0.191136,1.878016,0.236544,2.305696
1455,traditional,0.189184,1.890304,0.235520,2.315008
1456,traditional,0.190016,1.865728,0.235520,2.291264
1457,traditional,0.192032,1.853440,0.234496,2.279968
1458,traditional,0.204896,1.856512,0.230400,2.291808
1459,traditional,0.216576,1.856512,0.231424,2.304512
1460,traditional,0.186144,1.826816,0.231424,2.244384
1461,traditional,0.186240,1.815552,0.230400,2.232192
1462,traditional,0.200480,1.866752,0.230400,2.297632
1463,traditional,0.201472,1.835008,0.256000,2.292480
1464,traditional,0.191264,1.843200,0.236544,2.271008
1465,traditional,0.194880,1.900544,0.235520,2.330944
1466,traditional,0.186880,1.863680,0.236544,2.287104
1467,traditional,0.189280,1.858560,0.236544,2.284384
1468,traditional,0.186272,1.878016,0.236544,2.300832
1469,traditional,0.209760,1.867776,0.235520,2.313056
1470,traditional,0.194432,1.884160,0.236544,2.315136
1471,traditional,0.193728,1.904640,0.240640,2.339008
1472,traditional,0.192288,1.878016,0.235520,2.305824
1473,traditional,0.201728,1.864704,0.235520,2.301952
1474,traditional,0.211104,1.902592,0.235520,2.349216
1475,traditional,0.190880,1.890304,0.233472,2.314656
1476,traditional,0.220544,1.861632,0.234496,2.316672
1477,traditional,0.202048,1.864704,0.234496,2.301248
1478,traditional,0.188416,1.874944,0.235520,2.298880
1479,traditional,0.189184,1.898496,0.235520,2.323200
1480,traditional,0.192352,1.909760,0.235520,2.337632
1481,traditional,0.189792,1.882112,0.236544,2.308448
1482,traditional,0.188928,2.489344,0.239616,2.917888
1483,traditional,0.186016,1.889280,0.237568,2.312864
1484,traditional,0.202528,2.333696,0.237568,2.773792
1485,traditional,0.192512,1.848320,0.233472,2.274304
1486,traditional,0.195488,1.859584,0.234496,2.289568
1487,traditional,0.198592,1.895424,0.240640,2.334656
1488,traditional,0.187840,1.825792,0.231424,2.245056
1489,traditional,0.186080,1.815552,0.231424,2.233056
1490,traditional,0.203072,1.851392,0.230400,2.284864
1491,traditional,0.198336,1.889280,0.230400,2.318016
1492,traditional,0.195296,1.858560,0.229376,2.283232
1493,traditional,0.186880,1.811456,0.230400,2.228736
1494,traditional,0.198528,1.833984,0.231424,2.263936
1495,traditional,0.184160,1.824768,0.231424,2.240352
1496,traditional,0.207840,1.826816,0.228352,2.263008
1497,traditional,0.203264,1.801216,0.229376,2.233856
1498,traditional,0.204608,1.860608,0.229376,2.294592
1499,traditional,0.197632,1.825792,0.229376,2.252800
1500,traditional,0.196544,1.854464,0.229376,2.280384
1501,traditional,0.200704,1.882112,0.229376,2.312192
1502,traditional,0.184960,1.844224,0.228352,2.257536
1503,traditional,0.195616,1.811456,0.229376,2.236448
1504,traditional,0.195584,1.844224,0.230400,2.270208
1505,traditional,0.185248,1.831936,0.228352,2.245536
1506,traditional,0.186560,1.822720,0.228352,2.237632
1507,traditional,0.209760,1.817600,0.228352,2.255712
1508,traditional,0.185056,2.268160,0.231424,2.684640
1509,traditional,0.169440,1.649664,0.207872,2.026976
1510,traditional,0.179200,1.669120,0.207872,2.056192
1511,traditional,0.167584,1.656832,0.207872,2.032288
1512,traditional,0.168224,1.626112,0.206848,2.001184
1513,traditional,0.168544,1.668096,0.207872,2.044512
1514,traditional,0.170656,1.704960,0.201728,2.077344
1515,traditional,0.172896,1.566720,0.200704,1.940320
1516,traditional,0.166464,1.904640,0.216064,2.287168
1517,traditional,0.172640,1.603584,0.204800,1.981024
1518,traditional,0.163808,1.992704,0.384000,2.540512
1519,traditional,0.181312,1.580032,0.199680,1.961024
1520,traditional,0.178304,1.618944,0.199680,1.996928
1521,traditional,0.161984,1.977344,0.384000,2.523328
1522,traditional,0.180544,1.589248,0.200704,1.970496
1523,traditional,0.163104,1.616896,0.199680,1.979680
1524,traditional,0.167456,1.598464,0.200704,1.966624
1525,traditional,0.179232,1.594368,0.200704,1.974304
1526,traditional,0.178592,1.631232,0.200704,2.010528
1527,traditional,0.175168,1.585152,0.200704,1.961024
1528,traditional,0.172064,1.600512,0.200704,1.973280
1529,traditional,0.162304,1.579008,0.200704,1.942016
1530,traditional,0.163104,1.565696,0.200704,1.929504
1531,traditional,0.165600,1.577984,0.199680,1.943264
1532,traditional,0.165472,1.589248,0.204800,1.959520
1533,traditional,0.164384,1.585152,0.200704,1.950240
1534,traditional,0.162720,1.604608,0.199680,1.967008
1535,traditional,0.161408,1.584128,0.200704,1.946240
1536,traditional,0.163424,1.605632,0.199680,1.968736
1537,traditional,0.170464,1.613824,0.199680,1.983968
1538,traditional,0.164448,1.595392,0.199680,1.959520
1539,traditional,0.174272,1.563648,0.200704,1.938624
1540,traditional,0.176800,1.575936,0.199680,1.952416
1541,traditional,0.162304,1.569792,0.200704,1.932800
1542,traditional,0.164704,3.293184,0.610304,4.068192
1543,traditional,0.606752,2.301952,0.203776,3.112480
1544,traditional,0.172320,1.597440,0.200704,1.970464
1545,traditional,0.165568,2.084864,0.204800,2.455232
1546,traditional,0.190656,1.617920,0.201728,2.010304
1547,traditional,0.169472,1.661952,0.200704,2.032128
1548,traditional,0.316896,3.090432,0.377856,3.785184
1549,traditional,0.590464,2.485248,0.206848,3.282560
1550,traditional,0.173888,1.633280,0.202752,2.009920
1551,traditional,0.184384,1.654784,0.202752,2.041920
1552,traditional,0.164224,1.623040,0.201728,1.988992
1553,traditional,0.163968,1.598464,0.202752,1.965184
1554,traditional,0.163712,1.617920,0.202752,1.984384
1555,traditional,0.164128,1.610752,0.202752,1.977632
1556,traditional,0.175488,1.606656,0.201728,1.983872
1557,traditional,0.185280,1.603584,0.209920,1.998784
1558,traditional,0.175424,1.617920,0.201728,1.995072
1559,traditional,0.166912,1.601536,0.201728,1.970176
1560,traditional,0.175712,1.608704,0.201728,1.986144
1561,traditional,0.193792,2.255872,0.230400,2.680064
1562,traditional,0.209664,1.789952,0.226304,2.225920
1563,traditional,0.180928,2.216960,0.235520,2.633408
1564,traditional,0.195936,2.028544,0.232448,2.456928
1565,traditional,0.210176,1.792000,0.227328,2.229504
1566,traditional,0.182016,1.811456,0.224256,2.217728
1567,traditional,0.181472,1.829888,0.225280,2.236640
1568,traditional,0.200032,2.046976,0.231424,2.478432
1569,traditional,0.192096,1.871872,0.230400,2.294368
1570,traditional,0.188352,2.291712,0.250880,2.730944
1571,traditional,0.192256,2.083840,0.230400,2.506496
1572,traditional,0.195872,1.807360,0.228352,2.231584
1573,traditional,0.182976,1.816576,0.229376,2.228928
1574,traditional,0.188960,1.795072,0.230400,2.214432
1575,traditional,0.181984,1.800192,0.229376,2.211552
1576,traditional,0.194688,1.786880,0.229376,2.210944
1577,traditional,0.185280,2.045952,0.409600,2.640832
1578,traditional,0.214528,2.041856,0.232448,2.488832
1579,traditional,0.209696,1.813504,0.244736,2.267936
1580,traditional,0.196672,2.263040,0.437248,2.896960
1581,traditional,0.199072,1.858560,0.232448,2.290080
1582,traditional,0.199552,1.811456,0.232448,2.243456
1583,traditional,0.186912,1.811456,0.483328,2.481696
1584,traditional,0.198912,2.076672,0.232448,2.508032
1585,traditional,0.188896,1.873920,0.233472,2.296288
1586,traditional,0.205568,1.883136,0.233472,2.322176
1587,traditional,0.201376,1.852416,0.233472,2.287264
1588,traditional,0.187584,1.817600,0.233472,2.238656
1589,traditional,0.189024,2.300928,0.433152,2.923104
1590,traditional,0.186752,1.850368,0.233472,2.270592
1591,traditional,0.203168,1.859584,0.240640,2.303392
1592,traditional,0.207680,1.886208,0.239616,2.333504
1593,traditional,0.214304,1.900544,0.240640,2.355488
1594,traditional,0.221600,1.879040,0.240640,2.341280
1595,traditional,0.206496,1.899520,0.240640,2.346656
1596,traditional,0.192736,1.879040,0.235520,2.307296
1597,traditional,0.186528,1.845248,0.235520,2.267296
1598,traditional,0.190496,2.501632,0.240640,2.932768
1599,traditional,0.201248,2.113536,0.236544,2.551328
1600,traditional,0.187840,2.324480,0.238592,2.750912
1601,traditional,0.200480,2.553856,0.244736,2.999072
1602,traditional,0.191968,2.356224,0.244736,2.792928
1603,traditional,0.238208,2.107392,0.240640,2.586240
1604,traditional,0.189984,2.169856,0.241664,2.601504
1605,traditional,0.189120,1.865728,0.239616,2.294464
1606,traditional,0.216832,1.869824,0.236544,2.323200
1607,traditional,0.208320,1.874944,0.237568,2.320832
1608,traditional,0.205472,1.939456,0.239616,2.384544
1609,traditional,0.218688,1.956864,0.240640,2.416192
1610,traditional,0.217024,1.935360,0.239616,2.392000
1611,traditional,0.194784,1.911808,0.240640,2.347232
1612,traditional,0.193728,1.908736,0.239616,2.342080
1613,traditional,0.194528,1.940480,0.240640,2.375648
1614,traditional,0.192736,2.365440,0.243712,2.801888
1615,traditional,0.193504,2.342912,0.244736,2.781152
1616,traditional,0.204832,1.934336,0.239616,2.378784
1617,traditional,0.194336,2.393088,0.259072,2.846496
1618,traditional,0.193280,2.215936,0.239616,2.648832
1619,traditional,0.225152,1.900544,0.240640,2.366336
1620,traditional,0.171040,1.724416,0.212992,2.108448
1621,traditional,0.184736,1.693696,0.217088,2.095520
1622,traditional,0.176320,1.721344,0.211968,2.109632
1623,traditional,0.185920,1.680384,0.212992,2.079296
1624,traditional,0.172544,1.708032,0.216064,2.096640
1625,traditional,0.192512,1.712128,0.211968,2.116608
1626,traditional,0.171232,1.681408,0.212992,2.065632
1627,traditional,0.167392,1.882112,0.363520,2.413024
1628,traditional,0.167680,1.596416,0.201728,1.965824
1629,traditional,0.180480,1.626112,0.200704,2.007296
1630,traditional,0.167968,1.597440,0.201728,1.967136
1631,traditional,0.165888,1.575936,0.200704,1.942528
1632,traditional,0.172192,1.592320,0.199680,1.964192
1633,traditional,0.162720,1.599488,0.200704,1.962912
1634,traditional,0.172672,1.603584,0.199680,1.975936
1635,traditional,0.165760,1.573888,0.199680,1.939328
1636,traditional,0.162080,1.600512,0.199680,1.962272
1637,traditional,0.174144,1.595392,0.200704,1.970240
1638,traditional,0.166240,1.570816,0.199680,1.936736
1639,traditional,0.164000,1.594368,0.200704,1.959072
1640,traditional,0.171360,1.579008,0.200704,1.951072
1641,traditional,0.163712,1.586176,0.200704,1.950592
1642,traditional,0.163360,1.593344,0.200704,1.957408
1643,traditional,0.162400,1.644544,0.199680,2.006624
1644,traditional,0.164832,1.586176,0.199680,1.950688
1645,traditional,0.161440,1.588224,0.200704,1.950368
1646,traditional,0.162272,1.590272,0.200704,1.953248
1647,traditional,0.162400,1.630208,0.199680,1.992288
1648,traditional,0.163168,1.591296,0.200704,1.955168
1649,traditional,0.164608,1.572864,0.199680,1.937152
1650,traditional,0.183584,1.586176,0.199680,1.969440
1651,traditional,0.163264,1.581056,0.201728,1.946048
1652,traditional,0.166880,1.606656,0.200704,1.974240
1653,traditional,0.171776,1.582080,0.199680,1.953536
1654,traditional,0.166912,1.567744,0.200704,1.935360
1655,traditional,0.163744,1.597440,0.200704,1.961888
1656,traditional,0.171744,1.561600,0.199680,1.933024
1657,traditional,0.166464,1.589248,0.199680,1.955392
1658,traditional,0.170592,1.575936,0.202752,1.949280
1659,traditional,0.162496,1.592320,0.200704,1.955520
1660,traditional,0.167328,1.617920,0.199680,1.984928
1661,traditional,0.166208,1.588224,0.200704,1.955136
1662,traditional,0.168704,1.583104,0.200704,1.952512
1663,traditional,0.163424,1.573888,0.199680,1.936992
1664,traditional,0.164160,1.598464,0.199680,1.962304
1665,traditional,0.160864,1.563648,0.200704,1.925216
1666,traditional,0.162400,1.626112,0.200704,1.989216
1667,traditional,0.160672,1.560576,0.200704,1.921952
1668,traditional,0.163424,1.604608,0.200704,1.968736
1669,traditional,0.162400,1.582080,0.204800,1.949280
1670,traditional,0.161824,1.583104,0.199680,1.944608
1671,traditional,0.160992,1.582080,0.201728,1.944800
1672,traditional,0.167648,1.586176,0.200704,1.954528
1673,traditional,0.176640,1.804288,0.199680,2.180608
1674,traditional,0.171232,1.620992,0.200704,1.992928
1675,traditional,0.164416,1.595392,0.200704,1.960512
1676,traditional,0.165728,1.616896,0.200704,1.983328
1677,traditional,0.162336,1.636352,0.200704,1.999392
1678,traditional,0.168896,1.584128,0.199680,1.952704
1679,traditional,0.162496,1.591296,0.200704,1.954496
1680,traditional,0.163872,1.579008,0.199680,1.942560
1681,traditional,0.161600,1.587200,0.200704,1.949504
1682,traditional,0.162144,1.563648,0.199680,1.925472
1683,traditional,0.162560,1.625088,0.199680,1.987328
1684,traditional,0.165216,1.576960,0.200704,1.942880
1685,traditional,0.164000,1.598464,0.203776,1.966240
1686,traditional,0.164960,1.598464,0.200704,1.964128
1687,traditional,0.173472,1.617920,0.200704,1.992096
1688,traditional,0.166304,1.574912,0.200704,1.941920
1689,traditional,0.162688,1.595392,0.199680,1.957760
1690,traditional,0.163232,1.562624,0.200704,1.926560
1691,traditional,0.165920,1.609728,0.199680,1.975328
1692,traditional,0.161728,1.590272,0.200704,1.952704
1693,traditional,0.165792,1.571840,0.200704,1.938336
1694,traditional,0.165376,1.604608,0.200704,1.970688
1695,traditional,0.162432,1.592320,0.200704,1.955456
1696,traditional,0.200640,1.616896,0.199680,2.017216
1697,traditional,0.167456,3.015680,0.378880,3.562016
1698,traditional,0.594528,2.391040,0.203776,3.189344
1699,traditional,0.163392,2.007040,0.204800,2.375232
1700,traditional,0.163136,1.615872,0.200704,1.979712
1701,traditional,0.177024,1.595392,0.199680,1.972096
1702,traditional,0.166976,1.628160,0.199680,1.994816
1703,traditional,0.163424,1.579008,0.200704,1.943136
1704,traditional,0.173536,1.985536,0.382976,2.542048
1705,traditional,0.177120,1.589248,0.201728,1.968096
1706,traditional,0.182112,1.661952,0.201728,2.045792
1707,traditional,0.164480,1.610752,0.201728,1.976960
1708,traditional,0.166816,1.640448,0.202752,2.010016
1709,traditional,0.161696,1.572864,0.200704,1.935264
1710,traditional,0.167872,1.612800,0.205824,1.986496
1711,traditional,0.165056,1.579008,0.200704,1.944768
1712,traditional,0.188288,1.601536,0.200704,1.990528
1713,traditional,0.162528,1.576960,0.200704,1.940192
1714,traditional,0.164160,1.575936,0.200704,1.940800
1715,traditional,0.162560,1.596416,0.199680,1.958656
1716,traditional,0.169472,1.608704,0.200704,1.978880
1717,traditional,0.162560,3.466240,0.382976,4.011776
1718,traditional,0.542784,2.504704,0.204800,3.252288
1719,traditional,0.164192,2.002944,0.203776,2.370912
1720,traditional,0.164448,1.589248,0.200704,1.954400
1721,traditional,0.178368,1.840128,0.204800,2.223296
1722,traditional,0.162336,1.594368,0.200704,1.957408
1723,traditional,0.162816,1.627136,0.210944,2.000896
1724,traditional,0.302784,3.135488,0.378880,3.817152
1725,traditional,0.311488,2.100224,0.382976,2.794688
1726,traditional,0.180448,1.623040,0.200704,2.004192
1727,traditional,0.162784,1.605632,0.199680,1.968096
1728,traditional,0.165248,1.609728,0.199680,1.974656
1729,traditional,0.180672,1.610752,0.200704,1.992128
1730,traditional,0.163104,1.601536,0.199680,1.964320
1731,traditional,0.162752,2.794496,0.668672,3.625920
1732,traditional,0.364864,2.652160,0.227328,3.244352
1733,traditional,0.181856,2.284544,0.231424,2.697824
1734,traditional,0.190816,2.171904,0.227328,2.590048
1735,traditional,0.191136,2.128896,0.516096,2.836128
1736,traditional,0.188896,1.930240,0.239616,2.358752
1737,traditional,0.186272,1.852416,0.237568,2.276256
1738,traditional,0.191488,1.858560,0.569344,2.619392
1739,traditional,0.192512,1.900544,0.237568,2.330624
1740,traditional,0.188032,1.852416,0.237568,2.278016
1741,traditional,0.181696,2.427904,0.243712,2.853312
1742,traditional,0.191840,1.769472,0.227328,2.188640
1743,traditional,0.180800,2.102272,0.403456,2.686528
1744,traditional,0.196256,1.813504,0.226304,2.236064
1745,traditional,0.200256,1.801216,0.226304,2.227776
1746,traditional,0.184288,1.807360,0.230400,2.222048
1747,traditional,0.195648,1.802240,0.228352,2.226240
1748,traditional,0.181824,1.776640,0.226304,2.184768
1749,traditional,0.193984,2.644992,0.237568,3.076544
1750,traditional,0.200512,1.828864,0.227328,2.256704
1751,traditional,0.181856,1.808384,0.224256,2.214496
1752,traditional,0.182016,1.780736,0.223232,2.185984
1753,traditional,0.182464,1.752064,0.224256,2.158784
1754,traditional,0.205024,1.813504,0.227328,2.245856
1755,traditional,0.192352,1.785856,0.226304,2.204512
1756,traditional,0.182880,1.798144,0.225280,2.206304
1757,traditional,0.186528,1.786880,0.225280,2.198688
1758,traditional,0.180256,2.050048,0.404480,2.634784
1759,traditional,0.199296,2.100224,0.228352,2.527872
1760,traditional,0.196800,1.831936,0.228352,2.257088
1761,traditional,0.183904,2.299904,0.233472,2.717280
1762,traditional,0.197056,1.837056,0.228352,2.262464
1763,traditional,0.200672,1.827840,0.229376,2.257888
1764,traditional,0.199328,1.871872,0.229376,2.300576
1765,traditional,0.181952,1.832960,0.240640,2.255552
1766,traditional,0.187136,1.823744,0.228352,2.239232
1767,traditional,0.182720,1.845248,0.228352,2.256320
1768,traditional,0.185728,1.858560,0.227328,2.271616
1769,traditional,0.194112,1.813504,0.228352,2.235968
1770,traditional,0.186464,1.830912,0.228352,2.245728
1771,traditional,0.201920,1.852416,0.228352,2.282688
1772,traditional,0.183488,1.838080,0.227328,2.248896
1773,traditional,0.194432,1.875968,0.232448,2.302848
1774,traditional,0.184512,1.839104,0.230400,2.254016
1775,traditional,0.185344,1.808384,0.228352,2.222080
1776,traditional,0.179744,1.826816,0.228352,2.234912
1777,traditional,0.184480,1.798144,0.226304,2.208928
1778,traditional,0.181728,1.796096,0.225280,2.203104
1779,traditional,0.184224,1.785856,0.226304,2.196384
1780,traditional,0.183456,1.811456,0.226304,2.221216
1781,traditional,0.182752,1.803264,0.225280,2.211296
1782,traditional,0.185952,1.790976,0.231424,2.208352
1783,traditional,0.197056,1.759232,0.225280,2.181568
1784,traditional,0.196032,1.777664,0.225280,2.198976
1785,traditional,0.181664,1.781760,0.225280,2.188704
1786,traditional,0.209344,1.765376,0.207872,2.182592
1787,traditional,0.171584,1.629184,0.206848,2.007616
1788,traditional,0.181024,2.052096,0.209920,2.443040
1789,traditional,0.181280,1.609728,0.206848,1.997856
1790,traditional,0.167872,1.633280,0.205824,2.006976
1791,traditional,0.180864,1.642496,0.206848,2.030208
1792,traditional,0.195968,1.637376,0.201728,2.035072
1793,traditional,0.170656,1.580032,0.200704,1.951392
1794,traditional,0.179040,1.568768,0.201728,1.949536
1795,traditional,0.165120,1.624064,0.201728,1.990912
1796,traditional,0.171104,1.599488,0.200704,1.971296
1797,traditional,0.189696,1.620992,0.200704,2.011392
1798,traditional,0.165504,1.598464,0.199680,1.963648
1799,traditional,0.163520,1.559552,0.199680,1.922752
1800,traditional,0.162080,1.556480,0.199680,1.918240
1801,traditional,0.165984,1.570816,0.200704,1.937504
1802,traditional,0.182976,1.562624,0.199680,1.945280
1803,traditional,0.191936,1.589248,0.199680,1.980864
1804,traditional,0.190720,1.569792,0.200704,1.961216
1805,traditional,0.163968,1.775616,0.200704,2.140288
1806,traditional,0.174752,1.564672,0.200704,1.940128
1807,traditional,0.175840,1.573888,0.200704,1.950432
1808,traditional,0.166432,1.545216,0.199680,1.911328
1809,traditional,0.171072,1.572864,0.203776,1.947712
1810,traditional,0.163232,1.561600,0.201728,1.926560
1811,traditional,0.164960,1.559552,0.199680,1.924192
1812,traditional,0.167488,1.563648,0.199680,1.930816
1813,traditional,0.162272,1.548288,0.199680,1.910240
1814,traditional,0.179904,1.620992,0.200704,2.001600
1815,traditional,0.162656,1.555456,0.200704,1.918816
1816,traditional,0.220032,3.030016,0.378880,3.628928
1817,traditional,0.298336,2.616320,0.204800,3.119456
1818,traditional,0.176544,2.233344,0.201728,2.611616
1819,traditional,0.163648,1.583104,0.201728,1.948480
1820,traditional,0.163648,1.544192,0.199680,1.907520
1821,traditional,0.186592,1.559552,0.200704,1.946848
1822,traditional,0.216544,3.532800,0.608256,4.357600
1823,traditional,0.313664,2.076672,0.381952,2.772288
1824,traditional,0.179072,1.833984,0.199680,2.212736
1825,traditional,0.163456,1.596416,0.199680,1.959552
1826,traditional,0.166912,2.034688,0.380928,2.582528
1827,traditional,0.299936,3.246080,0.386048,3.932064
1828,traditional,0.170464,1.594368,0.206848,1.971680
1829,traditional,0.167264,1.600512,0.202752,1.970528
1830,traditional,0.178720,3.146752,0.385024,3.710496
1831,traditional,0.303744,2.799616,0.206848,3.310208
1832,traditional,0.166176,1.992704,0.220160,2.379040
1833,traditional,0.168032,1.639424,0.203776,2.011232
1834,traditional,0.183200,1.580032,0.217088,1.980320
1835,traditional,0.172992,1.547264,0.200704,1.920960
1836,traditional,0.165536,3.022848,0.380928,3.569312
1837,traditional,0.299360,2.675712,0.204800,3.179872
1838,traditional,0.164032,2.038784,0.207872,2.410688
1839,traditional,0.179104,1.593344,0.202752,1.975200
1840,traditional,0.175200,1.604608,0.202752,1.982560
1841,traditional,0.174848,1.614848,0.202752,1.992448
1842,traditional,0.165408,1.594368,0.210944,1.970720
1843,traditional,0.169088,1.582080,0.200704,1.951872
1844,traditional,0.168672,1.969152,0.386048,2.523872
1845,traditional,0.184512,3.037184,0.382976,3.604672
1846,traditional,0.583904,2.888704,0.230400,3.703008
1847,traditional,0.194240,2.233344,0.234496,2.662080
1848,traditional,0.184000,2.045952,0.226304,2.456256
1849,traditional,0.181280,1.805312,0.226304,2.212896
1850,traditional,0.183488,1.775616,0.226304,2.185408
1851,traditional,0.190816,1.906688,0.237568,2.335072
1852,traditional,0.209920,1.879040,0.238592,2.327552
1853,traditional,0.200128,1.891328,0.237568,2.329024
1854,traditional,0.206368,1.939456,0.236544,2.382368
1855,traditional,0.212672,1.888256,0.236544,2.337472
1856,traditional,0.231392,1.911808,0.236544,2.379744
1857,traditional,0.187584,1.837056,0.233472,2.258112
1858,traditional,0.205536,1.840128,0.235520,2.281184
1859,traditional,0.190720,1.881088,0.233472,2.305280
1860,traditional,0.186880,1.832960,0.233472,2.253312
1861,traditional,0.199488,1.833984,0.233472,2.266944
1862,traditional,0.203424,1.884160,0.233472,2.321056
1863,traditional,0.205728,1.904640,0.234496,2.344864
1864,traditional,0.201856,1.862656,0.233472,2.297984
1865,traditional,0.213888,1.893376,0.233472,2.340736
1866,traditional,0.211456,1.868800,0.237568,2.317824
1867,traditional,0.205664,1.896448,0.233472,2.335584
1868,traditional,0.188768,2.112512,0.232448,2.533728
1869,traditional,0.215456,1.865728,0.232448,2.313632
1870,traditional,0.201440,1.854464,0.231424,2.287328
1871,traditional,0.195840,2.139136,0.425984,2.760960
1872,traditional,0.190176,2.115584,0.235520,2.541280
1873,traditional,0.192032,2.325504,0.250880,2.768416
1874,traditional,0.201888,1.878016,0.235520,2.315424
1875,traditional,0.215520,1.896448,0.233472,2.345440
1876,traditional,0.188928,1.882112,0.233472,2.304512
1877,traditional,0.188160,2.104320,0.233472,2.525952
1878,traditional,0.189632,1.890304,0.236544,2.316480
1879,traditional,0.187680,2.282496,0.240640,2.710816
1880,traditional,0.211552,1.846272,0.233472,2.291296
1881,traditional,0.185888,1.820672,0.232448,2.239008
1882,traditional,0.200128,1.873920,0.230400,2.304448
1883,traditional,0.194464,1.809408,0.230400,2.234272
1884,traditional,0.185024,1.806336,0.230400,2.221760
1885,traditional,0.185664,1.844224,0.230400,2.260288
1886,traditional,0.203744,1.801216,0.225280,2.230240
1887,traditional,0.180480,1.773568,0.224256,2.178304
1888,traditional,0.196608,1.805312,0.224256,2.226176
1889,traditional,0.181536,1.770496,0.225280,2.177312
1890,traditional,0.195744,1.766400,0.242688,2.204832
1891,traditional,0.179136,1.767424,0.224256,2.170816
1892,traditional,0.180864,1.797120,0.224256,2.202240
1893,traditional,0.182944,1.833984,0.227328,2.244256
1894,traditional,0.183616,1.792000,0.228352,2.203968
1895,traditional,0.182528,1.795072,0.228352,2.205952
1896,traditional,0.188992,1.814528,0.226304,2.229824
1897,traditional,0.182016,1.790976,0.226304,2.199296
1898,traditional,0.182784,1.846272,0.226304,2.255360
1899,traditional,0.181824,1.811456,0.226304,2.219584
1900,traditional,0.199072,1.795072,0.225280,2.219424
1901,traditional,0.189248,1.729536,0.217088,2.135872
1902,traditional,0.181824,1.770496,0.222208,2.174528
1903,traditional,0.175808,1.722368,0.216064,2.114240
1904,traditional,0.175968,1.739776,0.216064,2.131808
1905,traditional,0.173920,1.727488,0.216064,2.117472
1906,traditional,0.178912,1.742848,0.216064,2.137824
1907,traditional,0.175040,1.752064,0.216064,2.143168
1908,traditional,0.175296,1.719296,0.216064,2.110656
1909,traditional,0.174944,1.718272,0.217088,2.110304
1910,traditional,0.174496,1.689600,0.216064,2.080160
1911,traditional,0.174592,1.730560,0.224256,2.129408
1912,traditional,0.173344,1.754112,0.216064,2.143520
1913,traditional,0.176448,1.736704,0.217088,2.130240
1914,traditional,0.180448,1.719296,0.216064,2.115808
1915,traditional,0.182592,1.712128,0.216064,2.110784
1916,traditional,0.176864,1.721344,0.216064,2.114272
1917,traditional,0.167776,1.556480,0.210944,1.935200
1918,traditional,0.164480,1.580032,0.199680,1.944192
1919,traditional,0.168128,1.567744,0.199680,1.935552
1920,traditional,0.165792,1.570816,0.199680,1.936288
1921,traditional,0.165408,1.591296,0.199680,1.956384
1922,traditional,0.162176,1.618944,0.199680,1.980800
1923,traditional,0.165344,1.576960,0.199680,1.941984
1924,traditional,0.169024,1.569792,0.199680,1.938496
1925,traditional,0.161440,1.559552,0.199680,1.920672
1926,traditional,0.167296,1.582080,0.199680,1.949056
1927,traditional,0.164192,1.610752,0.199680,1.974624
1928,traditional,0.167520,1.622016,0.199680,1.989216
1929,traditional,0.164704,1.619968,0.199680,1.984352
1930,traditional,0.163808,1.613824,0.199680,1.977312
1931,traditional,0.161504,1.572864,0.199680,1.934048
1932,traditional,0.162112,1.568768,0.199680,1.930560
1933,traditional,0.161760,1.595392,0.199680,1.956832
1934,traditional,0.165376,1.616896,0.208896,1.991168
1935,traditional,0.167584,1.592320,0.203776,1.963680
1936,traditional,0.166848,1.571840,0.198656,1.937344
1937,traditional,0.166176,1.570816,0.199680,1.936672
1938,traditional,0.166560,1.593344,0.199680,1.959584
1939,traditional,0.162976,1.587200,0.199680,1.949856
1940,traditional,0.165376,1.569792,0.201728,1.936896
1941,traditional,0.161216,1.595392,0.199680,1.956288
1942,traditional,0.182016,1.611776,0.199680,1.993472
1943,traditional,0.161536,1.563648,0.199680,1.924864
1944,traditional,0.163040,1.985536,0.382976,2.531552
1945,traditional,0.163424,1.579008,0.200704,1.943136
1946,traditional,0.163584,1.587200,0.199680,1.950464
1947,traditional,0.165568,1.594368,0.199680,1.959616
1948,traditional,0.167488,1.561600,0.200704,1.929792
1949,traditional,0.160416,1.602560,0.199680,1.962656
1950,traditional,0.165664,1.574912,0.199680,1.940256
1951,traditional,0.187328,1.572864,0.202752,1.962944
1952,traditional,0.162208,1.587200,0.200704,1.950112
1953,traditional,0.161952,1.565696,0.199680,1.927328
1954,traditional,0.165600,1.599488,0.199680,1.964768
1955,traditional,0.184768,1.646592,0.202752,2.034112
1956,traditional,0.167840,1.565696,0.202752,1.936288
1957,traditional,0.164352,1.619968,0.199680,1.984000
1958,traditional,0.179296,1.602560,0.199680,1.981536
1959,traditional,0.173856,1.562624,0.202752,1.939232
1960,traditional,0.166048,1.608704,0.200704,1.975456
1961,traditional,0.166528,1.825792,0.361472,2.353792
1962,traditional,0.180608,1.628160,0.199680,2.008448
1963,traditional,0.164224,1.594368,0.199680,1.958272
1964,traditional,0.162016,1.632256,0.199680,1.993952
1965,traditional,0.169408,1.568768,0.199680,1.937856
1966,traditional,0.168032,1.583104,0.217088,1.968224
1967,traditional,0.167168,1.823744,0.201728,2.192640
1968,traditional,0.163520,1.586176,0.200704,1.950400
1969,traditional,0.177920,1.606656,0.200704,1.985280
1970,traditional,0.174496,1.583104,0.199680,1.957280
1971,traditional,0.161568,1.605632,0.204800,1.972000
1972,traditional,0.176064,1.583104,0.199680,1.958848
1973,traditional,0.163552,1.566720,0.199680,1.929952
1974,traditional,0.162688,1.606656,0.199680,1.969024
1975,traditional,0.169344,1.585152,0.200704,1.955200
1976,traditional,0.163392,1.575936,0.199680,1.939008
1977,traditional,0.165184,1.588224,0.199680,1.953088
1978,traditional,0.166784,1.571840,0.200704,1.939328
1979,traditional,0.166400,1.566720,0.199680,1.932800
1980,traditional,0.164160,1.556480,0.199680,1.920320
1981,traditional,0.162080,1.606656,0.199680,1.968416
1982,traditional,0.180064,2.037760,0.384000,2.601824
1983,traditional,0.181984,1.597440,0.199680,1.979104
1984,traditional,0.164192,1.580032,0.200704,1.944928
1985,traditional,0.161632,1.811456,0.205824,2.178912
1986,traditional,0.189184,1.615872,0.200704,2.005760
1987,traditional,0.161536,1.568768,0.199680,1.929984
1988,traditional,0.165408,1.573888,0.199680,1.938976
1989,traditional,0.166048,1.575936,0.199680,1.941664
1990,traditional,0.162304,1.605632,0.199680,1.967616
1991,traditional,0.164768,1.595392,0.200704,1.960864
1992,traditional,0.161888,1.581056,0.204800,1.947744
1993,traditional,0.178816,1.576960,0.199680,1.955456
1994,traditional,0.191072,1.575936,0.199680,1.966688
1995,traditional,0.169984,1.622016,0.199680,1.991680
1996,traditional,0.166304,1.850368,0.205824,2.222496
1997,traditional,0.166272,1.860608,0.199680,2.226560
1998,traditional,0.162816,1.562624,0.200704,1.926144
1999,traditional,0.170208,1.800192,0.428032,2.398432
2000,traditional,0.167168,1.568768,0.200704,1.936640
2001,traditional,0.192416,1.769472,0.224256,2.186144
2002,traditional,0.179456,1.773568,0.225280,2.178304
2003,traditional,0.179616,1.808384,0.225280,2.213280
2004,traditional,0.179040,1.781760,0.224256,2.185056
2005,traditional,0.180672,1.786880,0.229376,2.196928
2006,traditional,0.194528,1.751040,0.224256,2.169824
2007,traditional,0.182112,1.792000,0.224256,2.198368
2008,traditional,0.189088,1.783808,0.224256,2.197152
2009,traditional,0.183872,1.753088,0.224256,2.161216
2010,traditional,0.190912,2.045952,0.397312,2.634176
2011,traditional,0.198880,1.763328,0.223232,2.185440
2012,traditional,0.186400,1.768448,0.223232,2.178080
2013,traditional,0.205088,1.771520,0.223232,2.199840
2014,traditional,0.181408,1.820672,0.248832,2.250912
2015,traditional,0.208608,1.853440,0.227328,2.289376
2016,traditional,0.185632,1.799168,0.238592,2.223392
2017,traditional,0.212928,1.832960,0.226304,2.272192
2018,traditional,0.181056,1.804288,0.229376,2.214720
2019,traditional,0.185856,1.820672,0.229376,2.235904
2020,traditional,0.185216,1.795072,0.227328,2.207616
2021,traditional,0.196832,1.823744,0.231424,2.252000
2022,traditional,0.179968,1.807360,0.227328,2.214656
2023,traditional,0.193824,1.786880,0.225280,2.205984
2024,traditional,0.205984,1.811456,0.228352,2.245792
2025,traditional,0.192448,2.103296,0.402432,2.698176
2026,traditional,0.183424,1.821696,0.224256,2.229376
2027,traditional,0.187936,1.801216,0.231424,2.220576
2028,traditional,0.181760,1.810432,0.226304,2.218496
2029,traditional,0.194016,1.815552,0.227328,2.236896
2030,traditional,0.185440,1.797120,0.226304,2.208864
2031,traditional,0.190656,2.096128,0.226304,2.513088
2032,traditional,0.182272,1.809408,0.222208,2.213888
2033,traditional,0.178784,1.748992,0.221184,2.148960
2034,traditional,0.181664,1.787904,0.221184,2.190752
2035,traditional,0.181856,1.786880,0.221184,2.189920
2036,traditional,0.182528,2.208768,0.229376,2.620672
2037,traditional,0.204512,1.804288,0.220160,2.228960
2038,traditional,0.180128,1.767424,0.221184,2.168736
2039,traditional,0.188480,1.760256,0.220160,2.168896
2040,traditional,0.178112,1.740800,0.232448,2.151360
2041,traditional,0.189120,1.768448,0.222208,2.179776
2042,traditional,0.190752,1.784832,0.220160,2.195744
2043,traditional,0.188064,1.746944,0.221184,2.156192
2044,traditional,0.181536,1.776640,0.228352,2.186528
2045,traditional,0.177824,1.751040,0.224256,2.153120
2046,traditional,0.181568,1.764352,0.221184,2.167104
2047,traditional,0.182560,1.768448,0.221184,2.172192
2048,traditional,0.197952,1.764352,0.221184,2.183488
2049,traditional,0.179232,1.748992,0.220160,2.148384
2050,traditional,0.178624,1.793024,0.221184,2.192832
2051,traditional,0.174688,1.725440,0.229376,2.129504
2052,traditional,0.175456,1.732608,0.218112,2.126176
2053,traditional,0.175680,1.751040,0.218112,2.144832
2054,traditional,0.175456,1.748992,0.219136,2.143584
2055,traditional,0.179424,1.624064,0.203776,2.007264
2056,traditional,0.164480,1.626112,0.203776,1.994368
2057,traditional,0.166688,1.615872,0.203776,1.986336
2058,traditional,0.167008,1.593344,0.203776,1.964128
2059,traditional,0.170080,1.605632,0.203776,1.979488
2060,traditional,0.165888,1.626112,0.203776,1.995776
2061,traditional,0.169344,1.623040,0.202752,1.995136
2062,traditional,0.178144,1.610752,0.202752,1.991648
2063,traditional,0.165440,1.612800,0.200704,1.978944
2064,traditional,0.161920,1.592320,0.199680,1.953920
2065,traditional,0.161984,1.591296,0.199680,1.952960
2066,traditional,0.170752,1.575936,0.199680,1.946368
2067,traditional,0.186272,1.582080,0.199680,1.968032
2068,traditional,0.164224,1.557504,0.199680,1.921408
2069,traditional,0.165120,1.584128,0.200704,1.949952
2070,traditional,0.169280,1.601536,0.199680,1.970496
2071,traditional,0.165408,1.585152,0.200704,1.951264
2072,traditional,0.164928,1.599488,0.199680,1.964096
2073,traditional,0.163136,1.589248,0.199680,1.952064
2074,traditional,0.162368,1.577984,0.199680,1.940032
2075,traditional,0.166656,1.570816,0.199680,1.937152
2076,traditional,0.161824,1.580032,0.199680,1.941536
2077,traditional,0.166496,1.565696,0.199680,1.931872
2078,traditional,0.164288,1.581056,0.200704,1.946048
2079,traditional,0.161920,1.582080,0.199680,1.943680
2080,traditional,0.166624,1.580032,0.200704,1.947360
2081,traditional,0.163680,1.589248,0.200704,1.953632
2082,traditional,0.179040,1.563648,0.199680,1.942368
2083,traditional,0.164064,1.560576,0.199680,1.924320
2084,traditional,0.163552,1.568768,0.199680,1.932000
2085,traditional,0.161984,1.565696,0.199680,1.927360
2086,traditional,0.164768,1.614848,0.199680,1.979296
2087,traditional,0.166816,1.585152,0.202752,1.954720
2088,traditional,0.186848,1.598464,0.199680,1.984992
2089,traditional,0.164576,1.594368,0.199680,1.958624
2090,traditional,0.163168,1.558528,0.199680,1.921376
2091,traditional,0.165920,1.615872,0.199680,1.981472
2092,traditional,0.162752,1.566720,0.199680,1.929152
2093,traditional,0.162720,1.566720,0.199680,1.929120
2094,traditional,0.161760,1.580032,0.205824,1.947616
2095,traditional,0.175456,1.569792,0.200704,1.945952
2096,traditional,0.161728,1.581056,0.199680,1.942464
2097,traditional,0.161664,1.586176,0.199680,1.947520
2098,traditional,0.161824,1.558528,0.199680,1.920032
2099,traditional,0.160800,1.589248,0.199680,1.949728
2100,traditional,0.161344,1.604608,0.199680,1.965632
