frame,renderPath,shadowMs,sceneMs,postProcessMs,frameMs
1,traditional,0.077440,1.153024,0.258048,1.488512
2,traditional,0.085984,1.132544,0.336896,1.555424
3,traditional,0.079808,1.164288,0.338944,1.583040
4,traditional,0.080160,1.796096,0.335872,2.212128
5,traditional,0.085632,1.153024,0.331776,1.570432
6,traditional,0.077856,1.148928,0.329728,1.556512
7,traditional,0.079424,0.354304,0.180224,0.613952
8,traditional,0.081312,0.353280,0.188416,0.623008
9,traditional,0.075872,0.353280,0.179200,0.608352
10,traditional,0.080320,0.358400,0.190464,0.629184
11,traditional,0.078368,0.368640,0.196608,0.643616
12,traditional,0.079232,0.359424,0.180224,0.618880
13,traditional,0.079008,0.384000,0.180224,0.643232
14,traditional,0.092992,0.563200,0.181248,0.837440
15,traditional,0.086528,0.347136,0.179200,0.612864
16,traditional,0.089568,0.350208,0.179200,0.618976
17,traditional,0.076864,0.350208,0.179200,0.606272
18,traditional,0.078176,0.360448,0.183296,0.621920
19,traditional,0.079008,0.661504,0.186368,0.926880
20,traditional,0.078304,0.399360,0.179200,0.656864
21,traditional,0.077824,0.362496,0.180224,0.620544
22,traditional,0.080288,0.363520,0.180224,0.624032
23,traditional,0.077600,0.352256,0.179200,0.609056
24,traditional,0.078080,0.351232,0.179200,0.608512
25,traditional,0.076576,0.350208,0.196608,0.623392
26,traditional,0.087776,0.356352,0.181248,0.625376
27,traditional,0.076032,0.358400,0.183296,0.617728
28,traditional,0.077920,0.365568,0.197632,0.641120
29,traditional,0.076160,0.348160,0.179200,0.603520
30,traditional,0.083200,0.354304,0.179200,0.616704
31,traditional,0.087072,0.364544,0.191488,0.643104
32,traditional,0.076064,0.355328,0.178176,0.609568
33,traditional,0.076192,0.347136,0.181248,0.604576
34,traditional,0.076800,0.358400,0.178176,0.613376
35,traditional,0.075136,0.362496,0.189440,0.627072
36,traditional,0.087392,0.351232,0.184320,0.622944
37,traditional,0.076800,0.388096,0.183296,0.648192
38,traditional,0.076704,0.353280,0.178176,0.608160
39,traditional,0.086816,0.380928,0.182272,0.650016
40,traditional,0.076288,0.366592,0.179200,0.622080
41,traditional,0.076672,0.347136,0.179200,0.603008
42,traditional,0.077632,0.352256,0.179200,0.609088
43,traditional,0.078240,0.349184,0.186368,0.613792
44,traditional,0.076736,0.353280,0.178176,0.608192
45,traditional,0.081504,0.382976,0.183296,0.647776
46,traditional,0.082112,0.352256,0.179200,0.613568
47,traditional,0.075936,0.346112,0.181248,0.603296
48,traditional,0.082752,0.352256,0.181248,0.616256
49,traditional,0.079584,0.368640,0.191488,0.639712
50,traditional,0.079008,0.364544,0.179200,0.622752
51,traditional,0.076000,0.349184,0.181248,0.606432
52,traditional,0.076448,0.357376,0.178176,0.612000
53,traditional,0.076192,0.362496,0.179200,0.617888
54,traditional,0.076000,0.352256,0.178176,0.606432
55,traditional,0.075904,0.355328,0.179200,0.610432
56,traditional,0.078496,0.359424,0.179200,0.617120
57,traditional,0.080544,0.346112,0.179200,0.605856
58,traditional,0.088992,0.381952,0.179200,0.650144
59,traditional,0.070752,0.322560,0.166912,0.560224
60,traditional,0.072320,0.328704,0.165888,0.566912
61,traditional,0.071296,0.332800,0.171008,0.575104
62,traditional,0.084160,0.321536,0.166912,0.572608
63,traditional,0.071424,0.320512,0.175104,0.567040
64,traditional,0.071424,0.335872,0.166912,0.574208
65,traditional,0.071296,0.330752,0.166912,0.568960
66,traditional,0.071200,0.354304,0.166912,0.592416
67,traditional,0.075360,0.323584,0.166912,0.565856
68,traditional,0.083904,0.336896,0.166912,0.587712
69,traditional,0.071328,0.334848,0.166912,0.573088
70,traditional,0.081792,0.346112,0.165888,0.593792
71,traditional,0.071776,0.320512,0.166912,0.559200
72,traditional,0.071328,0.319488,0.165888,0.556704
73,traditional,0.071072,0.327680,0.166912,0.565664
74,traditional,0.084032,0.331776,0.165888,0.581696
75,traditional,0.071232,0.334848,0.166912,0.572992
76,traditional,0.071776,0.319488,0.166912,0.558176
77,traditional,0.075616,0.323584,0.166912,0.566112
78,traditional,0.071712,0.351232,0.165888,0.588832
79,traditional,0.070560,0.319488,0.165888,0.555936
80,traditional,0.072512,0.337920,0.165888,0.576320
81,traditional,0.070528,0.324608,0.166912,0.562048
82,traditional,0.071872,0.333824,0.166912,0.572608
83,traditional,0.071744,0.330752,0.166912,0.569408
84,traditional,0.071840,0.319488,0.166912,0.558240
85,traditional,0.071040,0.339968,0.166912,0.577920
86,traditional,0.087136,0.321536,0.168960,0.577632
87,traditional,0.071296,0.326656,0.166912,0.564864
88,traditional,0.071808,0.326656,0.166912,0.565376
89,traditional,0.076032,0.354304,0.180224,0.610560
90,traditional,0.072416,0.332800,0.165888,0.571104
91,traditional,0.070912,0.329728,0.175104,0.575744
92,traditional,0.070784,0.572416,0.179200,0.822400
93,traditional,0.082528,0.342016,0.176128,0.600672
94,traditional,0.072128,0.324608,0.175104,0.571840
95,traditional,0.070912,0.339968,0.169984,0.580864
96,traditional,0.071552,0.332800,0.166912,0.571264
97,traditional,0.070528,0.342016,0.169984,0.582528
98,traditional,0.070912,0.370688,0.165888,0.607488
99,traditional,0.070976,0.322560,0.166912,0.560448
100,traditional,0.071584,0.329728,0.166912,0.568224
101,traditional,0.070816,0.350208,0.169984,0.591008
102,traditional,0.070944,0.328704,0.165888,0.565536
103,traditional,0.087872,0.331776,0.169984,0.589632
104,traditional,0.071232,0.324608,0.166912,0.562752
105,traditional,0.094752,0.322560,0.166912,0.584224
106,traditional,0.074432,0.322560,0.172032,0.569024
107,traditional,0.073152,0.328704,0.173056,0.574912
108,traditional,0.083008,0.327680,0.191488,0.602176
109,traditional,0.070624,0.329728,0.179200,0.579552
110,traditional,0.072256,0.637952,0.217088,0.927296
111,traditional,0.070976,0.342016,0.176128,0.589120
112,traditional,0.071616,0.332800,0.165888,0.570304
113,traditional,0.071424,0.337920,0.166912,0.576256
114,traditional,0.073504,0.329728,0.165888,0.569120
115,traditional,0.070688,0.337920,0.171008,0.579616
116,traditional,0.070784,0.336896,0.165888,0.573568
117,traditional,0.071072,0.320512,0.169984,0.561568
118,traditional,0.072640,0.320512,0.168960,0.562112
119,traditional,0.070848,0.328704,0.177152,0.576704
120,traditional,0.071392,0.331776,0.174080,0.577248
121,traditional,0.069408,0.324608,0.164864,0.558880
122,traditional,0.077504,0.325632,0.161792,0.564928
123,traditional,0.072128,0.322560,0.161792,0.556480
124,traditional,0.068576,0.328704,0.174080,0.571360
125,traditional,0.069024,0.325632,0.174080,0.568736
126,traditional,0.069344,0.337920,0.161792,0.569056
127,traditional,0.074816,0.334848,0.196608,0.606272
128,traditional,0.080096,0.329728,0.169984,0.579808
129,traditional,0.068704,0.324608,0.162816,0.556128
130,traditional,0.069344,0.321536,0.372736,0.763616
131,traditional,0.069728,0.332800,0.162816,0.565344
132,traditional,0.069952,0.311296,0.161792,0.543040
133,traditional,0.068320,0.313344,0.167936,0.549600
134,traditional,0.070176,0.335872,0.161792,0.567840
135,traditional,0.080256,0.321536,0.165888,0.567680
136,traditional,0.069312,0.332800,0.161792,0.563904
137,traditional,0.068640,0.315392,0.165888,0.549920
138,traditional,0.072032,0.314368,0.161792,0.548192
139,traditional,0.069376,0.316416,0.177152,0.562944
140,traditional,0.069504,0.317440,0.175104,0.562048
141,traditional,0.072192,0.365568,0.168960,0.606720
142,traditional,0.072800,0.314368,0.161792,0.548960
143,traditional,0.068288,0.348160,0.162816,0.579264
144,traditional,0.070720,0.326656,0.164864,0.562240
145,traditional,0.079648,0.318464,0.161792,0.559904
146,traditional,0.069504,0.339968,0.161792,0.571264
147,traditional,0.069184,0.334848,0.166912,0.570944
148,traditional,0.069792,0.326656,0.162816,0.559264
149,traditional,0.069248,0.314368,0.161792,0.545408
150,traditional,0.070112,0.326656,0.165888,0.562656
151,traditional,0.068160,0.321536,0.165888,0.555584
152,traditional,0.073536,0.328704,0.165888,0.568128
153,traditional,0.071616,0.319488,0.162816,0.553920
154,traditional,0.071456,0.319488,0.161792,0.552736
155,traditional,0.068576,0.313344,0.161792,0.543712
156,traditional,0.076768,0.313344,0.165888,0.556000
157,traditional,0.069280,0.312320,0.169984,0.551584
158,traditional,0.072000,0.327680,0.161792,0.561472
159,traditional,0.071936,0.311296,0.162816,0.546048
160,traditional,0.069440,0.314368,0.165888,0.549696
161,traditional,0.069088,0.313344,0.161792,0.544224
162,traditional,0.069728,0.336896,0.162816,0.569440
163,traditional,0.069248,0.338944,0.162816,0.571008
164,traditional,0.071200,0.323584,0.164864,0.559648
165,traditional,0.068864,0.320512,0.165888,0.555264
166,traditional,0.082720,0.319488,0.187392,0.589600
167,traditional,0.072352,0.317440,0.164864,0.554656
168,traditional,0.070272,0.315392,0.162816,0.548480
169,traditional,0.079872,0.323584,0.161792,0.565248
170,traditional,0.069760,0.319488,0.161792,0.551040
171,traditional,0.069120,0.322560,0.181248,0.572928
172,traditional,0.068992,0.340992,0.161792,0.571776
173,traditional,0.069856,0.312320,0.162816,0.544992
174,traditional,0.069248,0.314368,0.161792,0.545408
175,traditional,0.090688,0.316416,0.166912,0.574016
176,traditional,0.068544,0.315392,0.161792,0.545728
177,traditional,0.075552,0.331776,0.181248,0.588576
178,traditional,0.069760,0.327680,0.165888,0.563328
179,traditional,0.072672,0.310272,0.162816,0.545760
180,traditional,0.068992,0.312320,0.187392,0.568704
181,traditional,0.072448,0.316416,0.162816,0.551680
182,traditional,0.072128,0.312320,0.164864,0.549312
183,traditional,0.069088,0.324608,0.161792,0.555488
184,traditional,0.068960,0.324608,0.162816,0.556384
185,traditional,0.069600,0.340992,0.161792,0.572384
186,traditional,0.069696,0.322560,0.161792,0.554048
187,traditional,0.069728,0.318464,0.161792,0.549984
188,traditional,0.072992,0.316416,0.161792,0.551200
189,traditional,0.069568,0.318464,0.165888,0.553920
190,traditional,0.073216,0.311296,0.162816,0.547328
191,traditional,0.069504,0.324608,0.162816,0.556928
192,traditional,0.069792,0.313344,0.163840,0.546976
193,traditional,0.069376,0.320512,0.162816,0.552704
194,traditional,0.080096,0.321536,0.161792,0.563424
195,traditional,0.068928,0.323584,0.179200,0.571712
196,traditional,0.070848,0.320512,0.164864,0.556224
197,traditional,0.069472,0.311296,0.165888,0.546656
198,traditional,0.069856,0.325632,0.160768,0.556256
199,traditional,0.068512,0.337920,0.162816,0.569248
200,traditional,0.069472,0.314368,0.161792,0.545632
201,traditional,0.069472,0.324608,0.175104,0.569184
202,traditional,0.071072,0.314368,0.161792,0.547232
203,traditional,0.073728,0.315392,0.162816,0.551936
204,traditional,0.069408,0.335872,0.161792,0.567072
205,traditional,0.069728,0.331776,0.161792,0.563296
206,traditional,0.074400,0.325632,0.174080,0.574112
207,traditional,0.074592,0.310272,0.162816,0.547680
208,traditional,0.069888,0.311296,0.162816,0.544000
209,traditional,0.069248,0.318464,0.162816,0.550528
210,traditional,0.076032,0.310272,0.161792,0.548096
211,traditional,0.069120,0.320512,0.174080,0.563712
212,traditional,0.069504,0.325632,0.161792,0.556928
213,traditional,0.069024,0.315392,0.161792,0.546208
214,traditional,0.068992,0.320512,0.164864,0.554368
215,traditional,0.070880,0.311296,0.168960,0.551136
216,traditional,0.069664,0.314368,0.164864,0.548896
217,traditional,0.069120,0.313344,0.166912,0.549376
218,traditional,0.069536,0.320512,0.161792,0.551840
219,traditional,0.069120,0.317440,0.187392,0.573952
220,traditional,0.069728,0.320512,0.164864,0.555104
221,traditional,0.068640,0.326656,0.167936,0.563232
222,traditional,0.077920,0.310272,0.161792,0.549984
223,traditional,0.069344,0.319488,0.161792,0.550624
224,traditional,0.070880,0.338944,0.174080,0.583904
225,traditional,0.072416,0.321536,0.161792,0.555744
226,traditional,0.069248,0.321536,0.161792,0.552576
227,traditional,0.071744,0.317440,0.186368,0.575552
228,traditional,0.070272,0.313344,0.164864,0.548480
229,traditional,0.072352,0.323584,0.161792,0.557728
230,traditional,0.069280,0.311296,0.161792,0.542368
231,traditional,0.069408,0.315392,0.161792,0.546592
232,traditional,0.069504,0.325632,0.162816,0.557952
233,traditional,0.081568,0.327680,0.181248,0.590496
234,traditional,0.068704,0.327680,0.162816,0.559200
235,traditional,0.074592,0.324608,0.161792,0.560992
236,traditional,0.073440,0.331776,0.171008,0.576224
237,traditional,0.068416,0.325632,0.162816,0.556864
238,traditional,0.069152,0.316416,0.161792,0.547360
239,traditional,0.070016,0.322560,0.188416,0.580992
240,traditional,0.071584,0.323584,0.164864,0.560032
241,traditional,0.069152,0.312320,0.161792,0.543264
242,traditional,0.069728,0.323584,0.161792,0.555104
243,traditional,0.069632,0.317440,0.164864,0.551936
244,traditional,0.069184,0.314368,0.162816,0.546368
245,traditional,0.069824,0.316416,0.162816,0.549056
246,traditional,0.069920,0.326656,0.165888,0.562464
247,traditional,0.069920,0.315392,0.172032,0.557344
248,traditional,0.069728,0.319488,0.161792,0.551008
249,traditional,0.068992,0.314368,0.162816,0.546176
250,traditional,0.070688,0.312320,0.161792,0.544800
251,traditional,0.069472,0.313344,0.161792,0.544608
252,traditional,0.069152,0.322560,0.161792,0.553504
253,traditional,0.067744,0.328704,0.161792,0.558240
254,traditional,0.072768,0.320512,0.161792,0.555072
255,traditional,0.068992,0.312320,0.167936,0.549248
256,traditional,0.069216,0.311296,0.161792,0.542304
257,traditional,0.068352,0.322560,0.160768,0.551680
258,traditional,0.069216,0.324608,0.162816,0.556640
259,traditional,0.068384,0.312320,0.161792,0.542496
260,traditional,0.069216,0.327680,0.164864,0.561760
261,traditional,0.070112,0.312320,0.161792,0.544224
262,traditional,0.070688,0.321536,0.174080,0.566304
263,traditional,0.072096,0.316416,0.165888,0.554400
264,traditional,0.070304,0.311296,0.161792,0.543392
265,traditional,0.069408,0.311296,0.161792,0.542496
266,traditional,0.069248,0.332800,0.162816,0.564864
267,traditional,0.074496,0.330752,0.166912,0.572160
268,traditional,0.070208,0.351232,0.197632,0.619072
269,traditional,0.070144,0.315392,0.162816,0.548352
270,traditional,0.073088,0.328704,0.162816,0.564608
271,traditional,0.068672,0.315392,0.165888,0.549952
272,traditional,0.069216,0.336896,0.174080,0.580192
273,traditional,0.081184,0.311296,0.174080,0.566560
274,traditional,0.069152,0.318464,0.162816,0.550432
275,traditional,0.069312,0.331776,0.165888,0.566976
276,traditional,0.073216,0.313344,0.164864,0.551424
277,traditional,0.071200,0.313344,0.173056,0.557600
278,traditional,0.069536,0.311296,0.161792,0.542624
279,traditional,0.068864,0.317440,0.161792,0.548096
280,traditional,0.069408,0.314368,0.165888,0.549664
281,traditional,0.070080,0.329728,0.188416,0.588224
282,traditional,0.071488,0.326656,0.164864,0.563008
283,traditional,0.069440,0.332800,0.165888,0.568128
284,traditional,0.069920,0.310272,0.162816,0.543008
285,traditional,0.069472,0.318464,0.161792,0.549728
286,traditional,0.069088,0.322560,0.161792,0.553440
287,traditional,0.069408,0.320512,0.165888,0.555808
288,traditional,0.072064,0.321536,0.160768,0.554368
289,traditional,0.072416,0.314368,0.161792,0.548576
290,traditional,0.068224,0.335872,0.161792,0.565888
291,traditional,0.076960,0.336896,0.212992,0.626848
292,traditional,0.080384,0.316416,0.161792,0.558592
293,traditional,0.077280,0.319488,0.161792,0.558560
294,traditional,0.069760,0.310272,0.162816,0.542848
295,traditional,0.080288,0.347136,0.162816,0.590240
296,traditional,0.070464,0.320512,0.173056,0.564032
297,traditional,0.069472,0.331776,0.162816,0.564064
298,traditional,0.070592,0.333824,0.169984,0.574400
299,traditional,0.068160,0.315392,0.174080,0.557632
300,traditional,0.092416,0.595968,0.167936,0.856320
301,traditional,0.074368,0.333824,0.161792,0.569984
302,traditional,0.069248,0.315392,0.165888,0.550528
303,traditional,0.068864,0.333824,0.166912,0.569600
304,traditional,0.074112,0.310272,0.161792,0.546176
305,traditional,0.072352,0.327680,0.161792,0.561824
306,traditional,0.082560,0.357376,0.161792,0.601728
307,traditional,0.076960,0.331776,0.165888,0.574624
308,traditional,0.076640,0.311296,0.172032,0.559968
309,traditional,0.069280,0.320512,0.162816,0.552608
310,traditional,0.069920,0.340992,0.166912,0.577824
311,traditional,0.068832,0.337920,0.178176,0.584928
312,traditional,0.070240,0.334848,0.161792,0.566880
313,traditional,0.070016,0.332800,0.162816,0.565632
314,traditional,0.072896,0.321536,0.161792,0.556224
315,traditional,0.069280,0.317440,0.162816,0.549536
316,traditional,0.072768,0.326656,0.162816,0.562240
317,traditional,0.068704,0.323584,0.162816,0.555104
318,traditional,0.076800,0.323584,0.173056,0.573440
319,traditional,0.080672,0.312320,0.161792,0.554784
320,traditional,0.069504,0.319488,0.161792,0.550784
321,traditional,0.069088,0.317440,0.162816,0.549344
322,traditional,0.081536,0.312320,0.161792,0.555648
323,traditional,0.072064,0.324608,0.161792,0.558464
324,traditional,0.075040,0.353280,0.161792,0.590112
325,traditional,0.068512,0.313344,0.162816,0.544672
326,traditional,0.080864,0.330752,0.164864,0.576480
327,traditional,0.070336,0.313344,0.174080,0.557760
328,traditional,0.069280,0.315392,0.161792,0.546464
329,traditional,0.070368,0.321536,0.162816,0.554720
330,traditional,0.081856,0.336896,0.162816,0.581568
331,traditional,0.069184,0.320512,0.161792,0.551488
332,traditional,0.069088,0.315392,0.165888,0.550368
333,traditional,0.073024,0.328704,0.161792,0.563520
334,traditional,0.080512,0.312320,0.161792,0.554624
335,traditional,0.082080,0.320512,0.162816,0.565408
336,traditional,0.074208,0.326656,0.161792,0.562656
337,traditional,0.073216,0.322560,0.161792,0.557568
338,traditional,0.069504,0.309248,0.161792,0.540544
339,traditional,0.068928,0.314368,0.161792,0.545088
340,traditional,0.069152,0.320512,0.162816,0.552480
341,traditional,0.072864,0.337920,0.162816,0.573600
342,traditional,0.069184,0.319488,0.161792,0.550464
343,traditional,0.068896,0.312320,0.174080,0.555296
344,traditional,0.069472,0.340992,0.189440,0.599904
345,traditional,0.069216,0.328704,0.161792,0.559712
346,traditional,0.068864,0.331776,0.175104,0.575744
347,traditional,0.071360,0.321536,0.162816,0.555712
348,traditional,0.069664,0.318464,0.174080,0.562208
349,traditional,0.069440,0.316416,0.162816,0.548672
350,traditional,0.075840,0.319488,0.183296,0.578624
351,traditional,0.069376,0.313344,0.162816,0.545536
352,traditional,0.082176,0.311296,0.166912,0.560384
353,traditional,0.068960,0.327680,0.161792,0.558432
354,traditional,0.080448,0.323584,0.161792,0.565824
355,traditional,0.077856,0.345088,0.161792,0.584736
356,traditional,0.075392,0.342016,0.162816,0.580224
357,traditional,0.068800,0.328704,0.185344,0.582848
358,traditional,0.072256,0.329728,0.162816,0.564800
359,traditional,0.068928,0.320512,0.162816,0.552256
360,traditional,0.069216,0.322560,0.161792,0.553568
361,traditional,0.068928,0.333824,0.161792,0.564544
362,traditional,0.078976,0.313344,0.175104,0.567424
363,traditional,0.068800,0.344064,0.161792,0.574656
364,traditional,0.075328,0.342016,0.196608,0.613952
365,traditional,0.081568,0.321536,0.161792,0.564896
366,traditional,0.072704,0.314368,0.161792,0.548864
367,traditional,0.071616,0.319488,0.174080,0.565184
368,traditional,0.076928,0.325632,0.171008,0.573568
369,traditional,0.068992,0.315392,0.163840,0.548224
370,traditional,0.069728,0.329728,0.162816,0.562272
371,traditional,0.068640,0.328704,0.161792,0.559136
372,traditional,0.069760,0.309248,0.161792,0.540800
373,traditional,0.077344,0.310272,0.161792,0.549408
374,traditional,0.070336,0.343040,0.165888,0.579264
375,traditional,0.073792,0.340992,0.162816,0.577600
376,traditional,0.071296,0.311296,0.161792,0.544384
377,traditional,0.069952,0.310272,0.161792,0.542016
378,traditional,0.077088,0.325632,0.160768,0.563488
379,traditional,0.068576,0.312320,0.167936,0.548832
380,traditional,0.075968,0.313344,0.174080,0.563392
381,traditional,0.082112,0.328704,0.175104,0.585920
382,traditional,0.069248,0.327680,0.162816,0.559744
383,traditional,0.069056,0.319488,0.161792,0.550336
384,traditional,0.073600,0.510976,0.188416,0.772992
385,traditional,0.068608,0.311296,0.162816,0.542720
386,traditional,0.068704,0.309248,0.161792,0.539744
387,traditional,0.073248,0.312320,0.161792,0.547360
388,traditional,0.069760,0.320512,0.161792,0.552064
389,traditional,0.072800,0.329728,0.161792,0.564320
390,traditional,0.071456,0.347136,0.161792,0.580384
391,traditional,0.069760,0.311296,0.161792,0.542848
392,traditional,0.069184,0.323584,0.161792,0.554560
393,traditional,0.071968,0.317440,0.161792,0.551200
394,traditional,0.069536,0.333824,0.161792,0.565152
395,traditional,0.069024,0.314368,0.161792,0.545184
396,traditional,0.069472,0.317440,0.160768,0.547680
397,traditional,0.067808,0.315392,0.162816,0.546016
398,traditional,0.069152,0.313344,0.162816,0.545312
399,traditional,0.069184,0.315392,0.161792,0.546368
400,traditional,0.068736,0.320512,0.161792,0.551040
401,traditional,0.069792,0.342016,0.161792,0.573600
402,traditional,0.069088,0.314368,0.163840,0.547296
403,traditional,0.068064,0.321536,0.164864,0.554464
404,traditional,0.092576,0.319488,0.162816,0.574880
405,traditional,0.072256,0.319488,0.161792,0.553536
406,traditional,0.070688,0.313344,0.160768,0.544800
407,traditional,0.070432,0.327680,0.162816,0.560928
408,traditional,0.070880,0.338944,0.162816,0.572640
409,traditional,0.068992,0.343040,0.162816,0.574848
410,traditional,0.070080,0.313344,0.167936,0.551360
411,traditional,0.069216,0.320512,0.161792,0.551520
412,traditional,0.072768,0.315392,0.161792,0.549952
413,traditional,0.080768,0.330752,0.162816,0.574336
414,traditional,0.068896,0.312320,0.163840,0.545056
415,traditional,0.073504,0.316416,0.165888,0.555808
416,traditional,0.070048,0.315392,0.161792,0.547232
417,traditional,0.069184,0.311296,0.162816,0.543296
418,traditional,0.069248,0.316416,0.161792,0.547456
419,traditional,0.068768,0.323584,0.162816,0.555168
420,traditional,0.069472,0.327680,0.173056,0.570208
421,traditional,0.068640,0.320512,0.168960,0.558112
422,traditional,0.078944,0.323584,0.165888,0.568416
423,traditional,0.069344,0.310272,0.162816,0.542432
424,traditional,0.069120,0.325632,0.161792,0.556544
425,traditional,0.069184,0.321536,0.163840,0.554560
426,traditional,0.070336,0.309248,0.165888,0.545472
427,traditional,0.072576,0.313344,0.161792,0.547712
428,traditional,0.072800,0.325632,0.161792,0.560224
429,traditional,0.084448,0.340992,0.184320,0.609760
430,traditional,0.069920,0.314368,0.165888,0.550176
431,traditional,0.069696,0.311296,0.161792,0.542784
432,traditional,0.072288,0.333824,0.164864,0.570976
433,traditional,0.069152,0.314368,0.167936,0.551456
434,traditional,0.069760,0.312320,0.161792,0.543872
435,traditional,0.069760,0.334848,0.175104,0.579712
436,traditional,0.069568,0.313344,0.165888,0.548800
437,traditional,0.072480,0.313344,0.161792,0.547616
438,traditional,0.072896,0.315392,0.161792,0.550080
439,traditional,0.070016,0.315392,0.161792,0.547200
440,traditional,0.069792,0.350208,0.161792,0.581792
441,traditional,0.069344,0.337920,0.168960,0.576224
442,traditional,0.068896,0.330752,0.161792,0.561440
443,traditional,0.069280,0.324608,0.161792,0.555680
444,traditional,0.069696,0.338944,0.161792,0.570432
445,traditional,0.069472,0.320512,0.168960,0.558944
446,traditional,0.069920,0.321536,0.165888,0.557344
447,traditional,0.068704,0.331776,0.162816,0.563296
448,traditional,0.069792,0.335872,0.165888,0.571552
449,traditional,0.070752,0.333824,0.167936,0.572512
450,traditional,0.069696,0.334848,0.175104,0.579648
451,traditional,0.069344,0.314368,0.164864,0.548576
452,traditional,0.071968,0.333824,0.161792,0.567584
453,traditional,0.069760,0.320512,0.162816,0.553088
454,traditional,0.075264,0.324608,0.186368,0.586240
455,traditional,0.071360,0.327680,0.165888,0.564928
456,traditional,0.070944,0.333824,0.174080,0.578848
457,traditional,0.069568,0.322560,0.162816,0.554944
458,traditional,0.069472,0.338944,0.164864,0.573280
459,traditional,0.071840,0.328704,0.161792,0.562336
460,traditional,0.070624,0.324608,0.172032,0.567264
461,traditional,0.081536,0.325632,0.166912,0.574080
462,traditional,0.069728,0.330752,0.162816,0.563296
463,traditional,0.069600,0.309248,0.161792,0.540640
464,traditional,0.069632,0.335872,0.174080,0.579584
465,traditional,0.069248,0.317440,0.162816,0.549504
466,traditional,0.070496,0.331776,0.161792,0.564064
467,traditional,0.069088,0.349184,0.174080,0.592352
468,traditional,0.069696,0.333824,0.174080,0.577600
469,traditional,0.069056,0.321536,0.164864,0.555456
470,traditional,0.070336,0.323584,0.161792,0.555712
471,traditional,0.071680,0.336896,0.161792,0.570368
472,traditional,0.068768,0.313344,0.161792,0.543904
473,traditional,0.068672,0.311296,0.166912,0.546880
474,traditional,0.069632,0.322560,0.165888,0.558080
475,traditional,0.081088,0.311296,0.162816,0.555200
476,traditional,0.069152,0.332800,0.174080,0.576032
477,traditional,0.069568,0.313344,0.161792,0.544704
478,traditional,0.079008,0.328704,0.164864,0.572576
479,traditional,0.076800,0.317440,0.164864,0.559104
480,traditional,0.069472,0.332800,0.175104,0.577376
481,traditional,0.084160,0.322560,0.164864,0.571584
482,traditional,0.069376,0.342016,0.161792,0.573184
483,traditional,0.080704,0.315392,0.162816,0.558912
484,traditional,0.068896,0.330752,0.161792,0.561440
485,traditional,0.080096,0.312320,0.168960,0.561376
486,traditional,0.068896,0.328704,0.161792,0.559392
487,traditional,0.068960,0.320512,0.175104,0.564576
488,traditional,0.086816,0.329728,0.162816,0.579360
489,traditional,0.069728,0.331776,0.165888,0.567392
490,traditional,0.069184,0.327680,0.161792,0.558656
491,traditional,0.080064,0.311296,0.165888,0.557248
492,traditional,0.071456,0.338944,0.173056,0.583456
493,traditional,0.080064,0.320512,0.161792,0.562368
494,traditional,0.069088,0.348160,0.162816,0.580064
495,traditional,0.080832,0.317440,0.161792,0.560064
496,traditional,0.069312,0.321536,0.175104,0.565952
497,traditional,0.068544,0.342016,0.162816,0.573376
498,traditional,0.070880,0.317440,0.161792,0.550112
499,traditional,0.069440,0.322560,0.162816,0.554816
500,traditional,0.071040,0.327680,0.173056,0.571776
501,traditional,0.068544,0.332800,0.165888,0.567232
502,traditional,0.073984,0.318464,0.161792,0.554240
503,traditional,0.069376,0.326656,0.162816,0.558848
504,traditional,0.069984,0.326656,0.161792,0.558432
505,traditional,0.069376,0.309248,0.161792,0.540416
506,traditional,0.069120,0.328704,0.161792,0.559616
507,traditional,0.068736,0.329728,0.161792,0.560256
508,traditional,0.069184,0.352256,0.161792,0.583232
509,traditional,0.068448,0.317440,0.174080,0.559968
510,traditional,0.079424,0.333824,0.160768,0.574016
511,traditional,0.069376,0.321536,0.161792,0.552704
512,traditional,0.068992,0.330752,0.175104,0.574848
513,traditional,0.069088,0.316416,0.174080,0.559584
514,traditional,0.069472,0.343040,0.172032,0.584544
515,traditional,0.069888,0.331776,0.163840,0.565504
516,traditional,0.069536,0.319488,0.162816,0.551840
517,traditional,0.068640,0.329728,0.162816,0.561184
518,traditional,0.072288,0.314368,0.162816,0.549472
519,traditional,0.069024,0.322560,0.162816,0.554400
520,traditional,0.069440,0.339968,0.164864,0.574272
521,traditional,0.070144,0.321536,0.161792,0.553472
522,traditional,0.069792,0.316416,0.162816,0.549024
523,traditional,0.069152,0.336896,0.161792,0.567840
524,traditional,0.069888,0.330752,0.164864,0.565504
525,traditional,0.070048,0.326656,0.175104,0.571808
526,traditional,0.069024,0.310272,0.161792,0.541088
527,traditional,0.070112,0.325632,0.164864,0.560608
528,traditional,0.069280,0.316416,0.165888,0.551584
529,traditional,0.069984,0.321536,0.165888,0.557408
530,traditional,0.068928,0.330752,0.161792,0.561472
531,traditional,0.072128,0.342016,0.162816,0.576960
532,traditional,0.068896,0.331776,0.161792,0.562464
533,traditional,0.069376,0.325632,0.162816,0.557824
534,traditional,0.072960,0.339968,0.165888,0.578816
535,traditional,0.070304,0.312320,0.162816,0.545440
536,traditional,0.070144,0.329728,0.160768,0.560640
537,traditional,0.069536,0.348160,0.162816,0.580512
538,traditional,0.070272,0.332800,0.161792,0.564864
539,traditional,0.073728,0.340992,0.161792,0.576512
540,traditional,0.080928,0.325632,0.164864,0.571424
541,traditional,0.072128,0.337920,0.164864,0.574912
542,traditional,0.069728,0.321536,0.162816,0.554080
543,traditional,0.076000,0.331776,0.161792,0.569568
544,traditional,0.070304,0.328704,0.161792,0.560800
545,traditional,0.069216,0.324608,0.164864,0.558688
546,traditional,0.077120,0.325632,0.162816,0.565568
547,traditional,0.072512,0.351232,0.162816,0.586560
548,traditional,0.081472,0.346112,0.174080,0.601664
549,traditional,0.074656,0.326656,0.436224,0.837536
550,traditional,0.073792,0.321536,0.185344,0.580672
551,traditional,0.105536,0.324608,0.162816,0.592960
552,traditional,0.074752,0.340992,0.166912,0.582656
553,traditional,0.069440,0.338944,0.162816,0.571200
554,traditional,0.069472,0.338944,0.161792,0.570208
555,traditional,0.077376,0.334848,0.162816,0.575040
556,traditional,0.070304,0.310272,0.174080,0.554656
557,traditional,0.069760,0.319488,0.176128,0.565376
558,traditional,0.069408,0.339968,0.175104,0.584480
559,traditional,0.069824,0.326656,0.162816,0.559296
560,traditional,0.069792,0.330752,0.165888,0.566432
561,traditional,0.071328,0.310272,0.162816,0.544416
562,traditional,0.070560,0.323584,0.162816,0.556960
563,traditional,0.069056,0.332800,0.163840,0.565696
564,traditional,0.069504,0.330752,0.166912,0.567168
565,traditional,0.069568,0.335872,0.162816,0.568256
566,traditional,0.069536,0.318464,0.165888,0.553888
567,traditional,0.073120,0.314368,0.165888,0.553376
568,traditional,0.069600,0.316416,0.161792,0.547808
569,traditional,0.068832,0.333824,0.161792,0.564448
570,traditional,0.081024,0.320512,0.164864,0.566400
571,traditional,0.071968,0.335872,0.187392,0.595232
572,traditional,0.069568,0.313344,0.165888,0.548800
573,traditional,0.070816,0.322560,0.161792,0.555168
574,traditional,0.081696,0.319488,0.161792,0.562976
575,traditional,0.071296,0.337920,0.162816,0.572032
576,traditional,0.069248,0.319488,0.174080,0.562816
577,traditional,0.068640,0.324608,0.167936,0.561184
578,traditional,0.069408,0.321536,0.174080,0.565024
579,traditional,0.068576,0.353280,0.161792,0.583648
580,traditional,0.072736,0.323584,0.162816,0.559136
581,traditional,0.069632,0.329728,0.162816,0.562176
582,traditional,0.070176,0.312320,0.161792,0.544288
583,traditional,0.070944,0.311296,0.161792,0.544032
584,traditional,0.082368,0.314368,0.186368,0.583104
585,traditional,0.072864,0.343040,0.161792,0.577696
586,traditional,0.069728,0.310272,0.161792,0.541792
587,traditional,0.074752,0.331776,0.161792,0.568320
588,traditional,0.070144,0.329728,0.164864,0.564736
589,traditional,0.069568,0.323584,0.161792,0.554944
590,traditional,0.070240,0.311296,0.161792,0.543328
591,traditional,0.073024,0.316416,0.174080,0.563520
592,traditional,0.071488,0.323584,0.162816,0.557888
593,traditional,0.069760,0.317440,0.162816,0.550016
594,traditional,0.071552,0.318464,0.161792,0.551808
595,traditional,0.071584,0.311296,0.161792,0.544672
596,traditional,0.071712,0.334848,0.173056,0.579616
597,traditional,0.069280,0.310272,0.161792,0.541344
598,traditional,0.073824,0.315392,0.164864,0.554080
599,traditional,0.072128,0.312320,0.160768,0.545216
600,traditional,0.069440,0.322560,0.166912,0.558912
601,traditional,0.068800,0.329728,0.169984,0.568512
602,traditional,0.075168,0.365568,0.168960,0.609696
603,traditional,0.068832,0.316416,0.165888,0.551136
604,traditional,0.073888,0.324608,0.160768,0.559264
605,traditional,0.073216,0.322560,0.185344,0.581120
606,traditional,0.070336,0.318464,0.161792,0.550592
607,traditional,0.074496,0.339968,0.172032,0.586496
608,traditional,0.079232,0.320512,0.184320,0.584064
609,traditional,0.068768,0.309248,0.161792,0.539808
610,traditional,0.068960,0.324608,0.161792,0.555360
611,traditional,0.069120,0.311296,0.160768,0.541184
612,traditional,0.069472,0.318464,0.160768,0.548704
613,traditional,0.068448,0.323584,0.161792,0.553824
614,traditional,0.068672,0.334848,0.161792,0.565312
615,traditional,0.070304,0.331776,0.161792,0.563872
616,traditional,0.069184,0.322560,0.161792,0.553536
617,traditional,0.069856,0.307200,0.164864,0.541920
618,traditional,0.069728,0.317440,0.171008,0.558176
619,traditional,0.072800,0.319488,0.160768,0.553056
620,traditional,0.069472,0.310272,0.161792,0.541536
621,traditional,0.069312,0.333824,0.161792,0.564928
622,traditional,0.069312,0.320512,0.164864,0.554688
623,traditional,0.072416,0.313344,0.160768,0.546528
624,traditional,0.069600,0.317440,0.167936,0.554976
625,traditional,0.068320,0.309248,0.157696,0.535264
626,traditional,0.073728,0.327680,0.187392,0.588800
627,traditional,0.068896,0.312320,0.160768,0.541984
628,traditional,0.069856,0.309248,0.160768,0.539872
629,traditional,0.068160,0.324608,0.185344,0.578112
630,traditional,0.073632,0.343040,0.158720,0.575392
631,traditional,0.079808,0.349184,0.174080,0.603072
632,traditional,0.073600,0.322560,0.196608,0.592768
633,traditional,0.068896,0.321536,0.161792,0.552224
634,traditional,0.093504,0.320512,0.160768,0.574784
635,traditional,0.068960,0.320512,0.157696,0.547168
636,traditional,0.069568,0.309248,0.160768,0.539584
637,traditional,0.067712,0.326656,0.161792,0.556160
638,traditional,0.081024,0.330752,0.161792,0.573568
639,traditional,0.071456,0.322560,0.164864,0.558880
640,traditional,0.069472,0.321536,0.161792,0.552800
641,traditional,0.069088,0.326656,0.160768,0.556512
642,traditional,0.068832,0.331776,0.162816,0.563424
643,traditional,0.068864,0.333824,0.161792,0.564480
644,traditional,0.074752,0.323584,0.160768,0.559104
645,traditional,0.069216,0.323584,0.161792,0.554592
646,traditional,0.094560,0.317440,0.160768,0.572768
647,traditional,0.068768,0.322560,0.174080,0.565408
648,traditional,0.070208,0.331776,0.174080,0.576064
649,traditional,0.069024,0.320512,0.161792,0.551328
650,traditional,0.069088,0.327680,0.173056,0.569824
651,traditional,0.069280,0.331776,0.161792,0.562848
652,traditional,0.080064,0.314368,0.160768,0.555200
653,traditional,0.073248,0.312320,0.160768,0.546336
654,traditional,0.069952,0.312320,0.161792,0.544064
655,traditional,0.077376,0.330752,0.162816,0.570944
656,traditional,0.069984,0.311296,0.162816,0.544096
657,traditional,0.074528,0.326656,0.185344,0.586528
658,traditional,0.076160,0.344064,0.184320,0.604544
659,traditional,0.068736,0.325632,0.162816,0.557184
660,traditional,0.069536,0.330752,0.161792,0.562080
661,traditional,0.069024,0.344064,0.161792,0.574880
662,traditional,0.073472,0.331776,0.161792,0.567040
663,traditional,0.069088,0.322560,0.165888,0.557536
664,traditional,0.082016,0.323584,0.167936,0.573536
665,traditional,0.069216,0.317440,0.165888,0.552544
666,traditional,0.069504,0.314368,0.161792,0.545664
667,traditional,0.068928,0.312320,0.163840,0.545088
668,traditional,0.074528,0.355328,0.166912,0.596768
669,traditional,0.069568,0.318464,0.162816,0.550848
670,traditional,0.069504,0.331776,0.161792,0.563072
671,traditional,0.069248,0.357376,0.168960,0.595584
672,traditional,0.070688,0.326656,0.168960,0.566304
673,traditional,0.068864,0.335872,0.162816,0.567552
674,traditional,0.072288,0.323584,0.165888,0.561760
675,traditional,0.076672,0.313344,0.162816,0.552832
676,traditional,0.075840,0.345088,0.174080,0.595008
677,traditional,0.068608,0.333824,0.162816,0.565248
678,traditional,0.081536,0.322560,0.161792,0.565888
679,traditional,0.079616,0.334848,0.165888,0.580352
680,traditional,0.069728,0.323584,0.187392,0.580704
681,traditional,0.068608,0.328704,0.161792,0.559104
682,traditional,0.069984,0.320512,0.171008,0.561504
683,traditional,0.069248,0.316416,0.168960,0.554624
684,traditional,0.069888,0.324608,0.174080,0.568576
685,traditional,0.068928,0.323584,0.162816,0.555328
686,traditional,0.070240,0.315392,0.171008,0.556640
687,traditional,0.068480,0.320512,0.171008,0.560000
688,traditional,0.077984,0.324608,0.174080,0.576672
689,traditional,0.079648,0.313344,0.162816,0.555808
690,traditional,0.072352,0.325632,0.161792,0.559776
691,traditional,0.080288,0.332800,0.161792,0.574880
692,traditional,0.069344,0.332800,0.165888,0.568032
693,traditional,0.072832,0.343040,0.188416,0.604288
694,traditional,0.073760,0.314368,0.161792,0.549920
695,traditional,0.069216,0.353280,0.175104,0.597600
696,traditional,0.072384,0.323584,0.161792,0.557760
697,traditional,0.071232,0.320512,0.161792,0.553536
698,traditional,0.074688,0.342016,0.165888,0.582592
699,traditional,0.069920,0.314368,0.187392,0.571680
700,traditional,0.069056,0.344064,0.173056,0.586176
701,traditional,0.070144,0.314368,0.175104,0.559616
702,traditional,0.070752,0.327680,0.161792,0.560224
703,traditional,0.088128,0.328704,0.165888,0.582720
704,traditional,0.073856,0.316416,0.161792,0.552064
705,traditional,0.071296,0.329728,0.161792,0.562816
706,traditional,0.069632,0.321536,0.162816,0.553984
707,traditional,0.071424,0.327680,0.173056,0.572160
708,traditional,0.070272,0.321536,0.161792,0.553600
709,traditional,0.067872,0.310272,0.169984,0.548128
710,traditional,0.071616,0.327680,0.174080,0.573376
711,traditional,0.069184,0.333824,0.162816,0.565824
712,traditional,0.083264,0.336896,0.165888,0.586048
713,traditional,0.069440,0.310272,0.165888,0.545600
714,traditional,0.069760,0.331776,0.166912,0.568448
715,traditional,0.070560,0.312320,0.162816,0.545696
716,traditional,0.070112,0.338944,0.162816,0.571872
717,traditional,0.068512,0.345088,0.161792,0.575392
718,traditional,0.069728,0.315392,0.161792,0.546912
719,traditional,0.068992,0.313344,0.172032,0.554368
720,traditional,0.069632,0.311296,0.161792,0.542720
721,traditional,0.092960,0.322560,0.162816,0.578336
722,traditional,0.069376,0.314368,0.185344,0.569088
723,traditional,0.074272,0.320512,0.168960,0.563744
724,traditional,0.069952,0.312320,0.164864,0.547136
725,traditional,0.068448,0.323584,0.161792,0.553824
726,traditional,0.069056,0.311296,0.161792,0.542144
727,traditional,0.069536,0.314368,0.161792,0.545696
728,traditional,0.069120,0.316416,0.162816,0.548352
729,traditional,0.069600,0.318464,0.165888,0.553952
730,traditional,0.071232,0.318464,0.161792,0.551488
731,traditional,0.069472,0.327680,0.165888,0.563040
732,traditional,0.068256,0.320512,0.161792,0.550560
733,traditional,0.070048,0.311296,0.162816,0.544160
734,traditional,0.068320,0.323584,0.161792,0.553696
735,traditional,0.068896,0.321536,0.175104,0.565536
736,traditional,0.081376,0.310272,0.161792,0.553440
737,traditional,0.068992,0.342016,0.165888,0.576896
738,traditional,0.070432,0.312320,0.161792,0.544544
739,traditional,0.068736,0.318464,0.165888,0.553088
740,traditional,0.069856,0.340992,0.162816,0.573664
741,traditional,0.072576,0.332800,0.161792,0.567168
742,traditional,0.069888,0.328704,0.160768,0.559360
743,traditional,0.069088,0.310272,0.161792,0.541152
744,traditional,0.082464,0.324608,0.161792,0.568864
745,traditional,0.068832,0.310272,0.161792,0.540896
746,traditional,0.069504,0.319488,0.162816,0.551808
747,traditional,0.069536,0.326656,0.165888,0.562080
748,traditional,0.076000,0.332800,0.161792,0.570592
749,traditional,0.079040,0.314368,0.162816,0.556224
750,traditional,0.069472,0.346112,0.161792,0.577376
751,traditional,0.082176,0.316416,0.166912,0.565504
752,traditional,0.069664,0.318464,0.164864,0.552992
753,traditional,0.073568,0.328704,0.164864,0.567136
754,traditional,0.069568,0.320512,0.161792,0.551872
755,traditional,0.069120,0.324608,0.161792,0.555520
756,traditional,0.074016,0.336896,0.171008,0.581920
757,traditional,0.071520,0.326656,0.161792,0.559968
758,traditional,0.070112,0.320512,0.161792,0.552416
759,traditional,0.069088,0.313344,0.161792,0.544224
760,traditional,0.069504,0.313344,0.164864,0.547712
761,traditional,0.069760,0.310272,0.161792,0.541824
762,traditional,0.068768,0.316416,0.161792,0.546976
763,traditional,0.069344,0.329728,0.173056,0.572128
764,traditional,0.069440,0.315392,0.161792,0.546624
765,traditional,0.075488,0.322560,0.162816,0.560864
766,traditional,0.069888,0.312320,0.164864,0.547072
767,traditional,0.080512,0.320512,0.165888,0.566912
768,traditional,0.069536,0.334848,0.161792,0.566176
769,traditional,0.073056,0.326656,0.175104,0.574816
770,traditional,0.069536,0.314368,0.174080,0.557984
771,traditional,0.073568,0.316416,0.162816,0.552800
772,traditional,0.068960,0.333824,0.161792,0.564576
773,traditional,0.070784,0.319488,0.162816,0.553088
774,traditional,0.069664,0.348160,0.161792,0.579616
775,traditional,0.072384,0.339968,0.161792,0.574144
776,traditional,0.080896,0.312320,0.187392,0.580608
777,traditional,0.073440,0.329728,0.169984,0.573152
778,traditional,0.074016,0.343040,0.162816,0.579872
779,traditional,0.079776,0.322560,0.161792,0.564128
780,traditional,0.069696,0.337920,0.164864,0.572480
781,traditional,0.069280,0.331776,0.356352,0.757408
782,traditional,0.072032,0.338944,0.166912,0.577888
783,traditional,0.068096,0.326656,0.162816,0.557568
784,traditional,0.069728,0.314368,0.370688,0.754784
785,traditional,0.069600,0.349184,0.162816,0.581600
786,traditional,0.069920,0.315392,0.175104,0.560416
787,traditional,0.069024,0.324608,0.164864,0.558496
788,traditional,0.070272,0.317440,0.175104,0.562816
789,traditional,0.069472,0.326656,0.174080,0.570208
790,traditional,0.068640,0.322560,0.161792,0.552992
791,traditional,0.068608,0.330752,0.173056,0.572416
792,traditional,0.069376,0.327680,0.161792,0.558848
793,traditional,0.069120,0.325632,0.162816,0.557568
794,traditional,0.069280,0.323584,0.174080,0.566944
795,traditional,0.069120,0.327680,0.174080,0.570880
796,traditional,0.068352,0.318464,0.161792,0.548608
797,traditional,0.073152,0.310272,0.161792,0.545216
798,traditional,0.069856,0.345088,0.162816,0.577760
799,traditional,0.069024,0.314368,0.161792,0.545184
800,traditional,0.069728,0.312320,0.174080,0.556128
801,traditional,0.068800,0.335872,0.166912,0.571584
802,traditional,0.070784,0.324608,0.174080,0.569472
803,traditional,0.069280,0.333824,0.163840,0.566944
804,traditional,0.070080,0.323584,0.161792,0.555456
805,traditional,0.068608,0.336896,0.161792,0.567296
806,traditional,0.081792,0.314368,0.164864,0.561024
807,traditional,0.068512,0.335872,0.165888,0.570272
808,traditional,0.069536,0.326656,0.175104,0.571296
809,traditional,0.069216,0.333824,0.168960,0.572000
810,traditional,0.069056,0.314368,0.161792,0.545216
811,traditional,0.069088,0.313344,0.161792,0.544224
812,traditional,0.068992,0.323584,0.161792,0.554368
813,traditional,0.069184,0.347136,0.175104,0.591424
814,traditional,0.069632,0.361472,0.163840,0.594944
815,traditional,0.070144,0.318464,0.161792,0.550400
816,traditional,0.069664,0.321536,0.174080,0.565280
817,traditional,0.069568,0.315392,0.161792,0.546752
818,traditional,0.071552,0.334848,0.162816,0.569216
819,traditional,0.068704,0.335872,0.161792,0.566368
820,traditional,0.068736,0.326656,0.161792,0.557184
821,traditional,0.068928,0.327680,0.174080,0.570688
822,traditional,0.070144,0.328704,0.161792,0.560640
823,traditional,0.069248,0.329728,0.162816,0.561792
824,traditional,0.069440,0.337920,0.175104,0.582464
825,traditional,0.068800,0.357376,0.162816,0.588992
826,traditional,0.069568,0.325632,0.161792,0.556992
827,traditional,0.072352,0.322560,0.162816,0.557728
828,traditional,0.068992,0.323584,0.161792,0.554368
829,traditional,0.068896,0.336896,0.174080,0.579872
830,traditional,0.072064,0.322560,0.161792,0.556416
831,traditional,0.070496,0.329728,0.163840,0.564064
832,traditional,0.070496,0.321536,0.161792,0.553824
833,traditional,0.070208,0.320512,0.165888,0.556608
834,traditional,0.069568,0.324608,0.161792,0.555968
835,traditional,0.068064,0.311296,0.161792,0.541152
836,traditional,0.070336,0.314368,0.174080,0.558784
837,traditional,0.069248,0.321536,0.165888,0.556672
838,traditional,0.070368,0.316416,0.161792,0.548576
839,traditional,0.069408,0.325632,0.162816,0.557856
840,traditional,0.071040,0.328704,0.168960,0.568704
841,traditional,0.070592,0.320512,0.175104,0.566208
842,traditional,0.074624,0.310272,0.157696,0.542592
843,traditional,0.092832,0.325632,0.162816,0.581280
844,traditional,0.069760,0.321536,0.162816,0.554112
845,traditional,0.068672,0.344064,0.164864,0.577600
846,traditional,0.069408,0.320512,0.165888,0.555808
847,traditional,0.068448,0.314368,0.162816,0.545632
848,traditional,0.069504,0.331776,0.161792,0.563072
849,traditional,0.069600,0.310272,0.165888,0.545760
850,traditional,0.070432,0.309248,0.172032,0.551712
851,traditional,0.069696,0.326656,0.161792,0.558144
852,traditional,0.068480,0.319488,0.165888,0.553856
853,traditional,0.068896,0.346112,0.161792,0.576800
854,traditional,0.069792,0.323584,0.164864,0.558240
855,traditional,0.068640,0.322560,0.168960,0.560160
856,traditional,0.072896,0.310272,0.161792,0.544960
857,traditional,0.069760,0.320512,0.161792,0.552064
858,traditional,0.071360,0.317440,0.165888,0.554688
859,traditional,0.078752,0.313344,0.161792,0.553888
860,traditional,0.073248,0.313344,0.162816,0.549408
861,traditional,0.068480,0.318464,0.368640,0.755584
862,traditional,0.070560,0.315392,0.162816,0.548768
863,traditional,0.069216,0.332800,0.162816,0.564832
864,traditional,0.069632,0.312320,0.173056,0.555008
865,traditional,0.069056,0.318464,0.162816,0.550336
866,traditional,0.069888,0.308224,0.164864,0.542976
867,traditional,0.073152,0.320512,0.177152,0.570816
868,traditional,0.080768,0.325632,0.162816,0.569216
869,traditional,0.069344,0.313344,0.175104,0.557792
870,traditional,0.082400,0.320512,0.174080,0.576992
871,traditional,0.075744,0.322560,0.162816,0.561120
872,traditional,0.094080,0.314368,0.161792,0.570240
873,traditional,0.069664,0.332800,0.175104,0.577568
874,traditional,0.069952,0.318464,0.161792,0.550208
875,traditional,0.069792,0.317440,0.162816,0.550048
876,traditional,0.070144,0.326656,0.174080,0.570880
877,traditional,0.069472,0.349184,0.174080,0.592736
878,traditional,0.069248,0.312320,0.168960,0.550528
879,traditional,0.069376,0.310272,0.162816,0.542464
880,traditional,0.073824,0.327680,0.161792,0.563296
881,traditional,0.068832,0.324608,0.164864,0.558304
882,traditional,0.068608,0.346112,0.161792,0.576512
883,traditional,0.069472,0.327680,0.342016,0.739168
884,traditional,0.069536,0.344064,0.163840,0.577440
885,traditional,0.068480,0.310272,0.178176,0.556928
886,traditional,0.078240,0.335872,0.188416,0.602528
887,traditional,0.072384,0.316416,0.161792,0.550592
888,traditional,0.073152,0.310272,0.165888,0.549312
889,traditional,0.068896,0.347136,0.166912,0.582944
890,traditional,0.069856,0.323584,0.165888,0.559328
891,traditional,0.073952,0.319488,0.174080,0.567520
892,traditional,0.073696,0.324608,0.162816,0.561120
893,traditional,0.068896,0.324608,0.162816,0.556320
894,traditional,0.069216,0.330752,0.162816,0.562784
895,traditional,0.068960,0.310272,0.161792,0.541024
896,traditional,0.069664,0.326656,0.164864,0.561184
897,traditional,0.069664,0.331776,0.162816,0.564256
898,traditional,0.078368,0.311296,0.161792,0.551456
899,traditional,0.069344,0.330752,0.161792,0.561888
900,traditional,0.079104,0.357376,0.161792,0.598272
901,traditional,0.069696,0.316416,0.162816,0.548928
902,traditional,0.069952,0.312320,0.165888,0.548160
903,traditional,0.079968,0.312320,0.161792,0.554080
904,traditional,0.070080,0.319488,0.161792,0.551360
905,traditional,0.073024,0.313344,0.161792,0.548160
906,traditional,0.072096,0.332800,0.162816,0.567712
907,traditional,0.075776,0.315392,0.166912,0.558080
908,traditional,0.082592,0.318464,0.166912,0.567968
909,traditional,0.071616,0.326656,0.164864,0.563136
910,traditional,0.068864,0.343040,0.164864,0.576768
911,traditional,0.081408,0.331776,0.161792,0.574976
912,traditional,0.079808,0.319488,0.161792,0.561088
913,traditional,0.072352,0.339968,0.165888,0.578208
914,traditional,0.072096,0.336896,0.162816,0.571808
915,traditional,0.073632,0.340992,0.166912,0.581536
916,traditional,0.081344,0.323584,0.164864,0.569792
917,traditional,0.069728,0.322560,0.165888,0.558176
918,traditional,0.069152,0.322560,0.162816,0.554528
919,traditional,0.068800,0.324608,0.162816,0.556224
920,traditional,0.082304,0.325632,0.161792,0.569728
921,traditional,0.069152,0.331776,0.162816,0.563744
922,traditional,0.073824,0.313344,0.162816,0.549984
923,traditional,0.068800,0.321536,0.162816,0.553152
924,traditional,0.087136,0.317440,0.165888,0.570464
925,traditional,0.069856,0.327680,0.168960,0.566496
926,traditional,0.071168,0.312320,0.162816,0.546304
927,traditional,0.073408,0.326656,0.166912,0.566976
928,traditional,0.076000,0.327680,0.165888,0.569568
929,traditional,0.069888,0.328704,0.162816,0.561408
930,traditional,0.081888,0.317440,0.174080,0.573408
931,traditional,0.079808,0.329728,0.162816,0.572352
932,traditional,0.074688,0.329728,0.175104,0.579520
933,traditional,0.068768,0.312320,0.165888,0.546976
934,traditional,0.069440,0.311296,0.161792,0.542528
935,traditional,0.068928,0.324608,0.165888,0.559424
936,traditional,0.069632,0.310272,0.162816,0.542720
937,traditional,0.068224,0.335872,0.164864,0.568960
938,traditional,0.069952,0.338944,0.161792,0.570688
939,traditional,0.068608,0.329728,0.161792,0.560128
940,traditional,0.074976,0.335872,0.162816,0.573664
941,traditional,0.072384,0.336896,0.175104,0.584384
942,traditional,0.069600,0.318464,0.165888,0.553952
943,traditional,0.069536,0.324608,0.162816,0.556960
944,traditional,0.077696,0.328704,0.175104,0.581504
945,traditional,0.072640,0.325632,0.161792,0.560064
946,traditional,0.069792,0.313344,0.162816,0.545952
947,traditional,0.073568,0.337920,0.162816,0.574304
948,traditional,0.070848,0.319488,0.162816,0.553152
949,traditional,0.069824,0.314368,0.326656,0.710848
950,traditional,0.072736,0.336896,0.185344,0.594976
951,traditional,0.069120,0.309248,0.162816,0.541184
952,traditional,0.081344,0.347136,0.162816,0.591296
953,traditional,0.070336,0.315392,0.162816,0.548544
954,traditional,0.076672,0.571392,0.164864,0.812928
955,traditional,0.070944,0.317440,0.176128,0.564512
956,traditional,0.069760,0.313344,0.394240,0.777344
957,traditional,0.069792,0.314368,0.188416,0.572576
958,traditional,0.068640,0.320512,0.165888,0.555040
959,traditional,0.069120,0.315392,0.165888,0.550400
960,traditional,0.072800,0.314368,0.165888,0.553056
961,traditional,0.068896,0.313344,0.163840,0.546080
962,traditional,0.070880,0.312320,0.165888,0.549088
963,traditional,0.072928,0.322560,0.175104,0.570592
964,traditional,0.070080,0.311296,0.162816,0.544192
965,traditional,0.069344,0.314368,0.161792,0.545504
966,traditional,0.069664,0.340992,0.162816,0.573472
967,traditional,0.069984,0.310272,0.162816,0.543072
968,traditional,0.078784,0.316416,0.165888,0.561088
969,traditional,0.068960,0.332800,0.162816,0.564576
970,traditional,0.069920,0.337920,0.162816,0.570656
971,traditional,0.069344,0.315392,0.162816,0.547552
972,traditional,0.077120,0.321536,0.162816,0.561472
973,traditional,0.068864,0.312320,0.175104,0.556288
974,traditional,0.070496,0.474112,0.178176,0.722784
975,traditional,0.092064,0.326656,0.163840,0.582560
976,traditional,0.081664,0.313344,0.162816,0.557824
977,traditional,0.069728,0.315392,0.165888,0.551008
978,traditional,0.079840,0.323584,0.168960,0.572384
979,traditional,0.081056,0.323584,0.165888,0.570528
980,traditional,0.079072,0.346112,0.161792,0.586976
981,traditional,0.079296,0.328704,0.161792,0.569792
982,traditional,0.075328,0.339968,0.162816,0.578112
983,traditional,0.072896,0.328704,0.162816,0.564416
984,traditional,0.069408,0.313344,0.162816,0.545568
985,traditional,0.072448,0.545792,0.166912,0.785152
986,traditional,0.081024,0.317440,0.165888,0.564352
987,traditional,0.069184,0.354304,0.183296,0.606784
988,traditional,0.069024,0.328704,0.161792,0.559520
989,traditional,0.076480,0.322560,0.161792,0.560832
990,traditional,0.069792,0.318464,0.165888,0.554144
991,traditional,0.068800,0.317440,0.161792,0.548032
992,traditional,0.068928,0.343040,0.162816,0.574784
993,traditional,0.070176,0.321536,0.161792,0.553504
994,traditional,0.070080,0.313344,0.163840,0.547264
995,traditional,0.068608,0.311296,0.164864,0.544768
996,traditional,0.074304,0.330752,0.161792,0.566848
997,traditional,0.068960,0.313344,0.162816,0.545120
998,traditional,0.069248,0.323584,0.165888,0.558720
999,traditional,0.068512,0.326656,0.166912,0.562080
1000,traditional,0.069056,0.314368,0.163840,0.547264
1001,traditional,0.071296,0.315392,0.162816,0.549504
1002,traditional,0.068928,0.311296,0.161792,0.542016
1003,traditional,0.068608,0.337920,0.162816,0.569344
1004,traditional,0.072128,0.321536,0.165888,0.559552
1005,traditional,0.081600,0.320512,0.162816,0.564928
1006,traditional,0.069376,0.312320,0.167936,0.549632
1007,traditional,0.077856,0.332800,0.165888,0.576544
1008,traditional,0.069440,0.325632,0.187392,0.582464
1009,traditional,0.068256,0.314368,0.162816,0.545440
1010,traditional,0.070112,0.313344,0.161792,0.545248
1011,traditional,0.069024,0.319488,0.164864,0.553376
1012,traditional,0.081472,0.326656,0.165888,0.574016
1013,traditional,0.072960,0.336896,0.175104,0.584960
1014,traditional,0.069408,0.316416,0.162816,0.548640
1015,traditional,0.068672,0.314368,0.162816,0.545856
1016,traditional,0.081088,0.324608,0.168960,0.574656
1017,traditional,0.069216,0.321536,0.162816,0.553568
1018,traditional,0.077376,0.328704,0.188416,0.594496
1019,traditional,0.080736,0.325632,0.161792,0.568160
1020,traditional,0.069664,0.312320,0.161792,0.543776
1021,traditional,0.068992,0.320512,0.165888,0.555392
1022,traditional,0.069344,0.310272,0.435200,0.814816
1023,traditional,0.072224,0.313344,0.162816,0.548384
1024,traditional,0.071744,0.318464,0.162816,0.553024
1025,traditional,0.075104,0.319488,0.165888,0.560480
1026,traditional,0.069504,0.321536,0.162816,0.553856
1027,traditional,0.068192,0.330752,0.166912,0.565856
1028,traditional,0.076352,0.323584,0.162816,0.562752
1029,traditional,0.069152,0.336896,0.161792,0.567840
1030,traditional,0.076192,0.324608,0.163840,0.564640
1031,traditional,0.071264,0.323584,0.162816,0.557664
1032,traditional,0.069120,0.326656,0.165888,0.561664
1033,traditional,0.069344,0.313344,0.162816,0.545504
1034,traditional,0.081024,0.317440,0.162816,0.561280
1035,traditional,0.072160,0.340992,0.162816,0.575968
1036,traditional,0.070112,0.343040,0.166912,0.580064
1037,traditional,0.068160,0.330752,0.165888,0.564800
1038,traditional,0.069504,0.314368,0.162816,0.546688
1039,traditional,0.068864,0.312320,0.161792,0.542976
1040,traditional,0.069184,0.328704,0.178176,0.576064
1041,traditional,0.068032,0.316416,0.162816,0.547264
1042,traditional,0.069216,0.337920,0.162816,0.569952
1043,traditional,0.068704,0.349184,0.162816,0.580704
1044,traditional,0.070752,0.365568,0.175104,0.611424
1045,traditional,0.068064,0.318464,0.162816,0.549344
1046,traditional,0.069952,0.319488,0.175104,0.564544
1047,traditional,0.068736,0.320512,0.164864,0.554112
1048,traditional,0.079264,0.327680,0.161792,0.568736
1049,traditional,0.069920,0.330752,0.165888,0.566560
1050,traditional,0.083936,0.336896,0.166912,0.587744
1051,traditional,0.069440,0.316416,0.163840,0.549696
1052,traditional,0.070336,0.323584,0.164864,0.558784
1053,traditional,0.070240,0.316416,0.162816,0.549472
1054,traditional,0.075936,0.358400,0.162816,0.597152
1055,traditional,0.071040,0.326656,0.165888,0.563584
1056,traditional,0.069952,0.334848,0.187392,0.592192
1057,traditional,0.069152,0.317440,0.161792,0.548384
1058,traditional,0.073696,0.313344,0.163840,0.550880
1059,traditional,0.068608,0.320512,0.165888,0.555008
1060,traditional,0.069024,0.328704,0.161792,0.559520
1061,traditional,0.069664,0.328704,0.175104,0.573472
1062,traditional,0.069792,0.318464,0.161792,0.550048
1063,traditional,0.069856,0.330752,0.162816,0.563424
1064,traditional,0.070048,0.320512,0.161792,0.552352
1065,traditional,0.075968,0.319488,0.161792,0.557248
1066,traditional,0.071232,0.324608,0.161792,0.557632
1067,traditional,0.069824,0.315392,0.164864,0.550080
1068,traditional,0.070592,0.311296,0.161792,0.543680
1069,traditional,0.068864,0.317440,0.162816,0.549120
1070,traditional,0.069664,0.312320,0.161792,0.543776
1071,traditional,0.068576,0.310272,0.161792,0.540640
1072,traditional,0.069088,0.311296,0.161792,0.542176
1073,traditional,0.070400,0.312320,0.161792,0.544512
1074,traditional,0.070368,0.317440,0.174080,0.561888
1075,traditional,0.068480,0.327680,0.162816,0.558976
1076,traditional,0.074112,0.324608,0.165888,0.564608
1077,traditional,0.069184,0.325632,0.161792,0.556608
1078,traditional,0.068320,0.348160,0.161792,0.578272
1079,traditional,0.070592,0.335872,0.161792,0.568256
1080,traditional,0.070080,0.310272,0.185344,0.565696
1081,traditional,0.070016,0.314368,0.164864,0.549248
1082,traditional,0.069952,0.332800,0.161792,0.564544
1083,traditional,0.070048,0.346112,0.161792,0.577952
1084,traditional,0.070912,0.316416,0.164864,0.552192
1085,traditional,0.069216,0.344064,0.162816,0.576096
1086,traditional,0.069952,0.344064,0.161792,0.575808
1087,traditional,0.069472,0.320512,0.162816,0.552800
1088,traditional,0.069792,0.314368,0.161792,0.545952
1089,traditional,0.081920,0.317440,0.161792,0.561152
1090,traditional,0.069696,0.333824,0.174080,0.577600
1091,traditional,0.069312,0.323584,0.161792,0.554688
1092,traditional,0.068896,0.323584,0.166912,0.559392
1093,traditional,0.068704,0.310272,0.164864,0.543840
1094,traditional,0.069280,0.315392,0.163840,0.548512
1095,traditional,0.075904,0.320512,0.157696,0.554112
1096,traditional,0.075776,0.340992,0.162816,0.579584
1097,traditional,0.068320,0.316416,0.164864,0.549600
1098,traditional,0.069312,0.306176,0.161792,0.537280
1099,traditional,0.074432,0.328704,0.162816,0.565952
1100,traditional,0.082432,0.324608,0.174080,0.581120
1101,traditional,0.067744,0.312320,0.161792,0.541856
1102,traditional,0.070880,0.315392,0.165888,0.552160
1103,traditional,0.068832,0.315392,0.162816,0.547040
1104,traditional,0.072704,0.311296,0.161792,0.545792
1105,traditional,0.071584,0.305152,0.165888,0.542624
1106,traditional,0.069344,0.313344,0.164864,0.547552
1107,traditional,0.068800,0.318464,0.161792,0.549056
1108,traditional,0.070112,0.314368,0.161792,0.546272
1109,traditional,0.069536,0.324608,0.166912,0.561056
1110,traditional,0.079808,0.316416,0.161792,0.558016
1111,traditional,0.069760,0.328704,0.161792,0.560256
1112,traditional,0.069984,0.320512,0.161792,0.552288
1113,traditional,0.068576,0.326656,0.161792,0.557024
1114,traditional,0.069376,0.351232,0.171008,0.591616
1115,traditional,0.068512,0.321536,0.173056,0.563104
1116,traditional,0.068896,0.321536,0.186368,0.576800
1117,traditional,0.069696,0.316416,0.161792,0.547904
1118,traditional,0.069760,0.308224,0.161792,0.539776
1119,traditional,0.078208,0.337920,0.161792,0.577920
1120,traditional,0.073280,0.320512,0.161792,0.555584
1121,traditional,0.069408,0.352256,0.163840,0.585504
1122,traditional,0.070400,0.320512,0.161792,0.552704
1123,traditional,0.068544,0.315392,0.163840,0.547776
1124,traditional,0.069472,0.321536,0.161792,0.552800
1125,traditional,0.069248,0.348160,0.161792,0.579200
1126,traditional,0.069856,0.310272,0.164864,0.544992
1127,traditional,0.069120,0.320512,0.161792,0.551424
1128,traditional,0.095296,0.323584,0.161792,0.580672
1129,traditional,0.068192,0.333824,0.175104,0.577120
1130,traditional,0.080960,0.325632,0.171008,0.577600
1131,traditional,0.073856,0.312320,0.164864,0.551040
1132,traditional,0.069184,0.311296,0.161792,0.542272
1133,traditional,0.067808,0.324608,0.162816,0.555232
1134,traditional,0.069536,0.310272,0.161792,0.541600
1135,traditional,0.079104,0.326656,0.161792,0.567552
1136,traditional,0.070048,0.312320,0.161792,0.544160
1137,traditional,0.073088,0.323584,0.175104,0.571776
1138,traditional,0.081664,0.314368,0.161792,0.557824
1139,traditional,0.069312,0.317440,0.161792,0.548544
1140,traditional,0.069920,0.336896,0.161792,0.568608
1141,traditional,0.069568,0.315392,0.161792,0.546752
1142,traditional,0.070272,0.314368,0.173056,0.557696
1143,traditional,0.069536,0.323584,0.165888,0.559008
1144,traditional,0.083008,0.315392,0.161792,0.560192
1145,traditional,0.069824,0.332800,0.161792,0.564416
1146,traditional,0.069216,0.352256,0.162816,0.584288
1147,traditional,0.069152,0.316416,0.162816,0.548384
1148,traditional,0.070432,0.346112,0.162816,0.579360
1149,traditional,0.069664,0.320512,0.165888,0.556064
1150,traditional,0.068928,0.323584,0.161792,0.554304
1151,traditional,0.069664,0.345088,0.162816,0.577568
1152,traditional,0.070112,0.318464,0.161792,0.550368
1153,traditional,0.094272,0.326656,0.162816,0.583744
1154,traditional,0.069632,0.323584,0.161792,0.555008
1155,traditional,0.073696,0.319488,0.161792,0.554976
1156,traditional,0.069568,0.318464,0.165888,0.553920
1157,traditional,0.069152,0.326656,0.162816,0.558624
1158,traditional,0.069696,0.344064,0.161792,0.575552
1159,traditional,0.069600,0.331776,0.162816,0.564192
1160,traditional,0.069728,0.318464,0.162816,0.551008
1161,traditional,0.069824,0.326656,0.175104,0.571584
1162,traditional,0.069664,0.339968,0.161792,0.571424
1163,traditional,0.074528,0.322560,0.162816,0.559904
1164,traditional,0.080992,0.314368,0.172032,0.567392
1165,traditional,0.076864,0.312320,0.165888,0.555072
1166,traditional,0.070912,0.315392,0.162816,0.549120
1167,traditional,0.069024,0.324608,0.162816,0.556448
1168,traditional,0.069952,0.319488,0.165888,0.555328
1169,traditional,0.081120,0.316416,0.161792,0.559328
1170,traditional,0.074720,0.534528,0.185344,0.794592
1171,traditional,0.069280,0.326656,0.162816,0.558752
1172,traditional,0.069920,0.325632,0.162816,0.558368
1173,traditional,0.076928,0.527360,0.186368,0.790656
1174,traditional,0.069056,0.316416,0.187392,0.572864
1175,traditional,0.081152,0.352256,0.162816,0.596224
1176,traditional,0.070304,0.311296,0.161792,0.543392
1177,traditional,0.072192,0.310272,0.162816,0.545280
1178,traditional,0.070368,0.331776,0.373760,0.775904
1179,traditional,0.070080,0.333824,0.162816,0.566720
1180,traditional,0.074208,0.326656,0.188416,0.589280
1181,traditional,0.077376,0.319488,0.162816,0.559680
1182,traditional,0.069600,0.322560,0.165888,0.558048
1183,traditional,0.069120,0.332800,0.169984,0.571904
1184,traditional,0.070720,0.327680,0.161792,0.560192
1185,traditional,0.068800,0.342016,0.166912,0.577728
1186,traditional,0.071136,0.325632,0.161792,0.558560
1187,traditional,0.069280,0.327680,0.161792,0.558752
1188,traditional,0.076704,0.344064,0.161792,0.582560
1189,traditional,0.068672,0.315392,0.165888,0.549952
1190,traditional,0.070976,0.319488,0.161792,0.552256
1191,traditional,0.069120,0.343040,0.162816,0.574976
1192,traditional,0.082208,0.335872,0.162816,0.580896
1193,traditional,0.080896,0.319488,0.162816,0.563200
1194,traditional,0.075552,0.360448,0.162816,0.598816
1195,traditional,0.069472,0.320512,0.174080,0.564064
1196,traditional,0.069536,0.344064,0.162816,0.576416
1197,traditional,0.070336,0.324608,0.161792,0.556736
1198,traditional,0.069856,0.319488,0.162816,0.552160
1199,traditional,0.078176,0.315392,0.161792,0.555360
1200,traditional,0.069888,0.336896,0.161792,0.568576
1201,traditional,0.068544,0.324608,0.161792,0.554944
1202,traditional,0.072416,0.311296,0.430080,0.813792
1203,traditional,0.074016,0.315392,0.162816,0.552224
1204,traditional,0.078272,0.310272,0.162816,0.551360
1205,traditional,0.073536,0.333824,0.162816,0.570176
1206,traditional,0.075936,0.316416,0.162816,0.555168
1207,traditional,0.069024,0.317440,0.166912,0.553376
1208,traditional,0.080992,0.343040,0.168960,0.592992
1209,traditional,0.074624,0.319488,0.178176,0.572288
1210,traditional,0.069312,0.312320,0.166912,0.548544
1211,traditional,0.070112,0.330752,0.162816,0.563680
1212,traditional,0.075392,0.357376,0.167936,0.600704
1213,traditional,0.070912,0.326656,0.162816,0.560384
1214,traditional,0.081568,0.342016,0.162816,0.586400
1215,traditional,0.069344,0.328704,0.161792,0.559840
1216,traditional,0.069856,0.326656,0.164864,0.561376
1217,traditional,0.068672,0.312320,0.161792,0.542784
1218,traditional,0.069440,0.347136,0.162816,0.579392
1219,traditional,0.068736,0.321536,0.168960,0.559232
1220,traditional,0.082816,0.316416,0.175104,0.574336
1221,traditional,0.075104,0.325632,0.162816,0.563552
1222,traditional,0.070432,0.312320,0.162816,0.545568
1223,traditional,0.074560,0.316416,0.174080,0.565056
1224,traditional,0.069440,0.313344,0.161792,0.544576
1225,traditional,0.069216,0.347136,0.161792,0.578144
1226,traditional,0.069312,0.319488,0.165888,0.554688
1227,traditional,0.072160,0.339968,0.176128,0.588256
1228,traditional,0.069344,0.331776,0.171008,0.572128
1229,traditional,0.079776,0.338944,0.161792,0.580512
1230,traditional,0.073824,0.352256,0.163840,0.589920
1231,traditional,0.069376,0.321536,0.164864,0.555776
1232,traditional,0.069440,0.339968,0.166912,0.576320
1233,traditional,0.068672,0.334848,0.161792,0.565312
1234,traditional,0.071936,0.326656,0.161792,0.560384
1235,traditional,0.073440,0.317440,0.172032,0.562912
1236,traditional,0.069920,0.310272,0.162816,0.543008
1237,traditional,0.069888,0.319488,0.165888,0.555264
1238,traditional,0.077728,0.331776,0.162816,0.572320
1239,traditional,0.072480,0.349184,0.162816,0.584480
1240,traditional,0.081728,0.322560,0.165888,0.570176
1241,traditional,0.082048,0.317440,0.175104,0.574592
1242,traditional,0.071488,0.311296,0.164864,0.547648
1243,traditional,0.071680,0.311296,0.162816,0.545792
1244,traditional,0.069344,0.321536,0.162816,0.553696
1245,traditional,0.068768,0.325632,0.162816,0.557216
1246,traditional,0.069536,0.325632,0.169984,0.565152
1247,traditional,0.081408,0.313344,0.162816,0.557568
1248,traditional,0.075616,0.325632,0.162816,0.564064
1249,traditional,0.081696,0.326656,0.162816,0.571168
1250,traditional,0.093440,0.314368,0.164864,0.572672
1251,traditional,0.069472,0.315392,0.167936,0.552800
1252,traditional,0.071328,0.315392,0.165888,0.552608
1253,traditional,0.069056,0.312320,0.162816,0.544192
1254,traditional,0.069472,0.330752,0.175104,0.575328
1255,traditional,0.069536,0.322560,0.161792,0.553888
1256,traditional,0.070208,0.325632,0.171008,0.566848
1257,traditional,0.076064,0.316416,0.162816,0.555296
1258,traditional,0.070400,0.317440,0.180224,0.568064
1259,traditional,0.069632,0.316416,0.163840,0.549888
1260,traditional,0.070208,0.314368,0.166912,0.551488
1261,traditional,0.069568,0.327680,0.162816,0.560064
1262,traditional,0.070400,0.314368,0.161792,0.546560
1263,traditional,0.070016,0.334848,0.161792,0.566656
1264,traditional,0.074272,0.321536,0.187392,0.583200
1265,traditional,0.069056,0.327680,0.161792,0.558528
1266,traditional,0.069504,0.320512,0.162816,0.552832
1267,traditional,0.077120,0.326656,0.162816,0.566592
1268,traditional,0.081536,0.342016,0.161792,0.585344
1269,traditional,0.069824,0.316416,0.174080,0.560320
1270,traditional,0.074368,0.321536,0.161792,0.557696
1271,traditional,0.069280,0.343040,0.161792,0.574112
1272,traditional,0.069824,0.317440,0.171008,0.558272
1273,traditional,0.070528,0.310272,0.166912,0.547712
1274,traditional,0.070368,0.330752,0.163840,0.564960
1275,traditional,0.068352,0.331776,0.162816,0.562944
1276,traditional,0.076000,0.311296,0.161792,0.549088
1277,traditional,0.075712,0.337920,0.162816,0.576448
1278,traditional,0.070016,0.311296,0.175104,0.556416
1279,traditional,0.069088,0.324608,0.161792,0.555488
1280,traditional,0.069504,0.313344,0.165888,0.548736
1281,traditional,0.068896,0.330752,0.162816,0.562464
1282,traditional,0.069248,0.358400,0.166912,0.594560
1283,traditional,0.069248,0.316416,0.161792,0.547456
1284,traditional,0.069728,0.340992,0.161792,0.572512
1285,traditional,0.068448,0.318464,0.162816,0.549728
1286,traditional,0.074496,0.316416,0.162816,0.553728
1287,traditional,0.069504,0.349184,0.162816,0.581504
1288,traditional,0.082560,0.314368,0.161792,0.558720
1289,traditional,0.094592,0.323584,0.174080,0.592256
1290,traditional,0.069888,0.315392,0.175104,0.560384
1291,traditional,0.074176,0.335872,0.163840,0.573888
1292,traditional,0.074848,0.322560,0.162816,0.560224
1293,traditional,0.075968,0.317440,0.186368,0.579776
1294,traditional,0.075904,0.317440,0.166912,0.560256
1295,traditional,0.069344,0.349184,0.162816,0.581344
1296,traditional,0.069216,0.322560,0.161792,0.553568
1297,traditional,0.074560,0.326656,0.162816,0.564032
1298,traditional,0.069824,0.326656,0.165888,0.562368
1299,traditional,0.071232,0.364544,0.171008,0.606784
1300,traditional,0.072032,0.338944,0.165888,0.576864
1301,traditional,0.069216,0.312320,0.164864,0.546400
1302,traditional,0.068992,0.323584,0.165888,0.558464
1303,traditional,0.073984,0.313344,0.161792,0.549120
1304,traditional,0.073568,0.345088,0.174080,0.592736
1305,traditional,0.070144,0.322560,0.161792,0.554496
1306,traditional,0.082848,0.323584,0.174080,0.580512
1307,traditional,0.070272,0.346112,0.161792,0.578176
1308,traditional,0.073440,0.321536,0.165888,0.560864
1309,traditional,0.073952,0.321536,0.173056,0.568544
1310,traditional,0.070080,0.324608,0.161792,0.556480
1311,traditional,0.069888,0.318464,0.162816,0.551168
1312,traditional,0.070272,0.309248,0.161792,0.541312
1313,traditional,0.080512,0.313344,0.161792,0.555648
1314,traditional,0.070784,0.319488,0.457728,0.848000
1315,traditional,0.083008,0.312320,0.165888,0.561216
1316,traditional,0.079616,0.310272,0.166912,0.556800
1317,traditional,0.069184,0.325632,0.161792,0.556608
1318,traditional,0.073120,0.329728,0.161792,0.564640
1319,traditional,0.069920,0.358400,0.161792,0.590112
1320,traditional,0.076160,0.316416,0.164864,0.557440
1321,traditional,0.069088,0.311296,0.161792,0.542176
1322,traditional,0.069600,0.323584,0.161792,0.554976
1323,traditional,0.068192,0.324608,0.161792,0.554592
1324,traditional,0.069664,0.346112,0.162816,0.578592
1325,traditional,0.068640,0.350208,0.169984,0.588832
1326,traditional,0.069056,0.320512,0.186368,0.575936
1327,traditional,0.069152,0.320512,0.162816,0.552480
1328,traditional,0.071200,0.333824,0.183296,0.588320
1329,traditional,0.068160,0.309248,0.162816,0.540224
1330,traditional,0.075136,0.333824,0.189440,0.598400
1331,traditional,0.068896,0.311296,0.180224,0.560416
1332,traditional,0.069952,0.330752,0.176128,0.576832
1333,traditional,0.068864,0.320512,0.162816,0.552192
1334,traditional,0.071584,0.312320,0.174080,0.557984
1335,traditional,0.074432,0.316416,0.185344,0.576192
1336,traditional,0.069824,0.307200,0.164864,0.541888
1337,traditional,0.069184,0.312320,0.161792,0.543296
1338,traditional,0.069280,0.319488,0.174080,0.562848
1339,traditional,0.068832,0.316416,0.185344,0.570592
1340,traditional,0.074976,0.313344,0.182272,0.570592
1341,traditional,0.068544,0.310272,0.178176,0.556992
1342,traditional,0.074688,0.340992,0.161792,0.577472
1343,traditional,0.069952,0.331776,0.162816,0.564544
1344,traditional,0.068992,0.318464,0.164864,0.552320
1345,traditional,0.068992,0.316416,0.161792,0.547200
1346,traditional,0.069696,0.304128,0.174080,0.547904
1347,traditional,0.069088,0.310272,0.160768,0.540128
1348,traditional,0.069984,0.330752,0.161792,0.562528
1349,traditional,0.069344,0.324608,0.164864,0.558816
1350,traditional,0.069984,0.306176,0.161792,0.537952
1351,traditional,0.068608,0.315392,0.160768,0.544768
1352,traditional,0.072928,0.318464,0.174080,0.565472
1353,traditional,0.068128,0.330752,0.163840,0.562720
1354,traditional,0.069056,0.322560,0.161792,0.553408
1355,traditional,0.068096,0.319488,0.161792,0.549376
1356,traditional,0.071808,0.317440,0.174080,0.563328
1357,traditional,0.073888,0.356352,0.165888,0.596128
1358,traditional,0.080384,0.314368,0.161792,0.556544
1359,traditional,0.068672,0.308224,0.164864,0.541760
1360,traditional,0.077280,0.343040,0.162816,0.583136
1361,traditional,0.085664,0.333824,0.164864,0.584352
1362,traditional,0.071648,0.311296,0.161792,0.544736
1363,traditional,0.067936,0.308224,0.174080,0.550240
1364,traditional,0.075904,0.535552,0.185344,0.796800
1365,traditional,0.069664,0.316416,0.161792,0.547872
1366,traditional,0.070048,0.343040,0.162816,0.575904
1367,traditional,0.076192,0.315392,0.169984,0.561568
1368,traditional,0.070240,0.310272,0.322560,0.703072
1369,traditional,0.082624,0.334848,0.165888,0.583360
1370,traditional,0.069760,0.313344,0.161792,0.544896
1371,traditional,0.069824,0.313344,0.164864,0.548032
1372,traditional,0.070144,0.338944,0.168960,0.578048
1373,traditional,0.072608,0.319488,0.161792,0.553888
1374,traditional,0.073824,0.324608,0.161792,0.560224
1375,traditional,0.070240,0.330752,0.161792,0.562784
1376,traditional,0.070400,0.332800,0.161792,0.564992
1377,traditional,0.071808,0.331776,0.161792,0.565376
1378,traditional,0.073600,0.309248,0.164864,0.547712
1379,traditional,0.073152,0.328704,0.161792,0.563648
1380,traditional,0.080704,0.322560,0.160768,0.564032
1381,traditional,0.069632,0.337920,0.165888,0.573440
1382,traditional,0.070560,0.317440,0.171008,0.559008
1383,traditional,0.068960,0.311296,0.161792,0.542048
1384,traditional,0.070560,0.320512,0.161792,0.552864
1385,traditional,0.069248,0.316416,0.162816,0.548480
1386,traditional,0.080640,0.317440,0.161792,0.559872
1387,traditional,0.068928,0.322560,0.164864,0.556352
1388,traditional,0.069504,0.315392,0.161792,0.546688
1389,traditional,0.070208,0.316416,0.161792,0.548416
1390,traditional,0.070272,0.310272,0.161792,0.542336
1391,traditional,0.073056,0.325632,0.162816,0.561504
1392,traditional,0.072992,0.317440,0.162816,0.553248
1393,traditional,0.069664,0.337920,0.175104,0.582688
1394,traditional,0.069440,0.329728,0.162816,0.561984
1395,traditional,0.076448,0.324608,0.163840,0.564896
1396,traditional,0.072608,0.312320,0.162816,0.547744
1397,traditional,0.069920,0.311296,0.169984,0.551200
1398,traditional,0.070016,0.345088,0.161792,0.576896
1399,traditional,0.068960,0.335872,0.162816,0.567648
1400,traditional,0.069920,0.316416,0.163840,0.550176
1401,traditional,0.071616,0.325632,0.162816,0.560064
1402,traditional,0.072512,0.329728,0.161792,0.564032
1403,traditional,0.068384,0.317440,0.161792,0.547616
1404,traditional,0.068992,0.338944,0.161792,0.569728
1405,traditional,0.070240,0.315392,0.162816,0.548448
1406,traditional,0.070976,0.327680,0.168960,0.567616
1407,traditional,0.072608,0.324608,0.162816,0.560032
1408,traditional,0.071584,0.335872,0.162816,0.570272
1409,traditional,0.069856,0.313344,0.176128,0.559328
1410,traditional,0.070592,0.326656,0.162816,0.560064
1411,traditional,0.072160,0.318464,0.164864,0.555488
1412,traditional,0.072480,0.326656,0.174080,0.573216
1413,traditional,0.070464,0.342016,0.162816,0.575296
1414,traditional,0.070112,0.332800,0.161792,0.564704
1415,traditional,0.069600,0.325632,0.162816,0.558048
1416,traditional,0.069856,0.326656,0.165888,0.562400
1417,traditional,0.069824,0.310272,0.162816,0.542912
1418,traditional,0.080096,0.319488,0.161792,0.561376
1419,traditional,0.070848,0.311296,0.161792,0.543936
1420,traditional,0.087552,0.359424,0.163840,0.610816
1421,traditional,0.070080,0.322560,0.165888,0.558528
1422,traditional,0.070048,0.361472,0.162816,0.594336
1423,traditional,0.080736,0.330752,0.172032,0.583520
1424,traditional,0.069632,0.317440,0.162816,0.549888
1425,traditional,0.072736,0.316416,0.368640,0.757792
1426,traditional,0.072032,0.324608,0.161792,0.558432
1427,traditional,0.075456,0.329728,0.162816,0.568000
1428,traditional,0.070208,0.312320,0.175104,0.557632
1429,traditional,0.073184,0.317440,0.172032,0.562656
1430,traditional,0.069600,0.322560,0.161792,0.553952
1431,traditional,0.075200,0.346112,0.162816,0.584128
1432,traditional,0.068928,0.311296,0.162816,0.543040
1433,traditional,0.069120,0.342016,0.162816,0.573952
1434,traditional,0.069408,0.332800,0.165888,0.568096
1435,traditional,0.069760,0.319488,0.163840,0.553088
1436,traditional,0.069408,0.330752,0.161792,0.561952
1437,traditional,0.068544,0.339968,0.162816,0.571328
1438,traditional,0.069344,0.330752,0.161792,0.561888
1439,traditional,0.070880,0.331776,0.333824,0.736480
1440,traditional,0.070080,0.312320,0.163840,0.546240
1441,traditional,0.079552,0.343040,0.185344,0.607936
1442,traditional,0.069408,0.316416,0.323584,0.709408
1443,traditional,0.078752,0.342016,0.166912,0.587680
1444,traditional,0.070048,0.336896,0.175104,0.582048
1445,traditional,0.069344,0.325632,0.161792,0.556768
1446,traditional,0.081248,0.319488,0.162816,0.563552
1447,traditional,0.069472,0.542720,0.166912,0.779104
1448,traditional,0.075296,0.336896,0.162816,0.575008
1449,traditional,0.074752,0.315392,0.174080,0.564224
1450,traditional,0.070144,0.326656,0.162816,0.559616
1451,traditional,0.074176,0.357376,0.162816,0.594368
1452,traditional,0.069728,0.326656,0.162816,0.559200
1453,traditional,0.070080,0.320512,0.161792,0.552384
1454,traditional,0.069856,0.326656,0.162816,0.559328
1455,traditional,0.068576,0.314368,0.174080,0.557024
1456,traditional,0.069792,0.320512,0.162816,0.553120
1457,traditional,0.081760,0.332800,0.162816,0.577376
1458,traditional,0.071232,0.321536,0.161792,0.554560
1459,traditional,0.069632,0.316416,0.162816,0.548864
1460,traditional,0.070720,0.323584,0.162816,0.557120
1461,traditional,0.069568,0.314368,0.161792,0.545728
1462,traditional,0.070784,0.327680,0.164864,0.563328
1463,traditional,0.072384,0.322560,0.169984,0.564928
1464,traditional,0.069504,0.320512,0.161792,0.551808
1465,traditional,0.071840,0.333824,0.174080,0.579744
1466,traditional,0.069024,0.327680,0.162816,0.559520
1467,traditional,0.069280,0.317440,0.161792,0.548512
1468,traditional,0.069216,0.323584,0.161792,0.554592
1469,traditional,0.069024,0.328704,0.162816,0.560544
1470,traditional,0.070272,0.323584,0.165888,0.559744
1471,traditional,0.076672,0.312320,0.166912,0.555904
1472,traditional,0.069600,0.315392,0.161792,0.546784
1473,traditional,0.068544,0.313344,0.161792,0.543680
1474,traditional,0.075040,0.329728,0.163840,0.568608
1475,traditional,0.072000,0.350208,0.162816,0.585024
1476,traditional,0.069888,0.325632,0.161792,0.557312
1477,traditional,0.074688,0.326656,0.163840,0.565184
1478,traditional,0.069760,0.335872,0.162816,0.568448
1479,traditional,0.068832,0.322560,0.161792,0.553184
1480,traditional,0.069376,0.322560,0.180224,0.572160
1481,traditional,0.069152,0.317440,0.164864,0.551456
1482,traditional,0.069280,0.313344,0.161792,0.544416
1483,traditional,0.074080,0.322560,0.169984,0.566624
1484,traditional,0.069792,0.357376,0.165888,0.593056
1485,traditional,0.068864,0.312320,0.162816,0.544000
1486,traditional,0.069888,0.317440,0.161792,0.549120
1487,traditional,0.068768,0.311296,0.162816,0.542880
1488,traditional,0.068928,0.316416,0.164864,0.550208
1489,traditional,0.076608,0.323584,0.166912,0.567104
1490,traditional,0.093376,0.322560,0.161792,0.577728
1491,traditional,0.068896,0.331776,0.162816,0.563488
1492,traditional,0.068896,0.314368,0.165888,0.549152
1493,traditional,0.070336,0.321536,0.162816,0.554688
1494,traditional,0.070176,0.310272,0.186368,0.566816
1495,traditional,0.070048,0.323584,0.165888,0.559520
1496,traditional,0.075168,0.311296,0.165888,0.552352
1497,traditional,0.069984,0.330752,0.166912,0.567648
1498,traditional,0.069600,0.310272,0.174080,0.553952
1499,traditional,0.068992,0.325632,0.162816,0.557440
1500,traditional,0.069472,0.318464,0.174080,0.562016
1501,traditional,0.069280,0.355328,0.162816,0.587424
1502,traditional,0.069024,0.324608,0.162816,0.556448
1503,traditional,0.069280,0.329728,0.188416,0.587424
1504,traditional,0.069696,0.322560,0.161792,0.554048
1505,traditional,0.068928,0.328704,0.161792,0.559424
1506,traditional,0.071104,0.331776,0.171008,0.573888
1507,traditional,0.068768,0.326656,0.167936,0.563360
1508,traditional,0.070976,0.335872,0.165888,0.572736
1509,traditional,0.068128,0.317440,0.162816,0.548384
1510,traditional,0.075584,0.313344,0.161792,0.550720
1511,traditional,0.068960,0.323584,0.162816,0.555360
1512,traditional,0.073344,0.317440,0.165888,0.556672
1513,traditional,0.081504,0.320512,0.162816,0.564832
1514,traditional,0.070016,0.322560,0.166912,0.559488
1515,traditional,0.067744,0.325632,0.165888,0.559264
1516,traditional,0.069152,0.319488,0.165888,0.554528
1517,traditional,0.069728,0.336896,0.165888,0.572512
1518,traditional,0.069888,0.317440,0.161792,0.549120
1519,traditional,0.068832,0.340992,0.161792,0.571616
1520,traditional,0.082144,0.315392,0.163840,0.561376
1521,traditional,0.069120,0.329728,0.162816,0.561664
1522,traditional,0.068832,0.321536,0.161792,0.552160
1523,traditional,0.068864,0.334848,0.162816,0.566528
1524,traditional,0.072480,0.325632,0.162816,0.560928
1525,traditional,0.068512,0.315392,0.166912,0.550816
1526,traditional,0.069600,0.340992,0.161792,0.572384
1527,traditional,0.069344,0.319488,0.161792,0.550624
1528,traditional,0.070336,0.329728,0.162816,0.562880
1529,traditional,0.081504,0.347136,0.162816,0.591456
1530,traditional,0.070496,0.358400,0.163840,0.592736
1531,traditional,0.070016,0.324608,0.162816,0.557440
1532,traditional,0.069344,0.331776,0.162816,0.563936
1533,traditional,0.069824,0.319488,0.369664,0.758976
1534,traditional,0.075840,0.345088,0.161792,0.582720
1535,traditional,0.082400,0.329728,0.187392,0.599520
1536,traditional,0.071296,0.323584,0.164864,0.559744
1537,traditional,0.075968,0.531456,0.186368,0.793792
1538,traditional,0.069152,0.327680,0.161792,0.558624
1539,traditional,0.074240,0.322560,0.207872,0.604672
1540,traditional,0.074080,0.357376,0.162816,0.594272
1541,traditional,0.069088,0.342016,0.162816,0.573920
1542,traditional,0.070592,0.311296,0.161792,0.543680
1543,traditional,0.080832,0.318464,0.161792,0.561088
1544,traditional,0.070144,0.316416,0.161792,0.548352
1545,traditional,0.068992,0.315392,0.165888,0.550272
1546,traditional,0.070400,0.336896,0.161792,0.569088
1547,traditional,0.077792,0.309248,0.175104,0.562144
1548,traditional,0.069472,0.344064,0.164864,0.578400
1549,traditional,0.069056,0.319488,0.161792,0.550336
1550,traditional,0.070752,0.325632,0.165888,0.562272
1551,traditional,0.075168,0.348160,0.165888,0.589216
1552,traditional,0.079168,0.324608,0.161792,0.565568
1553,traditional,0.076896,0.326656,0.161792,0.565344
1554,traditional,0.071328,0.327680,0.384000,0.783008
1555,traditional,0.074080,0.323584,0.175104,0.572768
1556,traditional,0.071680,0.319488,0.184320,0.575488
1557,traditional,0.068608,0.325632,0.165888,0.560128
1558,traditional,0.073664,0.339968,0.161792,0.575424
1559,traditional,0.069728,0.324608,0.165888,0.560224
1560,traditional,0.070016,0.331776,0.174080,0.575872
1561,traditional,0.074848,0.336896,0.162816,0.574560
1562,traditional,0.069536,0.308224,0.162816,0.540576
1563,traditional,0.080160,0.313344,0.161792,0.555296
1564,traditional,0.070368,0.308224,0.375808,0.754400
1565,traditional,0.070624,0.335872,0.161792,0.568288
1566,traditional,0.070208,0.321536,0.164864,0.556608
1567,traditional,0.068832,0.306176,0.161792,0.536800
1568,traditional,0.077600,0.330752,0.195584,0.603936
1569,traditional,0.068128,0.326656,0.161792,0.556576
1570,traditional,0.069792,0.326656,0.161792,0.558240
1571,traditional,0.084800,0.326656,0.187392,0.598848
1572,traditional,0.082496,0.327680,0.188416,0.598592
1573,traditional,0.081824,0.336896,0.184320,0.603040
1574,traditional,0.069312,0.316416,0.161792,0.547520
1575,traditional,0.080224,0.330752,0.166912,0.577888
1576,traditional,0.069888,0.326656,0.161792,0.558336
1577,traditional,0.081184,0.337920,0.160768,0.579872
1578,traditional,0.070400,0.303104,0.164864,0.538368
1579,traditional,0.077920,0.330752,0.180224,0.588896
1580,traditional,0.069344,0.313344,0.161792,0.544480
1581,traditional,0.068480,0.315392,0.198656,0.582528
1582,traditional,0.073152,0.317440,0.161792,0.552384
1583,traditional,0.068544,0.310272,0.175104,0.553920
1584,traditional,0.070112,0.304128,0.161792,0.536032
1585,traditional,0.071712,0.313344,0.161792,0.546848
1586,traditional,0.082624,0.318464,0.160768,0.561856
1587,traditional,0.071584,0.318464,0.161792,0.551840
1588,traditional,0.071168,0.305152,0.164864,0.541184
1589,traditional,0.068608,0.360448,0.161792,0.590848
1590,traditional,0.070368,0.318464,0.161792,0.550624
1591,traditional,0.070016,0.315392,0.162816,0.548224
1592,traditional,0.070208,0.305152,0.174080,0.549440
1593,traditional,0.071808,0.314368,0.161792,0.547968
1594,traditional,0.082464,0.303104,0.169984,0.555552
1595,traditional,0.074912,0.305152,0.163840,0.543904
1596,traditional,0.070112,0.312320,0.161792,0.544224
1597,traditional,0.068704,0.312320,0.161792,0.542816
1598,traditional,0.068928,0.310272,0.161792,0.540992
1599,traditional,0.080768,0.307200,0.164864,0.552832
1600,traditional,0.070176,0.321536,0.160768,0.552480
1601,traditional,0.077152,0.320512,0.174080,0.571744
1602,traditional,0.080576,0.316416,0.161792,0.558784
1603,traditional,0.080960,0.325632,0.174080,0.580672
1604,traditional,0.070528,0.314368,0.161792,0.546688
1605,traditional,0.071360,0.318464,0.174080,0.563904
1606,traditional,0.068768,0.307200,0.161792,0.537760
1607,traditional,0.069312,0.315392,0.161792,0.546496
1608,traditional,0.069888,0.309248,0.161792,0.540928
1609,traditional,0.073152,0.330752,0.174080,0.577984
1610,traditional,0.070400,0.310272,0.161792,0.542464
1611,traditional,0.069728,0.314368,0.161792,0.545888
1612,traditional,0.069888,0.317440,0.161792,0.549120
1613,traditional,0.067520,0.311296,0.161792,0.540608
1614,traditional,0.070496,0.324608,0.184320,0.579424
1615,traditional,0.068896,0.308224,0.161792,0.538912
1616,traditional,0.074944,0.525312,0.188416,0.788672
1617,traditional,0.069216,0.313344,0.183296,0.565856
1618,traditional,0.070464,0.317440,0.323584,0.711488
1619,traditional,0.072832,0.318464,0.162816,0.554112
1620,traditional,0.069536,0.311296,0.330752,0.711584
1621,traditional,0.069536,0.309248,0.171008,0.549792
1622,traditional,0.070944,0.323584,0.161792,0.556320
1623,traditional,0.069216,0.330752,0.175104,0.575072
1624,traditional,0.080960,0.317440,0.161792,0.560192
1625,traditional,0.072288,0.318464,0.163840,0.554592
1626,traditional,0.070752,0.321536,0.161792,0.554080
1627,traditional,0.068704,0.309248,0.175104,0.553056
1628,traditional,0.069984,0.328704,0.162816,0.561504
1629,traditional,0.069760,0.320512,0.168960,0.559232
1630,traditional,0.079552,0.315392,0.161792,0.556736
1631,traditional,0.069280,0.314368,0.164864,0.548512
1632,traditional,0.081248,0.323584,0.175104,0.579936
1633,traditional,0.068672,0.323584,0.172032,0.564288
1634,traditional,0.069376,0.321536,0.160768,0.551680
1635,traditional,0.074432,0.325632,0.185344,0.585408
1636,traditional,0.074304,0.325632,0.185344,0.585280
1637,traditional,0.082880,0.328704,0.163840,0.575424
1638,traditional,0.080192,0.315392,0.175104,0.570688
1639,traditional,0.070176,0.312320,0.166912,0.549408
1640,traditional,0.070976,0.326656,0.162816,0.560448
1641,traditional,0.069088,0.328704,0.165888,0.563680
1642,traditional,0.075264,0.321536,0.189440,0.586240
1643,traditional,0.078144,0.313344,0.162816,0.554304
1644,traditional,0.073632,0.323584,0.161792,0.559008
1645,traditional,0.068864,0.342016,0.166912,0.577792
1646,traditional,0.072160,0.333824,0.162816,0.568800
1647,traditional,0.068992,0.316416,0.162816,0.548224
1648,traditional,0.069760,0.313344,0.162816,0.545920
1649,traditional,0.069280,0.322560,0.162816,0.554656
1650,traditional,0.069248,0.320512,0.165888,0.555648
1651,traditional,0.072544,0.316416,0.161792,0.550752
1652,traditional,0.069536,0.337920,0.162816,0.570272
1653,traditional,0.068448,0.335872,0.165888,0.570208
1654,traditional,0.069376,0.323584,0.162816,0.555776
1655,traditional,0.068896,0.333824,0.163840,0.566560
1656,traditional,0.070432,0.336896,0.161792,0.569120
1657,traditional,0.074112,0.348160,0.165888,0.588160
1658,traditional,0.069536,0.336896,0.162816,0.569248
1659,traditional,0.069024,0.323584,0.162816,0.555424
1660,traditional,0.070656,0.333824,0.162816,0.567296
1661,traditional,0.069120,0.322560,0.162816,0.554496
1662,traditional,0.069824,0.317440,0.162816,0.550080
1663,traditional,0.069088,0.317440,0.174080,0.560608
1664,traditional,0.083296,0.347136,0.161792,0.592224
1665,traditional,0.069632,0.323584,0.168960,0.562176
1666,traditional,0.069760,0.328704,0.162816,0.561280
1667,traditional,0.076352,0.344064,0.162816,0.583232
1668,traditional,0.069760,0.324608,0.163840,0.558208
1669,traditional,0.069536,0.348160,0.166912,0.584608
1670,traditional,0.070880,0.324608,0.165888,0.561376
1671,traditional,0.072704,0.329728,0.162816,0.565248
1672,traditional,0.071072,0.313344,0.162816,0.547232
1673,traditional,0.068512,0.326656,0.162816,0.557984
1674,traditional,0.070240,0.352256,0.162816,0.585312
1675,traditional,0.069920,0.337920,0.162816,0.570656
1676,traditional,0.080416,0.322560,0.162816,0.565792
1677,traditional,0.069344,0.316416,0.166912,0.552672
1678,traditional,0.069536,0.319488,0.162816,0.551840
1679,traditional,0.069120,0.328704,0.162816,0.560640
1680,traditional,0.076064,0.322560,0.161792,0.560416
1681,traditional,0.069120,0.310272,0.162816,0.542208
1682,traditional,0.072736,0.312320,0.161792,0.546848
1683,traditional,0.069568,0.340992,0.168960,0.579520
1684,traditional,0.070144,0.317440,0.163840,0.551424
1685,traditional,0.070624,0.311296,0.161792,0.543712
1686,traditional,0.070016,0.331776,0.162816,0.564608
1687,traditional,0.069056,0.310272,0.162816,0.542144
1688,traditional,0.083328,0.506880,0.201728,0.791936
1689,traditional,0.068960,0.319488,0.162816,0.551264
1690,traditional,0.075232,0.312320,0.166912,0.554464
1691,traditional,0.069280,0.317440,0.162816,0.549536
1692,traditional,0.069728,0.310272,0.162816,0.542816
1693,traditional,0.069728,0.327680,0.175104,0.572512
1694,traditional,0.072448,0.330752,0.162816,0.566016
1695,traditional,0.069152,0.313344,0.162816,0.545312
1696,traditional,0.069888,0.321536,0.162816,0.554240
1697,traditional,0.073216,0.317440,0.163840,0.554496
1698,traditional,0.068672,0.321536,0.162816,0.553024
1699,traditional,0.069440,0.322560,0.162816,0.554816
1700,traditional,0.069376,0.314368,0.161792,0.545536
1701,traditional,0.080320,0.318464,0.162816,0.561600
1702,traditional,0.069984,0.311296,0.161792,0.543072
1703,traditional,0.070208,0.338944,0.171008,0.580160
1704,traditional,0.071776,0.312320,0.161792,0.545888
1705,traditional,0.069568,0.315392,0.162816,0.547776
1706,traditional,0.074880,0.312320,0.173056,0.560256
1707,traditional,0.070304,0.311296,0.162816,0.544416
1708,traditional,0.069440,0.329728,0.162816,0.561984
1709,traditional,0.069536,0.328704,0.161792,0.560032
1710,traditional,0.071104,0.313344,0.161792,0.546240
1711,traditional,0.069216,0.312320,0.165888,0.547424
1712,traditional,0.070336,0.311296,0.161792,0.543424
1713,traditional,0.073216,0.311296,0.161792,0.546304
1714,traditional,0.069728,0.326656,0.161792,0.558176
1715,traditional,0.069408,0.327680,0.163840,0.560928
1716,traditional,0.069920,0.335872,0.162816,0.568608
1717,traditional,0.071520,0.320512,0.188416,0.580448
1718,traditional,0.073920,0.326656,0.162816,0.563392
1719,traditional,0.078592,0.324608,0.162816,0.566016
1720,traditional,0.069728,0.319488,0.162816,0.552032
1721,traditional,0.068928,0.312320,0.161792,0.543040
1722,traditional,0.070944,0.328704,0.161792,0.561440
1723,traditional,0.069632,0.313344,0.164864,0.547840
1724,traditional,0.070848,0.337920,0.171008,0.579776
1725,traditional,0.070240,0.335872,0.161792,0.567904
1726,traditional,0.069376,0.313344,0.162816,0.545536
1727,traditional,0.069728,0.331776,0.162816,0.564320
1728,traditional,0.069632,0.310272,0.187392,0.567296
1729,traditional,0.069056,0.312320,0.161792,0.543168
1730,traditional,0.069792,0.319488,0.161792,0.551072
1731,traditional,0.070848,0.322560,0.162816,0.556224
1732,traditional,0.069216,0.311296,0.165888,0.546400
1733,traditional,0.070048,0.346112,0.162816,0.578976
1734,traditional,0.069856,0.317440,0.162816,0.550112
1735,traditional,0.069408,0.324608,0.172032,0.566048
1736,traditional,0.069952,0.343040,0.172032,0.585024
1737,traditional,0.069408,0.335872,0.162816,0.568096
1738,traditional,0.069536,0.331776,0.161792,0.563104
1739,traditional,0.069408,0.323584,0.162816,0.555808
1740,traditional,0.070112,0.314368,0.164864,0.549344
1741,traditional,0.069344,0.311296,0.162816,0.543456
1742,traditional,0.069760,0.313344,0.161792,0.544896
1743,traditional,0.069216,0.315392,0.162816,0.547424
1744,traditional,0.073536,0.310272,0.162816,0.546624
1745,traditional,0.069280,0.315392,0.162816,0.547488
1746,traditional,0.069088,0.311296,0.162816,0.543200
1747,traditional,0.069568,0.314368,0.169984,0.553920
1748,traditional,0.070464,0.310272,0.161792,0.542528
1749,traditional,0.070368,0.332800,0.165888,0.569056
1750,traditional,0.069696,0.327680,0.162816,0.560192
1751,traditional,0.068224,0.344064,0.191488,0.603776
1752,traditional,0.073312,0.329728,0.162816,0.565856
1753,traditional,0.069696,0.348160,0.166912,0.584768
1754,traditional,0.072992,0.349184,0.162816,0.584992
1755,traditional,0.068832,0.316416,0.161792,0.547040
1756,traditional,0.069312,0.350208,0.172032,0.591552
1757,traditional,0.068384,0.320512,0.166912,0.555808
1758,traditional,0.070240,0.320512,0.161792,0.552544
1759,traditional,0.069440,0.331776,0.162816,0.564032
1760,traditional,0.069504,0.334848,0.164864,0.569216
1761,traditional,0.073056,0.337920,0.165888,0.576864
1762,traditional,0.070080,0.335872,0.180224,0.586176
1763,traditional,0.076736,0.333824,0.166912,0.577472
1764,traditional,0.069280,0.347136,0.187392,0.603808
1765,traditional,0.071200,0.491520,0.189440,0.752160
1766,traditional,0.070624,0.329728,0.165888,0.566240
1767,traditional,0.074080,0.333824,0.175104,0.583008
1768,traditional,0.069504,0.317440,0.164864,0.551808
1769,traditional,0.070304,0.319488,0.172032,0.561824
1770,traditional,0.069888,0.311296,0.187392,0.568576
1771,traditional,0.079648,0.324608,0.182272,0.586528
1772,traditional,0.069792,0.316416,0.161792,0.548000
1773,traditional,0.069536,0.315392,0.162816,0.547744
1774,traditional,0.071648,0.333824,0.164864,0.570336
1775,traditional,0.080864,0.332800,0.161792,0.575456
1776,traditional,0.070048,0.335872,0.162816,0.568736
1777,traditional,0.073056,0.325632,0.174080,0.572768
1778,traditional,0.071456,0.321536,0.174080,0.567072
1779,traditional,0.070560,0.326656,0.160768,0.557984
1780,traditional,0.070176,0.331776,0.161792,0.563744
1781,traditional,0.071872,0.344064,0.162816,0.578752
1782,traditional,0.070176,0.326656,0.161792,0.558624
1783,traditional,0.075616,0.323584,0.164864,0.564064
1784,traditional,0.069120,0.327680,0.161792,0.558592
1785,traditional,0.068832,0.342016,0.175104,0.585952
1786,traditional,0.081568,0.312320,0.161792,0.555680
1787,traditional,0.069280,0.340992,0.161792,0.572064
1788,traditional,0.069856,0.342016,0.161792,0.573664
1789,traditional,0.069184,0.331776,0.163840,0.564800
1790,traditional,0.069440,0.320512,0.161792,0.551744
1791,traditional,0.077408,0.335872,0.161792,0.575072
1792,traditional,0.082080,0.317440,0.174080,0.573600
1793,traditional,0.070112,0.352256,0.162816,0.585184
1794,traditional,0.081440,0.330752,0.160768,0.572960
1795,traditional,0.071264,0.322560,0.161792,0.555616
1796,traditional,0.072736,0.311296,0.323584,0.707616
1797,traditional,0.069600,0.328704,0.174080,0.572384
1798,traditional,0.069536,0.312320,0.161792,0.543648
1799,traditional,0.069728,0.317440,0.161792,0.548960
1800,traditional,0.069056,0.315392,0.161792,0.546240
1801,traditional,0.069664,0.321536,0.161792,0.552992
1802,traditional,0.070912,0.307200,0.174080,0.552192
1803,traditional,0.075680,0.305152,0.162816,0.543648
1804,traditional,0.070016,0.311296,0.160768,0.542080
1805,traditional,0.068608,0.325632,0.161792,0.556032
1806,traditional,0.069760,0.332800,0.163840,0.566400
1807,traditional,0.068576,0.328704,0.174080,0.571360
1808,traditional,0.069248,0.352256,0.161792,0.583296
1809,traditional,0.068576,0.309248,0.164864,0.542688
1810,traditional,0.069312,0.330752,0.327680,0.727744
1811,traditional,0.073600,0.314368,0.165888,0.553856
1812,traditional,0.069184,0.310272,0.161792,0.541248
1813,traditional,0.068512,0.304128,0.162816,0.535456
1814,traditional,0.075520,0.328704,0.161792,0.566016
1815,traditional,0.069664,0.313344,0.165888,0.548896
1816,traditional,0.072064,0.317440,0.168960,0.558464
1817,traditional,0.069280,0.344064,0.161792,0.575136
1818,traditional,0.069568,0.310272,0.161792,0.541632
1819,traditional,0.068448,0.316416,0.162816,0.547680
1820,traditional,0.070272,0.319488,0.164864,0.554624
1821,traditional,0.068640,0.309248,0.164864,0.542752
1822,traditional,0.069632,0.318464,0.161792,0.549888
1823,traditional,0.072896,0.309248,0.174080,0.556224
1824,traditional,0.069824,0.328704,0.161792,0.560320
1825,traditional,0.070016,0.321536,0.160768,0.552320
1826,traditional,0.068800,0.301056,0.160768,0.530624
1827,traditional,0.072192,0.308224,0.166912,0.547328
1828,traditional,0.069728,0.312320,0.164864,0.546912
1829,traditional,0.069056,0.306176,0.173056,0.548288
1830,traditional,0.070432,0.304128,0.164864,0.539424
1831,traditional,0.069632,0.327680,0.164864,0.562176
1832,traditional,0.069728,0.336896,0.161792,0.568416
1833,traditional,0.068224,0.307200,0.160768,0.536192
1834,traditional,0.080448,0.306176,0.160768,0.547392
1835,traditional,0.073344,0.350208,0.166912,0.590464
1836,traditional,0.069792,0.323584,0.182272,0.575648
1837,traditional,0.073408,0.314368,0.173056,0.560832
1838,traditional,0.070688,0.323584,0.164864,0.559136
1839,traditional,0.069376,0.329728,0.453632,0.852736
1840,traditional,0.086752,0.319488,0.168960,0.575200
1841,traditional,0.076896,0.326656,0.161792,0.565344
1842,traditional,0.072096,0.306176,0.164864,0.543136
1843,traditional,0.068800,0.307200,0.161792,0.537792
1844,traditional,0.072352,0.319488,0.161792,0.553632
1845,traditional,0.076544,0.307200,0.163840,0.547584
1846,traditional,0.069888,0.331776,0.165888,0.567552
1847,traditional,0.069024,0.309248,0.164864,0.543136
1848,traditional,0.078720,0.325632,0.161792,0.566144
1849,traditional,0.068672,0.330752,0.171008,0.570432
1850,traditional,0.080608,0.313344,0.164864,0.558816
1851,traditional,0.079360,0.321536,0.162816,0.563712
1852,traditional,0.082272,0.313344,0.172032,0.567648
1853,traditional,0.069216,0.315392,0.164864,0.549472
1854,traditional,0.069664,0.312320,0.161792,0.543776
1855,traditional,0.068448,0.318464,0.161792,0.548704
1856,traditional,0.068896,0.322560,0.161792,0.553248
1857,traditional,0.068576,0.315392,0.164864,0.548832
1858,traditional,0.072544,0.316416,0.174080,0.563040
1859,traditional,0.073600,0.326656,0.163840,0.564096
1860,traditional,0.070432,0.311296,0.161792,0.543520
1861,traditional,0.069184,0.325632,0.161792,0.556608
1862,traditional,0.069760,0.344064,0.162816,0.576640
1863,traditional,0.068064,0.320512,0.161792,0.550368
1864,traditional,0.068864,0.326656,0.161792,0.557312
1865,traditional,0.069312,0.324608,0.161792,0.555712
1866,traditional,0.069632,0.312320,0.161792,0.543744
1867,traditional,0.068704,0.321536,0.185344,0.575584
1868,traditional,0.069760,0.326656,0.160768,0.557184
1869,traditional,0.068704,0.311296,0.161792,0.541792
1870,traditional,0.081664,0.339968,0.161792,0.583424
1871,traditional,0.081504,0.335872,0.164864,0.582240
1872,traditional,0.075488,0.312320,0.160768,0.548576
1873,traditional,0.069440,0.328704,0.168960,0.567104
1874,traditional,0.069696,0.322560,0.166912,0.559168
1875,traditional,0.077440,0.325632,0.162816,0.565888
1876,traditional,0.071232,0.358400,0.161792,0.591424
1877,traditional,0.069280,0.324608,0.160768,0.554656
1878,traditional,0.074816,0.519168,0.172032,0.766016
1879,traditional,0.068768,0.323584,0.173056,0.565408
1880,traditional,0.077536,0.335872,0.161792,0.575200
1881,traditional,0.069280,0.329728,0.334848,0.733856
1882,traditional,0.070784,0.321536,0.163840,0.556160
1883,traditional,0.069408,0.314368,0.164864,0.548640
1884,traditional,0.080128,0.343040,0.162816,0.585984
1885,traditional,0.069504,0.321536,0.161792,0.552832
1886,traditional,0.069344,0.324608,0.161792,0.555744
1887,traditional,0.069920,0.317440,0.173056,0.560416
1888,traditional,0.070336,0.315392,0.161792,0.547520
1889,traditional,0.074368,0.345088,0.161792,0.581248
1890,traditional,0.069216,0.321536,0.165888,0.556640
1891,traditional,0.069440,0.317440,0.161792,0.548672
1892,traditional,0.070176,0.314368,0.161792,0.546336
1893,traditional,0.070208,0.329728,0.161792,0.561728
1894,traditional,0.070016,0.312320,0.160768,0.543104
1895,traditional,0.069088,0.332800,0.162816,0.564704
1896,traditional,0.080000,0.312320,0.174080,0.566400
1897,traditional,0.069056,0.331776,0.174080,0.574912
1898,traditional,0.071296,0.328704,0.161792,0.561792
1899,traditional,0.071648,0.332800,0.160768,0.565216
1900,traditional,0.070944,0.329728,0.161792,0.562464
1901,traditional,0.070240,0.329728,0.161792,0.561760
1902,traditional,0.070048,0.327680,0.174080,0.571808
1903,traditional,0.068960,0.310272,0.161792,0.541024
1904,traditional,0.069760,0.317440,0.161792,0.548992
1905,traditional,0.069952,0.318464,0.161792,0.550208
1906,traditional,0.070400,0.325632,0.174080,0.570112
1907,traditional,0.068800,0.316416,0.161792,0.547008
1908,traditional,0.069760,0.311296,0.370688,0.751744
1909,traditional,0.070720,0.324608,0.161792,0.557120
1910,traditional,0.069472,0.316416,0.161792,0.547680
1911,traditional,0.069984,0.340992,0.161792,0.572768
1912,traditional,0.070112,0.311296,0.162816,0.544224
1913,traditional,0.074080,0.311296,0.165888,0.551264
1914,traditional,0.070144,0.309248,0.187392,0.566784
1915,traditional,0.070016,0.315392,0.164864,0.550272
1916,traditional,0.069632,0.323584,0.161792,0.555008
1917,traditional,0.069088,0.325632,0.161792,0.556512
1918,traditional,0.069856,0.324608,0.161792,0.556256
1919,traditional,0.068224,0.343040,0.164864,0.576128
1920,traditional,0.069632,0.327680,0.161792,0.559104
1921,traditional,0.076736,0.314368,0.161792,0.552896
1922,traditional,0.070784,0.313344,0.164864,0.548992
1923,traditional,0.082336,0.322560,0.173056,0.577952
1924,traditional,0.069280,0.320512,0.172032,0.561824
1925,traditional,0.074272,0.334848,0.187392,0.596512
1926,traditional,0.069728,0.316416,0.161792,0.547936
1927,traditional,0.069888,0.317440,0.161792,0.549120
1928,traditional,0.073152,0.328704,0.165888,0.567744
1929,traditional,0.068832,0.329728,0.164864,0.563424
1930,traditional,0.069408,0.322560,0.168960,0.560928
1931,traditional,0.069600,0.323584,0.164864,0.558048
1932,traditional,0.073472,0.326656,0.161792,0.561920
1933,traditional,0.068928,0.325632,0.161792,0.556352
1934,traditional,0.069952,0.315392,0.161792,0.547136
1935,traditional,0.094688,0.318464,0.174080,0.587232
1936,traditional,0.070048,0.310272,0.161792,0.542112
1937,traditional,0.070816,0.332800,0.161792,0.565408
1938,traditional,0.071872,0.337920,0.161792,0.571584
1939,traditional,0.070784,0.312320,0.164864,0.547968
1940,traditional,0.069184,0.317440,0.161792,0.548416
1941,traditional,0.069184,0.336896,0.162816,0.568896
1942,traditional,0.069952,0.312320,0.167936,0.550208
1943,traditional,0.069216,0.332800,0.161792,0.563808
1944,traditional,0.070016,0.320512,0.161792,0.552320
1945,traditional,0.068800,0.336896,0.165888,0.571584
1946,traditional,0.068960,0.321536,0.165888,0.556384
1947,traditional,0.077184,0.319488,0.179200,0.575872
1948,traditional,0.076832,0.316416,0.162816,0.556064
1949,traditional,0.071616,0.363520,0.161792,0.596928
1950,traditional,0.069536,0.318464,0.161792,0.549792
1951,traditional,0.072896,0.332800,0.162816,0.568512
1952,traditional,0.076448,0.355328,0.161792,0.593568
1953,traditional,0.069280,0.321536,0.161792,0.552608
1954,traditional,0.072384,0.314368,0.161792,0.548544
1955,traditional,0.070336,0.313344,0.164864,0.548544
1956,traditional,0.070624,0.322560,0.161792,0.554976
1957,traditional,0.069984,0.311296,0.161792,0.543072
1958,traditional,0.069152,0.335872,0.161792,0.566816
1959,traditional,0.071936,0.311296,0.174080,0.557312
1960,traditional,0.071200,0.322560,0.164864,0.558624
1961,traditional,0.069152,0.318464,0.172032,0.559648
1962,traditional,0.069248,0.313344,0.161792,0.544384
1963,traditional,0.069120,0.313344,0.161792,0.544256
1964,traditional,0.069664,0.311296,0.161792,0.542752
1965,traditional,0.073856,0.323584,0.161792,0.559232
1966,traditional,0.082432,0.329728,0.161792,0.573952
1967,traditional,0.068704,0.318464,0.173056,0.560224
1968,traditional,0.069280,0.323584,0.160768,0.553632
1969,traditional,0.069440,0.343040,0.162816,0.575296
1970,traditional,0.074816,0.322560,0.162816,0.560192
1971,traditional,0.076672,0.311296,0.161792,0.549760
1972,traditional,0.069856,0.314368,0.174080,0.558304
1973,traditional,0.091072,0.318464,0.161792,0.571328
1974,traditional,0.069248,0.320512,0.165888,0.555648
1975,traditional,0.092480,0.355328,0.173056,0.620864
1976,traditional,0.070144,0.328704,0.161792,0.560640
1977,traditional,0.068640,0.321536,0.161792,0.551968
1978,traditional,0.081760,0.313344,0.162816,0.557920
1979,traditional,0.069504,0.342016,0.164864,0.576384
1980,traditional,0.069472,0.335872,0.182272,0.587616
1981,traditional,0.068800,0.355328,0.176128,0.600256
1982,traditional,0.069824,0.311296,0.161792,0.542912
1983,traditional,0.073280,0.331776,0.174080,0.579136
1984,traditional,0.073024,0.330752,0.161792,0.565568
1985,traditional,0.073696,0.321536,0.161792,0.557024
1986,traditional,0.074240,0.340992,0.191488,0.606720
1987,traditional,0.069120,0.325632,0.162816,0.557568
1988,traditional,0.069504,0.313344,0.161792,0.544640
1989,traditional,0.072480,0.323584,0.161792,0.557856
1990,traditional,0.069856,0.313344,0.161792,0.544992
1991,traditional,0.075520,0.327680,0.164864,0.568064
1992,traditional,0.070176,0.331776,0.161792,0.563744
1993,traditional,0.069248,0.346112,0.161792,0.577152
1994,traditional,0.071424,0.325632,0.174080,0.571136
1995,traditional,0.068288,0.329728,0.161792,0.559808
1996,traditional,0.074848,0.315392,0.339968,0.730208
1997,traditional,0.070208,0.327680,0.161792,0.559680
1998,traditional,0.087072,0.376832,0.162816,0.626720
1999,traditional,0.074944,0.345088,0.161792,0.581824
2000,traditional,0.080256,0.335872,0.175104,0.591232
2001,traditional,0.068928,0.314368,0.167936,0.551232
2002,traditional,0.072000,0.331776,0.164864,0.568640
2003,traditional,0.068800,0.329728,0.161792,0.560320
2004,traditional,0.070368,0.323584,0.161792,0.555744
2005,traditional,0.072544,0.330752,0.161792,0.565088
2006,traditional,0.075360,0.335872,0.168960,0.580192
2007,traditional,0.070080,0.319488,0.180224,0.569792
2008,traditional,0.071232,0.331776,0.162816,0.565824
2009,traditional,0.077984,0.369664,0.165888,0.613536
2010,traditional,0.076384,0.313344,0.161792,0.551520
2011,traditional,0.076672,0.326656,0.165888,0.569216
2012,traditional,0.070144,0.314368,0.161792,0.546304
2013,traditional,0.077120,0.350208,0.178176,0.605504
2014,traditional,0.081024,0.314368,0.171008,0.566400
2015,traditional,0.069472,0.325632,0.161792,0.556896
2016,traditional,0.074496,0.322560,0.171008,0.568064
2017,traditional,0.072960,0.315392,0.165888,0.554240
2018,traditional,0.074464,0.310272,0.162816,0.547552
2019,traditional,0.069824,0.315392,0.165888,0.551104
2020,traditional,0.070848,0.316416,0.163840,0.551104
2021,traditional,0.069376,0.336896,0.162816,0.569088
2022,traditional,0.068992,0.325632,0.161792,0.556416
2023,traditional,0.072224,0.331776,0.171008,0.575008
2024,traditional,0.071904,0.321536,0.161792,0.555232
2025,traditional,0.069664,0.312320,0.161792,0.543776
2026,traditional,0.069632,0.319488,0.379904,0.769024
2027,traditional,0.078816,0.313344,0.162816,0.554976
2028,traditional,0.070176,0.317440,0.165888,0.553504
2029,traditional,0.068320,0.321536,0.161792,0.551648
2030,traditional,0.074720,0.328704,0.373760,0.777184
2031,traditional,0.069088,0.324608,0.161792,0.555488
2032,traditional,0.069536,0.323584,0.161792,0.554912
2033,traditional,0.069472,0.332800,0.376832,0.779104
2034,traditional,0.072384,0.338944,0.162816,0.574144
2035,traditional,0.069632,0.320512,0.172032,0.562176
2036,traditional,0.070208,0.320512,0.161792,0.552512
2037,traditional,0.070496,0.323584,0.165888,0.559968
2038,traditional,0.071136,0.311296,0.161792,0.544224
2039,traditional,0.069120,0.309248,0.161792,0.540160
2040,traditional,0.076864,0.331776,0.161792,0.570432
2041,traditional,0.068640,0.327680,0.164864,0.561184
2042,traditional,0.070144,0.324608,0.161792,0.556544
2043,traditional,0.079456,0.325632,0.161792,0.566880
2044,traditional,0.069504,0.331776,0.163840,0.565120
2045,traditional,0.069664,0.309248,0.161792,0.540704
2046,traditional,0.069536,0.321536,0.168960,0.560032
2047,traditional,0.068800,0.323584,0.162816,0.555200
2048,traditional,0.070176,0.314368,0.161792,0.546336
2049,traditional,0.082176,0.314368,0.163840,0.560384
2050,traditional,0.070080,0.328704,0.161792,0.560576
2051,traditional,0.071392,0.321536,0.175104,0.568032
2052,traditional,0.070176,0.333824,0.173056,0.577056
2053,traditional,0.069792,0.321536,0.165888,0.557216
2054,traditional,0.069952,0.318464,0.161792,0.550208
2055,traditional,0.072576,0.333824,0.161792,0.568192
2056,traditional,0.070176,0.310272,0.161792,0.542240
2057,traditional,0.070368,0.315392,0.162816,0.548576
2058,traditional,0.071648,0.327680,0.161792,0.561120
2059,traditional,0.072064,0.351232,0.162816,0.586112
2060,traditional,0.070656,0.320512,0.161792,0.552960
2061,traditional,0.070272,0.311296,0.161792,0.543360
2062,traditional,0.069248,0.309248,0.175104,0.553600
2063,traditional,0.069824,0.326656,0.161792,0.558272
2064,traditional,0.070016,0.334848,0.161792,0.566656
2065,traditional,0.073664,0.326656,0.161792,0.562112
2066,traditional,0.070176,0.311296,0.185344,0.566816
2067,traditional,0.069760,0.324608,0.161792,0.556160
2068,traditional,0.072736,0.322560,0.161792,0.557088
2069,traditional,0.072576,0.311296,0.165888,0.549760
2070,traditional,0.070784,0.310272,0.165888,0.546944
2071,traditional,0.079744,0.349184,0.160768,0.589696
2072,traditional,0.078912,0.330752,0.161792,0.571456
2073,traditional,0.069440,0.312320,0.161792,0.543552
2074,traditional,0.080928,0.336896,0.172032,0.589856
2075,traditional,0.081888,0.348160,0.174080,0.604128
2076,traditional,0.070272,0.314368,0.160768,0.545408
2077,traditional,0.069632,0.324608,0.161792,0.556032
2078,traditional,0.069440,0.325632,0.161792,0.556864
2079,traditional,0.069568,0.310272,0.161792,0.541632
2080,traditional,0.069728,0.320512,0.161792,0.552032
2081,traditional,0.069536,0.325632,0.165888,0.561056
2082,traditional,0.070176,0.314368,0.161792,0.546336
2083,traditional,0.081600,0.314368,0.161792,0.557760
2084,traditional,0.069632,0.313344,0.161792,0.544768
2085,traditional,0.069920,0.317440,0.161792,0.549152
2086,traditional,0.069408,0.323584,0.174080,0.567072
2087,traditional,0.069600,0.339968,0.171008,0.580576
2088,traditional,0.069568,0.319488,0.161792,0.550848
2089,traditional,0.072448,0.310272,0.165888,0.548608
2090,traditional,0.069408,0.309248,0.161792,0.540448
2091,traditional,0.075552,0.362496,0.165888,0.603936
2092,traditional,0.069696,0.311296,0.161792,0.542784
2093,traditional,0.071072,0.322560,0.327680,0.721312
2094,traditional,0.074528,0.320512,0.165888,0.560928
2095,traditional,0.069152,0.311296,0.160768,0.541216
2096,traditional,0.069792,0.333824,0.165888,0.569504
2097,traditional,0.073088,0.312320,0.164864,0.550272
2098,traditional,0.069120,0.313344,0.163840,0.546304
2099,traditional,0.068864,0.323584,0.161792,0.554240
2100,traditional,0.070176,0.321536,0.161792,0.553504
