frame,renderPath,shadowMs,sceneMs,postProcessMs,frameMs
1,traditional,0.178976,1.745920,0.223232,2.148128
2,traditional,0.186688,1.757184,0.221184,2.165056
3,traditional,0.181504,1.724416,0.224256,2.130176
4,traditional,0.180224,1.723392,0.223232,2.126848
5,traditional,0.197792,1.729536,0.221184,2.148512
6,traditional,0.182240,1.714176,0.222208,2.118624
7,traditional,0.177504,1.702912,0.221184,2.101600
8,traditional,0.179328,1.735680,0.222208,2.137216
9,traditional,0.179008,1.727488,0.222208,2.128704
10,traditional,0.179200,1.718272,0.221184,2.118656
11,traditional,0.177824,1.707008,0.222208,2.107040
12,traditional,0.175648,2.035712,0.485376,2.696736
13,traditional,0.179680,1.698816,0.222208,2.100704
14,traditional,0.189024,1.782784,0.419840,2.391648
15,traditional,0.180512,1.696768,0.221184,2.098464
16,traditional,0.177696,1.800192,0.223232,2.201120
17,traditional,0.178368,1.732608,0.557056,2.468032
18,traditional,0.183040,1.699840,0.221184,2.104064
19,traditional,0.192640,1.755136,0.221184,2.168960
20,traditional,0.208480,1.761280,0.221184,2.190944
21,traditional,0.188128,1.753088,0.221184,2.162400
22,traditional,0.176576,1.713152,0.221184,2.110912
23,traditional,0.176128,1.769472,0.222208,2.167808
24,traditional,0.190048,1.743872,0.221184,2.155104
25,traditional,0.214592,1.717248,0.222208,2.154048
26,traditional,0.190400,1.792000,0.221184,2.203584
27,traditional,0.192832,1.721344,0.222208,2.136384
28,traditional,0.196512,1.713152,0.221184,2.130848
29,traditional,0.190432,1.717248,0.225280,2.132960
30,traditional,0.198816,1.739776,0.225280,2.163872
31,traditional,0.178656,1.734656,0.221184,2.134496
32,traditional,0.176640,1.708032,0.221184,2.105856
33,traditional,0.180960,1.705984,0.221184,2.108128
34,traditional,0.194464,1.705984,0.221184,2.121632
35,traditional,0.203424,1.714176,0.222208,2.139808
36,traditional,0.176864,1.719296,0.221184,2.117344
37,traditional,0.189792,1.767424,0.222208,2.179424
38,traditional,0.180928,1.750016,0.221184,2.152128
39,traditional,0.175776,1.702912,0.228352,2.107040
40,traditional,0.176320,1.711104,0.224256,2.111680
41,traditional,0.204416,1.715200,0.221184,2.140800
42,traditional,0.176352,1.722368,0.221184,2.119904
43,traditional,0.175584,2.360320,0.235520,2.771424
44,traditional,0.181920,1.772544,0.221184,2.175648
45,traditional,0.177792,1.963008,0.397312,2.538112
46,traditional,0.191392,1.979392,0.225280,2.396064
47,traditional,0.196736,1.746944,0.222208,2.165888
48,traditional,0.179360,1.732608,0.463872,2.375840
49,traditional,0.176640,1.977344,0.222208,2.376192
50,traditional,0.192000,1.772544,0.221184,2.185728
51,traditional,0.202176,1.708032,0.221184,2.131392
52,traditional,0.177408,1.702912,0.221184,2.101504
53,traditional,0.184192,2.381824,0.227328,2.793344
54,traditional,0.191776,2.034688,0.228352,2.454816
55,traditional,0.176800,1.730560,0.221184,2.128544
56,traditional,0.179840,1.988608,0.221184,2.389632
57,traditional,0.177728,1.708032,0.221184,2.106944
58,traditional,0.177248,1.713152,0.222208,2.112608
59,traditional,0.191296,1.725440,0.222208,2.138944
60,traditional,0.177792,1.710080,0.221184,2.109056
61,traditional,0.190624,1.738752,0.222208,2.151584
62,traditional,0.192992,1.804288,0.221184,2.218464
63,traditional,0.177408,1.727488,0.221184,2.126080
64,traditional,0.202688,1.734656,0.221184,2.158528
65,traditional,0.177248,1.729536,0.216064,2.122848
66,traditional,0.161472,1.768448,0.199680,2.129600
67,traditional,0.178304,1.571840,0.201728,1.951872
68,traditional,0.166816,1.552384,0.199680,1.918880
69,traditional,0.171648,1.778688,0.359424,2.309760
70,traditional,0.190560,1.564672,0.199680,1.954912
71,traditional,0.162464,1.567744,0.199680,1.929888
72,traditional,0.182432,1.589248,0.198656,1.970336
73,traditional,0.161120,1.572864,0.199680,1.933664
74,traditional,0.174432,1.861632,0.458752,2.494816
75,traditional,0.163872,1.624064,0.214016,2.001952
76,traditional,0.162752,1.789952,0.358400,2.311104
77,traditional,0.160864,1.747968,0.198656,2.107488
78,traditional,0.165216,1.526784,0.199680,1.891680
79,traditional,0.178464,1.559552,0.199680,1.937696
80,traditional,0.161440,1.536000,0.199680,1.897120
81,traditional,0.160768,1.600512,0.199680,1.960960
82,traditional,0.172736,1.780736,0.199680,2.153152
83,traditional,0.166688,1.553408,0.199680,1.919776
84,traditional,0.175360,1.580032,0.199680,1.955072
85,traditional,0.160192,1.787904,0.204800,2.152896
86,traditional,0.170720,1.771520,0.199680,2.141920
87,traditional,0.165632,1.570816,0.199680,1.936128
88,traditional,0.160992,1.564672,0.199680,1.925344
89,traditional,0.160160,1.590272,0.199680,1.950112
90,traditional,0.160992,1.548288,0.200704,1.909984
91,traditional,0.167648,1.545216,0.219136,1.932000
92,traditional,0.161952,1.879040,0.216064,2.257056
93,traditional,0.188448,1.545216,0.199680,1.933344
94,traditional,0.172160,1.539072,0.199680,1.910912
95,traditional,0.167200,1.539072,0.199680,1.905952
96,traditional,0.160416,1.529856,0.199680,1.889952
97,traditional,0.161152,1.567744,0.199680,1.928576
98,traditional,0.160640,1.527808,0.200704,1.889152
99,traditional,0.185440,1.556480,0.199680,1.941600
100,traditional,0.168736,1.545216,0.199680,1.913632
101,traditional,0.174976,1.548288,0.198656,1.921920
102,traditional,0.161024,1.529856,0.199680,1.890560
103,traditional,0.190208,1.553408,0.199680,1.943296
104,traditional,0.187872,1.563648,0.199680,1.951200
105,traditional,0.176992,1.553408,0.200704,1.931104
106,traditional,0.159872,1.551360,0.199680,1.910912
107,traditional,0.162144,2.070528,0.203776,2.436448
108,traditional,0.176416,1.554432,0.198656,1.929504
109,traditional,0.164256,1.538048,0.199680,1.901984
110,traditional,0.164352,1.547264,0.199680,1.911296
111,traditional,0.160512,1.570816,0.206848,1.938176
112,traditional,0.162304,1.540096,0.199680,1.902080
113,traditional,0.171488,1.775616,0.203776,2.150880
114,traditional,0.161152,1.583104,0.199680,1.943936
115,traditional,0.190048,1.571840,0.211968,1.973856
116,traditional,0.162592,1.546240,0.199680,1.908512
117,traditional,0.160544,1.802240,0.361472,2.324256
118,traditional,0.175968,1.820672,0.207872,2.204512
119,traditional,0.162048,1.597440,0.199680,1.959168
120,traditional,0.160832,1.551360,0.199680,1.911872
121,traditional,0.161120,1.539072,0.199680,1.899872
122,traditional,0.183744,1.540096,0.199680,1.923520
123,traditional,0.168256,1.551360,0.199680,1.919296
124,traditional,0.175296,1.792000,0.204800,2.172096
125,traditional,0.189440,1.573888,0.199680,1.963008
126,traditional,0.162048,2.002944,0.381952,2.546944
127,traditional,0.164224,1.573888,0.198656,1.936768
128,traditional,0.185856,1.539072,0.201728,1.926656
129,traditional,0.163328,1.589248,0.199680,1.952256
130,traditional,0.167008,1.579008,0.205824,1.951840
131,traditional,0.160768,1.571840,0.199680,1.932288
132,traditional,0.165152,1.596416,0.199680,1.961248
133,traditional,0.188800,1.612800,0.199680,2.001280
134,traditional,0.162080,1.599488,0.199680,1.961248
135,traditional,0.161248,1.552384,0.199680,1.913312
136,traditional,0.169664,1.551360,0.199680,1.920704
137,traditional,0.167328,1.543168,0.200704,1.911200
138,traditional,0.161824,1.549312,0.199680,1.910816
139,traditional,0.164480,1.543168,0.199680,1.907328
140,traditional,0.164224,1.526784,0.199680,1.890688
141,traditional,0.160352,1.562624,0.199680,1.922656
142,traditional,0.160864,1.532928,0.199680,1.893472
143,traditional,0.161472,1.582080,0.200704,1.944256
144,traditional,0.165120,1.533952,0.199680,1.898752
145,traditional,0.160384,1.530880,0.204800,1.896064
146,traditional,0.160224,1.542144,0.200704,1.903072
147,traditional,0.159360,1.562624,0.199680,1.921664
148,traditional,0.169568,1.529856,0.203776,1.903200
149,traditional,0.168032,1.548288,0.203776,1.920096
150,traditional,0.163744,1.549312,0.199680,1.912736
151,traditional,0.164736,1.554432,0.199680,1.918848
152,traditional,0.161760,1.529856,0.199680,1.891296
153,traditional,0.160832,1.580032,0.199680,1.940544
154,traditional,0.161344,1.527808,0.199680,1.888832
155,traditional,0.160768,1.546240,0.199680,1.906688
156,traditional,0.164256,1.558528,0.199680,1.922464
157,traditional,0.163616,1.537024,0.199680,1.900320
158,traditional,0.162976,1.537024,0.199680,1.899680
159,traditional,0.178784,1.548288,0.200704,1.927776
160,traditional,0.176384,1.581056,0.199680,1.957120
161,traditional,0.160960,1.548288,0.199680,1.908928
162,traditional,0.177792,1.549312,0.199680,1.926784
163,traditional,0.187392,1.571840,0.199680,1.958912
164,traditional,0.175616,1.591296,0.199680,1.966592
165,traditional,0.162112,1.525760,0.199680,1.887552
166,traditional,0.160800,1.522688,0.199680,1.883168
167,traditional,0.161760,1.540096,0.199680,1.901536
168,traditional,0.168192,1.603584,0.199680,1.971456
169,traditional,0.160992,1.551360,0.199680,1.912032
170,traditional,0.161184,1.550336,0.199680,1.911200
171,traditional,0.162400,1.564672,0.199680,1.926752
172,traditional,0.173472,1.779712,0.199680,2.152864
173,traditional,0.161824,1.548288,0.199680,1.909792
174,traditional,0.174400,1.540096,0.200704,1.915200
175,traditional,0.161120,1.540096,0.199680,1.900896
176,traditional,0.162912,1.768448,0.358400,2.289760
177,traditional,0.188256,1.573888,0.199680,1.961824
178,traditional,0.173760,1.606656,0.199680,1.980096
179,traditional,0.174208,1.805312,0.204800,2.184320
180,traditional,0.160352,1.797120,0.199680,2.157152
181,traditional,0.161248,1.549312,0.203776,1.914336
182,traditional,0.160576,1.823744,0.359424,2.343744
183,traditional,0.188640,1.596416,0.199680,1.984736
184,traditional,0.162016,1.579008,0.199680,1.940704
185,traditional,0.161152,1.552384,0.199680,1.913216
186,traditional,0.179104,1.775616,0.203776,2.158496
187,traditional,0.161568,1.528832,0.199680,1.890080
188,traditional,0.164192,1.548288,0.199680,1.912160
189,traditional,0.158848,1.965056,0.386048,2.509952
190,traditional,0.183136,1.528832,0.199680,1.911648
191,traditional,0.160320,1.576960,0.199680,1.936960
192,traditional,0.162528,1.528832,0.199680,1.891040
193,traditional,0.171584,1.540096,0.199680,1.911360
194,traditional,0.162880,1.575936,0.200704,1.939520
195,traditional,0.160640,1.539072,0.200704,1.900416
196,traditional,0.188512,1.537024,0.199680,1.925216
197,traditional,0.171072,1.568768,0.200704,1.940544
198,traditional,0.162880,1.557504,0.200704,1.921088
199,traditional,0.194016,1.549312,0.200704,1.944032
200,traditional,0.166528,1.587200,0.200704,1.954432
201,traditional,0.162336,1.553408,0.200704,1.916448
202,traditional,0.176064,1.569792,0.201728,1.947584
203,traditional,0.169632,1.590272,0.199680,1.959584
204,traditional,0.176320,1.561600,0.199680,1.937600
205,traditional,0.173376,1.609728,0.200704,1.983808
206,traditional,0.161504,1.526784,0.200704,1.888992
207,traditional,0.177728,1.582080,0.199680,1.959488
208,traditional,0.162688,1.531904,0.200704,1.895296
209,traditional,0.190848,1.554432,0.200704,1.945984
210,traditional,0.161152,1.548288,0.200704,1.910144
211,traditional,0.162368,1.537024,0.200704,1.900096
212,traditional,0.172704,1.534976,0.206848,1.914528
213,traditional,0.171680,1.546240,0.200704,1.918624
214,traditional,0.160736,1.551360,0.200704,1.912800
215,traditional,0.174560,1.546240,0.200704,1.921504
216,traditional,0.161792,1.572864,0.199680,1.934336
217,traditional,0.161440,1.553408,0.200704,1.915552
218,traditional,0.165120,1.544192,0.200704,1.910016
219,traditional,0.173952,1.532928,0.200704,1.907584
220,traditional,0.188736,1.538048,0.200704,1.927488
221,traditional,0.174080,1.570816,0.199680,1.944576
222,traditional,0.161504,1.964032,0.391168,2.516704
223,traditional,0.170176,1.858560,0.201728,2.230464
224,traditional,0.167264,1.551360,0.200704,1.919328
225,traditional,0.192288,1.600512,0.200704,1.993504
226,traditional,0.163872,1.543168,0.200704,1.907744
227,traditional,0.175648,1.531904,0.200704,1.908256
228,traditional,0.164032,1.569792,0.200704,1.934528
229,traditional,0.162528,1.541120,0.199680,1.903328
230,traditional,0.161664,1.559552,0.200704,1.921920
231,traditional,0.160672,1.544192,0.200704,1.905568
232,traditional,0.162368,1.557504,0.200704,1.920576
233,traditional,0.161536,1.561600,0.200704,1.923840
234,traditional,0.162080,1.564672,0.200704,1.927456
235,traditional,0.166944,1.567744,0.200704,1.935392
236,traditional,0.168128,1.536000,0.200704,1.904832
237,traditional,0.161216,1.551360,0.200704,1.913280
238,traditional,0.177568,1.583104,0.199680,1.960352
239,traditional,0.187488,1.590272,0.200704,1.978464
240,traditional,0.160448,1.586176,0.200704,1.947328
241,traditional,0.189184,1.634304,0.200704,2.024192
242,traditional,0.164544,1.546240,0.200704,1.911488
243,traditional,0.176704,1.548288,0.200704,1.925696
244,traditional,0.187168,1.553408,0.199680,1.940256
245,traditional,0.185472,1.550336,0.200704,1.936512
246,traditional,0.175936,1.540096,0.200704,1.916736
247,traditional,0.167680,1.587200,0.200704,1.955584
248,traditional,0.189728,1.548288,0.200704,1.938720
249,traditional,0.173536,1.566720,0.200704,1.940960
250,traditional,0.161088,1.548288,0.201728,1.911104
251,traditional,0.161600,1.530880,0.199680,1.892160
252,traditional,0.173184,1.560576,0.200704,1.934464
253,traditional,0.162304,1.551360,0.200704,1.914368
254,traditional,0.164288,1.555456,0.200704,1.920448
255,traditional,0.200416,1.577984,0.200704,1.979104
256,traditional,0.186880,1.596416,0.200704,1.984000
257,traditional,0.161888,2.063360,0.204800,2.430048
258,traditional,0.162240,1.573888,0.207872,1.944000
259,traditional,0.161216,1.545216,0.203776,1.910208
260,traditional,0.167552,1.588224,0.200704,1.956480
261,traditional,0.162528,1.799168,0.359424,2.321120
262,traditional,0.176384,1.572864,0.199680,1.948928
263,traditional,0.162112,1.561600,0.200704,1.924416
264,traditional,0.160160,1.783808,0.361472,2.305440
265,traditional,0.181440,1.763328,0.204800,2.149568
266,traditional,0.172480,1.530880,0.200704,1.904064
267,traditional,0.170720,1.552384,0.200704,1.923808
268,traditional,0.176480,1.762304,0.200704,2.139488
269,traditional,0.161984,1.591296,0.200704,1.953984
270,traditional,0.164480,1.550336,0.199680,1.914496
271,traditional,0.180064,1.560576,0.200704,1.941344
272,traditional,0.161344,1.580032,0.202752,1.944128
273,traditional,0.161760,1.555456,0.199680,1.916896
274,traditional,0.164704,1.857536,0.216064,2.238304
275,traditional,0.172960,1.588224,0.200704,1.961888
276,traditional,0.170400,1.564672,0.212992,1.948064
277,traditional,0.177888,1.806336,0.200704,2.184928
278,traditional,0.166368,1.547264,0.205824,1.919456
279,traditional,0.166592,1.582080,0.199680,1.948352
280,traditional,0.161920,1.592320,0.200704,1.954944
281,traditional,0.164512,1.560576,0.200704,1.925792
282,traditional,0.174688,1.600512,0.199680,1.974880
283,traditional,0.176096,1.568768,0.200704,1.945568
284,traditional,0.164288,1.554432,0.200704,1.919424
285,traditional,0.161376,1.564672,0.200704,1.926752
286,traditional,0.167872,1.562624,0.200704,1.931200
287,traditional,0.177152,1.587200,0.200704,1.965056
288,traditional,0.179008,1.612800,0.206848,1.998656
289,traditional,0.175840,1.550336,0.200704,1.926880
290,traditional,0.163424,1.532928,0.200704,1.897056
291,traditional,0.164736,1.795072,0.201728,2.161536
292,traditional,0.177216,1.545216,0.199680,1.922112
293,traditional,0.174592,1.547264,0.200704,1.922560
294,traditional,0.176256,1.545216,0.200704,1.922176
295,traditional,0.164352,1.550336,0.200704,1.915392
296,traditional,0.160960,1.570816,0.203776,1.935552
297,traditional,0.161216,1.794048,0.200704,2.155968
298,traditional,0.179968,1.605632,0.200704,1.986304
299,traditional,0.176704,1.574912,0.200704,1.952320
300,traditional,0.188384,1.548288,0.200704,1.937376
301,traditional,0.182272,1.793024,0.361472,2.336768
302,traditional,0.183104,1.808384,0.203776,2.195264
303,traditional,0.187168,1.579008,0.199680,1.965856
304,traditional,0.166080,2.015232,0.382976,2.564288
305,traditional,0.161248,1.531904,0.200704,1.893856
306,traditional,0.165792,1.542144,0.199680,1.907616
307,traditional,0.161856,1.552384,0.200704,1.914944
308,traditional,0.165568,1.564672,0.200704,1.930944
309,traditional,0.162112,1.528832,0.200704,1.891648
310,traditional,0.164448,1.546240,0.200704,1.911392
311,traditional,0.162176,1.528832,0.200704,1.891712
312,traditional,0.161536,1.528832,0.199680,1.890048
313,traditional,0.161632,1.544192,0.200704,1.906528
314,traditional,0.165344,1.538048,0.200704,1.904096
315,traditional,0.161280,1.536000,0.200704,1.897984
316,traditional,0.162848,1.536000,0.200704,1.899552
317,traditional,0.165408,1.563648,0.200704,1.929760
318,traditional,0.160704,1.545216,0.200704,1.906624
319,traditional,0.161376,1.853440,0.490496,2.505312
320,traditional,0.161664,1.552384,0.200704,1.914752
321,traditional,0.165408,1.549312,0.200704,1.915424
322,traditional,0.175392,1.796096,0.204800,2.176288
323,traditional,0.161568,1.616896,0.199680,1.978144
324,traditional,0.162848,1.547264,0.200704,1.910816
325,traditional,0.167136,1.608704,0.204800,1.980640
326,traditional,0.163328,1.593344,0.212992,1.969664
327,traditional,0.163744,1.545216,0.203776,1.912736
328,traditional,0.162272,1.561600,0.200704,1.924576
329,traditional,0.190496,1.862656,0.204800,2.257952
330,traditional,0.163296,1.567744,0.204800,1.935840
331,traditional,0.169024,2.026496,0.384000,2.579520
332,traditional,0.174400,1.538048,0.200704,1.913152
333,traditional,0.164864,1.569792,0.200704,1.935360
334,traditional,0.160256,1.581056,0.200704,1.942016
335,traditional,0.165312,1.542144,0.200704,1.908160
336,traditional,0.162752,1.565696,0.200704,1.929152
337,traditional,0.172960,1.579008,0.200704,1.952672
338,traditional,0.162208,1.550336,0.200704,1.913248
339,traditional,0.162080,1.554432,0.200704,1.917216
340,traditional,0.174240,1.566720,0.200704,1.941664
341,traditional,0.164512,1.559552,0.199680,1.923744
342,traditional,0.180384,1.593344,0.200704,1.974432
343,traditional,0.178144,1.642496,0.200704,2.021344
344,traditional,0.162208,1.586176,0.200704,1.949088
345,traditional,0.177344,1.566720,0.201728,1.945792
346,traditional,0.176640,1.585152,0.200704,1.962496
347,traditional,0.162560,1.573888,0.200704,1.937152
348,traditional,0.182368,1.631232,0.201728,2.015328
349,traditional,0.167904,1.572864,0.200704,1.941472
350,traditional,0.165184,1.565696,0.200704,1.931584
351,traditional,0.165184,1.609728,0.200704,1.975616
352,traditional,0.161888,1.830912,0.205824,2.198624
353,traditional,0.180640,1.604608,0.200704,1.985952
354,traditional,0.162048,1.601536,0.199680,1.963264
355,traditional,0.172384,1.576960,0.200704,1.950048
356,traditional,0.162912,1.583104,0.200704,1.946720
357,traditional,0.171904,1.581056,0.199680,1.952640
358,traditional,0.162656,1.600512,0.202752,1.965920
359,traditional,0.162048,1.571840,0.200704,1.934592
360,traditional,0.164576,1.585152,0.200704,1.950432
361,traditional,0.166176,1.622016,0.199680,1.987872
362,traditional,0.167584,1.571840,0.199680,1.939104
363,traditional,0.164160,1.592320,0.199680,1.956160
364,traditional,0.161920,1.582080,0.199680,1.943680
365,traditional,0.162016,1.582080,0.207872,1.951968
366,traditional,0.161536,1.615872,0.199680,1.977088
367,traditional,0.161216,1.566720,0.200704,1.928640
368,traditional,0.165888,1.582080,0.199680,1.947648
369,traditional,0.174944,1.565696,0.200704,1.941344
370,traditional,0.163520,1.572864,0.199680,1.936064
371,traditional,0.178560,1.603584,0.200704,1.982848
372,traditional,0.163008,1.590272,0.199680,1.952960
373,traditional,0.169312,1.589248,0.200704,1.959264
374,traditional,0.179040,1.587200,0.200704,1.966944
375,traditional,0.180512,1.577984,0.201728,1.960224
376,traditional,0.193376,1.620992,0.199680,2.014048
377,traditional,0.161888,1.576960,0.199680,1.938528
378,traditional,0.166368,1.575936,0.200704,1.943008
379,traditional,0.177024,1.645568,0.199680,2.022272
380,traditional,0.165536,1.568768,0.199680,1.933984
381,traditional,0.189568,1.590272,0.203776,1.983616
382,traditional,0.182592,1.579008,0.199680,1.961280
383,traditional,0.166432,1.595392,0.199680,1.961504
384,traditional,0.163200,1.568768,0.199680,1.931648
385,traditional,0.162656,1.568768,0.199680,1.931104
386,traditional,0.170912,1.569792,0.202752,1.943456
387,traditional,0.163360,1.588224,0.199680,1.951264
388,traditional,0.164256,1.579008,0.199680,1.942944
389,traditional,0.173280,1.653760,0.200704,2.027744
390,traditional,0.162464,1.614848,0.199680,1.976992
391,traditional,0.164352,1.587200,0.199680,1.951232
392,traditional,0.181024,1.605632,0.200704,1.987360
393,traditional,0.182464,1.593344,0.200704,1.976512
394,traditional,0.187456,1.622016,0.200704,2.010176
395,traditional,0.162080,1.961984,0.381952,2.506016
396,traditional,0.163680,1.812480,0.200704,2.176864
397,traditional,0.189024,1.580032,0.199680,1.968736
398,traditional,0.176608,1.635328,0.199680,2.011616
399,traditional,0.162624,1.592320,0.199680,1.954624
400,traditional,0.175872,1.600512,0.199680,1.976064
401,traditional,0.163936,1.587200,0.201728,1.952864
402,traditional,0.165248,1.567744,0.199680,1.932672
403,traditional,0.169664,1.580032,0.199680,1.949376
404,traditional,0.176032,1.577984,0.203776,1.957792
405,traditional,0.179168,1.637376,0.200704,2.017248
406,traditional,0.184832,1.603584,0.199680,1.988096
407,traditional,0.189344,1.600512,0.199680,1.989536
408,traditional,0.179904,1.594368,0.208896,1.983168
409,traditional,0.170528,1.597440,0.200704,1.968672
410,traditional,0.163648,1.599488,0.200704,1.963840
411,traditional,0.174912,1.588224,0.199680,1.962816
412,traditional,0.177152,1.627136,0.200704,2.004992
413,traditional,0.178336,1.588224,0.200704,1.967264
414,traditional,0.162656,2.390016,0.378880,2.931552
415,traditional,0.307392,3.001344,0.205824,3.514560
416,traditional,0.161312,1.997824,0.384000,2.543136
417,traditional,0.175616,1.603584,0.200704,1.979904
418,traditional,0.171488,1.915904,0.216064,2.303456
419,traditional,0.178080,1.611776,0.200704,1.990560
420,traditional,0.162176,1.603584,0.199680,1.965440
421,traditional,0.163392,1.581056,0.199680,1.944128
422,traditional,0.189024,1.632256,0.199680,2.020960
423,traditional,0.172896,1.574912,0.200704,1.948512
424,traditional,0.164352,1.570816,0.200704,1.935872
425,traditional,0.165024,1.567744,0.207872,1.940640
426,traditional,0.169632,1.589248,0.200704,1.959584
427,traditional,0.163616,1.589248,0.199680,1.952544
428,traditional,0.161568,1.597440,0.200704,1.959712
429,traditional,0.166464,1.587200,0.200704,1.954368
430,traditional,0.176256,1.774592,0.218112,2.168960
431,traditional,0.175648,1.732608,0.218112,2.126368
432,traditional,0.179008,1.725440,0.218112,2.122560
433,traditional,0.187200,1.730560,0.216064,2.133824
434,traditional,0.175200,1.713152,0.216064,2.104416
435,traditional,0.175104,1.738752,0.216064,2.129920
436,traditional,0.184992,1.739776,0.214016,2.138784
437,traditional,0.170720,1.697792,0.212992,2.081504
438,traditional,0.170848,1.757184,0.209920,2.137952
439,traditional,0.169088,1.640448,0.209920,2.019456
440,traditional,0.171360,1.662976,0.209920,2.044256
441,traditional,0.169952,1.666048,0.209920,2.045920
442,traditional,0.185728,1.667072,0.209920,2.062720
443,traditional,0.195872,1.707008,0.209920,2.112800
444,traditional,0.173952,1.679360,0.216064,2.069376
445,traditional,0.186432,1.703936,0.216064,2.106432
446,traditional,0.178176,1.709056,0.218112,2.105344
447,traditional,0.197600,1.700864,0.216064,2.114528
448,traditional,0.186144,1.678336,0.217088,2.081568
449,traditional,0.177664,1.705984,0.216064,2.099712
450,traditional,0.177536,1.682432,0.216064,2.076032
451,traditional,0.172064,1.982464,0.386048,2.540576
452,traditional,0.174656,1.979392,0.216064,2.370112
453,traditional,0.180032,1.709056,0.216064,2.105152
454,traditional,0.181760,1.721344,0.217088,2.120192
455,traditional,0.173856,1.737728,0.236544,2.148128
456,traditional,0.194528,1.782784,0.225280,2.202592
457,traditional,0.186624,1.767424,0.224256,2.178304
458,traditional,0.183936,1.733632,0.225280,2.142848
459,traditional,0.194144,1.729536,0.223232,2.146912
460,traditional,0.181056,1.760256,0.224256,2.165568
461,traditional,0.182752,1.731584,0.224256,2.138592
462,traditional,0.205632,1.756160,0.225280,2.187072
463,traditional,0.181344,1.770496,0.224256,2.176096
464,traditional,0.183456,1.770496,0.224256,2.178208
465,traditional,0.180928,1.772544,0.225280,2.178752
466,traditional,0.198752,1.792000,0.224256,2.215008
467,traditional,0.191040,1.773568,0.224256,2.188864
468,traditional,0.181376,1.742848,0.225280,2.149504
469,traditional,0.187968,1.731584,0.224256,2.143808
470,traditional,0.193632,1.776640,0.232448,2.202720
471,traditional,0.183072,1.745920,0.225280,2.154272
472,traditional,0.179840,2.392064,0.233472,2.805376
473,traditional,0.192736,1.778688,0.225280,2.196704
474,traditional,0.188256,1.773568,0.225280,2.187104
475,traditional,0.179520,1.729536,0.224256,2.133312
476,traditional,0.190464,1.764352,0.225280,2.180096
477,traditional,0.179488,1.751040,0.224256,2.154784
478,traditional,0.180480,1.737728,0.226304,2.144512
479,traditional,0.181344,1.739776,0.225280,2.146400
480,traditional,0.180288,1.734656,0.225280,2.140224
481,traditional,0.182688,1.740800,0.237568,2.161056
482,traditional,0.183296,1.737728,0.228352,2.149376
483,traditional,0.186176,1.769472,0.226304,2.181952
484,traditional,0.197024,1.832960,0.229376,2.259360
485,traditional,0.195968,1.803264,0.226304,2.225536
486,traditional,0.181888,1.701888,0.211968,2.095744
487,traditional,0.168512,1.610752,0.207872,1.987136
488,traditional,0.194144,1.606656,0.208896,2.009696
489,traditional,0.195200,1.611776,0.207872,2.014848
490,traditional,0.183840,1.667072,0.206848,2.057760
491,traditional,0.167488,1.647616,0.206848,2.021952
492,traditional,0.189632,1.561600,0.200704,1.951936
493,traditional,0.177664,1.635328,0.200704,2.013696
494,traditional,0.164032,1.598464,0.200704,1.963200
495,traditional,0.174496,1.577984,0.200704,1.953184
496,traditional,0.164000,1.585152,0.200704,1.949856
497,traditional,0.162560,1.547264,0.200704,1.910528
498,traditional,0.165664,1.545216,0.205824,1.916704
499,traditional,0.193408,1.588224,0.200704,1.982336
500,traditional,0.173504,1.586176,0.200704,1.960384
501,traditional,0.162080,1.553408,0.200704,1.916192
502,traditional,0.174336,1.556480,0.200704,1.931520
503,traditional,0.162816,1.797120,0.361472,2.321408
504,traditional,0.177024,1.792000,0.204800,2.173824
505,traditional,0.192928,1.565696,0.199680,1.958304
506,traditional,0.165632,1.558528,0.199680,1.923840
507,traditional,0.165056,1.829888,0.200704,2.195648
508,traditional,0.174944,1.597440,0.200704,1.973088
509,traditional,0.168512,1.575936,0.199680,1.944128
510,traditional,0.180064,1.591296,0.200704,1.972064
511,traditional,0.161536,1.539072,0.203776,1.904384
512,traditional,0.161152,1.596416,0.200704,1.958272
513,traditional,0.166240,1.600512,0.201728,1.968480
514,traditional,0.163744,1.563648,0.199680,1.927072
515,traditional,0.160352,1.532928,0.200704,1.893984
516,traditional,0.176288,1.569792,0.199680,1.945760
517,traditional,0.165664,1.602560,0.199680,1.967904
518,traditional,0.174464,1.567744,0.200704,1.942912
519,traditional,0.161856,1.549312,0.199680,1.910848
520,traditional,0.161152,1.547264,0.200704,1.909120
521,traditional,0.187296,1.552384,0.200704,1.940384
522,traditional,0.164480,1.599488,0.199680,1.963648
523,traditional,0.187712,1.550336,0.200704,1.938752
524,traditional,0.162016,1.538048,0.200704,1.900768
525,traditional,0.184800,1.757184,0.204800,2.146784
526,traditional,0.175232,1.633280,0.200704,2.009216
527,traditional,0.161856,1.562624,0.200704,1.925184
528,traditional,0.175392,1.551360,0.200704,1.927456
529,traditional,0.162176,1.547264,0.201728,1.911168
530,traditional,0.180256,1.585152,0.199680,1.965088
531,traditional,0.180416,1.580032,0.199680,1.960128
532,traditional,0.164736,1.542144,0.200704,1.907584
533,traditional,0.188256,1.567744,0.200704,1.956704
534,traditional,0.195776,1.577984,0.199680,1.973440
535,traditional,0.163872,1.537024,0.199680,1.900576
536,traditional,0.181056,1.582080,0.199680,1.962816
537,traditional,0.162688,1.591296,0.199680,1.953664
538,traditional,0.174080,1.554432,0.200704,1.929216
539,traditional,0.174496,1.545216,0.200704,1.920416
540,traditional,0.161728,2.019328,0.381952,2.563008
541,traditional,0.188416,1.613824,0.199680,2.001920
542,traditional,0.163584,1.562624,0.200704,1.926912
543,traditional,0.163392,1.560576,0.200704,1.924672
544,traditional,0.190112,1.597440,0.200704,1.988256
545,traditional,0.162720,1.547264,0.200704,1.910688
546,traditional,0.175072,1.589248,0.200704,1.965024
547,traditional,0.185184,1.562624,0.200704,1.948512
548,traditional,0.162080,1.547264,0.200704,1.910048
549,traditional,0.165536,1.572864,0.199680,1.938080
550,traditional,0.165696,1.540096,0.199680,1.905472
551,traditional,0.164576,1.575936,0.199680,1.940192
552,traditional,0.162400,1.588224,0.200704,1.951328
553,traditional,0.160864,1.540096,0.202752,1.903712
554,traditional,0.160224,1.561600,0.200704,1.922528
555,traditional,0.162848,1.559552,0.200704,1.923104
556,traditional,0.164512,1.555456,0.199680,1.919648
557,traditional,0.161632,1.559552,0.200704,1.921888
558,traditional,0.162720,1.533952,0.199680,1.896352
559,traditional,0.166080,1.547264,0.207872,1.921216
560,traditional,0.191488,1.558528,0.200704,1.950720
561,traditional,0.162240,1.547264,0.199680,1.909184
562,traditional,0.162336,1.543168,0.200704,1.906208
563,traditional,0.175808,1.569792,0.201728,1.947328
564,traditional,0.213024,1.598464,0.199680,2.011168
565,traditional,0.188096,1.570816,0.201728,1.960640
566,traditional,0.165312,1.580032,0.199680,1.945024
567,traditional,0.163712,1.600512,0.199680,1.963904
568,traditional,0.160832,1.564672,0.199680,1.925184
569,traditional,0.160672,1.562624,0.200704,1.924000
570,traditional,0.188896,1.556480,0.200704,1.946080
571,traditional,0.175232,1.589248,0.200704,1.965184
572,traditional,0.176704,2.181120,0.214016,2.571840
573,traditional,0.162592,1.575936,0.200704,1.939232
574,traditional,0.161472,1.999872,0.208896,2.370240
575,traditional,0.172160,1.570816,0.199680,1.942656
576,traditional,0.173440,1.601536,0.204800,1.979776
577,traditional,0.161760,1.639424,0.200704,2.001888
578,traditional,0.160576,1.613824,0.200704,1.975104
579,traditional,0.177664,1.565696,0.200704,1.944064
580,traditional,0.162976,1.590272,0.200704,1.953952
581,traditional,0.164352,1.568768,0.200704,1.933824
582,traditional,0.173568,1.597440,0.211968,1.982976
583,traditional,0.162304,1.592320,0.200704,1.955328
584,traditional,0.166208,1.580032,0.200704,1.946944
585,traditional,0.166368,1.582080,0.200704,1.949152
586,traditional,0.162144,1.592320,0.199680,1.954144
587,traditional,0.201536,1.572864,0.200704,1.975104
588,traditional,0.190176,1.577984,0.201728,1.969888
589,traditional,0.186976,1.597440,0.200704,1.985120
590,traditional,0.175264,1.574912,0.200704,1.950880
591,traditional,0.169760,1.987584,0.382976,2.540320
592,traditional,0.191936,1.596416,0.199680,1.988032
593,traditional,0.174688,1.564672,0.199680,1.939040
594,traditional,0.165728,1.600512,0.199680,1.965920
595,traditional,0.164704,1.608704,0.199680,1.973088
596,traditional,0.162368,1.570816,0.200704,1.933888
597,traditional,0.172992,1.836032,0.201728,2.210752
598,traditional,0.169248,1.567744,0.200704,1.937696
599,traditional,0.165280,1.570816,0.200704,1.936800
600,traditional,0.166560,1.558528,0.199680,1.924768
601,traditional,0.162784,1.590272,0.199680,1.952736
602,traditional,0.165920,1.562624,0.200704,1.929248
603,traditional,0.164032,1.606656,0.200704,1.971392
604,traditional,0.161952,1.607680,0.203776,1.973408
605,traditional,0.170048,1.592320,0.203776,1.966144
606,traditional,0.167648,1.600512,0.203776,1.971936
607,traditional,0.165856,1.607680,0.203776,1.977312
608,traditional,0.166176,1.609728,0.204800,1.980704
609,traditional,0.177696,1.651712,0.216064,2.045472
610,traditional,0.185376,1.685504,0.218112,2.088992
611,traditional,0.193472,1.717248,0.216064,2.126784
612,traditional,0.174144,1.686528,0.217088,2.077760
613,traditional,0.189536,1.703936,0.215040,2.108512
614,traditional,0.174528,1.693696,0.219136,2.087360
615,traditional,0.175232,1.683456,0.215040,2.073728
616,traditional,0.176096,1.695744,0.216064,2.087904
617,traditional,0.194912,1.728512,0.218112,2.141536
618,traditional,0.178208,1.731584,0.216064,2.125856
619,traditional,0.177728,1.699840,0.222208,2.099776
620,traditional,0.174176,1.685504,0.215040,2.074720
621,traditional,0.174112,1.690624,0.216064,2.080800
622,traditional,0.216064,1.680384,0.216064,2.112512
623,traditional,0.178976,1.710080,0.216064,2.105120
624,traditional,0.172672,1.700864,0.217088,2.090624
625,traditional,0.173216,1.686528,0.216064,2.075808
626,traditional,0.196352,1.930240,0.221184,2.347776
627,traditional,0.184896,1.960960,0.217088,2.362944
628,traditional,0.199616,1.753088,0.218112,2.170816
629,traditional,0.191712,1.772544,0.216064,2.180320
630,traditional,0.178336,2.146304,0.409600,2.734240
631,traditional,0.187936,2.143232,0.405504,2.736672
632,traditional,0.188224,2.406400,0.218112,2.812736
633,traditional,0.185088,2.174976,0.221184,2.581248
634,traditional,0.213312,1.937408,0.216064,2.366784
635,traditional,0.170592,1.689600,0.212992,2.073184
636,traditional,0.171072,1.702912,0.212992,2.086976
637,traditional,0.198240,1.730560,0.211968,2.140768
638,traditional,0.177376,1.714176,0.211968,2.103520
639,traditional,0.183232,1.747968,0.521216,2.452416
640,traditional,0.177408,1.762304,0.219136,2.158848
641,traditional,0.176512,1.728512,0.219136,2.124160
642,traditional,0.175360,1.980416,0.390144,2.545920
643,traditional,0.202272,1.954816,0.222208,2.379296
644,traditional,0.185056,1.685504,0.208896,2.079456
645,traditional,0.170848,1.889280,0.374784,2.434912
646,traditional,0.169728,1.900544,0.208896,2.279168
647,traditional,0.168128,1.631232,0.208896,2.008256
648,traditional,0.171680,1.664000,0.208896,2.044576
649,traditional,0.190496,1.654784,0.208896,2.054176
650,traditional,0.176256,1.679360,0.211968,2.067584
651,traditional,0.174336,2.117632,0.413696,2.705664
652,traditional,0.191264,1.719296,0.212992,2.123552
653,traditional,0.171840,1.660928,0.211968,2.044736
654,traditional,0.176512,1.697792,0.217088,2.091392
655,traditional,0.196192,1.691648,0.211968,2.099808
656,traditional,0.170240,1.684480,0.210944,2.065664
657,traditional,0.173728,1.672192,0.219136,2.065056
658,traditional,0.172512,1.698816,0.211968,2.083296
659,traditional,0.171232,1.677312,0.210944,2.059488
660,traditional,0.181408,1.685504,0.211968,2.078880
661,traditional,0.185920,1.675264,0.211968,2.073152
662,traditional,0.173376,1.658880,0.207872,2.040128
663,traditional,0.169280,1.647616,0.207872,2.024768
664,traditional,0.184512,1.654784,0.207872,2.047168
665,traditional,0.201344,1.660928,0.207872,2.070144
666,traditional,0.167744,1.631232,0.207872,2.006848
667,traditional,0.181856,1.689600,0.204800,2.076256
668,traditional,0.176512,1.627136,0.205824,2.009472
669,traditional,0.167904,1.609728,0.205824,1.983456
670,traditional,0.168576,1.620992,0.205824,1.995392
671,traditional,0.167680,1.635328,0.204800,2.007808
672,traditional,0.167712,1.646592,0.205824,2.020128
673,traditional,0.166176,1.609728,0.204800,1.980704
674,traditional,0.181824,1.607680,0.205824,1.995328
675,traditional,0.193568,1.617920,0.205824,2.017312
676,traditional,0.168608,1.618944,0.205824,1.993376
677,traditional,0.168960,1.630208,0.205824,2.004992
678,traditional,0.189568,1.618944,0.204800,2.013312
679,traditional,0.195648,1.659904,0.204800,2.060352
680,traditional,0.192064,1.641472,0.205824,2.039360
681,traditional,0.165280,1.661952,0.209920,2.037152
682,traditional,0.166240,1.634304,0.204800,2.005344
683,traditional,0.177920,1.618944,0.204800,2.001664
684,traditional,0.181088,1.856512,0.204800,2.242400
685,traditional,0.183328,1.623040,0.204800,2.011168
686,traditional,0.175520,1.627136,0.203776,2.006432
687,traditional,0.167744,2.054144,0.209920,2.431808
688,traditional,0.183296,1.662976,0.203776,2.050048
689,traditional,0.164544,1.641472,0.203776,2.009792
690,traditional,0.177952,1.637376,0.203776,2.019104
691,traditional,0.168672,1.617920,0.203776,1.990368
692,traditional,0.179104,1.630208,0.203776,2.013088
693,traditional,0.190464,1.598464,0.203776,1.992704
694,traditional,0.179744,1.608704,0.203776,1.992224
695,traditional,0.164160,1.595392,0.204800,1.964352
696,traditional,0.167424,1.593344,0.203776,1.964544
697,traditional,0.180320,1.810432,0.202752,2.193504
698,traditional,0.180032,1.655808,0.203776,2.039616
699,traditional,0.176608,1.628160,0.202752,2.007520
700,traditional,0.162624,1.601536,0.202752,1.966912
701,traditional,0.187808,1.587200,0.202752,1.977760
702,traditional,0.164416,1.601536,0.203776,1.969728
703,traditional,0.165632,1.681408,0.203776,2.050816
704,traditional,0.190400,1.582080,0.203776,1.976256
705,traditional,0.165184,2.011136,0.207872,2.384192
706,traditional,0.192960,1.629184,0.203776,2.025920
707,traditional,0.166336,1.832960,0.208896,2.208192
708,traditional,0.175808,1.849344,0.203776,2.228928
709,traditional,0.164928,1.634304,0.201728,2.000960
710,traditional,0.167168,1.588224,0.203776,1.959168
711,traditional,0.164832,2.098176,0.209920,2.472928
712,traditional,0.162912,1.886208,0.203776,2.252896
713,traditional,0.174720,1.634304,0.203776,2.012800
714,traditional,0.170816,1.585152,0.202752,1.958720
715,traditional,0.203072,1.606656,0.202752,2.012480
716,traditional,0.166656,1.634304,0.202752,2.003712
717,traditional,0.166976,1.594368,0.202752,1.964096
718,traditional,0.167904,1.589248,0.202752,1.959904
719,traditional,0.164384,1.622016,0.203776,1.990176
720,traditional,0.192704,1.596416,0.202752,1.991872
721,traditional,0.164736,1.622016,0.203776,1.990528
722,traditional,0.180800,1.597440,0.201728,1.979968
723,traditional,0.192576,1.640448,0.202752,2.035776
724,traditional,0.165472,1.579008,0.200704,1.945184
725,traditional,0.163296,1.590272,0.200704,1.954272
726,traditional,0.167808,1.582080,0.200704,1.950592
727,traditional,0.163296,1.579008,0.200704,1.943008
728,traditional,0.167456,1.607680,0.212992,1.988128
729,traditional,0.174336,1.592320,0.200704,1.967360
730,traditional,0.166752,1.591296,0.200704,1.958752
731,traditional,0.172800,1.565696,0.200704,1.939200
732,traditional,0.162560,1.606656,0.200704,1.969920
733,traditional,0.165280,1.588224,0.200704,1.954208
734,traditional,0.172928,1.602560,0.199680,1.975168
735,traditional,0.178432,1.618944,0.200704,1.998080
736,traditional,0.163552,1.556480,0.200704,1.920736
737,traditional,0.176128,1.835008,0.200704,2.211840
738,traditional,0.161856,1.562624,0.200704,1.925184
739,traditional,0.162112,1.603584,0.200704,1.966400
740,traditional,0.165344,1.624064,0.202752,1.992160
741,traditional,0.163424,1.582080,0.202752,1.948256
742,traditional,0.164768,1.599488,0.203776,1.968032
743,traditional,0.173728,1.575936,0.202752,1.952416
744,traditional,0.177888,1.589248,0.200704,1.967840
745,traditional,0.162912,1.568768,0.200704,1.932384
746,traditional,0.166784,1.554432,0.200704,1.921920
747,traditional,0.161568,1.551360,0.199680,1.912608
748,traditional,0.168096,1.568768,0.200704,1.937568
749,traditional,0.166048,1.571840,0.212992,1.950880
750,traditional,0.167008,1.600512,0.205824,1.973344
751,traditional,0.168480,1.629184,0.205824,2.003488
752,traditional,0.166080,1.589248,0.204800,1.960128
753,traditional,0.166368,1.628160,0.205824,2.000352
754,traditional,0.167968,1.591296,0.204800,1.964064
755,traditional,0.168992,1.602560,0.205824,1.977376
756,traditional,0.182400,1.609728,0.205824,1.997952
757,traditional,0.173120,1.609728,0.210944,1.993792
758,traditional,0.166688,1.611776,0.206848,1.985312
759,traditional,0.167488,1.606656,0.206848,1.980992
760,traditional,0.165536,1.625088,0.205824,1.996448
761,traditional,0.169408,1.622016,0.206848,1.998272
762,traditional,0.169024,2.292736,0.214016,2.675776
763,traditional,0.185504,1.677312,0.208896,2.071712
764,traditional,0.172928,1.689600,0.208896,2.071424
765,traditional,0.169568,1.667072,0.208896,2.045536
766,traditional,0.171328,1.642496,0.208896,2.022720
767,traditional,0.177920,1.660928,0.205824,2.044672
768,traditional,0.175232,2.298880,0.212992,2.687104
769,traditional,0.168096,1.615872,0.205824,1.989792
770,traditional,0.168320,1.602560,0.205824,1.976704
771,traditional,0.174016,1.618944,0.206848,1.999808
772,traditional,0.180928,2.136064,0.214016,2.531008
773,traditional,0.166944,1.627136,0.214016,2.008096
774,traditional,0.177440,1.850368,0.210944,2.238752
775,traditional,0.166752,1.623040,0.206848,1.996640
776,traditional,0.167264,1.611776,0.206848,1.985888
777,traditional,0.193728,1.922048,0.214016,2.329792
778,traditional,0.182240,1.659904,0.206848,2.048992
779,traditional,0.175552,1.567744,0.201728,1.945024
780,traditional,0.164032,1.570816,0.201728,1.936576
781,traditional,0.167712,1.575936,0.201728,1.945376
782,traditional,0.166112,2.065408,0.205824,2.437344
783,traditional,0.164000,1.568768,0.200704,1.933472
784,traditional,0.192736,1.569792,0.201728,1.964256
785,traditional,0.165120,1.615872,0.211968,1.992960
786,traditional,0.176160,1.564672,0.200704,1.941536
787,traditional,0.161440,1.810432,0.205824,2.177696
788,traditional,0.163328,1.800192,0.200704,2.164224
789,traditional,0.189216,1.607680,0.200704,1.997600
790,traditional,0.184256,1.608704,0.200704,1.993664
791,traditional,0.161312,1.566720,0.200704,1.928736
792,traditional,0.161312,2.199552,0.217088,2.577952
793,traditional,0.161536,1.584128,0.200704,1.946368
794,traditional,0.165184,1.590272,0.201728,1.957184
795,traditional,0.173856,2.012160,0.206848,2.392864
796,traditional,0.213632,1.610752,0.201728,2.026112
797,traditional,0.168576,1.559552,0.200704,1.928832
798,traditional,0.165280,2.211840,0.211968,2.589088
799,traditional,0.169120,1.630208,0.206848,2.006176
800,traditional,0.162688,1.566720,0.200704,1.930112
801,traditional,0.179040,1.569792,0.201728,1.950560
802,traditional,0.189888,1.617920,0.200704,2.008512
803,traditional,0.181664,1.613824,0.199680,1.995168
804,traditional,0.179072,1.641472,0.200704,2.021248
805,traditional,0.174336,1.587200,0.200704,1.962240
806,traditional,0.161824,2.220032,0.205824,2.587680
807,traditional,0.164576,1.623040,0.199680,1.987296
808,traditional,0.174208,1.651712,0.200704,2.026624
809,traditional,0.174016,2.230272,0.206848,2.611136
810,traditional,0.173440,1.583104,0.201728,1.958272
811,traditional,0.164448,1.592320,0.201728,1.958496
812,traditional,0.162272,1.595392,0.201728,1.959392
813,traditional,0.179040,3.166208,0.384000,3.729248
814,traditional,0.301920,2.670592,0.202752,3.175264
815,traditional,0.166016,2.026496,0.203776,2.396288
816,traditional,0.176448,1.593344,0.201728,1.971520
817,traditional,0.176704,2.470912,0.384000,3.031616
818,traditional,0.304224,3.262464,0.202752,3.769440
819,traditional,0.168448,2.229248,0.209920,2.607616
820,traditional,0.167072,1.609728,0.203776,1.980576
821,traditional,0.192192,1.645568,0.203776,2.041536
822,traditional,0.182080,1.642496,0.208896,2.033472
823,traditional,0.165536,1.862656,0.367616,2.395808
824,traditional,0.169536,1.868800,0.203776,2.242112
825,traditional,0.168320,1.640448,0.207872,2.016640
826,traditional,0.192704,1.670144,0.208896,2.071744
827,traditional,0.188576,1.705984,0.208896,2.103456
828,traditional,0.169600,1.661952,0.208896,2.040448
829,traditional,0.169536,1.842176,0.206848,2.218560
830,traditional,0.180032,1.673216,0.206848,2.060096
831,traditional,0.170592,1.638400,0.205824,2.014816
832,traditional,0.166880,3.517440,0.398336,4.082656
833,traditional,0.181664,1.633280,0.204800,2.019744
834,traditional,0.164576,1.618944,0.203776,1.987296
835,traditional,0.193280,1.631232,0.203776,2.028288
836,traditional,0.165952,1.633280,0.217088,2.016320
837,traditional,0.183968,1.981440,0.221184,2.386592
838,traditional,0.191616,1.745920,0.217088,2.154624
839,traditional,0.190528,1.774592,0.218112,2.183232
840,traditional,0.177056,1.804288,0.217088,2.198432
841,traditional,0.197600,1.712128,0.217088,2.126816
842,traditional,0.174976,1.979392,0.387072,2.541440
843,traditional,0.182624,1.929216,0.216064,2.327904
844,traditional,0.182176,1.735680,0.217088,2.134944
845,traditional,0.177248,1.709056,0.216064,2.102368
846,traditional,0.176480,1.702912,0.216064,2.095456
847,traditional,0.186304,2.127872,0.409600,2.723776
848,traditional,0.190624,1.961984,0.220160,2.372768
849,traditional,0.173280,1.740800,0.216064,2.130144
850,traditional,0.174656,1.956864,0.385024,2.516544
851,traditional,0.200288,1.993728,0.220160,2.414176
852,traditional,0.178560,1.699840,0.458752,2.337152
853,traditional,0.174112,1.940480,0.216064,2.330656
854,traditional,0.186368,1.704960,0.211968,2.103296
855,traditional,0.170848,1.953792,0.215040,2.339680
856,traditional,0.190880,1.887232,0.210944,2.289056
857,traditional,0.185728,1.668096,0.210944,2.064768
858,traditional,0.171200,1.680384,0.210944,2.062528
859,traditional,0.175712,2.144256,0.216064,2.536032
860,traditional,0.184288,2.050048,0.217088,2.451424
861,traditional,0.175392,1.659904,0.212992,2.048288
862,traditional,0.188160,1.927168,0.216064,2.331392
863,traditional,0.197792,1.700864,0.212992,2.111648
864,traditional,0.184256,2.221056,0.223232,2.628544
865,traditional,0.197728,2.076672,0.230400,2.504800
866,traditional,0.185856,1.728512,0.217088,2.131456
867,traditional,0.175296,1.729536,0.217088,2.121920
868,traditional,0.177088,1.722368,0.218112,2.117568
869,traditional,0.194368,1.720320,0.218112,2.132800
870,traditional,0.191904,1.748992,0.218112,2.159008
871,traditional,0.174624,1.748992,0.212992,2.136608
872,traditional,0.175136,1.728512,0.212992,2.116640
873,traditional,0.172608,1.718272,0.214016,2.104896
874,traditional,0.173472,1.709056,0.212992,2.095520
875,traditional,0.177664,1.711104,0.214016,2.102784
876,traditional,0.174208,1.680384,0.209920,2.064512
877,traditional,0.170368,1.679360,0.208896,2.058624
878,traditional,0.170496,1.725440,0.209920,2.105856
879,traditional,0.172160,1.684480,0.209920,2.066560
880,traditional,0.177024,1.662976,0.207872,2.047872
881,traditional,0.168544,2.087936,0.396288,2.652768
882,traditional,0.172992,1.921024,0.207872,2.301888
883,traditional,0.189504,1.720320,0.207872,2.117696
884,traditional,0.181120,1.642496,0.207872,2.031488
885,traditional,0.169408,1.918976,0.207872,2.296256
886,traditional,0.173056,1.670144,0.207872,2.051072
887,traditional,0.168000,1.633280,0.207872,2.009152
888,traditional,0.181184,2.282496,0.217088,2.680768
889,traditional,0.182784,1.657856,0.210944,2.051584
890,traditional,0.184992,1.709056,0.210944,2.104992
891,traditional,0.173216,2.074624,0.402432,2.650272
892,traditional,0.171808,1.898496,0.207872,2.278176
893,traditional,0.177792,1.628160,0.230400,2.036352
894,traditional,0.171264,1.628160,0.207872,2.007296
895,traditional,0.170656,1.891328,0.209920,2.271904
896,traditional,0.170144,1.683456,0.207872,2.061472
897,traditional,0.169952,1.902592,0.377856,2.450400
898,traditional,0.186688,1.676288,0.206848,2.069824
899,traditional,0.166880,1.633280,0.206848,2.007008
900,traditional,0.176416,2.094080,0.210944,2.481440
901,traditional,0.167584,1.617920,0.207872,1.993376
902,traditional,0.168000,1.871872,0.211968,2.251840
903,traditional,0.185504,1.637376,0.205824,2.028704
904,traditional,0.181888,1.655808,0.206848,2.044544
905,traditional,0.171968,1.620992,0.207872,2.000832
906,traditional,0.187680,1.662976,0.206848,2.057504
907,traditional,0.166080,1.626112,0.206848,1.999040
908,traditional,0.167104,1.631232,0.204800,2.003136
909,traditional,0.167232,1.647616,0.205824,2.020672
910,traditional,0.171808,1.598464,0.202752,1.973024
911,traditional,0.177632,1.603584,0.202752,1.983968
912,traditional,0.171008,1.601536,0.202752,1.975296
913,traditional,0.167072,1.619968,0.202752,1.989792
914,traditional,0.167328,1.623040,0.202752,1.993120
915,traditional,0.165088,1.592320,0.202752,1.960160
916,traditional,0.169600,1.588224,0.203776,1.961600
917,traditional,0.166848,1.599488,0.202752,1.969088
918,traditional,0.181184,1.606656,0.202752,1.990592
919,traditional,0.164288,1.632256,0.203776,2.000320
920,traditional,0.165920,1.611776,0.206848,1.984544
921,traditional,0.168256,1.639424,0.206848,2.014528
922,traditional,0.168992,1.616896,0.206848,1.992736
923,traditional,0.182464,2.044928,0.206848,2.434240
924,traditional,0.168928,1.634304,0.206848,2.010080
925,traditional,0.169312,1.630208,0.206848,2.006368
926,traditional,0.173792,1.608704,0.204800,1.987296
927,traditional,0.170048,1.614848,0.204800,1.989696
928,traditional,0.166080,1.630208,0.204800,2.001088
929,traditional,0.165120,1.606656,0.205824,1.977600
930,traditional,0.169984,1.618944,0.205824,1.994752
931,traditional,0.164640,2.246656,0.210944,2.622240
932,traditional,0.193632,1.613824,0.204800,2.012256
933,traditional,0.169056,1.610752,0.205824,1.985632
934,traditional,0.167744,1.615872,0.204800,1.988416
935,traditional,0.166080,1.602560,0.204800,1.973440
936,traditional,0.180128,1.609728,0.204800,1.994656
937,traditional,0.189568,1.618944,0.204800,2.013312
938,traditional,0.170208,1.624064,0.206848,2.001120
939,traditional,0.219904,1.650688,0.206848,2.077440
940,traditional,0.193152,1.681408,0.206848,2.081408
941,traditional,0.183424,1.625088,0.206848,2.015360
942,traditional,0.187392,1.662976,0.206848,2.057216
943,traditional,0.166400,1.635328,0.206848,2.008576
944,traditional,0.168256,1.631232,0.205824,2.005312
945,traditional,0.168128,1.633280,0.206848,2.008256
946,traditional,0.175744,1.651712,0.206848,2.034304
947,traditional,0.172544,1.629184,0.206848,2.008576
948,traditional,0.169216,1.626112,0.206848,2.002176
949,traditional,0.176288,1.583104,0.201728,1.961120
950,traditional,0.194112,1.610752,0.200704,2.005568
951,traditional,0.161376,1.584128,0.201728,1.947232
952,traditional,0.180640,1.824768,0.205824,2.211232
953,traditional,0.204416,1.610752,0.201728,2.016896
954,traditional,0.181248,1.601536,0.201728,1.984512
955,traditional,0.162752,2.221056,0.219136,2.602944
956,traditional,0.162688,1.594368,0.201728,1.958784
957,traditional,0.182272,1.614848,0.201728,1.998848
958,traditional,0.163200,1.580032,0.201728,1.944960
959,traditional,0.165856,2.233344,0.391168,2.790368
960,traditional,0.177280,1.600512,0.201728,1.979520
961,traditional,0.174592,1.600512,0.201728,1.976832
962,traditional,0.166880,2.199552,0.214016,2.580448
963,traditional,0.180128,1.629184,0.201728,2.011040
964,traditional,0.166240,1.600512,0.201728,1.968480
965,traditional,0.162560,1.584128,0.200704,1.947392
966,traditional,0.163936,1.602560,0.200704,1.967200
967,traditional,0.164864,1.596416,0.210944,1.972224
968,traditional,0.162528,1.601536,0.200704,1.964768
969,traditional,0.165216,1.557504,0.199680,1.922400
970,traditional,0.163360,1.594368,0.200704,1.958432
971,traditional,0.166176,1.570816,0.200704,1.937696
972,traditional,0.171264,1.991680,0.389120,2.552064
973,traditional,0.179040,1.574912,0.199680,1.953632
974,traditional,0.176832,1.619968,0.200704,1.997504
975,traditional,0.167264,1.591296,0.200704,1.959264
976,traditional,0.166880,1.582080,0.200704,1.949664
977,traditional,0.171360,1.616896,0.200704,1.988960
978,traditional,0.163744,1.572864,0.200704,1.937312
979,traditional,0.162624,1.609728,0.200704,1.973056
980,traditional,0.175808,1.583104,0.199680,1.958592
981,traditional,0.162720,2.208768,0.205824,2.577312
982,traditional,0.182944,1.637376,0.200704,2.021024
983,traditional,0.201344,1.666048,0.200704,2.068096
984,traditional,0.161408,1.601536,0.200704,1.963648
985,traditional,0.173472,2.044928,0.204800,2.423200
986,traditional,0.172992,1.587200,0.200704,1.960896
987,traditional,0.160512,1.846272,0.218112,2.224896
988,traditional,0.172736,1.835008,0.200704,2.208448
989,traditional,0.167776,1.605632,0.201728,1.975136
990,traditional,0.165632,1.872896,0.217088,2.255616
991,traditional,0.179776,1.582080,0.201728,1.963584
992,traditional,0.161760,1.594368,0.202752,1.958880
993,traditional,0.163232,1.590272,0.203776,1.957280
994,traditional,0.163936,1.581056,0.202752,1.947744
995,traditional,0.163584,1.600512,0.202752,1.966848
996,traditional,0.171360,2.094080,0.204800,2.470240
997,traditional,0.166016,1.795072,0.212992,2.174080
998,traditional,0.182016,1.606656,0.200704,1.989376
999,traditional,0.175488,1.599488,0.199680,1.974656
1000,traditional,0.163168,1.582080,0.199680,1.944928
1001,traditional,0.175456,1.588224,0.201728,1.965408
1002,traditional,0.177888,1.569792,0.200704,1.948384
1003,traditional,0.161280,1.604608,0.202752,1.968640
1004,traditional,0.163808,1.959936,0.208896,2.332640
1005,traditional,0.175616,1.589248,0.200704,1.965568
1006,traditional,0.187616,1.557504,0.200704,1.945824
1007,traditional,0.299936,3.056640,0.378880,3.735456
1008,traditional,0.302816,2.383872,0.232448,2.919136
1009,traditional,0.238816,1.832960,0.231424,2.303200
1010,traditional,0.199200,1.867776,0.232448,2.299424
1011,traditional,0.185440,1.818624,0.231424,2.235488
1012,traditional,0.184032,1.803264,0.232448,2.219744
1013,traditional,0.186784,2.096128,0.232448,2.515360
1014,traditional,0.200384,1.860608,0.233472,2.294464
1015,traditional,0.191200,1.819648,0.232448,2.243296
1016,traditional,0.201024,1.805312,0.232448,2.238784
1017,traditional,0.184704,1.842176,0.232448,2.259328
1018,traditional,0.213728,1.835008,0.239616,2.288352
1019,traditional,0.196288,1.921024,0.242688,2.360000
1020,traditional,0.195488,1.894400,0.242688,2.332576
1021,traditional,0.193280,1.886208,0.240640,2.320128
1022,traditional,0.207648,1.929216,0.240640,2.377504
1023,traditional,0.191008,1.873920,0.238592,2.303520
1024,traditional,0.193472,1.926144,0.238592,2.358208
1025,traditional,0.198144,1.883136,0.238592,2.319872
1026,traditional,0.185280,1.830912,0.233472,2.249664
1027,traditional,0.186816,1.845248,0.232448,2.264512
1028,traditional,0.184384,2.496512,0.236544,2.917440
1029,traditional,0.188384,2.507776,0.239616,2.935776
1030,traditional,0.197440,2.552832,0.239616,2.989888
1031,traditional,0.190976,2.590720,0.240640,3.022336
1032,traditional,0.200672,2.332672,0.236544,2.769888
1033,traditional,0.190368,2.292736,0.235520,2.718624
1034,traditional,0.189888,1.873920,0.235520,2.299328
1035,traditional,0.194784,2.555904,0.433152,3.183840
1036,traditional,0.187456,2.174976,0.245760,2.608192
1037,traditional,0.194048,1.988608,0.245760,2.428416
1038,traditional,0.204480,1.936384,0.245760,2.386624
1039,traditional,0.193600,2.434048,0.245760,2.873408
1040,traditional,0.206464,2.188288,0.245760,2.640512
1041,traditional,0.217152,1.948672,0.245760,2.411584
1042,traditional,0.195968,1.947648,0.246784,2.390400
1043,traditional,0.203840,1.915904,0.241664,2.361408
1044,traditional,0.190944,1.918976,0.240640,2.350560
1045,traditional,0.200288,1.946624,0.239616,2.386528
1046,traditional,0.194176,1.929216,0.240640,2.364032
1047,traditional,0.202752,1.933312,0.240640,2.376704
1048,traditional,0.206592,1.926144,0.237568,2.370304
1049,traditional,0.204864,1.926144,0.238592,2.369600
1050,traditional,0.209952,1.929216,0.249856,2.389024
1051,traditional,0.189152,1.917952,0.237568,2.344672
1052,traditional,0.211680,2.358272,0.237568,2.807520
1053,traditional,0.188512,2.656256,0.243712,3.088480
1054,traditional,0.190336,2.247680,0.238592,2.676608
1055,traditional,0.195040,2.206720,0.243712,2.645472
1056,traditional,0.215456,2.141184,0.244736,2.601376
1057,traditional,0.203360,1.998848,0.242688,2.444896
1058,traditional,0.189728,2.156544,0.244736,2.591008
1059,traditional,0.191008,1.916928,0.239616,2.347552
1060,traditional,0.189376,2.542592,0.243712,2.975680
1061,traditional,0.216896,2.548736,0.246784,3.012416
1062,traditional,0.199616,2.412544,0.242688,2.854848
1063,traditional,0.189088,1.903616,0.238592,2.331296
1064,traditional,0.192480,1.875968,0.238592,2.307040
1065,traditional,0.191328,1.874944,0.238592,2.304864
1066,traditional,0.202304,1.909760,0.238592,2.350656
1067,traditional,0.214816,1.949696,0.239616,2.404128
1068,traditional,0.194976,1.879040,0.238592,2.312608
1069,traditional,0.223552,1.905664,0.237568,2.366784
1070,traditional,0.204896,1.889280,0.237568,2.331744
1071,traditional,0.196288,1.916928,0.238592,2.351808
1072,traditional,0.190464,1.913856,0.237568,2.341888
1073,traditional,0.229760,1.893376,0.250880,2.374016
1074,traditional,0.208064,1.915904,0.238592,2.362560
1075,traditional,0.221952,1.904640,0.203776,2.330368
1076,traditional,0.163648,1.584128,0.200704,1.948480
1077,traditional,0.164032,1.576960,0.199680,1.940672
1078,traditional,0.163552,1.601536,0.200704,1.965792
1079,traditional,0.166976,1.587200,0.200704,1.954880
1080,traditional,0.164352,1.565696,0.200704,1.930752
1081,traditional,0.165824,1.562624,0.199680,1.928128
1082,traditional,0.186176,1.572864,0.199680,1.958720
1083,traditional,0.190816,1.608704,0.200704,2.000224
1084,traditional,0.172992,1.614848,0.200704,1.988544
1085,traditional,0.161056,2.061312,0.203776,2.426144
1086,traditional,0.167296,1.857536,0.200704,2.225536
1087,traditional,0.182272,1.595392,0.199680,1.977344
1088,traditional,0.188800,1.582080,0.199680,1.970560
1089,traditional,0.177888,1.665024,0.199680,2.042592
1090,traditional,0.162784,1.592320,0.199680,1.954784
1091,traditional,0.165728,1.879040,0.216064,2.260832
1092,traditional,0.178592,1.646592,0.199680,2.024864
1093,traditional,0.164640,1.563648,0.200704,1.928992
1094,traditional,0.168288,1.930240,0.463872,2.562400
1095,traditional,0.175744,1.610752,0.199680,1.986176
1096,traditional,0.177536,1.595392,0.199680,1.972608
1097,traditional,0.164032,1.590272,0.203776,1.958080
1098,traditional,0.163552,1.588224,0.199680,1.951456
1099,traditional,0.170432,1.567744,0.199680,1.937856
1100,traditional,0.164224,1.554432,0.199680,1.918336
1101,traditional,0.163232,1.571840,0.199680,1.934752
1102,traditional,0.166880,1.544192,0.199680,1.910752
1103,traditional,0.166880,1.555456,0.199680,1.922016
1104,traditional,0.165344,1.566720,0.200704,1.932768
1105,traditional,0.162752,1.581056,0.199680,1.943488
1106,traditional,0.164032,1.561600,0.199680,1.925312
1107,traditional,0.166720,1.595392,0.199680,1.961792
1108,traditional,0.169376,1.575936,0.199680,1.944992
1109,traditional,0.162016,1.565696,0.200704,1.928416
1110,traditional,0.164480,1.564672,0.200704,1.929856
1111,traditional,0.175936,2.185216,0.382976,2.744128
1112,traditional,0.185440,1.632256,0.199680,2.017376
1113,traditional,0.162400,1.580032,0.200704,1.943136
1114,traditional,0.175808,1.608704,0.200704,1.985216
1115,traditional,0.164832,1.660928,0.200704,2.026464
1116,traditional,0.163232,2.041856,0.381952,2.587040
1117,traditional,0.166976,1.841152,0.199680,2.207808
1118,traditional,0.163232,1.595392,0.199680,1.958304
1119,traditional,0.163488,2.016256,0.382976,2.562720
1120,traditional,0.184448,1.674240,0.199680,2.058368
1121,traditional,0.163552,1.585152,0.200704,1.949408
1122,traditional,0.163968,1.604608,0.200704,1.969280
1123,traditional,0.165504,1.577984,0.199680,1.943168
1124,traditional,0.168832,1.577984,0.199680,1.946496
1125,traditional,0.173792,1.584128,0.200704,1.958624
1126,traditional,0.164352,1.557504,0.200704,1.922560
1127,traditional,0.182016,1.588224,0.200704,1.970944
1128,traditional,0.188512,1.587200,0.200704,1.976416
1129,traditional,0.189216,1.574912,0.200704,1.964832
1130,traditional,0.163552,2.457600,0.378880,3.000032
1131,traditional,0.294176,3.356672,0.204800,3.855648
1132,traditional,0.184320,2.194432,0.208896,2.587648
1133,traditional,0.160448,3.113984,0.610304,3.884736
1134,traditional,0.596896,2.487296,0.205824,3.290016
1135,traditional,0.170400,2.015232,0.384000,2.569632
1136,traditional,0.175040,2.039808,0.385024,2.599872
1137,traditional,0.193056,1.616896,0.200704,2.010656
1138,traditional,0.182912,1.608704,0.199680,1.991296
1139,traditional,0.175552,1.620992,0.207872,2.004416
1140,traditional,0.182560,3.062784,0.386048,3.631392
1141,traditional,0.577664,2.547712,0.203776,3.329152
1142,traditional,0.166816,2.014208,0.390144,2.571168
1143,traditional,0.179200,1.874944,0.206848,2.260992
1144,traditional,0.166208,1.611776,0.203776,1.981760
1145,traditional,0.166784,1.590272,0.202752,1.959808
1146,traditional,0.167584,1.606656,0.202752,1.976992
1147,traditional,0.167872,2.633728,0.385024,3.186624
1148,traditional,0.313216,2.244608,0.202752,2.760576
1149,traditional,0.182688,1.649664,0.202752,2.035104
1150,traditional,0.162752,1.567744,0.200704,1.931200
1151,traditional,0.169984,1.567744,0.200704,1.938432
1152,traditional,0.166400,1.988608,0.204800,2.359808
1153,traditional,0.161536,1.587200,0.200704,1.949440
1154,traditional,0.180192,2.437120,0.379904,2.997216
1155,traditional,0.300544,3.233792,0.204800,3.739136
1156,traditional,0.182016,2.247680,0.200704,2.630400
1157,traditional,0.165696,1.577984,0.201728,1.945408
1158,traditional,0.177728,1.605632,0.204800,1.988160
1159,traditional,0.178112,1.607680,0.200704,1.986496
1160,traditional,0.304160,3.083264,0.393216,3.780640
1161,traditional,0.311808,2.376704,0.389120,3.077632
1162,traditional,0.190464,2.025472,0.389120,2.605056
1163,traditional,0.193216,1.852416,0.203776,2.249408
1164,traditional,0.301920,3.130368,0.385024,3.817312
1165,traditional,0.234112,2.018304,0.201728,2.454144
1166,traditional,0.163712,1.605632,0.202752,1.972096
1167,traditional,0.167200,1.605632,0.200704,1.973536
1168,traditional,0.164704,1.593344,0.201728,1.959776
1169,traditional,0.162976,1.590272,0.201728,1.954976
1170,traditional,0.178112,1.573888,0.200704,1.952704
1171,traditional,0.166112,1.566720,0.200704,1.933536
1172,traditional,0.180032,1.624064,0.202752,2.006848
1173,traditional,0.200288,1.630208,0.200704,2.031200
1174,traditional,0.188128,2.857984,0.378880,3.424992
1175,traditional,0.306400,2.913280,0.201728,3.421408
1176,traditional,0.183456,1.585152,0.200704,1.969312
1177,traditional,0.178752,2.400256,0.378880,2.957888
1178,traditional,0.307424,3.317760,0.200704,3.825888
1179,traditional,0.159968,2.200576,0.205824,2.566368
1180,traditional,0.166560,1.596416,0.200704,1.963680
1181,traditional,0.166784,2.584576,0.378880,3.130240
1182,traditional,0.300448,2.682880,0.200704,3.184032
1183,traditional,0.180160,1.595392,0.200704,1.976256
1184,traditional,0.170944,3.012608,0.379904,3.563456
1185,traditional,0.299744,2.731008,0.200704,3.231456
1186,traditional,0.166944,2.233344,0.204800,2.605088
1187,traditional,0.160992,1.628160,0.207872,1.997024
1188,traditional,0.167808,2.668544,0.392192,3.228544
1189,traditional,0.566848,2.841600,0.206848,3.615296
1190,traditional,0.168736,2.358272,0.215040,2.742048
1191,traditional,0.169344,1.647616,0.206848,2.023808
1192,traditional,0.171808,1.640448,0.204800,2.017056
1193,traditional,0.170496,1.625088,0.203776,1.999360
1194,traditional,0.163968,1.592320,0.204800,1.961088
1195,traditional,0.169536,2.256896,0.206848,2.633280
1196,traditional,0.178880,1.622016,0.201728,2.002624
1197,traditional,0.321664,3.144704,0.384000,3.850368
1198,traditional,0.302272,2.867200,0.206848,3.376320
1199,traditional,0.168128,1.996800,0.201728,2.366656
1200,traditional,0.173984,1.590272,0.200704,1.964960
1201,traditional,0.310464,3.081216,0.382976,3.774656
1202,traditional,0.276160,2.174976,0.205824,2.656960
1203,traditional,0.165792,1.567744,0.200704,1.934240
1204,traditional,0.177280,1.591296,0.200704,1.969280
1205,traditional,0.301088,3.156992,0.387072,3.845152
1206,traditional,0.589344,2.543616,0.203776,3.336736
1207,traditional,0.178912,1.635328,0.203776,2.018016
1208,traditional,0.166592,1.617920,0.204800,1.989312
1209,traditional,0.168480,2.798592,0.387072,3.354144
1210,traditional,0.327136,2.237440,0.203776,2.768352
1211,traditional,0.167328,1.988608,0.202752,2.358688
1212,traditional,0.162944,1.593344,0.202752,1.959040
1213,traditional,0.164256,1.606656,0.205824,1.976736
1214,traditional,0.165312,1.595392,0.202752,1.963456
1215,traditional,0.164608,3.025920,0.385024,3.575552
1216,traditional,0.554464,2.557952,0.203776,3.316192
1217,traditional,0.165536,2.015232,0.203776,2.384544
1218,traditional,0.166688,1.596416,0.203776,1.966880
1219,traditional,0.165376,2.828288,0.387072,3.380736
1220,traditional,0.591264,2.664448,0.202752,3.458464
1221,traditional,0.182464,2.257920,0.207872,2.648256
1222,traditional,0.307680,3.148800,0.384000,3.840480
1223,traditional,0.189248,2.205696,0.206848,2.601792
1224,traditional,0.181696,1.595392,0.202752,1.979840
1225,traditional,0.191552,1.594368,0.215040,2.000960
1226,traditional,0.164640,2.796544,0.384000,3.345184
1227,traditional,0.601152,2.643968,0.205824,3.450944
1228,traditional,0.169184,2.298880,0.210944,2.679008
1229,traditional,0.185472,1.659904,0.205824,2.051200
1230,traditional,0.195552,2.405376,0.391168,2.992096
1231,traditional,0.309984,3.164160,0.206848,3.680992
1232,traditional,0.165696,2.305024,0.209920,2.680640
1233,traditional,0.178528,1.856512,0.203776,2.238816
1234,traditional,0.164448,1.629184,0.204800,1.998432
1235,traditional,0.303424,3.876864,0.401408,4.581696
1236,traditional,0.181824,1.664000,0.204800,2.050624
1237,traditional,0.165632,1.624064,0.203776,1.993472
1238,traditional,0.164960,2.293760,0.207872,2.666592
1239,traditional,0.166816,1.665024,0.204800,2.036640
1240,traditional,0.166464,1.616896,0.203776,1.987136
1241,traditional,0.210176,3.206144,0.388096,3.804416
1242,traditional,0.596032,2.424832,0.227328,3.248192
1243,traditional,0.203296,1.720320,0.219136,2.142752
1244,traditional,0.173952,1.742848,0.219136,2.135936
1245,traditional,0.191584,1.718272,0.215040,2.124896
1246,traditional,0.173856,1.676288,0.215040,2.065184
1247,traditional,0.175424,1.693696,0.214016,2.083136
1248,traditional,0.187136,1.695744,0.215040,2.097920
1249,traditional,0.172640,1.698816,0.214016,2.085472
1250,traditional,0.189024,1.705984,0.212992,2.108000
1251,traditional,0.185216,1.690624,0.214016,2.089856
1252,traditional,0.176064,1.682432,0.212992,2.071488
1253,traditional,0.186208,1.686528,0.214016,2.086752
1254,traditional,0.188768,1.710080,0.212992,2.111840
1255,traditional,0.170784,1.947648,0.218112,2.336544
1256,traditional,0.185312,1.999872,0.214016,2.399200
1257,traditional,0.196352,1.733632,0.212992,2.142976
1258,traditional,0.177344,2.141184,0.217088,2.535616
1259,traditional,0.196992,1.941504,0.214016,2.352512
1260,traditional,0.195840,1.718272,0.212992,2.127104
1261,traditional,0.172416,1.691648,0.214016,2.078080
1262,traditional,0.176288,1.678336,0.215040,2.069664
1263,traditional,0.180864,1.949696,0.216064,2.346624
1264,traditional,0.192480,1.708032,0.214016,2.114528
1265,traditional,0.173856,1.696768,0.214016,2.084640
1266,traditional,0.201152,1.747968,0.215040,2.164160
1267,traditional,0.177792,1.690624,0.227328,2.095744
1268,traditional,0.182976,1.712128,0.217088,2.112192
1269,traditional,0.175264,1.676288,0.212992,2.064544
1270,traditional,0.190016,1.698816,0.212992,2.101824
1271,traditional,0.186752,1.691648,0.214016,2.092416
1272,traditional,0.203200,1.702912,0.212992,2.119104
1273,traditional,0.193024,1.670144,0.210944,2.074112
1274,traditional,0.177184,1.709056,0.210944,2.097184
1275,traditional,0.171744,1.664000,0.210944,2.046688
1276,traditional,0.195104,1.689600,0.211968,2.096672
1277,traditional,0.182880,1.696768,0.211968,2.091616
1278,traditional,0.180800,1.678336,0.211968,2.071104
1279,traditional,0.171520,1.641472,0.207872,2.020864
1280,traditional,0.196672,1.670144,0.207872,2.074688
1281,traditional,0.175744,1.638400,0.208896,2.023040
1282,traditional,0.170720,1.708032,0.208896,2.087648
1283,traditional,0.169664,1.674240,0.208896,2.052800
1284,traditional,0.177664,1.692672,0.212992,2.083328
1285,traditional,0.172032,1.685504,0.212992,2.070528
1286,traditional,0.173504,1.703936,0.214016,2.091456
1287,traditional,0.175680,1.710080,0.212992,2.098752
1288,traditional,0.180768,1.682432,0.215040,2.078240
1289,traditional,0.192512,1.723392,0.212992,2.128896
1290,traditional,0.176864,1.657856,0.211968,2.046688
1291,traditional,0.170560,1.662976,0.210944,2.044480
1292,traditional,0.171040,1.697792,0.211968,2.080800
1293,traditional,0.172576,1.676288,0.211968,2.060832
1294,traditional,0.185408,1.732608,0.211968,2.129984
1295,traditional,0.189376,1.722368,0.211968,2.123712
1296,traditional,0.187616,1.696768,0.224256,2.108640
1297,traditional,0.169056,1.665024,0.210944,2.045024
1298,traditional,0.201376,1.722368,0.211968,2.135712
1299,traditional,0.188736,1.709056,0.210944,2.108736
1300,traditional,0.198912,1.681408,0.206848,2.087168
1301,traditional,0.168384,1.629184,0.206848,2.004416
1302,traditional,0.167872,1.622016,0.205824,1.995712
1303,traditional,0.168896,2.089984,0.401408,2.660288
1304,traditional,0.181504,1.911808,0.208896,2.302208
1305,traditional,0.196000,1.667072,0.208896,2.071968
1306,traditional,0.170368,1.903616,0.214016,2.288000
1307,traditional,0.169408,1.660928,0.206848,2.037184
1308,traditional,0.182304,1.651712,0.205824,2.039840
1309,traditional,0.184480,1.677312,0.209920,2.071712
1310,traditional,0.169824,1.642496,0.206848,2.019168
1311,traditional,0.170912,1.646592,0.205824,2.023328
1312,traditional,0.193280,1.665024,0.210944,2.069248
1313,traditional,0.171584,1.672192,0.221184,2.064960
1314,traditional,0.184128,1.687552,0.209920,2.081600
1315,traditional,0.171232,1.683456,0.209920,2.064608
1316,traditional,0.170240,1.653760,0.209920,2.033920
1317,traditional,0.183712,1.604608,0.202752,1.991072
1318,traditional,0.167392,1.613824,0.210944,1.992160
1319,traditional,0.184160,1.619968,0.202752,2.006880
1320,traditional,0.181984,1.627136,0.202752,2.011872
1321,traditional,0.176544,1.590272,0.202752,1.969568
1322,traditional,0.182464,1.633280,0.202752,2.018496
1323,traditional,0.163616,1.592320,0.208896,1.964832
1324,traditional,0.167648,1.577984,0.201728,1.947360
1325,traditional,0.163840,1.603584,0.200704,1.968128
1326,traditional,0.182944,1.576960,0.202752,1.962656
1327,traditional,0.181216,1.615872,0.212992,2.010080
1328,traditional,0.168320,1.585152,0.200704,1.954176
1329,traditional,0.166912,1.584128,0.200704,1.951744
1330,traditional,0.173888,1.586176,0.200704,1.960768
1331,traditional,0.164096,1.603584,0.200704,1.968384
1332,traditional,0.180352,1.598464,0.200704,1.979520
1333,traditional,0.181152,1.587200,0.200704,1.969056
1334,traditional,0.165312,1.629184,0.205824,2.000320
1335,traditional,0.193376,1.618944,0.204800,2.017120
1336,traditional,0.186656,1.648640,0.204800,2.040096
1337,traditional,0.179936,1.601536,0.204800,1.986272
1338,traditional,0.178816,1.594368,0.204800,1.977984
1339,traditional,0.182784,1.624064,0.205824,2.012672
1340,traditional,0.185152,1.644544,0.208896,2.038592
1341,traditional,0.181056,1.622016,0.208896,2.011968
1342,traditional,0.171968,1.920000,0.207872,2.299840
1343,traditional,0.167712,1.645568,0.208896,2.022176
1344,traditional,0.171968,1.881088,0.374784,2.427840
1345,traditional,0.186784,1.863680,0.226304,2.276768
1346,traditional,0.181440,1.620992,0.207872,2.010304
1347,traditional,0.182592,2.254848,0.215040,2.652480
1348,traditional,0.203072,1.915904,0.214016,2.332992
1349,traditional,0.167872,1.675264,0.208896,2.052032
1350,traditional,0.168128,1.875968,0.211968,2.256064
1351,traditional,0.174240,1.904640,0.208896,2.287776
1352,traditional,0.173152,1.630208,0.208896,2.012256
1353,traditional,0.170432,1.638400,0.210944,2.019776
1354,traditional,0.183808,1.627136,0.207872,2.018816
1355,traditional,0.169600,1.636352,0.208896,2.014848
1356,traditional,0.178528,1.902592,0.408576,2.489696
1357,traditional,0.199200,2.044928,0.228352,2.472480
1358,traditional,0.186208,1.790976,0.227328,2.204512
1359,traditional,0.206368,1.800192,0.229376,2.235936
1360,traditional,0.196032,1.812480,0.229376,2.237888
1361,traditional,0.181568,2.483200,0.240640,2.905408
1362,traditional,0.183968,2.060288,0.228352,2.472608
1363,traditional,0.183872,1.822720,0.227328,2.233920
1364,traditional,0.184160,1.783808,0.228352,2.196320
1365,traditional,0.204896,1.859584,0.235520,2.300000
1366,traditional,0.187840,1.847296,0.489472,2.524608
1367,traditional,0.208768,1.873920,0.235520,2.318208
1368,traditional,0.192320,1.850368,0.237568,2.280256
1369,traditional,0.188544,1.859584,0.235520,2.283648
1370,traditional,0.192736,1.888256,0.235520,2.316512
1371,traditional,0.213600,1.874944,0.237568,2.326112
1372,traditional,0.206720,1.891328,0.236544,2.334592
1373,traditional,0.203808,1.925120,0.235520,2.364448
1374,traditional,0.202432,1.939456,0.236544,2.378432
1375,traditional,0.214848,1.886208,0.240640,2.341696
1376,traditional,0.184608,1.843200,0.232448,2.260256
1377,traditional,0.184672,2.197504,0.523264,2.905440
1378,traditional,0.192032,2.081792,0.232448,2.506272
1379,traditional,0.184896,2.296832,0.239616,2.721344
1380,traditional,0.213984,2.119680,0.238592,2.572256
1381,traditional,0.187072,1.830912,0.231424,2.249408
1382,traditional,0.186464,2.428928,0.234496,2.849888
1383,traditional,0.211232,2.256896,0.235520,2.703648
1384,traditional,0.198080,2.503680,0.239616,2.941376
1385,traditional,0.201088,1.882112,0.232448,2.315648
1386,traditional,0.203456,1.870848,0.234496,2.308800
1387,traditional,0.203040,1.858560,0.236544,2.298144
1388,traditional,0.189472,1.848320,0.235520,2.273312
1389,traditional,0.203168,1.893376,0.235520,2.332064
1390,traditional,0.187840,1.846272,0.235520,2.269632
1391,traditional,0.197728,1.853440,0.236544,2.287712
1392,traditional,0.197184,1.857536,0.236544,2.291264
1393,traditional,0.196480,1.854464,0.234496,2.285440
1394,traditional,0.200192,1.850368,0.234496,2.285056
1395,traditional,0.196064,2.490368,0.241664,2.928096
1396,traditional,0.188384,2.294784,0.239616,2.722784
1397,traditional,0.202912,1.874944,0.234496,2.312352
1398,traditional,0.214368,1.926144,0.234496,2.375008
1399,traditional,0.183968,1.876992,0.233472,2.294432
1400,traditional,0.191392,2.506752,0.252928,2.951072
1401,traditional,0.209504,1.899520,0.233472,2.342496
1402,traditional,0.186144,1.900544,0.233472,2.320160
1403,traditional,0.198304,1.865728,0.234496,2.298528
1404,traditional,0.191328,2.284544,0.240640,2.716512
1405,traditional,0.199360,2.142208,0.235520,2.577088
1406,traditional,0.189312,2.093056,0.234496,2.516864
1407,traditional,0.186752,1.865728,0.234496,2.286976
1408,traditional,0.196064,2.124800,0.234496,2.555360
1409,traditional,0.202144,1.890304,0.233472,2.325920
1410,traditional,0.188832,1.857536,0.233472,2.279840
1411,traditional,0.187488,2.524160,0.239616,2.951264
1412,traditional,0.211456,2.137088,0.237568,2.586112
1413,traditional,0.190496,1.838080,0.243712,2.272288
1414,traditional,0.176320,1.918976,0.210944,2.306240
1415,traditional,0.186240,1.705984,0.210944,2.103168
1416,traditional,0.173920,1.649664,0.209920,2.033504
1417,traditional,0.170656,1.595392,0.200704,1.966752
1418,traditional,0.164512,1.616896,0.200704,1.982112
1419,traditional,0.178912,1.647616,0.200704,2.027232
1420,traditional,0.170240,1.592320,0.200704,1.963264
1421,traditional,0.165088,1.804288,0.200704,2.170080
1422,traditional,0.163616,1.561600,0.200704,1.925920
1423,traditional,0.180832,1.585152,0.200704,1.966688
1424,traditional,0.177600,1.628160,0.200704,2.006464
1425,traditional,0.175200,1.566720,0.200704,1.942624
1426,traditional,0.178592,1.572864,0.200704,1.952160
1427,traditional,0.178560,1.602560,0.199680,1.980800
1428,traditional,0.179232,1.572864,0.200704,1.952800
1429,traditional,0.171232,1.994752,0.203776,2.369760
1430,traditional,0.167328,1.575936,0.199680,1.942944
1431,traditional,0.178656,1.611776,0.199680,1.990112
1432,traditional,0.196864,1.609728,0.201728,2.008320
1433,traditional,0.180032,1.636352,0.200704,2.017088
1434,traditional,0.164800,1.590272,0.200704,1.955776
1435,traditional,0.167456,1.591296,0.200704,1.959456
1436,traditional,0.163584,1.963008,0.203776,2.330368
1437,traditional,0.180608,1.607680,0.200704,1.988992
1438,traditional,0.165344,1.597440,0.200704,1.963488
1439,traditional,0.162720,1.586176,0.200704,1.949600
1440,traditional,0.163392,1.858560,0.199680,2.221632
1441,traditional,0.182656,1.581056,0.200704,1.964416
1442,traditional,0.164416,1.595392,0.211968,1.971776
1443,traditional,0.162144,1.620992,0.199680,1.982816
1444,traditional,0.183040,1.596416,0.200704,1.980160
1445,traditional,0.163808,1.582080,0.200704,1.946592
1446,traditional,0.190592,1.618944,0.200704,2.010240
1447,traditional,0.179552,2.505728,0.377856,3.063136
1448,traditional,0.585056,2.961408,0.205824,3.752288
1449,traditional,0.165824,2.222080,0.205824,2.593728
1450,traditional,0.161664,1.592320,0.201728,1.955712
1451,traditional,0.190528,2.067456,0.378880,2.636864
1452,traditional,0.309824,3.251200,0.204800,3.765824
1453,traditional,0.161568,1.998848,0.382976,2.543392
1454,traditional,0.167136,2.453504,0.382976,3.003616
1455,traditional,0.323456,2.841600,0.209920,3.374976
1456,traditional,0.175680,1.665024,0.209920,2.050624
1457,traditional,0.170592,2.688000,0.397312,3.255904
1458,traditional,0.180576,1.641472,0.209920,2.031968
1459,traditional,0.173856,1.941504,0.385024,2.500384
1460,traditional,0.172928,1.656832,0.207872,2.037632
1461,traditional,0.170112,1.634304,0.206848,2.011264
1462,traditional,0.169472,1.632256,0.206848,2.008576
1463,traditional,0.171968,1.647616,0.206848,2.026432
1464,traditional,0.168352,1.652736,0.206848,2.027936
1465,traditional,0.190112,1.655808,0.207872,2.053792
1466,traditional,0.172544,1.665024,0.206848,2.044416
1467,traditional,0.181664,1.646592,0.207872,2.036128
1468,traditional,0.195328,1.651712,0.200704,2.047744
1469,traditional,0.162976,1.581056,0.200704,1.944736
1470,traditional,0.167712,1.570816,0.200704,1.939232
1471,traditional,0.167328,1.575936,0.199680,1.942944
1472,traditional,0.168384,1.774592,0.200704,2.143680
1473,traditional,0.167040,1.562624,0.200704,1.930368
1474,traditional,0.167264,1.591296,0.200704,1.959264
1475,traditional,0.163200,1.601536,0.200704,1.965440
1476,traditional,0.166656,1.560576,0.199680,1.926912
1477,traditional,0.186560,1.593344,0.200704,1.980608
1478,traditional,0.162336,1.564672,0.200704,1.927712
1479,traditional,0.161792,1.592320,0.200704,1.954816
1480,traditional,0.169536,1.865728,0.361472,2.396736
1481,traditional,0.166784,1.577984,0.210944,1.955712
1482,traditional,0.162752,2.840576,0.378880,3.382208
1483,traditional,0.303744,2.571264,0.360448,3.235456
1484,traditional,0.190880,2.032640,0.384000,2.607520
1485,traditional,0.161664,1.584128,0.201728,1.947520
1486,traditional,0.184992,2.776064,0.377856,3.338912
1487,traditional,0.297408,2.434048,0.423936,3.155392
1488,traditional,0.188448,2.010112,0.204800,2.403360
1489,traditional,0.164576,1.597440,0.199680,1.961696
1490,traditional,0.166816,2.003968,0.391168,2.561952
1491,traditional,0.179328,1.574912,0.201728,1.955968
1492,traditional,0.162880,1.598464,0.212992,1.974336
1493,traditional,0.303456,3.068928,0.378880,3.751264
1494,traditional,0.176384,1.595392,0.199680,1.971456
1495,traditional,0.165120,1.590272,0.200704,1.956096
1496,traditional,0.164352,1.615872,0.199680,1.979904
1497,traditional,0.163232,1.572864,0.200704,1.936800
1498,traditional,0.166080,2.848768,0.378880,3.393728
1499,traditional,0.308832,2.484224,0.200704,2.993760
1500,traditional,0.160768,2.004992,0.389120,2.554880
1501,traditional,0.309792,3.096576,0.378880,3.785248
1502,traditional,0.590560,2.111488,0.204800,2.906848
1503,traditional,0.161728,1.980416,0.204800,2.346944
1504,traditional,0.162496,1.579008,0.200704,1.942208
1505,traditional,0.166336,2.643968,0.378880,3.189184
1506,traditional,0.307808,2.378752,0.199680,2.886240
1507,traditional,0.179936,1.581056,0.200704,1.961696
1508,traditional,0.298176,3.160064,0.388096,3.846336
1509,traditional,0.596192,2.549760,0.208896,3.354848
1510,traditional,0.187136,1.617920,0.204800,2.009856
1511,traditional,0.166272,1.611776,0.206848,1.984896
1512,traditional,0.165472,3.152896,0.599040,3.917408
1513,traditional,0.313984,2.876416,0.219136,3.409536
1514,traditional,0.171200,2.074624,0.400384,2.646208
1515,traditional,0.180256,1.649664,0.209920,2.039840
1516,traditional,0.169984,1.637376,0.209920,2.017280
1517,traditional,0.175168,1.632256,0.209920,2.017344
1518,traditional,0.177472,1.661952,0.209920,2.049344
1519,traditional,0.170528,2.222080,0.231424,2.624032
1520,traditional,0.194208,1.677312,0.209920,2.081440
1521,traditional,0.187520,1.724416,0.208896,2.120832
1522,traditional,0.197504,1.709056,0.209920,2.116480
1523,traditional,0.164864,1.628160,0.205824,1.998848
1524,traditional,0.167040,1.619968,0.206848,1.993856
1525,traditional,0.167168,1.653760,0.205824,2.026752
1526,traditional,0.164352,1.629184,0.201728,1.995264
1527,traditional,0.163520,1.607680,0.200704,1.971904
1528,traditional,0.164704,1.610752,0.201728,1.977184
1529,traditional,0.172736,1.606656,0.200704,1.980096
1530,traditional,0.173056,1.615872,0.200704,1.989632
1531,traditional,0.167104,1.629184,0.199680,1.995968
1532,traditional,0.165152,1.604608,0.203776,1.973536
1533,traditional,0.163904,2.172928,0.206848,2.543680
1534,traditional,0.191488,1.810432,0.199680,2.201600
1535,traditional,0.164320,1.859584,0.204800,2.228704
1536,traditional,0.176160,1.634304,0.200704,2.011168
1537,traditional,0.162944,1.614848,0.199680,1.977472
1538,traditional,0.175904,3.115008,0.697344,3.988256
1539,traditional,0.187776,1.626112,0.200704,2.014592
1540,traditional,0.188768,1.638400,0.200704,2.027872
1541,traditional,0.175616,1.596416,0.200704,1.972736
1542,traditional,0.163648,1.827840,0.200704,2.192192
1543,traditional,0.167232,1.574912,0.200704,1.942848
1544,traditional,0.163040,1.592320,0.200704,1.956064
1545,traditional,0.167712,1.571840,0.200704,1.940256
1546,traditional,0.164800,2.866176,0.377856,3.408832
1547,traditional,0.298400,2.635776,0.361472,3.295648
1548,traditional,0.179072,1.860608,0.203776,2.243456
1549,traditional,0.296640,3.088384,0.378880,3.763904
1550,traditional,0.297792,2.164736,0.382976,2.845504
1551,traditional,0.186912,1.807360,0.203776,2.198048
1552,traditional,0.179648,1.596416,0.202752,1.978816
1553,traditional,0.166624,2.324480,0.381952,2.873056
1554,traditional,0.303936,2.705408,0.201728,3.211072
1555,traditional,0.168928,2.045952,0.388096,2.602976
1556,traditional,0.177920,3.016704,0.380928,3.575552
1557,traditional,0.310944,3.647488,0.612352,4.570784
1558,traditional,0.601920,2.713600,0.211968,3.527488
1559,traditional,0.403168,2.040832,0.216064,2.660064
1560,traditional,0.183360,1.677312,0.209920,2.070592
1561,traditional,0.170624,1.676288,0.207872,2.054784
1562,traditional,0.169376,1.651712,0.207872,2.028960
1563,traditional,0.186656,3.213312,0.394240,3.794208
1564,traditional,0.598464,2.439168,0.210944,3.248576
1565,traditional,0.169504,1.632256,0.207872,2.009632
1566,traditional,0.171776,1.958912,0.479232,2.609920
1567,traditional,0.168512,1.613824,0.207872,1.990208
1568,traditional,0.169824,1.863680,0.370688,2.404192
1569,traditional,0.181120,1.645568,0.203776,2.030464
1570,traditional,0.180128,1.603584,0.203776,1.987488
1571,traditional,0.166336,2.009088,0.393216,2.568640
1572,traditional,0.168384,1.879040,0.204800,2.252224
1573,traditional,0.181792,1.616896,0.204800,2.003488
1574,traditional,0.165888,1.598464,0.203776,1.968128
1575,traditional,0.165696,2.830336,0.388096,3.384128
1576,traditional,0.593248,2.653184,0.208896,3.455328
1577,traditional,0.188992,2.253824,0.208896,2.651712
1578,traditional,0.171360,1.593344,0.203776,1.968480
1579,traditional,0.163456,1.564672,0.200704,1.928832
1580,traditional,0.164800,1.599488,0.199680,1.963968
1581,traditional,0.161952,1.746944,0.245760,2.154656
1582,traditional,0.200864,1.908736,0.247808,2.357408
1583,traditional,0.205184,1.907712,0.245760,2.358656
1584,traditional,0.193856,1.931264,0.247808,2.372928
1585,traditional,0.210656,1.893376,0.245760,2.349792
1586,traditional,0.196320,1.909760,0.247808,2.353888
1587,traditional,0.198656,1.927168,0.246784,2.372608
1588,traditional,0.200800,1.928192,0.250880,2.379872
1589,traditional,0.208704,1.949696,0.247808,2.406208
1590,traditional,0.209728,1.960960,0.247808,2.418496
1591,traditional,0.220928,1.984512,0.246784,2.452224
1592,traditional,0.197184,1.928192,0.246784,2.372160
1593,traditional,0.217856,2.216960,0.246784,2.681600
1594,traditional,0.211072,1.974272,0.246784,2.432128
1595,traditional,0.222272,1.950720,0.247808,2.420800
1596,traditional,0.212544,1.970176,0.246784,2.429504
1597,traditional,0.199296,1.980416,0.251904,2.431616
1598,traditional,0.224544,2.030592,0.252928,2.508064
1599,traditional,0.210816,2.269184,0.252928,2.732928
1600,traditional,0.216896,2.021376,0.252928,2.491200
1601,traditional,0.228032,2.035712,0.252928,2.516672
1602,traditional,0.216864,2.024448,0.252928,2.494240
1603,traditional,0.212608,2.044928,0.252928,2.510464
1604,traditional,0.213792,2.028544,0.252928,2.495264
1605,traditional,0.213952,2.031616,0.263168,2.508736
1606,traditional,0.206240,2.023424,0.252928,2.482592
1607,traditional,0.223680,2.000896,0.252928,2.477504
1608,traditional,0.201216,2.007040,0.252928,2.461184
1609,traditional,0.215936,2.319360,0.252928,2.788224
1610,traditional,0.217440,2.028544,0.251904,2.497888
1611,traditional,0.203360,2.003968,0.256000,2.463328
1612,traditional,0.228928,2.288640,0.252928,2.770496
1613,traditional,0.204032,2.713600,0.262144,3.179776
1614,traditional,0.460416,2.490368,0.257024,3.207808
1615,traditional,0.211296,2.325504,0.444416,2.981216
1616,traditional,0.224032,2.228224,0.252928,2.705184
1617,traditional,0.210080,2.460672,0.256000,2.926752
1618,traditional,0.216256,2.685952,0.262144,3.164352
1619,traditional,0.209952,2.720768,0.257024,3.187744
1620,traditional,0.198912,2.262016,0.246784,2.707712
1621,traditional,0.196544,2.002944,0.246784,2.446272
1622,traditional,0.210144,1.965056,0.246784,2.421984
1623,traditional,0.221696,2.000896,0.246784,2.469376
1624,traditional,0.202592,1.972224,0.246784,2.421600
1625,traditional,0.202144,2.018304,0.253952,2.474400
1626,traditional,0.203008,2.048000,0.253952,2.504960
1627,traditional,0.200640,2.016256,0.254976,2.471872
1628,traditional,0.201824,2.728960,0.260096,3.190880
1629,traditional,0.219360,2.300928,0.253952,2.774240
1630,traditional,0.208192,2.493440,0.258048,2.959680
1631,traditional,0.205696,2.284544,0.258048,2.748288
1632,traditional,0.220128,2.281472,0.258048,2.759648
1633,traditional,0.200640,2.756608,0.258048,3.215296
1634,traditional,0.199968,1.925120,0.239616,2.364704
1635,traditional,0.231776,1.966080,0.240640,2.438496
1636,traditional,0.218752,1.904640,0.239616,2.363008
1637,traditional,0.191936,1.676288,0.215040,2.083264
1638,traditional,0.197248,1.698816,0.212992,2.109056
1639,traditional,0.188672,1.711104,0.212992,2.112768
1640,traditional,0.206880,1.748992,0.212992,2.168864
1641,traditional,0.173856,1.668096,0.201728,2.043680
1642,traditional,0.164576,1.851392,0.200704,2.216672
1643,traditional,0.190080,1.595392,0.202752,1.988224
1644,traditional,0.174176,1.597440,0.201728,1.973344
1645,traditional,0.163040,1.584128,0.201728,1.948896
1646,traditional,0.164160,1.582080,0.202752,1.948992
1647,traditional,0.184128,1.583104,0.199680,1.966912
1648,traditional,0.174496,1.627136,0.200704,2.002336
1649,traditional,0.171584,1.637376,0.201728,2.010688
1650,traditional,0.168320,1.595392,0.200704,1.964416
1651,traditional,0.177184,1.580032,0.214016,1.971232
1652,traditional,0.178304,1.600512,0.200704,1.979520
1653,traditional,0.166400,1.590272,0.200704,1.957376
1654,traditional,0.163264,1.584128,0.205824,1.953216
1655,traditional,0.169856,1.596416,0.200704,1.966976
1656,traditional,0.186336,1.598464,0.200704,1.985504
1657,traditional,0.162592,1.574912,0.200704,1.938208
1658,traditional,0.167072,1.579008,0.199680,1.945760
1659,traditional,0.162560,1.599488,0.203776,1.965824
1660,traditional,0.161568,1.566720,0.200704,1.928992
1661,traditional,0.179424,1.611776,0.200704,1.991904
1662,traditional,0.165664,1.589248,0.200704,1.955616
1663,traditional,0.173504,1.623040,0.199680,1.996224
1664,traditional,0.167168,1.609728,0.200704,1.977600
1665,traditional,0.174336,1.579008,0.200704,1.954048
1666,traditional,0.176256,2.108416,0.204800,2.489472
1667,traditional,0.165248,1.811456,0.200704,2.177408
1668,traditional,0.162400,1.647616,0.199680,2.009696
1669,traditional,0.161824,1.582080,0.199680,1.943584
1670,traditional,0.179648,1.813504,0.206848,2.200000
1671,traditional,0.180544,1.612800,0.200704,1.994048
1672,traditional,0.163168,1.585152,0.200704,1.949024
1673,traditional,0.162240,1.570816,0.200704,1.933760
1674,traditional,0.167296,1.570816,0.200704,1.938816
1675,traditional,0.179680,1.590272,0.200704,1.970656
1676,traditional,0.173408,1.836032,0.205824,2.215264
1677,traditional,0.190048,1.617920,0.200704,2.008672
1678,traditional,0.162080,1.587200,0.200704,1.949984
1679,traditional,0.164544,1.558528,0.199680,1.922752
1680,traditional,0.166592,1.562624,0.200704,1.929920
1681,traditional,0.162112,1.586176,0.200704,1.948992
1682,traditional,0.162432,1.561600,0.200704,1.924736
1683,traditional,0.165984,1.569792,0.199680,1.935456
1684,traditional,0.163872,1.562624,0.199680,1.926176
1685,traditional,0.163392,1.567744,0.200704,1.931840
1686,traditional,0.162304,1.561600,0.200704,1.924608
1687,traditional,0.165856,1.574912,0.200704,1.941472
1688,traditional,0.162912,1.584128,0.200704,1.947744
1689,traditional,0.162048,1.561600,0.200704,1.924352
1690,traditional,0.161696,1.588224,0.203776,1.953696
1691,traditional,0.186656,1.587200,0.200704,1.974560
1692,traditional,0.169920,1.701888,0.211968,2.083776
1693,traditional,0.182112,1.653760,0.211968,2.047840
1694,traditional,0.169888,1.652736,0.211968,2.034592
1695,traditional,0.174688,1.669120,0.209920,2.053728
1696,traditional,0.168992,1.664000,0.208896,2.041888
1697,traditional,0.170560,1.909760,0.375808,2.456128
1698,traditional,0.209920,1.722368,0.221184,2.153472
1699,traditional,0.179936,1.730560,0.219136,2.129632
1700,traditional,0.191936,1.779712,0.219136,2.190784
1701,traditional,0.181024,1.716224,0.219136,2.116384
1702,traditional,0.183680,1.784832,0.226304,2.194816
1703,traditional,0.189984,1.795072,0.227328,2.212384
1704,traditional,0.220896,1.785856,0.226304,2.233056
1705,traditional,0.193632,1.793024,0.226304,2.212960
1706,traditional,0.185600,1.773568,0.227328,2.186496
1707,traditional,0.182720,1.811456,0.226304,2.220480
1708,traditional,0.181888,1.773568,0.225280,2.180736
1709,traditional,0.177024,1.766400,0.222208,2.165632
1710,traditional,0.194336,1.986560,0.226304,2.407200
1711,traditional,0.194848,1.802240,0.222208,2.219296
1712,traditional,0.192928,1.754112,0.222208,2.169248
1713,traditional,0.189024,1.778688,0.221184,2.188896
1714,traditional,0.178592,2.210816,0.234496,2.623904
1715,traditional,0.190016,2.069504,0.226304,2.485824
1716,traditional,0.196128,1.784832,0.226304,2.207264
1717,traditional,0.181952,1.788928,0.238592,2.209472
1718,traditional,0.184576,1.780736,0.226304,2.191616
1719,traditional,0.184256,2.235392,0.235520,2.655168
1720,traditional,0.188320,2.079744,0.242688,2.510752
1721,traditional,0.202336,1.842176,0.227328,2.271840
1722,traditional,0.183520,2.286592,0.235520,2.705632
1723,traditional,0.208928,2.052096,0.228352,2.489376
1724,traditional,0.180768,2.058240,0.227328,2.466336
1725,traditional,0.181408,1.776640,0.225280,2.183328
1726,traditional,0.185760,2.024448,0.225280,2.435488
1727,traditional,0.184384,1.792000,0.224256,2.200640
1728,traditional,0.197056,1.784832,0.225280,2.207168
1729,traditional,0.186400,2.414592,0.228352,2.829344
1730,traditional,0.206528,2.465792,0.233472,2.905792
1731,traditional,0.183712,2.070528,0.224256,2.478496
1732,traditional,0.180128,1.773568,0.224256,2.177952
1733,traditional,0.202848,1.772544,0.224256,2.199648
1734,traditional,0.194464,1.776640,0.223232,2.194336
1735,traditional,0.199840,1.784832,0.223232,2.207904
1736,traditional,0.196800,1.801216,0.223232,2.221248
1737,traditional,0.180992,1.790976,0.226304,2.198272
1738,traditional,0.185920,1.789952,0.226304,2.202176
1739,traditional,0.181184,1.793024,0.227328,2.201536
1740,traditional,0.199264,1.814528,0.226304,2.240096
1741,traditional,0.211552,1.805312,0.226304,2.243168
1742,traditional,0.207072,1.806336,0.226304,2.239712
1743,traditional,0.209792,1.830912,0.227328,2.268032
1744,traditional,0.198400,1.854464,0.227328,2.280192
1745,traditional,0.197664,1.819648,0.227328,2.244640
1746,traditional,0.181280,1.785856,0.228352,2.195488
1747,traditional,0.200928,1.799168,0.227328,2.227424
1748,traditional,0.179712,1.784832,0.226304,2.190848
1749,traditional,0.183584,1.800192,0.226304,2.210080
1750,traditional,0.184000,1.781760,0.225280,2.191040
1751,traditional,0.219104,1.821696,0.226304,2.267104
1752,traditional,0.195424,1.818624,0.227328,2.241376
1753,traditional,0.183872,1.821696,0.226304,2.231872
1754,traditional,0.195008,1.808384,0.226304,2.229696
1755,traditional,0.180992,1.795072,0.226304,2.202368
1756,traditional,0.182336,1.835008,0.230400,2.247744
1757,traditional,0.185120,1.814528,0.227328,2.226976
1758,traditional,0.181120,1.808384,0.226304,2.215808
1759,traditional,0.168192,1.653760,0.206848,2.028800
1760,traditional,0.173056,1.620992,0.206848,2.000896
1761,traditional,0.169408,1.647616,0.206848,2.023872
1762,traditional,0.171616,1.632256,0.206848,2.010720
1763,traditional,0.167296,1.580032,0.200704,1.948032
1764,traditional,0.160672,1.598464,0.200704,1.959840
1765,traditional,0.163584,1.625088,0.200704,1.989376
1766,traditional,0.174432,2.006016,0.382976,2.563424
1767,traditional,0.179712,1.628160,0.200704,2.008576
1768,traditional,0.162976,1.569792,0.200704,1.933472
1769,traditional,0.162048,2.002944,0.204800,2.369792
1770,traditional,0.161504,1.567744,0.199680,1.928928
1771,traditional,0.161504,1.583104,0.208896,1.953504
1772,traditional,0.162272,1.574912,0.199680,1.936864
1773,traditional,0.162880,1.571840,0.200704,1.935424
1774,traditional,0.181888,1.627136,0.199680,2.008704
1775,traditional,0.174528,1.824768,0.362496,2.361792
1776,traditional,0.176896,1.611776,0.199680,1.988352
1777,traditional,0.166528,1.690624,0.200704,2.057856
1778,traditional,0.163360,1.602560,0.200704,1.966624
1779,traditional,0.165120,1.581056,0.199680,1.945856
1780,traditional,0.164992,1.586176,0.199680,1.950848
1781,traditional,0.166976,1.586176,0.200704,1.953856
1782,traditional,0.168608,1.598464,0.200704,1.967776
1783,traditional,0.169216,1.589248,0.200704,1.959168
1784,traditional,0.165632,1.968128,0.382976,2.516736
1785,traditional,0.178816,1.591296,0.199680,1.969792
1786,traditional,0.166496,1.565696,0.199680,1.931872
1787,traditional,0.164384,1.558528,0.200704,1.923616
1788,traditional,0.164416,1.570816,0.199680,1.934912
1789,traditional,0.178560,1.566720,0.199680,1.944960
1790,traditional,0.180032,1.600512,0.200704,1.981248
1791,traditional,0.164128,1.583104,0.203776,1.951008
1792,traditional,0.167360,3.609600,0.611328,4.388288
1793,traditional,0.596800,2.319360,0.204800,3.120960
1794,traditional,0.165376,1.960960,0.204800,2.331136
1795,traditional,0.193440,1.579008,0.200704,1.973152
1796,traditional,0.175872,2.289664,0.378880,2.844416
1797,traditional,0.310272,3.444736,0.203776,3.958784
1798,traditional,0.162112,1.985536,0.381952,2.529600
1799,traditional,0.178592,2.597888,0.378880,3.155360
1800,traditional,0.546048,2.800640,0.200704,3.547392
1801,traditional,0.164064,2.004992,0.389120,2.558176
1802,traditional,0.180800,2.663424,0.387072,3.231296
1803,traditional,0.309568,2.759680,0.203776,3.273024
1804,traditional,0.176576,2.009088,0.390144,2.575808
1805,traditional,0.181632,2.989056,0.395264,3.565952
1806,traditional,0.599776,2.882560,0.208896,3.691232
1807,traditional,0.178720,2.095104,0.396288,2.670112
1808,traditional,0.181760,1.626112,0.206848,2.014720
1809,traditional,0.167808,3.593216,0.396288,4.157312
1810,traditional,0.613984,2.707456,0.250880,3.572320
1811,traditional,0.191264,2.572288,0.240640,3.004192
1812,traditional,0.193824,1.872896,0.239616,2.306336
1813,traditional,0.195936,1.883136,0.260096,2.339168
1814,traditional,0.191776,1.900544,0.236544,2.328864
1815,traditional,0.187392,1.835008,0.236544,2.258944
1816,traditional,0.188736,1.851392,0.249856,2.289984
1817,traditional,0.218400,1.847296,0.237568,2.303264
1818,traditional,0.203328,1.868800,0.236544,2.308672
1819,traditional,0.195360,1.836032,0.238592,2.269984
1820,traditional,0.196128,1.807360,0.227328,2.230816
1821,traditional,0.182560,1.760256,0.228352,2.171168
1822,traditional,0.208256,1.746944,0.232448,2.187648
1823,traditional,0.195424,1.744896,0.227328,2.167648
1824,traditional,0.184352,1.786880,0.227328,2.198560
1825,traditional,0.193696,1.762304,0.228352,2.184352
1826,traditional,0.196192,1.769472,0.226304,2.191968
1827,traditional,0.192736,1.789952,0.226304,2.208992
1828,traditional,0.189984,1.781760,0.235520,2.207264
1829,traditional,0.200992,1.814528,0.228352,2.243872
1830,traditional,0.196992,1.851392,0.230400,2.278784
1831,traditional,0.205888,1.795072,0.222208,2.223168
1832,traditional,0.183648,1.766400,0.221184,2.171232
1833,traditional,0.191360,1.985536,0.394240,2.571136
1834,traditional,0.196448,1.961984,0.225280,2.383712
1835,traditional,0.200736,1.725440,0.222208,2.148384
1836,traditional,0.181792,1.772544,0.220160,2.174496
1837,traditional,0.190816,1.735680,0.221184,2.147680
1838,traditional,0.204864,1.763328,0.220160,2.188352
1839,traditional,0.191680,1.768448,0.221184,2.181312
1840,traditional,0.176512,1.987584,0.393216,2.557312
1841,traditional,0.190144,1.967104,0.220160,2.377408
1842,traditional,0.192416,1.750016,0.221184,2.163616
1843,traditional,0.187872,2.128896,0.224256,2.541024
1844,traditional,0.188800,2.140160,0.241664,2.570624
1845,traditional,0.177696,2.006016,0.221184,2.404896
1846,traditional,0.190624,1.754112,0.220160,2.164896
1847,traditional,0.194144,1.983488,0.391168,2.568800
1848,traditional,0.190784,1.957888,0.223232,2.371904
1849,traditional,0.180800,2.010112,0.221184,2.412096
1850,traditional,0.190624,2.388992,0.226304,2.805920
1851,traditional,0.181536,2.032640,0.220160,2.434336
1852,traditional,0.179168,1.736704,0.220160,2.136032
1853,traditional,0.183648,2.057216,0.500736,2.741600
1854,traditional,0.203424,1.742848,0.221184,2.167456
1855,traditional,0.209536,1.755136,0.220160,2.184832
1856,traditional,0.178368,2.016256,0.390144,2.584768
1857,traditional,0.194048,1.734656,0.220160,2.148864
1858,traditional,0.184192,1.731584,0.220160,2.135936
1859,traditional,0.177120,1.757184,0.219136,2.153440
1860,traditional,0.180096,1.724416,0.220160,2.124672
1861,traditional,0.178656,1.747968,0.224256,2.150880
1862,traditional,0.190208,1.782784,0.228352,2.201344
1863,traditional,0.182912,1.808384,0.227328,2.218624
1864,traditional,0.202144,1.849344,0.228352,2.279840
1865,traditional,0.178112,1.710080,0.214016,2.102208
1866,traditional,0.172192,1.694720,0.215040,2.081952
1867,traditional,0.175744,1.986560,0.215040,2.377344
1868,traditional,0.196672,1.723392,0.215040,2.135104
1869,traditional,0.189984,1.709056,0.214016,2.113056
1870,traditional,0.198112,1.707008,0.215040,2.120160
1871,traditional,0.180640,1.693696,0.214016,2.088352
1872,traditional,0.176160,1.682432,0.214016,2.072608
1873,traditional,0.178944,1.701888,0.214016,2.094848
1874,traditional,0.176544,1.695744,0.214016,2.086304
1875,traditional,0.200128,1.716224,0.212992,2.129344
1876,traditional,0.173440,1.662976,0.212992,2.049408
1877,traditional,0.173248,1.662976,0.211968,2.048192
1878,traditional,0.173248,1.662976,0.212992,2.049216
1879,traditional,0.186688,1.667072,0.211968,2.065728
1880,traditional,0.174592,2.096128,0.405504,2.676224
1881,traditional,0.188800,2.102272,0.216064,2.507136
1882,traditional,0.187744,1.950720,0.211968,2.350432
1883,traditional,0.177920,2.082816,0.219136,2.479872
1884,traditional,0.186592,1.711104,0.215040,2.112736
1885,traditional,0.192256,1.703936,0.218112,2.114304
1886,traditional,0.176864,2.130944,0.410624,2.718432
1887,traditional,0.190400,2.327552,0.219136,2.737088
1888,traditional,0.201216,1.952768,0.215040,2.369024
1889,traditional,0.174144,1.698816,0.214016,2.086976
1890,traditional,0.186784,2.003968,0.214016,2.404768
1891,traditional,0.188704,1.698816,0.215040,2.102560
1892,traditional,0.174496,1.687552,0.215040,2.077088
1893,traditional,0.186528,1.705984,0.214016,2.106528
1894,traditional,0.173760,1.714176,0.218112,2.106048
1895,traditional,0.190016,1.755136,0.221184,2.166336
1896,traditional,0.175328,1.976320,0.385024,2.536672
1897,traditional,0.191872,1.753088,0.227328,2.172288
1898,traditional,0.200544,1.740800,0.217088,2.158432
1899,traditional,0.196256,1.702912,0.216064,2.115232
1900,traditional,0.175744,1.724416,0.216064,2.116224
1901,traditional,0.176128,1.716224,0.216064,2.108416
1902,traditional,0.181504,1.715200,0.219136,2.115840
1903,traditional,0.192896,1.733632,0.216064,2.142592
1904,traditional,0.174176,1.650688,0.209920,2.034784
1905,traditional,0.170432,1.656832,0.209920,2.037184
1906,traditional,0.177056,1.655808,0.208896,2.041760
1907,traditional,0.180288,1.658880,0.210944,2.050112
1908,traditional,0.184512,1.664000,0.209920,2.058432
1909,traditional,0.195872,1.717248,0.209920,2.123040
1910,traditional,0.169056,1.668096,0.209920,2.047072
1911,traditional,0.178464,2.333696,0.216064,2.728224
1912,traditional,0.172544,1.988608,0.209920,2.371072
1913,traditional,0.182080,1.659904,0.209920,2.051904
1914,traditional,0.180896,2.309120,0.215040,2.705056
1915,traditional,0.183648,1.890304,0.209920,2.283872
1916,traditional,0.175264,1.785856,0.214016,2.175136
1917,traditional,0.175488,2.038784,0.488448,2.702720
1918,traditional,0.195136,1.789952,0.214016,2.199104
1919,traditional,0.186368,1.703936,0.215040,2.105344
1920,traditional,0.174016,1.730560,0.215040,2.119616
1921,traditional,0.216768,1.726464,0.216064,2.159296
1922,traditional,0.174400,1.704960,0.216064,2.095424
1923,traditional,0.177664,1.712128,0.225280,2.115072
1924,traditional,0.173760,1.695744,0.216064,2.085568
1925,traditional,0.184384,1.728512,0.217088,2.129984
1926,traditional,0.189088,1.734656,0.216064,2.139808
1927,traditional,0.187072,1.677312,0.209920,2.074304
1928,traditional,0.187136,1.667072,0.209920,2.064128
1929,traditional,0.185024,1.704960,0.209920,2.099904
1930,traditional,0.182912,1.667072,0.210944,2.060928
1931,traditional,0.180800,1.690624,0.223232,2.094656
1932,traditional,0.174272,1.662976,0.209920,2.047168
1933,traditional,0.188608,1.932288,0.215040,2.335936
1934,traditional,0.188160,1.722368,0.216064,2.126592
1935,traditional,0.186944,1.779712,0.215040,2.181696
1936,traditional,0.178400,2.014208,0.389120,2.581728
1937,traditional,0.184352,1.720320,0.218112,2.122784
1938,traditional,0.198560,1.735680,0.215040,2.149280
1939,traditional,0.191552,1.698816,0.217088,2.107456
1940,traditional,0.176096,1.719296,0.217088,2.112480
1941,traditional,0.177792,1.715200,0.218112,2.111104
1942,traditional,0.190016,1.766400,0.223232,2.179648
1943,traditional,0.174784,1.697792,0.217088,2.089664
1944,traditional,0.190944,1.727488,0.217088,2.135520
1945,traditional,0.203584,1.740800,0.216064,2.160448
1946,traditional,0.176256,1.710080,0.216064,2.102400
1947,traditional,0.193312,1.704960,0.216064,2.114336
1948,traditional,0.189472,1.702912,0.216064,2.108448
1949,traditional,0.187328,1.710080,0.216064,2.113472
1950,traditional,0.200928,1.721344,0.216064,2.138336
1951,traditional,0.179552,1.728512,0.216064,2.124128
1952,traditional,0.194784,1.750016,0.216064,2.160864
1953,traditional,0.182944,1.701888,0.217088,2.101920
1954,traditional,0.175264,2.115584,0.409600,2.700448
1955,traditional,0.193952,2.164736,0.220160,2.578848
1956,traditional,0.179200,1.773568,0.216064,2.168832
1957,traditional,0.185152,1.954816,0.387072,2.527040
1958,traditional,0.196384,1.949696,0.220160,2.366240
1959,traditional,0.189088,1.762304,0.216064,2.167456
1960,traditional,0.200832,1.761280,0.216064,2.178176
1961,traditional,0.172608,1.703936,0.217088,2.093632
1962,traditional,0.174624,1.688576,0.216064,2.079264
1963,traditional,0.190464,1.804288,0.217088,2.211840
1964,traditional,0.186784,1.751040,0.217088,2.154912
1965,traditional,0.195328,1.763328,0.218112,2.176768
1966,traditional,0.194208,1.708032,0.218112,2.120352
1967,traditional,0.193600,1.723392,0.217088,2.134080
1968,traditional,0.188608,1.710080,0.218112,2.116800
1969,traditional,0.190016,1.731584,0.218112,2.139712
1970,traditional,0.205504,1.718272,0.219136,2.142912
1971,traditional,0.196384,1.736704,0.217088,2.150176
1972,traditional,0.201120,1.748992,0.212992,2.163104
1973,traditional,0.173600,1.670144,0.212992,2.056736
1974,traditional,0.192064,1.708032,0.212992,2.113088
1975,traditional,0.189088,1.665024,0.219136,2.073248
1976,traditional,0.176864,1.964032,0.391168,2.532064
1977,traditional,0.191424,1.982464,0.223232,2.397120
1978,traditional,0.194016,1.788928,0.219136,2.202080
1979,traditional,0.176768,1.740800,0.219136,2.136704
1980,traditional,0.176000,2.012160,0.219136,2.407296
1981,traditional,0.173952,1.700864,0.217088,2.091904
1982,traditional,0.178048,1.720320,0.216064,2.114432
1983,traditional,0.177024,1.954816,0.387072,2.518912
1984,traditional,0.190592,1.963008,0.220160,2.373760
1985,traditional,0.177824,1.756160,0.216064,2.150048
1986,traditional,0.172640,1.954816,0.211968,2.339424
1987,traditional,0.174208,1.714176,0.212992,2.101376
1988,traditional,0.171616,1.672192,0.212992,2.056800
1989,traditional,0.173280,1.936384,0.384000,2.493664
1990,traditional,0.191296,1.908736,0.212992,2.313024
1991,traditional,0.170368,1.756160,0.212992,2.139520
1992,traditional,0.171200,1.671168,0.211968,2.054336
1993,traditional,0.185216,1.895424,0.219136,2.299776
1994,traditional,0.170656,1.650688,0.210944,2.032288
1995,traditional,0.169472,1.647616,0.210944,2.028032
1996,traditional,0.170688,1.677312,0.211968,2.059968
1997,traditional,0.193056,1.680384,0.210944,2.084384
1998,traditional,0.183904,1.646592,0.207872,2.038368
1999,traditional,0.176768,1.630208,0.208896,2.015872
2000,traditional,0.184000,1.664000,0.208896,2.056896
2001,traditional,0.169408,1.672192,0.208896,2.050496
2002,traditional,0.176576,1.637376,0.208896,2.022848
2003,traditional,0.183808,1.644544,0.207872,2.036224
2004,traditional,0.171520,1.647616,0.207872,2.027008
2005,traditional,0.170240,1.626112,0.207872,2.004224
2006,traditional,0.172608,1.657856,0.207872,2.038336
2007,traditional,0.186240,1.655808,0.206848,2.048896
2008,traditional,0.172224,1.637376,0.207872,2.017472
2009,traditional,0.184640,1.641472,0.209920,2.036032
2010,traditional,0.177472,1.614848,0.204800,1.997120
2011,traditional,0.165696,1.607680,0.204800,1.978176
2012,traditional,0.170176,1.617920,0.204800,1.992896
2013,traditional,0.167104,1.616896,0.219136,2.003136
2014,traditional,0.168928,1.633280,0.205824,2.008032
2015,traditional,0.189504,1.677312,0.207872,2.074688
2016,traditional,0.176256,1.652736,0.207872,2.036864
2017,traditional,0.169056,1.644544,0.210944,2.024544
2018,traditional,0.168256,1.672192,0.207872,2.048320
2019,traditional,0.171520,1.650688,0.207872,2.030080
2020,traditional,0.193600,1.689600,0.209920,2.093120
2021,traditional,0.186208,1.683456,0.208896,2.078560
2022,traditional,0.168864,1.667072,0.207872,2.043808
2023,traditional,0.182656,1.918976,0.208896,2.310528
2024,traditional,0.169184,1.675264,0.208896,2.053344
2025,traditional,0.168256,1.881088,0.211968,2.261312
2026,traditional,0.181024,1.916928,0.208896,2.306848
2027,traditional,0.187616,1.643520,0.207872,2.039008
2028,traditional,0.195776,1.675264,0.208896,2.079936
2029,traditional,0.183008,1.651712,0.207872,2.042592
2030,traditional,0.170336,3.832832,0.397312,4.400480
2031,traditional,0.314688,2.342912,0.399360,3.056960
2032,traditional,0.182912,1.640448,0.214016,2.037376
2033,traditional,0.182496,1.719296,0.216064,2.117856
2034,traditional,0.184640,1.683456,0.211968,2.080064
2035,traditional,0.173728,1.922048,0.212992,2.308768
2036,traditional,0.171360,1.719296,0.211968,2.102624
2037,traditional,0.171296,1.975296,0.375808,2.522400
2038,traditional,0.176704,1.943552,0.211968,2.332224
2039,traditional,0.182016,1.703936,0.212992,2.098944
2040,traditional,0.182240,1.685504,0.210944,2.078688
2041,traditional,0.170016,1.659904,0.210944,2.040864
2042,traditional,0.175712,1.667072,0.210944,2.053728
2043,traditional,0.174720,1.658880,0.210944,2.044544
2044,traditional,0.185408,1.878016,0.216064,2.279488
2045,traditional,0.171392,1.668096,0.208896,2.048384
2046,traditional,0.173312,1.933312,0.375808,2.482432
2047,traditional,0.172256,1.652736,0.209920,2.034912
2048,traditional,0.169120,1.659904,0.209920,2.038944
2049,traditional,0.184576,1.681408,0.205824,2.071808
2050,traditional,0.171872,1.667072,0.205824,2.044768
2051,traditional,0.187840,1.640448,0.205824,2.034112
2052,traditional,0.167424,1.635328,0.206848,2.009600
2053,traditional,0.165248,1.632256,0.206848,2.004352
2054,traditional,0.167328,1.615872,0.204800,1.988000
2055,traditional,0.176000,1.603584,0.203776,1.983360
2056,traditional,0.166208,1.629184,0.203776,1.999168
2057,traditional,0.168512,1.598464,0.203776,1.970752
2058,traditional,0.167520,2.007040,0.391168,2.565728
2059,traditional,0.183488,1.618944,0.204800,2.007232
2060,traditional,0.177472,1.589248,0.200704,1.967424
2061,traditional,0.180960,1.572864,0.200704,1.954528
2062,traditional,0.168704,1.624064,0.201728,1.994496
2063,traditional,0.303264,3.117056,0.382976,3.803296
2064,traditional,0.564608,2.003968,0.211968,2.780544
2065,traditional,0.178272,1.607680,0.201728,1.987680
2066,traditional,0.169440,1.569792,0.200704,1.939936
2067,traditional,0.189536,3.066880,0.395264,3.651680
2068,traditional,0.302912,2.724864,0.205824,3.233600
2069,traditional,0.174720,2.046976,0.396288,2.617984
2070,traditional,0.186560,2.837504,0.382976,3.407040
2071,traditional,0.304832,2.936832,0.205824,3.447488
2072,traditional,0.165664,1.979392,0.204800,2.349856
2073,traditional,0.177568,1.636352,0.209920,2.023840
2074,traditional,0.190112,2.456576,0.399360,3.046048
2075,traditional,0.617184,3.181568,0.214016,4.012768
2076,traditional,0.171680,1.686528,0.212992,2.071200
2077,traditional,0.327232,3.405824,0.415744,4.148800
2078,traditional,0.309088,2.359296,0.226304,2.894688
2079,traditional,0.181664,1.976320,0.217088,2.375072
2080,traditional,0.188512,1.754112,0.218112,2.160736
2081,traditional,0.176416,1.713152,0.218112,2.107680
2082,traditional,0.175776,1.707008,0.218112,2.100896
2083,traditional,0.193536,1.745920,0.217088,2.156544
2084,traditional,0.177536,1.710080,0.218112,2.105728
2085,traditional,0.174880,1.701888,0.217088,2.093856
2086,traditional,0.175712,1.710080,0.218112,2.103904
2087,traditional,0.178720,1.717248,0.219136,2.115104
2088,traditional,0.178656,1.730560,0.219136,2.128352
2089,traditional,0.178272,1.784832,0.220160,2.183264
2090,traditional,0.172704,1.693696,0.212992,2.079392
2091,traditional,0.174944,1.689600,0.219136,2.083680
2092,traditional,0.186880,1.694720,0.216064,2.097664
2093,traditional,0.199808,1.687552,0.214016,2.101376
2094,traditional,0.198752,1.735680,0.212992,2.147424
2095,traditional,0.174880,1.698816,0.214016,2.087712
2096,traditional,0.175392,1.662976,0.212992,2.051360
2097,traditional,0.172672,1.684480,0.211968,2.069120
2098,traditional,0.185984,1.701888,0.212992,2.100864
2099,traditional,0.170784,1.678336,0.212992,2.062112
2100,traditional,0.171296,1.898496,0.245760,2.315552
