frame,renderPath,shadowMs,sceneMs,postProcessMs,frameMs
1,traditional,0.079360,1.129472,0.262144,1.470976
2,traditional,0.080000,1.176576,0.335872,1.592448
3,traditional,0.082368,2.014208,0.362496,2.459072
4,traditional,0.079744,1.383424,0.340992,1.804160
5,traditional,0.080576,1.424384,0.402432,1.907392
6,traditional,0.078432,1.199104,0.329728,1.607264
7,traditional,0.080384,0.352256,0.181248,0.613888
8,traditional,0.077984,0.587776,0.202752,0.868512
9,traditional,0.082496,0.364544,0.197632,0.644672
10,traditional,0.076448,0.364544,0.179200,0.620192
11,traditional,0.076000,0.376832,0.179200,0.632032
12,traditional,0.077248,0.354304,0.178176,0.609728
13,traditional,0.077120,0.347136,0.179200,0.603456
14,traditional,0.082656,0.366592,0.181248,0.630496
15,traditional,0.076480,0.353280,0.179200,0.608960
16,traditional,0.077888,0.346112,0.187392,0.611392
17,traditional,0.076480,0.353280,0.179200,0.608960
18,traditional,0.076960,0.347136,0.178176,0.602272
19,traditional,0.077568,0.345088,0.180224,0.602880
20,traditional,0.078208,0.359424,0.204800,0.642432
21,traditional,0.080832,0.346112,0.178176,0.605120
22,traditional,0.076672,0.350208,0.179200,0.606080
23,traditional,0.076224,0.367616,0.179200,0.623040
24,traditional,0.077088,0.356352,0.192512,0.625952
25,traditional,0.079776,0.371712,0.179200,0.630688
26,traditional,0.076128,0.365568,0.179200,0.620896
27,traditional,0.077120,0.354304,0.183296,0.614720
28,traditional,0.076960,0.345088,0.183296,0.605344
29,traditional,0.076992,0.347136,0.179200,0.603328
30,traditional,0.076864,0.346112,0.178176,0.601152
31,traditional,0.078176,0.359424,0.179200,0.616800
32,traditional,0.077312,0.356352,0.179200,0.612864
33,traditional,0.076672,0.350208,0.178176,0.605056
34,traditional,0.076128,0.349184,0.179200,0.604512
35,traditional,0.075616,0.368640,0.180224,0.624480
36,traditional,0.077664,0.350208,0.179200,0.607072
37,traditional,0.080768,0.660480,0.215040,0.956288
38,traditional,0.076640,0.346112,0.179200,0.601952
39,traditional,0.076320,0.346112,0.179200,0.601632
40,traditional,0.076736,0.346112,0.183296,0.606144
41,traditional,0.094240,0.360448,0.179200,0.633888
42,traditional,0.084000,0.360448,0.179200,0.623648
43,traditional,0.077408,0.362496,0.182272,0.622176
44,traditional,0.079008,0.352256,0.178176,0.609440
45,traditional,0.076160,0.349184,0.184320,0.609664
46,traditional,0.076832,0.370688,0.187392,0.634912
47,traditional,0.076256,0.346112,0.179200,0.601568
48,traditional,0.076672,0.347136,0.178176,0.601984
49,traditional,0.076128,0.346112,0.180224,0.602464
50,traditional,0.077344,0.346112,0.178176,0.601632
51,traditional,0.075488,0.349184,0.204800,0.629472
52,traditional,0.080352,0.346112,0.179200,0.605664
53,traditional,0.075776,0.354304,0.177152,0.607232
54,traditional,0.082976,0.320512,0.164864,0.568352
55,traditional,0.071680,0.317440,0.173056,0.562176
56,traditional,0.075840,0.320512,0.164864,0.561216
57,traditional,0.082656,0.328704,0.164864,0.576224
58,traditional,0.083104,0.326656,0.171008,0.580768
59,traditional,0.070528,0.340992,0.173056,0.584576
60,traditional,0.070432,0.348160,0.168960,0.587552
61,traditional,0.070336,0.317440,0.176128,0.563904
62,traditional,0.080800,0.335872,0.164864,0.581536
63,traditional,0.070080,0.352256,0.164864,0.587200
64,traditional,0.074080,0.340992,0.190464,0.605536
65,traditional,0.076128,0.319488,0.165888,0.561504
66,traditional,0.070464,0.323584,0.177152,0.571200
67,traditional,0.070368,0.327680,0.179200,0.577248
68,traditional,0.084768,0.328704,0.167936,0.581408
69,traditional,0.077280,0.366592,0.164864,0.608736
70,traditional,0.070688,0.385024,0.163840,0.619552
71,traditional,0.070208,0.321536,0.188416,0.580160
72,traditional,0.074528,0.366592,0.168960,0.610080
73,traditional,0.070272,0.327680,0.171008,0.568960
74,traditional,0.072000,0.324608,0.164864,0.561472
75,traditional,0.069824,0.325632,0.189440,0.584896
76,traditional,0.081888,0.327680,0.177152,0.586720
77,traditional,0.070400,0.320512,0.164864,0.555776
78,traditional,0.070592,0.325632,0.176128,0.572352
79,traditional,0.069920,0.346112,0.165888,0.581920
80,traditional,0.070560,0.322560,0.165888,0.559008
81,traditional,0.069664,0.331776,0.164864,0.566304
82,traditional,0.082752,0.349184,0.165888,0.597824
83,traditional,0.070080,0.317440,0.164864,0.552384
84,traditional,0.070912,0.317440,0.168960,0.557312
85,traditional,0.073568,0.323584,0.164864,0.562016
86,traditional,0.098880,0.348160,0.164864,0.611904
87,traditional,0.072704,0.315392,0.164864,0.552960
88,traditional,0.070784,0.316416,0.164864,0.552064
89,traditional,0.073600,0.346112,0.168960,0.588672
90,traditional,0.074624,0.323584,0.163840,0.562048
91,traditional,0.070048,0.315392,0.164864,0.550304
92,traditional,0.070304,0.324608,0.167936,0.562848
93,traditional,0.083456,0.352256,0.164864,0.600576
94,traditional,0.070880,0.332800,0.166912,0.570592
95,traditional,0.070208,0.333824,0.173056,0.577088
96,traditional,0.069920,0.315392,0.164864,0.550176
97,traditional,0.073696,0.339968,0.169984,0.583648
98,traditional,0.069792,0.327680,0.163840,0.561312
99,traditional,0.071424,0.342016,0.164864,0.578304
100,traditional,0.073920,0.332800,0.164864,0.571584
101,traditional,0.069536,0.325632,0.192512,0.587680
102,traditional,0.070656,0.318464,0.163840,0.552960
103,traditional,0.070816,0.343040,0.164864,0.578720
104,traditional,0.075680,0.326656,0.164864,0.567200
105,traditional,0.079232,0.315392,0.164864,0.559488
106,traditional,0.070176,0.317440,0.165888,0.553504
107,traditional,0.070464,0.318464,0.167936,0.556864
108,traditional,0.070912,0.321536,0.163840,0.556288
109,traditional,0.071616,0.348160,0.165888,0.585664
110,traditional,0.070656,0.329728,0.168960,0.569344
111,traditional,0.071424,0.327680,0.163840,0.562944
112,traditional,0.073600,0.316416,0.165888,0.555904
113,traditional,0.070592,0.337920,0.167936,0.576448
114,traditional,0.069920,0.321536,0.173056,0.564512
115,traditional,0.071392,0.314368,0.165888,0.551648
116,traditional,0.075072,0.316416,0.169984,0.561472
117,traditional,0.073600,0.316416,0.163840,0.553856
118,traditional,0.074784,0.334848,0.163840,0.573472
119,traditional,0.075968,0.334848,0.176128,0.586944
120,traditional,0.069920,0.313344,0.161792,0.545056
121,traditional,0.069216,0.310272,0.162816,0.542304
122,traditional,0.072640,0.313344,0.161792,0.547776
123,traditional,0.071712,0.312320,0.162816,0.546848
124,traditional,0.069088,0.319488,0.163840,0.552416
125,traditional,0.078432,0.311296,0.162816,0.552544
126,traditional,0.069024,0.314368,0.162816,0.546208
127,traditional,0.068768,0.310272,0.161792,0.540832
128,traditional,0.069216,0.317440,0.187392,0.574048
129,traditional,0.068960,0.328704,0.164864,0.562528
130,traditional,0.072256,0.320512,0.161792,0.554560
131,traditional,0.068800,0.309248,0.162816,0.540864
132,traditional,0.072736,0.311296,0.161792,0.545824
133,traditional,0.069376,0.314368,0.162816,0.546560
134,traditional,0.069088,0.313344,0.161792,0.544224
135,traditional,0.069024,0.310272,0.162816,0.542112
136,traditional,0.073600,0.335872,0.162816,0.572288
137,traditional,0.068992,0.312320,0.161792,0.543104
138,traditional,0.069152,0.321536,0.161792,0.552480
139,traditional,0.068544,0.337920,0.161792,0.568256
140,traditional,0.069632,0.314368,0.164864,0.548864
141,traditional,0.069280,0.310272,0.162816,0.542368
142,traditional,0.069216,0.317440,0.162816,0.549472
143,traditional,0.068896,0.313344,0.162816,0.545056
144,traditional,0.069216,0.338944,0.161792,0.569952
145,traditional,0.069184,0.312320,0.161792,0.543296
146,traditional,0.068864,0.331776,0.161792,0.562432
147,traditional,0.067680,0.326656,0.171008,0.565344
148,traditional,0.069920,0.315392,0.162816,0.548128
149,traditional,0.070880,0.321536,0.162816,0.555232
150,traditional,0.070496,0.317440,0.161792,0.549728
151,traditional,0.068320,0.311296,0.162816,0.542432
152,traditional,0.072672,0.315392,0.161792,0.549856
153,traditional,0.074944,0.313344,0.161792,0.550080
154,traditional,0.068416,0.350208,0.172032,0.590656
155,traditional,0.068832,0.313344,0.162816,0.544992
156,traditional,0.069824,0.313344,0.161792,0.544960
157,traditional,0.069952,0.313344,0.162816,0.546112
158,traditional,0.076704,0.322560,0.162816,0.562080
159,traditional,0.068384,0.315392,0.162816,0.546592
160,traditional,0.085632,0.321536,0.162816,0.569984
161,traditional,0.069504,0.314368,0.162816,0.546688
162,traditional,0.068864,0.311296,0.161792,0.541952
163,traditional,0.070464,0.324608,0.165888,0.560960
164,traditional,0.069248,0.327680,0.161792,0.558720
165,traditional,0.101440,0.381952,0.184320,0.667712
166,traditional,0.069472,0.320512,0.162816,0.552800
167,traditional,0.074336,0.336896,0.162816,0.574048
168,traditional,0.069888,0.313344,0.161792,0.545024
169,traditional,0.070144,0.310272,0.162816,0.543232
170,traditional,0.069248,0.313344,0.174080,0.556672
171,traditional,0.069888,0.316416,0.162816,0.549120
172,traditional,0.068768,0.313344,0.162816,0.544928
173,traditional,0.069408,0.323584,0.161792,0.554784
174,traditional,0.069408,0.328704,0.161792,0.559904
175,traditional,0.069984,0.321536,0.161792,0.553312
176,traditional,0.080064,0.328704,0.165888,0.574656
177,traditional,0.069056,0.325632,0.162816,0.557504
178,traditional,0.073120,0.327680,0.161792,0.562592
179,traditional,0.081344,0.355328,0.162816,0.599488
180,traditional,0.081984,0.327680,0.172032,0.581696
181,traditional,0.069504,0.330752,0.162816,0.563072
182,traditional,0.070208,0.328704,0.161792,0.560704
183,traditional,0.068224,0.320512,0.162816,0.551552
184,traditional,0.071488,0.319488,0.161792,0.552768
185,traditional,0.069696,0.317440,0.162816,0.549952
186,traditional,0.068896,0.314368,0.160768,0.544032
187,traditional,0.068768,0.322560,0.162816,0.554144
188,traditional,0.074560,0.311296,0.161792,0.547648
189,traditional,0.070336,0.311296,0.162816,0.544448
190,traditional,0.069120,0.320512,0.161792,0.551424
191,traditional,0.071968,0.321536,0.162816,0.556320
192,traditional,0.068832,0.313344,0.186368,0.568544
193,traditional,0.069056,0.351232,0.165888,0.586176
194,traditional,0.068800,0.332800,0.174080,0.575680
195,traditional,0.071456,0.337920,0.162816,0.572192
196,traditional,0.072032,0.316416,0.162816,0.551264
197,traditional,0.081088,0.322560,0.161792,0.565440
198,traditional,0.073408,0.309248,0.161792,0.544448
199,traditional,0.069248,0.335872,0.173056,0.578176
200,traditional,0.072576,0.330752,0.169984,0.573312
201,traditional,0.069408,0.311296,0.162816,0.543520
202,traditional,0.069344,0.327680,0.165888,0.562912
203,traditional,0.069280,0.319488,0.162816,0.551584
204,traditional,0.069408,0.322560,0.161792,0.553760
205,traditional,0.093248,0.322560,0.161792,0.577600
206,traditional,0.069408,0.328704,0.162816,0.560928
207,traditional,0.069504,0.320512,0.165888,0.555904
208,traditional,0.068960,0.313344,0.166912,0.549216
209,traditional,0.068448,0.320512,0.166912,0.555872
210,traditional,0.069312,0.320512,0.161792,0.551616
211,traditional,0.068512,0.324608,0.161792,0.554912
212,traditional,0.072928,0.313344,0.165888,0.552160
213,traditional,0.069920,0.313344,0.164864,0.548128
214,traditional,0.068928,0.322560,0.165888,0.557376
215,traditional,0.072928,0.319488,0.174080,0.566496
216,traditional,0.069024,0.310272,0.164864,0.544160
217,traditional,0.068512,0.311296,0.175104,0.554912
218,traditional,0.069504,0.318464,0.161792,0.549760
219,traditional,0.073024,0.313344,0.161792,0.548160
220,traditional,0.069184,0.327680,0.174080,0.570944
221,traditional,0.069920,0.314368,0.162816,0.547104
222,traditional,0.069056,0.311296,0.162816,0.543168
223,traditional,0.069088,0.330752,0.163840,0.563680
224,traditional,0.068768,0.334848,0.163840,0.567456
225,traditional,0.069440,0.313344,0.161792,0.544576
226,traditional,0.068960,0.322560,0.174080,0.565600
227,traditional,0.075840,0.311296,0.161792,0.548928
228,traditional,0.068640,0.315392,0.161792,0.545824
229,traditional,0.068832,0.311296,0.162816,0.542944
230,traditional,0.069280,0.317440,0.161792,0.548512
231,traditional,0.069152,0.313344,0.161792,0.544288
232,traditional,0.082176,0.322560,0.162816,0.567552
233,traditional,0.073344,0.310272,0.162816,0.546432
234,traditional,0.075520,0.312320,0.161792,0.549632
235,traditional,0.069568,0.310272,0.162816,0.542656
236,traditional,0.079392,0.310272,0.402432,0.792096
237,traditional,0.069216,0.339968,0.162816,0.572000
238,traditional,0.073728,0.314368,0.161792,0.549888
239,traditional,0.069248,0.342016,0.161792,0.573056
240,traditional,0.068736,0.314368,0.169984,0.553088
241,traditional,0.071552,0.327680,0.162816,0.562048
242,traditional,0.069024,0.313344,0.161792,0.544160
243,traditional,0.069088,0.313344,0.174080,0.556512
244,traditional,0.071488,0.312320,0.161792,0.545600
245,traditional,0.070368,0.317440,0.162816,0.550624
246,traditional,0.068736,0.313344,0.162816,0.544896
247,traditional,0.072192,0.343040,0.178176,0.593408
248,traditional,0.069696,0.320512,0.165888,0.556096
249,traditional,0.072672,0.313344,0.160768,0.546784
250,traditional,0.069088,0.310272,0.161792,0.541152
251,traditional,0.068992,0.313344,0.169984,0.552320
252,traditional,0.069856,0.311296,0.161792,0.542944
253,traditional,0.068928,0.311296,0.162816,0.543040
254,traditional,0.069280,0.311296,0.161792,0.542368
255,traditional,0.073120,0.321536,0.166912,0.561568
256,traditional,0.068960,0.313344,0.161792,0.544096
257,traditional,0.069824,0.314368,0.162816,0.547008
258,traditional,0.069312,0.310272,0.160768,0.540352
259,traditional,0.069152,0.310272,0.162816,0.542240
260,traditional,0.069632,0.310272,0.162816,0.542720
261,traditional,0.069120,0.310272,0.162816,0.542208
262,traditional,0.069536,0.312320,0.161792,0.543648
263,traditional,0.069184,0.322560,0.162816,0.554560
264,traditional,0.069504,0.314368,0.161792,0.545664
265,traditional,0.069920,0.313344,0.162816,0.546080
266,traditional,0.069472,0.335872,0.161792,0.567136
267,traditional,0.069184,0.310272,0.174080,0.553536
268,traditional,0.068704,0.313344,0.162816,0.544864
269,traditional,0.069568,0.312320,0.162816,0.544704
270,traditional,0.071840,0.310272,0.161792,0.543904
271,traditional,0.068672,0.313344,0.162816,0.544832
272,traditional,0.072000,0.311296,0.161792,0.545088
273,traditional,0.069888,0.330752,0.168960,0.569600
274,traditional,0.076800,0.311296,0.162816,0.550912
275,traditional,0.068640,0.319488,0.162816,0.550944
276,traditional,0.068576,0.312320,0.187392,0.568288
277,traditional,0.072256,0.310272,0.162816,0.545344
278,traditional,0.068864,0.316416,0.165888,0.551168
279,traditional,0.069440,0.313344,0.161792,0.544576
280,traditional,0.069408,0.310272,0.165888,0.545568
281,traditional,0.068448,0.313344,0.163840,0.545632
282,traditional,0.079584,0.326656,0.161792,0.568032
283,traditional,0.069504,0.314368,0.167936,0.551808
284,traditional,0.069600,0.316416,0.161792,0.547808
285,traditional,0.069120,0.312320,0.162816,0.544256
286,traditional,0.068640,0.313344,0.161792,0.543776
287,traditional,0.072288,0.313344,0.167936,0.553568
288,traditional,0.070048,0.310272,0.165888,0.546208
289,traditional,0.068768,0.311296,0.162816,0.542880
290,traditional,0.072352,0.313344,0.186368,0.572064
291,traditional,0.069280,0.316416,0.186368,0.572064
292,traditional,0.068384,0.319488,0.161792,0.549664
293,traditional,0.070208,0.312320,0.399360,0.781888
294,traditional,0.072800,0.314368,0.161792,0.548960
295,traditional,0.068768,0.314368,0.169984,0.553120
296,traditional,0.069664,0.315392,0.162816,0.547872
297,traditional,0.074688,0.315392,0.161792,0.551872
298,traditional,0.092512,0.317440,0.168960,0.578912
299,traditional,0.072736,0.310272,0.161792,0.544800
300,traditional,0.068704,0.311296,0.165888,0.545888
301,traditional,0.072672,0.343040,0.162816,0.578528
302,traditional,0.068320,0.322560,0.161792,0.552672
303,traditional,0.084448,0.490496,0.165888,0.740832
304,traditional,0.070912,0.312320,0.162816,0.546048
305,traditional,0.069088,0.311296,0.173056,0.553440
306,traditional,0.069600,0.313344,0.161792,0.544736
307,traditional,0.079200,0.313344,0.162816,0.555360
308,traditional,0.088384,0.320512,0.165888,0.574784
309,traditional,0.069216,0.311296,0.161792,0.542304
310,traditional,0.068832,0.315392,0.167936,0.552160
311,traditional,0.072288,0.323584,0.185344,0.581216
312,traditional,0.072960,0.315392,0.161792,0.550144
313,traditional,0.069216,0.315392,0.161792,0.546400
314,traditional,0.069792,0.318464,0.161792,0.550048
315,traditional,0.073216,0.314368,0.161792,0.549376
316,traditional,0.069824,0.330752,0.162816,0.563392
317,traditional,0.069440,0.311296,0.175104,0.555840
318,traditional,0.068832,0.323584,0.162816,0.555232
319,traditional,0.068992,0.311296,0.163840,0.544128
320,traditional,0.069152,0.310272,0.162816,0.542240
321,traditional,0.072672,0.313344,0.161792,0.547808
322,traditional,0.069120,0.314368,0.162816,0.546304
323,traditional,0.068768,0.314368,0.165888,0.549024
324,traditional,0.068736,0.316416,0.162816,0.547968
325,traditional,0.071264,0.316416,0.163840,0.551520
326,traditional,0.069600,0.316416,0.165888,0.551904
327,traditional,0.073632,0.316416,0.161792,0.551840
328,traditional,0.069696,0.314368,0.187392,0.571456
329,traditional,0.071968,0.311296,0.161792,0.545056
330,traditional,0.069248,0.317440,0.161792,0.548480
331,traditional,0.069312,0.313344,0.161792,0.544448
332,traditional,0.068512,0.312320,0.163840,0.544672
333,traditional,0.073824,0.311296,0.161792,0.546912
334,traditional,0.069120,0.322560,0.162816,0.554496
335,traditional,0.081376,0.328704,0.161792,0.571872
336,traditional,0.069024,0.316416,0.161792,0.547232
337,traditional,0.072768,0.315392,0.167936,0.556096
338,traditional,0.069312,0.318464,0.161792,0.549568
339,traditional,0.069344,0.327680,0.175104,0.572128
340,traditional,0.069280,0.328704,0.162816,0.560800
341,traditional,0.068960,0.312320,0.162816,0.544096
342,traditional,0.068480,0.319488,0.161792,0.549760
343,traditional,0.069120,0.311296,0.162816,0.543232
344,traditional,0.068480,0.336896,0.172032,0.577408
345,traditional,0.070912,0.311296,0.161792,0.544000
346,traditional,0.071136,0.312320,0.168960,0.552416
347,traditional,0.068896,0.330752,0.163840,0.563488
348,traditional,0.080192,0.339968,0.161792,0.581952
349,traditional,0.069408,0.324608,0.389120,0.783136
350,traditional,0.072992,0.332800,0.166912,0.572704
351,traditional,0.068864,0.322560,0.164864,0.556288
352,traditional,0.073952,0.316416,0.162816,0.553184
353,traditional,0.069696,0.316416,0.161792,0.547904
354,traditional,0.081184,0.326656,0.161792,0.569632
355,traditional,0.074464,0.326656,0.176128,0.577248
356,traditional,0.069600,0.326656,0.161792,0.558048
357,traditional,0.073440,0.319488,0.175104,0.568032
358,traditional,0.069408,0.348160,0.162816,0.580384
359,traditional,0.069696,0.322560,0.165888,0.558144
360,traditional,0.069248,0.317440,0.165888,0.552576
361,traditional,0.080704,0.311296,0.186368,0.578368
362,traditional,0.081792,0.319488,0.162816,0.564096
363,traditional,0.068768,0.343040,0.161792,0.573600
364,traditional,0.069632,0.314368,0.164864,0.548864
365,traditional,0.072448,0.340992,0.163840,0.577280
366,traditional,0.069952,0.311296,0.161792,0.543040
367,traditional,0.082240,0.332800,0.168960,0.584000
368,traditional,0.070304,0.328704,0.161792,0.560800
369,traditional,0.070816,0.310272,0.165888,0.546976
370,traditional,0.077568,0.319488,0.160768,0.557824
371,traditional,0.071072,0.309248,0.182272,0.562592
372,traditional,0.069216,0.310272,0.161792,0.541280
373,traditional,0.068992,0.310272,0.161792,0.541056
374,traditional,0.069376,0.316416,0.161792,0.547584
375,traditional,0.069472,0.322560,0.161792,0.553824
376,traditional,0.079680,0.321536,0.163840,0.565056
377,traditional,0.071232,0.308224,0.162816,0.542272
378,traditional,0.073824,0.312320,0.161792,0.547936
379,traditional,0.074240,0.315392,0.166912,0.556544
380,traditional,0.072608,0.312320,0.174080,0.559008
381,traditional,0.069792,0.307200,0.182272,0.559264
382,traditional,0.069408,0.310272,0.161792,0.541472
383,traditional,0.069728,0.322560,0.166912,0.559200
384,traditional,0.086496,0.417792,0.224256,0.728544
385,traditional,0.069088,0.307200,0.165888,0.542176
386,traditional,0.072576,0.324608,0.161792,0.558976
387,traditional,0.069120,0.327680,0.161792,0.558592
388,traditional,0.069472,0.318464,0.161792,0.549728
389,traditional,0.069984,0.312320,0.161792,0.544096
390,traditional,0.069728,0.311296,0.161792,0.542816
391,traditional,0.068544,0.315392,0.161792,0.545728
392,traditional,0.069760,0.313344,0.161792,0.544896
393,traditional,0.067904,0.310272,0.160768,0.538944
394,traditional,0.069888,0.308224,0.162816,0.540928
395,traditional,0.069696,0.316416,0.162816,0.548928
396,traditional,0.069920,0.312320,0.161792,0.544032
397,traditional,0.068928,0.315392,0.161792,0.546112
398,traditional,0.070464,0.331776,0.161792,0.564032
399,traditional,0.069312,0.314368,0.174080,0.557760
400,traditional,0.069824,0.315392,0.161792,0.547008
401,traditional,0.069312,0.316416,0.161792,0.547520
402,traditional,0.069184,0.326656,0.161792,0.557632
403,traditional,0.069984,0.312320,0.162816,0.545120
404,traditional,0.073632,0.323584,0.161792,0.559008
405,traditional,0.074496,0.332800,0.161792,0.569088
406,traditional,0.074656,0.322560,0.161792,0.559008
407,traditional,0.069312,0.326656,0.162816,0.558784
408,traditional,0.094880,0.409600,0.173056,0.677536
409,traditional,0.069888,0.314368,0.370688,0.754944
410,traditional,0.069696,0.311296,0.161792,0.542784
411,traditional,0.069792,0.323584,0.165888,0.559264
412,traditional,0.080032,0.312320,0.161792,0.554144
413,traditional,0.069600,0.349184,0.163840,0.582624
414,traditional,0.071488,0.318464,0.166912,0.556864
415,traditional,0.068992,0.320512,0.162816,0.552320
416,traditional,0.070432,0.351232,0.165888,0.587552
417,traditional,0.069920,0.320512,0.161792,0.552224
418,traditional,0.068992,0.316416,0.162816,0.548224
419,traditional,0.069664,0.332800,0.163840,0.566304
420,traditional,0.068960,0.322560,0.166912,0.558432
421,traditional,0.070176,0.338944,0.165888,0.575008
422,traditional,0.069344,0.312320,0.162816,0.544480
423,traditional,0.069408,0.329728,0.162816,0.561952
424,traditional,0.070432,0.317440,0.161792,0.549664
425,traditional,0.068544,0.313344,0.162816,0.544704
426,traditional,0.068864,0.326656,0.169984,0.565504
427,traditional,0.068384,0.334848,0.165888,0.569120
428,traditional,0.071840,0.324608,0.165888,0.562336
429,traditional,0.069056,0.313344,0.161792,0.544192
430,traditional,0.079872,0.319488,0.161792,0.561152
431,traditional,0.068128,0.330752,0.161792,0.560672
432,traditional,0.068672,0.318464,0.428032,0.815168
433,traditional,0.072320,0.319488,0.172032,0.563840
434,traditional,0.071584,0.314368,0.161792,0.547744
435,traditional,0.071168,0.323584,0.161792,0.556544
436,traditional,0.069120,0.326656,0.162816,0.558592
437,traditional,0.068160,0.312320,0.161792,0.542272
438,traditional,0.071968,0.321536,0.161792,0.555296
439,traditional,0.070912,0.331776,0.175104,0.577792
440,traditional,0.069312,0.315392,0.161792,0.546496
441,traditional,0.071264,0.320512,0.162816,0.554592
442,traditional,0.068992,0.313344,0.165888,0.548224
443,traditional,0.069216,0.311296,0.162816,0.543328
444,traditional,0.072896,0.316416,0.161792,0.551104
445,traditional,0.069440,0.311296,0.162816,0.543552
446,traditional,0.070272,0.310272,0.162816,0.543360
447,traditional,0.071648,0.316416,0.161792,0.549856
448,traditional,0.071360,0.313344,0.165888,0.550592
449,traditional,0.072608,0.333824,0.167936,0.574368
450,traditional,0.069312,0.320512,0.161792,0.551616
451,traditional,0.069120,0.312320,0.162816,0.544256
452,traditional,0.069248,0.312320,0.162816,0.544384
453,traditional,0.069088,0.310272,0.162816,0.542176
454,traditional,0.069952,0.314368,0.162816,0.547136
455,traditional,0.069024,0.319488,0.174080,0.562592
456,traditional,0.069568,0.324608,0.161792,0.555968
457,traditional,0.069152,0.352256,0.162816,0.584224
458,traditional,0.070624,0.312320,0.161792,0.544736
459,traditional,0.069472,0.321536,0.162816,0.553824
460,traditional,0.070624,0.310272,0.162816,0.543712
461,traditional,0.068992,0.315392,0.161792,0.546176
462,traditional,0.069728,0.320512,0.161792,0.552032
463,traditional,0.072704,0.311296,0.166912,0.550912
464,traditional,0.069952,0.321536,0.186368,0.577856
465,traditional,0.069504,0.321536,0.167936,0.558976
466,traditional,0.069504,0.309248,0.161792,0.540544
467,traditional,0.070080,0.319488,0.162816,0.552384
468,traditional,0.072384,0.324608,0.171008,0.568000
469,traditional,0.068480,0.316416,0.161792,0.546688
470,traditional,0.072864,0.313344,0.163840,0.550048
471,traditional,0.068928,0.313344,0.168960,0.551232
472,traditional,0.097888,0.318464,0.161792,0.578144
473,traditional,0.081280,0.314368,0.175104,0.570752
474,traditional,0.068896,0.318464,0.174080,0.561440
475,traditional,0.069280,0.318464,0.175104,0.562848
476,traditional,0.071616,0.318464,0.161792,0.551872
477,traditional,0.072224,0.356352,0.161792,0.590368
478,traditional,0.069504,0.321536,0.165888,0.556928
479,traditional,0.068416,0.332800,0.162816,0.564032
480,traditional,0.069088,0.309248,0.165888,0.544224
481,traditional,0.072224,0.340992,0.162816,0.576032
482,traditional,0.069536,0.321536,0.174080,0.565152
483,traditional,0.070944,0.313344,0.173056,0.557344
484,traditional,0.069632,0.314368,0.161792,0.545792
485,traditional,0.070304,0.329728,0.162816,0.562848
486,traditional,0.069792,0.326656,0.174080,0.570528
487,traditional,0.069344,0.320512,0.162816,0.552672
488,traditional,0.069184,0.334848,0.162816,0.566848
489,traditional,0.072064,0.334848,0.161792,0.568704
490,traditional,0.072320,0.310272,0.161792,0.544384
491,traditional,0.068832,0.337920,0.162816,0.569568
492,traditional,0.069184,0.314368,0.174080,0.557632
493,traditional,0.069440,0.313344,0.164864,0.547648
494,traditional,0.069344,0.313344,0.162816,0.545504
495,traditional,0.068608,0.319488,0.161792,0.549888
496,traditional,0.070496,0.322560,0.161792,0.554848
497,traditional,0.068640,0.348160,0.162816,0.579616
498,traditional,0.069184,0.330752,0.161792,0.561728
499,traditional,0.068960,0.310272,0.165888,0.545120
500,traditional,0.076672,0.324608,0.162816,0.564096
501,traditional,0.069632,0.313344,0.161792,0.544768
502,traditional,0.070016,0.337920,0.161792,0.569728
503,traditional,0.069088,0.312320,0.165888,0.547296
504,traditional,0.081792,0.316416,0.161792,0.560000
505,traditional,0.071360,0.311296,0.166912,0.549568
506,traditional,0.069344,0.321536,0.167936,0.558816
507,traditional,0.075616,0.344064,0.162816,0.582496
508,traditional,0.069792,0.312320,0.174080,0.556192
509,traditional,0.080640,0.309248,0.161792,0.551680
510,traditional,0.069344,0.324608,0.164864,0.558816
511,traditional,0.091232,0.312320,0.161792,0.565344
512,traditional,0.071392,0.351232,0.168960,0.591584
513,traditional,0.069792,0.319488,0.162816,0.552096
514,traditional,0.080576,0.329728,0.162816,0.573120
515,traditional,0.071008,0.312320,0.162816,0.546144
516,traditional,0.069408,0.316416,0.168960,0.554784
517,traditional,0.069056,0.310272,0.175104,0.554432
518,traditional,0.080416,0.346112,0.161792,0.588320
519,traditional,0.068512,0.321536,0.161792,0.551840
520,traditional,0.069088,0.334848,0.165888,0.569824
521,traditional,0.070880,0.347136,0.161792,0.579808
522,traditional,0.088192,0.313344,0.161792,0.563328
523,traditional,0.069856,0.315392,0.162816,0.548064
524,traditional,0.083232,0.330752,0.161792,0.575776
525,traditional,0.070624,0.311296,0.165888,0.547808
526,traditional,0.069632,0.310272,0.162816,0.542720
527,traditional,0.069504,0.318464,0.162816,0.550784
528,traditional,0.069952,0.337920,0.162816,0.570688
529,traditional,0.069856,0.317440,0.163840,0.551136
530,traditional,0.069504,0.327680,0.162816,0.560000
531,traditional,0.070112,0.309248,0.165888,0.545248
532,traditional,0.069568,0.312320,0.161792,0.543680
533,traditional,0.069184,0.312320,0.165888,0.547392
534,traditional,0.080448,0.327680,0.161792,0.569920
535,traditional,0.070240,0.316416,0.162816,0.549472
536,traditional,0.069376,0.310272,0.162816,0.542464
537,traditional,0.069856,0.339968,0.162816,0.572640
538,traditional,0.070688,0.309248,0.162816,0.542752
539,traditional,0.069024,0.313344,0.162816,0.545184
540,traditional,0.076608,0.327680,0.161792,0.566080
541,traditional,0.073152,0.321536,0.165888,0.560576
542,traditional,0.070272,0.315392,0.162816,0.548480
543,traditional,0.072992,0.326656,0.174080,0.573728
544,traditional,0.070048,0.314368,0.161792,0.546208
545,traditional,0.069984,0.312320,0.161792,0.544096
546,traditional,0.069216,0.310272,0.161792,0.541280
547,traditional,0.069728,0.311296,0.161792,0.542816
548,traditional,0.069088,0.312320,0.161792,0.543200
549,traditional,0.069120,0.326656,0.162816,0.558592
550,traditional,0.073760,0.324608,0.161792,0.560160
551,traditional,0.069536,0.312320,0.161792,0.543648
552,traditional,0.077120,0.311296,0.160768,0.549184
553,traditional,0.077536,0.315392,0.162816,0.555744
554,traditional,0.069600,0.311296,0.161792,0.542688
555,traditional,0.070464,0.321536,0.165888,0.557888
556,traditional,0.071488,0.312320,0.175104,0.558912
557,traditional,0.069664,0.310272,0.161792,0.541728
558,traditional,0.068992,0.313344,0.161792,0.544128
559,traditional,0.074144,0.310272,0.161792,0.546208
560,traditional,0.069120,0.320512,0.164864,0.554496
561,traditional,0.069920,0.322560,0.162816,0.555296
562,traditional,0.072832,0.319488,0.162816,0.555136
563,traditional,0.069952,0.315392,0.162816,0.548160
564,traditional,0.069472,0.315392,0.161792,0.546656
565,traditional,0.068736,0.314368,0.166912,0.550016
566,traditional,0.070080,0.318464,0.163840,0.552384
567,traditional,0.071520,0.316416,0.162816,0.550752
568,traditional,0.069824,0.318464,0.161792,0.550080
569,traditional,0.069600,0.328704,0.174080,0.572384
570,traditional,0.069248,0.311296,0.161792,0.542336
571,traditional,0.069440,0.318464,0.162816,0.550720
572,traditional,0.099264,0.608256,0.191488,0.899008
573,traditional,0.068768,0.324608,0.161792,0.555168
574,traditional,0.072384,0.317440,0.161792,0.551616
575,traditional,0.069440,0.313344,0.162816,0.545600
576,traditional,0.093056,0.333824,0.162816,0.589696
577,traditional,0.073024,0.317440,0.162816,0.553280
578,traditional,0.080480,0.317440,0.161792,0.559712
579,traditional,0.070432,0.313344,0.161792,0.545568
580,traditional,0.072576,0.335872,0.162816,0.571264
581,traditional,0.068928,0.334848,0.165888,0.569664
582,traditional,0.069600,0.309248,0.166912,0.545760
583,traditional,0.070752,0.340992,0.161792,0.573536
584,traditional,0.078624,0.324608,0.161792,0.565024
585,traditional,0.083104,0.333824,0.162816,0.579744
586,traditional,0.068352,0.314368,0.171008,0.553728
587,traditional,0.068928,0.328704,0.165888,0.563520
588,traditional,0.069568,0.320512,0.167936,0.558016
589,traditional,0.069408,0.308224,0.175104,0.552736
590,traditional,0.068960,0.326656,0.163840,0.559456
591,traditional,0.072384,0.313344,0.163840,0.549568
592,traditional,0.071104,0.310272,0.162816,0.544192
593,traditional,0.068608,0.321536,0.165888,0.556032
594,traditional,0.072192,0.322560,0.161792,0.556544
595,traditional,0.072064,0.315392,0.175104,0.562560
596,traditional,0.076704,0.313344,0.180224,0.570272
597,traditional,0.081760,0.326656,0.160768,0.569184
598,traditional,0.069760,0.318464,0.164864,0.553088
599,traditional,0.068896,0.318464,0.161792,0.549152
600,traditional,0.072608,0.325632,0.161792,0.560032
601,traditional,0.090656,0.316416,0.166912,0.573984
602,traditional,0.069984,0.323584,0.164864,0.558432
603,traditional,0.069216,0.319488,0.174080,0.562784
604,traditional,0.071168,0.318464,0.161792,0.551424
605,traditional,0.069920,0.309248,0.161792,0.540960
606,traditional,0.069408,0.311296,0.161792,0.542496
607,traditional,0.069696,0.311296,0.161792,0.542784
608,traditional,0.071680,0.322560,0.161792,0.556032
609,traditional,0.073408,0.335872,0.166912,0.576192
610,traditional,0.069984,0.334848,0.161792,0.566624
611,traditional,0.069856,0.321536,0.161792,0.553184
612,traditional,0.071328,0.344064,0.160768,0.576160
613,traditional,0.069024,0.334848,0.161792,0.565664
614,traditional,0.069568,0.320512,0.161792,0.551872
615,traditional,0.069632,0.306176,0.165888,0.541696
616,traditional,0.069312,0.313344,0.161792,0.544448
617,traditional,0.068928,0.315392,0.161792,0.546112
618,traditional,0.069920,0.333824,0.160768,0.564512
619,traditional,0.068992,0.313344,0.399360,0.781696
620,traditional,0.069728,0.319488,0.161792,0.551008
621,traditional,0.069216,0.307200,0.161792,0.538208
622,traditional,0.069536,0.313344,0.161792,0.544672
623,traditional,0.068704,0.309248,0.164864,0.542816
624,traditional,0.069184,0.308224,0.160768,0.538176
625,traditional,0.068512,0.317440,0.157696,0.543648
626,traditional,0.068640,0.309248,0.164864,0.542752
627,traditional,0.070304,0.310272,0.160768,0.541344
628,traditional,0.069792,0.315392,0.161792,0.546976
629,traditional,0.069440,0.313344,0.161792,0.544576
630,traditional,0.069152,0.337920,0.165888,0.572960
631,traditional,0.068992,0.327680,0.162816,0.559488
632,traditional,0.069728,0.323584,0.160768,0.554080
633,traditional,0.072256,0.312320,0.160768,0.545344
634,traditional,0.070560,0.320512,0.164864,0.555936
635,traditional,0.069440,0.320512,0.157696,0.547648
636,traditional,0.080288,0.321536,0.172032,0.573856
637,traditional,0.074144,0.318464,0.165888,0.558496
638,traditional,0.069056,0.313344,0.161792,0.544192
639,traditional,0.074720,0.322560,0.161792,0.559072
640,traditional,0.069312,0.318464,0.164864,0.552640
641,traditional,0.069504,0.311296,0.161792,0.542592
642,traditional,0.073024,0.331776,0.161792,0.566592
643,traditional,0.068832,0.310272,0.161792,0.540896
644,traditional,0.068768,0.309248,0.161792,0.539808
645,traditional,0.068960,0.310272,0.161792,0.541024
646,traditional,0.069312,0.313344,0.164864,0.547520
647,traditional,0.069344,0.312320,0.161792,0.543456
648,traditional,0.069952,0.314368,0.161792,0.546112
649,traditional,0.069120,0.315392,0.161792,0.546304
650,traditional,0.069024,0.313344,0.164864,0.547232
651,traditional,0.070144,0.315392,0.161792,0.547328
652,traditional,0.071872,0.314368,0.164864,0.551104
653,traditional,0.069952,0.312320,0.161792,0.544064
654,traditional,0.070240,0.311296,0.165888,0.547424
655,traditional,0.069504,0.314368,0.162816,0.546688
656,traditional,0.077568,0.502784,0.190464,0.770816
657,traditional,0.072736,0.320512,0.162816,0.556064
658,traditional,0.073280,0.328704,0.162816,0.564800
659,traditional,0.069568,0.320512,0.165888,0.555968
660,traditional,0.069312,0.310272,0.164864,0.544448
661,traditional,0.080864,0.320512,0.162816,0.564192
662,traditional,0.082560,0.317440,0.161792,0.561792
663,traditional,0.070208,0.313344,0.162816,0.546368
664,traditional,0.068224,0.330752,0.162816,0.561792
665,traditional,0.068416,0.322560,0.161792,0.552768
666,traditional,0.069152,0.320512,0.162816,0.552480
667,traditional,0.069600,0.311296,0.162816,0.543712
668,traditional,0.069344,0.311296,0.161792,0.542432
669,traditional,0.068960,0.314368,0.165888,0.549216
670,traditional,0.068768,0.311296,0.162816,0.542880
671,traditional,0.069632,0.311296,0.165888,0.546816
672,traditional,0.069280,0.314368,0.161792,0.545440
673,traditional,0.069536,0.337920,0.161792,0.569248
674,traditional,0.068320,0.314368,0.161792,0.544480
675,traditional,0.069760,0.310272,0.163840,0.543872
676,traditional,0.069408,0.311296,0.161792,0.542496
677,traditional,0.070336,0.311296,0.161792,0.543424
678,traditional,0.072960,0.336896,0.161792,0.571648
679,traditional,0.068512,0.315392,0.162816,0.546720
680,traditional,0.069280,0.315392,0.171008,0.555680
681,traditional,0.069056,0.335872,0.162816,0.567744
682,traditional,0.079200,0.316416,0.162816,0.558432
683,traditional,0.081376,0.321536,0.163840,0.566752
684,traditional,0.070144,0.316416,0.161792,0.548352
685,traditional,0.069632,0.316416,0.166912,0.552960
686,traditional,0.068832,0.317440,0.161792,0.548064
687,traditional,0.069952,0.322560,0.174080,0.566592
688,traditional,0.069984,0.340992,0.169984,0.580960
689,traditional,0.070496,0.312320,0.161792,0.544608
690,traditional,0.070848,0.314368,0.161792,0.547008
691,traditional,0.070816,0.318464,0.165888,0.555168
692,traditional,0.069472,0.321536,0.171008,0.562016
693,traditional,0.068576,0.317440,0.162816,0.548832
694,traditional,0.072288,0.314368,0.161792,0.548448
695,traditional,0.069088,0.311296,0.161792,0.542176
696,traditional,0.069568,0.319488,0.165888,0.554944
697,traditional,0.069792,0.312320,0.162816,0.544928
698,traditional,0.068800,0.317440,0.161792,0.548032
699,traditional,0.073568,0.312320,0.162816,0.548704
700,traditional,0.070080,0.309248,0.162816,0.542144
701,traditional,0.069920,0.310272,0.162816,0.543008
702,traditional,0.069056,0.310272,0.164864,0.544192
703,traditional,0.069888,0.318464,0.169984,0.558336
704,traditional,0.070240,0.321536,0.174080,0.565856
705,traditional,0.069536,0.317440,0.162816,0.549792
706,traditional,0.068704,0.326656,0.164864,0.560224
707,traditional,0.071264,0.312320,0.162816,0.546400
708,traditional,0.069216,0.319488,0.164864,0.553568
709,traditional,0.068960,0.312320,0.162816,0.544096
710,traditional,0.081760,0.332800,0.161792,0.576352
711,traditional,0.069664,0.311296,0.161792,0.542752
712,traditional,0.069824,0.345088,0.166912,0.581824
713,traditional,0.069120,0.314368,0.162816,0.546304
714,traditional,0.070176,0.332800,0.165888,0.568864
715,traditional,0.071712,0.326656,0.162816,0.561184
716,traditional,0.069248,0.314368,0.161792,0.545408
717,traditional,0.080192,0.345088,0.161792,0.587072
718,traditional,0.081472,0.320512,0.175104,0.577088
719,traditional,0.070528,0.310272,0.162816,0.543616
720,traditional,0.072640,0.310272,0.161792,0.544704
721,traditional,0.069568,0.313344,0.162816,0.545728
722,traditional,0.069344,0.319488,0.161792,0.550624
723,traditional,0.073248,0.318464,0.162816,0.554528
724,traditional,0.068864,0.314368,0.161792,0.545024
725,traditional,0.073888,0.309248,0.161792,0.544928
726,traditional,0.073216,0.319488,0.161792,0.554496
727,traditional,0.081440,0.339968,0.161792,0.583200
728,traditional,0.069248,0.325632,0.161792,0.556672
729,traditional,0.069408,0.309248,0.163840,0.542496
730,traditional,0.072672,0.319488,0.165888,0.558048
731,traditional,0.081344,0.314368,0.162816,0.558528
732,traditional,0.072032,0.314368,0.161792,0.548192
733,traditional,0.068832,0.312320,0.161792,0.542944
734,traditional,0.069440,0.309248,0.161792,0.540480
735,traditional,0.072864,0.329728,0.162816,0.565408
736,traditional,0.073184,0.312320,0.162816,0.548320
737,traditional,0.068608,0.309248,0.165888,0.543744
738,traditional,0.072544,0.329728,0.162816,0.565088
739,traditional,0.069568,0.320512,0.175104,0.565184
740,traditional,0.070144,0.313344,0.161792,0.545280
741,traditional,0.068736,0.309248,0.161792,0.539776
742,traditional,0.093888,0.323584,0.161792,0.579264
743,traditional,0.068544,0.330752,0.162816,0.562112
744,traditional,0.073344,0.310272,0.174080,0.557696
745,traditional,0.069248,0.311296,0.418816,0.799360
746,traditional,0.069344,0.313344,0.175104,0.557792
747,traditional,0.076512,0.334848,0.162816,0.574176
748,traditional,0.069152,0.314368,0.161792,0.545312
749,traditional,0.070720,0.310272,0.161792,0.542784
750,traditional,0.093984,0.317440,0.161792,0.573216
751,traditional,0.070816,0.339968,0.162816,0.573600
752,traditional,0.070432,0.320512,0.176128,0.567072
753,traditional,0.072864,0.325632,0.165888,0.564384
754,traditional,0.076448,0.326656,0.161792,0.564896
755,traditional,0.069376,0.313344,0.456704,0.839424
756,traditional,0.069984,0.314368,0.177152,0.561504
757,traditional,0.068960,0.310272,0.186368,0.565600
758,traditional,0.073248,0.313344,0.161792,0.548384
759,traditional,0.069504,0.321536,0.161792,0.552832
760,traditional,0.069632,0.312320,0.165888,0.547840
761,traditional,0.070016,0.328704,0.164864,0.563584
762,traditional,0.069600,0.317440,0.175104,0.562144
763,traditional,0.072576,0.314368,0.162816,0.549760
764,traditional,0.081024,0.319488,0.161792,0.562304
765,traditional,0.075168,0.354304,0.162816,0.592288
766,traditional,0.074304,0.342016,0.161792,0.578112
767,traditional,0.069280,0.317440,0.162816,0.549536
768,traditional,0.069248,0.312320,0.161792,0.543360
769,traditional,0.068992,0.317440,0.165888,0.552320
770,traditional,0.068960,0.324608,0.161792,0.555360
771,traditional,0.071584,0.323584,0.161792,0.556960
772,traditional,0.073760,0.309248,0.161792,0.544800
773,traditional,0.070272,0.336896,0.174080,0.581248
774,traditional,0.068704,0.351232,0.161792,0.581728
775,traditional,0.069088,0.313344,0.162816,0.545248
776,traditional,0.072800,0.326656,0.192512,0.591968
777,traditional,0.068608,0.313344,0.161792,0.543744
778,traditional,0.075488,0.330752,0.164864,0.571104
779,traditional,0.068544,0.319488,0.161792,0.549824
780,traditional,0.069280,0.329728,0.166912,0.565920
781,traditional,0.069696,0.336896,0.161792,0.568384
782,traditional,0.082464,0.342016,0.162816,0.587296
783,traditional,0.069248,0.333824,0.161792,0.564864
784,traditional,0.072864,0.323584,0.161792,0.558240
785,traditional,0.074240,0.311296,0.187392,0.572928
786,traditional,0.070400,0.317440,0.162816,0.550656
787,traditional,0.069952,0.317440,0.162816,0.550208
788,traditional,0.069216,0.317440,0.161792,0.548448
789,traditional,0.074464,0.328704,0.161792,0.564960
790,traditional,0.069440,0.312320,0.162816,0.544576
791,traditional,0.072448,0.321536,0.161792,0.555776
792,traditional,0.069088,0.345088,0.175104,0.589280
793,traditional,0.070304,0.312320,0.162816,0.545440
794,traditional,0.068800,0.316416,0.161792,0.547008
795,traditional,0.096448,0.376832,0.162816,0.636096
796,traditional,0.072704,0.326656,0.161792,0.561152
797,traditional,0.069120,0.338944,0.162816,0.570880
798,traditional,0.086176,0.353280,0.162816,0.602272
799,traditional,0.068704,0.309248,0.162816,0.540768
800,traditional,0.069664,0.317440,0.161792,0.548896
801,traditional,0.068640,0.312320,0.427008,0.807968
802,traditional,0.069824,0.355328,0.161792,0.586944
803,traditional,0.078656,0.337920,0.165888,0.582464
804,traditional,0.068480,0.315392,0.161792,0.545664
805,traditional,0.069920,0.342016,0.169984,0.581920
806,traditional,0.068768,0.329728,0.162816,0.561312
807,traditional,0.091296,0.317440,0.161792,0.570528
808,traditional,0.074400,0.325632,0.161792,0.561824
809,traditional,0.071264,0.354304,0.162816,0.588384
810,traditional,0.069088,0.337920,0.165888,0.572896
811,traditional,0.072256,0.316416,0.164864,0.553536
812,traditional,0.070400,0.322560,0.406528,0.799488
813,traditional,0.068480,0.319488,0.175104,0.563072
814,traditional,0.069824,0.317440,0.168960,0.556224
815,traditional,0.069120,0.315392,0.165888,0.550400
816,traditional,0.069696,0.314368,0.169984,0.554048
817,traditional,0.072256,0.325632,0.167936,0.565824
818,traditional,0.082240,0.336896,0.161792,0.580928
819,traditional,0.072864,0.347136,0.165888,0.585888
820,traditional,0.072960,0.319488,0.163840,0.556288
821,traditional,0.069760,0.317440,0.161792,0.548992
822,traditional,0.069856,0.342016,0.162816,0.574688
823,traditional,0.073440,0.312320,0.162816,0.548576
824,traditional,0.070048,0.311296,0.166912,0.548256
825,traditional,0.072640,0.333824,0.162816,0.569280
826,traditional,0.072064,0.313344,0.162816,0.548224
827,traditional,0.071104,0.320512,0.161792,0.553408
828,traditional,0.090592,0.318464,0.162816,0.571872
829,traditional,0.069152,0.315392,0.440320,0.824864
830,traditional,0.073920,0.338944,0.164864,0.577728
831,traditional,0.069920,0.322560,0.163840,0.556320
832,traditional,0.070336,0.318464,0.161792,0.550592
833,traditional,0.071072,0.320512,0.161792,0.553376
834,traditional,0.076224,0.332800,0.161792,0.570816
835,traditional,0.068928,0.309248,0.164864,0.543040
836,traditional,0.072864,0.311296,0.160768,0.544928
837,traditional,0.069088,0.315392,0.161792,0.546272
838,traditional,0.069984,0.312320,0.161792,0.544096
839,traditional,0.069888,0.325632,0.161792,0.557312
840,traditional,0.069952,0.324608,0.164864,0.559424
841,traditional,0.077600,0.310272,0.179200,0.567072
842,traditional,0.069472,0.315392,0.156672,0.541536
843,traditional,0.069888,0.329728,0.162816,0.562432
844,traditional,0.069312,0.309248,0.161792,0.540352
845,traditional,0.069408,0.320512,0.161792,0.551712
846,traditional,0.070432,0.319488,0.161792,0.551712
847,traditional,0.069248,0.314368,0.165888,0.549504
848,traditional,0.070048,0.317440,0.165888,0.553376
849,traditional,0.069088,0.320512,0.161792,0.551392
850,traditional,0.069152,0.310272,0.161792,0.541216
851,traditional,0.069760,0.314368,0.161792,0.545920
852,traditional,0.069440,0.312320,0.165888,0.547648
853,traditional,0.069440,0.334848,0.176128,0.580416
854,traditional,0.069216,0.326656,0.174080,0.569952
855,traditional,0.068160,0.323584,0.173056,0.564800
856,traditional,0.070528,0.338944,0.168960,0.578432
857,traditional,0.070816,0.328704,0.161792,0.561312
858,traditional,0.069888,0.306176,0.161792,0.537856
859,traditional,0.072928,0.325632,0.162816,0.561376
860,traditional,0.081696,0.308224,0.167936,0.557856
861,traditional,0.069024,0.325632,0.157696,0.552352
862,traditional,0.069952,0.308224,0.161792,0.539968
863,traditional,0.074336,0.319488,0.416768,0.810592
864,traditional,0.069280,0.308224,0.174080,0.551584
865,traditional,0.082400,0.315392,0.164864,0.562656
866,traditional,0.069632,0.322560,0.161792,0.553984
867,traditional,0.072032,0.309248,0.165888,0.547168
868,traditional,0.069568,0.308224,0.161792,0.539584
869,traditional,0.072640,0.332800,0.161792,0.567232
870,traditional,0.069792,0.319488,0.161792,0.551072
871,traditional,0.069344,0.308224,0.169984,0.547552
872,traditional,0.069312,0.320512,0.167936,0.557760
873,traditional,0.079904,0.309248,0.161792,0.550944
874,traditional,0.083584,0.307200,0.166912,0.557696
875,traditional,0.068448,0.329728,0.168960,0.567136
876,traditional,0.079936,0.315392,0.160768,0.556096
877,traditional,0.070176,0.313344,0.162816,0.546336
878,traditional,0.075104,0.313344,0.162816,0.551264
879,traditional,0.068768,0.327680,0.161792,0.558240
880,traditional,0.069248,0.313344,0.161792,0.544384
881,traditional,0.068800,0.326656,0.166912,0.562368
882,traditional,0.068704,0.311296,0.164864,0.544864
883,traditional,0.072512,0.324608,0.172032,0.569152
884,traditional,0.069120,0.309248,0.165888,0.544256
885,traditional,0.068256,0.310272,0.161792,0.540320
886,traditional,0.068672,0.313344,0.161792,0.543808
887,traditional,0.069408,0.327680,0.175104,0.572192
888,traditional,0.076896,0.342016,0.160768,0.579680
889,traditional,0.073984,0.335872,0.161792,0.571648
890,traditional,0.069984,0.310272,0.165888,0.546144
891,traditional,0.070304,0.309248,0.160768,0.540320
892,traditional,0.069184,0.311296,0.161792,0.542272
893,traditional,0.069248,0.308224,0.162816,0.540288
894,traditional,0.069504,0.324608,0.161792,0.555904
895,traditional,0.073856,0.339968,0.172032,0.585856
896,traditional,0.068832,0.329728,0.167936,0.566496
897,traditional,0.075776,0.311296,0.162816,0.549888
898,traditional,0.070496,0.312320,0.161792,0.544608
899,traditional,0.070304,0.336896,0.161792,0.568992
900,traditional,0.074272,0.311296,0.161792,0.547360
901,traditional,0.069184,0.313344,0.162816,0.545344
902,traditional,0.069504,0.316416,0.161792,0.547712
903,traditional,0.070336,0.325632,0.405504,0.801472
904,traditional,0.080416,0.342016,0.168960,0.591392
905,traditional,0.069120,0.322560,0.169984,0.561664
906,traditional,0.074112,0.339968,0.161792,0.575872
907,traditional,0.068800,0.317440,0.165888,0.552128
908,traditional,0.076896,0.326656,0.166912,0.570464
909,traditional,0.074176,0.317440,0.162816,0.554432
910,traditional,0.070496,0.316416,0.161792,0.548704
911,traditional,0.072480,0.335872,0.168960,0.577312
912,traditional,0.070080,0.323584,0.161792,0.555456
913,traditional,0.070176,0.312320,0.162816,0.545312
914,traditional,0.070400,0.311296,0.165888,0.547584
915,traditional,0.069440,0.319488,0.161792,0.550720
916,traditional,0.094848,0.319488,0.161792,0.576128
917,traditional,0.069760,0.343040,0.162816,0.575616
918,traditional,0.076160,0.322560,0.161792,0.560512
919,traditional,0.069024,0.318464,0.162816,0.550304
920,traditional,0.070464,0.311296,0.162816,0.544576
921,traditional,0.069184,0.323584,0.176128,0.568896
922,traditional,0.073760,0.332800,0.161792,0.568352
923,traditional,0.068704,0.315392,0.161792,0.545888
924,traditional,0.070528,0.320512,0.171008,0.562048
925,traditional,0.069056,0.340992,0.162816,0.572864
926,traditional,0.069408,0.315392,0.161792,0.546592
927,traditional,0.069984,0.316416,0.162816,0.549216
928,traditional,0.069728,0.325632,0.162816,0.558176
929,traditional,0.068960,0.309248,0.162816,0.541024
930,traditional,0.070112,0.311296,0.161792,0.543200
931,traditional,0.075616,0.313344,0.161792,0.550752
932,traditional,0.068576,0.313344,0.161792,0.543712
933,traditional,0.069504,0.338944,0.161792,0.570240
934,traditional,0.069600,0.336896,0.163840,0.570336
935,traditional,0.069088,0.322560,0.162816,0.554464
936,traditional,0.069120,0.313344,0.169984,0.552448
937,traditional,0.074688,0.312320,0.167936,0.554944
938,traditional,0.075552,0.319488,0.162816,0.557856
939,traditional,0.070848,0.313344,0.163840,0.548032
940,traditional,0.068800,0.310272,0.161792,0.540864
941,traditional,0.078080,0.316416,0.161792,0.556288
942,traditional,0.068256,0.338944,0.169984,0.577184
943,traditional,0.074464,0.326656,0.167936,0.569056
944,traditional,0.075360,0.310272,0.168960,0.554592
945,traditional,0.094368,0.315392,0.161792,0.571552
946,traditional,0.069600,0.332800,0.162816,0.565216
947,traditional,0.069920,0.312320,0.161792,0.544032
948,traditional,0.068640,0.310272,0.165888,0.544800
949,traditional,0.068992,0.310272,0.162816,0.542080
950,traditional,0.069152,0.315392,0.161792,0.546336
951,traditional,0.068448,0.315392,0.162816,0.546656
952,traditional,0.069888,0.336896,0.171008,0.577792
953,traditional,0.072128,0.311296,0.161792,0.545216
954,traditional,0.069344,0.311296,0.162816,0.543456
955,traditional,0.072064,0.310272,0.162816,0.545152
956,traditional,0.069600,0.310272,0.161792,0.541664
957,traditional,0.068832,0.310272,0.165888,0.544992
958,traditional,0.072960,0.311296,0.166912,0.551168
959,traditional,0.069184,0.311296,0.162816,0.543296
960,traditional,0.068640,0.311296,0.162816,0.542752
961,traditional,0.069504,0.332800,0.167936,0.570240
962,traditional,0.068896,0.310272,0.186368,0.565536
963,traditional,0.068320,0.325632,0.161792,0.555744
964,traditional,0.068672,0.314368,0.161792,0.544832
965,traditional,0.069504,0.333824,0.162816,0.566144
966,traditional,0.072608,0.311296,0.161792,0.545696
967,traditional,0.068640,0.308224,0.163840,0.540704
968,traditional,0.068960,0.309248,0.161792,0.540000
969,traditional,0.067456,0.334848,0.162816,0.565120
970,traditional,0.068768,0.315392,0.165888,0.550048
971,traditional,0.069536,0.314368,0.161792,0.545696
972,traditional,0.071552,0.309248,0.161792,0.542592
973,traditional,0.068960,0.310272,0.162816,0.542048
974,traditional,0.068800,0.313344,0.161792,0.543936
975,traditional,0.068768,0.312320,0.162816,0.543904
976,traditional,0.091968,0.328704,0.162816,0.583488
977,traditional,0.068544,0.314368,0.162816,0.545728
978,traditional,0.070048,0.310272,0.162816,0.543136
979,traditional,0.099360,0.415744,0.231424,0.746528
980,traditional,0.071616,0.309248,0.161792,0.542656
981,traditional,0.068768,0.313344,0.166912,0.549024
982,traditional,0.071680,0.313344,0.169984,0.555008
983,traditional,0.079264,0.309248,0.161792,0.550304
984,traditional,0.069184,0.326656,0.173056,0.568896
985,traditional,0.072768,0.322560,0.171008,0.566336
986,traditional,0.069344,0.319488,0.174080,0.562912
987,traditional,0.097504,0.325632,0.169984,0.593120
988,traditional,0.070336,0.314368,0.400384,0.785088
989,traditional,0.069408,0.309248,0.162816,0.541472
990,traditional,0.074944,0.310272,0.161792,0.547008
991,traditional,0.068320,0.317440,0.165888,0.551648
992,traditional,0.068512,0.320512,0.161792,0.550816
993,traditional,0.069536,0.310272,0.161792,0.541600
994,traditional,0.068896,0.314368,0.161792,0.545056
995,traditional,0.068768,0.317440,0.161792,0.548000
996,traditional,0.068736,0.319488,0.162816,0.551040
997,traditional,0.069696,0.313344,0.166912,0.549952
998,traditional,0.068672,0.320512,0.188416,0.577600
999,traditional,0.069728,0.314368,0.165888,0.549984
1000,traditional,0.069312,0.325632,0.162816,0.557760
1001,traditional,0.069024,0.310272,0.161792,0.541088
1002,traditional,0.094464,0.328704,0.179200,0.602368
1003,traditional,0.070208,0.320512,0.162816,0.553536
1004,traditional,0.069408,0.323584,0.162816,0.555808
1005,traditional,0.068352,0.312320,0.182272,0.562944
1006,traditional,0.076032,0.311296,0.161792,0.549120
1007,traditional,0.069568,0.311296,0.161792,0.542656
1008,traditional,0.069056,0.311296,0.161792,0.542144
1009,traditional,0.068352,0.333824,0.188416,0.590592
1010,traditional,0.074528,0.318464,0.490496,0.883488
1011,traditional,0.069472,0.320512,0.165888,0.555872
1012,traditional,0.072864,0.315392,0.186368,0.574624
1013,traditional,0.072416,0.320512,0.161792,0.554720
1014,traditional,0.070016,0.314368,0.187392,0.571776
1015,traditional,0.068416,0.317440,0.169984,0.555840
1016,traditional,0.068992,0.313344,0.162816,0.545152
1017,traditional,0.068736,0.309248,0.162816,0.540800
1018,traditional,0.073248,0.310272,0.162816,0.546336
1019,traditional,0.068864,0.310272,0.162816,0.541952
1020,traditional,0.069120,0.309248,0.161792,0.540160
1021,traditional,0.072352,0.352256,0.162816,0.587424
1022,traditional,0.075072,0.342016,0.161792,0.578880
1023,traditional,0.071424,0.319488,0.162816,0.553728
1024,traditional,0.069728,0.309248,0.175104,0.554080
1025,traditional,0.073248,0.320512,0.162816,0.556576
1026,traditional,0.069536,0.312320,0.164864,0.546720
1027,traditional,0.082688,0.318464,0.162816,0.563968
1028,traditional,0.070624,0.311296,0.161792,0.543712
1029,traditional,0.068192,0.310272,0.162816,0.541280
1030,traditional,0.072448,0.326656,0.162816,0.561920
1031,traditional,0.068096,0.317440,0.162816,0.548352
1032,traditional,0.068896,0.311296,0.161792,0.541984
1033,traditional,0.068512,0.310272,0.174080,0.552864
1034,traditional,0.069312,0.332800,0.187392,0.589504
1035,traditional,0.079776,0.310272,0.163840,0.553888
1036,traditional,0.069344,0.312320,0.162816,0.544480
1037,traditional,0.069024,0.333824,0.165888,0.568736
1038,traditional,0.069312,0.329728,0.161792,0.560832
1039,traditional,0.094208,0.323584,0.162816,0.580608
1040,traditional,0.069248,0.309248,0.162816,0.541312
1041,traditional,0.068672,0.313344,0.164864,0.546880
1042,traditional,0.069792,0.313344,0.162816,0.545952
1043,traditional,0.069984,0.312320,0.162816,0.545120
1044,traditional,0.068704,0.319488,0.162816,0.551008
1045,traditional,0.078912,0.323584,0.162816,0.565312
1046,traditional,0.069088,0.321536,0.162816,0.553440
1047,traditional,0.068608,0.321536,0.162816,0.552960
1048,traditional,0.071584,0.344064,0.161792,0.577440
1049,traditional,0.070688,0.336896,0.162816,0.570400
1050,traditional,0.073312,0.311296,0.164864,0.549472
1051,traditional,0.069440,0.331776,0.168960,0.570176
1052,traditional,0.069600,0.313344,0.161792,0.544736
1053,traditional,0.068896,0.314368,0.161792,0.545056
1054,traditional,0.070240,0.338944,0.161792,0.570976
1055,traditional,0.069088,0.314368,0.164864,0.548320
1056,traditional,0.076992,0.315392,0.165888,0.558272
1057,traditional,0.071488,0.318464,0.162816,0.552768
1058,traditional,0.069728,0.314368,0.161792,0.545888
1059,traditional,0.068576,0.314368,0.162816,0.545760
1060,traditional,0.069248,0.311296,0.162816,0.543360
1061,traditional,0.070208,0.334848,0.162816,0.567872
1062,traditional,0.069568,0.311296,0.161792,0.542656
1063,traditional,0.068416,0.311296,0.165888,0.545600
1064,traditional,0.069920,0.310272,0.161792,0.541984
1065,traditional,0.069568,0.314368,0.161792,0.545728
1066,traditional,0.069696,0.313344,0.166912,0.549952
1067,traditional,0.072480,0.322560,0.161792,0.556832
1068,traditional,0.069760,0.311296,0.161792,0.542848
1069,traditional,0.071008,0.312320,0.187392,0.570720
1070,traditional,0.070880,0.336896,0.161792,0.569568
1071,traditional,0.068480,0.310272,0.191488,0.570240
1072,traditional,0.072416,0.318464,0.165888,0.556768
1073,traditional,0.078944,0.309248,0.161792,0.549984
1074,traditional,0.070464,0.313344,0.164864,0.548672
1075,traditional,0.069824,0.314368,0.161792,0.545984
1076,traditional,0.074080,0.311296,0.161792,0.547168
1077,traditional,0.069440,0.312320,0.165888,0.547648
1078,traditional,0.069536,0.315392,0.161792,0.546720
1079,traditional,0.068896,0.309248,0.164864,0.543008
1080,traditional,0.069888,0.314368,0.161792,0.546048
1081,traditional,0.069600,0.312320,0.162816,0.544736
1082,traditional,0.072480,0.330752,0.161792,0.565024
1083,traditional,0.073152,0.309248,0.162816,0.545216
1084,traditional,0.069248,0.311296,0.164864,0.545408
1085,traditional,0.070752,0.347136,0.161792,0.579680
1086,traditional,0.069184,0.322560,0.173056,0.564800
1087,traditional,0.073024,0.494592,0.165888,0.733504
1088,traditional,0.068800,0.312320,0.161792,0.542912
1089,traditional,0.071776,0.311296,0.161792,0.544864
1090,traditional,0.070272,0.317440,0.168960,0.556672
1091,traditional,0.068992,0.307200,0.161792,0.537984
1092,traditional,0.068576,0.310272,0.161792,0.540640
1093,traditional,0.069376,0.308224,0.174080,0.551680
1094,traditional,0.069344,0.310272,0.160768,0.540384
1095,traditional,0.073184,0.313344,0.156672,0.543200
1096,traditional,0.072416,0.311296,0.188416,0.572128
1097,traditional,0.073312,0.321536,0.401408,0.796256
1098,traditional,0.072000,0.326656,0.174080,0.572736
1099,traditional,0.071328,0.314368,0.161792,0.547488
1100,traditional,0.069824,0.305152,0.161792,0.536768
1101,traditional,0.068576,0.338944,0.161792,0.569312
1102,traditional,0.068896,0.304128,0.184320,0.557344
1103,traditional,0.072640,0.303104,0.161792,0.537536
1104,traditional,0.069056,0.312320,0.163840,0.545216
1105,traditional,0.068672,0.302080,0.164864,0.535616
1106,traditional,0.069952,0.329728,0.160768,0.560448
1107,traditional,0.086656,0.325632,0.161792,0.574080
1108,traditional,0.069216,0.309248,0.161792,0.540256
1109,traditional,0.068960,0.316416,0.161792,0.547168
1110,traditional,0.069120,0.307200,0.161792,0.538112
1111,traditional,0.068736,0.308224,0.164864,0.541824
1112,traditional,0.070208,0.308224,0.164864,0.543296
1113,traditional,0.069056,0.310272,0.161792,0.541120
1114,traditional,0.069760,0.307200,0.161792,0.538752
1115,traditional,0.068096,0.312320,0.164864,0.545280
1116,traditional,0.073632,0.312320,0.160768,0.546720
1117,traditional,0.068544,0.308224,0.161792,0.538560
1118,traditional,0.070304,0.342016,0.166912,0.579232
1119,traditional,0.086688,0.319488,0.160768,0.566944
1120,traditional,0.070272,0.324608,0.176128,0.571008
1121,traditional,0.068000,0.319488,0.161792,0.549280
1122,traditional,0.070784,0.313344,0.161792,0.545920
1123,traditional,0.068736,0.308224,0.161792,0.538752
1124,traditional,0.069760,0.313344,0.160768,0.543872
1125,traditional,0.069760,0.307200,0.160768,0.537728
1126,traditional,0.069600,0.331776,0.164864,0.566240
1127,traditional,0.069248,0.308224,0.161792,0.539264
1128,traditional,0.072512,0.331776,0.161792,0.566080
1129,traditional,0.093824,0.307200,0.161792,0.562816
1130,traditional,0.069344,0.312320,0.160768,0.542432
1131,traditional,0.071008,0.320512,0.167936,0.559456
1132,traditional,0.069152,0.309248,0.190464,0.568864
1133,traditional,0.068064,0.313344,0.164864,0.546272
1134,traditional,0.068928,0.342016,0.165888,0.576832
1135,traditional,0.069728,0.311296,0.161792,0.542816
1136,traditional,0.069728,0.309248,0.160768,0.539744
1137,traditional,0.079200,0.313344,0.178176,0.570720
1138,traditional,0.072480,0.314368,0.166912,0.553760
1139,traditional,0.076288,0.310272,0.163840,0.550400
1140,traditional,0.069472,0.334848,0.165888,0.570208
1141,traditional,0.068992,0.320512,0.162816,0.552320
1142,traditional,0.070080,0.313344,0.161792,0.545216
1143,traditional,0.067904,0.312320,0.160768,0.540992
1144,traditional,0.070272,0.339968,0.172032,0.582272
1145,traditional,0.070208,0.326656,0.166912,0.563776
1146,traditional,0.069088,0.322560,0.161792,0.553440
1147,traditional,0.069792,0.310272,0.166912,0.546976
1148,traditional,0.069600,0.317440,0.161792,0.548832
1149,traditional,0.069568,0.320512,0.161792,0.551872
1150,traditional,0.068960,0.336896,0.165888,0.571744
1151,traditional,0.070272,0.314368,0.161792,0.546432
1152,traditional,0.069952,0.312320,0.161792,0.544064
1153,traditional,0.073280,0.321536,0.162816,0.557632
1154,traditional,0.069504,0.314368,0.161792,0.545664
1155,traditional,0.069248,0.337920,0.162816,0.569984
1156,traditional,0.069920,0.323584,0.165888,0.559392
1157,traditional,0.069184,0.312320,0.165888,0.547392
1158,traditional,0.068800,0.325632,0.162816,0.557248
1159,traditional,0.067936,0.312320,0.162816,0.543072
1160,traditional,0.069600,0.313344,0.161792,0.544736
1161,traditional,0.073696,0.312320,0.165888,0.551904
1162,traditional,0.076864,0.495616,0.169984,0.742464
1163,traditional,0.069728,0.339968,0.162816,0.572512
1164,traditional,0.070208,0.334848,0.162816,0.567872
1165,traditional,0.068832,0.338944,0.162816,0.570592
1166,traditional,0.069280,0.311296,0.161792,0.542368
1167,traditional,0.073184,0.318464,0.161792,0.553440
1168,traditional,0.069376,0.324608,0.161792,0.555776
1169,traditional,0.068832,0.311296,0.161792,0.541920
1170,traditional,0.069696,0.312320,0.161792,0.543808
1171,traditional,0.069216,0.336896,0.166912,0.573024
1172,traditional,0.069280,0.310272,0.162816,0.542368
1173,traditional,0.069600,0.313344,0.161792,0.544736
1174,traditional,0.069504,0.309248,0.172032,0.550784
1175,traditional,0.069440,0.315392,0.162816,0.547648
1176,traditional,0.069568,0.322560,0.161792,0.553920
1177,traditional,0.069024,0.315392,0.165888,0.550304
1178,traditional,0.069248,0.332800,0.162816,0.564864
1179,traditional,0.070816,0.312320,0.162816,0.545952
1180,traditional,0.069280,0.335872,0.174080,0.579232
1181,traditional,0.068832,0.310272,0.172032,0.551136
1182,traditional,0.069632,0.311296,0.161792,0.542720
1183,traditional,0.071296,0.311296,0.165888,0.548480
1184,traditional,0.069536,0.311296,0.161792,0.542624
1185,traditional,0.073056,0.317440,0.162816,0.553312
1186,traditional,0.069152,0.322560,0.161792,0.553504
1187,traditional,0.072480,0.332800,0.166912,0.572192
1188,traditional,0.068768,0.311296,0.165888,0.545952
1189,traditional,0.070944,0.311296,0.161792,0.544032
1190,traditional,0.069024,0.321536,0.161792,0.552352
1191,traditional,0.070208,0.312320,0.162816,0.545344
1192,traditional,0.071904,0.310272,0.162816,0.544992
1193,traditional,0.070304,0.312320,0.161792,0.544416
1194,traditional,0.070048,0.314368,0.162816,0.547232
1195,traditional,0.069152,0.310272,0.162816,0.542240
1196,traditional,0.069440,0.340992,0.161792,0.572224
1197,traditional,0.068320,0.311296,0.164864,0.544480
1198,traditional,0.071488,0.309248,0.162816,0.543552
1199,traditional,0.069088,0.314368,0.166912,0.550368
1200,traditional,0.069184,0.311296,0.161792,0.542272
1201,traditional,0.068672,0.310272,0.161792,0.540736
1202,traditional,0.069152,0.312320,0.162816,0.544288
1203,traditional,0.069344,0.327680,0.172032,0.569056
1204,traditional,0.069760,0.327680,0.165888,0.563328
1205,traditional,0.069536,0.320512,0.162816,0.552864
1206,traditional,0.072480,0.309248,0.161792,0.543520
1207,traditional,0.068544,0.318464,0.165888,0.552896
1208,traditional,0.072416,0.335872,0.172032,0.580320
1209,traditional,0.073184,0.357376,0.162816,0.593376
1210,traditional,0.069056,0.319488,0.169984,0.558528
1211,traditional,0.069248,0.310272,0.165888,0.545408
1212,traditional,0.068608,0.324608,0.165888,0.559104
1213,traditional,0.074816,0.313344,0.407552,0.795712
1214,traditional,0.069696,0.318464,0.162816,0.550976
1215,traditional,0.068960,0.313344,0.161792,0.544096
1216,traditional,0.073824,0.314368,0.161792,0.549984
1217,traditional,0.069376,0.320512,0.165888,0.555776
1218,traditional,0.068640,0.321536,0.161792,0.551968
1219,traditional,0.071104,0.328704,0.166912,0.566720
1220,traditional,0.074080,0.325632,0.162816,0.562528
1221,traditional,0.070496,0.316416,0.165888,0.552800
1222,traditional,0.073472,0.327680,0.162816,0.563968
1223,traditional,0.068928,0.312320,0.162816,0.544064
1224,traditional,0.073248,0.336896,0.161792,0.571936
1225,traditional,0.069056,0.319488,0.162816,0.551360
1226,traditional,0.069504,0.311296,0.161792,0.542592
1227,traditional,0.069568,0.322560,0.161792,0.553920
1228,traditional,0.077344,0.326656,0.161792,0.565792
1229,traditional,0.069280,0.309248,0.164864,0.543392
1230,traditional,0.073664,0.312320,0.161792,0.547776
1231,traditional,0.068832,0.309248,0.162816,0.540896
1232,traditional,0.077824,0.372736,0.167936,0.618496
1233,traditional,0.068608,0.312320,0.162816,0.543744
1234,traditional,0.070752,0.309248,0.162816,0.542816
1235,traditional,0.070272,0.314368,0.162816,0.547456
1236,traditional,0.068960,0.329728,0.165888,0.564576
1237,traditional,0.069536,0.315392,0.165888,0.550816
1238,traditional,0.070176,0.330752,0.163840,0.564768
1239,traditional,0.078368,0.319488,0.165888,0.563744
1240,traditional,0.078240,0.324608,0.162816,0.565664
1241,traditional,0.068704,0.312320,0.161792,0.542816
1242,traditional,0.069056,0.325632,0.161792,0.556480
1243,traditional,0.072384,0.314368,0.162816,0.549568
1244,traditional,0.069632,0.336896,0.161792,0.568320
1245,traditional,0.077984,0.320512,0.162816,0.561312
1246,traditional,0.068320,0.330752,0.165888,0.564960
1247,traditional,0.070048,0.325632,0.162816,0.558496
1248,traditional,0.069792,0.310272,0.161792,0.541856
1249,traditional,0.069344,0.311296,0.162816,0.543456
1250,traditional,0.071168,0.311296,0.402432,0.784896
1251,traditional,0.069408,0.312320,0.175104,0.556832
1252,traditional,0.079936,0.328704,0.162816,0.571456
1253,traditional,0.069152,0.325632,0.166912,0.561696
1254,traditional,0.068928,0.325632,0.161792,0.556352
1255,traditional,0.072224,0.312320,0.187392,0.571936
1256,traditional,0.068704,0.316416,0.164864,0.549984
1257,traditional,0.069376,0.322560,0.166912,0.558848
1258,traditional,0.069824,0.312320,0.161792,0.543936
1259,traditional,0.068160,0.314368,0.176128,0.558656
1260,traditional,0.069344,0.316416,0.161792,0.547552
1261,traditional,0.069088,0.319488,0.162816,0.551392
1262,traditional,0.073056,0.338944,0.162816,0.574816
1263,traditional,0.071776,0.311296,0.162816,0.545888
1264,traditional,0.073376,0.317440,0.162816,0.553632
1265,traditional,0.071808,0.314368,0.162816,0.548992
1266,traditional,0.082432,0.314368,0.161792,0.558592
1267,traditional,0.070048,0.334848,0.162816,0.567712
1268,traditional,0.068960,0.316416,0.162816,0.548192
1269,traditional,0.071456,0.309248,0.166912,0.547616
1270,traditional,0.073056,0.313344,0.162816,0.549216
1271,traditional,0.069568,0.310272,0.161792,0.541632
1272,traditional,0.069984,0.321536,0.171008,0.562528
1273,traditional,0.071136,0.309248,0.168960,0.549344
1274,traditional,0.069152,0.311296,0.161792,0.542240
1275,traditional,0.073440,0.330752,0.161792,0.565984
1276,traditional,0.070208,0.311296,0.161792,0.543296
1277,traditional,0.068992,0.319488,0.162816,0.551296
1278,traditional,0.069536,0.313344,0.161792,0.544672
1279,traditional,0.070048,0.319488,0.162816,0.552352
1280,traditional,0.069280,0.322560,0.174080,0.565920
1281,traditional,0.069024,0.339968,0.162816,0.571808
1282,traditional,0.073472,0.339968,0.161792,0.575232
1283,traditional,0.071328,0.316416,0.162816,0.550560
1284,traditional,0.082048,0.314368,0.161792,0.558208
1285,traditional,0.069984,0.314368,0.162816,0.547168
1286,traditional,0.071392,0.332800,0.162816,0.567008
1287,traditional,0.069152,0.329728,0.161792,0.560672
1288,traditional,0.068704,0.318464,0.162816,0.549984
1289,traditional,0.070048,0.314368,0.162816,0.547232
1290,traditional,0.069376,0.337920,0.163840,0.571136
1291,traditional,0.069792,0.345088,0.166912,0.581792
1292,traditional,0.069376,0.323584,0.173056,0.566016
1293,traditional,0.067936,0.322560,0.162816,0.553312
1294,traditional,0.070368,0.317440,0.161792,0.549600
1295,traditional,0.071168,0.323584,0.162816,0.557568
1296,traditional,0.081952,0.370688,0.161792,0.614432
1297,traditional,0.071264,0.314368,0.161792,0.547424
1298,traditional,0.069120,0.312320,0.161792,0.543232
1299,traditional,0.069216,0.331776,0.161792,0.562784
1300,traditional,0.071328,0.314368,0.161792,0.547488
1301,traditional,0.069728,0.345088,0.161792,0.576608
1302,traditional,0.082336,0.318464,0.171008,0.571808
1303,traditional,0.069664,0.321536,0.161792,0.552992
1304,traditional,0.069344,0.315392,0.163840,0.548576
1305,traditional,0.069568,0.313344,0.161792,0.544704
1306,traditional,0.069536,0.329728,0.164864,0.564128
1307,traditional,0.082784,0.320512,0.161792,0.565088
1308,traditional,0.068768,0.310272,0.164864,0.543904
1309,traditional,0.073024,0.311296,0.161792,0.546112
1310,traditional,0.069408,0.330752,0.160768,0.560928
1311,traditional,0.072640,0.313344,0.165888,0.551872
1312,traditional,0.069024,0.310272,0.176128,0.555424
1313,traditional,0.069600,0.309248,0.161792,0.540640
1314,traditional,0.069344,0.322560,0.477184,0.869088
1315,traditional,0.068448,0.314368,0.161792,0.544608
1316,traditional,0.069696,0.310272,0.164864,0.544832
1317,traditional,0.069056,0.313344,0.161792,0.544192
1318,traditional,0.069888,0.308224,0.164864,0.542976
1319,traditional,0.068320,0.312320,0.161792,0.542432
1320,traditional,0.093120,0.321536,0.180224,0.594880
1321,traditional,0.068928,0.313344,0.161792,0.544064
1322,traditional,0.069184,0.317440,0.371712,0.758336
1323,traditional,0.069568,0.306176,0.164864,0.540608
1324,traditional,0.068864,0.309248,0.164864,0.542976
1325,traditional,0.068608,0.310272,0.164864,0.543744
1326,traditional,0.091456,0.384000,0.161792,0.637248
1327,traditional,0.073568,0.308224,0.161792,0.543584
1328,traditional,0.069760,0.307200,0.157696,0.534656
1329,traditional,0.069280,0.305152,0.160768,0.535200
1330,traditional,0.069824,0.327680,0.161792,0.559296
1331,traditional,0.071456,0.317440,0.161792,0.550688
1332,traditional,0.069472,0.310272,0.160768,0.540512
1333,traditional,0.070144,0.311296,0.163840,0.545280
1334,traditional,0.068800,0.306176,0.161792,0.536768
1335,traditional,0.069536,0.320512,0.161792,0.551840
1336,traditional,0.069536,0.310272,0.165888,0.545696
1337,traditional,0.067712,0.305152,0.160768,0.533632
1338,traditional,0.070624,0.320512,0.401408,0.792544
1339,traditional,0.070528,0.307200,0.175104,0.552832
1340,traditional,0.069824,0.304128,0.160768,0.534720
1341,traditional,0.073344,0.495616,0.199680,0.768640
1342,traditional,0.070464,0.303104,0.161792,0.535360
1343,traditional,0.071360,0.303104,0.160768,0.535232
1344,traditional,0.069536,0.324608,0.161792,0.555936
1345,traditional,0.068384,0.320512,0.161792,0.550688
1346,traditional,0.069760,0.318464,0.161792,0.550016
1347,traditional,0.069408,0.318464,0.403456,0.791328
1348,traditional,0.068640,0.314368,0.162816,0.545824
1349,traditional,0.071328,0.317440,0.164864,0.553632
1350,traditional,0.081280,0.310272,0.161792,0.553344
1351,traditional,0.068608,0.308224,0.174080,0.550912
1352,traditional,0.070048,0.315392,0.168960,0.554400
1353,traditional,0.068992,0.319488,0.161792,0.550272
1354,traditional,0.068736,0.311296,0.161792,0.541824
1355,traditional,0.072800,0.316416,0.165888,0.555104
1356,traditional,0.072128,0.307200,0.164864,0.544192
1357,traditional,0.068448,0.310272,0.400384,0.779104
1358,traditional,0.069504,0.332800,0.161792,0.564096
1359,traditional,0.070432,0.308224,0.162816,0.541472
1360,traditional,0.070880,0.325632,0.164864,0.561376
1361,traditional,0.069600,0.321536,0.163840,0.554976
1362,traditional,0.069984,0.332800,0.174080,0.576864
1363,traditional,0.073120,0.306176,0.161792,0.541088
1364,traditional,0.068384,0.331776,0.164864,0.565024
1365,traditional,0.069280,0.316416,0.160768,0.546464
1366,traditional,0.069408,0.359424,0.165888,0.594720
1367,traditional,0.069472,0.308224,0.183296,0.560992
1368,traditional,0.069600,0.311296,0.161792,0.542688
1369,traditional,0.073088,0.346112,0.161792,0.580992
1370,traditional,0.072128,0.322560,0.171008,0.565696
1371,traditional,0.069184,0.321536,0.161792,0.552512
1372,traditional,0.070976,0.347136,0.161792,0.579904
1373,traditional,0.069600,0.307200,0.161792,0.538592
1374,traditional,0.069184,0.316416,0.161792,0.547392
1375,traditional,0.068832,0.313344,0.165888,0.548064
1376,traditional,0.075712,0.514048,0.168960,0.758720
1377,traditional,0.074272,0.323584,0.165888,0.563744
1378,traditional,0.069024,0.309248,0.165888,0.544160
1379,traditional,0.068960,0.322560,0.166912,0.558432
1380,traditional,0.069664,0.310272,0.161792,0.541728
1381,traditional,0.069120,0.315392,0.161792,0.546304
1382,traditional,0.069440,0.320512,0.164864,0.554816
1383,traditional,0.071200,0.324608,0.161792,0.557600
1384,traditional,0.069088,0.318464,0.161792,0.549344
1385,traditional,0.069440,0.319488,0.165888,0.554816
1386,traditional,0.069312,0.312320,0.161792,0.543424
1387,traditional,0.071744,0.311296,0.161792,0.544832
1388,traditional,0.082048,0.317440,0.160768,0.560256
1389,traditional,0.069664,0.330752,0.165888,0.566304
1390,traditional,0.069472,0.310272,0.161792,0.541536
1391,traditional,0.074816,0.324608,0.162816,0.562240
1392,traditional,0.082432,0.322560,0.161792,0.566784
1393,traditional,0.069920,0.314368,0.162816,0.547104
1394,traditional,0.068384,0.313344,0.165888,0.547616
1395,traditional,0.074848,0.322560,0.169984,0.567392
1396,traditional,0.074016,0.310272,0.186368,0.570656
1397,traditional,0.069920,0.324608,0.161792,0.556320
1398,traditional,0.073504,0.314368,0.161792,0.549664
1399,traditional,0.071584,0.319488,0.162816,0.553888
1400,traditional,0.069440,0.317440,0.163840,0.550720
1401,traditional,0.068960,0.319488,0.161792,0.550240
1402,traditional,0.070272,0.314368,0.165888,0.550528
1403,traditional,0.069792,0.318464,0.162816,0.551072
1404,traditional,0.071456,0.315392,0.160768,0.547616
1405,traditional,0.072832,0.311296,0.161792,0.545920
1406,traditional,0.069216,0.310272,0.408576,0.788064
1407,traditional,0.082208,0.322560,0.161792,0.566560
1408,traditional,0.073376,0.325632,0.163840,0.562848
1409,traditional,0.069312,0.314368,0.162816,0.546496
1410,traditional,0.068896,0.351232,0.174080,0.594208
1411,traditional,0.068256,0.311296,0.162816,0.542368
1412,traditional,0.069408,0.313344,0.162816,0.545568
1413,traditional,0.074048,0.310272,0.169984,0.554304
1414,traditional,0.072128,0.315392,0.161792,0.549312
1415,traditional,0.070144,0.310272,0.162816,0.543232
1416,traditional,0.069472,0.346112,0.161792,0.577376
1417,traditional,0.072384,0.320512,0.164864,0.557760
1418,traditional,0.069664,0.324608,0.166912,0.561184
1419,traditional,0.069536,0.324608,0.162816,0.556960
1420,traditional,0.069824,0.315392,0.162816,0.548032
1421,traditional,0.069632,0.319488,0.165888,0.555008
1422,traditional,0.069216,0.318464,0.161792,0.549472
1423,traditional,0.068960,0.310272,0.162816,0.542048
1424,traditional,0.069472,0.321536,0.161792,0.552800
1425,traditional,0.068672,0.325632,0.162816,0.557120
1426,traditional,0.068704,0.309248,0.161792,0.539744
1427,traditional,0.069120,0.312320,0.162816,0.544256
1428,traditional,0.069632,0.320512,0.161792,0.551936
1429,traditional,0.069568,0.320512,0.162816,0.552896
1430,traditional,0.068384,0.317440,0.161792,0.547616
1431,traditional,0.069568,0.318464,0.165888,0.553920
1432,traditional,0.070976,0.322560,0.162816,0.556352
1433,traditional,0.072256,0.310272,0.162816,0.545344
1434,traditional,0.068864,0.321536,0.162816,0.553216
1435,traditional,0.069248,0.335872,0.162816,0.567936
1436,traditional,0.068928,0.321536,0.162816,0.553280
1437,traditional,0.070176,0.316416,0.165888,0.552480
1438,traditional,0.069056,0.317440,0.162816,0.549312
1439,traditional,0.069184,0.311296,0.175104,0.555584
1440,traditional,0.072864,0.321536,0.162816,0.557216
1441,traditional,0.068832,0.313344,0.166912,0.549088
1442,traditional,0.070304,0.315392,0.161792,0.547488
1443,traditional,0.069536,0.310272,0.163840,0.543648
1444,traditional,0.072864,0.319488,0.166912,0.559264
1445,traditional,0.068608,0.330752,0.175104,0.574464
1446,traditional,0.072800,0.324608,0.165888,0.563296
1447,traditional,0.069504,0.323584,0.164864,0.557952
1448,traditional,0.069248,0.333824,0.165888,0.568960
1449,traditional,0.069056,0.351232,0.162816,0.583104
1450,traditional,0.072480,0.313344,0.380928,0.766752
1451,traditional,0.091712,0.323584,0.162816,0.578112
1452,traditional,0.071040,0.311296,0.161792,0.544128
1453,traditional,0.069216,0.319488,0.162816,0.551520
1454,traditional,0.080608,0.318464,0.161792,0.560864
1455,traditional,0.078880,0.313344,0.162816,0.555040
1456,traditional,0.080576,0.330752,0.166912,0.578240
1457,traditional,0.069568,0.317440,0.162816,0.549824
1458,traditional,0.070304,0.335872,0.166912,0.573088
1459,traditional,0.072288,0.311296,0.161792,0.545376
1460,traditional,0.069056,0.317440,0.162816,0.549312
1461,traditional,0.068736,0.321536,0.162816,0.553088
1462,traditional,0.069568,0.317440,0.161792,0.548800
1463,traditional,0.069056,0.340992,0.169984,0.580032
1464,traditional,0.069824,0.326656,0.162816,0.559296
1465,traditional,0.069024,0.311296,0.165888,0.546208
1466,traditional,0.070304,0.309248,0.162816,0.542368
1467,traditional,0.069376,0.321536,0.161792,0.552704
1468,traditional,0.080576,0.351232,0.165888,0.597696
1469,traditional,0.072160,0.311296,0.173056,0.556512
1470,traditional,0.069088,0.312320,0.161792,0.543200
1471,traditional,0.069024,0.318464,0.162816,0.550304
1472,traditional,0.073312,0.310272,0.162816,0.546400
1473,traditional,0.072768,0.345088,0.162816,0.580672
1474,traditional,0.068736,0.323584,0.165888,0.558208
1475,traditional,0.069408,0.316416,0.162816,0.548640
1476,traditional,0.068832,0.339968,0.162816,0.571616
1477,traditional,0.072352,0.352256,0.162816,0.587424
1478,traditional,0.070720,0.322560,0.162816,0.556096
1479,traditional,0.069280,0.312320,0.176128,0.557728
1480,traditional,0.073888,0.344064,0.163840,0.581792
1481,traditional,0.068928,0.325632,0.175104,0.569664
1482,traditional,0.070368,0.345088,0.161792,0.577248
1483,traditional,0.069248,0.337920,0.163840,0.571008
1484,traditional,0.069920,0.316416,0.163840,0.550176
1485,traditional,0.069088,0.312320,0.162816,0.544224
1486,traditional,0.069600,0.321536,0.162816,0.553952
1487,traditional,0.068896,0.314368,0.162816,0.546080
1488,traditional,0.073504,0.314368,0.166912,0.554784
1489,traditional,0.070144,0.321536,0.161792,0.553472
1490,traditional,0.072672,0.312320,0.162816,0.547808
1491,traditional,0.069216,0.316416,0.167936,0.553568
1492,traditional,0.069600,0.318464,0.161792,0.549856
1493,traditional,0.074464,0.312320,0.187392,0.574176
1494,traditional,0.069280,0.311296,0.162816,0.543392
1495,traditional,0.068736,0.310272,0.162816,0.541824
1496,traditional,0.069472,0.311296,0.413696,0.794464
1497,traditional,0.069600,0.316416,0.162816,0.548832
1498,traditional,0.070368,0.318464,0.172032,0.560864
1499,traditional,0.069664,0.323584,0.162816,0.556064
1500,traditional,0.069600,0.627712,0.242688,0.940000
1501,traditional,0.071584,0.336896,0.162816,0.571296
1502,traditional,0.072896,0.325632,0.175104,0.573632
1503,traditional,0.069664,0.311296,0.162816,0.543776
1504,traditional,0.072096,0.310272,0.163840,0.546208
1505,traditional,0.068352,0.314368,0.162816,0.545536
1506,traditional,0.080640,0.319488,0.161792,0.561920
1507,traditional,0.068928,0.315392,0.162816,0.547136
1508,traditional,0.068960,0.326656,0.187392,0.583008
1509,traditional,0.069472,0.310272,0.162816,0.542560
1510,traditional,0.071520,0.332800,0.162816,0.567136
1511,traditional,0.069056,0.313344,0.167936,0.550336
1512,traditional,0.069184,0.311296,0.163840,0.544320
1513,traditional,0.070272,0.310272,0.162816,0.543360
1514,traditional,0.068832,0.314368,0.162816,0.546016
1515,traditional,0.072992,0.497664,0.167936,0.738592
1516,traditional,0.070752,0.319488,0.168960,0.559200
1517,traditional,0.080288,0.318464,0.161792,0.560544
1518,traditional,0.069088,0.324608,0.161792,0.555488
1519,traditional,0.069664,0.324608,0.162816,0.557088
1520,traditional,0.070624,0.312320,0.162816,0.545760
1521,traditional,0.070112,0.333824,0.173056,0.576992
1522,traditional,0.080992,0.350208,0.161792,0.592992
1523,traditional,0.068640,0.315392,0.188416,0.572448
1524,traditional,0.069984,0.323584,0.165888,0.559456
1525,traditional,0.069504,0.344064,0.162816,0.576384
1526,traditional,0.073280,0.327680,0.163840,0.564800
1527,traditional,0.068512,0.319488,0.161792,0.549792
1528,traditional,0.069504,0.334848,0.165888,0.570240
1529,traditional,0.069248,0.314368,0.162816,0.546432
1530,traditional,0.073568,0.312320,0.163840,0.549728
1531,traditional,0.069536,0.315392,0.168960,0.553888
1532,traditional,0.070336,0.314368,0.411648,0.796352
1533,traditional,0.072736,0.326656,0.162816,0.562208
1534,traditional,0.091040,0.338944,0.161792,0.591776
1535,traditional,0.069056,0.343040,0.161792,0.573888
1536,traditional,0.073216,0.320512,0.160768,0.554496
1537,traditional,0.069440,0.317440,0.162816,0.549696
1538,traditional,0.071744,0.314368,0.161792,0.547904
1539,traditional,0.069440,0.330752,0.165888,0.566080
1540,traditional,0.069216,0.319488,0.165888,0.554592
1541,traditional,0.073504,0.327680,0.163840,0.565024
1542,traditional,0.072768,0.320512,0.174080,0.567360
1543,traditional,0.070176,0.312320,0.161792,0.544288
1544,traditional,0.069600,0.316416,0.168960,0.554976
1545,traditional,0.069632,0.313344,0.161792,0.544768
1546,traditional,0.069248,0.311296,0.162816,0.543360
1547,traditional,0.069408,0.309248,0.161792,0.540448
1548,traditional,0.069696,0.308224,0.160768,0.538688
1549,traditional,0.068736,0.311296,0.161792,0.541824
1550,traditional,0.072960,0.313344,0.161792,0.548096
1551,traditional,0.070304,0.337920,0.161792,0.570016
1552,traditional,0.068928,0.308224,0.165888,0.543040
1553,traditional,0.069760,0.359424,0.161792,0.590976
1554,traditional,0.074240,0.337920,0.161792,0.573952
1555,traditional,0.068896,0.307200,0.162816,0.538912
1556,traditional,0.069664,0.319488,0.161792,0.550944
1557,traditional,0.068832,0.317440,0.161792,0.548064
1558,traditional,0.073152,0.323584,0.161792,0.558528
1559,traditional,0.069536,0.348160,0.162816,0.580512
1560,traditional,0.068640,0.322560,0.161792,0.552992
1561,traditional,0.077088,0.331776,0.162816,0.571680
1562,traditional,0.068608,0.319488,0.161792,0.549888
1563,traditional,0.072544,0.310272,0.169984,0.552800
1564,traditional,0.068544,0.329728,0.161792,0.560064
1565,traditional,0.069408,0.319488,0.169984,0.558880
1566,traditional,0.068544,0.335872,0.164864,0.569280
1567,traditional,0.069408,0.313344,0.162816,0.545568
1568,traditional,0.071712,0.317440,0.161792,0.550944
1569,traditional,0.069024,0.314368,0.161792,0.545184
1570,traditional,0.068608,0.315392,0.161792,0.545792
1571,traditional,0.072064,0.313344,0.175104,0.560512
1572,traditional,0.071328,0.342016,0.161792,0.575136
1573,traditional,0.093344,0.371712,0.161792,0.626848
1574,traditional,0.069664,0.312320,0.169984,0.551968
1575,traditional,0.068768,0.337920,0.161792,0.568480
1576,traditional,0.073440,0.305152,0.164864,0.543456
1577,traditional,0.068736,0.304128,0.161792,0.534656
1578,traditional,0.073824,0.304128,0.160768,0.538720
1579,traditional,0.071104,0.302080,0.164864,0.538048
1580,traditional,0.073184,0.313344,0.160768,0.547296
1581,traditional,0.069280,0.312320,0.161792,0.543392
1582,traditional,0.069184,0.322560,0.162816,0.554560
1583,traditional,0.068736,0.305152,0.161792,0.535680
1584,traditional,0.068800,0.324608,0.164864,0.558272
1585,traditional,0.069216,0.311296,0.161792,0.542304
1586,traditional,0.068960,0.325632,0.161792,0.556384
1587,traditional,0.069120,0.315392,0.165888,0.550400
1588,traditional,0.069504,0.324608,0.161792,0.555904
1589,traditional,0.070656,0.314368,0.161792,0.546816
1590,traditional,0.072576,0.316416,0.167936,0.556928
1591,traditional,0.069472,0.307200,0.161792,0.538464
1592,traditional,0.070528,0.310272,0.174080,0.554880
1593,traditional,0.069664,0.320512,0.162816,0.552992
1594,traditional,0.068992,0.338944,0.162816,0.570752
1595,traditional,0.068480,0.323584,0.169984,0.562048
1596,traditional,0.068960,0.323584,0.161792,0.554336
1597,traditional,0.070432,0.308224,0.161792,0.540448
1598,traditional,0.080160,0.486400,0.178176,0.744736
1599,traditional,0.072416,0.327680,0.174080,0.574176
1600,traditional,0.077088,0.310272,0.161792,0.549152
1601,traditional,0.068992,0.310272,0.174080,0.553344
1602,traditional,0.068416,0.326656,0.161792,0.556864
1603,traditional,0.069504,0.308224,0.162816,0.540544
1604,traditional,0.072384,0.312320,0.174080,0.558784
1605,traditional,0.068928,0.339968,0.168960,0.577856
1606,traditional,0.068736,0.305152,0.162816,0.536704
1607,traditional,0.068736,0.312320,0.161792,0.542848
1608,traditional,0.070528,0.335872,0.164864,0.571264
1609,traditional,0.071424,0.310272,0.165888,0.547584
1610,traditional,0.070112,0.312320,0.161792,0.544224
1611,traditional,0.072800,0.310272,0.161792,0.544864
1612,traditional,0.070144,0.331776,0.162816,0.564736
1613,traditional,0.079264,0.309248,0.161792,0.550304
1614,traditional,0.080192,0.313344,0.164864,0.558400
1615,traditional,0.069632,0.337920,0.162816,0.570368
1616,traditional,0.070208,0.310272,0.165888,0.546368
1617,traditional,0.067520,0.328704,0.163840,0.560064
1618,traditional,0.079648,0.311296,0.162816,0.553760
1619,traditional,0.073536,0.310272,0.161792,0.545600
1620,traditional,0.072640,0.328704,0.160768,0.562112
1621,traditional,0.072128,0.323584,0.171008,0.566720
1622,traditional,0.072288,0.310272,0.161792,0.544352
1623,traditional,0.069792,0.311296,0.161792,0.542880
1624,traditional,0.069440,0.332800,0.166912,0.569152
1625,traditional,0.071552,0.313344,0.162816,0.547712
1626,traditional,0.071456,0.316416,0.160768,0.548640
1627,traditional,0.069408,0.353280,0.175104,0.597792
1628,traditional,0.075424,0.310272,0.161792,0.547488
1629,traditional,0.068320,0.313344,0.161792,0.543456
1630,traditional,0.069408,0.312320,0.174080,0.555808
1631,traditional,0.086336,0.319488,0.165888,0.571712
1632,traditional,0.069824,0.310272,0.161792,0.541888
1633,traditional,0.080576,0.311296,0.161792,0.553664
1634,traditional,0.070176,0.323584,0.161792,0.555552
1635,traditional,0.069280,0.324608,0.176128,0.570016
1636,traditional,0.069056,0.322560,0.161792,0.553408
1637,traditional,0.072544,0.313344,0.162816,0.548704
1638,traditional,0.073536,0.317440,0.162816,0.553792
1639,traditional,0.069312,0.314368,0.162816,0.546496
1640,traditional,0.070816,0.315392,0.400384,0.786592
1641,traditional,0.069504,0.312320,0.162816,0.544640
1642,traditional,0.070496,0.313344,0.165888,0.549728
1643,traditional,0.073632,0.324608,0.163840,0.562080
1644,traditional,0.077376,0.342016,0.162816,0.582208
1645,traditional,0.070144,0.324608,0.162816,0.557568
1646,traditional,0.069824,0.319488,0.161792,0.551104
1647,traditional,0.068864,0.312320,0.165888,0.547072
1648,traditional,0.072992,0.313344,0.165888,0.552224
1649,traditional,0.069216,0.323584,0.176128,0.568928
1650,traditional,0.069280,0.313344,0.161792,0.544416
1651,traditional,0.069408,0.318464,0.162816,0.550688
1652,traditional,0.069856,0.315392,0.161792,0.547040
1653,traditional,0.069888,0.314368,0.165888,0.550144
1654,traditional,0.069504,0.354304,0.169984,0.593792
1655,traditional,0.068576,0.315392,0.165888,0.549856
1656,traditional,0.069184,0.316416,0.162816,0.548416
1657,traditional,0.072384,0.315392,0.163840,0.551616
1658,traditional,0.070304,0.332800,0.162816,0.565920
1659,traditional,0.074528,0.314368,0.161792,0.550688
1660,traditional,0.069824,0.330752,0.172032,0.572608
1661,traditional,0.069088,0.325632,0.162816,0.557536
1662,traditional,0.069216,0.321536,0.164864,0.555616
1663,traditional,0.068736,0.313344,0.167936,0.550016
1664,traditional,0.069664,0.311296,0.162816,0.543776
1665,traditional,0.070176,0.318464,0.161792,0.550432
1666,traditional,0.069536,0.311296,0.162816,0.543648
1667,traditional,0.069952,0.310272,0.162816,0.543040
1668,traditional,0.073568,0.310272,0.162816,0.546656
1669,traditional,0.069024,0.313344,0.161792,0.544160
1670,traditional,0.072864,0.312320,0.165888,0.551072
1671,traditional,0.068288,0.334848,0.163840,0.566976
1672,traditional,0.072000,0.314368,0.162816,0.549184
1673,traditional,0.069664,0.310272,0.166912,0.546848
1674,traditional,0.072512,0.325632,0.161792,0.559936
1675,traditional,0.075328,0.310272,0.165888,0.551488
1676,traditional,0.071648,0.313344,0.162816,0.547808
1677,traditional,0.070016,0.316416,0.162816,0.549248
1678,traditional,0.074304,0.313344,0.162816,0.550464
1679,traditional,0.069472,0.319488,0.162816,0.551776
1680,traditional,0.069888,0.314368,0.162816,0.547072
1681,traditional,0.072224,0.313344,0.162816,0.548384
1682,traditional,0.069568,0.314368,0.162816,0.546752
1683,traditional,0.069312,0.310272,0.162816,0.542400
1684,traditional,0.072384,0.316416,0.162816,0.551616
1685,traditional,0.071232,0.310272,0.161792,0.543296
1686,traditional,0.071168,0.310272,0.161792,0.543232
1687,traditional,0.071680,0.313344,0.162816,0.547840
1688,traditional,0.069472,0.321536,0.162816,0.553824
1689,traditional,0.070624,0.315392,0.166912,0.552928
1690,traditional,0.072320,0.342016,0.165888,0.580224
1691,traditional,0.068832,0.314368,0.162816,0.546016
1692,traditional,0.073184,0.322560,0.161792,0.557536
1693,traditional,0.068896,0.320512,0.162816,0.552224
1694,traditional,0.073440,0.320512,0.166912,0.560864
1695,traditional,0.068928,0.310272,0.161792,0.540992
1696,traditional,0.069792,0.316416,0.162816,0.549024
1697,traditional,0.068672,0.327680,0.162816,0.559168
1698,traditional,0.073536,0.315392,0.162816,0.551744
1699,traditional,0.069600,0.314368,0.163840,0.547808
1700,traditional,0.069600,0.317440,0.166912,0.553952
1701,traditional,0.068320,0.316416,0.162816,0.547552
1702,traditional,0.069408,0.311296,0.165888,0.546592
1703,traditional,0.069056,0.310272,0.162816,0.542144
1704,traditional,0.069120,0.333824,0.162816,0.565760
1705,traditional,0.069152,0.345088,0.167936,0.582176
1706,traditional,0.070848,0.342016,0.175104,0.587968
1707,traditional,0.068960,0.325632,0.162816,0.557408
1708,traditional,0.069216,0.317440,0.162816,0.549472
1709,traditional,0.069856,0.323584,0.162816,0.556256
1710,traditional,0.069632,0.311296,0.162816,0.543744
1711,traditional,0.069728,0.322560,0.162816,0.555104
1712,traditional,0.069888,0.322560,0.169984,0.562432
1713,traditional,0.068640,0.338944,0.162816,0.570400
1714,traditional,0.070304,0.313344,0.162816,0.546464
1715,traditional,0.069280,0.310272,0.175104,0.554656
1716,traditional,0.069152,0.311296,0.161792,0.542240
1717,traditional,0.078624,0.322560,0.163840,0.565024
1718,traditional,0.069152,0.314368,0.162816,0.546336
1719,traditional,0.072768,0.324608,0.172032,0.569408
1720,traditional,0.069664,0.326656,0.162816,0.559136
1721,traditional,0.073184,0.320512,0.162816,0.556512
1722,traditional,0.069440,0.310272,0.161792,0.541504
1723,traditional,0.072288,0.332800,0.162816,0.567904
1724,traditional,0.075072,0.327680,0.162816,0.565568
1725,traditional,0.077920,0.317440,0.162816,0.558176
1726,traditional,0.069344,0.345088,0.162816,0.577248
1727,traditional,0.069856,0.322560,0.175104,0.567520
1728,traditional,0.076672,0.332800,0.169984,0.579456
1729,traditional,0.069184,0.318464,0.162816,0.550464
1730,traditional,0.069312,0.315392,0.161792,0.546496
1731,traditional,0.068544,0.310272,0.161792,0.540608
1732,traditional,0.079648,0.319488,0.165888,0.565024
1733,traditional,0.069248,0.319488,0.165888,0.554624
1734,traditional,0.069216,0.312320,0.165888,0.547424
1735,traditional,0.068384,0.316416,0.175104,0.559904
1736,traditional,0.068960,0.324608,0.162816,0.556384
1737,traditional,0.069504,0.319488,0.166912,0.555904
1738,traditional,0.080928,0.311296,0.174080,0.566304
1739,traditional,0.069088,0.330752,0.166912,0.566752
1740,traditional,0.069792,0.324608,0.166912,0.561312
1741,traditional,0.071840,0.321536,0.162816,0.556192
1742,traditional,0.069856,0.321536,0.162816,0.554208
1743,traditional,0.072448,0.347136,0.162816,0.582400
1744,traditional,0.069440,0.323584,0.165888,0.558912
1745,traditional,0.069568,0.309248,0.162816,0.541632
1746,traditional,0.071168,0.328704,0.161792,0.561664
1747,traditional,0.070080,0.331776,0.163840,0.565696
1748,traditional,0.069664,0.313344,0.162816,0.545824
1749,traditional,0.069344,0.335872,0.175104,0.580320
1750,traditional,0.073152,0.331776,0.162816,0.567744
1751,traditional,0.068320,0.318464,0.168960,0.555744
1752,traditional,0.073696,0.311296,0.162816,0.547808
1753,traditional,0.070592,0.333824,0.166912,0.571328
1754,traditional,0.069216,0.321536,0.165888,0.556640
1755,traditional,0.069984,0.329728,0.162816,0.562528
1756,traditional,0.082464,0.319488,0.163840,0.565792
1757,traditional,0.068192,0.320512,0.162816,0.551520
1758,traditional,0.069792,0.337920,0.162816,0.570528
1759,traditional,0.069536,0.314368,0.175104,0.559008
1760,traditional,0.069760,0.314368,0.163840,0.547968
1761,traditional,0.069664,0.323584,0.162816,0.556064
1762,traditional,0.070592,0.335872,0.424960,0.831424
1763,traditional,0.068896,0.320512,0.162816,0.552224
1764,traditional,0.072192,0.322560,0.161792,0.556544
1765,traditional,0.070304,0.314368,0.162816,0.547488
1766,traditional,0.069312,0.331776,0.162816,0.563904
1767,traditional,0.068256,0.335872,0.161792,0.565920
1768,traditional,0.072320,0.314368,0.161792,0.548480
1769,traditional,0.070368,0.316416,0.161792,0.548576
1770,traditional,0.069056,0.311296,0.174080,0.554432
1771,traditional,0.069312,0.325632,0.161792,0.556736
1772,traditional,0.069312,0.313344,0.162816,0.545472
1773,traditional,0.069888,0.327680,0.161792,0.559360
1774,traditional,0.070272,0.325632,0.161792,0.557696
1775,traditional,0.069312,0.319488,0.164864,0.553664
1776,traditional,0.069024,0.320512,0.161792,0.551328
1777,traditional,0.070144,0.315392,0.161792,0.547328
1778,traditional,0.070240,0.313344,0.161792,0.545376
1779,traditional,0.069984,0.345088,0.162816,0.577888
1780,traditional,0.069088,0.322560,0.161792,0.553440
1781,traditional,0.070176,0.311296,0.161792,0.543264
1782,traditional,0.069280,0.312320,0.161792,0.543392
1783,traditional,0.069280,0.309248,0.161792,0.540320
1784,traditional,0.069952,0.308224,0.161792,0.539968
1785,traditional,0.068800,0.312320,0.391168,0.772288
1786,traditional,0.069248,0.336896,0.161792,0.567936
1787,traditional,0.080704,0.308224,0.161792,0.550720
1788,traditional,0.068256,0.311296,0.165888,0.545440
1789,traditional,0.075008,0.317440,0.186368,0.578816
1790,traditional,0.075072,0.333824,0.164864,0.573760
1791,traditional,0.068832,0.307200,0.161792,0.537824
1792,traditional,0.071360,0.308224,0.161792,0.541376
1793,traditional,0.071616,0.308224,0.161792,0.541632
1794,traditional,0.068576,0.323584,0.164864,0.557024
1795,traditional,0.069408,0.322560,0.162816,0.554784
1796,traditional,0.070048,0.323584,0.161792,0.555424
1797,traditional,0.071680,0.315392,0.161792,0.548864
1798,traditional,0.068736,0.316416,0.161792,0.546944
1799,traditional,0.072128,0.324608,0.161792,0.558528
1800,traditional,0.073888,0.322560,0.165888,0.562336
1801,traditional,0.068896,0.327680,0.173056,0.569632
1802,traditional,0.069696,0.318464,0.169984,0.558144
1803,traditional,0.071968,0.320512,0.162816,0.555296
1804,traditional,0.070112,0.319488,0.167936,0.557536
1805,traditional,0.068640,0.327680,0.161792,0.558112
1806,traditional,0.072864,0.310272,0.160768,0.543904
1807,traditional,0.069216,0.309248,0.161792,0.540256
1808,traditional,0.069952,0.313344,0.161792,0.545088
1809,traditional,0.072992,0.326656,0.165888,0.565536
1810,traditional,0.070304,0.318464,0.165888,0.554656
1811,traditional,0.068832,0.330752,0.186368,0.585952
1812,traditional,0.068864,0.307200,0.161792,0.537856
1813,traditional,0.068672,0.306176,0.161792,0.536640
1814,traditional,0.068736,0.308224,0.162816,0.539776
1815,traditional,0.071840,0.311296,0.161792,0.544928
1816,traditional,0.072960,0.332800,0.166912,0.572672
1817,traditional,0.069664,0.313344,0.172032,0.555040
1818,traditional,0.068992,0.309248,0.161792,0.540032
1819,traditional,0.070528,0.304128,0.161792,0.536448
1820,traditional,0.069024,0.302080,0.174080,0.545184
1821,traditional,0.070176,0.339968,0.161792,0.571936
1822,traditional,0.069280,0.320512,0.161792,0.551584
1823,traditional,0.070272,0.302080,0.161792,0.534144
1824,traditional,0.069824,0.312320,0.161792,0.543936
1825,traditional,0.068416,0.297984,0.171008,0.537408
1826,traditional,0.070912,0.318464,0.161792,0.551168
1827,traditional,0.068576,0.312320,0.161792,0.542688
1828,traditional,0.070016,0.327680,0.172032,0.569728
1829,traditional,0.069280,0.312320,0.161792,0.543392
1830,traditional,0.073216,0.312320,0.160768,0.546304
1831,traditional,0.068640,0.318464,0.174080,0.561184
1832,traditional,0.068736,0.318464,0.161792,0.548992
1833,traditional,0.069312,0.302080,0.161792,0.533184
1834,traditional,0.073376,0.314368,0.171008,0.558752
1835,traditional,0.068864,0.313344,0.165888,0.548096
1836,traditional,0.072672,0.315392,0.160768,0.548832
1837,traditional,0.068896,0.311296,0.162816,0.543008
1838,traditional,0.069152,0.314368,0.161792,0.545312
1839,traditional,0.069152,0.336896,0.174080,0.580128
1840,traditional,0.068928,0.316416,0.164864,0.550208
1841,traditional,0.071456,0.308224,0.161792,0.541472
1842,traditional,0.069280,0.304128,0.161792,0.535200
1843,traditional,0.068576,0.314368,0.165888,0.548832
1844,traditional,0.072192,0.308224,0.160768,0.541184
1845,traditional,0.068800,0.315392,0.161792,0.545984
1846,traditional,0.081824,0.312320,0.174080,0.568224
1847,traditional,0.069600,0.306176,0.162816,0.538592
1848,traditional,0.069568,0.305152,0.161792,0.536512
1849,traditional,0.071168,0.305152,0.174080,0.550400
1850,traditional,0.068864,0.317440,0.164864,0.551168
1851,traditional,0.069216,0.308224,0.160768,0.538208
1852,traditional,0.069024,0.321536,0.171008,0.561568
1853,traditional,0.068544,0.310272,0.161792,0.540608
1854,traditional,0.073056,0.319488,0.163840,0.556384
1855,traditional,0.069856,0.306176,0.162816,0.538848
1856,traditional,0.069088,0.321536,0.167936,0.558560
1857,traditional,0.068480,0.320512,0.161792,0.550784
1858,traditional,0.070496,0.320512,0.168960,0.559968
1859,traditional,0.068768,0.307200,0.161792,0.537760
1860,traditional,0.070592,0.312320,0.161792,0.544704
1861,traditional,0.068576,0.307200,0.161792,0.537568
1862,traditional,0.072256,0.317440,0.161792,0.551488
1863,traditional,0.069216,0.324608,0.161792,0.555616
1864,traditional,0.077792,0.313344,0.165888,0.557024
1865,traditional,0.069504,0.324608,0.162816,0.556928
1866,traditional,0.069952,0.330752,0.162816,0.563520
1867,traditional,0.069344,0.332800,0.165888,0.568032
1868,traditional,0.072160,0.325632,0.161792,0.559584
1869,traditional,0.069184,0.326656,0.161792,0.557632
1870,traditional,0.069440,0.311296,0.161792,0.542528
1871,traditional,0.068448,0.321536,0.167936,0.557920
1872,traditional,0.080160,0.315392,0.161792,0.557344
1873,traditional,0.069408,0.310272,0.161792,0.541472
1874,traditional,0.077536,0.322560,0.161792,0.561888
1875,traditional,0.069696,0.343040,0.162816,0.575552
1876,traditional,0.073728,0.312320,0.169984,0.556032
1877,traditional,0.069120,0.318464,0.162816,0.550400
1878,traditional,0.072352,0.318464,0.161792,0.552608
1879,traditional,0.078048,0.317440,0.162816,0.558304
1880,traditional,0.070304,0.321536,0.161792,0.553632
1881,traditional,0.073408,0.325632,0.161792,0.560832
1882,traditional,0.069408,0.312320,0.164864,0.546592
1883,traditional,0.070816,0.323584,0.161792,0.556192
1884,traditional,0.073184,0.322560,0.161792,0.557536
1885,traditional,0.069824,0.312320,0.161792,0.543936
1886,traditional,0.069504,0.316416,0.161792,0.547712
1887,traditional,0.069088,0.311296,0.161792,0.542176
1888,traditional,0.080288,0.325632,0.161792,0.567712
1889,traditional,0.072672,0.323584,0.161792,0.558048
1890,traditional,0.080064,0.337920,0.161792,0.579776
1891,traditional,0.078848,0.339968,0.162816,0.581632
1892,traditional,0.070080,0.333824,0.164864,0.568768
1893,traditional,0.070944,0.310272,0.161792,0.543008
1894,traditional,0.071872,0.327680,0.174080,0.573632
1895,traditional,0.079424,0.318464,0.164864,0.562752
1896,traditional,0.082656,0.313344,0.164864,0.560864
1897,traditional,0.070048,0.310272,0.161792,0.542112
1898,traditional,0.069504,0.346112,0.174080,0.589696
1899,traditional,0.069024,0.314368,0.167936,0.551328
1900,traditional,0.070048,0.325632,0.161792,0.557472
1901,traditional,0.069888,0.309248,0.162816,0.541952
1902,traditional,0.074176,0.322560,0.161792,0.558528
1903,traditional,0.069600,0.312320,0.161792,0.543712
1904,traditional,0.078720,0.349184,0.161792,0.589696
1905,traditional,0.069728,0.316416,0.161792,0.547936
1906,traditional,0.069312,0.317440,0.161792,0.548544
1907,traditional,0.069056,0.315392,0.161792,0.546240
1908,traditional,0.069440,0.310272,0.161792,0.541504
1909,traditional,0.072032,0.344064,0.162816,0.578912
1910,traditional,0.073248,0.313344,0.161792,0.548384
1911,traditional,0.071520,0.327680,0.161792,0.560992
1912,traditional,0.074336,0.322560,0.161792,0.558688
1913,traditional,0.069504,0.323584,0.161792,0.554880
1914,traditional,0.070752,0.319488,0.174080,0.564320
1915,traditional,0.068736,0.325632,0.162816,0.557184
1916,traditional,0.069152,0.332800,0.161792,0.563744
1917,traditional,0.069856,0.317440,0.165888,0.553184
1918,traditional,0.070144,0.327680,0.164864,0.562688
1919,traditional,0.080608,0.313344,0.161792,0.555744
1920,traditional,0.069920,0.325632,0.161792,0.557344
1921,traditional,0.074624,0.321536,0.165888,0.562048
1922,traditional,0.070976,0.313344,0.161792,0.546112
1923,traditional,0.069312,0.335872,0.162816,0.568000
1924,traditional,0.069152,0.322560,0.164864,0.556576
1925,traditional,0.070336,0.339968,0.162816,0.573120
1926,traditional,0.070176,0.322560,0.161792,0.554528
1927,traditional,0.069216,0.316416,0.162816,0.548448
1928,traditional,0.069344,0.326656,0.160768,0.556768
1929,traditional,0.069696,0.310272,0.160768,0.540736
1930,traditional,0.069568,0.327680,0.161792,0.559040
1931,traditional,0.073920,0.325632,0.161792,0.561344
1932,traditional,0.068800,0.317440,0.161792,0.548032
1933,traditional,0.080064,0.320512,0.161792,0.562368
1934,traditional,0.069920,0.315392,0.174080,0.559392
1935,traditional,0.070112,0.321536,0.161792,0.553440
1936,traditional,0.069344,0.315392,0.181248,0.565984
1937,traditional,0.069664,0.318464,0.161792,0.549920
1938,traditional,0.069056,0.325632,0.165888,0.560576
1939,traditional,0.070080,0.322560,0.165888,0.558528
1940,traditional,0.069632,0.325632,0.178176,0.573440
1941,traditional,0.070816,0.328704,0.171008,0.570528
1942,traditional,0.073472,0.313344,0.165888,0.552704
1943,traditional,0.070112,0.311296,0.161792,0.543200
1944,traditional,0.071264,0.324608,0.164864,0.560736
1945,traditional,0.077792,0.316416,0.169984,0.564192
1946,traditional,0.069888,0.310272,0.161792,0.541952
1947,traditional,0.069888,0.308224,0.162816,0.540928
1948,traditional,0.069056,0.316416,0.162816,0.548288
1949,traditional,0.069632,0.323584,0.161792,0.555008
1950,traditional,0.069152,0.332800,0.161792,0.563744
1951,traditional,0.069088,0.311296,0.164864,0.545248
1952,traditional,0.072288,0.311296,0.161792,0.545376
1953,traditional,0.071968,0.313344,0.161792,0.547104
1954,traditional,0.069888,0.330752,0.186368,0.587008
1955,traditional,0.070784,0.319488,0.165888,0.556160
1956,traditional,0.069376,0.343040,0.167936,0.580352
1957,traditional,0.068640,0.313344,0.165888,0.547872
1958,traditional,0.069152,0.321536,0.161792,0.552480
1959,traditional,0.069504,0.317440,0.162816,0.549760
1960,traditional,0.071936,0.319488,0.161792,0.553216
1961,traditional,0.072928,0.323584,0.161792,0.558304
1962,traditional,0.072864,0.320512,0.169984,0.563360
1963,traditional,0.072192,0.322560,0.165888,0.560640
1964,traditional,0.068992,0.333824,0.173056,0.575872
1965,traditional,0.080096,0.325632,0.161792,0.567520
1966,traditional,0.069248,0.328704,0.163840,0.561792
1967,traditional,0.081888,0.324608,0.162816,0.569312
1968,traditional,0.074016,0.328704,0.162816,0.565536
1969,traditional,0.069184,0.310272,0.165888,0.545344
1970,traditional,0.070272,0.348160,0.173056,0.591488
1971,traditional,0.069024,0.351232,0.162816,0.583072
1972,traditional,0.069440,0.318464,0.161792,0.549696
1973,traditional,0.068448,0.351232,0.161792,0.581472
1974,traditional,0.069824,0.309248,0.171008,0.550080
1975,traditional,0.068896,0.325632,0.161792,0.556320
1976,traditional,0.070944,0.318464,0.161792,0.551200
1977,traditional,0.070688,0.333824,0.178176,0.582688
1978,traditional,0.082944,0.323584,0.162816,0.569344
1979,traditional,0.068448,0.324608,0.175104,0.568160
1980,traditional,0.073408,0.313344,0.160768,0.547520
1981,traditional,0.070368,0.361472,0.165888,0.597728
1982,traditional,0.070016,0.329728,0.165888,0.565632
1983,traditional,0.068544,0.312320,0.161792,0.542656
1984,traditional,0.073536,0.316416,0.162816,0.552768
1985,traditional,0.069472,0.331776,0.163840,0.565088
1986,traditional,0.072448,0.315392,0.161792,0.549632
1987,traditional,0.068576,0.323584,0.172032,0.564192
1988,traditional,0.069568,0.339968,0.168960,0.578496
1989,traditional,0.072736,0.317440,0.165888,0.556064
1990,traditional,0.070144,0.324608,0.162816,0.557568
1991,traditional,0.068544,0.317440,0.163840,0.549824
1992,traditional,0.068832,0.309248,0.161792,0.539872
1993,traditional,0.069632,0.342016,0.185344,0.596992
1994,traditional,0.072928,0.309248,0.161792,0.543968
1995,traditional,0.072704,0.314368,0.172032,0.559104
1996,traditional,0.081216,0.314368,0.174080,0.569664
1997,traditional,0.070272,0.326656,0.161792,0.558720
1998,traditional,0.069408,0.315392,0.186368,0.571168
1999,traditional,0.081568,0.310272,0.174080,0.565920
2000,traditional,0.068800,0.609280,0.185344,0.863424
2001,traditional,0.080064,0.322560,0.161792,0.564416
2002,traditional,0.089888,0.330752,0.161792,0.582432
2003,traditional,0.070336,0.323584,0.162816,0.556736
2004,traditional,0.069344,0.311296,0.161792,0.542432
2005,traditional,0.072096,0.355328,0.161792,0.589216
2006,traditional,0.081056,0.316416,0.165888,0.563360
2007,traditional,0.069504,0.311296,0.166912,0.547712
2008,traditional,0.068800,0.335872,0.162816,0.567488
2009,traditional,0.069632,0.311296,0.161792,0.542720
2010,traditional,0.069600,0.320512,0.161792,0.551904
2011,traditional,0.071360,0.352256,0.165888,0.589504
2012,traditional,0.069344,0.312320,0.164864,0.546528
2013,traditional,0.068704,0.325632,0.173056,0.567392
2014,traditional,0.073056,0.317440,0.161792,0.552288
2015,traditional,0.072064,0.322560,0.173056,0.567680
2016,traditional,0.069632,0.326656,0.165888,0.562176
2017,traditional,0.069952,0.310272,0.161792,0.542016
2018,traditional,0.070272,0.324608,0.161792,0.556672
2019,traditional,0.068512,0.321536,0.160768,0.550816
2020,traditional,0.072704,0.323584,0.165888,0.562176
2021,traditional,0.068896,0.322560,0.164864,0.556320
2022,traditional,0.072704,0.328704,0.175104,0.576512
2023,traditional,0.069696,0.324608,0.164864,0.559168
2024,traditional,0.069664,0.333824,0.177152,0.580640
2025,traditional,0.070560,0.327680,0.175104,0.573344
2026,traditional,0.069696,0.316416,0.161792,0.547904
2027,traditional,0.079520,0.314368,0.161792,0.555680
2028,traditional,0.069056,0.319488,0.161792,0.550336
2029,traditional,0.068608,0.335872,0.162816,0.567296
2030,traditional,0.071360,0.327680,0.161792,0.560832
2031,traditional,0.068512,0.321536,0.161792,0.551840
2032,traditional,0.069984,0.317440,0.162816,0.550240
2033,traditional,0.069312,0.315392,0.162816,0.547520
2034,traditional,0.068800,0.313344,0.162816,0.544960
2035,traditional,0.070048,0.321536,0.196608,0.588192
2036,traditional,0.068800,0.310272,0.161792,0.540864
2037,traditional,0.069568,0.309248,0.161792,0.540608
2038,traditional,0.072000,0.321536,0.161792,0.555328
2039,traditional,0.069024,0.315392,0.174080,0.558496
2040,traditional,0.069376,0.339968,0.165888,0.575232
2041,traditional,0.072352,0.326656,0.161792,0.560800
2042,traditional,0.069568,0.325632,0.161792,0.556992
2043,traditional,0.068896,0.337920,0.165888,0.572704
2044,traditional,0.069120,0.312320,0.164864,0.546304
2045,traditional,0.073280,0.314368,0.161792,0.549440
2046,traditional,0.082592,0.544768,0.185344,0.812704
2047,traditional,0.069312,0.337920,0.162816,0.570048
2048,traditional,0.069792,0.334848,0.161792,0.566432
2049,traditional,0.069504,0.337920,0.166912,0.574336
2050,traditional,0.069408,0.312320,0.164864,0.546592
2051,traditional,0.070080,0.311296,0.162816,0.544192
2052,traditional,0.074080,0.325632,0.161792,0.561504
2053,traditional,0.071584,0.324608,0.162816,0.559008
2054,traditional,0.069152,0.321536,0.161792,0.552480
2055,traditional,0.069024,0.329728,0.161792,0.560544
2056,traditional,0.079872,0.316416,0.161792,0.558080
2057,traditional,0.070208,0.350208,0.174080,0.594496
2058,traditional,0.069216,0.337920,0.161792,0.568928
2059,traditional,0.075968,0.319488,0.163840,0.559296
2060,traditional,0.069952,0.313344,0.161792,0.545088
2061,traditional,0.070112,0.312320,0.169984,0.552416
2062,traditional,0.070656,0.313344,0.162816,0.546816
2063,traditional,0.069184,0.334848,0.161792,0.565824
2064,traditional,0.070240,0.319488,0.164864,0.554592
2065,traditional,0.069472,0.336896,0.161792,0.568160
2066,traditional,0.069440,0.318464,0.162816,0.550720
2067,traditional,0.069152,0.348160,0.174080,0.591392
2068,traditional,0.069344,0.313344,0.161792,0.544480
2069,traditional,0.069120,0.313344,0.161792,0.544256
2070,traditional,0.080736,0.340992,0.174080,0.595808
2071,traditional,0.069920,0.314368,0.165888,0.550176
2072,traditional,0.070496,0.347136,0.174080,0.591712
2073,traditional,0.069120,0.319488,0.169984,0.558592
2074,traditional,0.074272,0.351232,0.171008,0.596512
2075,traditional,0.069600,0.332800,0.166912,0.569312
2076,traditional,0.069344,0.322560,0.175104,0.567008
2077,traditional,0.069984,0.313344,0.161792,0.545120
2078,traditional,0.070272,0.338944,0.174080,0.583296
2079,traditional,0.076608,0.312320,0.161792,0.550720
2080,traditional,0.070592,0.321536,0.161792,0.553920
2081,traditional,0.068992,0.314368,0.161792,0.545152
2082,traditional,0.069184,0.322560,0.186368,0.578112
2083,traditional,0.073120,0.321536,0.165888,0.560544
2084,traditional,0.068768,0.317440,0.161792,0.548000
2085,traditional,0.068608,0.322560,0.161792,0.552960
2086,traditional,0.080992,0.330752,0.174080,0.585824
2087,traditional,0.070016,0.329728,0.161792,0.561536
2088,traditional,0.070016,0.312320,0.161792,0.544128
2089,traditional,0.069248,0.311296,0.161792,0.542336
2090,traditional,0.073760,0.348160,0.166912,0.588832
2091,traditional,0.069280,0.333824,0.161792,0.564896
2092,traditional,0.081248,0.321536,0.163840,0.566624
2093,traditional,0.072800,0.316416,0.161792,0.551008
2094,traditional,0.081120,0.313344,0.164864,0.559328
2095,traditional,0.075360,0.316416,0.162816,0.554592
2096,traditional,0.072832,0.312320,0.161792,0.546944
2097,traditional,0.072992,0.319488,0.161792,0.554272
2098,traditional,0.078272,0.322560,0.182272,0.583104
2099,traditional,0.070176,0.331776,0.175104,0.577056
2100,traditional,0.069376,0.310272,0.161792,0.541440
