frame,renderPath,shadowMs,sceneMs,postProcessMs,frameMs
1,traditional,0.078560,1.143808,0.221184,1.443552
2,traditional,0.080480,1.148928,0.223232,1.452640
3,traditional,0.079200,1.167360,0.225280,1.471840
4,traditional,0.079936,1.771520,0.226304,2.077760
5,traditional,0.107680,1.488896,0.224256,1.820832
6,traditional,0.109056,1.404928,0.226304,1.740288
7,traditional,0.108864,1.253376,0.224256,1.586496
8,traditional,0.080384,1.661952,0.242688,1.985024
9,traditional,0.096288,1.417216,0.234496,1.748000
10,traditional,0.104736,1.228800,0.221184,1.554720
11,traditional,0.078720,1.301504,0.222208,1.602432
12,traditional,0.102048,1.379328,0.221184,1.702560
13,traditional,0.136960,1.502208,0.224256,1.863424
14,traditional,0.078624,1.506304,0.225280,1.810208
15,traditional,0.079104,1.128448,0.222208,1.429760
16,traditional,0.078464,1.309696,0.221184,1.609344
17,traditional,0.078240,1.438720,0.225280,1.742240
18,traditional,0.083808,1.506304,0.223232,1.813344
19,traditional,0.077472,1.503232,0.221184,1.801888
20,traditional,0.078080,1.245184,0.232448,1.555712
21,traditional,0.077440,1.146880,0.223232,1.447552
22,traditional,0.109216,1.753088,0.243712,2.106016
23,traditional,0.082400,1.126400,0.221184,1.429984
24,traditional,0.090304,1.814528,0.243712,2.148544
25,traditional,0.078048,1.143808,0.221184,1.443040
26,traditional,0.077376,1.842176,0.243712,2.163264
27,traditional,0.082400,1.541120,0.224256,1.847776
28,traditional,0.104352,1.416192,0.221184,1.741728
29,traditional,0.076800,1.566720,0.223232,1.866752
30,traditional,0.103872,1.381376,0.221184,1.706432
31,traditional,0.078368,1.550336,0.223232,1.851936
32,traditional,0.107264,1.462272,0.222208,1.791744
33,traditional,0.083776,1.586176,0.223232,1.893184
34,traditional,0.109600,1.433600,0.233472,1.776672
35,traditional,0.126880,1.463296,0.223232,1.813408
36,traditional,0.129568,1.469440,0.222208,1.821216
37,traditional,0.105472,1.529856,0.223232,1.858560
38,traditional,0.088480,1.570816,0.237568,1.896864
39,traditional,0.107552,1.403904,0.222208,1.733664
40,traditional,0.104192,1.458176,0.239616,1.801984
41,traditional,0.079200,1.529856,0.238592,1.847648
42,traditional,0.115936,1.367040,0.222208,1.705184
43,traditional,0.100576,1.400832,0.234496,1.735904
44,traditional,0.078624,1.396736,0.234496,1.709856
45,traditional,0.087968,1.458176,0.240640,1.786784
46,traditional,0.080832,1.437696,0.237568,1.756096
47,traditional,0.079040,1.435648,0.229376,1.744064
48,traditional,0.112576,1.561600,0.224256,1.898432
49,traditional,0.077728,1.171456,0.238592,1.487776
50,traditional,0.079008,1.326080,0.238592,1.643680
51,traditional,0.117056,1.409024,0.222208,1.748288
52,traditional,0.118592,1.405952,0.224256,1.748800
53,traditional,0.078432,1.403904,0.233472,1.715808
54,traditional,0.079104,1.497088,0.239616,1.815808
55,traditional,0.103712,1.474560,0.257024,1.835296
56,traditional,0.079328,1.393664,0.225280,1.698272
57,traditional,0.081184,1.551360,0.237568,1.870112
58,traditional,0.104672,1.377280,0.222208,1.704160
59,traditional,0.109216,1.362944,0.224256,1.696416
60,traditional,0.079392,1.222656,0.233472,1.535520
61,traditional,0.111744,1.287168,0.222208,1.621120
62,traditional,0.078784,1.254400,0.235520,1.568704
63,traditional,0.077952,1.297408,0.221184,1.596544
64,traditional,0.077344,1.182720,0.245760,1.505824
65,traditional,0.084384,1.466368,0.233472,1.784224
66,traditional,0.115968,1.505280,0.532480,2.153728
67,traditional,0.089504,1.538048,0.221184,1.848736
68,traditional,0.081152,1.576960,0.229376,1.887488
69,traditional,0.107936,1.404928,0.222208,1.735072
70,traditional,0.080928,1.573888,0.223232,1.878048
71,traditional,0.102944,1.422336,0.222208,1.747488
72,traditional,0.082752,1.482752,0.473088,2.038592
73,traditional,0.077984,1.369088,0.224256,1.671328
74,traditional,0.083552,1.577984,0.249856,1.911392
75,traditional,0.082496,1.374208,0.222208,1.678912
76,traditional,0.081024,1.823744,0.242688,2.147456
77,traditional,0.079136,1.124352,0.221184,1.424672
78,traditional,0.117056,1.420288,0.223232,1.760576
79,traditional,0.084192,1.415168,0.233472,1.732832
80,traditional,0.090016,1.479680,0.234496,1.804192
81,traditional,0.118560,1.431552,0.233472,1.783584
82,traditional,0.110496,1.482752,0.221184,1.814432
83,traditional,0.077408,1.441792,0.489472,2.008672
84,traditional,0.078464,1.392640,0.224256,1.695360
85,traditional,0.078400,1.515520,0.237568,1.831488
86,traditional,0.106784,1.435648,0.223232,1.765664
87,traditional,0.102336,1.633280,0.239616,1.975232
88,traditional,0.102624,1.327104,0.416768,1.846496
89,traditional,0.089920,1.625088,0.224256,1.939264
90,traditional,0.090784,1.230848,0.236544,1.558176
91,traditional,0.082560,1.445888,0.237568,1.766016
92,traditional,0.104832,1.368064,0.222208,1.695104
93,traditional,0.106208,1.566720,0.238592,1.911520
94,traditional,0.105952,1.391616,0.432128,1.929696
95,traditional,0.105760,1.525760,0.234496,1.866016
96,traditional,0.112000,1.461248,0.478208,2.051456
97,traditional,0.078176,1.503232,0.237568,1.818976
98,traditional,0.108704,1.436672,0.237568,1.782944
99,traditional,0.089280,1.542144,0.235520,1.866944
100,traditional,0.081024,1.572864,0.222208,1.876096
101,traditional,0.082400,1.474560,0.221184,1.778144
102,traditional,0.076416,1.481728,0.221184,1.779328
103,traditional,0.079936,1.551360,0.234496,1.865792
104,traditional,0.117024,1.564672,0.238592,1.920288
105,traditional,0.088448,1.474560,0.230400,1.793408
106,traditional,0.082688,1.582080,0.238592,1.903360
107,traditional,0.106656,1.432576,0.487424,2.026656
108,traditional,0.080928,1.290240,0.222208,1.593376
109,traditional,0.104992,1.403904,0.222208,1.731104
110,traditional,0.078048,1.677312,0.231424,1.986784
111,traditional,0.088672,1.399808,0.228352,1.716832
112,traditional,0.095104,1.456128,0.237568,1.788800
113,traditional,0.114144,1.175552,0.232448,1.522144
114,traditional,0.118816,1.475584,0.223232,1.817632
115,traditional,0.110624,1.579008,0.237568,1.927200
116,traditional,0.105632,1.539072,0.238592,1.883296
117,traditional,0.102880,1.375232,0.222208,1.700320
118,traditional,0.101536,1.346560,0.221184,1.669280
119,traditional,0.080000,1.670144,0.227328,1.977472
120,traditional,0.113792,1.452032,0.220160,1.785984
121,traditional,0.106976,1.579008,0.228352,1.914336
122,traditional,0.108480,1.428480,0.234496,1.771456
123,traditional,0.108224,1.740800,0.401408,2.250432
124,traditional,0.078976,1.347584,0.221184,1.647744
125,traditional,0.117664,1.479680,0.222208,1.819552
126,traditional,0.078880,1.197056,0.234496,1.510432
127,traditional,0.085472,1.466368,0.233472,1.785312
128,traditional,0.102016,1.379328,0.233472,1.714816
129,traditional,0.105056,1.388544,0.223232,1.716832
130,traditional,0.083488,1.524736,0.217088,1.825312
131,traditional,0.101280,1.292288,0.205824,1.599392
132,traditional,0.072320,1.399808,0.219136,1.691264
133,traditional,0.088544,1.228800,0.200704,1.518048
134,traditional,0.071360,1.044480,0.200704,1.316544
135,traditional,0.075200,1.025024,0.200704,1.300928
136,traditional,0.071968,1.480704,0.214016,1.766688
137,traditional,0.076160,1.029120,0.201728,1.307008
138,traditional,0.108192,1.290240,0.204800,1.603232
139,traditional,0.071136,1.079296,0.215040,1.365472
140,traditional,0.073440,1.247232,0.215040,1.535712
141,traditional,0.103200,1.265664,0.201728,1.570592
142,traditional,0.136096,1.590272,0.226304,1.952672
143,traditional,0.072448,1.018880,0.200704,1.292032
144,traditional,0.072992,1.669120,0.227328,1.969440
145,traditional,0.070592,1.010688,0.199680,1.280960
146,traditional,0.074368,1.729536,0.223232,2.027136
147,traditional,0.070144,1.010688,0.198656,1.279488
148,traditional,0.090368,1.250304,0.203776,1.544448
149,traditional,0.070336,1.230848,0.201728,1.502912
150,traditional,0.074560,1.206272,0.201728,1.482560
151,traditional,0.100096,1.320960,0.199680,1.620736
152,traditional,0.113696,1.531904,0.215040,1.860640
153,traditional,0.078336,1.468416,0.204800,1.751552
154,traditional,0.098592,1.306624,0.201728,1.606944
155,traditional,0.070112,1.496064,0.203776,1.769952
156,traditional,0.069920,1.348608,0.206848,1.625376
157,traditional,0.096032,1.326080,0.215040,1.637152
158,traditional,0.074496,1.351680,0.219136,1.645312
159,traditional,0.103744,1.331200,0.215040,1.649984
160,traditional,0.094144,1.429504,0.219136,1.742784
161,traditional,0.071104,1.464320,0.205824,1.741248
162,traditional,0.102752,1.329152,0.201728,1.633632
163,traditional,0.070432,1.275904,0.215040,1.561376
164,traditional,0.081536,1.292288,0.203776,1.577600
165,traditional,0.075072,1.447936,0.218112,1.741120
166,traditional,0.106304,1.352704,0.214016,1.673024
167,traditional,0.099424,1.425408,0.217088,1.741920
168,traditional,0.073696,1.384448,0.216064,1.674208
169,traditional,0.077888,1.422336,0.218112,1.718336
170,traditional,0.099648,1.428480,0.218112,1.746240
171,traditional,0.097568,1.239040,0.201728,1.538336
172,traditional,0.099680,1.219584,0.212992,1.532256
173,traditional,0.111744,1.102848,0.201728,1.416320
174,traditional,0.107136,1.518592,0.217088,1.842816
175,traditional,0.099680,1.198080,0.200704,1.498464
176,traditional,0.103424,1.479680,0.219136,1.802240
177,traditional,0.071264,1.202176,0.201728,1.475168
178,traditional,0.098016,1.306624,0.203776,1.608416
179,traditional,0.070144,1.282048,0.215040,1.567232
180,traditional,0.084480,1.313792,0.215040,1.613312
181,traditional,0.112064,1.251328,0.200704,1.564096
182,traditional,0.103104,1.564672,0.226304,1.894080
183,traditional,0.072128,1.024000,0.201728,1.297856
184,traditional,0.099840,1.441792,0.202752,1.744384
185,traditional,0.077248,1.428480,0.204800,1.710528
186,traditional,0.072192,1.349632,0.218112,1.639936
187,traditional,0.101088,1.464320,0.217088,1.782496
188,traditional,0.083744,1.213440,0.201728,1.498912
189,traditional,0.070816,1.029120,0.200704,1.300640
190,traditional,0.072832,1.019904,0.200704,1.293440
191,traditional,0.070752,1.464320,0.227328,1.762400
192,traditional,0.084416,1.215488,0.206848,1.506752
193,traditional,0.094592,1.529856,0.214016,1.838464
194,traditional,0.097184,1.220608,0.215040,1.532832
195,traditional,0.107840,1.417216,0.211968,1.737024
196,traditional,0.084704,1.239040,0.216064,1.539808
197,traditional,0.097120,1.286144,0.204800,1.588064
198,traditional,0.075648,1.494016,0.202752,1.772416
199,traditional,0.097984,1.328128,0.200704,1.626816
200,traditional,0.070016,1.387520,0.203776,1.661312
201,traditional,0.096736,1.294336,0.200704,1.591776
202,traditional,0.070592,1.283072,0.216064,1.569728
203,traditional,0.085024,1.330176,0.215040,1.630240
204,traditional,0.099648,1.410048,0.200704,1.710400
205,traditional,0.101120,1.652736,0.224256,1.978112
206,traditional,0.073152,1.015808,0.199680,1.288640
207,traditional,0.078016,1.319936,0.214016,1.611968
208,traditional,0.099936,1.256448,0.199680,1.556064
209,traditional,0.069760,1.626112,0.225280,1.921152
210,traditional,0.076000,1.031168,0.199680,1.306848
211,traditional,0.074432,1.595392,0.225280,1.895104
212,traditional,0.071840,1.013760,0.200704,1.286304
213,traditional,0.098176,1.440768,0.219136,1.758080
214,traditional,0.104160,1.234944,0.202752,1.541856
215,traditional,0.098400,1.459200,0.221184,1.778784
216,traditional,0.073248,1.484800,0.218112,1.776160
217,traditional,0.096000,1.339392,0.203776,1.639168
218,traditional,0.071392,1.098752,0.216064,1.386208
219,traditional,0.080224,1.233920,0.206848,1.520992
220,traditional,0.072704,1.188864,0.200704,1.462272
221,traditional,0.070848,1.020928,0.200704,1.292480
222,traditional,0.072832,1.217536,0.210944,1.501312
223,traditional,0.098240,1.200128,0.201728,1.500096
224,traditional,0.098048,1.379328,0.204800,1.682176
225,traditional,0.070912,1.249280,0.202752,1.522944
226,traditional,0.104288,1.414144,0.222208,1.740640
227,traditional,0.127456,1.245184,0.201728,1.574368
228,traditional,0.071136,1.647616,0.227328,1.946080
229,traditional,0.072992,1.022976,0.199680,1.295648
230,traditional,0.072640,1.646592,0.226304,1.945536
231,traditional,0.071008,1.015808,0.200704,1.287520
232,traditional,0.074368,1.636352,0.228352,1.939072
233,traditional,0.071296,1.012736,0.200704,1.284736
234,traditional,0.071264,1.452032,0.216064,1.739360
235,traditional,0.073184,1.017856,0.200704,1.291744
236,traditional,0.092608,1.623040,0.229376,1.945024
237,traditional,0.070880,1.029120,0.200704,1.300704
238,traditional,0.100256,1.439744,0.215040,1.755040
239,traditional,0.072768,1.276928,0.216064,1.565760
240,traditional,0.073632,1.289216,0.221184,1.584032
241,traditional,0.074656,1.259520,0.245760,1.579936
242,traditional,0.103456,1.331200,0.205824,1.640480
243,traditional,0.070656,1.026048,0.202752,1.299456
244,traditional,0.102976,1.349632,0.216064,1.668672
245,traditional,0.095168,1.250304,0.200704,1.546176
246,traditional,0.070944,1.630208,0.227328,1.928480
247,traditional,0.071008,1.026048,0.201728,1.298784
248,traditional,0.075392,1.651712,0.229376,1.956480
249,traditional,0.072672,1.055744,0.201728,1.330144
250,traditional,0.099776,1.420288,0.215040,1.735104
251,traditional,0.070176,1.200128,0.200704,1.471008
252,traditional,0.101600,1.617920,0.224256,1.943776
253,traditional,0.071776,1.021952,0.200704,1.294432
254,traditional,0.104736,1.475584,0.214016,1.794336
255,traditional,0.073728,1.217536,0.205824,1.497088
256,traditional,0.086432,1.507328,0.225280,1.819040
257,traditional,0.074720,1.027072,0.202752,1.304544
258,traditional,0.108640,1.336320,0.206848,1.651808
259,traditional,0.073984,1.263616,0.219136,1.556736
260,traditional,0.074560,1.337344,0.217088,1.628992
261,traditional,0.097152,1.272832,0.203776,1.573760
262,traditional,0.098432,1.659904,0.229376,1.987712
263,traditional,0.071168,1.033216,0.203776,1.308160
264,traditional,0.092064,1.282048,0.203776,1.577888
265,traditional,0.075968,1.117184,0.216064,1.409216
266,traditional,0.073280,1.339392,0.218112,1.630784
267,traditional,0.096096,1.306624,0.204800,1.607520
268,traditional,0.101760,1.471488,0.217088,1.790336
269,traditional,0.097184,1.226752,0.203776,1.527712
270,traditional,0.111040,1.436672,0.215040,1.762752
271,traditional,0.124320,1.283072,0.203776,1.611168
272,traditional,0.112608,1.362944,0.205824,1.681376
273,traditional,0.071616,1.414144,0.220160,1.705920
274,traditional,0.112192,1.378304,0.216064,1.706560
275,traditional,0.099104,1.343488,0.215040,1.657632
276,traditional,0.071520,1.271808,0.206848,1.550176
277,traditional,0.072192,1.264640,0.218112,1.554944
278,traditional,0.100448,1.411072,0.215040,1.726560
279,traditional,0.075264,1.333248,0.220160,1.628672
280,traditional,0.073376,1.335296,0.218112,1.626784
281,traditional,0.096224,1.270784,0.203776,1.570784
282,traditional,0.109856,1.337344,0.205824,1.653024
283,traditional,0.081888,1.276928,0.217088,1.575904
284,traditional,0.081152,1.367040,0.218112,1.666304
285,traditional,0.100384,1.254400,0.203776,1.558560
286,traditional,0.099680,1.620992,0.228352,1.949024
287,traditional,0.076352,1.029120,0.203776,1.309248
288,traditional,0.102624,1.302528,0.206848,1.612000
289,traditional,0.072000,1.252352,0.216064,1.540416
290,traditional,0.111168,1.289216,0.205824,1.606208
291,traditional,0.072640,1.300480,0.216064,1.589184
292,traditional,0.072480,1.337344,0.218112,1.627936
293,traditional,0.096288,1.299456,0.217088,1.612832
294,traditional,0.094112,1.253376,0.207872,1.555360
295,traditional,0.071200,1.435648,0.206848,1.713696
296,traditional,0.100896,1.329152,0.203776,1.633824
297,traditional,0.072096,1.277952,0.222208,1.572256
298,traditional,0.073312,1.404928,0.222208,1.700448
299,traditional,0.072480,1.436672,0.208896,1.718048
300,traditional,0.100640,1.316864,0.204800,1.622304
301,traditional,0.071264,1.314816,0.240640,1.626720
302,traditional,0.102368,1.271808,0.202752,1.576928
303,traditional,0.071840,1.065984,0.220160,1.357984
304,traditional,0.084544,1.372160,0.224256,1.680960
305,traditional,0.100704,1.296384,0.220160,1.617248
306,traditional,0.082528,1.347584,0.217088,1.647200
307,traditional,0.090784,1.247232,0.201728,1.539744
308,traditional,0.098048,1.671168,0.226304,1.995520
309,traditional,0.072352,1.050624,0.212992,1.335968
310,traditional,0.098720,1.434624,0.217088,1.750432
311,traditional,0.073280,1.454080,0.204800,1.732160
312,traditional,0.106528,1.314816,0.200704,1.622048
313,traditional,0.073760,1.271808,0.214016,1.559584
314,traditional,0.073376,1.323008,0.214016,1.610400
315,traditional,0.103872,1.249280,0.200704,1.553856
316,traditional,0.100992,1.355776,0.203776,1.660544
317,traditional,0.072960,1.210368,0.217088,1.500416
318,traditional,0.108544,1.347584,0.211968,1.668096
319,traditional,0.098272,1.241088,0.202752,1.542112
320,traditional,0.071264,1.647616,0.228352,1.947232
321,traditional,0.071200,1.022976,0.200704,1.294880
322,traditional,0.072000,1.514496,0.214016,1.800512
323,traditional,0.073184,1.281024,0.200704,1.554912
324,traditional,0.074112,1.350656,0.214016,1.638784
325,traditional,0.093536,1.273856,0.201728,1.569120
326,traditional,0.071776,1.683456,0.227328,1.982560
327,traditional,0.075520,1.037312,0.202752,1.315584
328,traditional,0.084448,1.707008,0.226304,2.017760
329,traditional,0.077792,1.033216,0.202752,1.313760
330,traditional,0.073856,1.675264,0.227328,1.976448
331,traditional,0.073600,1.029120,0.202752,1.305472
332,traditional,0.072448,1.233920,0.215040,1.521408
333,traditional,0.099584,1.227776,0.202752,1.530112
334,traditional,0.099008,1.327104,0.204800,1.630912
335,traditional,0.071424,1.059840,0.215040,1.346304
336,traditional,0.073504,1.348608,0.216064,1.638176
337,traditional,0.097792,1.264640,0.201728,1.564160
338,traditional,0.075264,1.661952,0.229376,1.966592
339,traditional,0.072128,1.038336,0.201728,1.312192
340,traditional,0.099392,1.319936,0.204800,1.624128
341,traditional,0.075296,1.301504,0.222208,1.599008
342,traditional,0.083200,1.386496,0.216064,1.685760
343,traditional,0.075840,1.316864,0.229376,1.622080
344,traditional,0.081088,1.350656,0.216064,1.647808
345,traditional,0.099008,1.263616,0.202752,1.565376
346,traditional,0.095936,1.687552,0.226304,2.009792
347,traditional,0.072000,1.071104,0.215040,1.358144
348,traditional,0.074048,1.236992,0.216064,1.527104
349,traditional,0.100288,1.244160,0.202752,1.547200
350,traditional,0.072288,1.682432,0.225280,1.980000
351,traditional,0.074176,1.033216,0.218112,1.325504
352,traditional,0.097632,1.666048,0.228352,1.992032
353,traditional,0.071744,1.029120,0.202752,1.303616
354,traditional,0.108000,1.641472,0.228352,1.977824
355,traditional,0.075456,1.068032,0.216064,1.359552
356,traditional,0.073504,1.359872,0.216064,1.649440
357,traditional,0.100608,1.313792,0.202752,1.617152
358,traditional,0.082496,1.490944,0.217088,1.790528
359,traditional,0.076864,1.081344,0.217088,1.375296
360,traditional,0.074336,1.286144,0.220160,1.580640
361,traditional,0.071808,1.072128,0.216064,1.360000
362,traditional,0.112576,1.332224,0.202752,1.647552
363,traditional,0.070432,1.050624,0.203776,1.324832
364,traditional,0.103872,1.451008,0.216064,1.770944
365,traditional,0.073504,1.343488,0.216064,1.633056
366,traditional,0.073696,1.346560,0.216064,1.636320
367,traditional,0.109216,1.329152,0.214016,1.652384
368,traditional,0.107648,1.331200,0.231424,1.670272
369,traditional,0.072416,1.369088,0.206848,1.648352
370,traditional,0.098432,1.293312,0.214016,1.605760
371,traditional,0.071776,1.448960,0.206848,1.727584
372,traditional,0.074112,1.041408,0.202752,1.318272
373,traditional,0.078368,1.537024,0.215040,1.830432
374,traditional,0.073728,1.488896,0.207872,1.770496
375,traditional,0.096256,1.388544,0.202752,1.687552
376,traditional,0.108224,1.464320,0.204800,1.777344
377,traditional,0.110912,1.287168,0.207872,1.605952
378,traditional,0.078976,1.218560,0.202752,1.500288
379,traditional,0.098912,1.376256,0.205824,1.680992
380,traditional,0.073024,1.393664,0.206848,1.673536
381,traditional,0.100608,1.449984,0.219136,1.769728
382,traditional,0.108416,1.340416,0.203776,1.652608
383,traditional,0.071104,1.021952,0.200704,1.293760
384,traditional,0.099200,1.439744,0.223232,1.762176
385,traditional,0.080608,1.234944,0.210944,1.526496
386,traditional,0.098080,1.420288,0.211968,1.730336
387,traditional,0.073120,1.233920,0.212992,1.520032
388,traditional,0.103712,1.325056,0.203776,1.632544
389,traditional,0.094816,1.380352,0.207872,1.683040
390,traditional,0.070944,1.384448,0.206848,1.662240
391,traditional,0.102912,1.501184,0.219136,1.823232
392,traditional,0.096960,1.316864,0.201728,1.615552
393,traditional,0.072320,1.530880,0.216064,1.819264
394,traditional,0.073920,1.227776,0.202752,1.504448
395,traditional,0.070208,1.526784,0.214016,1.811008
396,traditional,0.077280,1.071104,0.212992,1.361376
397,traditional,0.097120,1.341440,0.215040,1.653600
398,traditional,0.093152,1.415168,0.217088,1.725408
399,traditional,0.108160,1.337344,0.203776,1.649280
400,traditional,0.100032,1.356800,0.212992,1.669824
401,traditional,0.076576,1.354752,0.215040,1.646368
402,traditional,0.106272,1.312768,0.202752,1.621792
403,traditional,0.099648,1.400832,0.217088,1.717568
404,traditional,0.106784,1.270784,0.201728,1.579296
405,traditional,0.102432,1.412096,0.216064,1.730592
406,traditional,0.074016,1.294336,0.215040,1.583392
407,traditional,0.072416,1.350656,0.214016,1.637088
408,traditional,0.100832,1.307648,0.211968,1.620448
409,traditional,0.073504,1.362944,0.215040,1.651488
410,traditional,0.099552,1.266688,0.201728,1.567968
411,traditional,0.070816,1.477632,0.204800,1.753248
412,traditional,0.077280,1.489920,0.204800,1.772000
413,traditional,0.095232,1.240064,0.201728,1.537024
414,traditional,0.071072,1.106944,0.226304,1.404320
415,traditional,0.085568,1.311744,0.240640,1.637952
416,traditional,0.110432,1.121280,0.201728,1.433440
417,traditional,0.103520,1.429504,0.218112,1.751136
418,traditional,0.100992,1.309696,0.202752,1.613440
419,traditional,0.072576,1.238016,0.203776,1.514368
420,traditional,0.095008,1.256448,0.216064,1.567520
421,traditional,0.097728,1.404928,0.212992,1.715648
422,traditional,0.096608,1.244160,0.203776,1.544544
423,traditional,0.099360,1.420288,0.215040,1.734688
424,traditional,0.099488,1.263616,0.240640,1.603744
425,traditional,0.099968,1.341440,0.216064,1.657472
426,traditional,0.102752,1.287168,0.202752,1.592672
427,traditional,0.096192,1.283072,0.218112,1.597376
428,traditional,0.099264,1.282048,0.205824,1.587136
429,traditional,0.076448,1.656832,0.229376,1.962656
430,traditional,0.074240,1.047552,0.205824,1.327616
431,traditional,0.096416,1.469440,0.218112,1.783968
432,traditional,0.078176,1.255424,0.218112,1.551712
433,traditional,0.076000,1.377280,0.217088,1.670368
434,traditional,0.102112,1.272832,0.204800,1.579744
435,traditional,0.075328,1.665024,0.232448,1.972800
436,traditional,0.076640,1.046528,0.203776,1.326944
437,traditional,0.094496,1.656832,0.229376,1.980704
438,traditional,0.073728,1.040384,0.202752,1.316864
439,traditional,0.110752,1.330176,0.204800,1.645728
440,traditional,0.072768,1.306624,0.216064,1.595456
441,traditional,0.103808,1.281024,0.204800,1.589632
442,traditional,0.073728,1.422336,0.220160,1.716224
443,traditional,0.106592,1.355776,0.216064,1.678432
444,traditional,0.098240,1.354752,0.224256,1.677248
445,traditional,0.097184,1.326080,0.202752,1.626016
446,traditional,0.072448,1.294336,0.224256,1.591040
447,traditional,0.103040,1.545216,0.234496,1.882752
448,traditional,0.080128,1.512448,0.241664,1.834240
449,traditional,0.102080,1.433600,0.226304,1.761984
450,traditional,0.081120,1.423360,0.235520,1.740000
451,traditional,0.078880,1.454080,0.235520,1.768480
452,traditional,0.103296,1.543168,0.235520,1.881984
453,traditional,0.079168,1.459200,0.234496,1.772864
454,traditional,0.108704,1.382400,0.235520,1.726624
455,traditional,0.088192,1.486848,0.235520,1.810560
456,traditional,0.117184,1.381376,0.227328,1.725888
457,traditional,0.102976,1.442816,0.227328,1.773120
458,traditional,0.079424,1.202176,0.525312,1.806912
459,traditional,0.102144,1.580032,0.243712,1.925888
460,traditional,0.080864,1.584128,0.229376,1.894368
461,traditional,0.083200,1.610752,0.243712,1.937664
462,traditional,0.084512,1.620992,0.246784,1.952288
463,traditional,0.091264,1.564672,0.239616,1.895552
464,traditional,0.111520,1.515520,0.473088,2.100128
465,traditional,0.079392,1.412096,0.229376,1.720864
466,traditional,0.118240,1.629184,0.254976,2.002400
467,traditional,0.086432,1.377280,0.227328,1.691040
468,traditional,0.079200,1.675264,0.233472,1.987936
469,traditional,0.106272,1.427456,0.227328,1.761056
470,traditional,0.080544,1.673216,0.462848,2.216608
471,traditional,0.081312,1.572864,0.235520,1.889696
472,traditional,0.080256,1.607680,0.243712,1.931648
473,traditional,0.112768,1.359872,0.227328,1.699968
474,traditional,0.105088,1.494016,0.239616,1.838720
475,traditional,0.109152,1.481728,0.473088,2.063968
476,traditional,0.081472,1.410048,0.229376,1.720896
477,traditional,0.110208,1.637376,0.245760,1.993344
478,traditional,0.080896,1.159168,0.228352,1.468416
479,traditional,0.079360,1.789952,0.249856,2.119168
480,traditional,0.080768,1.154048,0.226304,1.461120
481,traditional,0.078144,1.852416,0.246784,2.177344
482,traditional,0.090656,1.171456,0.227328,1.489440
483,traditional,0.118016,1.567744,0.239616,1.925376
484,traditional,0.119744,1.372160,0.417792,1.909696
485,traditional,0.116032,1.451008,0.225280,1.792320
486,traditional,0.097568,1.568768,0.239616,1.905952
487,traditional,0.102400,1.606656,0.401408,2.110464
488,traditional,0.082976,1.542144,0.239616,1.864736
489,traditional,0.102880,1.399808,0.224256,1.726944
490,traditional,0.111840,1.541120,0.234496,1.887456
491,traditional,0.110176,1.453056,0.223232,1.786464
492,traditional,0.078784,1.238016,0.237568,1.554368
493,traditional,0.105856,1.469440,0.226304,1.801600
494,traditional,0.079072,1.431552,0.235520,1.746144
495,traditional,0.079488,1.428480,0.227328,1.735296
496,traditional,0.081600,1.556480,0.240640,1.878720
497,traditional,0.079744,1.560576,0.241664,1.881984
498,traditional,0.105216,1.392640,0.226304,1.724160
499,traditional,0.103360,1.438720,0.237568,1.779648
500,traditional,0.113760,1.585152,0.241664,1.940576
501,traditional,0.080160,1.371136,0.226304,1.677600
502,traditional,0.081088,1.632256,0.237568,1.950912
503,traditional,0.103872,1.374208,0.227328,1.705408
504,traditional,0.079232,1.680384,0.233472,1.993088
505,traditional,0.104320,1.442816,0.227328,1.774464
506,traditional,0.084768,1.764352,0.514048,2.363168
507,traditional,0.116544,1.446912,0.227328,1.790784
508,traditional,0.079200,1.804288,0.253952,2.137440
509,traditional,0.083616,1.156096,0.227328,1.467040
510,traditional,0.078976,1.802240,0.251904,2.133120
511,traditional,0.083584,1.186816,0.226304,1.496704
512,traditional,0.079200,1.822720,0.248832,2.150752
513,traditional,0.079840,1.181696,0.226304,1.487840
514,traditional,0.107872,1.635328,0.246784,1.989984
515,traditional,0.081184,1.187840,0.238592,1.507616
516,traditional,0.084064,1.517568,0.239616,1.841248
517,traditional,0.103776,1.410048,0.244736,1.758560
518,traditional,0.108736,1.417216,0.229376,1.755328
519,traditional,0.080704,1.603584,0.239616,1.923904
520,traditional,0.112992,1.644544,0.402432,2.159968
521,traditional,0.078592,1.548288,0.226304,1.853184
522,traditional,0.111456,1.440768,0.223232,1.775456
523,traditional,0.078240,1.470464,0.462848,2.011552
524,traditional,0.079168,1.380352,0.226304,1.685824
525,traditional,0.081056,1.562624,0.235520,1.879200
526,traditional,0.097504,1.352704,0.228352,1.678560
527,traditional,0.118624,1.681408,0.241664,2.041696
528,traditional,0.085888,1.562624,0.233472,1.881984
529,traditional,0.103872,1.433600,0.224256,1.761728
530,traditional,0.078400,1.485824,0.488448,2.052672
531,traditional,0.080448,1.582080,0.243712,1.906240
532,traditional,0.080576,1.558528,0.230400,1.869504
533,traditional,0.083616,1.409024,0.230400,1.723040
534,traditional,0.114080,1.703936,0.244736,2.062752
535,traditional,0.105792,1.360896,0.428032,1.894720
536,traditional,0.079040,1.596416,0.230400,1.905856
537,traditional,0.080480,1.144832,0.223232,1.448544
538,traditional,0.091520,1.418240,0.226304,1.736064
539,traditional,0.114496,1.306624,0.208896,1.630016
540,traditional,0.105024,1.339392,0.210944,1.655360
541,traditional,0.083744,1.340416,0.221184,1.645344
542,traditional,0.074912,1.392640,0.214016,1.681568
543,traditional,0.099488,1.513472,0.222208,1.835168
544,traditional,0.112288,1.339392,0.210944,1.662624
545,traditional,0.099776,1.390592,0.221184,1.711552
546,traditional,0.096512,1.225728,0.204800,1.527040
547,traditional,0.073504,1.480704,0.206848,1.761056
548,traditional,0.073760,1.085440,0.202752,1.361952
549,traditional,0.072544,1.359872,0.216064,1.648480
550,traditional,0.099488,1.273856,0.203776,1.577120
551,traditional,0.117312,1.461248,0.217088,1.795648
552,traditional,0.073152,1.273856,0.218112,1.565120
553,traditional,0.101312,1.447936,0.219136,1.768384
554,traditional,0.074208,1.439744,0.207872,1.721824
555,traditional,0.099264,1.375232,0.203776,1.678272
556,traditional,0.072384,1.098752,0.217088,1.388224
557,traditional,0.084704,1.308672,0.206848,1.600224
558,traditional,0.079104,1.301504,0.217088,1.597696
559,traditional,0.083008,1.282048,0.205824,1.570880
560,traditional,0.075392,1.453056,0.223232,1.751680
561,traditional,0.100512,1.241088,0.203776,1.545376
562,traditional,0.107936,1.730560,0.225280,2.063776
563,traditional,0.073664,1.059840,0.212992,1.346496
564,traditional,0.073024,1.359872,0.214016,1.646912
565,traditional,0.099232,1.316864,0.201728,1.617824
566,traditional,0.099840,1.375232,0.200704,1.675776
567,traditional,0.071648,1.044480,0.201728,1.317856
568,traditional,0.110624,1.401856,0.219136,1.731616
569,traditional,0.102496,1.232896,0.203776,1.539168
570,traditional,0.071200,1.703936,0.223232,1.998368
571,traditional,0.076384,1.025024,0.200704,1.302112
572,traditional,0.099520,1.444864,0.224256,1.768640
573,traditional,0.075808,1.246208,0.200704,1.522720
574,traditional,0.111040,1.637376,0.221184,1.969600
575,traditional,0.071552,1.048576,0.201728,1.321856
576,traditional,0.074368,1.675264,0.226304,1.975936
577,traditional,0.099264,1.045504,0.201728,1.346496
578,traditional,0.102464,1.342464,0.201728,1.646656
579,traditional,0.073184,1.027072,0.201728,1.301984
580,traditional,0.110752,1.565696,0.227328,1.903776
581,traditional,0.072384,1.034240,0.201728,1.308352
582,traditional,0.083328,1.368064,0.221184,1.672576
583,traditional,0.096256,1.280000,0.201728,1.577984
584,traditional,0.095232,1.445888,0.228352,1.769472
585,traditional,0.111552,1.275904,0.207872,1.595328
586,traditional,0.091040,1.296384,0.203776,1.591200
587,traditional,0.071648,1.246208,0.202752,1.520608
588,traditional,0.110304,1.397760,0.216064,1.724128
589,traditional,0.086048,1.319936,0.216064,1.622048
590,traditional,0.104160,1.278976,0.205824,1.588960
591,traditional,0.100960,1.486848,0.218112,1.805920
592,traditional,0.098304,1.242112,0.205824,1.546240
593,traditional,0.071424,1.106944,0.217088,1.395456
594,traditional,0.074528,1.248256,0.205824,1.528608
595,traditional,0.075136,1.579008,0.219136,1.873280
596,traditional,0.075136,1.252352,0.204800,1.532288
597,traditional,0.083808,1.512448,0.208896,1.805152
598,traditional,0.074208,1.514496,0.205824,1.794528
599,traditional,0.072736,1.409024,0.221184,1.702944
600,traditional,0.108416,1.311744,0.204800,1.624960
601,traditional,0.100192,1.248256,0.203776,1.552224
602,traditional,0.072928,1.185792,0.215040,1.473760
603,traditional,0.071104,1.042432,0.201728,1.315264
604,traditional,0.104512,1.538048,0.214016,1.856576
605,traditional,0.071584,1.400832,0.206848,1.679264
606,traditional,0.099968,1.333248,0.202752,1.635968
607,traditional,0.071520,1.070080,0.214016,1.355616
608,traditional,0.101984,1.312768,0.205824,1.620576
609,traditional,0.076896,1.373184,0.206848,1.656928
610,traditional,0.102560,1.489920,0.218112,1.810592
611,traditional,0.113056,1.270784,0.201728,1.585568
612,traditional,0.094336,1.273856,0.211968,1.580160
613,traditional,0.096608,1.343488,0.211968,1.652064
614,traditional,0.100672,1.315840,0.200704,1.617216
615,traditional,0.070144,1.220608,0.199680,1.490432
616,traditional,0.095424,1.427456,0.215040,1.737920
617,traditional,0.078560,1.288192,0.214016,1.580768
618,traditional,0.112768,1.375232,0.207872,1.695872
619,traditional,0.111040,1.350656,0.210944,1.672640
620,traditional,0.084192,1.245184,0.216064,1.545440
621,traditional,0.097312,1.271808,0.204800,1.573920
622,traditional,0.072768,1.492992,0.218112,1.783872
623,traditional,0.102560,1.241088,0.208896,1.552544
624,traditional,0.099008,1.670144,0.226304,1.995456
625,traditional,0.073152,1.036288,0.205824,1.315264
626,traditional,0.071264,1.664000,0.229376,1.964640
627,traditional,0.072512,1.049600,0.230400,1.352512
628,traditional,0.118208,1.515520,0.216064,1.849792
629,traditional,0.101632,1.347584,0.233472,1.682688
630,traditional,0.100160,1.499136,0.234496,1.833792
631,traditional,0.104832,1.344512,0.225280,1.674624
632,traditional,0.102464,1.606656,0.235520,1.944640
633,traditional,0.081408,1.221632,0.234496,1.537536
634,traditional,0.078944,1.489920,0.235520,1.804384
635,traditional,0.084160,1.433600,0.236544,1.754304
636,traditional,0.117568,1.456128,0.222208,1.795904
637,traditional,0.075712,1.145856,0.222208,1.443776
638,traditional,0.104192,1.569792,0.240640,1.914624
639,traditional,0.116480,1.345536,0.223232,1.685248
640,traditional,0.107520,1.476608,0.224256,1.808384
641,traditional,0.103904,1.470464,0.235520,1.809888
642,traditional,0.122208,1.712128,0.404480,2.238816
643,traditional,0.077344,1.440768,0.237568,1.755680
644,traditional,0.083040,1.487872,0.235520,1.806432
645,traditional,0.117280,1.459200,0.498688,2.075168
646,traditional,0.078400,1.378304,0.225280,1.681984
647,traditional,0.081504,1.568768,0.238592,1.888864
648,traditional,0.101184,1.404928,0.224256,1.730368
649,traditional,0.110656,1.563648,0.236544,1.910848
650,traditional,0.079584,1.482752,0.226304,1.788640
651,traditional,0.100960,1.453056,0.224256,1.778272
652,traditional,0.095040,1.413120,0.235520,1.743680
653,traditional,0.106144,1.477632,0.227328,1.811104
654,traditional,0.105312,1.507328,0.235520,1.848160
655,traditional,0.096320,1.477632,0.500736,2.074688
656,traditional,0.129536,1.486848,0.238592,1.854976
657,traditional,0.103104,1.368064,0.225280,1.696448
658,traditional,0.078496,1.281024,0.480256,1.839776
659,traditional,0.077152,1.633280,0.244736,1.955168
660,traditional,0.105504,1.376256,0.550912,2.032672
661,traditional,0.103008,1.419264,0.236544,1.758816
662,traditional,0.102848,1.480704,0.477184,2.060736
663,traditional,0.077600,1.418240,0.225280,1.721120
664,traditional,0.117088,1.599488,0.237568,1.954144
665,traditional,0.079200,1.346560,0.220160,1.645920
666,traditional,0.077760,1.608704,0.232448,1.918912
667,traditional,0.100480,1.367040,0.221184,1.688704
668,traditional,0.077952,1.590272,0.223232,1.891456
669,traditional,0.094496,1.597440,0.236544,1.928480
670,traditional,0.107872,1.444864,0.221184,1.773920
671,traditional,0.080864,1.577984,0.225280,1.884128
672,traditional,0.104384,1.424384,0.221184,1.749952
673,traditional,0.077248,1.549312,0.223232,1.849792
674,traditional,0.106496,1.425408,0.221184,1.753088
675,traditional,0.076576,1.463296,0.219136,1.759008
676,traditional,0.107200,1.452032,0.219136,1.778368
677,traditional,0.078656,1.438720,0.230400,1.747776
678,traditional,0.106400,1.341440,0.218112,1.665952
679,traditional,0.075328,1.550336,0.221184,1.846848
680,traditional,0.081184,1.442816,0.219136,1.743136
681,traditional,0.076160,1.483776,0.219136,1.779072
682,traditional,0.103360,1.399808,0.219136,1.722304
683,traditional,0.076704,1.462272,0.228352,1.767328
684,traditional,0.101088,1.501184,0.221184,1.823456
685,traditional,0.081120,1.561600,0.224256,1.866976
686,traditional,0.078592,1.350656,0.221184,1.650432
687,traditional,0.078176,1.618944,0.223232,1.920352
688,traditional,0.119072,1.387520,0.221184,1.727776
689,traditional,0.107040,1.529856,0.224256,1.861152
690,traditional,0.080960,1.525760,0.238592,1.845312
691,traditional,0.106720,1.655808,0.226304,1.988832
692,traditional,0.079392,1.246208,0.235520,1.561120
693,traditional,0.124448,1.363968,0.221184,1.709600
694,traditional,0.077312,1.546240,0.225280,1.848832
695,traditional,0.101984,1.381376,0.221184,1.704544
696,traditional,0.077792,1.575936,0.224256,1.877984
697,traditional,0.101408,1.438720,0.221184,1.761312
698,traditional,0.078432,1.519616,0.460800,2.058848
699,traditional,0.114784,1.416192,0.222208,1.753184
700,traditional,0.078656,1.479680,0.221184,1.779520
701,traditional,0.107744,1.459200,0.221184,1.788128
702,traditional,0.077376,1.599488,0.225280,1.902144
703,traditional,0.078688,1.591296,0.220160,1.890144
704,traditional,0.080064,1.566720,0.220160,1.866944
705,traditional,0.077376,1.513472,0.248832,1.839680
706,traditional,0.105984,1.516544,0.220160,1.842688
707,traditional,0.077440,1.304576,0.219136,1.601152
708,traditional,0.111168,1.573888,0.229376,1.914432
709,traditional,0.087648,1.551360,0.221184,1.860192
710,traditional,0.101856,1.455104,0.218112,1.775072
711,traditional,0.089504,1.570816,0.220160,1.880480
712,traditional,0.085728,1.374208,0.234496,1.694432
713,traditional,0.105152,1.431552,0.224256,1.760960
714,traditional,0.079104,1.519616,0.237568,1.836288
715,traditional,0.116832,1.568768,0.238592,1.924192
716,traditional,0.119520,1.368064,0.415744,1.903328
717,traditional,0.101696,1.629184,0.238592,1.969472
718,traditional,0.078848,1.272832,0.236544,1.588224
719,traditional,0.106336,1.381376,0.226304,1.714016
720,traditional,0.077088,1.239040,0.231424,1.547552
721,traditional,0.115744,1.335296,0.231424,1.682464
722,traditional,0.077952,1.506304,0.234496,1.818752
723,traditional,0.089376,1.355776,0.231424,1.676576
724,traditional,0.113472,1.569792,0.243712,1.926976
725,traditional,0.115200,1.398784,0.219136,1.733120
726,traditional,0.100096,1.472512,0.233472,1.806080
727,traditional,0.076992,1.276928,0.218112,1.572032
728,traditional,0.081856,1.371136,0.206848,1.659840
729,traditional,0.095808,1.483776,0.216064,1.795648
730,traditional,0.074176,1.287168,0.207872,1.569216
731,traditional,0.073504,1.311744,0.231424,1.616672
732,traditional,0.075328,1.378304,0.217088,1.670720
733,traditional,0.132672,1.137664,0.203776,1.474112
734,traditional,0.074720,1.256448,0.204800,1.535968
735,traditional,0.103296,1.390592,0.217088,1.710976
736,traditional,0.099328,1.307648,0.207872,1.614848
737,traditional,0.071680,1.276928,0.222208,1.570816
738,traditional,0.114144,1.483776,0.227328,1.825248
739,traditional,0.075936,1.484800,0.207872,1.768608
740,traditional,0.102976,1.378304,0.203776,1.685056
741,traditional,0.077216,1.443840,0.207872,1.728928
742,traditional,0.101824,1.345536,0.204800,1.652160
743,traditional,0.071488,1.330176,0.218112,1.619776
744,traditional,0.083360,1.393664,0.221184,1.698208
745,traditional,0.090304,1.336320,0.216064,1.642688
746,traditional,0.101088,1.284096,0.208896,1.594080
747,traditional,0.072224,1.434624,0.231424,1.738272
748,traditional,0.096032,1.405952,0.219136,1.721120
749,traditional,0.097152,1.293312,0.214016,1.604480
750,traditional,0.081536,1.321984,0.204800,1.608320
751,traditional,0.112352,1.161216,0.212992,1.486560
752,traditional,0.102304,1.507328,0.220160,1.829792
753,traditional,0.100992,1.239040,0.203776,1.543808
754,traditional,0.102848,1.467392,0.221184,1.791424
755,traditional,0.097056,1.284096,0.203776,1.584928
756,traditional,0.073152,1.479680,0.220160,1.772992
757,traditional,0.072096,1.426432,0.206848,1.705376
758,traditional,0.101984,1.313792,0.203776,1.619552
759,traditional,0.070720,1.132544,0.220160,1.423424
760,traditional,0.100928,1.211392,0.203776,1.516096
761,traditional,0.072224,1.032192,0.203776,1.308192
762,traditional,0.098912,1.458176,0.216064,1.773152
763,traditional,0.074848,1.385472,0.207872,1.668192
764,traditional,0.098496,1.390592,0.217088,1.706176
765,traditional,0.099520,1.387520,0.217088,1.704128
766,traditional,0.099072,1.191936,0.206848,1.497856
767,traditional,0.075776,1.035264,0.203776,1.314816
768,traditional,0.095392,1.273856,0.208896,1.578144
769,traditional,0.088384,1.243136,0.216064,1.547584
770,traditional,0.102528,1.405952,0.205824,1.714304
771,traditional,0.071808,1.456128,0.222208,1.750144
772,traditional,0.103712,1.351680,0.217088,1.672480
773,traditional,0.098880,1.414144,0.210944,1.723968
774,traditional,0.074144,1.205248,0.204800,1.484192
775,traditional,0.073280,1.660928,0.228352,1.962560
776,traditional,0.076960,1.031168,0.201728,1.309856
777,traditional,0.093312,1.277952,0.214016,1.585280
778,traditional,0.096576,1.199104,0.203776,1.499456
779,traditional,0.101408,1.593344,0.230400,1.925152
780,traditional,0.073984,1.022976,0.201728,1.298688
781,traditional,0.097056,1.464320,0.215040,1.776416
782,traditional,0.072032,1.222656,0.206848,1.501536
783,traditional,0.100608,1.412096,0.215040,1.727744
784,traditional,0.072224,1.217536,0.202752,1.492512
785,traditional,0.112352,1.674240,0.226304,2.012896
786,traditional,0.073344,1.029120,0.202752,1.305216
787,traditional,0.071648,1.704960,0.228352,2.004960
788,traditional,0.075456,1.038336,0.203776,1.317568
789,traditional,0.097696,1.325056,0.205824,1.628576
790,traditional,0.072768,1.262592,0.216064,1.551424
791,traditional,0.072832,1.345536,0.216064,1.634432
792,traditional,0.100800,1.273856,0.202752,1.577408
793,traditional,0.076032,1.359872,0.215040,1.650944
794,traditional,0.079168,1.214464,0.203776,1.497408
795,traditional,0.074944,1.356800,0.216064,1.647808
796,traditional,0.096128,1.276928,0.203776,1.576832
797,traditional,0.083232,1.671168,0.228352,1.982752
798,traditional,0.073024,1.096704,0.215040,1.384768
799,traditional,0.072768,1.343488,0.216064,1.632320
800,traditional,0.100384,1.285120,0.203776,1.589280
801,traditional,0.124896,1.495040,0.218112,1.838048
802,traditional,0.082144,1.233920,0.203776,1.519840
803,traditional,0.074848,1.733632,0.222208,2.030688
804,traditional,0.080032,1.054720,0.203776,1.338528
805,traditional,0.071456,1.662976,0.228352,1.962784
806,traditional,0.073280,1.048576,0.203776,1.325632
807,traditional,0.073920,1.655808,0.232448,1.962176
808,traditional,0.074208,1.041408,0.203776,1.319392
809,traditional,0.105184,1.408000,0.217088,1.730272
810,traditional,0.072800,1.278976,0.220160,1.571936
811,traditional,0.097568,1.389568,0.210944,1.698080
812,traditional,0.099488,1.292288,0.229376,1.621152
813,traditional,0.095744,1.610752,0.209920,1.916416
814,traditional,0.129248,2.428928,0.392192,2.950368
815,traditional,0.129760,2.430976,0.219136,2.779872
816,traditional,0.096928,1.530880,0.205824,1.833632
817,traditional,0.072576,1.051648,0.203776,1.328000
818,traditional,0.072640,1.497088,0.220160,1.789888
819,traditional,0.077280,1.050624,0.207872,1.335776
820,traditional,0.071520,1.648640,0.228352,1.948512
821,traditional,0.077376,1.044480,0.205824,1.327680
822,traditional,0.073408,1.574912,0.242688,1.891008
823,traditional,0.142624,2.671616,0.433152,3.247392
824,traditional,0.143584,1.859584,0.226304,2.229472
825,traditional,0.078656,1.638400,0.239616,1.956672
826,traditional,0.111744,1.457152,0.225280,1.794176
827,traditional,0.080064,1.637376,0.410624,2.128064
828,traditional,0.083648,1.581056,0.240640,1.905344
829,traditional,0.079296,1.528832,0.241664,1.849792
830,traditional,0.106240,1.360896,0.225280,1.692416
831,traditional,0.103840,1.554432,0.234496,1.892768
832,traditional,0.110208,1.449984,0.236544,1.796736
833,traditional,0.104512,1.734656,0.548864,2.388032
834,traditional,0.084160,1.401856,0.236544,1.722560
835,traditional,0.088512,1.482752,0.240640,1.811904
836,traditional,0.111360,1.427456,0.236544,1.775360
837,traditional,0.104512,1.573888,0.240640,1.919040
838,traditional,0.080608,1.547264,0.223232,1.851104
839,traditional,0.079680,1.397760,0.226304,1.703744
840,traditional,0.110720,1.659904,0.241664,2.012288
841,traditional,0.105696,1.345536,0.421888,1.873120
842,traditional,0.078656,1.252352,0.241664,1.572672
843,traditional,0.080320,1.162240,0.224256,1.466816
844,traditional,0.078048,1.802240,0.244736,2.125024
845,traditional,0.079616,1.158144,0.224256,1.462016
846,traditional,0.106304,1.739776,0.244736,2.090816
847,traditional,0.079648,1.179648,0.241664,1.500960
848,traditional,0.090208,1.496064,0.241664,1.827936
849,traditional,0.104864,1.188864,0.416768,1.710496
850,traditional,0.118688,1.738752,0.237568,2.095008
851,traditional,0.106048,1.498112,0.237568,1.841728
852,traditional,0.117728,1.480704,0.498688,2.097120
853,traditional,0.104736,1.581056,0.236544,1.922336
854,traditional,0.079296,1.517568,0.515072,2.111936
855,traditional,0.118560,1.516544,0.236544,1.871648
856,traditional,0.091104,1.876992,0.227328,2.195424
857,traditional,0.078944,1.421312,0.239616,1.739872
858,traditional,0.104608,1.405952,0.224256,1.734816
859,traditional,0.077728,1.181696,0.240640,1.500064
860,traditional,0.084224,1.491968,0.242688,1.818880
861,traditional,0.102048,1.358848,0.224256,1.685152
862,traditional,0.125248,1.797120,0.242688,2.165056
863,traditional,0.078656,1.146880,0.225280,1.450816
864,traditional,0.105152,1.786880,0.242688,2.134720
865,traditional,0.079072,1.562624,0.241664,1.883360
866,traditional,0.080480,1.627136,0.226304,1.933920
867,traditional,0.079264,1.239040,0.240640,1.558944
868,traditional,0.103968,1.457152,0.226304,1.787424
869,traditional,0.077920,1.435648,0.239616,1.753184
870,traditional,0.112800,1.487872,0.234496,1.835168
871,traditional,0.110048,1.492992,0.238592,1.841632
872,traditional,0.111008,1.964032,0.242688,2.317728
873,traditional,0.079360,1.221632,0.236544,1.537536
874,traditional,0.105760,1.438720,0.226304,1.770784
875,traditional,0.078752,1.408000,0.245760,1.732512
876,traditional,0.080000,1.492992,0.237568,1.810560
877,traditional,0.101888,1.400832,0.240640,1.743360
878,traditional,0.081088,1.422336,0.237568,1.740992
879,traditional,0.105280,1.373184,0.225280,1.703744
880,traditional,0.103936,2.003968,0.229376,2.337280
881,traditional,0.076544,1.349632,0.221184,1.647360
882,traditional,0.106624,1.654784,0.232448,1.993856
883,traditional,0.107424,1.439744,0.236544,1.783712
884,traditional,0.102784,1.453056,0.224256,1.780096
885,traditional,0.078080,1.461248,0.548864,2.088192
886,traditional,0.083552,1.417216,0.227328,1.728096
887,traditional,0.100000,1.575936,0.239616,1.915552
888,traditional,0.105248,1.468416,0.223232,1.796896
889,traditional,0.077216,1.263616,0.478208,1.819040
890,traditional,0.078880,1.392640,0.226304,1.697824
891,traditional,0.093184,1.562624,0.235520,1.891328
892,traditional,0.100768,1.622016,0.405504,2.128288
893,traditional,0.077856,1.565696,0.238592,1.882144
894,traditional,0.077696,1.507328,0.233472,1.818496
895,traditional,0.108064,1.630208,0.236544,1.974816
896,traditional,0.081440,1.805312,0.228352,2.115104
897,traditional,0.079872,1.618944,0.238592,1.937408
898,traditional,0.107680,1.592320,0.226304,1.926304
899,traditional,0.077472,1.584128,0.466944,2.128544
900,traditional,0.078752,1.424384,0.225280,1.728416
901,traditional,0.103200,1.476608,0.222208,1.802016
902,traditional,0.079648,1.141760,0.223232,1.444640
903,traditional,0.104608,1.568768,0.238592,1.911968
904,traditional,0.104288,1.342464,0.223232,1.669984
905,traditional,0.111808,1.492992,0.235520,1.840320
906,traditional,0.103264,1.341440,0.222208,1.666912
907,traditional,0.118688,1.554432,0.230400,1.903520
908,traditional,0.104640,1.424384,0.238592,1.767616
909,traditional,0.115488,1.521664,0.228352,1.865504
910,traditional,0.108000,1.457152,0.235520,1.800672
911,traditional,0.102880,1.695744,0.406528,2.205152
912,traditional,0.079584,1.350656,0.236544,1.666784
913,traditional,0.105248,1.815552,0.404480,2.325280
914,traditional,0.083200,1.173504,0.247808,1.504512
915,traditional,0.082112,1.477632,0.219136,1.778880
916,traditional,0.101280,1.309696,0.206848,1.617824
917,traditional,0.073504,1.315840,0.223232,1.612576
918,traditional,0.073472,1.460224,0.227328,1.761024
919,traditional,0.074080,1.527808,0.222208,1.824096
920,traditional,0.075168,1.069056,0.223232,1.367456
921,traditional,0.101024,1.313792,0.210944,1.625760
922,traditional,0.086688,1.443840,0.225280,1.755808
923,traditional,0.102464,1.456128,0.229376,1.787968
924,traditional,0.091136,1.296384,0.220160,1.607680
925,traditional,0.073888,1.381376,0.221184,1.676448
926,traditional,0.105664,1.295360,0.206848,1.607872
927,traditional,0.103008,1.381376,0.220160,1.704544
928,traditional,0.104832,1.255424,0.206848,1.567104
929,traditional,0.112832,1.480704,0.225280,1.818816
930,traditional,0.079552,1.259520,0.210944,1.550016
931,traditional,0.077984,1.254400,0.207872,1.540256
932,traditional,0.076032,1.289216,0.217088,1.582336
933,traditional,0.103840,1.352704,0.210944,1.667488
934,traditional,0.073088,1.418240,0.227328,1.718656
935,traditional,0.095744,1.375232,0.221184,1.692160
936,traditional,0.098304,1.527808,0.231424,1.857536
937,traditional,0.072256,1.219584,0.395264,1.687104
938,traditional,0.082432,1.126400,0.218112,1.426944
939,traditional,0.077760,1.034240,0.202752,1.314752
940,traditional,0.072768,1.488896,0.218112,1.779776
941,traditional,0.073792,1.229824,0.202752,1.506368
942,traditional,0.071808,1.504256,0.216064,1.792128
943,traditional,0.093632,1.229824,0.203776,1.527232
944,traditional,0.071200,1.718272,0.224256,2.013728
945,traditional,0.078720,1.043456,0.201728,1.323904
946,traditional,0.096288,1.448960,0.220160,1.765408
947,traditional,0.110976,1.226752,0.202752,1.540480
948,traditional,0.083840,1.254400,0.202752,1.540992
949,traditional,0.070912,1.373184,0.204800,1.648896
950,traditional,0.072384,1.362944,0.207872,1.643200
951,traditional,0.097920,1.328128,0.215040,1.641088
952,traditional,0.098496,1.310720,0.204800,1.614016
953,traditional,0.070720,1.384448,0.208896,1.664064
954,traditional,0.106528,1.457152,0.215040,1.778720
955,traditional,0.102528,1.209344,0.201728,1.513600
956,traditional,0.096096,1.284096,0.218112,1.598304
957,traditional,0.093824,1.308672,0.218112,1.620608
958,traditional,0.073184,1.330176,0.212992,1.616352
959,traditional,0.112064,1.277952,0.201728,1.591744
960,traditional,0.084384,1.524736,0.215040,1.824160
961,traditional,0.097120,1.253376,0.215040,1.565536
962,traditional,0.104448,1.319936,0.205824,1.630208
963,traditional,0.075552,1.454080,0.221184,1.750816
964,traditional,0.073280,1.271808,0.219136,1.564224
965,traditional,0.097152,1.330176,0.218112,1.645440
966,traditional,0.072288,1.352704,0.218112,1.643104
967,traditional,0.101536,1.319936,0.204800,1.626272
968,traditional,0.086624,1.311744,0.218112,1.616480
969,traditional,0.101280,1.305600,0.204800,1.611680
970,traditional,0.154272,2.722816,0.402432,3.279520
971,traditional,0.165472,2.094080,0.206848,2.466400
972,traditional,0.072800,1.240064,0.203776,1.516640
973,traditional,0.071552,1.438720,0.206848,1.717120
974,traditional,0.073728,1.249280,0.204800,1.527808
975,traditional,0.099744,1.401856,0.220160,1.721760
976,traditional,0.095008,1.277952,0.204800,1.577760
977,traditional,0.102048,1.492992,0.216064,1.811104
978,traditional,0.078688,1.418240,0.220160,1.717088
979,traditional,0.101024,1.335296,0.204800,1.641120
980,traditional,0.071648,1.060864,0.222208,1.354720
981,traditional,0.075520,1.269760,0.206848,1.552128
982,traditional,0.099264,1.292288,0.223232,1.614784
983,traditional,0.076192,1.309696,0.218112,1.604000
984,traditional,0.116768,1.308672,0.205824,1.631264
985,traditional,0.096352,1.494016,0.218112,1.808480
986,traditional,0.097568,1.260544,0.205824,1.563936
987,traditional,0.097920,1.456128,0.211968,1.766016
988,traditional,0.098080,1.337344,0.205824,1.641248
989,traditional,0.101472,1.551360,0.214016,1.866848
990,traditional,0.099392,1.285120,0.217088,1.601600
991,traditional,0.114464,1.413120,0.234496,1.762080
992,traditional,0.102240,1.384448,0.403456,1.890144
993,traditional,0.158176,2.555904,0.390144,3.104224
994,traditional,0.162784,1.537024,0.360448,2.060256
995,traditional,0.073696,1.410048,0.220160,1.703904
996,traditional,0.097088,1.489920,0.221184,1.808192
997,traditional,0.073440,1.056768,0.203776,1.333984
998,traditional,0.078144,1.319936,0.228352,1.626432
999,traditional,0.108224,1.285120,0.204800,1.598144
1000,traditional,0.098080,1.352704,0.207872,1.658656
1001,traditional,0.098912,1.328128,0.221184,1.648224
1002,traditional,0.075232,1.377280,0.219136,1.671648
1003,traditional,0.099936,1.321984,0.205824,1.627744
1004,traditional,0.131648,2.619392,0.392192,3.143232
1005,traditional,0.143456,1.692672,0.206848,2.042976
1006,traditional,0.387232,1.341440,0.205824,1.934496
1007,traditional,0.074304,1.522688,0.225280,1.822272
1008,traditional,0.103680,1.471488,0.232448,1.807616
1009,traditional,0.080128,1.337344,0.483328,1.900800
1010,traditional,0.082080,1.645568,0.251904,1.979552
1011,traditional,0.112480,1.517568,0.244736,1.874784
1012,traditional,0.096576,1.467392,0.235520,1.799488
1013,traditional,0.081440,1.637376,0.234496,1.953312
1014,traditional,0.111936,1.472512,0.232448,1.816896
1015,traditional,0.091456,1.654784,0.417792,2.164032
1016,traditional,0.094816,1.598464,0.250880,1.944160
1017,traditional,0.081984,1.573888,0.247808,1.903680
1018,traditional,0.113600,1.448960,0.543744,2.106304
1019,traditional,0.081024,1.603584,0.248832,1.933440
1020,traditional,0.082080,1.296384,0.244736,1.623200
1021,traditional,0.110496,1.483776,0.232448,1.826720
1022,traditional,0.083168,1.528832,0.512000,2.124000
1023,traditional,0.094240,1.461248,0.234496,1.789984
1024,traditional,0.112992,1.694720,0.253952,2.061664
1025,traditional,0.096288,1.423360,0.443392,1.963040
1026,traditional,0.083232,1.647616,0.239616,1.970464
1027,traditional,0.083328,1.248256,0.260096,1.591680
1028,traditional,0.106784,1.634304,0.247808,1.988896
1029,traditional,0.111744,1.565696,0.250880,1.928320
1030,traditional,0.086720,1.557504,0.525312,2.169536
1031,traditional,0.141504,1.640448,0.251904,2.033856
1032,traditional,0.111520,1.508352,0.242688,1.862560
1033,traditional,0.081952,1.574912,0.495616,2.152480
1034,traditional,0.083072,1.654784,0.252928,1.990784
1035,traditional,0.086784,1.686528,0.237568,2.010880
1036,traditional,0.084512,1.677312,0.422912,2.184736
1037,traditional,0.082048,1.635328,0.249856,1.967232
1038,traditional,0.126368,1.583104,0.517120,2.226592
1039,traditional,0.124736,1.741824,0.252928,2.119488
1040,traditional,0.082688,1.441792,0.236544,1.761024
1041,traditional,0.112096,1.850368,0.424960,2.387424
1042,traditional,0.083040,1.428480,0.236544,1.748064
1043,traditional,0.117536,1.616896,0.599040,2.333472
1044,traditional,0.111136,1.609728,0.237568,1.958432
1045,traditional,0.082240,1.486848,0.525312,2.094400
1046,traditional,0.108224,1.794048,0.263168,2.165440
1047,traditional,0.104064,1.611776,0.236544,1.952384
1048,traditional,0.121184,1.853440,0.425984,2.400608
1049,traditional,0.082368,1.435648,0.235520,1.753536
1050,traditional,0.114784,1.867776,0.427008,2.409568
1051,traditional,0.083360,1.474560,0.247808,1.805728
1052,traditional,0.111712,1.720320,0.261120,2.093152
1053,traditional,0.086208,1.641472,0.234496,1.962176
1054,traditional,0.084672,1.622016,0.248832,1.955520
1055,traditional,0.117760,1.522688,0.523264,2.163712
1056,traditional,0.120320,1.556480,0.232448,1.909248
1057,traditional,0.083712,1.697792,0.245760,2.027264
1058,traditional,0.081024,1.593344,0.246784,1.921152
1059,traditional,0.083296,1.552384,0.232448,1.868128
1060,traditional,0.081440,1.521664,0.521216,2.124320
1061,traditional,0.082976,1.485824,0.234496,1.803296
1062,traditional,0.109600,1.642496,0.249856,2.001952
1063,traditional,0.116928,1.410048,0.442368,1.969344
1064,traditional,0.081920,1.353728,0.259072,1.694720
1065,traditional,0.083168,1.318912,0.247808,1.649888
1066,traditional,0.083744,1.462272,0.248832,1.794848
1067,traditional,0.111616,1.272832,0.613376,1.997824
1068,traditional,0.110016,1.976320,0.252928,2.339264
1069,traditional,0.086016,1.435648,0.577536,2.099200
1070,traditional,0.108800,1.602560,0.245760,1.957120
1071,traditional,0.101024,1.792000,0.245760,2.138784
1072,traditional,0.111872,1.495040,0.232448,1.839360
1073,traditional,0.081056,1.542144,0.481280,2.104480
1074,traditional,0.081248,1.442816,0.232448,1.756512
1075,traditional,0.106816,1.556480,0.243712,1.907008
1076,traditional,0.109664,1.391616,0.230400,1.731680
1077,traditional,0.111232,1.853440,0.250880,2.215552
1078,traditional,0.083040,1.246208,0.273408,1.602656
1079,traditional,0.092320,1.562624,0.242688,1.897632
1080,traditional,0.116224,1.538048,0.254976,1.909248
1081,traditional,0.081952,1.982464,0.237568,2.301984
1082,traditional,0.081376,1.523712,0.251904,1.856992
1083,traditional,0.106272,1.538048,0.239616,1.883936
1084,traditional,0.082688,1.523712,0.670720,2.277120
1085,traditional,0.095840,1.676288,0.253952,2.026080
1086,traditional,0.094784,1.639424,0.237568,1.971776
1087,traditional,0.104640,1.500160,0.234496,1.839296
1088,traditional,0.093280,1.671168,0.420864,2.185312
1089,traditional,0.083424,1.613824,0.233472,1.930720
1090,traditional,0.110720,1.728512,0.419840,2.259072
1091,traditional,0.080448,1.431552,0.233472,1.745472
1092,traditional,0.081568,1.335296,0.556032,1.972896
1093,traditional,0.084064,1.645568,0.236544,1.966176
1094,traditional,0.120864,1.469440,0.233472,1.823776
1095,traditional,0.081760,1.598464,0.235520,1.915744
1096,traditional,0.108672,1.483776,0.236544,1.828992
1097,traditional,0.081632,1.565696,0.488448,2.135776
1098,traditional,0.082176,1.468416,0.229376,1.779968
1099,traditional,0.090592,1.588224,0.273408,1.952224
1100,traditional,0.119840,1.451008,0.235520,1.806368
1101,traditional,0.108224,1.677312,0.256000,2.041536
1102,traditional,0.113216,1.383424,0.441344,1.937984
1103,traditional,0.122240,1.616896,0.243712,1.982848
1104,traditional,0.108768,1.489920,0.247808,1.846496
1105,traditional,0.088064,1.523712,0.523264,2.135040
1106,traditional,0.107488,1.624064,0.248832,1.980384
1107,traditional,0.081536,2.025472,0.237568,2.344576
1108,traditional,0.083072,1.625088,0.237568,1.945728
1109,traditional,0.085184,1.468416,0.236544,1.790144
1110,traditional,0.112672,1.815552,0.251904,2.180128
1111,traditional,0.096320,1.606656,0.240640,1.943616
1112,traditional,0.081760,1.584128,0.212992,1.878880
1113,traditional,0.078784,1.092608,0.211968,1.383360
1114,traditional,0.102336,1.575936,0.231424,1.909696
1115,traditional,0.076224,1.269760,0.211968,1.557952
1116,traditional,0.100128,1.718272,0.228352,2.046752
1117,traditional,0.075008,1.081344,0.210944,1.367296
1118,traditional,0.074912,1.616896,0.223232,1.915040
1119,traditional,0.099872,1.297408,0.215040,1.612320
1120,traditional,0.104832,1.724416,0.216064,2.045312
1121,traditional,0.075744,1.112064,0.210944,1.398752
1122,traditional,0.105984,1.514496,0.231424,1.851904
1123,traditional,0.086752,1.079296,0.211968,1.378016
1124,traditional,0.098176,1.501184,0.222208,1.821568
1125,traditional,0.107264,1.291264,0.211968,1.610496
1126,traditional,0.093536,1.705984,0.230400,2.029920
1127,traditional,0.082304,1.099776,0.222208,1.404288
1128,traditional,0.077600,1.430528,0.224256,1.732384
1129,traditional,0.102848,1.313792,0.210944,1.627584
1130,traditional,0.101472,1.397760,0.225280,1.724512
1131,traditional,0.112864,1.333248,0.210944,1.657056
1132,traditional,0.078464,1.618944,0.223232,1.920640
1133,traditional,0.075008,1.307648,0.237568,1.620224
1134,traditional,0.103584,1.657856,0.216064,1.977504
1135,traditional,0.074848,1.088512,0.211968,1.375328
1136,traditional,0.108096,1.664000,0.234496,2.006592
1137,traditional,0.073376,1.115136,0.221184,1.409696
1138,traditional,0.077248,1.342464,0.216064,1.635776
1139,traditional,0.096448,1.302528,0.203776,1.602752
1140,traditional,0.097088,1.628160,0.225280,1.950528
1141,traditional,0.072320,1.041408,0.203776,1.317504
1142,traditional,0.099712,1.497088,0.223232,1.820032
1143,traditional,0.098944,1.241088,0.202752,1.542784
1144,traditional,0.076320,1.508352,0.224256,1.808928
1145,traditional,0.077440,1.494016,0.205824,1.777280
1146,traditional,0.072480,1.380352,0.208896,1.661728
1147,traditional,0.103520,1.443840,0.221184,1.768544
1148,traditional,0.097024,1.281024,0.203776,1.581824
1149,traditional,0.071744,1.150976,0.226304,1.449024
1150,traditional,0.085312,1.054720,0.202752,1.342784
1151,traditional,0.100768,1.499136,0.216064,1.815968
1152,traditional,0.075008,1.244160,0.217088,1.536256
1153,traditional,0.096096,1.434624,0.220160,1.750880
1154,traditional,0.099008,1.241088,0.203776,1.543872
1155,traditional,0.109920,1.345536,0.206848,1.662304
1156,traditional,0.072064,1.286144,0.216064,1.574272
1157,traditional,0.073248,1.537024,0.216064,1.826336
1158,traditional,0.076576,1.197056,0.217088,1.490720
1159,traditional,0.071872,1.043456,0.203776,1.319104
1160,traditional,0.073024,1.367040,0.216064,1.656128
1161,traditional,0.073312,1.094656,0.216064,1.384032
1162,traditional,0.072256,1.235968,0.203776,1.512000
1163,traditional,0.087328,1.287168,0.216064,1.590560
1164,traditional,0.109024,1.345536,0.203776,1.658336
1165,traditional,0.073088,1.444864,0.222208,1.740160
1166,traditional,0.097856,1.436672,0.220160,1.754688
1167,traditional,0.098816,1.267712,0.201728,1.568256
1168,traditional,0.099136,1.431552,0.214016,1.744704
1169,traditional,0.072000,1.230848,0.222208,1.525056
1170,traditional,0.113696,1.311744,0.203776,1.629216
1171,traditional,0.072256,1.264640,0.214016,1.550912
1172,traditional,0.085920,1.343488,0.220160,1.649568
1173,traditional,0.075744,1.429504,0.216064,1.721312
1174,traditional,0.072480,1.265664,0.203776,1.541920
1175,traditional,0.094400,1.325056,0.230400,1.649856
1176,traditional,0.102208,1.361920,0.207872,1.672000
1177,traditional,0.096064,1.334272,0.215040,1.645376
1178,traditional,0.098336,1.336320,0.218112,1.652768
1179,traditional,0.106816,1.249280,0.203776,1.559872
1180,traditional,0.100736,1.641472,0.227328,1.969536
1181,traditional,0.072544,1.508352,0.398336,1.979232
1182,traditional,0.182048,2.552832,0.393216,3.128096
1183,traditional,0.110016,1.366016,0.204800,1.680832
1184,traditional,0.096576,1.315840,0.203776,1.616192
1185,traditional,0.071712,1.510400,0.215040,1.797152
1186,traditional,0.110720,1.332224,0.204800,1.647744
1187,traditional,0.070944,1.400832,0.241664,1.713440
1188,traditional,0.080608,1.397760,0.207872,1.686240
1189,traditional,0.073280,1.481728,0.211968,1.766976
1190,traditional,0.074432,1.449984,0.230400,1.754816
1191,traditional,0.097312,1.274880,0.207872,1.580064
1192,traditional,0.098752,1.369088,0.220160,1.688000
1193,traditional,0.101088,1.327104,0.229376,1.657568
1194,traditional,0.086848,1.375232,0.221184,1.683264
1195,traditional,0.102624,1.340416,0.219136,1.662176
1196,traditional,0.131168,2.805760,0.395264,3.332192
1197,traditional,0.131680,1.869824,0.380928,2.382432
1198,traditional,0.073856,1.441792,0.227328,1.742976
1199,traditional,0.114464,1.549312,0.208896,1.872672
1200,traditional,0.083616,1.055744,0.207872,1.347232
1201,traditional,0.071968,1.458176,0.225280,1.755424
1202,traditional,0.132704,2.438144,0.399360,2.970208
1203,traditional,0.131552,2.391040,0.244736,2.767328
1204,traditional,0.113024,1.629184,0.398336,2.140544
1205,traditional,0.087360,1.334272,0.220160,1.641792
1206,traditional,0.105728,1.730560,0.240640,2.076928
1207,traditional,0.076800,1.161216,0.231424,1.469440
1208,traditional,0.114912,1.451008,0.221184,1.787104
1209,traditional,0.082496,1.223680,0.236544,1.542720
1210,traditional,0.104704,1.424384,0.221184,1.750272
1211,traditional,0.079648,1.366016,0.233472,1.679136
1212,traditional,0.117504,1.392640,0.222208,1.732352
1213,traditional,0.108288,1.547264,0.237568,1.893120
1214,traditional,0.102880,1.614848,0.395264,2.112992
1215,traditional,0.109792,1.570816,0.221184,1.901792
1216,traditional,0.090112,1.430528,0.215040,1.735680
1217,traditional,0.076320,1.570816,0.228352,1.875488
1218,traditional,0.103904,1.391616,0.216064,1.711584
1219,traditional,0.074272,1.574912,0.217088,1.866272
1220,traditional,0.108096,1.375232,0.215040,1.698368
1221,traditional,0.076608,1.667072,0.219136,1.962816
1222,traditional,0.075136,1.828864,0.217088,2.121088
1223,traditional,0.076160,1.516544,0.217088,1.809792
1224,traditional,0.076864,1.436672,0.233472,1.747008
1225,traditional,0.099616,1.409024,0.214016,1.722656
1226,traditional,0.104448,1.338368,0.215040,1.657856
1227,traditional,0.074208,1.165312,0.230400,1.469920
1228,traditional,0.077792,1.093632,0.214016,1.385440
1229,traditional,0.087008,1.590272,0.226304,1.903584
1230,traditional,0.076832,1.299456,0.219136,1.595424
1231,traditional,0.093984,1.653760,0.236544,1.984288
1232,traditional,0.077696,1.121280,0.226304,1.425280
1233,traditional,0.087616,1.449984,0.224256,1.761856
1234,traditional,0.082752,1.346560,0.227328,1.656640
1235,traditional,0.118560,1.496064,0.234496,1.849120
1236,traditional,0.075808,1.527808,0.217088,1.820704
1237,traditional,0.104768,1.400832,0.215040,1.720640
1238,traditional,0.074880,1.481728,0.217088,1.773696
1239,traditional,0.099072,1.397760,0.215040,1.711872
1240,traditional,0.076576,1.432576,0.227328,1.736480
1241,traditional,0.076704,1.392640,0.232448,1.701792
1242,traditional,0.118048,1.171456,0.215040,1.504544
1243,traditional,0.101984,1.414144,0.230400,1.746528
1244,traditional,0.111424,1.150976,0.211968,1.474368
1245,traditional,0.076064,1.278976,0.236544,1.591584
1246,traditional,0.102464,1.361920,0.222208,1.686592
1247,traditional,0.101056,1.378304,0.215040,1.694400
1248,traditional,0.087552,1.321984,0.223232,1.632768
1249,traditional,0.103072,1.479680,0.224256,1.807008
1250,traditional,0.116832,1.550336,0.226304,1.893472
1251,traditional,0.111776,1.370112,0.211968,1.693856
1252,traditional,0.076032,1.374208,0.224256,1.674496
1253,traditional,0.116640,1.377280,0.215040,1.708960
1254,traditional,0.077344,1.316864,0.228352,1.622560
1255,traditional,0.101984,1.511424,0.231424,1.844832
1256,traditional,0.077664,1.503232,0.219136,1.800032
1257,traditional,0.105056,1.391616,0.216064,1.712736
1258,traditional,0.077184,1.380352,0.227328,1.684864
1259,traditional,0.103040,1.410048,0.238592,1.751680
1260,traditional,0.080992,1.326080,0.226304,1.633376
1261,traditional,0.112864,1.363968,0.218112,1.694944
1262,traditional,0.100160,1.408000,0.228352,1.736512
1263,traditional,0.076160,1.449984,0.226304,1.752448
1264,traditional,0.113984,1.357824,0.238592,1.710400
1265,traditional,0.088128,1.455104,0.226304,1.769536
1266,traditional,0.106592,1.379328,0.227328,1.713248
1267,traditional,0.079616,1.422336,0.227328,1.729280
1268,traditional,0.102336,1.296384,0.218112,1.616832
1269,traditional,0.101216,1.354752,0.216064,1.672032
1270,traditional,0.077152,1.354752,0.227328,1.659232
1271,traditional,0.073984,1.409024,0.227328,1.710336
1272,traditional,0.102592,1.367040,0.228352,1.697984
1273,traditional,0.076704,1.437696,0.229376,1.743776
1274,traditional,0.106080,1.340416,0.217088,1.663584
1275,traditional,0.101312,1.767424,0.231424,2.100160
1276,traditional,0.077568,1.133568,0.229376,1.440512
1277,traditional,0.108384,1.378304,0.220160,1.706848
1278,traditional,0.076992,1.442816,0.229376,1.749184
1279,traditional,0.078592,1.449984,0.230400,1.758976
1280,traditional,0.110880,1.459200,0.231424,1.801504
1281,traditional,0.102816,1.394688,0.217088,1.714592
1282,traditional,0.082208,1.573888,0.219136,1.875232
1283,traditional,0.113184,1.402880,0.220160,1.736224
1284,traditional,0.077120,1.546240,0.219136,1.842496
1285,traditional,0.108320,1.410048,0.216064,1.734432
1286,traditional,0.078240,1.475584,0.217088,1.770912
1287,traditional,0.101504,1.405952,0.217088,1.724544
1288,traditional,0.077280,1.504256,0.228352,1.809888
1289,traditional,0.116992,1.420288,0.216064,1.753344
1290,traditional,0.077344,1.452032,0.229376,1.758752
1291,traditional,0.077440,1.444864,0.228352,1.750656
1292,traditional,0.113280,1.431552,0.229376,1.774208
1293,traditional,0.077024,1.519616,0.232448,1.829088
1294,traditional,0.077120,1.527808,0.220160,1.825088
1295,traditional,0.079392,1.523712,0.234496,1.837600
1296,traditional,0.076928,1.580032,0.236544,1.893504
1297,traditional,0.079808,1.442816,0.228352,1.750976
1298,traditional,0.105760,1.611776,0.234496,1.952032
1299,traditional,0.077280,1.335296,0.219136,1.631712
1300,traditional,0.077344,1.605632,0.230400,1.913376
1301,traditional,0.085824,1.347584,0.220160,1.653568
1302,traditional,0.115584,1.544192,0.225280,1.885056
1303,traditional,0.096736,1.429504,0.221184,1.747424
1304,traditional,0.106400,1.572864,0.225280,1.904544
1305,traditional,0.104064,1.435648,0.217088,1.756800
1306,traditional,0.110112,1.628160,0.489472,2.227744
1307,traditional,0.099712,1.446912,0.220160,1.766784
1308,traditional,0.105280,1.746944,0.242688,2.094912
1309,traditional,0.078048,1.179648,0.233472,1.491168
1310,traditional,0.083136,1.393664,0.223232,1.700032
1311,traditional,0.088832,1.632256,0.241664,1.962752
1312,traditional,0.085312,1.475584,0.221184,1.782080
1313,traditional,0.076864,1.611776,0.222208,1.910848
1314,traditional,0.079008,1.448960,0.221184,1.749152
1315,traditional,0.086784,1.577984,0.237568,1.902336
1316,traditional,0.115360,1.443840,0.221184,1.780384
1317,traditional,0.076224,1.453056,0.473088,2.002368
1318,traditional,0.079584,1.526784,0.232448,1.838816
1319,traditional,0.107712,1.533952,0.234496,1.876160
1320,traditional,0.108672,1.376256,0.220160,1.705088
1321,traditional,0.076096,1.302528,0.524288,1.902912
1322,traditional,0.077376,1.175552,0.231424,1.484352
1323,traditional,0.105664,1.380352,0.221184,1.707200
1324,traditional,0.102400,1.532928,0.221184,1.856512
1325,traditional,0.107936,1.425408,0.220160,1.753504
1326,traditional,0.103680,1.655808,0.234496,1.993984
1327,traditional,0.103072,1.346560,0.412672,1.862304
1328,traditional,0.088768,1.133568,0.221184,1.443520
1329,traditional,0.078784,1.125376,0.220160,1.424320
1330,traditional,0.077664,1.659904,0.232448,1.970016
1331,traditional,0.082784,1.349632,0.221184,1.653600
1332,traditional,0.121344,1.551360,0.222208,1.894912
1333,traditional,0.077952,1.608704,0.223232,1.909888
1334,traditional,0.104288,1.447936,0.211968,1.764192
1335,traditional,0.077888,1.454080,0.210944,1.742912
1336,traditional,0.120832,1.452032,0.215040,1.787904
1337,traditional,0.076576,1.445888,0.217088,1.739552
1338,traditional,0.100032,1.399808,0.219136,1.718976
1339,traditional,0.077888,1.452032,0.234496,1.764416
1340,traditional,0.121568,1.420288,0.219136,1.760992
1341,traditional,0.076608,1.146880,0.229376,1.452864
1342,traditional,0.083648,1.463296,0.233472,1.780416
1343,traditional,0.103040,1.347584,0.219136,1.669760
1344,traditional,0.123456,1.873920,0.239616,2.236992
1345,traditional,0.079968,1.129472,0.227328,1.436768
1346,traditional,0.102176,1.385472,0.214016,1.701664
1347,traditional,0.087680,1.552384,0.232448,1.872512
1348,traditional,0.102688,1.421312,0.221184,1.745184
1349,traditional,0.115200,1.587200,0.233472,1.935872
1350,traditional,0.078464,1.299456,0.212992,1.590912
1351,traditional,0.076224,1.760256,0.248832,2.085312
1352,traditional,0.078176,1.137664,0.209920,1.425760
1353,traditional,0.080864,1.639424,0.224256,1.944544
1354,traditional,0.082816,1.190912,0.230400,1.504128
1355,traditional,0.079072,1.472512,0.246784,1.798368
1356,traditional,0.101856,1.388544,0.236544,1.726944
1357,traditional,0.080320,1.477632,0.233472,1.791424
1358,traditional,0.101888,1.347584,0.211968,1.661440
1359,traditional,0.102688,1.772544,0.240640,2.115872
1360,traditional,0.081504,1.176576,0.228352,1.486432
1361,traditional,0.081728,1.491968,0.238592,1.812288
1362,traditional,0.110688,1.376256,0.216064,1.703008
1363,traditional,0.121760,1.547264,0.223232,1.892256
1364,traditional,0.101664,1.434624,0.234496,1.770784
1365,traditional,0.078816,1.480704,0.233472,1.792992
1366,traditional,0.106560,1.370112,0.233472,1.710144
1367,traditional,0.081856,1.485824,0.232448,1.800128
1368,traditional,0.101632,1.402880,0.238592,1.743104
1369,traditional,0.077312,1.532928,0.238592,1.848832
1370,traditional,0.079296,1.375232,0.234496,1.689024
1371,traditional,0.078208,1.461248,0.227328,1.766784
1372,traditional,0.099200,1.351680,0.230400,1.681280
1373,traditional,0.104128,1.392640,0.212992,1.709760
1374,traditional,0.095168,1.411072,0.233472,1.739712
1375,traditional,0.098496,1.475584,0.237568,1.811648
1376,traditional,0.103296,1.487872,0.605184,2.196352
1377,traditional,0.101088,1.361920,0.211968,1.674976
1378,traditional,0.077536,1.542144,0.214016,1.833696
1379,traditional,0.103840,1.420288,0.211968,1.736096
1380,traditional,0.077792,1.473536,0.221184,1.772512
1381,traditional,0.105248,1.427456,0.211968,1.744672
1382,traditional,0.080576,1.496064,0.210944,1.787584
1383,traditional,0.077664,1.540096,0.240640,1.858400
1384,traditional,0.099008,1.517568,0.215040,1.831616
1385,traditional,0.078656,1.597440,0.214016,1.890112
1386,traditional,0.079584,1.569792,0.215040,1.864416
1387,traditional,0.078016,1.375232,0.222208,1.675456
1388,traditional,0.105792,1.684480,0.237568,2.027840
1389,traditional,0.093888,1.321984,0.413696,1.829568
1390,traditional,0.077024,1.639424,0.228352,1.944800
1391,traditional,0.078272,1.146880,0.226304,1.451456
1392,traditional,0.080096,1.470464,0.235520,1.786080
1393,traditional,0.101152,1.330176,0.217088,1.648416
1394,traditional,0.105184,1.768448,0.239616,2.113248
1395,traditional,0.077952,1.128448,0.206848,1.413248
1396,traditional,0.084640,1.389568,0.234496,1.708704
1397,traditional,0.077056,1.345536,0.230400,1.652992
1398,traditional,0.103072,1.547264,0.236544,1.886880
1399,traditional,0.083616,1.193984,0.230400,1.508000
1400,traditional,0.105632,1.439744,0.210944,1.756320
1401,traditional,0.074304,1.168384,0.240640,1.483328
1402,traditional,0.078240,1.439744,0.230400,1.748384
1403,traditional,0.109184,1.371136,0.227328,1.707648
1404,traditional,0.103200,1.533952,0.232448,1.869600
1405,traditional,0.100800,1.531904,0.207872,1.840576
1406,traditional,0.108896,1.474560,0.216064,1.799520
1407,traditional,0.113664,1.395712,0.208896,1.718272
1408,traditional,0.100544,1.443840,0.206848,1.751232
1409,traditional,0.088672,1.607680,0.399360,2.095712
1410,traditional,0.076736,1.532928,0.234496,1.844160
1411,traditional,0.105952,1.503232,0.231424,1.840608
1412,traditional,0.112608,1.309696,0.204800,1.627104
1413,traditional,0.075008,1.809408,0.234496,2.118912
1414,traditional,0.077280,1.089536,0.202752,1.369568
1415,traditional,0.075168,1.781760,0.240640,2.097568
1416,traditional,0.079392,1.098752,0.202752,1.380896
1417,traditional,0.078560,1.753088,0.237568,2.069216
1418,traditional,0.077984,1.092608,0.202752,1.373344
1419,traditional,0.077632,1.616896,0.216064,1.910592
1420,traditional,0.076000,1.306624,0.206848,1.589472
1421,traditional,0.115616,1.756160,0.402432,2.274208
1422,traditional,0.076992,1.131520,0.207872,1.416384
1423,traditional,0.127072,1.636352,0.217088,1.980512
1424,traditional,0.083392,1.522688,0.239616,1.845696
1425,traditional,0.088480,1.443840,0.228352,1.760672
1426,traditional,0.117792,1.517568,0.509952,2.145312
1427,traditional,0.106016,1.428480,0.205824,1.740320
1428,traditional,0.075040,1.506304,0.210944,1.792288
1429,traditional,0.104160,1.438720,0.203776,1.746656
1430,traditional,0.074304,1.517568,0.219136,1.811008
1431,traditional,0.103264,1.405952,0.203776,1.712992
1432,traditional,0.075520,1.416192,0.227328,1.719040
1433,traditional,0.077088,1.246208,0.203776,1.527072
1434,traditional,0.075616,1.137664,0.228352,1.441632
1435,traditional,0.075712,1.305600,0.223232,1.604544
1436,traditional,0.111040,1.363968,0.224256,1.699264
1437,traditional,0.103232,1.649664,0.239616,1.992512
1438,traditional,0.078208,1.099776,0.202752,1.380736
1439,traditional,0.100128,1.355776,0.209920,1.665824
1440,traditional,0.079968,1.372160,0.226304,1.678432
1441,traditional,0.090432,1.483776,0.226304,1.800512
1442,traditional,0.114336,1.412096,0.227328,1.753760
1443,traditional,0.101408,1.414144,0.206848,1.722400
1444,traditional,0.077216,1.344512,0.230400,1.652128
1445,traditional,0.077184,1.430528,0.229376,1.737088
1446,traditional,0.099136,1.310720,0.205824,1.615680
1447,traditional,0.096544,1.413120,0.210944,1.720608
1448,traditional,0.076640,1.331200,0.229376,1.637216
1449,traditional,0.076128,1.428480,0.229376,1.733984
1450,traditional,0.106560,1.321984,0.228352,1.656896
1451,traditional,0.077536,1.420288,0.229376,1.727200
1452,traditional,0.113952,1.307648,0.205824,1.627424
1453,traditional,0.115232,1.519616,0.220160,1.855008
1454,traditional,0.102400,1.333248,0.231424,1.667072
1455,traditional,0.100800,1.640448,0.210944,1.952192
1456,traditional,0.077824,1.100800,0.205824,1.384448
1457,traditional,0.112832,1.526784,0.238592,1.878208
1458,traditional,0.081344,1.162240,0.252928,1.496512
1459,traditional,0.077088,1.347584,0.232448,1.657120
1460,traditional,0.098400,1.330176,0.207872,1.636448
1461,traditional,0.102400,1.507328,0.223232,1.832960
1462,traditional,0.100512,1.358848,0.231424,1.690784
1463,traditional,0.090944,1.440768,0.232448,1.764160
1464,traditional,0.103136,1.347584,0.244736,1.695456
1465,traditional,0.100384,1.376256,0.211968,1.688608
1466,traditional,0.076576,1.362944,0.234496,1.674016
1467,traditional,0.100640,1.634304,0.212992,1.947936
1468,traditional,0.078496,1.168384,0.236544,1.483424
1469,traditional,0.101088,1.287168,0.207872,1.596128
1470,traditional,0.075744,1.161216,0.226304,1.463264
1471,traditional,0.077792,1.454080,0.231424,1.763296
1472,traditional,0.079776,1.360896,0.232448,1.673120
1473,traditional,0.100064,1.434624,0.216064,1.750752
1474,traditional,0.103424,1.413120,0.229376,1.745920
1475,traditional,0.103392,1.429504,0.212992,1.745888
1476,traditional,0.104864,1.448960,0.235520,1.789344
1477,traditional,0.077984,1.431552,0.230400,1.739936
1478,traditional,0.103456,1.308672,0.207872,1.620000
1479,traditional,0.100672,1.738752,0.239616,2.079040
1480,traditional,0.082144,1.100800,0.206848,1.389792
1481,traditional,0.103136,1.600512,0.237568,1.941216
1482,traditional,0.076608,1.481728,0.227328,1.785664
1483,traditional,0.080960,1.461248,0.233472,1.775680
1484,traditional,0.117376,1.350656,0.206848,1.674880
1485,traditional,0.100672,1.386496,0.243712,1.730880
1486,traditional,0.107040,1.186816,0.535552,1.829408
1487,traditional,0.101440,1.409024,0.229376,1.739840
1488,traditional,0.101824,1.445888,0.230400,1.778112
1489,traditional,0.101184,1.394688,0.214016,1.709888
1490,traditional,0.080384,1.523712,0.217088,1.821184
1491,traditional,0.106592,1.426432,0.212992,1.746016
1492,traditional,0.077760,1.455104,0.232448,1.765312
1493,traditional,0.086240,1.516544,0.214016,1.816800
1494,traditional,0.081760,1.208320,0.227328,1.517408
1495,traditional,0.080128,1.368064,0.236544,1.684736
1496,traditional,0.103424,1.448960,0.249856,1.802240
1497,traditional,0.079456,1.462272,0.235520,1.777248
1498,traditional,0.103104,1.369088,0.246784,1.718976
1499,traditional,0.115616,1.530880,0.226304,1.872800
1500,traditional,0.078912,1.378304,0.248832,1.706048
1501,traditional,0.080064,1.516544,0.250880,1.847488
1502,traditional,0.113888,1.468416,0.478208,2.060512
1503,traditional,0.105088,1.500160,0.212992,1.818240
1504,traditional,0.078496,1.786880,0.226304,2.091680
1505,traditional,0.106528,1.435648,0.217088,1.759264
1506,traditional,0.079328,1.460224,0.218112,1.757664
1507,traditional,0.106624,1.479680,0.218112,1.804416
1508,traditional,0.079360,1.486848,0.461824,2.028032
1509,traditional,0.079808,1.624064,0.244736,1.948608
1510,traditional,0.105440,1.549312,0.220160,1.874912
1511,traditional,0.080288,1.409024,0.218112,1.707424
1512,traditional,0.105376,1.680384,0.249856,2.035616
1513,traditional,0.080000,1.352704,0.416768,1.849472
1514,traditional,0.083168,1.648640,0.229376,1.961184
1515,traditional,0.106976,1.370112,0.215040,1.692128
1516,traditional,0.129440,1.527808,0.449536,2.106784
1517,traditional,0.081504,1.532928,0.217088,1.831520
1518,traditional,0.100736,1.458176,0.214016,1.772928
1519,traditional,0.081472,1.509376,0.467968,2.058816
1520,traditional,0.080384,1.591296,0.240640,1.912320
1521,traditional,0.104736,1.539072,0.215040,1.858848
1522,traditional,0.103424,1.509376,0.240640,1.853440
1523,traditional,0.119712,1.635328,0.243712,1.998752
1524,traditional,0.080192,1.162240,0.212992,1.455424
1525,traditional,0.077632,1.636352,0.227328,1.941312
1526,traditional,0.079744,1.371136,0.212992,1.663872
1527,traditional,0.080544,1.736704,0.220160,2.037408
1528,traditional,0.106112,1.424384,0.212992,1.743488
1529,traditional,0.115456,1.637376,0.221184,1.974016
1530,traditional,0.080544,1.563648,0.239616,1.883808
1531,traditional,0.111776,1.492992,0.212992,1.817760
1532,traditional,0.078592,1.613824,0.218112,1.910528
1533,traditional,0.078368,1.571840,0.236544,1.886752
1534,traditional,0.113632,1.729536,0.398336,2.241504
1535,traditional,0.079136,1.401856,0.219136,1.700128
1536,traditional,0.079328,1.658880,0.220160,1.958368
1537,traditional,0.102592,1.457152,0.212992,1.772736
1538,traditional,0.078720,1.685504,0.222208,1.986432
1539,traditional,0.083328,1.362944,0.234496,1.680768
1540,traditional,0.104448,1.773568,0.396288,2.274304
1541,traditional,0.088480,1.357824,0.212992,1.659296
1542,traditional,0.101440,1.779712,0.241664,2.122816
1543,traditional,0.089440,1.141760,0.210944,1.442144
1544,traditional,0.109536,1.636352,0.221184,1.967072
1545,traditional,0.103360,1.420288,0.217088,1.740736
1546,traditional,0.106656,1.481728,0.218112,1.806496
1547,traditional,0.103648,1.498112,0.234496,1.836256
1548,traditional,0.102624,1.475584,0.504832,2.083040
1549,traditional,0.117216,1.530880,0.237568,1.885664
1550,traditional,0.089184,1.520640,0.239616,1.849440
1551,traditional,0.095776,1.486848,0.234496,1.817120
1552,traditional,0.080416,1.492992,0.233472,1.806880
1553,traditional,0.103744,1.459200,0.534528,2.097472
1554,traditional,0.079104,1.439744,0.216064,1.734912
1555,traditional,0.078464,1.587200,0.239616,1.905280
1556,traditional,0.105024,1.614848,0.394240,2.114112
1557,traditional,0.078784,1.590272,0.242688,1.911744
1558,traditional,0.107712,1.446912,0.218112,1.772736
1559,traditional,0.091200,1.546240,0.239616,1.877056
1560,traditional,0.098944,1.377280,0.212992,1.689216
1561,traditional,0.079584,1.676288,0.220160,1.976032
1562,traditional,0.101856,1.461248,0.212992,1.776096
1563,traditional,0.078720,1.348608,0.530432,1.957760
1564,traditional,0.079232,1.196032,0.239616,1.514880
1565,traditional,0.080608,1.599488,0.244736,1.924832
1566,traditional,0.085696,1.608704,0.224256,1.918656
1567,traditional,0.078144,1.555456,0.243712,1.877312
1568,traditional,0.104768,1.376256,0.223232,1.704256
1569,traditional,0.100160,1.401856,0.222208,1.724224
1570,traditional,0.078272,1.219584,0.236544,1.534400
1571,traditional,0.086048,1.132544,0.237568,1.456160
1572,traditional,0.108288,1.451008,0.225280,1.784576
1573,traditional,0.078016,1.525760,0.251904,1.855680
1574,traditional,0.108832,1.679360,0.402432,2.190624
1575,traditional,0.077216,1.508352,0.238592,1.824160
1576,traditional,0.079360,1.429504,0.234496,1.743360
1577,traditional,0.102176,1.412096,0.232448,1.746720
1578,traditional,0.079232,1.429504,0.237568,1.746304
1579,traditional,0.105856,1.434624,0.242688,1.783168
1580,traditional,0.108992,1.586176,0.225280,1.920448
1581,traditional,0.075872,1.489920,0.232448,1.798240
1582,traditional,0.099648,1.367040,0.218112,1.684800
1583,traditional,0.077504,1.370112,0.228352,1.675968
1584,traditional,0.101408,1.375232,0.218112,1.694752
1585,traditional,0.076864,1.292288,0.228352,1.597504
1586,traditional,0.103424,1.507328,0.232448,1.843200
1587,traditional,0.117728,1.499136,0.220160,1.837024
1588,traditional,0.118112,1.396736,0.230400,1.745248
1589,traditional,0.076288,1.321984,0.228352,1.626624
1590,traditional,0.102144,1.395712,0.219136,1.716992
1591,traditional,0.105152,1.436672,0.217088,1.758912
1592,traditional,0.106368,1.465344,0.220160,1.791872
1593,traditional,0.076288,1.340416,0.218112,1.634816
1594,traditional,0.101600,1.386496,0.241664,1.729760
1595,traditional,0.108352,1.643520,0.408576,2.160448
1596,traditional,0.077376,1.084416,0.215040,1.376832
1597,traditional,0.102208,1.648640,0.238592,1.989440
1598,traditional,0.077184,1.105920,0.227328,1.410432
1599,traditional,0.095200,1.423360,0.226304,1.744864
1600,traditional,0.103072,1.309696,0.215040,1.627808
1601,traditional,0.103008,1.571840,0.225280,1.900128
1602,traditional,0.077408,1.141760,0.228352,1.447520
1603,traditional,0.088032,1.519616,0.233472,1.841120
1604,traditional,0.107008,1.346560,0.227328,1.680896
1605,traditional,0.098048,1.343488,0.221184,1.662720
1606,traditional,0.078208,1.553408,0.233472,1.865088
1607,traditional,0.109824,1.618944,0.394240,2.123008
1608,traditional,0.077632,1.565696,0.233472,1.876800
1609,traditional,0.103168,1.409024,0.218112,1.730304
1610,traditional,0.110848,1.499136,0.221184,1.831168
1611,traditional,0.085472,1.521664,0.233472,1.840608
1612,traditional,0.111968,1.586176,0.223232,1.921376
1613,traditional,0.079744,1.118208,0.214016,1.411968
1614,traditional,0.077248,1.745920,0.225280,2.048448
1615,traditional,0.080480,1.140736,0.210944,1.432160
1616,traditional,0.076672,1.426432,0.211968,1.715072
1617,traditional,0.105152,1.305600,0.211968,1.622720
1618,traditional,0.102144,1.533952,0.219136,1.855232
1619,traditional,0.081408,1.648640,0.232448,1.962496
1620,traditional,0.111616,1.501184,0.485376,2.098176
1621,traditional,0.113056,1.757184,0.230400,2.100640
1622,traditional,0.076064,1.566720,0.218112,1.860896
1623,traditional,0.074208,1.660928,0.225280,1.960416
1624,traditional,0.077216,1.395712,0.216064,1.688992
1625,traditional,0.115040,1.537024,0.225280,1.877344
1626,traditional,0.107168,1.443840,0.229376,1.780384
1627,traditional,0.076544,1.489920,0.230400,1.796864
1628,traditional,0.102080,1.369088,0.230400,1.701568
1629,traditional,0.087488,1.424384,0.229376,1.741248
1630,traditional,0.101216,1.296384,0.228352,1.625952
1631,traditional,0.099712,1.510400,0.227328,1.837440
1632,traditional,0.077568,1.487872,0.214016,1.779456
1633,traditional,0.099104,1.376256,0.212992,1.688352
1634,traditional,0.075456,1.485824,0.214016,1.775296
1635,traditional,0.077408,1.505280,0.231424,1.814112
1636,traditional,0.099712,1.352704,0.211968,1.664384
1637,traditional,0.094304,1.418240,0.236544,1.749088
1638,traditional,0.112384,1.584128,0.228352,1.924864
1639,traditional,0.074944,1.289216,0.212992,1.577152
1640,traditional,0.080544,1.529856,0.218112,1.828512
1641,traditional,0.077248,1.118208,0.219136,1.414592
1642,traditional,0.102080,1.697792,0.240640,2.040512
1643,traditional,0.079264,1.216512,0.229376,1.525152
1644,traditional,0.077152,1.425408,0.232448,1.735008
1645,traditional,0.104320,1.362944,0.216064,1.683328
1646,traditional,0.107456,1.542144,0.231424,1.881024
1647,traditional,0.095808,1.309696,0.217088,1.622592
1648,traditional,0.103296,1.403904,0.217088,1.724288
1649,traditional,0.076640,1.494016,0.217088,1.787744
1650,traditional,0.077504,1.492992,0.226304,1.796800
1651,traditional,0.100160,1.541120,0.228352,1.869632
1652,traditional,0.085024,1.285120,0.214016,1.584160
1653,traditional,0.077632,1.501184,0.215040,1.793856
1654,traditional,0.088416,1.334272,0.214016,1.636704
1655,traditional,0.104480,1.653760,0.228352,1.986592
1656,traditional,0.106944,1.293312,0.401408,1.801664
1657,traditional,0.079328,1.603584,0.222208,1.905120
1658,traditional,0.076896,1.114112,0.214016,1.405024
1659,traditional,0.076896,1.341440,0.227328,1.645664
1660,traditional,0.107648,1.335296,0.212992,1.655936
1661,traditional,0.085824,1.768448,0.231424,2.085696
1662,traditional,0.076704,1.096704,0.212992,1.386400
1663,traditional,0.104736,1.542144,0.221184,1.868064
1664,traditional,0.081792,1.353728,0.225280,1.660800
1665,traditional,0.075808,1.491968,0.231424,1.799200
1666,traditional,0.077216,1.482752,0.216064,1.776032
1667,traditional,0.074912,1.544192,0.227328,1.846432
1668,traditional,0.076640,1.516544,0.210944,1.804128
1669,traditional,0.098688,1.385472,0.208896,1.693056
1670,traditional,0.074720,1.375232,0.223232,1.673184
1671,traditional,0.101248,1.368064,0.209920,1.679232
1672,traditional,0.075136,1.072128,0.209920,1.357184
1673,traditional,0.091744,1.220608,0.208896,1.521248
1674,traditional,0.074976,1.145856,0.226304,1.447136
1675,traditional,0.100512,1.399808,0.222208,1.722528
1676,traditional,0.074400,1.085440,0.209920,1.369760
1677,traditional,0.104320,1.356800,0.210944,1.672064
1678,traditional,0.090464,1.324032,0.222208,1.636704
1679,traditional,0.074880,1.415168,0.223232,1.713280
1680,traditional,0.103520,1.294336,0.223232,1.621088
1681,traditional,0.075008,1.387520,0.222208,1.684736
1682,traditional,0.104288,1.330176,0.209920,1.644384
1683,traditional,0.107392,1.489920,0.218112,1.815424
1684,traditional,0.083392,1.344512,0.226304,1.654208
1685,traditional,0.075840,1.401856,0.223232,1.700928
1686,traditional,0.101952,1.306624,0.208896,1.617472
1687,traditional,0.105632,1.679360,0.228352,2.013344
1688,traditional,0.076704,1.507328,0.224256,1.808288
1689,traditional,0.103360,1.323008,0.210944,1.637312
1690,traditional,0.076448,1.193984,0.224256,1.494688
1691,traditional,0.116064,1.406976,0.210944,1.733984
1692,traditional,0.077408,1.150976,0.223232,1.451616
1693,traditional,0.081728,1.409024,0.224256,1.715008
1694,traditional,0.100960,1.346560,0.235520,1.683040
1695,traditional,0.100768,1.455104,0.219136,1.775008
1696,traditional,0.103840,1.336320,0.237568,1.677728
1697,traditional,0.075328,1.523712,0.410624,2.009664
1698,traditional,0.134720,2.739200,0.611328,3.485248
1699,traditional,0.133632,1.763328,0.235520,2.132480
1700,traditional,0.076224,1.768448,0.212992,2.057664
1701,traditional,0.078624,1.088512,0.208896,1.376032
1702,traditional,0.074368,1.599488,0.218112,1.891968
1703,traditional,0.077952,1.267712,0.209920,1.555584
1704,traditional,0.105024,1.356800,0.211968,1.673792
1705,traditional,0.075968,1.331200,0.222208,1.629376
1706,traditional,0.077440,1.389568,0.221184,1.688192
1707,traditional,0.098496,1.385472,0.230400,1.714368
1708,traditional,0.077056,1.338368,0.226304,1.641728
1709,traditional,0.098176,1.381376,0.212992,1.692544
1710,traditional,0.075488,1.484800,0.227328,1.787616
1711,traditional,0.096448,1.356800,0.227328,1.680576
1712,traditional,0.075808,1.427456,0.226304,1.729568
1713,traditional,0.111968,1.305600,0.225280,1.642848
1714,traditional,0.101120,1.707008,0.230400,2.038528
1715,traditional,0.076224,1.095680,0.214016,1.385920
1716,traditional,0.078272,1.290240,0.223232,1.591744
1717,traditional,0.100736,1.278976,0.210944,1.590656
1718,traditional,0.103200,1.512448,0.218112,1.833760
1719,traditional,0.074240,1.356800,0.222208,1.653248
1720,traditional,0.075552,1.387520,0.223232,1.686304
1721,traditional,0.099648,1.416192,0.236544,1.752384
1722,traditional,0.075552,1.392640,0.225280,1.693472
1723,traditional,0.102976,1.355776,0.210944,1.669696
1724,traditional,0.104992,1.639424,0.224256,1.968672
1725,traditional,0.076192,1.619968,0.719872,2.416032
1726,traditional,0.135072,2.766848,0.368640,3.270560
1727,traditional,0.099200,1.583104,0.223232,1.905536
1728,traditional,0.076512,1.471488,0.219136,1.767136
1729,traditional,0.098592,1.517568,0.219136,1.835296
1730,traditional,0.076224,1.153024,0.222208,1.451456
1731,traditional,0.075488,1.395712,0.224256,1.695456
1732,traditional,0.096288,1.340416,0.210944,1.647648
1733,traditional,0.103680,1.734656,0.229376,2.067712
1734,traditional,0.078944,1.102848,0.212992,1.394784
1735,traditional,0.082112,1.338368,0.226304,1.646784
1736,traditional,0.101024,1.334272,0.212992,1.648288
1737,traditional,0.084768,1.760256,0.231424,2.076448
1738,traditional,0.083168,1.161216,0.224256,1.468640
1739,traditional,0.103808,1.390592,0.214016,1.708416
1740,traditional,0.076288,1.093632,0.214016,1.383936
1741,traditional,0.075840,1.404928,0.226304,1.707072
1742,traditional,0.102944,1.359872,0.217088,1.679904
1743,traditional,0.110400,1.451008,0.221184,1.782592
1744,traditional,0.100928,1.290240,0.210944,1.602112
1745,traditional,0.102272,1.544192,0.225280,1.871744
1746,traditional,0.102048,1.471488,0.211968,1.785504
1747,traditional,0.095232,1.369088,0.209920,1.674240
1748,traditional,0.101536,1.457152,0.211968,1.770656
1749,traditional,0.102272,1.377280,0.214016,1.693568
1750,traditional,0.079456,1.478656,0.211968,1.770080
1751,traditional,0.077344,1.481728,0.225280,1.784352
1752,traditional,0.104928,1.547264,0.225280,1.877472
1753,traditional,0.078016,1.275904,0.210944,1.564864
1754,traditional,0.075040,1.579008,0.219136,1.873184
1755,traditional,0.074816,1.278976,0.210944,1.564736
1756,traditional,0.087744,1.718272,0.228352,2.034368
1757,traditional,0.079520,1.609728,0.404480,2.093728
1758,traditional,0.170080,2.947072,0.381952,3.499104
1759,traditional,0.109664,1.433600,0.444416,1.987680
1760,traditional,0.103136,1.385472,0.211968,1.700576
1761,traditional,0.087232,1.477632,0.209920,1.774784
1762,traditional,0.100768,1.368064,0.207872,1.676704
1763,traditional,0.072832,1.464320,0.218112,1.755264
1764,traditional,0.106656,1.391616,0.226304,1.724576
1765,traditional,0.079584,1.753088,0.229376,2.062048
1766,traditional,0.109664,1.532928,0.226304,1.868896
1767,traditional,0.078784,1.560576,0.472064,2.111424
1768,traditional,0.080800,1.432576,0.226304,1.739680
1769,traditional,0.109600,1.620992,0.239616,1.970208
1770,traditional,0.108800,1.356800,0.421888,1.887488
1771,traditional,0.078112,1.798144,0.241664,2.117920
1772,traditional,0.083200,1.163264,0.223232,1.469696
1773,traditional,0.078144,1.836032,0.239616,2.153792
1774,traditional,0.081504,1.161216,0.223232,1.465952
1775,traditional,0.115200,1.462272,0.221184,1.798656
1776,traditional,0.079936,1.456128,0.233472,1.769536
1777,traditional,0.108320,1.732608,0.401408,2.242336
1778,traditional,0.079488,1.458176,0.248832,1.786496
1779,traditional,0.081984,1.539072,0.236544,1.857600
1780,traditional,0.094240,1.451008,0.240640,1.785888
1781,traditional,0.107776,1.405952,0.224256,1.737984
1782,traditional,0.078880,1.280000,0.233472,1.592352
1783,traditional,0.104512,1.484800,0.227328,1.816640
1784,traditional,0.079392,1.492992,0.482304,2.054688
1785,traditional,0.079104,1.557504,0.239616,1.876224
1786,traditional,0.081120,1.558528,0.225280,1.864928
1787,traditional,0.079072,1.686528,0.401408,2.167008
1788,traditional,0.118080,1.491968,0.224256,1.834304
1789,traditional,0.078272,1.400832,0.225280,1.704384
1790,traditional,0.108608,1.599488,0.237568,1.945664
1791,traditional,0.117216,1.380352,0.417792,1.915360
1792,traditional,0.089856,1.651712,0.230400,1.971968
1793,traditional,0.086816,1.404928,0.236544,1.728288
1794,traditional,0.120640,1.780736,0.540672,2.442048
1795,traditional,0.083776,1.267712,0.235520,1.587008
1796,traditional,0.079808,1.394688,0.226304,1.700800
1797,traditional,0.078720,1.540096,0.240640,1.859456
1798,traditional,0.105728,1.386496,0.225280,1.717504
1799,traditional,0.106400,1.755136,0.239616,2.101152
1800,traditional,0.078560,1.135616,0.222208,1.436384
1801,traditional,0.132448,1.548288,0.240640,1.921376
1802,traditional,0.078784,1.530880,0.223232,1.832896
1803,traditional,0.105920,1.430528,0.221184,1.757632
1804,traditional,0.078240,1.203200,0.231424,1.512864
1805,traditional,0.079936,1.471488,0.232448,1.783872
1806,traditional,0.106240,1.399808,0.233472,1.739520
1807,traditional,0.112224,1.644544,0.236544,1.993312
1808,traditional,0.082048,1.158144,0.234496,1.474688
1809,traditional,0.078432,1.458176,0.231424,1.768032
1810,traditional,0.107104,1.394688,0.232448,1.734240
1811,traditional,0.081280,1.412096,0.232448,1.725824
1812,traditional,0.105088,1.418240,0.233472,1.756800
1813,traditional,0.078080,1.442816,0.231424,1.752320
1814,traditional,0.105792,1.351680,0.229376,1.686848
1815,traditional,0.118272,1.540096,0.227328,1.885696
1816,traditional,0.083232,1.388544,0.236544,1.708320
1817,traditional,0.078752,1.484800,0.235520,1.799072
1818,traditional,0.078368,1.233920,0.235520,1.547808
1819,traditional,0.103488,1.425408,0.224256,1.753152
1820,traditional,0.079392,1.436672,0.235520,1.751584
1821,traditional,0.081792,1.475584,0.224256,1.781632
1822,traditional,0.079072,1.121280,0.223232,1.423584
1823,traditional,0.105056,1.388544,0.226304,1.719904
1824,traditional,0.089088,1.612800,0.233472,1.935360
1825,traditional,0.108160,1.415168,0.222208,1.745536
1826,traditional,0.104864,1.448960,0.228352,1.782176
1827,traditional,0.078848,1.507328,0.239616,1.825792
1828,traditional,0.128800,1.513472,0.236544,1.878816
1829,traditional,0.115360,1.345536,0.222208,1.683104
1830,traditional,0.081408,1.643520,0.229376,1.954304
1831,traditional,0.089888,1.392640,0.239616,1.722144
1832,traditional,0.080896,1.280000,0.234496,1.595392
1833,traditional,0.089152,1.167360,0.238592,1.495104
1834,traditional,0.082464,1.452032,0.234496,1.768992
1835,traditional,0.103456,1.331200,0.246784,1.681440
1836,traditional,0.079808,1.371136,0.229376,1.680320
1837,traditional,0.098688,1.339392,0.221184,1.659264
1838,traditional,0.078176,1.888256,0.237568,2.204000
1839,traditional,0.078464,1.137664,0.220160,1.436288
1840,traditional,0.109248,1.456128,0.222208,1.787584
1841,traditional,0.092000,1.281024,0.234496,1.607520
1842,traditional,0.080288,1.438720,0.234496,1.753504
1843,traditional,0.120000,1.205248,0.221184,1.546432
1844,traditional,0.104320,1.374208,0.237568,1.716096
1845,traditional,0.114880,1.470464,0.520192,2.105536
1846,traditional,0.108352,1.406976,0.222208,1.737536
1847,traditional,0.078112,1.235968,0.231424,1.545504
1848,traditional,0.087808,1.462272,0.221184,1.771264
1849,traditional,0.076736,1.181696,0.236544,1.494976
1850,traditional,0.104224,1.347584,0.220160,1.671968
1851,traditional,0.077216,1.187840,0.232448,1.497504
1852,traditional,0.080032,1.507328,0.233472,1.820832
1853,traditional,0.118304,1.438720,0.237568,1.794592
1854,traditional,0.106048,1.438720,0.220160,1.764928
1855,traditional,0.080256,1.133568,0.221184,1.435008
1856,traditional,0.130400,1.761280,0.238592,2.130272
1857,traditional,0.078208,1.247232,0.235520,1.560960
1858,traditional,0.100864,1.455104,0.221184,1.777152
1859,traditional,0.076832,1.363968,0.232448,1.673248
1860,traditional,0.079232,1.467392,0.233472,1.780096
1861,traditional,0.114784,1.346560,0.221184,1.682528
1862,traditional,0.105088,1.478656,0.233472,1.817216
1863,traditional,0.101568,1.382400,0.223232,1.707200
1864,traditional,0.110176,1.707008,0.241664,2.058848
1865,traditional,0.078784,1.189888,0.235520,1.504192
1866,traditional,0.079808,1.532928,0.236544,1.849280
1867,traditional,0.078144,1.252352,0.246784,1.577280
1868,traditional,0.108288,1.460224,0.228352,1.796864
1869,traditional,0.078688,1.243136,0.235520,1.557344
1870,traditional,0.108288,1.466368,0.224256,1.798912
1871,traditional,0.082496,1.536000,0.234496,1.852992
1872,traditional,0.080672,1.599488,0.235520,1.915680
1873,traditional,0.083904,1.466368,0.241664,1.791936
1874,traditional,0.079936,1.490944,0.237568,1.808448
1875,traditional,0.116960,1.470464,0.475136,2.062560
1876,traditional,0.079392,1.568768,0.237568,1.885728
1877,traditional,0.082944,1.598464,0.225280,1.906688
1878,traditional,0.080512,1.529856,0.242688,1.853056
1879,traditional,0.102976,1.576960,0.237568,1.917504
1880,traditional,0.111360,1.405952,0.224256,1.741568
1881,traditional,0.079232,1.676288,0.234496,1.990016
1882,traditional,0.103360,1.392640,0.222208,1.718208
1883,traditional,0.103616,1.634304,0.226304,1.964224
1884,traditional,0.106656,1.463296,0.235520,1.805472
1885,traditional,0.105728,1.509376,0.493568,2.108672
1886,traditional,0.103936,1.488896,0.237568,1.830400
1887,traditional,0.082464,1.595392,0.236544,1.914400
1888,traditional,0.080416,1.589248,0.224256,1.893920
1889,traditional,0.079232,1.389568,0.223232,1.692032
1890,traditional,0.107456,1.659904,0.237568,2.004928
1891,traditional,0.115744,1.324032,0.413696,1.853472
1892,traditional,0.079264,1.542144,0.223232,1.844640
1893,traditional,0.079296,1.136640,0.221184,1.437120
1894,traditional,0.082176,1.586176,0.227328,1.895680
1895,traditional,0.104736,1.372160,0.222208,1.699104
1896,traditional,0.115744,1.781760,0.413696,2.311200
1897,traditional,0.077696,1.362944,0.224256,1.664896
1898,traditional,0.108832,1.600512,0.232448,1.941792
1899,traditional,0.078528,1.524736,0.222208,1.825472
1900,traditional,0.079680,1.499136,0.233472,1.812288
1901,traditional,0.107840,1.563648,0.233472,1.904960
1902,traditional,0.078528,1.733632,0.235520,2.047680
1903,traditional,0.083104,1.506304,0.221184,1.810592
1904,traditional,0.108384,1.467392,0.222208,1.797984
1905,traditional,0.076864,1.466368,0.473088,2.016320
1906,traditional,0.079712,1.516544,0.235520,1.831776
1907,traditional,0.077792,1.560576,0.221184,1.859552
1908,traditional,0.079648,1.590272,0.222208,1.892128
1909,traditional,0.077888,1.519616,0.222208,1.819712
1910,traditional,0.105632,1.425408,0.222208,1.753248
1911,traditional,0.077984,1.501184,0.461824,2.040992
1912,traditional,0.104448,1.430528,0.222208,1.757184
1913,traditional,0.082752,1.503232,0.463872,2.049856
1914,traditional,0.079136,1.399808,0.224256,1.703200
1915,traditional,0.077984,1.543168,0.236544,1.857696
1916,traditional,0.103520,1.356800,0.222208,1.682528
1917,traditional,0.077120,1.860608,0.239616,2.177344
1918,traditional,0.082048,1.178624,0.230400,1.491072
1919,traditional,0.118752,1.689600,0.241664,2.050016
1920,traditional,0.080512,1.568768,0.227328,1.876608
1921,traditional,0.078816,1.514496,0.226304,1.819616
1922,traditional,0.078880,1.516544,0.477184,2.072608
1923,traditional,0.083776,1.421312,0.228352,1.733440
1924,traditional,0.101184,1.611776,0.241664,1.954624
1925,traditional,0.122080,1.396736,0.423936,1.942752
1926,traditional,0.106304,1.474560,0.223232,1.804096
1927,traditional,0.077344,1.546240,0.236544,1.860128
1928,traditional,0.109824,1.404928,0.223232,1.737984
1929,traditional,0.106688,1.679360,0.236544,2.022592
1930,traditional,0.082304,1.552384,0.238592,1.873280
1931,traditional,0.107008,1.358848,0.221184,1.687040
1932,traditional,0.102144,1.509376,0.234496,1.846016
1933,traditional,0.088576,1.440768,0.480256,2.009600
1934,traditional,0.078848,1.543168,0.235520,1.857536
1935,traditional,0.078816,1.554432,0.223232,1.856480
1936,traditional,0.082848,1.403904,0.222208,1.708960
1937,traditional,0.103296,1.658880,0.240640,2.002816
1938,traditional,0.096256,1.326080,0.415744,1.838080
1939,traditional,0.077792,1.276928,0.231424,1.586144
1940,traditional,0.078528,1.142784,0.222208,1.443520
1941,traditional,0.105888,1.457152,0.224256,1.787296
1942,traditional,0.087712,1.415168,0.232448,1.735328
1943,traditional,0.103936,1.466368,0.225280,1.795584
1944,traditional,0.106752,1.530880,0.231424,1.869056
1945,traditional,0.092544,1.444864,0.487424,2.024832
1946,traditional,0.102048,1.610752,0.233472,1.946272
1947,traditional,0.131232,1.432576,0.220160,1.783968
1948,traditional,0.077120,1.428480,0.234496,1.740096
1949,traditional,0.122656,1.564672,0.224256,1.911584
1950,traditional,0.089088,1.412096,0.233472,1.734656
1951,traditional,0.096160,1.396736,0.221184,1.714080
1952,traditional,0.079008,1.568768,0.234496,1.882272
1953,traditional,0.104416,1.687552,0.409600,2.201568
1954,traditional,0.107616,1.491968,0.217088,1.816672
1955,traditional,0.086656,1.505280,0.229376,1.821312
1956,traditional,0.104608,1.619968,0.217088,1.941664
1957,traditional,0.082240,1.111040,0.215040,1.408320
1958,traditional,0.075232,1.524736,0.217088,1.817056
1959,traditional,0.075456,1.118208,0.225280,1.418944
1960,traditional,0.110400,1.640448,0.231424,1.982272
1961,traditional,0.077920,1.501184,0.217088,1.796192
1962,traditional,0.103040,1.387520,0.216064,1.706624
1963,traditional,0.076480,1.368064,0.228352,1.672896
1964,traditional,0.107776,1.413120,0.216064,1.736960
1965,traditional,0.077088,1.510400,0.227328,1.814816
1966,traditional,0.094912,1.644544,0.230400,1.969856
1967,traditional,0.077184,1.139712,0.238592,1.455488
1968,traditional,0.116288,1.425408,0.215040,1.756736
1969,traditional,0.074912,1.525760,0.217088,1.817760
1970,traditional,0.106240,1.402880,0.216064,1.725184
1971,traditional,0.076320,1.383424,0.228352,1.688096
1972,traditional,0.077280,1.338368,0.227328,1.642976
1973,traditional,0.107488,1.346560,0.239616,1.693664
1974,traditional,0.102048,1.379328,0.219136,1.700512
1975,traditional,0.099296,1.400832,0.226304,1.726432
1976,traditional,0.104512,1.397760,0.214016,1.716288
1977,traditional,0.075680,1.141760,0.226304,1.443744
1978,traditional,0.083808,1.467392,0.227328,1.778528
1979,traditional,0.086112,1.369088,0.226304,1.681504
1980,traditional,0.104128,1.436672,0.219136,1.759936
1981,traditional,0.099616,1.415168,0.226304,1.741088
1982,traditional,0.102432,1.708032,0.390144,2.200608
1983,traditional,0.076384,1.105920,0.225280,1.407584
1984,traditional,0.103264,1.414144,0.212992,1.730400
1985,traditional,0.073504,1.097728,0.214016,1.385248
1986,traditional,0.102496,1.527808,0.228352,1.858656
1987,traditional,0.102464,1.288192,0.214016,1.604672
1988,traditional,0.106304,1.382400,0.214016,1.702720
1989,traditional,0.096096,1.343488,0.226304,1.665888
1990,traditional,0.103648,1.460224,0.218112,1.781984
1991,traditional,0.087840,1.345536,0.228352,1.661728
1992,traditional,0.102880,1.646592,0.220160,1.969632
1993,traditional,0.077440,1.169408,0.229376,1.476224
1994,traditional,0.078752,1.439744,0.231424,1.749920
1995,traditional,0.106976,1.332224,0.218112,1.657312
1996,traditional,0.109856,1.612800,0.240640,1.963296
1997,traditional,0.076736,1.480704,0.243712,1.801152
1998,traditional,0.103616,1.411072,0.217088,1.731776
1999,traditional,0.076992,1.429504,0.229376,1.735872
2000,traditional,0.102592,1.402880,0.218112,1.723584
2001,traditional,0.075584,1.387520,0.228352,1.691456
2002,traditional,0.104992,1.404928,0.218112,1.728032
2003,traditional,0.075872,1.331200,0.229376,1.636448
2004,traditional,0.102944,1.376256,0.217088,1.696288
2005,traditional,0.076064,1.376256,0.229376,1.681696
2006,traditional,0.102432,1.387520,0.217088,1.707040
2007,traditional,0.078720,1.175552,0.232448,1.486720
2008,traditional,0.107200,1.390592,0.216064,1.713856
2009,traditional,0.075712,1.334272,0.232448,1.642432
2010,traditional,0.107648,1.526784,0.230400,1.864832
2011,traditional,0.074976,1.522688,0.216064,1.813728
2012,traditional,0.107840,1.399808,0.215040,1.722688
2013,traditional,0.105152,1.426432,0.224256,1.755840
2014,traditional,0.090080,1.366016,0.226304,1.682400
2015,traditional,0.114112,1.359872,0.230400,1.704384
2016,traditional,0.114848,1.488896,0.220160,1.823904
2017,traditional,0.102400,1.413120,0.227328,1.742848
2018,traditional,0.115104,1.656832,0.386048,2.157984
2019,traditional,0.080160,1.343488,0.227328,1.650976
2020,traditional,0.100480,1.542144,0.231424,1.874048
2021,traditional,0.078016,1.568768,0.218112,1.864896
2022,traditional,0.078112,1.489920,0.232448,1.800480
2023,traditional,0.100576,1.444864,0.218112,1.763552
2024,traditional,0.101280,1.402880,0.217088,1.721248
2025,traditional,0.075904,1.192960,0.229376,1.498240
2026,traditional,0.086048,1.123328,0.217088,1.426464
2027,traditional,0.109120,1.599488,0.225280,1.933888
2028,traditional,0.077152,1.349632,0.228352,1.655136
2029,traditional,0.083104,1.486848,0.232448,1.802400
2030,traditional,0.115424,1.472512,0.474112,2.062048
2031,traditional,0.079296,1.362944,0.218112,1.660352
2032,traditional,0.078432,1.564672,0.232448,1.875552
2033,traditional,0.078592,1.457152,0.234496,1.770240
2034,traditional,0.114816,1.484800,0.230400,1.830016
2035,traditional,0.102784,1.404928,0.220160,1.727872
2036,traditional,0.080576,1.183744,0.228352,1.492672
2037,traditional,0.103456,1.399808,0.215040,1.718304
2038,traditional,0.077088,1.317888,0.226304,1.621280
2039,traditional,0.077600,1.456128,0.227328,1.761056
2040,traditional,0.101952,1.318912,0.214016,1.634880
2041,traditional,0.103840,1.737728,0.230400,2.071968
2042,traditional,0.076864,1.122304,0.214016,1.413184
2043,traditional,0.099776,1.500160,0.228352,1.828288
2044,traditional,0.080512,1.292288,0.215040,1.587840
2045,traditional,0.103168,1.617920,0.233472,1.954560
2046,traditional,0.076352,1.140736,0.237568,1.454656
2047,traditional,0.076864,1.419264,0.227328,1.723456
2048,traditional,0.106528,1.309696,0.216064,1.632288
2049,traditional,0.100896,1.395712,0.218112,1.714720
2050,traditional,0.077152,1.362944,0.230400,1.670496
2051,traditional,0.076448,1.437696,0.229376,1.743520
2052,traditional,0.103296,1.348608,0.229376,1.681280
2053,traditional,0.078048,1.438720,0.230400,1.747168
2054,traditional,0.104352,1.319936,0.217088,1.641376
2055,traditional,0.102784,1.383424,0.218112,1.704320
2056,traditional,0.078112,1.354752,0.229376,1.662240
2057,traditional,0.099712,1.669120,0.229376,1.998208
2058,traditional,0.077376,1.107968,0.216064,1.401408
2059,traditional,0.126144,1.567744,0.234496,1.928384
2060,traditional,0.086528,1.128448,0.240640,1.455616
2061,traditional,0.076480,1.435648,0.229376,1.741504
2062,traditional,0.102912,1.319936,0.217088,1.639936
2063,traditional,0.101504,1.495040,0.222208,1.818752
2064,traditional,0.096480,1.379328,0.226304,1.702112
2065,traditional,0.085472,1.447936,0.228352,1.761760
2066,traditional,0.100704,1.314816,0.216064,1.631584
2067,traditional,0.110496,1.539072,0.230400,1.879968
2068,traditional,0.078784,1.496064,0.231424,1.806272
2069,traditional,0.077216,1.358848,0.218112,1.654176
2070,traditional,0.107072,1.443840,0.229376,1.780288
2071,traditional,0.101696,1.444864,0.221184,1.767744
2072,traditional,0.105920,1.614848,0.236544,1.957312
2073,traditional,0.096032,1.334272,0.217088,1.647392
2074,traditional,0.076832,1.555456,0.218112,1.850400
2075,traditional,0.084928,1.457152,0.217088,1.759168
2076,traditional,0.077568,1.613824,0.230400,1.921792
2077,traditional,0.080320,1.430528,0.215040,1.725888
2078,traditional,0.076160,1.532928,0.216064,1.825152
2079,traditional,0.076864,1.457152,0.229376,1.763392
2080,traditional,0.117312,1.523712,0.228352,1.869376
2081,traditional,0.121568,1.315840,0.214016,1.651424
2082,traditional,0.076256,1.213440,0.226304,1.516000
2083,traditional,0.075680,1.099776,0.214016,1.389472
2084,traditional,0.075808,1.757184,0.233472,2.066464
2085,traditional,0.076800,1.104896,0.218112,1.399808
2086,traditional,0.074944,1.766400,0.235520,2.076864
2087,traditional,0.077984,1.170432,0.217088,1.465504
2088,traditional,0.137696,1.605632,0.223232,1.966560
2089,traditional,0.101600,1.457152,0.229376,1.788128
2090,traditional,0.077376,1.417216,0.230400,1.724992
2091,traditional,0.082720,1.533952,0.232448,1.849120
2092,traditional,0.082016,1.525760,0.234496,1.842272
2093,traditional,0.118048,1.616896,0.236544,1.971488
2094,traditional,0.078208,1.232896,0.226304,1.537408
2095,traditional,0.087168,1.352704,0.216064,1.655936
2096,traditional,0.081184,1.472512,0.231424,1.785120
2097,traditional,0.105184,1.489920,0.229376,1.824480
2098,traditional,0.108288,1.329152,0.215040,1.652480
2099,traditional,0.102848,1.547264,0.232448,1.882560
2100,traditional,0.103040,1.325056,0.214016,1.642112
