frame,renderPath,shadowMs,sceneMs,postProcessMs,frameMs
1,traditional,0.179776,1.748992,0.225280,2.154048
2,traditional,0.180608,1.762304,0.225280,2.168192
3,traditional,0.177920,1.946624,0.222208,2.346752
4,traditional,0.180800,1.708032,0.221184,2.110016
5,traditional,0.178496,1.704960,0.221184,2.104640
6,traditional,0.176288,1.709056,0.222208,2.107552
7,traditional,0.176832,1.712128,0.221184,2.110144
8,traditional,0.177344,1.741824,0.221184,2.140352
9,traditional,0.176608,1.748992,0.222208,2.147808
10,traditional,0.177632,1.959936,0.226304,2.363872
11,traditional,0.194912,1.750016,0.222208,2.167136
12,traditional,0.179520,1.758208,0.221184,2.158912
13,traditional,0.176544,1.711104,0.222208,2.109856
14,traditional,0.178080,1.699840,0.221184,2.099104
15,traditional,0.178528,1.712128,0.221184,2.111840
16,traditional,0.176256,1.748992,0.473088,2.398336
17,traditional,0.177472,1.775616,0.221184,2.174272
18,traditional,0.177120,1.720320,0.220160,2.117600
19,traditional,0.178048,1.737728,0.222208,2.137984
20,traditional,0.179392,1.743872,0.221184,2.144448
21,traditional,0.179584,1.714176,0.221184,2.114944
22,traditional,0.176928,1.704960,0.222208,2.104096
23,traditional,0.189984,1.733632,0.222208,2.145824
24,traditional,0.178016,1.697792,0.221184,2.096992
25,traditional,0.181184,1.720320,0.220160,2.121664
26,traditional,0.186240,1.710080,0.468992,2.365312
27,traditional,0.187264,1.712128,0.233472,2.132864
28,traditional,0.194752,1.716224,0.221184,2.132160
29,traditional,0.191456,1.747968,0.222208,2.161632
30,traditional,0.193984,1.721344,0.221184,2.136512
31,traditional,0.201920,1.808384,0.221184,2.231488
32,traditional,0.180832,1.703936,0.221184,2.105952
33,traditional,0.202816,1.756160,0.224256,2.183232
34,traditional,0.202400,1.729536,0.221184,2.153120
35,traditional,0.195744,1.705984,0.221184,2.122912
36,traditional,0.177536,2.054144,0.225280,2.456960
37,traditional,0.182912,1.716224,0.222208,2.121344
38,traditional,0.191328,1.723392,0.233472,2.148192
39,traditional,0.192544,1.753088,0.221184,2.166816
40,traditional,0.180992,1.697792,0.221184,2.099968
41,traditional,0.204256,1.780736,0.221184,2.206176
42,traditional,0.183328,1.775616,0.221184,2.180128
43,traditional,0.179232,1.724416,0.222208,2.125856
44,traditional,0.175936,1.708032,0.221184,2.105152
45,traditional,0.189664,1.739776,0.221184,2.150624
46,traditional,0.176032,1.758208,0.221184,2.155424
47,traditional,0.190944,1.715200,0.222208,2.128352
48,traditional,0.189248,1.740800,0.223232,2.153280
49,traditional,0.210208,1.772544,0.222208,2.204960
50,traditional,0.183136,1.722368,0.221184,2.126688
51,traditional,0.175712,1.714176,0.221184,2.111072
52,traditional,0.175520,1.697792,0.222208,2.095520
53,traditional,0.177952,1.700864,0.221184,2.100000
54,traditional,0.176448,1.746944,0.221184,2.144576
55,traditional,0.188736,1.758208,0.221184,2.168128
56,traditional,0.195680,1.733632,0.221184,2.150496
57,traditional,0.191840,1.732608,0.221184,2.145632
58,traditional,0.193696,1.699840,0.222208,2.115744
59,traditional,0.188096,1.715200,0.222208,2.125504
60,traditional,0.183008,1.736704,0.221184,2.140896
61,traditional,0.195456,1.729536,0.221184,2.146176
62,traditional,0.189376,1.758208,0.221184,2.168768
63,traditional,0.195296,1.753088,0.221184,2.169568
64,traditional,0.202432,1.762304,0.221184,2.185920
65,traditional,0.176160,1.730560,0.221184,2.127904
66,traditional,0.179456,1.771520,0.221184,2.172160
67,traditional,0.178688,1.732608,0.461824,2.373120
68,traditional,0.181696,1.725440,0.220160,2.127296
69,traditional,0.177856,1.704960,0.221184,2.104000
70,traditional,0.195552,1.795072,0.220160,2.210784
71,traditional,0.198048,1.724416,0.221184,2.143648
72,traditional,0.215616,1.778688,0.222208,2.216512
73,traditional,0.190560,1.732608,0.221184,2.144352
74,traditional,0.189312,1.702912,0.221184,2.113408
75,traditional,0.180608,1.708032,0.221184,2.109824
76,traditional,0.180160,1.708032,0.221184,2.109376
77,traditional,0.176000,1.722368,0.455680,2.354048
78,traditional,0.191232,1.771520,0.221184,2.183936
79,traditional,0.176384,1.711104,0.221184,2.108672
80,traditional,0.213536,1.700864,0.224256,2.138656
81,traditional,0.183520,1.744896,0.221184,2.149600
82,traditional,0.181056,1.707008,0.221184,2.109248
83,traditional,0.194560,1.717248,0.221184,2.132992
84,traditional,0.186048,1.741824,0.234496,2.162368
85,traditional,0.176736,1.697792,0.232448,2.106976
86,traditional,0.190688,1.728512,0.220160,2.139360
87,traditional,0.214944,1.766400,0.483328,2.464672
88,traditional,0.177952,1.723392,0.221184,2.122528
89,traditional,0.189600,1.745920,0.221184,2.156704
90,traditional,0.191584,1.733632,0.220160,2.145376
91,traditional,0.190528,1.719296,0.222208,2.132032
92,traditional,0.191808,1.718272,0.221184,2.131264
93,traditional,0.179008,1.733632,0.222208,2.134848
94,traditional,0.176896,1.710080,0.221184,2.108160
95,traditional,0.190176,1.721344,0.221184,2.132704
96,traditional,0.190816,1.757184,0.221184,2.169184
97,traditional,0.194048,1.744896,0.221184,2.160128
98,traditional,0.162368,1.556480,0.198656,1.917504
99,traditional,0.161088,1.526784,0.199680,1.887552
100,traditional,0.164224,1.536000,0.199680,1.899904
101,traditional,0.170432,1.560576,0.211968,1.942976
102,traditional,0.161632,1.571840,0.199680,1.933152
103,traditional,0.163872,1.542144,0.199680,1.905696
104,traditional,0.173472,1.553408,0.211968,1.938848
105,traditional,0.163584,1.542144,0.200704,1.906432
106,traditional,0.161280,1.562624,0.199680,1.923584
107,traditional,0.170048,1.546240,0.202752,1.919040
108,traditional,0.172992,1.562624,0.202752,1.938368
109,traditional,0.179744,1.541120,0.199680,1.920544
110,traditional,0.164928,1.530880,0.198656,1.894464
111,traditional,0.168096,1.530880,0.198656,1.897632
112,traditional,0.161344,1.600512,0.199680,1.961536
113,traditional,0.159232,1.585152,0.202752,1.947136
114,traditional,0.174240,1.565696,0.199680,1.939616
115,traditional,0.180544,1.558528,0.199680,1.938752
116,traditional,0.193024,1.528832,0.199680,1.921536
117,traditional,0.173376,1.604608,0.210944,1.988928
118,traditional,0.162560,1.548288,0.199680,1.910528
119,traditional,0.162400,1.539072,0.198656,1.900128
120,traditional,0.173088,1.538048,0.199680,1.910816
121,traditional,0.163488,1.561600,0.203776,1.928864
122,traditional,0.163520,1.559552,0.199680,1.922752
123,traditional,0.163680,1.537024,0.199680,1.900384
124,traditional,0.160256,1.527808,0.199680,1.887744
125,traditional,0.170912,1.556480,0.198656,1.926048
126,traditional,0.162080,1.550336,0.199680,1.912096
127,traditional,0.172608,1.574912,0.199680,1.947200
128,traditional,0.160224,1.579008,0.199680,1.938912
129,traditional,0.165984,1.523712,0.198656,1.888352
130,traditional,0.160928,1.529856,0.200704,1.891488
131,traditional,0.178016,1.598464,0.199680,1.976160
132,traditional,0.164960,1.591296,0.199680,1.955936
133,traditional,0.160512,1.592320,0.199680,1.952512
134,traditional,0.163104,1.540096,0.199680,1.902880
135,traditional,0.160352,1.543168,0.199680,1.903200
136,traditional,0.164288,1.544192,0.199680,1.908160
137,traditional,0.162560,1.545216,0.200704,1.908480
138,traditional,0.184512,1.531904,0.200704,1.917120
139,traditional,0.164800,1.570816,0.200704,1.936320
140,traditional,0.186752,1.555456,0.199680,1.941888
141,traditional,0.162464,1.547264,0.199680,1.909408
142,traditional,0.160384,1.549312,0.199680,1.909376
143,traditional,0.161792,1.534976,0.199680,1.896448
144,traditional,0.161824,1.606656,0.199680,1.968160
145,traditional,0.160928,1.614848,0.201728,1.977504
146,traditional,0.166752,1.601536,0.200704,1.968992
147,traditional,0.160736,1.550336,0.199680,1.910752
148,traditional,0.176288,1.566720,0.199680,1.942688
149,traditional,0.160320,1.541120,0.199680,1.901120
150,traditional,0.188704,1.593344,0.199680,1.981728
151,traditional,0.162528,1.524736,0.199680,1.886944
152,traditional,0.159392,1.542144,0.199680,1.901216
153,traditional,0.163968,1.547264,0.199680,1.910912
154,traditional,0.160608,1.576960,0.199680,1.937248
155,traditional,0.164640,1.574912,0.199680,1.939232
156,traditional,0.161664,1.595392,0.199680,1.956736
157,traditional,0.161248,1.563648,0.199680,1.924576
158,traditional,0.162464,1.579008,0.199680,1.941152
159,traditional,0.170752,1.554432,0.199680,1.924864
160,traditional,0.165760,1.550336,0.199680,1.915776
161,traditional,0.163968,1.551360,0.199680,1.915008
162,traditional,0.175008,1.539072,0.203776,1.917856
163,traditional,0.164352,1.563648,0.200704,1.928704
164,traditional,0.160992,1.572864,0.199680,1.933536
165,traditional,0.178240,1.572864,0.200704,1.951808
166,traditional,0.169632,1.568768,0.199680,1.938080
167,traditional,0.159744,1.577984,0.199680,1.937408
168,traditional,0.159840,1.526784,0.200704,1.887328
169,traditional,0.161504,1.542144,0.200704,1.904352
170,traditional,0.165792,1.521664,0.200704,1.888160
171,traditional,0.161472,1.564672,0.199680,1.925824
172,traditional,0.163872,1.548288,0.199680,1.911840
173,traditional,0.160512,1.542144,0.199680,1.902336
174,traditional,0.165536,1.547264,0.200704,1.913504
175,traditional,0.164160,1.544192,0.200704,1.909056
176,traditional,0.161472,1.527808,0.199680,1.888960
177,traditional,0.167488,1.530880,0.200704,1.899072
178,traditional,0.163552,1.562624,0.200704,1.926880
179,traditional,0.165152,1.526784,0.199680,1.891616
180,traditional,0.165312,1.561600,0.200704,1.927616
181,traditional,0.160768,1.564672,0.200704,1.926144
182,traditional,0.165856,1.573888,0.199680,1.939424
183,traditional,0.184192,1.583104,0.199680,1.966976
184,traditional,0.167648,1.529856,0.199680,1.897184
185,traditional,0.160896,1.567744,0.199680,1.928320
186,traditional,0.165024,1.560576,0.199680,1.925280
187,traditional,0.162656,1.551360,0.199680,1.913696
188,traditional,0.162880,1.544192,0.199680,1.906752
189,traditional,0.163872,1.541120,0.199680,1.904672
190,traditional,0.162560,1.540096,0.199680,1.902336
191,traditional,0.160896,1.567744,0.200704,1.929344
192,traditional,0.160960,1.548288,0.199680,1.908928
193,traditional,0.161024,1.577984,0.200704,1.939712
194,traditional,0.162112,1.549312,0.200704,1.912128
195,traditional,0.170688,1.575936,0.208896,1.955520
196,traditional,0.166208,1.526784,0.200704,1.893696
197,traditional,0.160032,1.546240,0.199680,1.905952
198,traditional,0.173664,1.590272,0.200704,1.964640
199,traditional,0.161184,1.570816,0.199680,1.931680
200,traditional,0.159488,1.575936,0.199680,1.935104
201,traditional,0.159328,1.531904,0.199680,1.890912
202,traditional,0.175328,1.537024,0.199680,1.912032
203,traditional,0.172256,1.591296,0.199680,1.963232
204,traditional,0.172384,1.575936,0.199680,1.948000
205,traditional,0.165536,1.560576,0.199680,1.925792
206,traditional,0.161408,1.536000,0.199680,1.897088
207,traditional,0.162688,1.539072,0.199680,1.901440
208,traditional,0.164096,1.528832,0.199680,1.892608
209,traditional,0.173792,1.551360,0.199680,1.924832
210,traditional,0.161920,1.551360,0.200704,1.913984
211,traditional,0.160768,1.553408,0.200704,1.914880
212,traditional,0.161632,1.582080,0.202752,1.946464
213,traditional,0.165568,1.547264,0.200704,1.913536
214,traditional,0.172512,1.530880,0.199680,1.903072
215,traditional,0.172992,1.561600,0.199680,1.934272
216,traditional,0.169280,1.562624,0.199680,1.931584
217,traditional,0.176608,1.568768,0.200704,1.946080
218,traditional,0.172032,1.547264,0.199680,1.918976
219,traditional,0.175808,1.538048,0.200704,1.914560
220,traditional,0.179296,1.529856,0.199680,1.908832
221,traditional,0.176192,1.557504,0.199680,1.933376
222,traditional,0.204768,1.572864,0.200704,1.978336
223,traditional,0.171424,1.529856,0.199680,1.900960
224,traditional,0.162560,1.523712,0.199680,1.885952
225,traditional,0.164480,1.539072,0.199680,1.903232
226,traditional,0.174912,1.552384,0.225280,1.952576
227,traditional,0.159968,1.542144,0.200704,1.902816
228,traditional,0.164160,1.548288,0.200704,1.913152
229,traditional,0.176224,1.565696,0.199680,1.941600
230,traditional,0.175584,1.541120,0.199680,1.916384
231,traditional,0.188160,1.648640,0.200704,2.037504
232,traditional,0.161632,1.538048,0.203776,1.903456
233,traditional,0.163872,1.545216,0.199680,1.908768
234,traditional,0.198848,1.531904,0.199680,1.930432
235,traditional,0.164288,1.534976,0.199680,1.898944
236,traditional,0.162784,1.551360,0.199680,1.913824
237,traditional,0.162656,1.533952,0.199680,1.896288
238,traditional,0.179200,1.561600,0.199680,1.940480
239,traditional,0.180096,1.610752,0.200704,1.991552
240,traditional,0.171328,1.571840,0.199680,1.942848
241,traditional,0.179296,1.571840,0.200704,1.951840
242,traditional,0.160000,1.527808,0.199680,1.887488
243,traditional,0.162080,1.526784,0.200704,1.889568
244,traditional,0.160800,1.533952,0.200704,1.895456
245,traditional,0.163296,1.598464,0.199680,1.961440
246,traditional,0.162240,1.541120,0.200704,1.904064
247,traditional,0.168448,1.576960,0.200704,1.946112
248,traditional,0.161856,1.573888,0.200704,1.936448
249,traditional,0.161376,1.547264,0.200704,1.909344
250,traditional,0.162304,1.531904,0.200704,1.894912
251,traditional,0.164512,1.547264,0.200704,1.912480
252,traditional,0.161888,1.541120,0.200704,1.903712
253,traditional,0.161568,1.533952,0.200704,1.896224
254,traditional,0.162016,1.558528,0.200704,1.921248
255,traditional,0.171904,1.851392,0.203776,2.227072
256,traditional,0.161888,1.533952,0.200704,1.896544
257,traditional,0.165728,1.544192,0.200704,1.910624
258,traditional,0.175168,1.558528,0.200704,1.934400
259,traditional,0.180000,1.529856,0.199680,1.909536
260,traditional,0.175680,1.585152,0.200704,1.961536
261,traditional,0.180512,1.591296,0.200704,1.972512
262,traditional,0.176224,1.600512,0.200704,1.977440
263,traditional,0.187648,1.565696,0.201728,1.955072
264,traditional,0.161952,1.558528,0.200704,1.921184
265,traditional,0.184160,1.531904,0.201728,1.917792
266,traditional,0.175360,1.549312,0.200704,1.925376
267,traditional,0.171328,1.565696,0.202752,1.939776
268,traditional,0.177664,1.583104,0.200704,1.961472
269,traditional,0.186720,1.582080,0.200704,1.969504
270,traditional,0.181696,1.571840,0.204800,1.958336
271,traditional,0.179712,1.588224,0.200704,1.968640
272,traditional,0.176256,1.551360,0.200704,1.928320
273,traditional,0.174240,1.544192,0.200704,1.919136
274,traditional,0.188704,1.546240,0.200704,1.935648
275,traditional,0.179488,1.577984,0.200704,1.958176
276,traditional,0.179840,1.554432,0.200704,1.934976
277,traditional,0.179392,1.599488,0.200704,1.979584
278,traditional,0.161984,1.559552,0.199680,1.921216
279,traditional,0.178336,1.569792,0.200704,1.948832
280,traditional,0.167392,1.559552,0.200704,1.927648
281,traditional,0.179136,1.615872,0.200704,1.995712
282,traditional,0.176128,1.607680,0.201728,1.985536
283,traditional,0.163424,1.538048,0.212992,1.914464
284,traditional,0.191200,1.539072,0.200704,1.930976
285,traditional,0.186496,1.567744,0.200704,1.954944
286,traditional,0.180160,1.546240,0.200704,1.927104
287,traditional,0.201728,1.560576,0.200704,1.963008
288,traditional,0.174464,1.548288,0.200704,1.923456
289,traditional,0.164768,1.527808,0.199680,1.892256
290,traditional,0.165152,1.568768,0.200704,1.934624
291,traditional,0.164384,1.559552,0.200704,1.924640
292,traditional,0.161728,1.556480,0.200704,1.918912
293,traditional,0.201696,1.590272,0.200704,1.992672
294,traditional,0.164032,1.548288,0.200704,1.913024
295,traditional,0.160960,1.537024,0.200704,1.898688
296,traditional,0.164672,1.575936,0.200704,1.941312
297,traditional,0.173920,1.542144,0.200704,1.916768
298,traditional,0.160672,1.538048,0.200704,1.899424
299,traditional,0.162816,1.541120,0.200704,1.904640
300,traditional,0.162432,1.538048,0.199680,1.900160
301,traditional,0.167584,1.573888,0.201728,1.943200
302,traditional,0.159264,1.554432,0.199680,1.913376
303,traditional,0.162368,1.554432,0.200704,1.917504
304,traditional,0.165184,1.551360,0.200704,1.917248
305,traditional,0.166880,1.553408,0.199680,1.919968
306,traditional,0.162560,1.541120,0.200704,1.904384
307,traditional,0.164320,1.542144,0.200704,1.907168
308,traditional,0.181856,1.531904,0.200704,1.914464
309,traditional,0.179104,1.566720,0.200704,1.946528
310,traditional,0.168672,1.532928,0.199680,1.901280
311,traditional,0.172288,1.549312,0.201728,1.923328
312,traditional,0.175744,1.580032,0.200704,1.956480
313,traditional,0.187104,1.588224,0.200704,1.976032
314,traditional,0.166432,1.556480,0.200704,1.923616
315,traditional,0.170304,1.551360,0.200704,1.922368
316,traditional,0.165408,1.563648,0.200704,1.929760
317,traditional,0.162784,1.532928,0.200704,1.896416
318,traditional,0.177312,1.610752,0.200704,1.988768
319,traditional,0.173216,1.559552,0.200704,1.933472
320,traditional,0.173664,1.583104,0.212992,1.969760
321,traditional,0.161024,1.552384,0.200704,1.914112
322,traditional,0.176512,1.550336,0.200704,1.927552
323,traditional,0.204768,1.596416,0.200704,2.001888
324,traditional,0.188032,1.584128,0.201728,1.973888
325,traditional,0.161504,1.568768,0.200704,1.930976
326,traditional,0.166560,1.567744,0.200704,1.935008
327,traditional,0.165440,1.548288,0.200704,1.914432
328,traditional,0.162560,1.571840,0.200704,1.935104
329,traditional,0.167200,1.556480,0.200704,1.924384
330,traditional,0.176608,1.545216,0.200704,1.922528
331,traditional,0.161632,1.550336,0.200704,1.912672
332,traditional,0.188384,1.601536,0.200704,1.990624
333,traditional,0.160672,1.582080,0.201728,1.944480
334,traditional,0.175584,1.563648,0.200704,1.939936
335,traditional,0.169952,1.569792,0.200704,1.940448
336,traditional,0.175552,1.568768,0.199680,1.944000
337,traditional,0.176512,1.613824,0.199680,1.990016
338,traditional,0.166016,1.570816,0.200704,1.937536
339,traditional,0.178976,1.569792,0.200704,1.949472
340,traditional,0.163040,1.556480,0.200704,1.920224
341,traditional,0.180512,1.563648,0.200704,1.944864
342,traditional,0.171520,1.579008,0.204800,1.955328
343,traditional,0.163904,1.588224,0.200704,1.952832
344,traditional,0.179136,1.588224,0.200704,1.968064
345,traditional,0.175584,1.573888,0.200704,1.950176
346,traditional,0.197024,1.587200,0.200704,1.984928
347,traditional,0.161888,1.586176,0.200704,1.948768
348,traditional,0.188992,1.576960,0.200704,1.966656
349,traditional,0.167456,1.567744,0.211968,1.947168
350,traditional,0.167104,1.566720,0.200704,1.934528
351,traditional,0.192288,1.654784,0.200704,2.047776
352,traditional,0.177344,1.600512,0.200704,1.978560
353,traditional,0.164800,1.558528,0.200704,1.924032
354,traditional,0.166048,1.582080,0.199680,1.947808
355,traditional,0.191456,1.564672,0.200704,1.956832
356,traditional,0.163744,1.569792,0.200704,1.934240
357,traditional,0.173280,1.602560,0.201728,1.977568
358,traditional,0.165728,1.561600,0.201728,1.929056
359,traditional,0.162560,1.579008,0.200704,1.942272
360,traditional,0.165664,1.568768,0.200704,1.935136
361,traditional,0.162496,1.566720,0.199680,1.928896
362,traditional,0.163840,1.604608,0.200704,1.969152
363,traditional,0.163200,1.588224,0.199680,1.951104
364,traditional,0.177856,1.607680,0.200704,1.986240
365,traditional,0.162368,1.572864,0.199680,1.934912
366,traditional,0.174336,1.605632,0.199680,1.979648
367,traditional,0.168352,1.565696,0.199680,1.933728
368,traditional,0.171040,1.568768,0.200704,1.940512
369,traditional,0.183264,1.618944,0.199680,2.001888
370,traditional,0.181344,1.604608,0.200704,1.986656
371,traditional,0.194752,1.579008,0.199680,1.973440
372,traditional,0.167584,1.565696,0.200704,1.933984
373,traditional,0.194432,1.580032,0.199680,1.974144
374,traditional,0.168256,1.573888,0.200704,1.942848
375,traditional,0.163776,1.593344,0.202752,1.959872
376,traditional,0.164384,1.573888,0.199680,1.937952
377,traditional,0.164896,1.582080,0.200704,1.947680
378,traditional,0.161856,1.563648,0.199680,1.925184
379,traditional,0.163264,1.561600,0.199680,1.924544
380,traditional,0.165472,1.587200,0.200704,1.953376
381,traditional,0.167872,1.572864,0.199680,1.940416
382,traditional,0.176736,1.552384,0.200704,1.929824
383,traditional,0.162656,1.568768,0.199680,1.931104
384,traditional,0.166592,1.588224,0.203776,1.958592
385,traditional,0.168608,1.615872,0.203776,1.988256
386,traditional,0.167552,1.617920,0.203776,1.989248
387,traditional,0.169248,1.606656,0.209920,1.985824
388,traditional,0.183520,1.671168,0.208896,2.063584
389,traditional,0.170272,1.665024,0.208896,2.044192
390,traditional,0.170144,1.668096,0.208896,2.047136
391,traditional,0.183808,1.680384,0.208896,2.073088
392,traditional,0.183552,1.686528,0.208896,2.078976
393,traditional,0.187264,1.668096,0.206848,2.062208
394,traditional,0.183232,1.686528,0.206848,2.076608
395,traditional,0.189440,1.659904,0.207872,2.057216
396,traditional,0.172736,1.649664,0.208896,2.031296
397,traditional,0.179936,1.633280,0.433152,2.246368
398,traditional,0.195520,1.652736,0.207872,2.056128
399,traditional,0.187488,1.702912,0.207872,2.098272
400,traditional,0.167040,1.629184,0.206848,2.003072
401,traditional,0.173888,1.652736,0.206848,2.033472
402,traditional,0.170336,1.643520,0.207872,2.021728
403,traditional,0.182080,1.687552,0.207872,2.077504
404,traditional,0.169152,1.649664,0.207872,2.026688
405,traditional,0.167680,1.627136,0.206848,2.001664
406,traditional,0.170816,1.622016,0.206848,1.999680
407,traditional,0.194464,1.660928,0.210944,2.066336
408,traditional,0.168224,1.640448,0.206848,2.015520
409,traditional,0.179136,1.664000,0.206848,2.049984
410,traditional,0.184960,1.643520,0.206848,2.035328
411,traditional,0.182624,1.664000,0.207872,2.054496
412,traditional,0.182240,1.643520,0.204800,2.030560
413,traditional,0.180992,1.709056,0.205824,2.095872
414,traditional,0.166400,1.633280,0.205824,2.005504
415,traditional,0.179200,1.660928,0.212992,2.053120
416,traditional,0.181568,1.664000,0.205824,2.051392
417,traditional,0.184320,1.642496,0.204800,2.031616
418,traditional,0.194848,1.727488,0.208896,2.131232
419,traditional,0.187904,1.720320,0.208896,2.117120
420,traditional,0.193312,1.700864,0.207872,2.102048
421,traditional,0.182464,1.655808,0.210944,2.049216
422,traditional,0.194944,1.649664,0.208896,2.053504
423,traditional,0.198752,1.699840,0.208896,2.107488
424,traditional,0.190560,1.686528,0.208896,2.085984
425,traditional,0.184544,1.678336,0.208896,2.071776
426,traditional,0.182720,1.657856,0.209920,2.050496
427,traditional,0.183552,1.646592,0.209920,2.040064
428,traditional,0.211424,1.660928,0.448512,2.320864
429,traditional,0.195104,1.701888,0.208896,2.105888
430,traditional,0.171296,1.649664,0.208896,2.029856
431,traditional,0.183328,1.700864,0.208896,2.093088
432,traditional,0.182912,1.720320,0.208896,2.112128
433,traditional,0.178848,1.686528,0.208896,2.074272
434,traditional,0.170592,1.646592,0.211968,2.029152
435,traditional,0.191936,1.722368,0.219136,2.133440
436,traditional,0.176000,1.747968,0.219136,2.143104
437,traditional,0.175296,1.736704,0.218112,2.130112
438,traditional,0.170464,1.669120,0.212992,2.052576
439,traditional,0.172544,1.668096,0.210944,2.051584
440,traditional,0.190176,1.698816,0.210944,2.099936
441,traditional,0.184288,1.718272,0.211968,2.114528
442,traditional,0.174592,1.712128,0.212992,2.099712
443,traditional,0.178752,1.710080,0.212992,2.101824
444,traditional,0.185856,1.649664,0.212992,2.048512
445,traditional,0.188896,1.666048,0.211968,2.066912
446,traditional,0.171680,1.672192,0.212992,2.056864
447,traditional,0.192544,1.622016,0.220160,2.034720
448,traditional,0.167104,1.602560,0.207872,1.977536
449,traditional,0.206432,1.626112,0.207872,2.040416
450,traditional,0.192928,1.643520,0.207872,2.044320
451,traditional,0.186240,1.639424,0.207872,2.033536
452,traditional,0.173408,1.614848,0.208896,1.997152
453,traditional,0.186560,1.655808,0.212992,2.055360
454,traditional,0.186560,1.689600,0.215040,2.091200
455,traditional,0.186592,1.678336,0.225280,2.090208
456,traditional,0.200384,1.683456,0.212992,2.096832
457,traditional,0.175168,1.694720,0.444416,2.314304
458,traditional,0.188544,1.684480,0.212992,2.086016
459,traditional,0.172032,1.641472,0.212992,2.026496
460,traditional,0.181792,1.669120,0.212992,2.063904
461,traditional,0.172384,1.636352,0.232448,2.041184
462,traditional,0.171840,1.680384,0.212992,2.065216
463,traditional,0.172736,1.678336,0.212992,2.064064
464,traditional,0.166720,1.613824,0.205824,1.986368
465,traditional,0.175040,1.603584,0.204800,1.983424
466,traditional,0.167488,1.615872,0.205824,1.989184
467,traditional,0.165280,1.594368,0.205824,1.965472
468,traditional,0.199904,1.686528,0.204800,2.091232
469,traditional,0.165632,1.586176,0.205824,1.957632
470,traditional,0.166432,1.596416,0.206848,1.969696
471,traditional,0.183904,1.608704,0.205824,1.998432
472,traditional,0.184064,1.611776,0.204800,2.000640
473,traditional,0.191200,1.589248,0.205824,1.986272
474,traditional,0.175968,1.582080,0.204800,1.962848
475,traditional,0.168000,1.631232,0.217088,2.016320
476,traditional,0.166560,1.589248,0.204800,1.960608
477,traditional,0.169216,1.653760,0.205824,2.028800
478,traditional,0.165920,1.606656,0.204800,1.977376
479,traditional,0.178912,1.607680,0.205824,1.992416
480,traditional,0.205632,1.661952,0.205824,2.073408
481,traditional,0.203968,1.618944,0.204800,2.027712
482,traditional,0.186048,1.711104,0.212992,2.110144
483,traditional,0.183936,1.648640,0.212992,2.045568
484,traditional,0.171328,1.658880,0.212992,2.043200
485,traditional,0.173152,1.682432,0.212992,2.068576
486,traditional,0.185056,1.655808,0.212992,2.053856
487,traditional,0.172192,1.644544,0.212992,2.029728
488,traditional,0.183968,1.638400,0.212992,2.035360
489,traditional,0.174496,1.651712,0.212992,2.039200
490,traditional,0.192864,1.649664,0.212992,2.055520
491,traditional,0.175136,1.674240,0.212992,2.062368
492,traditional,0.174848,1.643520,0.216064,2.034432
493,traditional,0.170432,1.609728,0.208896,1.989056
494,traditional,0.178528,1.629184,0.208896,2.016608
495,traditional,0.173344,1.652736,0.208896,2.034976
496,traditional,0.171328,1.639424,0.214016,2.024768
497,traditional,0.168736,1.594368,0.206848,1.969952
498,traditional,0.168352,1.588224,0.206848,1.963424
499,traditional,0.170176,1.608704,0.206848,1.985728
500,traditional,0.170112,1.604608,0.205824,1.980544
501,traditional,0.168992,1.577984,0.204800,1.951776
502,traditional,0.173664,1.603584,0.204800,1.982048
503,traditional,0.192832,1.576960,0.205824,1.975616
504,traditional,0.183328,1.599488,0.207872,1.990688
505,traditional,0.190432,1.642496,0.210944,2.043872
506,traditional,0.190048,1.581056,0.203776,1.974880
507,traditional,0.176064,1.589248,0.205824,1.971136
508,traditional,0.178848,1.563648,0.203776,1.946272
509,traditional,0.169920,1.597440,0.203776,1.971136
510,traditional,0.165184,1.600512,0.202752,1.968448
511,traditional,0.165664,1.574912,0.203776,1.944352
512,traditional,0.162848,1.558528,0.202752,1.924128
513,traditional,0.164704,1.560576,0.202752,1.928032
514,traditional,0.167040,1.592320,0.202752,1.962112
515,traditional,0.176096,1.598464,0.202752,1.977312
516,traditional,0.166208,1.577984,0.202752,1.946944
517,traditional,0.163872,1.573888,0.202752,1.940512
518,traditional,0.166656,1.623040,0.201728,1.991424
519,traditional,0.163360,1.598464,0.203776,1.965600
520,traditional,0.167424,1.562624,0.202752,1.932800
521,traditional,0.163072,1.556480,0.202752,1.922304
522,traditional,0.164320,1.619968,0.202752,1.987040
523,traditional,0.162720,1.543168,0.200704,1.906592
524,traditional,0.162368,1.544192,0.200704,1.907264
525,traditional,0.166720,1.558528,0.200704,1.925952
526,traditional,0.164480,1.573888,0.200704,1.939072
527,traditional,0.166560,1.570816,0.200704,1.938080
528,traditional,0.163328,1.607680,0.202752,1.973760
529,traditional,0.167424,1.561600,0.202752,1.931776
530,traditional,0.169632,1.607680,0.202752,1.980064
531,traditional,0.169664,1.589248,0.203776,1.962688
532,traditional,0.175392,1.587200,0.203776,1.966368
533,traditional,0.163264,1.602560,0.203776,1.969600
534,traditional,0.163456,1.594368,0.200704,1.958528
535,traditional,0.162496,1.574912,0.200704,1.938112
536,traditional,0.161120,1.539072,0.202752,1.902944
537,traditional,0.161568,1.553408,0.199680,1.914656
538,traditional,0.164064,1.539072,0.200704,1.903840
539,traditional,0.167264,1.582080,0.200704,1.950048
540,traditional,0.174240,1.547264,0.201728,1.923232
541,traditional,0.162368,1.561600,0.201728,1.925696
542,traditional,0.168128,1.549312,0.200704,1.918144
543,traditional,0.176672,1.564672,0.201728,1.943072
544,traditional,0.164640,1.562624,0.201728,1.928992
545,traditional,0.168000,1.556480,0.201728,1.926208
546,traditional,0.165888,1.562624,0.200704,1.929216
547,traditional,0.169312,1.560576,0.214016,1.943904
548,traditional,0.164864,1.554432,0.200704,1.920000
549,traditional,0.166400,1.575936,0.214016,1.956352
550,traditional,0.177984,1.538048,0.199680,1.915712
551,traditional,0.163904,1.545216,0.200704,1.909824
552,traditional,0.164288,1.550336,0.200704,1.915328
553,traditional,0.170944,1.539072,0.199680,1.909696
554,traditional,0.175744,1.563648,0.200704,1.940096
555,traditional,0.161664,1.564672,0.200704,1.927040
556,traditional,0.173088,1.550336,0.200704,1.924128
557,traditional,0.165824,1.550336,0.200704,1.916864
558,traditional,0.162688,1.547264,0.200704,1.910656
559,traditional,0.180960,1.556480,0.200704,1.938144
560,traditional,0.173920,1.538048,0.199680,1.911648
561,traditional,0.162400,1.569792,0.200704,1.932896
562,traditional,0.160352,1.589248,0.200704,1.950304
563,traditional,0.162496,1.552384,0.200704,1.915584
564,traditional,0.164032,1.556480,0.199680,1.920192
565,traditional,0.164320,1.574912,0.200704,1.939936
566,traditional,0.171904,1.584128,0.200704,1.956736
567,traditional,0.164544,1.574912,0.200704,1.940160
568,traditional,0.165184,1.549312,0.199680,1.914176
569,traditional,0.164032,1.548288,0.199680,1.912000
570,traditional,0.171808,1.573888,0.200704,1.946400
571,traditional,0.160480,1.557504,0.199680,1.917664
572,traditional,0.165184,1.605632,0.200704,1.971520
573,traditional,0.163136,1.584128,0.200704,1.947968
574,traditional,0.172896,1.616896,0.199680,1.989472
575,traditional,0.162560,2.680832,0.661504,3.504896
576,traditional,0.353920,2.797568,0.202752,3.354240
577,traditional,0.182944,1.820672,0.199680,2.203296
578,traditional,0.164384,1.579008,0.199680,1.943072
579,traditional,0.165056,1.581056,0.199680,1.945792
580,traditional,0.183968,1.591296,0.200704,1.975968
581,traditional,0.164704,1.580032,0.200704,1.945440
582,traditional,0.161312,1.574912,0.199680,1.935904
583,traditional,0.187296,1.570816,0.199680,1.957792
584,traditional,0.166624,2.031616,0.387072,2.585312
585,traditional,0.315264,3.055616,0.202752,3.573632
586,traditional,0.164256,2.045952,0.203776,2.413984
587,traditional,0.193312,1.686528,0.202752,2.082592
588,traditional,0.166400,1.589248,0.200704,1.956352
589,traditional,0.166144,1.569792,0.200704,1.936640
590,traditional,0.173216,1.582080,0.203776,1.959072
591,traditional,0.163424,1.642496,0.200704,2.006624
592,traditional,0.167072,1.573888,0.201728,1.942688
593,traditional,0.167424,2.128896,0.381952,2.678272
594,traditional,0.315456,2.826240,0.201728,3.343424
595,traditional,0.166272,1.843200,0.204800,2.214272
596,traditional,0.175712,2.648064,0.678912,3.502688
597,traditional,0.306144,2.084864,0.200704,2.591712
598,traditional,0.177984,1.568768,0.200704,1.947456
599,traditional,0.163232,1.615872,0.202752,1.981856
600,traditional,0.168416,1.641472,0.202752,2.012640
601,traditional,0.187552,1.588224,0.202752,1.978528
602,traditional,0.168096,1.582080,0.202752,1.952928
603,traditional,0.166432,1.630208,0.202752,1.999392
604,traditional,0.169696,1.629184,0.203776,2.002656
605,traditional,0.184256,2.485248,0.389120,3.058624
606,traditional,0.324320,3.097600,0.216064,3.637984
607,traditional,0.173888,2.191360,0.205824,2.571072
608,traditional,0.182816,1.596416,0.202752,1.981984
609,traditional,0.167040,1.646592,0.203776,2.017408
610,traditional,0.168288,1.570816,0.200704,1.939808
611,traditional,0.167136,1.563648,0.201728,1.932512
612,traditional,0.166208,1.564672,0.200704,1.931584
613,traditional,0.163552,1.709056,0.233472,2.106080
614,traditional,0.189184,1.833984,0.232448,2.255616
615,traditional,0.201312,1.856512,0.231424,2.289248
616,traditional,0.200896,1.849344,0.232448,2.282688
617,traditional,0.213888,1.845248,0.232448,2.291584
618,traditional,0.184768,1.810432,0.227328,2.222528
619,traditional,0.183136,1.793024,0.226304,2.202464
620,traditional,0.183392,1.784832,0.227328,2.195552
621,traditional,0.182400,1.793024,0.245760,2.221184
622,traditional,0.189600,1.808384,0.227328,2.225312
623,traditional,0.181632,1.819648,0.228352,2.229632
624,traditional,0.189504,1.800192,0.474112,2.463808
625,traditional,0.183680,1.805312,0.230400,2.219392
626,traditional,0.185984,1.812480,0.228352,2.226816
627,traditional,0.182784,1.827840,0.228352,2.238976
628,traditional,0.184544,1.795072,0.225280,2.204896
629,traditional,0.180576,1.793024,0.225280,2.198880
630,traditional,0.188128,1.790976,0.225280,2.204384
631,traditional,0.185760,1.814528,0.225280,2.225568
632,traditional,0.194720,1.783808,0.225280,2.203808
633,traditional,0.178496,1.817600,0.466944,2.463040
634,traditional,0.190880,1.781760,0.225280,2.197920
635,traditional,0.194912,1.825792,0.225280,2.245984
636,traditional,0.178752,1.772544,0.228352,2.179648
637,traditional,0.194656,1.810432,0.224256,2.229344
638,traditional,0.231936,1.790976,0.224256,2.247168
639,traditional,0.180480,1.833984,0.225280,2.239744
640,traditional,0.193024,1.813504,0.224256,2.230784
641,traditional,0.180224,1.814528,0.223232,2.217984
642,traditional,0.183712,1.769472,0.485376,2.438560
643,traditional,0.186432,1.802240,0.222208,2.210880
644,traditional,0.192576,1.771520,0.223232,2.187328
645,traditional,0.183360,1.780736,0.224256,2.188352
646,traditional,0.187328,1.778688,0.225280,2.191296
647,traditional,0.192640,1.786880,0.225280,2.204800
648,traditional,0.181120,1.776640,0.225280,2.183040
649,traditional,0.185216,1.767424,0.222208,2.174848
650,traditional,0.188064,1.772544,0.225280,2.185888
651,traditional,0.191872,1.775616,0.221184,2.188672
652,traditional,0.182912,1.782784,0.226304,2.192000
653,traditional,0.190400,1.762304,0.228352,2.181056
654,traditional,0.178464,1.757184,0.222208,2.157856
655,traditional,0.178656,1.742848,0.220160,2.141664
656,traditional,0.189632,1.748992,0.220160,2.158784
657,traditional,0.181088,1.748992,0.221184,2.151264
658,traditional,0.181536,1.740800,0.220160,2.142496
659,traditional,0.174816,1.739776,0.221184,2.135776
660,traditional,0.180544,1.730560,0.220160,2.131264
661,traditional,0.186304,1.747968,0.221184,2.155456
662,traditional,0.177216,1.747968,0.221184,2.146368
663,traditional,0.177568,1.730560,0.220160,2.128288
664,traditional,0.192384,1.836032,0.226304,2.254720
665,traditional,0.183936,1.783808,0.226304,2.194048
666,traditional,0.180864,1.779712,0.226304,2.186880
667,traditional,0.180160,1.650688,0.207872,2.038720
668,traditional,0.177056,1.635328,0.206848,2.019232
669,traditional,0.168672,1.639424,0.207872,2.015968
670,traditional,0.186752,1.601536,0.200704,1.988992
671,traditional,0.177920,1.596416,0.200704,1.975040
672,traditional,0.163840,1.590272,0.200704,1.954816
673,traditional,0.162528,1.588224,0.199680,1.950432
674,traditional,0.163552,1.590272,0.200704,1.954528
675,traditional,0.174176,1.599488,0.205824,1.979488
676,traditional,0.177600,1.567744,0.200704,1.946048
677,traditional,0.163904,1.572864,0.199680,1.936448
678,traditional,0.161728,1.588224,0.199680,1.949632
679,traditional,0.164352,1.595392,0.204800,1.964544
680,traditional,0.161792,1.608704,0.201728,1.972224
681,traditional,0.161120,1.585152,0.200704,1.946976
682,traditional,0.162368,1.575936,0.200704,1.939008
683,traditional,0.162112,1.597440,0.203776,1.963328
684,traditional,0.168288,1.563648,0.199680,1.931616
685,traditional,0.162688,1.599488,0.200704,1.962880
686,traditional,0.166432,1.586176,0.200704,1.953312
687,traditional,0.174848,1.606656,0.200704,1.982208
688,traditional,0.161920,1.586176,0.200704,1.948800
689,traditional,0.165536,1.593344,0.218112,1.976992
690,traditional,0.163520,1.583104,0.199680,1.946304
691,traditional,0.160928,1.552384,0.212992,1.926304
692,traditional,0.167168,1.557504,0.203776,1.928448
693,traditional,0.169312,1.572864,0.200704,1.942880
694,traditional,0.161120,1.582080,0.200704,1.943904
695,traditional,0.161440,1.577984,0.200704,1.940128
696,traditional,0.164896,1.602560,0.199680,1.967136
697,traditional,0.169760,1.572864,0.200704,1.943328
698,traditional,0.161888,1.591296,0.200704,1.953888
699,traditional,0.162592,1.553408,0.199680,1.915680
700,traditional,0.173408,1.601536,0.200704,1.975648
701,traditional,0.161984,1.579008,0.199680,1.940672
702,traditional,0.165728,1.582080,0.200704,1.948512
703,traditional,0.175584,1.553408,0.200704,1.929696
704,traditional,0.165696,1.585152,0.200704,1.951552
705,traditional,0.164192,1.596416,0.200704,1.961312
706,traditional,0.163872,1.553408,0.200704,1.917984
707,traditional,0.165248,1.575936,0.200704,1.941888
708,traditional,0.164896,1.590272,0.199680,1.954848
709,traditional,0.162976,1.561600,0.200704,1.925280
710,traditional,0.171936,1.547264,0.200704,1.919904
711,traditional,0.166176,1.544192,0.200704,1.911072
712,traditional,0.161152,1.545216,0.199680,1.906048
713,traditional,0.161792,1.559552,0.200704,1.922048
714,traditional,0.165856,1.577984,0.200704,1.944544
715,traditional,0.172576,1.576960,0.201728,1.951264
716,traditional,0.162240,1.546240,0.199680,1.908160
717,traditional,0.162368,1.545216,0.200704,1.908288
718,traditional,0.161056,1.577984,0.199680,1.938720
719,traditional,0.170048,1.605632,0.200704,1.976384
720,traditional,0.162784,1.558528,0.199680,1.920992
721,traditional,0.172000,1.552384,0.200704,1.925088
722,traditional,0.165152,1.599488,0.200704,1.965344
723,traditional,0.174016,1.570816,0.202752,1.947584
724,traditional,0.161536,1.567744,0.200704,1.929984
725,traditional,0.161440,1.604608,0.199680,1.965728
726,traditional,0.162176,1.589248,0.200704,1.952128
727,traditional,0.162080,1.577984,0.200704,1.940768
728,traditional,0.167264,1.561600,0.200704,1.929568
729,traditional,0.176160,1.617920,0.199680,1.993760
730,traditional,0.165120,1.587200,0.200704,1.953024
731,traditional,0.177856,1.590272,0.199680,1.967808
732,traditional,0.164256,1.585152,0.199680,1.949088
733,traditional,0.165984,1.573888,0.200704,1.940576
734,traditional,0.168448,1.541120,0.199680,1.909248
735,traditional,0.163232,1.552384,0.199680,1.915296
736,traditional,0.162656,1.555456,0.200704,1.918816
737,traditional,0.162976,1.554432,0.200704,1.918112
738,traditional,0.172352,1.567744,0.200704,1.940800
739,traditional,0.162784,1.566720,0.199680,1.929184
740,traditional,0.165824,1.574912,0.199680,1.940416
741,traditional,0.164320,1.562624,0.200704,1.927648
742,traditional,0.160640,1.557504,0.199680,1.917824
743,traditional,0.167456,1.567744,0.199680,1.934880
744,traditional,0.170368,1.549312,0.200704,1.920384
745,traditional,0.161824,1.576960,0.200704,1.939488
746,traditional,0.163808,1.545216,0.199680,1.908704
747,traditional,0.163360,1.555456,0.199680,1.918496
748,traditional,0.171584,1.558528,0.199680,1.929792
749,traditional,0.161760,1.550336,0.200704,1.912800
750,traditional,0.164576,1.574912,0.200704,1.940192
751,traditional,0.161984,1.588224,0.200704,1.950912
752,traditional,0.171200,1.579008,0.199680,1.949888
753,traditional,0.162592,1.583104,0.200704,1.946400
754,traditional,0.165856,1.558528,0.200704,1.925088
755,traditional,0.161728,1.566720,0.199680,1.928128
756,traditional,0.164256,1.603584,0.200704,1.968544
757,traditional,0.173184,1.564672,0.200704,1.938560
758,traditional,0.175008,1.553408,0.199680,1.928096
759,traditional,0.172960,1.562624,0.202752,1.938336
760,traditional,0.170752,1.574912,0.200704,1.946368
761,traditional,0.163712,1.571840,0.200704,1.936256
762,traditional,0.164224,1.559552,0.199680,1.923456
763,traditional,0.166560,1.571840,0.199680,1.938080
764,traditional,0.167616,1.557504,0.199680,1.924800
765,traditional,0.161856,1.582080,0.199680,1.943616
766,traditional,0.175488,1.545216,0.200704,1.921408
767,traditional,0.163456,1.848320,0.200704,2.212480
768,traditional,0.176000,1.548288,0.200704,1.924992
769,traditional,0.161088,1.543168,0.199680,1.903936
770,traditional,0.162624,1.543168,0.202752,1.908544
771,traditional,0.162688,1.545216,0.199680,1.907584
772,traditional,0.162720,1.563648,0.199680,1.926048
773,traditional,0.163648,1.543168,0.200704,1.907520
774,traditional,0.162816,1.543168,0.200704,1.906688
775,traditional,0.162240,1.543168,0.200704,1.906112
776,traditional,0.165280,1.550336,0.199680,1.915296
777,traditional,0.177216,1.553408,0.199680,1.930304
778,traditional,0.163040,1.551360,0.200704,1.915104
779,traditional,0.162688,1.551360,0.200704,1.914752
780,traditional,0.162304,1.551360,0.200704,1.914368
781,traditional,0.162304,1.544192,0.200704,1.907200
782,traditional,0.160960,1.547264,0.199680,1.907904
783,traditional,0.162016,1.557504,0.199680,1.919200
784,traditional,0.162656,1.565696,0.203776,1.932128
785,traditional,0.168384,1.570816,0.200704,1.939904
786,traditional,0.176288,1.614848,0.200704,1.991840
787,traditional,0.162528,1.569792,0.200704,1.933024
788,traditional,0.162592,1.582080,0.199680,1.944352
789,traditional,0.170272,1.565696,0.202752,1.938720
790,traditional,0.163712,1.565696,0.200704,1.930112
791,traditional,0.164704,1.620992,0.211968,1.997664
792,traditional,0.163392,1.570816,0.199680,1.933888
793,traditional,0.174528,1.554432,0.200704,1.929664
794,traditional,0.175040,1.572864,0.200704,1.948608
795,traditional,0.162400,1.554432,0.201728,1.918560
796,traditional,0.163456,1.610752,0.200704,1.974912
797,traditional,0.164960,1.558528,0.200704,1.924192
798,traditional,0.161664,1.582080,0.200704,1.944448
799,traditional,0.161280,1.561600,0.199680,1.922560
800,traditional,0.162080,1.558528,0.200704,1.921312
801,traditional,0.170336,1.553408,0.199680,1.923424
802,traditional,0.162816,1.565696,0.200704,1.929216
803,traditional,0.162208,1.566720,0.199680,1.928608
804,traditional,0.161312,1.615872,0.200704,1.977888
805,traditional,0.162272,1.591296,0.199680,1.953248
806,traditional,0.161568,1.566720,0.200704,1.928992
807,traditional,0.163360,1.565696,0.200704,1.929760
808,traditional,0.162656,1.580032,0.200704,1.943392
809,traditional,0.166464,1.582080,0.212992,1.961536
810,traditional,0.160608,1.562624,0.199680,1.922912
811,traditional,0.162816,1.581056,0.200704,1.944576
812,traditional,0.187072,1.569792,0.200704,1.957568
813,traditional,0.165984,1.573888,0.200704,1.940576
814,traditional,0.166592,2.312192,0.378880,2.857664
815,traditional,0.299616,3.134464,0.207872,3.641952
816,traditional,0.164224,1.969152,0.201728,2.335104
817,traditional,0.191040,1.826816,0.199680,2.217536
818,traditional,0.163584,1.601536,0.199680,1.964800
819,traditional,0.163168,1.619968,0.200704,1.983840
820,traditional,0.162496,1.707008,0.216064,2.085568
821,traditional,0.175904,1.721344,0.218112,2.115360
822,traditional,0.192256,1.713152,0.217088,2.122496
823,traditional,0.195712,1.722368,0.217088,2.135168
824,traditional,0.193088,1.781760,0.217088,2.191936
825,traditional,0.183584,1.696768,0.216064,2.096416
826,traditional,0.175232,1.705984,0.217088,2.098304
827,traditional,0.175712,1.697792,0.219136,2.092640
828,traditional,0.176672,1.711104,0.450560,2.338336
829,traditional,0.195776,1.735680,0.217088,2.148544
830,traditional,0.177984,1.725440,0.216064,2.119488
831,traditional,0.172768,1.715200,0.217088,2.105056
832,traditional,0.171808,1.721344,0.216064,2.109216
833,traditional,0.172800,1.717248,0.218112,2.108160
834,traditional,0.183904,1.708032,0.217088,2.109024
835,traditional,0.174976,1.708032,0.216064,2.099072
836,traditional,0.189728,1.691648,0.217088,2.098464
837,traditional,0.180096,1.692672,0.217088,2.089856
838,traditional,0.175264,1.705984,0.441344,2.322592
839,traditional,0.172320,1.707008,0.212992,2.092320
840,traditional,0.201088,1.714176,0.212992,2.128256
841,traditional,0.200768,1.682432,0.212992,2.096192
842,traditional,0.198784,1.722368,0.212992,2.134144
843,traditional,0.176672,1.731584,0.212992,2.121248
844,traditional,0.196768,1.667072,0.211968,2.075808
845,traditional,0.189408,1.685504,0.210944,2.085856
846,traditional,0.209632,1.689600,0.223232,2.122464
847,traditional,0.184256,1.665024,0.211968,2.061248
848,traditional,0.199072,1.705984,0.208896,2.113952
849,traditional,0.174688,1.667072,0.209920,2.051680
850,traditional,0.180704,1.668096,0.209920,2.058720
851,traditional,0.182528,1.666048,0.207872,2.056448
852,traditional,0.168800,1.628160,0.208896,2.005856
853,traditional,0.197920,1.680384,0.208896,2.087200
854,traditional,0.171552,1.640448,0.208896,2.020896
855,traditional,0.171296,1.641472,0.207872,2.020640
856,traditional,0.168896,1.673216,0.217088,2.059200
857,traditional,0.194368,1.658880,0.208896,2.062144
858,traditional,0.200000,1.702912,0.207872,2.110784
859,traditional,0.179040,1.710080,0.208896,2.098016
860,traditional,0.190592,1.664000,0.207872,2.062464
861,traditional,0.179808,1.638400,0.207872,2.026080
862,traditional,0.170592,1.619968,0.207872,1.998432
863,traditional,0.178688,1.662976,0.212992,2.054656
864,traditional,0.194496,1.654784,0.207872,2.057152
865,traditional,0.187552,1.651712,0.207872,2.047136
866,traditional,0.200064,1.633280,0.209920,2.043264
867,traditional,0.184800,1.661952,0.208896,2.055648
868,traditional,0.179872,1.722368,0.206848,2.109088
869,traditional,0.169696,1.664000,0.206848,2.040544
870,traditional,0.181440,1.642496,0.207872,2.031808
871,traditional,0.184416,1.643520,0.207872,2.035808
872,traditional,0.169504,1.691648,0.217088,2.078240
873,traditional,0.168864,1.655808,0.208896,2.033568
874,traditional,0.174208,1.672192,0.209920,2.056320
875,traditional,0.176352,1.654784,0.209920,2.041056
876,traditional,0.169728,1.661952,0.207872,2.039552
877,traditional,0.172576,1.669120,0.206848,2.048544
878,traditional,0.168128,1.646592,0.206848,2.021568
879,traditional,0.169536,1.674240,0.209920,2.053696
880,traditional,0.188096,1.653760,0.206848,2.048704
881,traditional,0.178784,1.668096,0.208896,2.055776
882,traditional,0.168576,1.650688,0.209920,2.029184
883,traditional,0.170560,1.677312,0.208896,2.056768
884,traditional,0.196192,1.661952,0.208896,2.067040
885,traditional,0.175712,1.659904,0.208896,2.044512
886,traditional,0.170016,1.682432,0.231424,2.083872
887,traditional,0.166688,1.629184,0.206848,2.002720
888,traditional,0.167584,1.654784,0.206848,2.029216
889,traditional,0.168672,1.644544,0.207872,2.021088
890,traditional,0.167840,1.691648,0.206848,2.066336
891,traditional,0.169248,1.653760,0.208896,2.031904
892,traditional,0.172768,1.635328,0.208896,2.016992
893,traditional,0.168640,1.635328,0.207872,2.011840
894,traditional,0.173504,1.631232,0.208896,2.013632
895,traditional,0.170144,1.638400,0.208896,2.017440
896,traditional,0.181728,1.631232,0.207872,2.020832
897,traditional,0.171872,1.645568,0.207872,2.025312
898,traditional,0.167680,1.604608,0.203776,1.976064
899,traditional,0.183744,1.630208,0.205824,2.019776
900,traditional,0.166912,1.601536,0.204800,1.973248
901,traditional,0.177216,1.623040,0.204800,2.005056
902,traditional,0.166240,1.602560,0.203776,1.972576
903,traditional,0.167200,1.608704,0.208896,1.984800
904,traditional,0.168512,1.644544,0.208896,2.021952
905,traditional,0.169696,1.629184,0.208896,2.007776
906,traditional,0.172608,1.661952,0.207872,2.042432
907,traditional,0.172064,1.648640,0.208896,2.029600
908,traditional,0.169632,1.639424,0.208896,2.017952
909,traditional,0.183136,1.676288,0.208896,2.068320
910,traditional,0.167904,1.645568,0.207872,2.021344
911,traditional,0.179584,1.673216,0.208896,2.061696
912,traditional,0.183520,1.684480,0.208896,2.076896
913,traditional,0.185344,1.664000,0.208896,2.058240
914,traditional,0.198688,1.682432,0.207872,2.088992
915,traditional,0.194560,1.689600,0.207872,2.092032
916,traditional,0.183552,1.679360,0.209920,2.072832
917,traditional,0.185792,1.718272,0.209920,2.113984
918,traditional,0.184928,1.701888,0.209920,2.096736
919,traditional,0.184192,1.793024,0.446464,2.423680
920,traditional,0.190944,1.722368,0.209920,2.123232
921,traditional,0.173984,1.715200,0.209920,2.099104
922,traditional,0.172256,1.689600,0.210944,2.072800
923,traditional,0.186976,1.656832,0.212992,2.056800
924,traditional,0.172608,1.667072,0.210944,2.050624
925,traditional,0.171552,1.691648,0.211968,2.075168
926,traditional,0.195552,1.651712,0.211968,2.059232
927,traditional,0.178080,1.670144,0.210944,2.059168
928,traditional,0.174656,1.654784,0.210944,2.040384
929,traditional,0.169696,1.665024,0.210944,2.045664
930,traditional,0.183264,1.669120,0.211968,2.064352
931,traditional,0.170880,1.652736,0.211968,2.035584
932,traditional,0.170496,1.654784,0.210944,2.036224
933,traditional,0.168192,1.656832,0.207872,2.032896
934,traditional,0.170496,1.642496,0.209920,2.022912
935,traditional,0.167584,1.632256,0.208896,2.008736
936,traditional,0.167168,1.630208,0.210944,2.008320
937,traditional,0.172608,1.653760,0.210944,2.037312
938,traditional,0.168448,1.648640,0.210944,2.028032
939,traditional,0.170528,1.648640,0.210944,2.030112
940,traditional,0.186464,1.690624,0.446464,2.323552
941,traditional,0.184320,1.684480,0.214016,2.082816
942,traditional,0.176512,1.670144,0.212992,2.059648
943,traditional,0.176736,1.676288,0.212992,2.066016
944,traditional,0.182464,1.669120,0.212992,2.064576
945,traditional,0.172480,1.684480,0.215040,2.072000
946,traditional,0.188736,1.695744,0.214016,2.098496
947,traditional,0.177760,1.662976,0.212992,2.053728
948,traditional,0.172512,1.660928,0.212992,2.046432
949,traditional,0.169888,1.677312,0.211968,2.059168
950,traditional,0.172288,1.664000,0.211968,2.048256
951,traditional,0.172000,1.692672,0.211968,2.076640
952,traditional,0.183456,1.688576,0.215040,2.087072
953,traditional,0.180000,1.672192,0.210944,2.063136
954,traditional,0.170240,1.649664,0.210944,2.030848
955,traditional,0.205152,1.669120,0.210944,2.085216
956,traditional,0.177088,1.680384,0.223232,2.080704
957,traditional,0.192512,1.648640,0.210944,2.052096
958,traditional,0.185984,1.704960,0.210944,2.101888
959,traditional,0.174240,1.669120,0.212992,2.056352
960,traditional,0.184512,1.665024,0.207872,2.057408
961,traditional,0.187552,1.681408,0.441344,2.310304
962,traditional,0.171136,1.627136,0.208896,2.007168
963,traditional,0.172768,1.640448,0.208896,2.022112
964,traditional,0.171264,1.649664,0.208896,2.029824
965,traditional,0.172512,1.684480,0.211968,2.068960
966,traditional,0.184160,1.681408,0.211968,2.077536
967,traditional,0.176864,1.723392,0.211968,2.112224
968,traditional,0.189024,1.674240,0.211968,2.075232
969,traditional,0.184160,1.711104,0.212992,2.108256
970,traditional,0.214720,1.657856,0.212992,2.085568
971,traditional,0.187936,1.705984,0.435200,2.329120
972,traditional,0.193664,1.686528,0.206848,2.087040
973,traditional,0.182752,1.658880,0.209920,2.051552
974,traditional,0.183360,1.690624,0.206848,2.080832
975,traditional,0.188384,1.661952,0.207872,2.058208
976,traditional,0.183776,1.676288,0.206848,2.066912
977,traditional,0.185280,1.643520,0.206848,2.035648
978,traditional,0.198656,1.686528,0.214016,2.099200
979,traditional,0.176992,1.677312,0.214016,2.068320
980,traditional,0.192064,1.666048,0.215040,2.073152
981,traditional,0.186528,1.699840,0.214016,2.100384
982,traditional,0.184608,1.707008,0.214016,2.105632
983,traditional,0.176608,1.693696,0.214016,2.084320
984,traditional,0.172256,1.654784,0.210944,2.037984
985,traditional,0.171232,1.675264,0.210944,2.057440
986,traditional,0.172032,1.652736,0.210944,2.035712
987,traditional,0.171616,1.673216,0.216064,2.060896
988,traditional,0.174080,1.679360,0.210944,2.064384
989,traditional,0.188544,1.662976,0.210944,2.062464
990,traditional,0.185440,1.668096,0.210944,2.064480
991,traditional,0.172608,1.686528,0.210944,2.070080
992,traditional,0.199040,1.690624,0.210944,2.100608
993,traditional,0.187904,1.688576,0.210944,2.087424
994,traditional,0.169216,1.642496,0.210944,2.022656
995,traditional,0.184704,1.671168,0.210944,2.066816
996,traditional,0.190464,1.680384,0.214016,2.084864
997,traditional,0.209056,1.668096,0.212992,2.090144
998,traditional,0.175776,1.657856,0.211968,2.045600
999,traditional,0.187744,1.686528,0.215040,2.089312
1000,traditional,0.192640,1.662976,0.216064,2.071680
1001,traditional,0.172032,1.658880,0.212992,2.043904
1002,traditional,0.172000,1.711104,0.212992,2.096096
1003,traditional,0.177888,1.687552,0.449536,2.314976
1004,traditional,0.183136,1.678336,0.214016,2.075488
1005,traditional,0.172032,1.716224,0.218112,2.106368
1006,traditional,0.178528,1.714176,0.218112,2.110816
1007,traditional,0.178368,1.733632,0.218112,2.130112
1008,traditional,0.175360,1.740800,0.218112,2.134272
1009,traditional,0.177664,1.730560,0.229376,2.137600
1010,traditional,0.182880,1.797120,0.228352,2.208352
1011,traditional,0.200384,1.864704,0.233472,2.298560
1012,traditional,0.195584,1.817600,0.229376,2.242560
1013,traditional,0.186432,1.793024,0.475136,2.454592
1014,traditional,0.196192,1.828864,0.228352,2.253408
1015,traditional,0.194368,1.843200,0.229376,2.266944
1016,traditional,0.206656,1.844224,0.227328,2.278208
1017,traditional,0.200128,1.807360,0.227328,2.234816
1018,traditional,0.204736,1.824768,0.227328,2.256832
1019,traditional,0.197568,1.831936,0.227328,2.256832
1020,traditional,0.196384,1.806336,0.227328,2.230048
1021,traditional,0.198016,1.827840,0.227328,2.253184
1022,traditional,0.185280,1.796096,0.230400,2.211776
1023,traditional,0.205920,1.878016,0.234496,2.318432
1024,traditional,0.203648,1.873920,0.235520,2.313088
1025,traditional,0.198528,1.854464,0.233472,2.286464
1026,traditional,0.189216,1.860608,0.233472,2.283296
1027,traditional,0.213120,1.833984,0.233472,2.280576
1028,traditional,0.201248,1.876992,0.233472,2.311712
1029,traditional,0.209536,1.885184,0.232448,2.327168
1030,traditional,0.185984,2.095104,0.233472,2.514560
1031,traditional,0.190048,1.841152,0.233472,2.264672
1032,traditional,0.184480,1.838080,0.232448,2.255008
1033,traditional,0.203168,1.882112,0.232448,2.317728
1034,traditional,0.199968,1.868800,0.232448,2.301216
1035,traditional,0.212384,1.861632,0.231424,2.305440
1036,traditional,0.187040,1.818624,0.230400,2.236064
1037,traditional,0.185888,1.804288,0.231424,2.221600
1038,traditional,0.196224,1.825792,0.230400,2.252416
1039,traditional,0.183072,1.820672,0.231424,2.235168
1040,traditional,0.186144,1.817600,0.231424,2.235168
1041,traditional,0.184064,1.824768,0.231424,2.240256
1042,traditional,0.184256,1.817600,0.481280,2.483136
1043,traditional,0.202912,1.866752,0.230400,2.300064
1044,traditional,0.185024,1.829888,0.231424,2.246336
1045,traditional,0.197312,1.869824,0.231424,2.298560
1046,traditional,0.198976,1.865728,0.231424,2.296128
1047,traditional,0.184256,1.857536,0.230400,2.272192
1048,traditional,0.184608,1.839104,0.231424,2.255136
1049,traditional,0.203680,1.898496,0.230400,2.332576
1050,traditional,0.185632,1.862656,0.230400,2.278688
1051,traditional,0.204640,1.902592,0.230400,2.337632
1052,traditional,0.195584,1.836032,0.231424,2.263040
1053,traditional,0.205952,1.848320,0.231424,2.285696
1054,traditional,0.186080,2.135040,0.230400,2.551520
1055,traditional,0.202656,1.895424,0.230400,2.328480
1056,traditional,0.197280,1.872896,0.230400,2.300576
1057,traditional,0.194208,1.868800,0.230400,2.293408
1058,traditional,0.186560,1.824768,0.232448,2.243776
1059,traditional,0.205056,1.775616,0.223232,2.203904
1060,traditional,0.196576,1.779712,0.221184,2.197472
1061,traditional,0.192256,1.830912,0.222208,2.245376
1062,traditional,0.203168,1.848320,0.234496,2.285984
1063,traditional,0.200928,1.850368,0.233472,2.284768
1064,traditional,0.215296,1.885184,0.234496,2.334976
1065,traditional,0.201792,1.879040,0.233472,2.314304
1066,traditional,0.189440,2.130944,0.240640,2.561024
1067,traditional,0.214432,1.885184,0.228352,2.327968
1068,traditional,0.174208,1.640448,0.209920,2.024576
1069,traditional,0.171712,1.652736,0.209920,2.034368
1070,traditional,0.172768,1.642496,0.209920,2.025184
1071,traditional,0.186272,1.650688,0.209920,2.046880
1072,traditional,0.190144,1.641472,0.208896,2.040512
1073,traditional,0.189632,1.635328,0.200704,2.025664
1074,traditional,0.167392,1.582080,0.203776,1.953248
1075,traditional,0.168736,1.597440,0.200704,1.966880
1076,traditional,0.170144,1.626112,0.200704,1.996960
1077,traditional,0.172352,1.562624,0.200704,1.935680
1078,traditional,0.164480,1.585152,0.199680,1.949312
1079,traditional,0.165696,1.563648,0.200704,1.930048
1080,traditional,0.175776,1.564672,0.200704,1.941152
1081,traditional,0.180768,1.641472,0.419840,2.242080
1082,traditional,0.163552,1.602560,0.200704,1.966816
1083,traditional,0.165088,1.577984,0.199680,1.942752
1084,traditional,0.174592,1.586176,0.200704,1.961472
1085,traditional,0.162816,1.591296,0.200704,1.954816
1086,traditional,0.162592,1.567744,0.220160,1.950496
1087,traditional,0.165920,1.561600,0.199680,1.927200
1088,traditional,0.162336,1.601536,0.200704,1.964576
1089,traditional,0.188736,1.626112,0.199680,2.014528
1090,traditional,0.179264,1.613824,0.199680,1.992768
1091,traditional,0.163232,1.574912,0.199680,1.937824
1092,traditional,0.166112,1.579008,0.199680,1.944800
1093,traditional,0.162784,1.568768,0.199680,1.931232
1094,traditional,0.162752,1.559552,0.199680,1.921984
1095,traditional,0.166368,2.536448,0.377856,3.080672
1096,traditional,0.297920,3.048448,0.200704,3.547072
1097,traditional,0.165824,2.128896,0.202752,2.497472
1098,traditional,0.182816,2.663424,0.377856,3.224096
1099,traditional,0.299904,3.072000,0.205824,3.577728
1100,traditional,0.191968,1.847296,0.203776,2.243040
1101,traditional,0.163200,1.618944,0.200704,1.982848
1102,traditional,0.173920,1.568768,0.199680,1.942368
1103,traditional,0.162144,1.567744,0.199680,1.929568
1104,traditional,0.190368,1.613824,0.199680,2.003872
1105,traditional,0.165568,1.560576,0.199680,1.925824
1106,traditional,0.162912,1.548288,0.199680,1.910880
1107,traditional,0.193664,2.475008,0.377856,3.046528
1108,traditional,0.305056,3.133440,0.207872,3.646368
1109,traditional,0.163232,2.117632,0.203776,2.484640
1110,traditional,0.165344,2.927616,0.378880,3.471840
1111,traditional,0.300544,2.861056,0.201728,3.363328
1112,traditional,0.175776,2.100224,0.201728,2.477728
1113,traditional,0.191648,3.230720,0.382976,3.805344
1114,traditional,0.295584,2.557952,0.200704,3.054240
1115,traditional,0.189280,1.844224,0.203776,2.237280
1116,traditional,0.247360,3.381248,0.378880,4.007488
1117,traditional,0.302688,2.293760,0.200704,2.797152
1118,traditional,0.172352,1.875968,0.208896,2.257216
1119,traditional,0.170144,1.651712,0.209920,2.031776
1120,traditional,0.187936,2.620416,0.396288,3.204640
1121,traditional,0.323104,3.103744,0.207872,3.634720
1122,traditional,0.193248,1.974272,0.208896,2.376416
1123,traditional,0.166784,1.653760,0.205824,2.026368
1124,traditional,0.177856,1.622016,0.205824,2.005696
1125,traditional,0.169664,1.620992,0.205824,1.996480
1126,traditional,0.170496,1.608704,0.217088,1.996288
1127,traditional,0.185536,1.630208,0.203776,2.019520
1128,traditional,0.178208,1.597440,0.202752,1.978400
1129,traditional,0.171360,1.638400,0.203776,2.013536
1130,traditional,0.196352,2.123776,0.388096,2.708224
1131,traditional,0.330336,3.482624,0.204800,4.017760
1132,traditional,0.189600,2.119680,0.204800,2.514080
1133,traditional,0.183808,1.842176,0.204800,2.230784
1134,traditional,0.177088,1.606656,0.199680,1.983424
1135,traditional,0.168992,2.476032,0.384000,3.029024
1136,traditional,0.302016,3.131392,0.201728,3.635136
1137,traditional,0.176832,1.831936,0.203776,2.212544
1138,traditional,0.308416,3.361792,0.379904,4.050112
1139,traditional,0.303648,2.165760,0.200704,2.670112
1140,traditional,0.188480,1.931264,0.211968,2.331712
1141,traditional,0.180480,1.623040,0.208896,2.012416
1142,traditional,0.185312,2.149376,0.395264,2.729952
1143,traditional,0.311776,3.343360,0.215040,3.870176
1144,traditional,0.182272,2.074624,0.208896,2.465792
1145,traditional,0.170336,1.881088,0.210944,2.262368
1146,traditional,0.171424,1.625088,0.207872,2.004384
1147,traditional,0.169088,1.612800,0.207872,1.989760
1148,traditional,0.168576,2.168832,0.396288,2.733696
1149,traditional,0.311872,3.347456,0.216064,3.875392
1150,traditional,0.168960,2.038784,0.221184,2.428928
1151,traditional,0.187744,1.643520,0.225280,2.056544
1152,traditional,0.165472,1.600512,0.204800,1.970784
1153,traditional,0.165632,1.615872,0.208896,1.990400
1154,traditional,0.307584,3.164160,0.389120,3.860864
1155,traditional,0.540928,1.784832,0.205824,2.531584
1156,traditional,0.193184,1.886208,0.208896,2.288288
1157,traditional,0.179968,1.614848,0.200704,1.995520
1158,traditional,0.163040,2.332672,0.385024,2.880736
1159,traditional,0.302368,3.196928,0.202752,3.702048
1160,traditional,0.164224,2.332672,0.207872,2.704768
1161,traditional,0.163552,2.892800,0.380928,3.437280
1162,traditional,0.321440,2.866176,0.202752,3.390368
1163,traditional,0.184160,1.887232,0.202752,2.274144
1164,traditional,0.181024,2.690048,0.381952,3.253024
1165,traditional,0.304384,3.039232,0.201728,3.545344
1166,traditional,0.163040,2.088960,0.205824,2.457824
1167,traditional,0.181984,3.374080,0.381952,3.938016
1168,traditional,0.299104,2.411520,0.201728,2.912352
1169,traditional,0.192512,1.838080,0.201728,2.232320
1170,traditional,0.165792,1.592320,0.201728,1.959840
1171,traditional,0.167360,1.626112,0.376832,2.170304
1172,traditional,0.303872,3.054592,0.214016,3.572480
1173,traditional,0.175296,2.040832,0.202752,2.418880
1174,traditional,0.167136,2.403328,0.381952,2.952416
1175,traditional,0.305856,3.276800,0.205824,3.788480
1176,traditional,0.164672,2.015232,0.202752,2.382656
1177,traditional,0.163712,2.722816,0.381952,3.268480
1178,traditional,0.301088,3.074048,0.201728,3.576864
1179,traditional,0.188832,1.865728,0.203776,2.258336
1180,traditional,0.179904,3.054592,0.389120,3.623616
1181,traditional,0.302080,4.031488,0.400384,4.733952
1182,traditional,0.313984,2.780160,0.211968,3.306112
1183,traditional,0.184192,1.904640,0.209920,2.298752
1184,traditional,0.185984,3.426304,0.397312,4.009600
1185,traditional,0.310720,2.511872,0.220160,3.042752
1186,traditional,0.186048,2.144256,0.239616,2.569920
1187,traditional,0.190176,1.917952,0.238592,2.346720
1188,traditional,0.204864,1.912832,0.239616,2.357312
1189,traditional,0.213152,2.184192,0.243712,2.641056
1190,traditional,0.194752,2.213888,0.239616,2.648256
1191,traditional,0.191584,1.916928,0.239616,2.348128
1192,traditional,0.191392,1.933312,0.241664,2.366368
1193,traditional,0.199488,1.889280,0.240640,2.329408
1194,traditional,0.195680,1.889280,0.240640,2.325600
1195,traditional,0.191360,1.908736,0.241664,2.341760
1196,traditional,0.218464,1.914880,0.239616,2.372960
1197,traditional,0.212864,1.925120,0.240640,2.378624
1198,traditional,0.213696,1.887232,0.234496,2.335424
1199,traditional,0.211552,1.921024,0.235520,2.368096
1200,traditional,0.200768,1.873920,0.234496,2.309184
1201,traditional,0.186112,1.852416,0.234496,2.273024
1202,traditional,0.186336,1.859584,0.233472,2.279392
1203,traditional,0.186080,1.867776,0.252928,2.306784
1204,traditional,0.186816,1.865728,0.234496,2.287040
1205,traditional,0.189472,1.880064,0.234496,2.304032
1206,traditional,0.210592,1.861632,0.233472,2.305696
1207,traditional,0.213024,1.907712,0.234496,2.355232
1208,traditional,0.215744,2.151424,0.233472,2.600640
1209,traditional,0.197856,1.845248,0.234496,2.277600
1210,traditional,0.211424,1.878016,0.234496,2.323936
1211,traditional,0.200128,2.125824,0.234496,2.560448
1212,traditional,0.186912,2.162688,0.418816,2.768416
1213,traditional,0.203200,2.064384,0.436224,2.703808
1214,traditional,0.202496,1.884160,0.234496,2.321152
1215,traditional,0.199744,1.885184,0.234496,2.319424
1216,traditional,0.200704,1.912832,0.234496,2.348032
1217,traditional,0.179648,1.889280,0.229376,2.298304
1218,traditional,0.194496,1.797120,0.229376,2.220992
1219,traditional,0.231648,1.785856,0.229376,2.246880
1220,traditional,0.184512,2.061312,0.228352,2.474176
1221,traditional,0.185760,1.805312,0.228352,2.219424
1222,traditional,0.199200,1.832960,0.240640,2.272800
1223,traditional,0.182528,1.796096,0.228352,2.206976
1224,traditional,0.211872,1.859584,0.228352,2.299808
1225,traditional,0.208192,1.842176,0.244736,2.295104
1226,traditional,0.194816,1.826816,0.228352,2.249984
1227,traditional,0.194944,1.803264,0.228352,2.226560
1228,traditional,0.184064,1.825792,0.470016,2.479872
1229,traditional,0.182272,1.835008,0.228352,2.245632
1230,traditional,0.185152,1.826816,0.229376,2.241344
1231,traditional,0.186592,1.801216,0.228352,2.216160
1232,traditional,0.182784,1.805312,0.226304,2.214400
1233,traditional,0.179872,1.778688,0.226304,2.184864
1234,traditional,0.194848,1.789952,0.227328,2.212128
1235,traditional,0.194240,1.807360,0.227328,2.228928
1236,traditional,0.190784,1.796096,0.226304,2.213184
1237,traditional,0.194592,1.823744,0.227328,2.245664
1238,traditional,0.182720,1.789952,0.471040,2.443712
1239,traditional,0.196736,1.848320,0.247808,2.292864
1240,traditional,0.183840,1.835008,0.231424,2.250272
1241,traditional,0.212096,1.845248,0.228352,2.285696
1242,traditional,0.200032,1.820672,0.228352,2.249056
1243,traditional,0.197568,1.831936,0.228352,2.257856
1244,traditional,0.197824,1.859584,0.228352,2.285760
1245,traditional,0.194656,1.787904,0.227328,2.209888
1246,traditional,0.182752,1.827840,0.228352,2.238944
1247,traditional,0.182944,1.795072,0.226304,2.204320
1248,traditional,0.186752,1.789952,0.227328,2.204032
1249,traditional,0.206048,1.831936,0.226304,2.264288
1250,traditional,0.209920,1.786880,0.227328,2.224128
1251,traditional,0.199744,1.766400,0.207872,2.174016
1252,traditional,0.168096,1.670144,0.208896,2.047136
1253,traditional,0.171008,1.650688,0.208896,2.030592
1254,traditional,0.168096,1.631232,0.210944,2.010272
1255,traditional,0.169856,1.628160,0.207872,2.005888
1256,traditional,0.184384,1.691648,0.207872,2.083904
1257,traditional,0.168864,1.670144,0.207872,2.046880
1258,traditional,0.167424,1.600512,0.205824,1.973760
1259,traditional,0.176160,1.587200,0.201728,1.965088
1260,traditional,0.180096,1.607680,0.203776,1.991552
1261,traditional,0.203296,1.588224,0.202752,1.994272
1262,traditional,0.164608,1.584128,0.201728,1.950464
1263,traditional,0.162048,1.580032,0.201728,1.943808
1264,traditional,0.166016,1.615872,0.201728,1.983616
1265,traditional,0.163232,1.582080,0.201728,1.947040
1266,traditional,0.163744,1.616896,0.200704,1.981344
1267,traditional,0.162016,1.584128,0.201728,1.947872
1268,traditional,0.174752,1.580032,0.201728,1.956512
1269,traditional,0.177184,1.581056,0.201728,1.959968
1270,traditional,0.183904,3.088384,0.379904,3.652192
1271,traditional,0.300160,2.537472,0.201728,3.039360
1272,traditional,0.165600,1.814528,0.201728,2.181856
1273,traditional,0.203104,1.577984,0.201728,1.982816
1274,traditional,0.176160,1.602560,0.200704,1.979424
1275,traditional,0.165536,1.584128,0.200704,1.950368
1276,traditional,0.174080,2.739200,0.385024,3.298304
1277,traditional,0.313120,2.885632,0.203776,3.402528
1278,traditional,0.164992,2.150400,0.204800,2.520192
1279,traditional,0.182400,2.973696,0.385024,3.541120
1280,traditional,0.304224,2.847744,0.204800,3.356768
1281,traditional,0.178240,1.836032,0.203776,2.218048
1282,traditional,0.183968,1.646592,0.210944,2.041504
1283,traditional,0.187904,1.677312,0.233472,2.098688
1284,traditional,0.208416,1.662976,0.209920,2.081312
1285,traditional,0.185568,1.680384,0.210944,2.076896
1286,traditional,0.172992,1.718272,0.210944,2.102208
1287,traditional,0.196160,1.671168,0.209920,2.077248
1288,traditional,0.183040,2.119680,0.397312,2.700032
1289,traditional,0.311584,3.400704,0.231424,3.943712
1290,traditional,0.170432,2.079744,0.210944,2.461120
1291,traditional,0.170752,1.926144,0.216064,2.312960
1292,traditional,0.172800,1.729536,0.209920,2.112256
1293,traditional,0.169696,1.666048,0.205824,2.041568
1294,traditional,0.167936,1.659904,0.205824,2.033664
1295,traditional,0.179200,1.630208,0.206848,2.016256
1296,traditional,0.183744,1.636352,0.209920,2.030016
1297,traditional,0.180864,1.652736,0.210944,2.044544
1298,traditional,0.172640,1.665024,0.209920,2.047584
1299,traditional,0.179648,2.735104,0.392192,3.306944
1300,traditional,0.312416,2.969600,0.207872,3.489888
1301,traditional,0.179392,1.861632,0.209920,2.250944
1302,traditional,0.165376,1.634304,0.203776,2.003456
1303,traditional,0.167392,1.584128,0.202752,1.954272
1304,traditional,0.165984,1.606656,0.203776,1.976416
1305,traditional,0.163712,1.576960,0.201728,1.942400
1306,traditional,0.173184,2.330624,0.385024,2.888832
1307,traditional,0.307232,3.315712,0.202752,3.825696
1308,traditional,0.162912,2.181120,0.203776,2.547808
1309,traditional,0.186048,2.739200,0.385024,3.310272
1310,traditional,0.312960,2.272256,0.202752,2.787968
1311,traditional,0.168704,1.886208,0.206848,2.261760
1312,traditional,0.186272,3.108864,0.386048,3.681184
1313,traditional,0.316640,2.689024,0.203776,3.209440
1314,traditional,0.172096,1.799168,0.207872,2.179136
1315,traditional,0.167968,1.612800,0.202752,1.983520
1316,traditional,0.175584,2.045952,0.385024,2.606560
1317,traditional,0.322656,3.015680,0.215040,3.553376
1318,traditional,0.178336,1.620992,0.202752,2.002080
1319,traditional,0.303008,3.477504,0.462848,4.243360
1320,traditional,0.285024,2.129920,0.238592,2.653536
1321,traditional,0.207104,2.120704,0.235520,2.563328
1322,traditional,0.203648,1.884160,0.235520,2.323328
1323,traditional,0.191200,1.954816,0.241664,2.387680
1324,traditional,0.215872,1.944576,0.242688,2.403136
1325,traditional,0.206912,1.924096,0.241664,2.372672
1326,traditional,0.198112,2.150400,0.241664,2.590176
1327,traditional,0.222080,2.177024,0.245760,2.644864
1328,traditional,0.203328,2.110464,0.241664,2.555456
1329,traditional,0.218336,2.153472,0.245760,2.617568
1330,traditional,0.204704,1.914880,0.241664,2.361248
1331,traditional,0.194912,1.937408,0.241664,2.373984
1332,traditional,0.209600,1.930240,0.241664,2.381504
1333,traditional,0.207840,1.947648,0.241664,2.397152
1334,traditional,0.211072,1.931264,0.242688,2.385024
1335,traditional,0.223808,1.934336,0.241664,2.399808
1336,traditional,0.206240,1.925120,0.241664,2.373024
1337,traditional,0.205216,1.941504,0.241664,2.388384
1338,traditional,0.197408,2.129920,0.244736,2.572064
1339,traditional,0.217632,1.900544,0.241664,2.359840
1340,traditional,0.197696,1.969152,0.241664,2.408512
1341,traditional,0.193952,1.888256,0.241664,2.323872
1342,traditional,0.218912,1.952768,0.242688,2.414368
1343,traditional,0.209888,1.922048,0.241664,2.373600
1344,traditional,0.203360,2.129920,0.246784,2.580064
1345,traditional,0.212448,1.922048,0.241664,2.376160
1346,traditional,0.221280,1.913856,0.241664,2.376800
1347,traditional,0.208416,1.947648,0.245760,2.401824
1348,traditional,0.215680,1.942528,0.241664,2.399872
1349,traditional,0.215136,1.946624,0.241664,2.403424
1350,traditional,0.223232,1.931264,0.242688,2.397184
1351,traditional,0.209024,1.894400,0.242688,2.346112
1352,traditional,0.213824,1.916928,0.242688,2.373440
1353,traditional,0.216672,1.899520,0.237568,2.353760
1354,traditional,0.203104,1.922048,0.238592,2.363744
1355,traditional,0.217248,1.887232,0.237568,2.342048
1356,traditional,0.202784,1.895424,0.237568,2.335776
1357,traditional,0.189024,1.898496,0.239616,2.327136
1358,traditional,0.196544,1.878016,0.237568,2.312128
1359,traditional,0.200416,1.890304,0.236544,2.327264
1360,traditional,0.190144,1.869824,0.236544,2.296512
1361,traditional,0.187808,1.924096,0.235520,2.347424
1362,traditional,0.211104,1.898496,0.236544,2.346144
1363,traditional,0.191008,1.857536,0.235520,2.284064
1364,traditional,0.199936,1.867776,0.231424,2.299136
1365,traditional,0.188192,1.813504,0.231424,2.233120
1366,traditional,0.202272,1.855488,0.230400,2.288160
1367,traditional,0.208032,1.837056,0.231424,2.276512
1368,traditional,0.206368,1.820672,0.231424,2.258464
1369,traditional,0.202976,1.824768,0.234496,2.262240
1370,traditional,0.184704,1.802240,0.440320,2.427264
1371,traditional,0.169088,1.689600,0.208896,2.067584
1372,traditional,0.169920,1.648640,0.208896,2.027456
1373,traditional,0.181152,1.662976,0.208896,2.053024
1374,traditional,0.178336,1.643520,0.209920,2.031776
1375,traditional,0.187840,1.661952,0.208896,2.058688
1376,traditional,0.190880,1.659904,0.208896,2.059680
1377,traditional,0.162752,1.569792,0.199680,1.932224
1378,traditional,0.167776,1.584128,0.199680,1.951584
1379,traditional,0.163808,1.588224,0.199680,1.951712
1380,traditional,0.162592,1.571840,0.200704,1.935136
1381,traditional,0.176928,1.572864,0.200704,1.950496
1382,traditional,0.163520,1.586176,0.203776,1.953472
1383,traditional,0.164704,1.570816,0.201728,1.937248
1384,traditional,0.174880,1.590272,0.201728,1.966880
1385,traditional,0.178560,1.603584,0.203776,1.985920
1386,traditional,0.166304,1.583104,0.201728,1.951136
1387,traditional,0.176640,1.570816,0.203776,1.951232
1388,traditional,0.169664,1.584128,0.200704,1.954496
1389,traditional,0.163712,1.567744,0.200704,1.932160
1390,traditional,0.169056,1.579008,0.199680,1.947744
1391,traditional,0.176832,1.577984,0.201728,1.956544
1392,traditional,0.186464,2.564096,0.378880,3.129440
1393,traditional,0.312864,3.040256,0.201728,3.554848
1394,traditional,0.161472,2.096128,0.201728,2.459328
1395,traditional,0.176928,2.869248,0.382976,3.429152
1396,traditional,0.298976,2.886656,0.201728,3.387360
1397,traditional,0.180704,1.878016,0.203776,2.262496
1398,traditional,0.178656,2.993152,0.637952,3.809760
1399,traditional,0.305792,2.657280,0.201728,3.164800
1400,traditional,0.183360,1.816576,0.204800,2.204736
1401,traditional,0.180928,1.704960,0.444416,2.330304
1402,traditional,0.188832,1.662976,0.211968,2.063776
1403,traditional,0.173248,1.669120,0.210944,2.053312
1404,traditional,0.173728,1.648640,0.237568,2.059936
1405,traditional,0.180960,1.670144,0.211968,2.063072
1406,traditional,0.190848,1.645568,0.211968,2.048384
1407,traditional,0.185664,1.670144,0.211968,2.067776
1408,traditional,0.185504,1.649664,0.210944,2.046112
1409,traditional,0.186720,1.674240,0.210944,2.071904
1410,traditional,0.188320,1.679360,0.210944,2.078624
1411,traditional,0.170912,1.650688,0.210944,2.032544
1412,traditional,0.173696,1.631232,0.206848,2.011776
1413,traditional,0.180800,1.623040,0.431104,2.234944
1414,traditional,0.180480,1.638400,0.206848,2.025728
1415,traditional,0.171456,1.634304,0.205824,2.011584
1416,traditional,0.165248,1.634304,0.205824,2.005376
1417,traditional,0.165120,1.622016,0.205824,1.992960
1418,traditional,0.165248,1.594368,0.203776,1.963392
1419,traditional,0.168960,1.608704,0.203776,1.981440
1420,traditional,0.166816,1.617920,0.203776,1.988512
1421,traditional,0.163232,2.926592,0.381952,3.471776
1422,traditional,0.305376,2.719744,0.201728,3.226848
1423,traditional,0.205248,1.909760,0.205824,2.320832
1424,traditional,0.308320,3.111936,0.381952,3.802208
1425,traditional,0.578272,1.994752,0.200704,2.773728
1426,traditional,0.184960,1.798144,0.200704,2.183808
1427,traditional,0.163232,2.859008,0.381952,3.404192
1428,traditional,0.315136,2.760704,0.201728,3.277568
1429,traditional,0.178528,1.826816,0.204800,2.210144
1430,traditional,0.179040,2.875392,0.381952,3.436384
1431,traditional,0.301024,3.171328,0.248832,3.721184
1432,traditional,0.198080,2.634752,0.249856,3.082688
1433,traditional,0.209888,2.001920,0.247808,2.459616
1434,traditional,0.201344,1.956864,0.248832,2.407040
1435,traditional,0.211776,1.975296,0.247808,2.434880
1436,traditional,0.208096,2.152448,0.247808,2.608352
1437,traditional,0.209504,2.224128,0.248832,2.682464
1438,traditional,0.215776,2.039808,0.250880,2.506464
1439,traditional,0.204736,1.977344,0.250880,2.432960
1440,traditional,0.214496,2.003968,0.250880,2.469344
1441,traditional,0.217856,2.024448,0.250880,2.493184
1442,traditional,0.228032,2.009088,0.250880,2.488000
1443,traditional,0.222112,1.969152,0.247808,2.439072
1444,traditional,0.223744,1.950720,0.247808,2.422272
1445,traditional,0.211904,1.964032,0.248832,2.424768
1446,traditional,0.211808,2.004992,0.247808,2.464608
1447,traditional,0.202592,1.976320,0.247808,2.426720
1448,traditional,0.210272,1.951744,0.247808,2.409824
1449,traditional,0.216480,1.972224,0.247808,2.436512
1450,traditional,0.214656,1.960960,0.247808,2.423424
1451,traditional,0.212768,2.001920,0.247808,2.462496
1452,traditional,0.211776,1.975296,0.246784,2.433856
1453,traditional,0.216288,2.016256,0.247808,2.480352
1454,traditional,0.202176,1.966080,0.247808,2.416064
1455,traditional,0.207264,1.971200,0.247808,2.426272
1456,traditional,0.223296,1.980416,0.245760,2.449472
1457,traditional,0.199712,1.944576,0.244736,2.389024
1458,traditional,0.212640,1.965056,0.244736,2.422432
1459,traditional,0.209856,1.955840,0.246784,2.412480
1460,traditional,0.202144,2.176000,0.251904,2.630048
1461,traditional,0.220992,1.978368,0.246784,2.446144
1462,traditional,0.205376,2.018304,0.241664,2.465344
1463,traditional,0.212096,1.935360,0.253952,2.401408
1464,traditional,0.203968,1.968128,0.242688,2.414784
1465,traditional,0.210912,1.908736,0.242688,2.362336
1466,traditional,0.217824,1.947648,0.242688,2.408160
1467,traditional,0.207680,1.904640,0.245760,2.358080
1468,traditional,0.194624,1.920000,0.241664,2.356288
1469,traditional,0.205504,1.936384,0.242688,2.384576
1470,traditional,0.203264,1.921024,0.242688,2.366976
1471,traditional,0.208864,1.939456,0.242688,2.391008
1472,traditional,0.220384,1.965056,0.242688,2.428128
1473,traditional,0.217248,1.959936,0.245760,2.422944
1474,traditional,0.236064,1.970176,0.247808,2.454048
1475,traditional,0.230848,1.982464,0.245760,2.459072
1476,traditional,0.227808,1.960960,0.240640,2.429408
1477,traditional,0.214080,1.918976,0.240640,2.373696
1478,traditional,0.195200,1.896448,0.239616,2.331264
1479,traditional,0.191360,1.911808,0.240640,2.343808
1480,traditional,0.219552,1.947648,0.240640,2.407840
1481,traditional,0.206208,1.952768,0.241664,2.400640
1482,traditional,0.194240,2.161664,0.246784,2.602688
1483,traditional,0.196320,2.201600,0.245760,2.643680
1484,traditional,0.208672,1.983488,0.242688,2.434848
1485,traditional,0.199392,1.992704,0.242688,2.434784
1486,traditional,0.210336,1.922048,0.242688,2.375072
1487,traditional,0.196288,1.897472,0.240640,2.334400
1488,traditional,0.213920,1.921024,0.239616,2.374560
1489,traditional,0.195040,1.913856,0.241664,2.350560
1490,traditional,0.221408,1.915904,0.240640,2.377952
1491,traditional,0.197152,1.904640,0.240640,2.342432
1492,traditional,0.220128,1.946624,0.240640,2.407392
1493,traditional,0.196800,1.889280,0.238592,2.324672
1494,traditional,0.196256,1.879040,0.238592,2.313888
1495,traditional,0.214048,1.892352,0.241664,2.348064
1496,traditional,0.204608,1.920000,0.238592,2.363200
1497,traditional,0.205440,1.892352,0.239616,2.337408
1498,traditional,0.205792,1.879040,0.251904,2.336736
1499,traditional,0.203296,1.935360,0.239616,2.378272
1500,traditional,0.207552,1.895424,0.238592,2.341568
1501,traditional,0.191808,1.887232,0.238592,2.317632
1502,traditional,0.215648,1.925120,0.238592,2.379360
1503,traditional,0.215360,1.922048,0.239616,2.377024
1504,traditional,0.193536,2.127872,0.243712,2.565120
1505,traditional,0.195808,1.878016,0.239616,2.313440
1506,traditional,0.192736,1.905664,0.239616,2.338016
1507,traditional,0.204800,1.886208,0.239616,2.330624
1508,traditional,0.192576,1.882112,0.239616,2.314304
1509,traditional,0.191680,1.880064,0.239616,2.311360
1510,traditional,0.209024,1.905664,0.238592,2.353280
1511,traditional,0.194752,1.918976,0.239616,2.353344
1512,traditional,0.214560,1.924096,0.238592,2.377248
1513,traditional,0.191264,2.134016,0.238592,2.563872
1514,traditional,0.191264,1.812480,0.204800,2.208544
1515,traditional,0.178592,1.628160,0.214016,2.020768
1516,traditional,0.166688,1.636352,0.201728,2.004768
1517,traditional,0.181920,1.652736,0.204800,2.039456
1518,traditional,0.191776,1.623040,0.203776,2.018592
1519,traditional,0.166688,1.602560,0.207872,1.977120
1520,traditional,0.182112,1.625088,0.204800,2.012000
1521,traditional,0.164832,1.625088,0.204800,1.994720
1522,traditional,0.180544,1.665024,0.200704,2.046272
1523,traditional,0.163456,1.595392,0.200704,1.959552
1524,traditional,0.162432,1.579008,0.199680,1.941120
1525,traditional,0.165664,1.582080,0.201728,1.949472
1526,traditional,0.163584,1.584128,0.200704,1.948416
1527,traditional,0.167680,1.588224,0.200704,1.956608
1528,traditional,0.163968,1.584128,0.200704,1.948800
1529,traditional,0.174336,1.603584,0.199680,1.977600
1530,traditional,0.173728,1.560576,0.199680,1.933984
1531,traditional,0.167360,1.597440,0.204800,1.969600
1532,traditional,0.164832,1.594368,0.199680,1.958880
1533,traditional,0.162464,1.614848,0.199680,1.976992
1534,traditional,0.164928,1.581056,0.199680,1.945664
1535,traditional,0.163328,1.594368,0.200704,1.958400
1536,traditional,0.165824,1.633280,0.200704,1.999808
1537,traditional,0.173376,1.598464,0.199680,1.971520
1538,traditional,0.161504,1.600512,0.199680,1.961696
1539,traditional,0.163296,1.600512,0.200704,1.964512
1540,traditional,0.162816,1.562624,0.200704,1.926144
1541,traditional,0.164352,1.566720,0.200704,1.931776
1542,traditional,0.173792,1.585152,0.200704,1.959648
1543,traditional,0.166880,1.580032,0.200704,1.947616
1544,traditional,0.167936,1.566720,0.199680,1.934336
1545,traditional,0.167296,1.585152,0.200704,1.953152
1546,traditional,0.162336,1.613824,0.199680,1.975840
1547,traditional,0.167456,1.566720,0.200704,1.934880
1548,traditional,0.167264,2.684928,0.377856,3.230048
1549,traditional,0.299936,2.902016,0.203776,3.405728
1550,traditional,0.166016,2.128896,0.201728,2.496640
1551,traditional,0.176192,2.960384,0.377856,3.514432
1552,traditional,0.301600,2.761728,0.202752,3.266080
1553,traditional,0.179968,1.843200,0.204800,2.227968
1554,traditional,0.228928,3.085312,0.380928,3.695168
1555,traditional,0.311776,2.441216,0.201728,2.954720
1556,traditional,0.189664,1.784832,0.200704,2.175200
1557,traditional,0.173760,1.654784,0.200704,2.029248
1558,traditional,0.163584,1.605632,0.201728,1.970944
1559,traditional,0.210720,1.873920,0.239616,2.324256
1560,traditional,0.233280,1.905664,0.238592,2.377536
1561,traditional,0.211968,1.898496,0.239616,2.350080
1562,traditional,0.239392,1.887232,0.239616,2.366240
1563,traditional,0.204608,1.921024,0.239616,2.365248
1564,traditional,0.213792,1.902592,0.239616,2.356000
1565,traditional,0.234720,1.925120,0.236544,2.396384
1566,traditional,0.203328,1.927168,0.237568,2.368064
1567,traditional,0.203808,1.901568,0.237568,2.342944
1568,traditional,0.213120,1.916928,0.237568,2.367616
1569,traditional,0.206912,1.904640,0.235520,2.347072
1570,traditional,0.202464,1.884160,0.235520,2.322144
1571,traditional,0.204704,1.878016,0.235520,2.318240
1572,traditional,0.207904,1.873920,0.237568,2.319392
1573,traditional,0.213376,1.880064,0.236544,2.329984
1574,traditional,0.216224,1.893376,0.240640,2.350240
1575,traditional,0.205504,1.862656,0.237568,2.305728
1576,traditional,0.190944,1.858560,0.237568,2.287072
1577,traditional,0.210624,1.868800,0.236544,2.315968
1578,traditional,0.222720,1.861632,0.237568,2.321920
1579,traditional,0.202848,1.843200,0.236544,2.282592
1580,traditional,0.200736,1.878016,0.236544,2.315296
1581,traditional,0.196768,1.836032,0.236544,2.269344
1582,traditional,0.201568,1.829888,0.236544,2.268000
1583,traditional,0.204448,1.826816,0.237568,2.268832
1584,traditional,0.204768,1.869824,0.235520,2.310112
1585,traditional,0.192256,1.865728,0.236544,2.294528
1586,traditional,0.190112,1.820672,0.235520,2.246304
1587,traditional,0.191968,1.824768,0.235520,2.252256
1588,traditional,0.215136,2.112512,0.243712,2.571360
1589,traditional,0.189760,1.861632,0.235520,2.286912
1590,traditional,0.204192,1.885184,0.235520,2.324896
1591,traditional,0.209504,1.889280,0.235520,2.334304
1592,traditional,0.207392,1.863680,0.235520,2.306592
1593,traditional,0.205664,1.870848,0.235520,2.312032
1594,traditional,0.225952,1.861632,0.234496,2.322080
1595,traditional,0.214272,1.933312,0.235520,2.383104
1596,traditional,0.204032,1.863680,0.234496,2.302208
1597,traditional,0.198944,2.108416,0.238592,2.545952
1598,traditional,0.188032,2.050048,0.235520,2.473600
1599,traditional,0.216640,1.898496,0.235520,2.350656
1600,traditional,0.222528,1.961984,0.235520,2.420032
1601,traditional,0.208352,1.881088,0.235520,2.324960
1602,traditional,0.215744,1.872896,0.235520,2.324160
1603,traditional,0.204384,1.894400,0.241664,2.340448
1604,traditional,0.204416,1.871872,0.232448,2.308736
1605,traditional,0.187680,2.105344,0.235520,2.528544
1606,traditional,0.211008,1.857536,0.231424,2.299968
1607,traditional,0.201312,1.870848,0.240640,2.312800
1608,traditional,0.191712,1.845248,0.232448,2.269408
1609,traditional,0.202752,2.118656,0.246784,2.568192
1610,traditional,0.206624,1.882112,0.234496,2.323232
1611,traditional,0.204512,1.852416,0.235520,2.292448
1612,traditional,0.218176,1.869824,0.235520,2.323520
1613,traditional,0.188448,2.115584,0.238592,2.542624
1614,traditional,0.188000,2.070528,0.235520,2.494048
1615,traditional,0.207648,2.124800,0.250880,2.583328
1616,traditional,0.215776,1.870848,0.235520,2.322144
1617,traditional,0.192960,1.895424,0.235520,2.323904
1618,traditional,0.212704,1.900544,0.235520,2.348768
1619,traditional,0.188768,1.851392,0.235520,2.275680
1620,traditional,0.205280,1.925120,0.235520,2.365920
1621,traditional,0.188128,1.868800,0.234496,2.291424
1622,traditional,0.204064,1.868800,0.210944,2.283808
1623,traditional,0.172320,1.684480,0.210944,2.067744
1624,traditional,0.193984,1.708032,0.210944,2.112960
1625,traditional,0.170464,1.679360,0.210944,2.060768
1626,traditional,0.170304,1.684480,0.210944,2.065728
1627,traditional,0.189728,1.675264,0.211968,2.076960
1628,traditional,0.188032,1.654784,0.200704,2.043520
1629,traditional,0.163360,1.582080,0.200704,1.946144
1630,traditional,0.162912,1.600512,0.200704,1.964128
1631,traditional,0.182688,1.605632,0.200704,1.989024
1632,traditional,0.165408,1.574912,0.200704,1.941024
1633,traditional,0.164928,1.570816,0.200704,1.936448
1634,traditional,0.174592,1.588224,0.200704,1.963520
1635,traditional,0.166272,1.577984,0.199680,1.943936
1636,traditional,0.164576,1.562624,0.199680,1.926880
1637,traditional,0.166272,1.564672,0.200704,1.931648
1638,traditional,0.165984,1.582080,0.201728,1.949792
1639,traditional,0.166176,1.615872,0.200704,1.982752
1640,traditional,0.161888,1.576960,0.200704,1.939552
1641,traditional,0.173760,1.564672,0.200704,1.939136
1642,traditional,0.164352,1.575936,0.200704,1.940992
1643,traditional,0.161792,1.561600,0.201728,1.925120
1644,traditional,0.186368,1.604608,0.200704,1.991680
1645,traditional,0.174272,1.583104,0.220160,1.977536
1646,traditional,0.177344,1.612800,0.212992,2.003136
1647,traditional,0.184416,1.581056,0.203776,1.969248
1648,traditional,0.162944,2.390016,0.378880,2.931840
1649,traditional,0.308704,2.482176,0.199680,2.990560
1650,traditional,0.162720,1.894400,0.203776,2.260896
1651,traditional,0.178688,2.764800,0.378880,3.322368
1652,traditional,0.296160,2.842624,0.200704,3.339488
1653,traditional,0.189760,1.871872,0.204800,2.266432
1654,traditional,0.178944,3.038208,0.378880,3.596032
1655,traditional,0.296032,2.693120,0.201728,3.190880
1656,traditional,0.175648,1.859584,0.203776,2.239008
1657,traditional,0.177440,3.038208,0.378880,3.594528
1658,traditional,0.304512,2.702336,0.201728,3.208576
1659,traditional,0.163328,1.865728,0.216064,2.245120
1660,traditional,0.198784,1.712128,0.445440,2.356352
1661,traditional,0.191232,1.740800,0.216064,2.148096
1662,traditional,0.171936,1.699840,0.211968,2.083744
1663,traditional,0.182240,1.673216,0.210944,2.066400
1664,traditional,0.168544,1.650688,0.209920,2.029152
1665,traditional,0.174880,1.652736,0.207872,2.035488
1666,traditional,0.196864,1.652736,0.207872,2.057472
1667,traditional,0.184512,1.637376,0.207872,2.029760
1668,traditional,0.192416,1.628160,0.208896,2.029472
1669,traditional,0.182656,2.348032,0.396288,2.926976
1670,traditional,0.308832,3.538944,0.214016,4.061792
1671,traditional,0.169120,2.212864,0.209920,2.591904
1672,traditional,0.172416,1.889280,0.212992,2.274688
1673,traditional,0.185696,1.644544,0.207872,2.038112
1674,traditional,0.184320,1.649664,0.209920,2.043904
1675,traditional,0.198432,2.017280,0.395264,2.610976
1676,traditional,0.308480,2.634752,0.207872,3.151104
1677,traditional,0.188512,1.655808,0.207872,2.052192
1678,traditional,0.168832,1.635328,0.208896,2.013056
1679,traditional,0.168256,1.631232,0.208896,2.008384
1680,traditional,0.197632,1.688576,0.440320,2.326528
1681,traditional,0.169760,1.657856,0.207872,2.035488
1682,traditional,0.182720,1.622016,0.208896,2.013632
1683,traditional,0.169088,1.639424,0.208896,2.017408
1684,traditional,0.185856,1.618944,0.203776,2.008576
1685,traditional,0.180288,1.610752,0.223232,2.014272
1686,traditional,0.175232,1.591296,0.204800,1.971328
1687,traditional,0.179616,1.627136,0.203776,2.010528
1688,traditional,0.188736,1.605632,0.200704,1.995072
1689,traditional,0.165600,1.963008,0.379904,2.508512
1690,traditional,0.313920,2.890752,0.200704,3.405376
1691,traditional,0.160960,1.820672,0.204800,2.186432
1692,traditional,0.176800,2.423808,0.379904,2.980512
1693,traditional,0.299712,3.182592,0.201728,3.684032
1694,traditional,0.160032,2.124800,0.202752,2.487584
1695,traditional,0.204192,2.673664,0.385024,3.262880
1696,traditional,0.304032,3.000320,0.210944,3.515296
1697,traditional,0.162976,1.987584,0.204800,2.355360
1698,traditional,0.177696,2.765824,0.384000,3.327520
1699,traditional,0.303776,3.045376,0.212992,3.562144
1700,traditional,0.189696,1.917952,0.219136,2.326784
1701,traditional,0.173920,1.683456,0.210944,2.068320
1702,traditional,0.171008,2.744320,0.399360,3.314688
1703,traditional,0.313728,3.054592,0.211968,3.580288
1704,traditional,0.186880,1.886208,0.210944,2.284032
1705,traditional,0.174592,1.847296,0.209920,2.231808
1706,traditional,0.165728,1.633280,0.214016,2.013024
1707,traditional,0.166720,1.619968,0.206848,1.993536
1708,traditional,0.166336,2.337792,0.391168,2.895296
1709,traditional,0.316256,2.954240,0.206848,3.477344
1710,traditional,0.169632,1.894400,0.209920,2.273952
1711,traditional,0.187744,2.653184,0.391168,3.232096
1712,traditional,0.307744,3.228672,0.207872,3.744288
1713,traditional,0.172000,2.205696,0.207872,2.585568
1714,traditional,0.174368,2.968576,0.392192,3.535136
1715,traditional,0.308224,2.841600,0.207872,3.357696
1716,traditional,0.166528,2.162688,0.207872,2.537088
1717,traditional,0.200512,3.260416,0.392192,3.853120
1718,traditional,0.317728,2.622464,0.215040,3.155232
1719,traditional,0.189152,1.960960,0.218112,2.368224
1720,traditional,0.190272,1.941504,0.220160,2.351936
1721,traditional,0.188640,1.698816,0.211968,2.099424
1722,traditional,0.181632,1.723392,0.210944,2.115968
1723,traditional,0.172544,2.745344,0.402432,3.320320
1724,traditional,0.314240,3.005440,0.209920,3.529600
1725,traditional,0.167744,2.172928,0.210944,2.551616
1726,traditional,0.201280,1.644544,0.209920,2.055744
1727,traditional,0.168608,1.698816,0.211968,2.079392
1728,traditional,0.196064,1.705984,0.210944,2.112992
1729,traditional,0.178688,1.638400,0.437248,2.254336
1730,traditional,0.196448,1.668096,0.207872,2.072416
1731,traditional,0.188896,1.647616,0.207872,2.044384
1732,traditional,0.181664,3.171328,0.395264,3.748256
1733,traditional,0.310976,2.542592,0.210944,3.064512
1734,traditional,0.185760,1.825792,0.206848,2.218400
1735,traditional,0.177920,1.835008,0.206848,2.219776
1736,traditional,0.165120,1.683456,0.202752,2.051328
1737,traditional,0.175776,1.606656,0.202752,1.985184
1738,traditional,0.165888,2.178048,0.386048,2.729984
1739,traditional,0.312832,3.421184,0.203776,3.937792
1740,traditional,0.165696,2.099200,0.205824,2.470720
1741,traditional,0.178016,2.578432,0.461824,3.218272
1742,traditional,0.359584,3.465216,0.242688,4.067488
1743,traditional,0.192800,2.469888,0.243712,2.906400
1744,traditional,0.208224,2.122752,0.241664,2.572640
1745,traditional,0.191680,2.174976,0.245760,2.612416
1746,traditional,0.229024,1.946624,0.243712,2.419360
1747,traditional,0.227488,1.992704,0.252928,2.473120
1748,traditional,0.202112,2.250752,0.256000,2.708864
1749,traditional,0.233632,2.022400,0.261120,2.517152
1750,traditional,0.205376,2.236416,0.258048,2.699840
1751,traditional,0.214048,2.023424,0.252928,2.490400
1752,traditional,0.213376,2.029568,0.253952,2.496896
1753,traditional,0.210720,2.312192,0.256000,2.778912
1754,traditional,0.218272,2.232320,0.252928,2.703520
1755,traditional,0.202112,2.656256,0.252928,3.111296
1756,traditional,0.208352,2.264064,0.257024,2.729440
1757,traditional,0.219904,2.053120,0.252928,2.525952
1758,traditional,0.205088,2.021376,0.252928,2.479392
1759,traditional,0.221504,2.025472,0.252928,2.499904
1760,traditional,0.206400,2.017280,0.252928,2.476608
1761,traditional,0.220480,2.097152,0.252928,2.570560
1762,traditional,0.223008,2.031616,0.252928,2.507552
1763,traditional,0.204896,2.287616,0.257024,2.749536
1764,traditional,0.230304,2.037760,0.252928,2.520992
1765,traditional,0.197856,1.968128,0.245760,2.411744
1766,traditional,0.207552,2.186240,0.245760,2.639552
1767,traditional,0.232736,2.173952,0.245760,2.652448
1768,traditional,0.220704,2.293760,0.252928,2.767392
1769,traditional,0.223840,2.203648,0.249856,2.677344
1770,traditional,0.214336,1.947648,0.246784,2.408768
1771,traditional,0.219712,1.990656,0.244736,2.455104
1772,traditional,0.207200,2.173952,0.249856,2.631008
1773,traditional,0.203904,2.181120,0.245760,2.630784
1774,traditional,0.220288,2.147328,0.245760,2.613376
1775,traditional,0.211680,2.270208,0.248832,2.730720
1776,traditional,0.210400,2.182144,0.245760,2.638304
1777,traditional,0.222112,1.940480,0.241664,2.404256
1778,traditional,0.204096,1.946624,0.241664,2.392384
1779,traditional,0.223456,2.008064,0.245760,2.477280
1780,traditional,0.215040,1.958912,0.245760,2.419712
1781,traditional,0.226432,1.992704,0.245760,2.464896
1782,traditional,0.223968,1.980416,0.244736,2.449120
1783,traditional,0.199968,2.235392,0.252928,2.688288
1784,traditional,0.221376,1.956864,0.242688,2.420928
1785,traditional,0.196704,2.159616,0.244736,2.601056
1786,traditional,0.206080,2.103296,0.241664,2.551040
1787,traditional,0.200192,2.172928,0.245760,2.618880
1788,traditional,0.191168,2.237440,0.245760,2.674368
1789,traditional,0.206400,2.170880,0.257024,2.634304
1790,traditional,0.214240,1.935360,0.242688,2.392288
1791,traditional,0.207808,2.163712,0.245760,2.617280
1792,traditional,0.194016,2.143232,0.242688,2.579936
1793,traditional,0.205216,2.197504,0.241664,2.644384
1794,traditional,0.209440,1.956864,0.241664,2.407968
1795,traditional,0.212320,1.902592,0.241664,2.356576
1796,traditional,0.209792,1.911808,0.238592,2.360192
1797,traditional,0.218432,1.910784,0.237568,2.366784
1798,traditional,0.215008,1.915904,0.238592,2.369504
1799,traditional,0.210592,1.874944,0.238592,2.324128
1800,traditional,0.217536,1.909760,0.239616,2.366912
1801,traditional,0.210304,1.930240,0.238592,2.379136
1802,traditional,0.213952,1.944576,0.236544,2.395072
1803,traditional,0.196256,1.878016,0.239616,2.313888
1804,traditional,0.190560,1.871872,0.237568,2.300000
1805,traditional,0.215424,1.872896,0.236544,2.324864
1806,traditional,0.216160,1.884160,0.237568,2.337888
1807,traditional,0.207136,1.903616,0.236544,2.347296
1808,traditional,0.175392,1.673216,0.210944,2.059552
1809,traditional,0.197344,1.680384,0.210944,2.088672
1810,traditional,0.184128,1.660928,0.212992,2.058048
1811,traditional,0.169760,1.657856,0.210944,2.038560
1812,traditional,0.186560,1.701888,0.210944,2.099392
1813,traditional,0.174016,1.682432,0.210944,2.067392
1814,traditional,0.189536,1.579008,0.201728,1.970272
1815,traditional,0.192096,1.583104,0.200704,1.975904
1816,traditional,0.180928,1.576960,0.200704,1.958592
1817,traditional,0.165408,1.556480,0.200704,1.922592
1818,traditional,0.165600,1.551360,0.201728,1.918688
1819,traditional,0.164608,1.564672,0.201728,1.931008
1820,traditional,0.176480,1.576960,0.200704,1.954144
1821,traditional,0.167296,1.548288,0.200704,1.916288
1822,traditional,0.163584,1.536000,0.199680,1.899264
1823,traditional,0.165664,1.524736,0.200704,1.891104
1824,traditional,0.189632,1.531904,0.200704,1.922240
1825,traditional,0.163136,1.544192,0.200704,1.908032
1826,traditional,0.187520,1.567744,0.200704,1.955968
1827,traditional,0.162688,1.575936,0.200704,1.939328
1828,traditional,0.164576,1.544192,0.199680,1.908448
1829,traditional,0.163008,1.561600,0.199680,1.924288
1830,traditional,0.166816,1.560576,0.200704,1.928096
1831,traditional,0.185824,2.401280,0.378880,2.965984
1832,traditional,0.300896,2.141184,0.200704,2.642784
1833,traditional,0.181632,1.576960,0.200704,1.959296
1834,traditional,0.165472,1.532928,0.199680,1.898080
1835,traditional,0.184096,1.582080,0.199680,1.965856
1836,traditional,0.172416,1.559552,0.200704,1.932672
1837,traditional,0.163104,1.545216,0.200704,1.909024
1838,traditional,0.163520,1.587200,0.200704,1.951424
1839,traditional,0.164704,1.577984,0.203776,1.946464
1840,traditional,0.177568,1.562624,0.200704,1.940896
1841,traditional,0.166208,1.557504,0.199680,1.923392
1842,traditional,0.185920,1.545216,0.201728,1.932864
1843,traditional,0.165856,1.548288,0.200704,1.914848
1844,traditional,0.162592,2.397184,0.380928,2.940704
1845,traditional,0.301408,3.165184,0.200704,3.667296
1846,traditional,0.172928,2.070528,0.201728,2.445184
1847,traditional,0.165632,2.700288,0.382976,3.248896
1848,traditional,0.298208,3.024896,0.200704,3.523808
1849,traditional,0.162016,2.127872,0.201728,2.491616
1850,traditional,0.165920,3.147776,0.387072,3.700768
1851,traditional,0.301888,3.026944,0.205824,3.534656
1852,traditional,0.169792,2.137088,0.209920,2.516800
1853,traditional,0.192320,1.864704,0.208896,2.265920
1854,traditional,0.177760,1.626112,0.208896,2.012768
1855,traditional,0.174688,1.596416,0.205824,1.976928
1856,traditional,0.322656,2.896896,0.216064,3.435616
1857,traditional,0.175584,1.956864,0.219136,2.351584
1858,traditional,0.198720,1.932288,0.220160,2.351168
1859,traditional,0.201408,1.711104,0.216064,2.128576
1860,traditional,0.172896,1.716224,0.450560,2.339680
1861,traditional,0.176064,1.707008,0.215040,2.098112
1862,traditional,0.189536,1.702912,0.216064,2.108512
1863,traditional,0.189248,1.705984,0.216064,2.111296
1864,traditional,0.189856,1.684480,0.216064,2.090400
1865,traditional,0.178272,1.918976,0.219136,2.316384
1866,traditional,0.190368,1.730560,0.216064,2.136992
1867,traditional,0.189376,1.735680,0.215040,2.140096
1868,traditional,0.176064,1.710080,0.215040,2.101184
1869,traditional,0.191488,1.658880,0.221184,2.071552
1870,traditional,0.170240,1.641472,0.208896,2.020608
1871,traditional,0.168992,1.643520,0.206848,2.019360
1872,traditional,0.168320,1.654784,0.205824,2.028928
1873,traditional,0.172960,1.633280,0.205824,2.012064
1874,traditional,0.168160,1.609728,0.200704,1.978592
1875,traditional,0.164672,1.596416,0.200704,1.961792
1876,traditional,0.185312,1.591296,0.200704,1.977312
1877,traditional,0.188960,1.655808,0.201728,2.046496
1878,traditional,0.179840,2.999296,0.381952,3.561088
1879,traditional,0.305056,3.005440,0.203776,3.514272
1880,traditional,0.163456,2.136064,0.203776,2.503296
1881,traditional,0.162848,3.075072,0.672768,3.910688
1882,traditional,0.311936,2.526208,0.201728,3.039872
1883,traditional,0.174976,1.807360,0.205824,2.188160
1884,traditional,0.162880,1.561600,0.200704,1.925184
1885,traditional,0.172512,3.124224,0.396288,3.693024
1886,traditional,0.310464,2.940928,0.210944,3.462336
1887,traditional,0.184896,1.912832,0.212992,2.310720
1888,traditional,0.186144,1.876992,0.212992,2.276128
1889,traditional,0.180768,1.691648,0.208896,2.081312
1890,traditional,0.182688,1.653760,0.209920,2.046368
1891,traditional,0.187456,2.615296,0.693248,3.496000
1892,traditional,0.323552,2.227200,0.209920,2.760672
1893,traditional,0.170688,1.915904,0.212992,2.299584
1894,traditional,0.185696,3.205120,0.397312,3.788128
1895,traditional,0.308352,2.660352,0.207872,3.176576
1896,traditional,0.186112,1.925120,0.209920,2.321152
1897,traditional,0.182176,1.876992,0.209920,2.269088
1898,traditional,0.177728,1.624064,0.206848,2.008640
1899,traditional,0.180800,1.632256,0.209920,2.022976
1900,traditional,0.195552,2.446336,0.396288,3.038176
1901,traditional,0.318272,2.738176,0.207872,3.264320
1902,traditional,0.166368,1.874944,0.234496,2.275808
1903,traditional,0.180000,2.738176,0.392192,3.310368
1904,traditional,0.309216,3.161088,0.217088,3.687392
1905,traditional,0.178272,2.171904,0.219136,2.569312
1906,traditional,0.178624,3.059712,0.399360,3.637696
1907,traditional,0.307936,2.781184,0.205824,3.294944
1908,traditional,0.180576,1.886208,0.209920,2.276704
1909,traditional,0.186240,1.713152,0.211968,2.111360
1910,traditional,0.177824,1.655808,0.210944,2.044576
1911,traditional,0.174112,1.690624,0.444416,2.309152
1912,traditional,0.182080,1.673216,0.210944,2.066240
1913,traditional,0.172128,1.659904,0.211968,2.044000
1914,traditional,0.178016,1.678336,0.210944,2.067296
1915,traditional,0.169664,1.632256,0.207872,2.009792
1916,traditional,0.193248,1.703936,0.207872,2.105056
1917,traditional,0.182240,1.656832,0.207872,2.046944
1918,traditional,0.186976,2.556928,0.395264,3.139168
1919,traditional,0.329216,2.556928,0.207872,3.094016
1920,traditional,0.181568,1.831936,0.207872,2.221376
1921,traditional,0.172096,3.018752,0.675840,3.866688
1922,traditional,0.314944,2.695168,0.203776,3.213888
1923,traditional,0.180480,1.914880,0.206848,2.302208
1924,traditional,0.312832,3.168256,0.386048,3.867136
1925,traditional,0.306976,2.198528,0.206848,2.712352
1926,traditional,0.180736,1.667072,0.248832,2.096640
1927,traditional,0.201408,1.970176,0.248832,2.420416
1928,traditional,0.206880,1.971200,0.248832,2.426912
1929,traditional,0.221856,2.010112,0.248832,2.480800
1930,traditional,0.197152,2.173952,0.248832,2.619936
1931,traditional,0.215360,2.298880,0.251904,2.766144
1932,traditional,0.209120,2.423808,0.257024,2.889952
1933,traditional,0.223168,2.239488,0.252928,2.715584
1934,traditional,0.222144,1.961984,0.249856,2.433984
1935,traditional,0.210592,1.967104,0.248832,2.426528
1936,traditional,0.213888,1.975296,0.249856,2.439040
1937,traditional,0.211744,1.994752,0.248832,2.455328
1938,traditional,0.215616,1.982464,0.248832,2.446912
1939,traditional,0.216160,1.944576,0.246784,2.407520
1940,traditional,0.212352,1.946624,0.246784,2.405760
1941,traditional,0.221856,1.953792,0.246784,2.422432
1942,traditional,0.224768,1.946624,0.247808,2.419200
1943,traditional,0.228160,1.988608,0.246784,2.463552
1944,traditional,0.215136,1.945600,0.246784,2.407520
1945,traditional,0.221792,2.197504,0.248832,2.668128
1946,traditional,0.195680,2.188288,0.249856,2.633824
1947,traditional,0.210336,1.956864,0.248832,2.416032
1948,traditional,0.210752,1.954816,0.245760,2.411328
1949,traditional,0.208640,1.983488,0.249856,2.441984
1950,traditional,0.220352,1.971200,0.245760,2.437312
1951,traditional,0.207616,1.996800,0.244736,2.449152
1952,traditional,0.194656,2.195456,0.244736,2.634848
1953,traditional,0.207136,2.193408,0.249856,2.650400
1954,traditional,0.208480,1.970176,0.244736,2.423392
1955,traditional,0.222592,1.932288,0.245760,2.400640
1956,traditional,0.222752,1.966080,0.248832,2.437664
1957,traditional,0.215296,2.009088,0.248832,2.473216
1958,traditional,0.199584,1.980416,0.249856,2.429856
1959,traditional,0.210144,2.221056,0.250880,2.682080
1960,traditional,0.197504,2.150400,0.246784,2.594688
1961,traditional,0.209760,2.278400,0.250880,2.739040
1962,traditional,0.214368,2.227200,0.250880,2.692448
1963,traditional,0.199328,2.160640,0.246784,2.606752
1964,traditional,0.218496,2.252800,0.250880,2.722176
1965,traditional,0.212128,2.164736,0.246784,2.623648
1966,traditional,0.222784,2.299904,0.249856,2.772544
1967,traditional,0.222912,2.222080,0.250880,2.695872
1968,traditional,0.197088,1.937408,0.247808,2.382304
1969,traditional,0.212800,1.967104,0.246784,2.426688
1970,traditional,0.211360,2.003968,0.247808,2.463136
1971,traditional,0.220544,1.964032,0.246784,2.431360
1972,traditional,0.211232,1.982464,0.247808,2.441504
1973,traditional,0.214240,1.983488,0.247808,2.445536
1974,traditional,0.211616,2.050048,0.247808,2.509472
1975,traditional,0.235648,2.014208,0.247808,2.497664
1976,traditional,0.217760,2.039808,0.246784,2.504352
1977,traditional,0.200256,2.238464,0.250880,2.689600
1978,traditional,0.204832,2.228224,0.250880,2.683936
1979,traditional,0.211456,2.168832,0.245760,2.626048
1980,traditional,0.215104,2.132992,0.245760,2.593856
1981,traditional,0.213632,2.239488,0.248832,2.701952
1982,traditional,0.199456,2.392064,0.258048,2.849568
1983,traditional,0.195968,2.339840,0.252928,2.788736
1984,traditional,0.220576,2.189312,0.269312,2.679200
1985,traditional,0.197792,2.269184,0.248832,2.715808
1986,traditional,0.210688,2.273280,0.248832,2.732800
1987,traditional,0.213984,1.964032,0.245760,2.423776
1988,traditional,0.226016,1.952768,0.244736,2.423520
1989,traditional,0.195392,1.801216,0.215040,2.211648
1990,traditional,0.173152,1.683456,0.215040,2.071648
1991,traditional,0.173376,1.687552,0.215040,2.075968
1992,traditional,0.172704,1.680384,0.215040,2.068128
1993,traditional,0.177120,1.696768,0.215040,2.088928
1994,traditional,0.173984,1.682432,0.215040,2.071456
1995,traditional,0.168416,1.618944,0.203776,1.991136
1996,traditional,0.167456,1.643520,0.203776,2.014752
1997,traditional,0.178080,1.615872,0.203776,1.997728
1998,traditional,0.192576,1.607680,0.202752,2.003008
1999,traditional,0.180832,1.602560,0.204800,1.988192
2000,traditional,0.193728,1.660928,0.203776,2.058432
2001,traditional,0.170112,1.581056,0.199680,1.950848
2002,traditional,0.164512,1.602560,0.202752,1.969824
2003,traditional,0.166336,1.573888,0.200704,1.940928
2004,traditional,0.165984,1.587200,0.201728,1.954912
2005,traditional,0.164480,1.622016,0.200704,1.987200
2006,traditional,0.167040,1.561600,0.200704,1.929344
2007,traditional,0.173792,1.595392,0.200704,1.969888
2008,traditional,0.164192,1.579008,0.200704,1.943904
2009,traditional,0.166208,1.575936,0.200704,1.942848
2010,traditional,0.176416,1.629184,0.200704,2.006304
2011,traditional,0.165728,1.611776,0.200704,1.978208
2012,traditional,0.164864,2.414592,0.380928,2.960384
2013,traditional,0.312096,3.168256,0.211968,3.692320
2014,traditional,0.161504,2.130944,0.202752,2.495200
2015,traditional,0.180928,2.591744,0.664576,3.437248
2016,traditional,0.306624,2.154496,0.200704,2.661824
2017,traditional,0.176768,1.608704,0.200704,1.986176
2018,traditional,0.164064,2.484224,0.380928,3.029216
2019,traditional,0.303648,2.703360,0.200704,3.207712
2020,traditional,0.162944,1.799168,0.204800,2.166912
2021,traditional,0.193792,3.343360,0.380928,3.918080
2022,traditional,0.300608,2.307072,0.200704,2.808384
2023,traditional,0.178304,1.783808,0.203776,2.165888
2024,traditional,0.322208,3.334144,0.380928,4.037280
2025,traditional,0.299232,2.541568,0.201728,3.042528
2026,traditional,0.181664,1.811456,0.204800,2.197920
2027,traditional,0.178464,3.112960,0.398336,3.689760
2028,traditional,0.309280,2.763776,0.208896,3.281952
2029,traditional,0.183712,1.840128,0.211968,2.235808
2030,traditional,0.183456,1.644544,0.207872,2.035872
2031,traditional,0.189312,2.108416,0.405504,2.703232
2032,traditional,0.316832,3.581952,0.214016,4.112800
2033,traditional,0.176384,2.236416,0.212992,2.625792
2034,traditional,0.174560,1.881088,0.217088,2.272736
2035,traditional,0.187872,1.686528,0.212992,2.087392
2036,traditional,0.186016,1.674240,0.212992,2.073248
2037,traditional,0.186368,1.656832,0.209920,2.053120
2038,traditional,0.190560,1.670144,0.219136,2.079840
2039,traditional,0.168064,2.537472,0.397312,3.102848
2040,traditional,0.311296,3.183616,0.209920,3.704832
2041,traditional,0.167712,2.179072,0.209920,2.556704
2042,traditional,0.196352,2.782208,0.397312,3.375872
2043,traditional,0.316416,3.054592,0.209920,3.580928
2044,traditional,0.178752,2.164736,0.208896,2.552384
2045,traditional,0.194368,2.679808,0.689152,3.563328
2046,traditional,0.321664,2.999296,0.207872,3.528832
2047,traditional,0.179072,2.197504,0.207872,2.584448
2048,traditional,0.168704,3.119104,0.394240,3.682048
2049,traditional,0.310176,2.610176,0.214016,3.134368
2050,traditional,0.183488,1.941504,0.215040,2.340032
2051,traditional,0.196416,1.899520,0.216064,2.312000
2052,traditional,0.173856,1.891328,0.216064,2.281248
2053,traditional,0.185600,1.668096,0.211968,2.065664
2054,traditional,0.185376,2.210816,0.404480,2.800672
2055,traditional,0.319936,3.597312,0.247808,4.165056
2056,traditional,0.196992,2.509824,0.247808,2.954624
2057,traditional,0.215520,2.185216,0.246784,2.647520
2058,traditional,0.195968,2.190336,0.251904,2.638208
2059,traditional,0.215968,1.943552,0.246784,2.406304
2060,traditional,0.221056,1.956864,0.246784,2.424704
2061,traditional,0.197440,1.983488,0.250880,2.431808
2062,traditional,0.205696,1.978368,0.250880,2.434944
2063,traditional,0.213440,2.024448,0.250880,2.488768
2064,traditional,0.200352,2.234368,0.254976,2.689696
2065,traditional,0.212640,2.290688,0.254976,2.758304
2066,traditional,0.211008,2.292736,0.252928,2.756672
2067,traditional,0.228448,2.192384,0.246784,2.667616
2068,traditional,0.213920,2.273280,0.249856,2.737056
2069,traditional,0.209536,2.161664,0.247808,2.619008
2070,traditional,0.222784,2.270208,0.249856,2.742848
2071,traditional,0.211712,2.212864,0.250880,2.675456
2072,traditional,0.213696,1.945600,0.247808,2.407104
2073,traditional,0.196256,2.224128,0.249856,2.670240
2074,traditional,0.211168,2.232320,0.250880,2.694368
2075,traditional,0.215168,1.965056,0.248832,2.429056
2076,traditional,0.218496,1.989632,0.247808,2.455936
2077,traditional,0.212416,1.957888,0.247808,2.418112
2078,traditional,0.224160,1.965056,0.250880,2.440096
2079,traditional,0.207360,2.195456,0.248832,2.651648
2080,traditional,0.212800,2.171904,0.248832,2.633536
2081,traditional,0.233920,2.259968,0.260096,2.753984
2082,traditional,0.202464,1.981440,0.246784,2.430688
2083,traditional,0.219552,1.991680,0.246784,2.458016
2084,traditional,0.219712,1.978368,0.246784,2.444864
2085,traditional,0.224128,1.964032,0.247808,2.435968
2086,traditional,0.211104,2.042880,0.248832,2.502816
2087,traditional,0.199520,1.957888,0.247808,2.405216
2088,traditional,0.218272,2.017280,0.250880,2.486432
2089,traditional,0.210176,2.179072,0.251904,2.641152
2090,traditional,0.223520,2.309120,0.254976,2.787616
2091,traditional,0.224128,2.016256,0.250880,2.491264
2092,traditional,0.224864,1.987584,0.250880,2.463328
2093,traditional,0.212992,1.985536,0.250880,2.449408
2094,traditional,0.198336,2.222080,0.250880,2.671296
2095,traditional,0.215520,2.265088,0.253952,2.734560
2096,traditional,0.218432,2.256896,0.251904,2.727232
2097,traditional,0.236960,2.228224,0.254976,2.720160
2098,traditional,0.201696,2.194432,0.251904,2.648032
2099,traditional,0.215136,2.325504,0.253952,2.794592
2100,traditional,0.212640,2.213888,0.250880,2.677408
