AssetBrowserPanel.cpp
注意: 包含文件:  ..\..\src\editor/ImGuiEditorLayer.hpp
注意: 包含文件:   D:\Assigment\2609\FYP\Project\AzureRender\src\editor\EditorCameraController.hpp
注意: 包含文件:    D:\Visual Studio\2022\VC\Tools\MSVC\14.44.35207\include\array
注意: 包含文件:     D:\Visual Studio\2022\VC\Tools\MSVC\14.44.35207\include\yvals_core.h
注意: 包含文件:      D:\Visual Studio\2022\VC\Tools\MSVC\14.44.35207\include\vcruntime.h
注意: 包含文件:       D:\Visual Studio\2022\VC\Tools\MSVC\14.44.35207\include\sal.h
注意: 包含文件:        D:\Visual Studio\2022\VC\Tools\MSVC\14.44.35207\include\concurrencysal.h
注意: 包含文件:       D:\Visual Studio\2022\VC\Tools\MSVC\14.44.35207\include\vadefs.h
注意: 包含文件:      D:\Visual Studio\2022\VC\Tools\MSVC\14.44.35207\include\xkeycheck.h
注意: 包含文件:     D:\Visual Studio\2022\VC\Tools\MSVC\14.44.35207\include\xutility
注意: 包含文件:      D:\Visual Studio\2022\VC\Tools\MSVC\14.44.35207\include\yvals.h
注意: 包含文件:       C:\Program Files (x86)\Windows Kits\10\include\10.0.26100.0\ucrt\crtdbg.h
注意: 包含文件:        C:\Program Files (x86)\Windows Kits\10\include\10.0.26100.0\ucrt\corecrt.h
注意: 包含文件:        D:\Visual Studio\2022\VC\Tools\MSVC\14.44.35207\include\vcruntime_new_debug.h
注意: 包含文件:         D:\Visual Studio\2022\VC\Tools\MSVC\14.44.35207\include\vcruntime_new.h
注意: 包含文件:       D:\Visual Studio\2022\VC\Tools\MSVC\14.44.35207\include\crtdefs.h
注意: 包含文件:       D:\Visual Studio\2022\VC\Tools\MSVC\14.44.35207\include\use_ansi.h
注意: 包含文件:      D:\Visual Studio\2022\VC\Tools\MSVC\14.44.35207\include\__msvc_iter_core.hpp
注意: 包含文件:       D:\Visual Studio\2022\VC\Tools\MSVC\14.44.35207\include\utility
注意: 包含文件:        D:\Visual Studio\2022\VC\Tools\MSVC\14.44.35207\include\initializer_list
注意: 包含文件:         D:\Visual Studio\2022\VC\Tools\MSVC\14.44.35207\include\cstddef
注意: 包含文件:          C:\Program Files (x86)\Windows Kits\10\include\10.0.26100.0\ucrt\stddef.h
注意: 包含文件:          D:\Visual Studio\2022\VC\Tools\MSVC\14.44.35207\include\xtr1common
注意: 包含文件:        D:\Visual Studio\2022\VC\Tools\MSVC\14.44.35207\include\type_traits
注意: 包含文件:         D:\Visual Studio\2022\VC\Tools\MSVC\14.44.35207\include\cstdint
注意: 包含文件:          D:\Visual Studio\2022\VC\Tools\MSVC\14.44.35207\include\stdint.h
注意: 包含文件:         D:\Visual Studio\2022\VC\Tools\MSVC\14.44.35207\include\cstring
注意: 包含文件:          C:\Program Files (x86)\Windows Kits\10\include\10.0.26100.0\ucrt\string.h
注意: 包含文件:           C:\Program Files (x86)\Windows Kits\10\include\10.0.26100.0\ucrt\corecrt_memory.h
注意: 包含文件:            C:\Program Files (x86)\Windows Kits\10\include\10.0.26100.0\ucrt\corecrt_memcpy_s.h
注意: 包含文件:             C:\Program Files (x86)\Windows Kits\10\include\10.0.26100.0\ucrt\errno.h
注意: 包含文件:             D:\Visual Studio\2022\VC\Tools\MSVC\14.44.35207\include\vcruntime_string.h
注意: 包含文件:           C:\Program Files (x86)\Windows Kits\10\include\10.0.26100.0\ucrt\corecrt_wstring.h
注意: 包含文件:      D:\Visual Studio\2022\VC\Tools\MSVC\14.44.35207\include\climits
注意: 包含文件:       D:\Visual Studio\2022\VC\Tools\MSVC\14.44.35207\include\limits.h
注意: 包含文件:      D:\Visual Studio\2022\VC\Tools\MSVC\14.44.35207\include\cstdlib
注意: 包含文件:       C:\Program Files (x86)\Windows Kits\10\include\10.0.26100.0\ucrt\math.h
注意: 包含文件:        C:\Program Files (x86)\Windows Kits\10\include\10.0.26100.0\ucrt\corecrt_math.h
注意: 包含文件:       C:\Program Files (x86)\Windows Kits\10\include\10.0.26100.0\ucrt\stdlib.h
注意: 包含文件:        C:\Program Files (x86)\Windows Kits\10\include\10.0.26100.0\ucrt\corecrt_malloc.h
注意: 包含文件:        C:\Program Files (x86)\Windows Kits\10\include\10.0.26100.0\ucrt\corecrt_search.h
注意: 包含文件:        C:\Program Files (x86)\Windows Kits\10\include\10.0.26100.0\ucrt\corecrt_wstdlib.h
注意: 包含文件:      D:\Visual Studio\2022\VC\Tools\MSVC\14.44.35207\include\cwchar
注意: 包含文件:       D:\Visual Studio\2022\VC\Tools\MSVC\14.44.35207\include\cstdio
注意: 包含文件:        C:\Program Files (x86)\Windows Kits\10\include\10.0.26100.0\ucrt\stdio.h
注意: 包含文件:         C:\Program Files (x86)\Windows Kits\10\include\10.0.26100.0\ucrt\corecrt_wstdio.h
注意: 包含文件:          C:\Program Files (x86)\Windows Kits\10\include\10.0.26100.0\ucrt\corecrt_stdio_config.h
注意: 包含文件:       C:\Program Files (x86)\Windows Kits\10\include\10.0.26100.0\ucrt\wchar.h
注意: 包含文件:        C:\Program Files (x86)\Windows Kits\10\include\10.0.26100.0\ucrt\corecrt_wconio.h
注意: 包含文件:        C:\Program Files (x86)\Windows Kits\10\include\10.0.26100.0\ucrt\corecrt_wctype.h
注意: 包含文件:        C:\Program Files (x86)\Windows Kits\10\include\10.0.26100.0\ucrt\corecrt_wdirect.h
注意: 包含文件:        C:\Program Files (x86)\Windows Kits\10\include\10.0.26100.0\ucrt\corecrt_wio.h
注意: 包含文件:         C:\Program Files (x86)\Windows Kits\10\include\10.0.26100.0\ucrt\corecrt_share.h
注意: 包含文件:        C:\Program Files (x86)\Windows Kits\10\include\10.0.26100.0\ucrt\corecrt_wprocess.h
注意: 包含文件:        C:\Program Files (x86)\Windows Kits\10\include\10.0.26100.0\ucrt\corecrt_wtime.h
注意: 包含文件:        C:\Program Files (x86)\Windows Kits\10\include\10.0.26100.0\ucrt\sys/stat.h
注意: 包含文件:         C:\Program Files (x86)\Windows Kits\10\include\10.0.26100.0\ucrt\sys/types.h
注意: 包含文件:        D:\Visual Studio\2022\VC\Tools\MSVC\14.44.35207\include\intrin.h
注意: 包含文件:         D:\Visual Studio\2022\VC\Tools\MSVC\14.44.35207\include\intrin0.inl.h
注意: 包含文件:         D:\Visual Studio\2022\VC\Tools\MSVC\14.44.35207\include\setjmp.h
注意: 包含文件:         D:\Visual Studio\2022\VC\Tools\MSVC\14.44.35207\include\immintrin.h
注意: 包含文件:          D:\Visual Studio\2022\VC\Tools\MSVC\14.44.35207\include\wmmintrin.h
注意: 包含文件:           D:\Visual Studio\2022\VC\Tools\MSVC\14.44.35207\include\nmmintrin.h
注意: 包含文件:            D:\Visual Studio\2022\VC\Tools\MSVC\14.44.35207\include\smmintrin.h
注意: 包含文件:             D:\Visual Studio\2022\VC\Tools\MSVC\14.44.35207\include\tmmintrin.h
注意: 包含文件:              D:\Visual Studio\2022\VC\Tools\MSVC\14.44.35207\include\pmmintrin.h
注意: 包含文件:               D:\Visual Studio\2022\VC\Tools\MSVC\14.44.35207\include\emmintrin.h
注意: 包含文件:                D:\Visual Studio\2022\VC\Tools\MSVC\14.44.35207\include\xmmintrin.h
注意: 包含文件:                 D:\Visual Studio\2022\VC\Tools\MSVC\14.44.35207\include\mmintrin.h
注意: 包含文件:                 C:\Program Files (x86)\Windows Kits\10\include\10.0.26100.0\ucrt\malloc.h
注意: 包含文件:          D:\Visual Studio\2022\VC\Tools\MSVC\14.44.35207\include\zmmintrin.h
注意: 包含文件:         D:\Visual Studio\2022\VC\Tools\MSVC\14.44.35207\include\ammintrin.h
注意: 包含文件:   D:\Assigment\2609\FYP\Project\AzureRender\src\editor\EditorSession.hpp
注意: 包含文件:    D:\Assigment\2609\FYP\Project\AzureRender\src\editor\EditorContext.hpp
注意: 包含文件:     D:\Assigment\2609\FYP\Project\AzureRender\src\editor\SceneModel.hpp
注意: 包含文件:      ..\..\src\runtime/SceneDocument.hpp
注意: 包含文件:       ..\..\src\render/RenderSettings.hpp
注意: 包含文件:        ..\..\src\extensions/SceneType.hpp
注意: 包含文件:         D:\Visual Studio\2022\VC\Tools\MSVC\14.44.35207\include\stdexcept
注意: 包含文件:          D:\Visual Studio\2022\VC\Tools\MSVC\14.44.35207\include\exception
注意: 包含文件:           D:\Visual Studio\2022\VC\Tools\MSVC\14.44.35207\include\vcruntime_exception.h
注意: 包含文件:            D:\Visual Studio\2022\VC\Tools\MSVC\14.44.35207\include\eh.h
注意: 包含文件:             C:\Program Files (x86)\Windows Kits\10\include\10.0.26100.0\ucrt\corecrt_terminate.h
注意: 包含文件:          D:\Visual Studio\2022\VC\Tools\MSVC\14.44.35207\include\xstring
注意: 包含文件:           D:\Visual Studio\2022\VC\Tools\MSVC\14.44.35207\include\__msvc_sanitizer_annotate_container.hpp
注意: 包含文件:           D:\Visual Studio\2022\VC\Tools\MSVC\14.44.35207\include\__msvc_string_view.hpp
注意: 包含文件:            D:\Visual Studio\2022\VC\Tools\MSVC\14.44.35207\include\iosfwd
注意: 包含文件:           D:\Visual Studio\2022\VC\Tools\MSVC\14.44.35207\include\xmemory
注意: 包含文件:            D:\Visual Studio\2022\VC\Tools\MSVC\14.44.35207\include\limits
注意: 包含文件:             D:\Visual Studio\2022\VC\Tools\MSVC\14.44.35207\include\cfloat
注意: 包含文件:              C:\Program Files (x86)\Windows Kits\10\include\10.0.26100.0\ucrt\float.h
注意: 包含文件:             D:\Visual Studio\2022\VC\Tools\MSVC\14.44.35207\include\intrin0.h
注意: 包含文件:            D:\Visual Studio\2022\VC\Tools\MSVC\14.44.35207\include\new
注意: 包含文件:            D:\Visual Studio\2022\VC\Tools\MSVC\14.44.35207\include\xatomic.h
注意: 包含文件:           D:\Visual Studio\2022\VC\Tools\MSVC\14.44.35207\include\xpolymorphic_allocator.h
注意: 包含文件:            D:\Visual Studio\2022\VC\Tools\MSVC\14.44.35207\include\tuple
注意: 包含文件:         D:\Visual Studio\2022\VC\Tools\MSVC\14.44.35207\include\string
注意: 包含文件:          D:\Visual Studio\2022\VC\Tools\MSVC\14.44.35207\include\cctype
注意: 包含文件:           C:\Program Files (x86)\Windows Kits\10\include\10.0.26100.0\ucrt\ctype.h
注意: 包含文件:         D:\Visual Studio\2022\VC\Tools\MSVC\14.44.35207\include\string_view
注意: 包含文件:        D:\Visual Studio\2022\VC\Tools\MSVC\14.44.35207\include\filesystem
注意: 包含文件:         D:\Visual Studio\2022\VC\Tools\MSVC\14.44.35207\include\algorithm
注意: 包含文件:          D:\Visual Studio\2022\VC\Tools\MSVC\14.44.35207\include\__msvc_heap_algorithms.hpp
注意: 包含文件:          D:\Visual Studio\2022\VC\Tools\MSVC\14.44.35207\include\__msvc_minmax.hpp
注意: 包含文件:         D:\Visual Studio\2022\VC\Tools\MSVC\14.44.35207\include\chrono
注意: 包含文件:          D:\Visual Studio\2022\VC\Tools\MSVC\14.44.35207\include\__msvc_chrono.hpp
注意: 包含文件:           D:\Visual Studio\2022\VC\Tools\MSVC\14.44.35207\include\ctime
注意: 包含文件:            C:\Program Files (x86)\Windows Kits\10\include\10.0.26100.0\ucrt\time.h
注意: 包含文件:           D:\Visual Studio\2022\VC\Tools\MSVC\14.44.35207\include\ratio
注意: 包含文件:           D:\Visual Studio\2022\VC\Tools\MSVC\14.44.35207\include\xtimec.h
注意: 包含文件:          D:\Visual Studio\2022\VC\Tools\MSVC\14.44.35207\include\system_error
注意: 包含文件:           D:\Visual Studio\2022\VC\Tools\MSVC\14.44.35207\include\__msvc_system_error_abi.hpp
注意: 包含文件:           D:\Visual Studio\2022\VC\Tools\MSVC\14.44.35207\include\cerrno
注意: 包含文件:           D:\Visual Studio\2022\VC\Tools\MSVC\14.44.35207\include\xcall_once.h
注意: 包含文件:           D:\Visual Studio\2022\VC\Tools\MSVC\14.44.35207\include\xerrc.h
注意: 包含文件:           D:\Visual Studio\2022\VC\Tools\MSVC\14.44.35207\include\atomic
注意: 包含文件:            D:\Visual Studio\2022\VC\Tools\MSVC\14.44.35207\include\xthreads.h
注意: 包含文件:             D:\Visual Studio\2022\VC\Tools\MSVC\14.44.35207\include\__msvc_threads_core.hpp
注意: 包含文件:          D:\Visual Studio\2022\VC\Tools\MSVC\14.44.35207\include\xfilesystem_abi.h
注意: 包含文件:         D:\Visual Studio\2022\VC\Tools\MSVC\14.44.35207\include\iomanip
注意: 包含文件:          D:\Visual Studio\2022\VC\Tools\MSVC\14.44.35207\include\istream
注意: 包含文件:           D:\Visual Studio\2022\VC\Tools\MSVC\14.44.35207\include\__msvc_ostream.hpp
注意: 包含文件:            D:\Visual Studio\2022\VC\Tools\MSVC\14.44.35207\include\ios
注意: 包含文件:             D:\Visual Studio\2022\VC\Tools\MSVC\14.44.35207\include\xlocnum
注意: 包含文件:              D:\Visual Studio\2022\VC\Tools\MSVC\14.44.35207\include\cmath
注意: 包含文件:              D:\Visual Studio\2022\VC\Tools\MSVC\14.44.35207\include\iterator
注意: 包含文件:              D:\Visual Studio\2022\VC\Tools\MSVC\14.44.35207\include\streambuf
注意: 包含文件:               D:\Visual Studio\2022\VC\Tools\MSVC\14.44.35207\include\xiosbase
注意: 包含文件:                C:\Program Files (x86)\Windows Kits\10\include\10.0.26100.0\ucrt\share.h
注意: 包含文件:                D:\Visual Studio\2022\VC\Tools\MSVC\14.44.35207\include\xlocale
注意: 包含文件:                 D:\Visual Studio\2022\VC\Tools\MSVC\14.44.35207\include\memory
注意: 包含文件:                  D:\Visual Studio\2022\VC\Tools\MSVC\14.44.35207\include\typeinfo
注意: 包含文件:                   D:\Visual Studio\2022\VC\Tools\MSVC\14.44.35207\include\vcruntime_typeinfo.h
注意: 包含文件:                 D:\Visual Studio\2022\VC\Tools\MSVC\14.44.35207\include\xfacet
注意: 包含文件:                 D:\Visual Studio\2022\VC\Tools\MSVC\14.44.35207\include\xlocinfo
注意: 包含文件:                  D:\Visual Studio\2022\VC\Tools\MSVC\14.44.35207\include\__msvc_xlocinfo_types.hpp
注意: 包含文件:                  D:\Visual Studio\2022\VC\Tools\MSVC\14.44.35207\include\clocale
注意: 包含文件:                   C:\Program Files (x86)\Windows Kits\10\include\10.0.26100.0\ucrt\locale.h
注意: 包含文件:          D:\Visual Studio\2022\VC\Tools\MSVC\14.44.35207\include\xlocmon
注意: 包含文件:          D:\Visual Studio\2022\VC\Tools\MSVC\14.44.35207\include\xloctime
注意: 包含文件:         D:\Visual Studio\2022\VC\Tools\MSVC\14.44.35207\include\locale
注意: 包含文件:          D:\Visual Studio\2022\VC\Tools\MSVC\14.44.35207\include\xlocbuf
注意: 包含文件:          D:\Visual Studio\2022\VC\Tools\MSVC\14.44.35207\include\xlocmes
注意: 包含文件:         D:\Visual Studio\2022\VC\Tools\MSVC\14.44.35207\include\vector
注意: 包含文件:          D:\Visual Studio\2022\VC\Tools\MSVC\14.44.35207\include\__msvc_bit_utils.hpp
注意: 包含文件:     ..\..\src\ecs/Components.hpp
注意: 包含文件:      D:\Assigment\2609\FYP\Project\AzureRender\src\ecs\Entity.hpp
注意: 包含文件:      ..\..\src\reflection/Annotations.hpp
注意: 包含文件:     ..\..\src\ecs/World.hpp
注意: 包含文件:      D:\Assigment\2609\FYP\Project\AzureRender\src\ecs\ComponentArray.hpp
注意: 包含文件:       D:\Assigment\2609\FYP\Project\AzureRender\src\ecs\IComponentArray.hpp
注意: 包含文件:      D:\Visual Studio\2022\VC\Tools\MSVC\14.44.35207\include\functional
注意: 包含文件:       D:\Visual Studio\2022\VC\Tools\MSVC\14.44.35207\include\unordered_map
注意: 包含文件:        D:\Visual Studio\2022\VC\Tools\MSVC\14.44.35207\include\xhash
注意: 包含文件:         D:\Visual Studio\2022\VC\Tools\MSVC\14.44.35207\include\list
注意: 包含文件:         D:\Visual Studio\2022\VC\Tools\MSVC\14.44.35207\include\xbit_ops.h
注意: 包含文件:         D:\Visual Studio\2022\VC\Tools\MSVC\14.44.35207\include\xnode_handle.h
注意: 包含文件:      D:\Visual Studio\2022\VC\Tools\MSVC\14.44.35207\include\typeindex
注意: 包含文件:     ..\..\src\runtime/AssetDatabase.hpp
注意: 包含文件:      ..\..\src\runtime/Project.hpp
注意: 包含文件:       D:\Visual Studio\2022\VC\Tools\MSVC\14.44.35207\include\map
注意: 包含文件:        D:\Visual Studio\2022\VC\Tools\MSVC\14.44.35207\include\xtree
注意: 包含文件:       vcpkg_installed\x64-windows\include\nlohmann/json.hpp
注意: 包含文件:        vcpkg_installed\x64-windows\include\nlohmann/adl_serializer.hpp
注意: 包含文件:         vcpkg_installed\x64-windows\include\nlohmann/detail/abi_macros.hpp
注意: 包含文件:         vcpkg_installed\x64-windows\include\nlohmann/detail/conversions/from_json.hpp
注意: 包含文件:          D:\Visual Studio\2022\VC\Tools\MSVC\14.44.35207\include\forward_list
注意: 包含文件:          D:\Visual Studio\2022\VC\Tools\MSVC\14.44.35207\include\valarray
注意: 包含文件:          vcpkg_installed\x64-windows\include\nlohmann/detail/exceptions.hpp
注意: 包含文件:           vcpkg_installed\x64-windows\include\nlohmann/detail/value_t.hpp
注意: 包含文件:            vcpkg_installed\x64-windows\include\nlohmann/detail/macro_scope.hpp
注意: 包含文件:             vcpkg_installed\x64-windows\include\nlohmann/detail/meta/detected.hpp
注意: 包含文件:              vcpkg_installed\x64-windows\include\nlohmann/detail/meta/void_t.hpp
注意: 包含文件:             vcpkg_installed\x64-windows\include\nlohmann/thirdparty/hedley/hedley.hpp
注意: 包含文件:             D:\Visual Studio\2022\VC\Tools\MSVC\14.44.35207\include\version
注意: 包含文件:             D:\Visual Studio\2022\VC\Tools\MSVC\14.44.35207\include\cassert
注意: 包含文件:              C:\Program Files (x86)\Windows Kits\10\include\10.0.26100.0\ucrt\assert.h
注意: 包含文件:           vcpkg_installed\x64-windows\include\nlohmann/detail/string_escape.hpp
注意: 包含文件:           vcpkg_installed\x64-windows\include\nlohmann/detail/input/position_t.hpp
注意: 包含文件:           vcpkg_installed\x64-windows\include\nlohmann/detail/meta/cpp_future.hpp
注意: 包含文件:           vcpkg_installed\x64-windows\include\nlohmann/detail/meta/type_traits.hpp
注意: 包含文件:            vcpkg_installed\x64-windows\include\nlohmann/detail/iterators/iterator_traits.hpp
注意: 包含文件:            vcpkg_installed\x64-windows\include\nlohmann/detail/meta/call_std/begin.hpp
注意: 包含文件:            vcpkg_installed\x64-windows\include\nlohmann/detail/meta/call_std/end.hpp
注意: 包含文件:            vcpkg_installed\x64-windows\include\nlohmann/json_fwd.hpp
注意: 包含文件:           vcpkg_installed\x64-windows\include\nlohmann/detail/string_concat.hpp
注意: 包含文件:          vcpkg_installed\x64-windows\include\nlohmann/detail/meta/identity_tag.hpp
注意: 包含文件:          vcpkg_installed\x64-windows\include\nlohmann/detail/meta/std_fs.hpp
注意: 包含文件:          D:\Visual Studio\2022\VC\Tools\MSVC\14.44.35207\include\optional
注意: 包含文件:           D:\Visual Studio\2022\VC\Tools\MSVC\14.44.35207\include\xsmf_control.h
注意: 包含文件:         vcpkg_installed\x64-windows\include\nlohmann/detail/conversions/to_json.hpp
注意: 包含文件:          vcpkg_installed\x64-windows\include\nlohmann/detail/iterators/iteration_proxy.hpp
注意: 包含文件:           vcpkg_installed\x64-windows\include\nlohmann/detail/string_utils.hpp
注意: 包含文件:        vcpkg_installed\x64-windows\include\nlohmann/byte_container_with_subtype.hpp
注意: 包含文件:        vcpkg_installed\x64-windows\include\nlohmann/detail/hash.hpp
注意: 包含文件:        vcpkg_installed\x64-windows\include\nlohmann/detail/input/binary_reader.hpp
注意: 包含文件:         vcpkg_installed\x64-windows\include\nlohmann/detail/input/input_adapters.hpp
注意: 包含文件:          D:\Visual Studio\2022\VC\Tools\MSVC\14.44.35207\include\numeric
注意: 包含文件:         vcpkg_installed\x64-windows\include\nlohmann/detail/input/json_sax.hpp
注意: 包含文件:          vcpkg_installed\x64-windows\include\nlohmann/detail/input/lexer.hpp
注意: 包含文件:         vcpkg_installed\x64-windows\include\nlohmann/detail/meta/is_sax.hpp
注意: 包含文件:        vcpkg_installed\x64-windows\include\nlohmann/detail/input/parser.hpp
注意: 包含文件:        vcpkg_installed\x64-windows\include\nlohmann/detail/iterators/internal_iterator.hpp
注意: 包含文件:         vcpkg_installed\x64-windows\include\nlohmann/detail/iterators/primitive_iterator.hpp
注意: 包含文件:        vcpkg_installed\x64-windows\include\nlohmann/detail/iterators/iter_impl.hpp
注意: 包含文件:        vcpkg_installed\x64-windows\include\nlohmann/detail/iterators/json_reverse_iterator.hpp
注意: 包含文件:        vcpkg_installed\x64-windows\include\nlohmann/detail/json_custom_base_class.hpp
注意: 包含文件:        vcpkg_installed\x64-windows\include\nlohmann/detail/json_pointer.hpp
注意: 包含文件:        vcpkg_installed\x64-windows\include\nlohmann/detail/json_ref.hpp
注意: 包含文件:        vcpkg_installed\x64-windows\include\nlohmann/detail/output/binary_writer.hpp
注意: 包含文件:         vcpkg_installed\x64-windows\include\nlohmann/detail/output/output_adapters.hpp
注意: 包含文件:          D:\Visual Studio\2022\VC\Tools\MSVC\14.44.35207\include\ostream
注意: 包含文件:        vcpkg_installed\x64-windows\include\nlohmann/detail/output/serializer.hpp
注意: 包含文件:         vcpkg_installed\x64-windows\include\nlohmann/detail/conversions/to_chars.hpp
注意: 包含文件:        vcpkg_installed\x64-windows\include\nlohmann/ordered_map.hpp
注意: 包含文件:        D:\Visual Studio\2022\VC\Tools\MSVC\14.44.35207\include\any
注意: 包含文件:        vcpkg_installed\x64-windows\include\nlohmann/detail/macro_unscope.hpp
注意: 包含文件:         vcpkg_installed\x64-windows\include\nlohmann/thirdparty/hedley/hedley_undef.hpp
注意: 包含文件:      ..\..\src\assets/GeneratorRegistry.hpp
注意: 包含文件:       ..\..\src\assets/GenerationManifest.hpp
注意: 包含文件:     ..\..\src\runtime/Level.hpp
注意: 包含文件:      ..\..\src\runtime/ComponentCodec.hpp
注意: 包含文件:       ..\..\src\runtime/ComponentRegistry.hpp
注意: 包含文件:        ..\..\src\reflection/Registry.hpp
注意: 包含文件:      ..\..\src\assets/GltfLoader.hpp
注意: 包含文件:     ..\..\src\runtime/PresentationRuntime.hpp
注意: 包含文件:      ..\..\src\runtime/AnimationStateMachine.hpp
注意: 包含文件:      ..\..\src\runtime/AudioRuntime.hpp
注意: 包含文件:      ..\..\src\runtime/RuntimeLifecycle.hpp
注意: 包含文件:       D:\Visual Studio\2022\VC\Tools\MSVC\14.44.35207\include\set
注意: 包含文件:      ..\..\src\runtime/GameComponents.hpp
注意: 包含文件:       ..\..\src\ecs/GameComponents.hpp
注意: 包含文件:      ..\..\src\render/RenderContext.hpp
注意: 包含文件:       C:\VulkanSDK\1.4.350.0\include\vulkan/vulkan.h
注意: 包含文件:        C:\VulkanSDK\1.4.350.0\include\vulkan\vk_platform.h
注意: 包含文件:        C:\VulkanSDK\1.4.350.0\include\vulkan\vulkan_core.h
注意: 包含文件:         C:\VulkanSDK\1.4.350.0\include\vk_video/vulkan_video_codec_h264std.h
注意: 包含文件:          C:\VulkanSDK\1.4.350.0\include\vk_video\vulkan_video_codecs_common.h
注意: 包含文件:         C:\VulkanSDK\1.4.350.0\include\vk_video/vulkan_video_codec_h264std_encode.h
注意: 包含文件:         C:\VulkanSDK\1.4.350.0\include\vk_video/vulkan_video_codec_h265std.h
注意: 包含文件:         C:\VulkanSDK\1.4.350.0\include\vk_video/vulkan_video_codec_h265std_encode.h
注意: 包含文件:         C:\VulkanSDK\1.4.350.0\include\vk_video/vulkan_video_codec_h264std_decode.h
注意: 包含文件:         C:\VulkanSDK\1.4.350.0\include\vk_video/vulkan_video_codec_h265std_decode.h
注意: 包含文件:         C:\VulkanSDK\1.4.350.0\include\vk_video/vulkan_video_codec_av1std.h
注意: 包含文件:         C:\VulkanSDK\1.4.350.0\include\vk_video/vulkan_video_codec_av1std_decode.h
注意: 包含文件:         C:\VulkanSDK\1.4.350.0\include\vk_video/vulkan_video_codec_av1std_encode.h
注意: 包含文件:         C:\VulkanSDK\1.4.350.0\include\vk_video/vulkan_video_codec_vp9std.h
注意: 包含文件:         C:\VulkanSDK\1.4.350.0\include\vk_video/vulkan_video_codec_vp9std_decode.h
注意: 包含文件:       ..\..\src\render/EnvironmentAsset.hpp
注意: 包含文件:       ..\..\src\scene/SceneDescription.hpp
注意: 包含文件:        ..\..\src\scene/TransformMath.hpp
注意: 包含文件:         ..\..\src\render/RenderMath.hpp
注意: 包含文件:     ..\..\src\editor/commands/DocumentVersion.hpp
注意: 包含文件:    ..\..\src\editor/GameBuildJob.hpp
注意: 包含文件:     D:\Visual Studio\2022\VC\Tools\MSVC\14.44.35207\include\future
注意: 包含文件:      D:\Visual Studio\2022\VC\Tools\MSVC\14.44.35207\include\condition_variable
注意: 包含文件:       D:\Visual Studio\2022\VC\Tools\MSVC\14.44.35207\include\mutex
注意: 包含文件:        D:\Visual Studio\2022\VC\Tools\MSVC\14.44.35207\include\thread
注意: 包含文件:         C:\Program Files (x86)\Windows Kits\10\include\10.0.26100.0\ucrt\process.h
注意: 包含文件:          C:\Program Files (x86)\Windows Kits\10\include\10.0.26100.0\ucrt\corecrt_startup.h
注意: 包含文件:           C:\Program Files (x86)\Windows Kits\10\include\10.0.26100.0\ucrt\math.h
注意: 包含文件:           D:\Visual Studio\2022\VC\Tools\MSVC\14.44.35207\include\vcruntime_startup.h
注意: 包含文件:      D:\Visual Studio\2022\VC\Tools\MSVC\14.44.35207\include\ppltasks.h
注意: 包含文件:       D:\Visual Studio\2022\VC\Tools\MSVC\14.44.35207\include\pplwin.h
注意: 包含文件:        D:\Visual Studio\2022\VC\Tools\MSVC\14.44.35207\include\pplinterface.h
注意: 包含文件:        D:\Visual Studio\2022\VC\Tools\MSVC\14.44.35207\include\ppltaskscheduler.h
注意: 包含文件:         D:\Visual Studio\2022\VC\Tools\MSVC\14.44.35207\include\crtdefs.h
注意: 包含文件:        D:\Visual Studio\2022\VC\Tools\MSVC\14.44.35207\include\pplcancellation_token.h
注意: 包含文件:    ..\..\src\runtime/GameRuntime.hpp
注意: 包含文件:     ..\..\src\runtime/InputActions.hpp
注意: 包含文件:      ..\..\src\runtime/GameplayKeys.hpp
注意: 包含文件:     ..\..\src\runtime/PhysicsWorld.hpp
注意: 包含文件:     ..\..\src\runtime/ThirdPersonCamera.hpp
注意: 包含文件:     ..\..\src\runtime/InteractionRuntime.hpp
注意: 包含文件:     ..\..\src\runtime/SystemRegistry.hpp
注意: 包含文件:      ..\..\src\runtime/IRuntimeSystem.hpp
注意: 包含文件:    ..\..\src\runtime/LevelSession.hpp
注意: 包含文件:    ..\..\src\runtime/ScriptRuntime.hpp
注意: 包含文件:    ..\..\src\editor/commands/EditService.hpp
注意: 包含文件:     ..\..\src\editor/commands/EditRegistry.hpp
注意: 包含文件:      ..\..\src\editor/commands/EditContracts.hpp
注意: 包含文件:    ..\..\src\editor/PanelContext.hpp
注意: 包含文件:     D:\Assigment\2609\FYP\Project\AzureRender\src\editor\SelectionService.hpp
注意: 包含文件:     D:\Assigment\2609\FYP\Project\AzureRender\src\editor\PanelDocumentView.hpp
注意: 包含文件:    ..\..\src\foundation/SettingRegistry.hpp
注意: 包含文件:    ..\..\src\extensions/ExtensionRegistry.hpp
注意: 包含文件:     D:\Assigment\2609\FYP\Project\AzureRender\src\extensions\ExtensionDescriptor.hpp
注意: 包含文件:     D:\Assigment\2609\FYP\Project\AzureRender\src\extensions\IAssetImporter.hpp
注意: 包含文件:     D:\Assigment\2609\FYP\Project\AzureRender\src\extensions\IRenderFeature.hpp
注意: 包含文件:     D:\Assigment\2609\FYP\Project\AzureRender\src\extensions\ISceneRenderer.hpp
注意: 包含文件:      ..\..\src\render/RenderGraph.hpp
注意: 包含文件:       ..\..\src\rhi/Rhi.hpp
注意: 包含文件:        ..\..\src\rhi/IGpuAllocator.hpp
注意: 包含文件:      D:\Visual Studio\2022\VC\Tools\MSVC\14.44.35207\include\sstream
注意: 包含文件:     ..\..\src\extensions/IEditorPanel.hpp
注意: 包含文件:     D:\Visual Studio\2022\VC\Tools\MSVC\14.44.35207\include\unordered_set
注意: 包含文件:    ..\..\src\editor/ai/ProposalController.hpp
注意: 包含文件:     D:\Assigment\2609\FYP\Project\AzureRender\src\editor\ai\ProposalContracts.hpp
注意: 包含文件:      ..\..\src\ai/ModelClient.hpp
注意: 包含文件:     D:\Assigment\2609\FYP\Project\AzureRender\src\editor\ai\ValidationPolicy.hpp
注意: 包含文件:    ..\..\src\editor/preview/DeveloperServices.hpp
注意: 包含文件:   ..\..\src\runtime/GameUi.hpp
注意: 包含文件:   D:\Assigment\2609\FYP\Project\AzureRender\src\editor\IEditorPanel.hpp
注意: 包含文件:   D:\Assigment\2609\FYP\Project\AzureRender\src\editor\EditorWorkspace.hpp
注意: 包含文件:  ..\..\src\editor/ui/Widgets.hpp
注意: 包含文件:   D:\Assigment\2609\FYP\Project\AzureRender\src\editor\ui\UiMetrics.hpp
注意: 包含文件:   D:\Assigment\2609\FYP\Project\AzureRender\src\editor\ui\ThemeTokens.hpp
注意: 包含文件:    ..\..\third_party\imgui\imgui.h
注意: 包含文件:     D:\Assigment\2609\FYP\Project\AzureRender\third_party\imgui\imconfig.h
注意: 包含文件:     D:\Visual Studio\2022\VC\Tools\MSVC\14.44.35207\include\stdarg.h
注意: 包含文件:     C:\Program Files (x86)\Windows Kits\10\include\10.0.26100.0\ucrt\assert.h
注意: 包含文件:  ..\..\src\editor/ui/UiScopes.hpp
注意: 包含文件:  ..\..\src\diagnostics/RuntimeDiagnostics.hpp
CapturePanel.cpp
注意: 包含文件:  ..\..\src\editor/ImGuiEditorLayer.hpp
注意: 包含文件:   D:\Assigment\2609\FYP\Project\AzureRender\src\editor\EditorCameraController.hpp
注意: 包含文件:    D:\Visual Studio\2022\VC\Tools\MSVC\14.44.35207\include\array
注意: 包含文件:     D:\Visual Studio\2022\VC\Tools\MSVC\14.44.35207\include\yvals_core.h
注意: 包含文件:      D:\Visual Studio\2022\VC\Tools\MSVC\14.44.35207\include\vcruntime.h
注意: 包含文件:       D:\Visual Studio\2022\VC\Tools\MSVC\14.44.35207\include\sal.h
注意: 包含文件:        D:\Visual Studio\2022\VC\Tools\MSVC\14.44.35207\include\concurrencysal.h
注意: 包含文件:       D:\Visual Studio\2022\VC\Tools\MSVC\14.44.35207\include\vadefs.h
注意: 包含文件:      D:\Visual Studio\2022\VC\Tools\MSVC\14.44.35207\include\xkeycheck.h
注意: 包含文件:     D:\Visual Studio\2022\VC\Tools\MSVC\14.44.35207\include\xutility
注意: 包含文件:      D:\Visual Studio\2022\VC\Tools\MSVC\14.44.35207\include\yvals.h
注意: 包含文件:       C:\Program Files (x86)\Windows Kits\10\include\10.0.26100.0\ucrt\crtdbg.h
注意: 包含文件:        C:\Program Files (x86)\Windows Kits\10\include\10.0.26100.0\ucrt\corecrt.h
注意: 包含文件:        D:\Visual Studio\2022\VC\Tools\MSVC\14.44.35207\include\vcruntime_new_debug.h
注意: 包含文件:         D:\Visual Studio\2022\VC\Tools\MSVC\14.44.35207\include\vcruntime_new.h
注意: 包含文件:       D:\Visual Studio\2022\VC\Tools\MSVC\14.44.35207\include\crtdefs.h
注意: 包含文件:       D:\Visual Studio\2022\VC\Tools\MSVC\14.44.35207\include\use_ansi.h
注意: 包含文件:      D:\Visual Studio\2022\VC\Tools\MSVC\14.44.35207\include\__msvc_iter_core.hpp
注意: 包含文件:       D:\Visual Studio\2022\VC\Tools\MSVC\14.44.35207\include\utility
注意: 包含文件:        D:\Visual Studio\2022\VC\Tools\MSVC\14.44.35207\include\initializer_list
注意: 包含文件:         D:\Visual Studio\2022\VC\Tools\MSVC\14.44.35207\include\cstddef
注意: 包含文件:          C:\Program Files (x86)\Windows Kits\10\include\10.0.26100.0\ucrt\stddef.h
注意: 包含文件:          D:\Visual Studio\2022\VC\Tools\MSVC\14.44.35207\include\xtr1common
注意: 包含文件:        D:\Visual Studio\2022\VC\Tools\MSVC\14.44.35207\include\type_traits
注意: 包含文件:         D:\Visual Studio\2022\VC\Tools\MSVC\14.44.35207\include\cstdint
注意: 包含文件:          D:\Visual Studio\2022\VC\Tools\MSVC\14.44.35207\include\stdint.h
注意: 包含文件:         D:\Visual Studio\2022\VC\Tools\MSVC\14.44.35207\include\cstring
注意: 包含文件:          C:\Program Files (x86)\Windows Kits\10\include\10.0.26100.0\ucrt\string.h
注意: 包含文件:           C:\Program Files (x86)\Windows Kits\10\include\10.0.26100.0\ucrt\corecrt_memory.h
注意: 包含文件:            C:\Program Files (x86)\Windows Kits\10\include\10.0.26100.0\ucrt\corecrt_memcpy_s.h
注意: 包含文件:             C:\Program Files (x86)\Windows Kits\10\include\10.0.26100.0\ucrt\errno.h
注意: 包含文件:             D:\Visual Studio\2022\VC\Tools\MSVC\14.44.35207\include\vcruntime_string.h
注意: 包含文件:           C:\Program Files (x86)\Windows Kits\10\include\10.0.26100.0\ucrt\corecrt_wstring.h
注意: 包含文件:      D:\Visual Studio\2022\VC\Tools\MSVC\14.44.35207\include\climits
注意: 包含文件:       D:\Visual Studio\2022\VC\Tools\MSVC\14.44.35207\include\limits.h
注意: 包含文件:      D:\Visual Studio\2022\VC\Tools\MSVC\14.44.35207\include\cstdlib
注意: 包含文件:       C:\Program Files (x86)\Windows Kits\10\include\10.0.26100.0\ucrt\math.h
注意: 包含文件:        C:\Program Files (x86)\Windows Kits\10\include\10.0.26100.0\ucrt\corecrt_math.h
注意: 包含文件:       C:\Program Files (x86)\Windows Kits\10\include\10.0.26100.0\ucrt\stdlib.h
注意: 包含文件:        C:\Program Files (x86)\Windows Kits\10\include\10.0.26100.0\ucrt\corecrt_malloc.h
注意: 包含文件:        C:\Program Files (x86)\Windows Kits\10\include\10.0.26100.0\ucrt\corecrt_search.h
注意: 包含文件:        C:\Program Files (x86)\Windows Kits\10\include\10.0.26100.0\ucrt\corecrt_wstdlib.h
注意: 包含文件:      D:\Visual Studio\2022\VC\Tools\MSVC\14.44.35207\include\cwchar
注意: 包含文件:       D:\Visual Studio\2022\VC\Tools\MSVC\14.44.35207\include\cstdio
注意: 包含文件:        C:\Program Files (x86)\Windows Kits\10\include\10.0.26100.0\ucrt\stdio.h
注意: 包含文件:         C:\Program Files (x86)\Windows Kits\10\include\10.0.26100.0\ucrt\corecrt_wstdio.h
注意: 包含文件:          C:\Program Files (x86)\Windows Kits\10\include\10.0.26100.0\ucrt\corecrt_stdio_config.h
注意: 包含文件:       C:\Program Files (x86)\Windows Kits\10\include\10.0.26100.0\ucrt\wchar.h
注意: 包含文件:        C:\Program Files (x86)\Windows Kits\10\include\10.0.26100.0\ucrt\corecrt_wconio.h
注意: 包含文件:        C:\Program Files (x86)\Windows Kits\10\include\10.0.26100.0\ucrt\corecrt_wctype.h
注意: 包含文件:        C:\Program Files (x86)\Windows Kits\10\include\10.0.26100.0\ucrt\corecrt_wdirect.h
注意: 包含文件:        C:\Program Files (x86)\Windows Kits\10\include\10.0.26100.0\ucrt\corecrt_wio.h
注意: 包含文件:         C:\Program Files (x86)\Windows Kits\10\include\10.0.26100.0\ucrt\corecrt_share.h
注意: 包含文件:        C:\Program Files (x86)\Windows Kits\10\include\10.0.26100.0\ucrt\corecrt_wprocess.h
注意: 包含文件:        C:\Program Files (x86)\Windows Kits\10\include\10.0.26100.0\ucrt\corecrt_wtime.h
注意: 包含文件:        C:\Program Files (x86)\Windows Kits\10\include\10.0.26100.0\ucrt\sys/stat.h
注意: 包含文件:         C:\Program Files (x86)\Windows Kits\10\include\10.0.26100.0\ucrt\sys/types.h
注意: 包含文件:        D:\Visual Studio\2022\VC\Tools\MSVC\14.44.35207\include\intrin.h
注意: 包含文件:         D:\Visual Studio\2022\VC\Tools\MSVC\14.44.35207\include\intrin0.inl.h
注意: 包含文件:         D:\Visual Studio\2022\VC\Tools\MSVC\14.44.35207\include\setjmp.h
注意: 包含文件:         D:\Visual Studio\2022\VC\Tools\MSVC\14.44.35207\include\immintrin.h
注意: 包含文件:          D:\Visual Studio\2022\VC\Tools\MSVC\14.44.35207\include\wmmintrin.h
注意: 包含文件:           D:\Visual Studio\2022\VC\Tools\MSVC\14.44.35207\include\nmmintrin.h
注意: 包含文件:            D:\Visual Studio\2022\VC\Tools\MSVC\14.44.35207\include\smmintrin.h
注意: 包含文件:             D:\Visual Studio\2022\VC\Tools\MSVC\14.44.35207\include\tmmintrin.h
注意: 包含文件:              D:\Visual Studio\2022\VC\Tools\MSVC\14.44.35207\include\pmmintrin.h
注意: 包含文件:               D:\Visual Studio\2022\VC\Tools\MSVC\14.44.35207\include\emmintrin.h
注意: 包含文件:                D:\Visual Studio\2022\VC\Tools\MSVC\14.44.35207\include\xmmintrin.h
注意: 包含文件:                 D:\Visual Studio\2022\VC\Tools\MSVC\14.44.35207\include\mmintrin.h
注意: 包含文件:                 C:\Program Files (x86)\Windows Kits\10\include\10.0.26100.0\ucrt\malloc.h
注意: 包含文件:          D:\Visual Studio\2022\VC\Tools\MSVC\14.44.35207\include\zmmintrin.h
注意: 包含文件:         D:\Visual Studio\2022\VC\Tools\MSVC\14.44.35207\include\ammintrin.h
注意: 包含文件:   D:\Assigment\2609\FYP\Project\AzureRender\src\editor\EditorSession.hpp
注意: 包含文件:    D:\Assigment\2609\FYP\Project\AzureRender\src\editor\EditorContext.hpp
注意: 包含文件:     D:\Assigment\2609\FYP\Project\AzureRender\src\editor\SceneModel.hpp
注意: 包含文件:      ..\..\src\runtime/SceneDocument.hpp
注意: 包含文件:       ..\..\src\render/RenderSettings.hpp
注意: 包含文件:        ..\..\src\extensions/SceneType.hpp
注意: 包含文件:         D:\Visual Studio\2022\VC\Tools\MSVC\14.44.35207\include\stdexcept
注意: 包含文件:          D:\Visual Studio\2022\VC\Tools\MSVC\14.44.35207\include\exception
注意: 包含文件:           D:\Visual Studio\2022\VC\Tools\MSVC\14.44.35207\include\vcruntime_exception.h
注意: 包含文件:            D:\Visual Studio\2022\VC\Tools\MSVC\14.44.35207\include\eh.h
注意: 包含文件:             C:\Program Files (x86)\Windows Kits\10\include\10.0.26100.0\ucrt\corecrt_terminate.h
注意: 包含文件:          D:\Visual Studio\2022\VC\Tools\MSVC\14.44.35207\include\xstring
注意: 包含文件:           D:\Visual Studio\2022\VC\Tools\MSVC\14.44.35207\include\__msvc_sanitizer_annotate_container.hpp
注意: 包含文件:           D:\Visual Studio\2022\VC\Tools\MSVC\14.44.35207\include\__msvc_string_view.hpp
注意: 包含文件:            D:\Visual Studio\2022\VC\Tools\MSVC\14.44.35207\include\iosfwd
注意: 包含文件:           D:\Visual Studio\2022\VC\Tools\MSVC\14.44.35207\include\xmemory
注意: 包含文件:            D:\Visual Studio\2022\VC\Tools\MSVC\14.44.35207\include\limits
注意: 包含文件:             D:\Visual Studio\2022\VC\Tools\MSVC\14.44.35207\include\cfloat
注意: 包含文件:              C:\Program Files (x86)\Windows Kits\10\include\10.0.26100.0\ucrt\float.h
注意: 包含文件:             D:\Visual Studio\2022\VC\Tools\MSVC\14.44.35207\include\intrin0.h
注意: 包含文件:            D:\Visual Studio\2022\VC\Tools\MSVC\14.44.35207\include\new
注意: 包含文件:            D:\Visual Studio\2022\VC\Tools\MSVC\14.44.35207\include\xatomic.h
注意: 包含文件:           D:\Visual Studio\2022\VC\Tools\MSVC\14.44.35207\include\xpolymorphic_allocator.h
注意: 包含文件:            D:\Visual Studio\2022\VC\Tools\MSVC\14.44.35207\include\tuple
注意: 包含文件:         D:\Visual Studio\2022\VC\Tools\MSVC\14.44.35207\include\string
注意: 包含文件:          D:\Visual Studio\2022\VC\Tools\MSVC\14.44.35207\include\cctype
注意: 包含文件:           C:\Program Files (x86)\Windows Kits\10\include\10.0.26100.0\ucrt\ctype.h
注意: 包含文件:         D:\Visual Studio\2022\VC\Tools\MSVC\14.44.35207\include\string_view
注意: 包含文件:        D:\Visual Studio\2022\VC\Tools\MSVC\14.44.35207\include\filesystem
注意: 包含文件:         D:\Visual Studio\2022\VC\Tools\MSVC\14.44.35207\include\algorithm
注意: 包含文件:          D:\Visual Studio\2022\VC\Tools\MSVC\14.44.35207\include\__msvc_heap_algorithms.hpp
注意: 包含文件:          D:\Visual Studio\2022\VC\Tools\MSVC\14.44.35207\include\__msvc_minmax.hpp
注意: 包含文件:         D:\Visual Studio\2022\VC\Tools\MSVC\14.44.35207\include\chrono
注意: 包含文件:          D:\Visual Studio\2022\VC\Tools\MSVC\14.44.35207\include\__msvc_chrono.hpp
注意: 包含文件:           D:\Visual Studio\2022\VC\Tools\MSVC\14.44.35207\include\ctime
注意: 包含文件:            C:\Program Files (x86)\Windows Kits\10\include\10.0.26100.0\ucrt\time.h
注意: 包含文件:           D:\Visual Studio\2022\VC\Tools\MSVC\14.44.35207\include\ratio
注意: 包含文件:           D:\Visual Studio\2022\VC\Tools\MSVC\14.44.35207\include\xtimec.h
注意: 包含文件:          D:\Visual Studio\2022\VC\Tools\MSVC\14.44.35207\include\system_error
注意: 包含文件:           D:\Visual Studio\2022\VC\Tools\MSVC\14.44.35207\include\__msvc_system_error_abi.hpp
注意: 包含文件:           D:\Visual Studio\2022\VC\Tools\MSVC\14.44.35207\include\cerrno
注意: 包含文件:           D:\Visual Studio\2022\VC\Tools\MSVC\14.44.35207\include\xcall_once.h
注意: 包含文件:           D:\Visual Studio\2022\VC\Tools\MSVC\14.44.35207\include\xerrc.h
注意: 包含文件:           D:\Visual Studio\2022\VC\Tools\MSVC\14.44.35207\include\atomic
注意: 包含文件:            D:\Visual Studio\2022\VC\Tools\MSVC\14.44.35207\include\xthreads.h
注意: 包含文件:             D:\Visual Studio\2022\VC\Tools\MSVC\14.44.35207\include\__msvc_threads_core.hpp
注意: 包含文件:          D:\Visual Studio\2022\VC\Tools\MSVC\14.44.35207\include\xfilesystem_abi.h
注意: 包含文件:         D:\Visual Studio\2022\VC\Tools\MSVC\14.44.35207\include\iomanip
注意: 包含文件:          D:\Visual Studio\2022\VC\Tools\MSVC\14.44.35207\include\istream
注意: 包含文件:           D:\Visual Studio\2022\VC\Tools\MSVC\14.44.35207\include\__msvc_ostream.hpp
注意: 包含文件:            D:\Visual Studio\2022\VC\Tools\MSVC\14.44.35207\include\ios
注意: 包含文件:             D:\Visual Studio\2022\VC\Tools\MSVC\14.44.35207\include\xlocnum
注意: 包含文件:              D:\Visual Studio\2022\VC\Tools\MSVC\14.44.35207\include\cmath
注意: 包含文件:              D:\Visual Studio\2022\VC\Tools\MSVC\14.44.35207\include\iterator
注意: 包含文件:              D:\Visual Studio\2022\VC\Tools\MSVC\14.44.35207\include\streambuf
注意: 包含文件:               D:\Visual Studio\2022\VC\Tools\MSVC\14.44.35207\include\xiosbase
注意: 包含文件:                C:\Program Files (x86)\Windows Kits\10\include\10.0.26100.0\ucrt\share.h
注意: 包含文件:                D:\Visual Studio\2022\VC\Tools\MSVC\14.44.35207\include\xlocale
注意: 包含文件:                 D:\Visual Studio\2022\VC\Tools\MSVC\14.44.35207\include\memory
注意: 包含文件:                  D:\Visual Studio\2022\VC\Tools\MSVC\14.44.35207\include\typeinfo
注意: 包含文件:                   D:\Visual Studio\2022\VC\Tools\MSVC\14.44.35207\include\vcruntime_typeinfo.h
注意: 包含文件:                 D:\Visual Studio\2022\VC\Tools\MSVC\14.44.35207\include\xfacet
注意: 包含文件:                 D:\Visual Studio\2022\VC\Tools\MSVC\14.44.35207\include\xlocinfo
注意: 包含文件:                  D:\Visual Studio\2022\VC\Tools\MSVC\14.44.35207\include\__msvc_xlocinfo_types.hpp
注意: 包含文件:                  D:\Visual Studio\2022\VC\Tools\MSVC\14.44.35207\include\clocale
注意: 包含文件:                   C:\Program Files (x86)\Windows Kits\10\include\10.0.26100.0\ucrt\locale.h
注意: 包含文件:          D:\Visual Studio\2022\VC\Tools\MSVC\14.44.35207\include\xlocmon
注意: 包含文件:          D:\Visual Studio\2022\VC\Tools\MSVC\14.44.35207\include\xloctime
注意: 包含文件:         D:\Visual Studio\2022\VC\Tools\MSVC\14.44.35207\include\locale
注意: 包含文件:          D:\Visual Studio\2022\VC\Tools\MSVC\14.44.35207\include\xlocbuf
注意: 包含文件:          D:\Visual Studio\2022\VC\Tools\MSVC\14.44.35207\include\xlocmes
注意: 包含文件:         D:\Visual Studio\2022\VC\Tools\MSVC\14.44.35207\include\vector
注意: 包含文件:          D:\Visual Studio\2022\VC\Tools\MSVC\14.44.35207\include\__msvc_bit_utils.hpp
注意: 包含文件:     ..\..\src\ecs/Components.hpp
注意: 包含文件:      D:\Assigment\2609\FYP\Project\AzureRender\src\ecs\Entity.hpp
注意: 包含文件:      ..\..\src\reflection/Annotations.hpp
注意: 包含文件:     ..\..\src\ecs/World.hpp
注意: 包含文件:      D:\Assigment\2609\FYP\Project\AzureRender\src\ecs\ComponentArray.hpp
注意: 包含文件:       D:\Assigment\2609\FYP\Project\AzureRender\src\ecs\IComponentArray.hpp
注意: 包含文件:      D:\Visual Studio\2022\VC\Tools\MSVC\14.44.35207\include\functional
注意: 包含文件:       D:\Visual Studio\2022\VC\Tools\MSVC\14.44.35207\include\unordered_map
注意: 包含文件:        D:\Visual Studio\2022\VC\Tools\MSVC\14.44.35207\include\xhash
注意: 包含文件:         D:\Visual Studio\2022\VC\Tools\MSVC\14.44.35207\include\list
注意: 包含文件:         D:\Visual Studio\2022\VC\Tools\MSVC\14.44.35207\include\xbit_ops.h
注意: 包含文件:         D:\Visual Studio\2022\VC\Tools\MSVC\14.44.35207\include\xnode_handle.h
注意: 包含文件:      D:\Visual Studio\2022\VC\Tools\MSVC\14.44.35207\include\typeindex
注意: 包含文件:     ..\..\src\runtime/AssetDatabase.hpp
注意: 包含文件:      ..\..\src\runtime/Project.hpp
注意: 包含文件:       D:\Visual Studio\2022\VC\Tools\MSVC\14.44.35207\include\map
注意: 包含文件:        D:\Visual Studio\2022\VC\Tools\MSVC\14.44.35207\include\xtree
注意: 包含文件:       vcpkg_installed\x64-windows\include\nlohmann/json.hpp
注意: 包含文件:        vcpkg_installed\x64-windows\include\nlohmann/adl_serializer.hpp
注意: 包含文件:         vcpkg_installed\x64-windows\include\nlohmann/detail/abi_macros.hpp
注意: 包含文件:         vcpkg_installed\x64-windows\include\nlohmann/detail/conversions/from_json.hpp
注意: 包含文件:          D:\Visual Studio\2022\VC\Tools\MSVC\14.44.35207\include\forward_list
注意: 包含文件:          D:\Visual Studio\2022\VC\Tools\MSVC\14.44.35207\include\valarray
注意: 包含文件:          vcpkg_installed\x64-windows\include\nlohmann/detail/exceptions.hpp
注意: 包含文件:           vcpkg_installed\x64-windows\include\nlohmann/detail/value_t.hpp
注意: 包含文件:            vcpkg_installed\x64-windows\include\nlohmann/detail/macro_scope.hpp
注意: 包含文件:             vcpkg_installed\x64-windows\include\nlohmann/detail/meta/detected.hpp
注意: 包含文件:              vcpkg_installed\x64-windows\include\nlohmann/detail/meta/void_t.hpp
注意: 包含文件:             vcpkg_installed\x64-windows\include\nlohmann/thirdparty/hedley/hedley.hpp
注意: 包含文件:             D:\Visual Studio\2022\VC\Tools\MSVC\14.44.35207\include\version
注意: 包含文件:             D:\Visual Studio\2022\VC\Tools\MSVC\14.44.35207\include\cassert
注意: 包含文件:              C:\Program Files (x86)\Windows Kits\10\include\10.0.26100.0\ucrt\assert.h
注意: 包含文件:           vcpkg_installed\x64-windows\include\nlohmann/detail/string_escape.hpp
注意: 包含文件:           vcpkg_installed\x64-windows\include\nlohmann/detail/input/position_t.hpp
注意: 包含文件:           vcpkg_installed\x64-windows\include\nlohmann/detail/meta/cpp_future.hpp
注意: 包含文件:           vcpkg_installed\x64-windows\include\nlohmann/detail/meta/type_traits.hpp
注意: 包含文件:            vcpkg_installed\x64-windows\include\nlohmann/detail/iterators/iterator_traits.hpp
注意: 包含文件:            vcpkg_installed\x64-windows\include\nlohmann/detail/meta/call_std/begin.hpp
注意: 包含文件:            vcpkg_installed\x64-windows\include\nlohmann/detail/meta/call_std/end.hpp
注意: 包含文件:            vcpkg_installed\x64-windows\include\nlohmann/json_fwd.hpp
注意: 包含文件:           vcpkg_installed\x64-windows\include\nlohmann/detail/string_concat.hpp
注意: 包含文件:          vcpkg_installed\x64-windows\include\nlohmann/detail/meta/identity_tag.hpp
注意: 包含文件:          vcpkg_installed\x64-windows\include\nlohmann/detail/meta/std_fs.hpp
注意: 包含文件:          D:\Visual Studio\2022\VC\Tools\MSVC\14.44.35207\include\optional
注意: 包含文件:           D:\Visual Studio\2022\VC\Tools\MSVC\14.44.35207\include\xsmf_control.h
注意: 包含文件:         vcpkg_installed\x64-windows\include\nlohmann/detail/conversions/to_json.hpp
注意: 包含文件:          vcpkg_installed\x64-windows\include\nlohmann/detail/iterators/iteration_proxy.hpp
注意: 包含文件:           vcpkg_installed\x64-windows\include\nlohmann/detail/string_utils.hpp
注意: 包含文件:        vcpkg_installed\x64-windows\include\nlohmann/byte_container_with_subtype.hpp
注意: 包含文件:        vcpkg_installed\x64-windows\include\nlohmann/detail/hash.hpp
注意: 包含文件:        vcpkg_installed\x64-windows\include\nlohmann/detail/input/binary_reader.hpp
注意: 包含文件:         vcpkg_installed\x64-windows\include\nlohmann/detail/input/input_adapters.hpp
注意: 包含文件:          D:\Visual Studio\2022\VC\Tools\MSVC\14.44.35207\include\numeric
注意: 包含文件:         vcpkg_installed\x64-windows\include\nlohmann/detail/input/json_sax.hpp
注意: 包含文件:          vcpkg_installed\x64-windows\include\nlohmann/detail/input/lexer.hpp
注意: 包含文件:         vcpkg_installed\x64-windows\include\nlohmann/detail/meta/is_sax.hpp
注意: 包含文件:        vcpkg_installed\x64-windows\include\nlohmann/detail/input/parser.hpp
注意: 包含文件:        vcpkg_installed\x64-windows\include\nlohmann/detail/iterators/internal_iterator.hpp
注意: 包含文件:         vcpkg_installed\x64-windows\include\nlohmann/detail/iterators/primitive_iterator.hpp
注意: 包含文件:        vcpkg_installed\x64-windows\include\nlohmann/detail/iterators/iter_impl.hpp
注意: 包含文件:        vcpkg_installed\x64-windows\include\nlohmann/detail/iterators/json_reverse_iterator.hpp
注意: 包含文件:        vcpkg_installed\x64-windows\include\nlohmann/detail/json_custom_base_class.hpp
注意: 包含文件:        vcpkg_installed\x64-windows\include\nlohmann/detail/json_pointer.hpp
注意: 包含文件:        vcpkg_installed\x64-windows\include\nlohmann/detail/json_ref.hpp
注意: 包含文件:        vcpkg_installed\x64-windows\include\nlohmann/detail/output/binary_writer.hpp
注意: 包含文件:         vcpkg_installed\x64-windows\include\nlohmann/detail/output/output_adapters.hpp
注意: 包含文件:          D:\Visual Studio\2022\VC\Tools\MSVC\14.44.35207\include\ostream
注意: 包含文件:        vcpkg_installed\x64-windows\include\nlohmann/detail/output/serializer.hpp
注意: 包含文件:         vcpkg_installed\x64-windows\include\nlohmann/detail/conversions/to_chars.hpp
注意: 包含文件:        vcpkg_installed\x64-windows\include\nlohmann/ordered_map.hpp
注意: 包含文件:        D:\Visual Studio\2022\VC\Tools\MSVC\14.44.35207\include\any
注意: 包含文件:        vcpkg_installed\x64-windows\include\nlohmann/detail/macro_unscope.hpp
注意: 包含文件:         vcpkg_installed\x64-windows\include\nlohmann/thirdparty/hedley/hedley_undef.hpp
注意: 包含文件:      ..\..\src\assets/GeneratorRegistry.hpp
注意: 包含文件:       ..\..\src\assets/GenerationManifest.hpp
注意: 包含文件:     ..\..\src\runtime/Level.hpp
注意: 包含文件:      ..\..\src\runtime/ComponentCodec.hpp
注意: 包含文件:       ..\..\src\runtime/ComponentRegistry.hpp
注意: 包含文件:        ..\..\src\reflection/Registry.hpp
注意: 包含文件:      ..\..\src\assets/GltfLoader.hpp
注意: 包含文件:     ..\..\src\runtime/PresentationRuntime.hpp
注意: 包含文件:      ..\..\src\runtime/AnimationStateMachine.hpp
注意: 包含文件:      ..\..\src\runtime/AudioRuntime.hpp
注意: 包含文件:      ..\..\src\runtime/RuntimeLifecycle.hpp
注意: 包含文件:       D:\Visual Studio\2022\VC\Tools\MSVC\14.44.35207\include\set
注意: 包含文件:      ..\..\src\runtime/GameComponents.hpp
注意: 包含文件:       ..\..\src\ecs/GameComponents.hpp
注意: 包含文件:      ..\..\src\render/RenderContext.hpp
注意: 包含文件:       C:\VulkanSDK\1.4.350.0\include\vulkan/vulkan.h
注意: 包含文件:        C:\VulkanSDK\1.4.350.0\include\vulkan\vk_platform.h
注意: 包含文件:        C:\VulkanSDK\1.4.350.0\include\vulkan\vulkan_core.h
注意: 包含文件:         C:\VulkanSDK\1.4.350.0\include\vk_video/vulkan_video_codec_h264std.h
注意: 包含文件:          C:\VulkanSDK\1.4.350.0\include\vk_video\vulkan_video_codecs_common.h
注意: 包含文件:         C:\VulkanSDK\1.4.350.0\include\vk_video/vulkan_video_codec_h264std_encode.h
注意: 包含文件:         C:\VulkanSDK\1.4.350.0\include\vk_video/vulkan_video_codec_h265std.h
注意: 包含文件:         C:\VulkanSDK\1.4.350.0\include\vk_video/vulkan_video_codec_h265std_encode.h
注意: 包含文件:         C:\VulkanSDK\1.4.350.0\include\vk_video/vulkan_video_codec_h264std_decode.h
注意: 包含文件:         C:\VulkanSDK\1.4.350.0\include\vk_video/vulkan_video_codec_h265std_decode.h
注意: 包含文件:         C:\VulkanSDK\1.4.350.0\include\vk_video/vulkan_video_codec_av1std.h
注意: 包含文件:         C:\VulkanSDK\1.4.350.0\include\vk_video/vulkan_video_codec_av1std_decode.h
注意: 包含文件:         C:\VulkanSDK\1.4.350.0\include\vk_video/vulkan_video_codec_av1std_encode.h
注意: 包含文件:         C:\VulkanSDK\1.4.350.0\include\vk_video/vulkan_video_codec_vp9std.h
注意: 包含文件:         C:\VulkanSDK\1.4.350.0\include\vk_video/vulkan_video_codec_vp9std_decode.h
注意: 包含文件:       ..\..\src\render/EnvironmentAsset.hpp
注意: 包含文件:       ..\..\src\scene/SceneDescription.hpp
注意: 包含文件:        ..\..\src\scene/TransformMath.hpp
注意: 包含文件:         ..\..\src\render/RenderMath.hpp
注意: 包含文件:     ..\..\src\editor/commands/DocumentVersion.hpp
注意: 包含文件:    ..\..\src\editor/GameBuildJob.hpp
注意: 包含文件:     D:\Visual Studio\2022\VC\Tools\MSVC\14.44.35207\include\future
注意: 包含文件:      D:\Visual Studio\2022\VC\Tools\MSVC\14.44.35207\include\condition_variable
注意: 包含文件:       D:\Visual Studio\2022\VC\Tools\MSVC\14.44.35207\include\mutex
注意: 包含文件:        D:\Visual Studio\2022\VC\Tools\MSVC\14.44.35207\include\thread
注意: 包含文件:         C:\Program Files (x86)\Windows Kits\10\include\10.0.26100.0\ucrt\process.h
注意: 包含文件:          C:\Program Files (x86)\Windows Kits\10\include\10.0.26100.0\ucrt\corecrt_startup.h
注意: 包含文件:           C:\Program Files (x86)\Windows Kits\10\include\10.0.26100.0\ucrt\math.h
注意: 包含文件:           D:\Visual Studio\2022\VC\Tools\MSVC\14.44.35207\include\vcruntime_startup.h
注意: 包含文件:      D:\Visual Studio\2022\VC\Tools\MSVC\14.44.35207\include\ppltasks.h
注意: 包含文件:       D:\Visual Studio\2022\VC\Tools\MSVC\14.44.35207\include\pplwin.h
注意: 包含文件:        D:\Visual Studio\2022\VC\Tools\MSVC\14.44.35207\include\pplinterface.h
注意: 包含文件:        D:\Visual Studio\2022\VC\Tools\MSVC\14.44.35207\include\ppltaskscheduler.h
注意: 包含文件:         D:\Visual Studio\2022\VC\Tools\MSVC\14.44.35207\include\crtdefs.h
注意: 包含文件:        D:\Visual Studio\2022\VC\Tools\MSVC\14.44.35207\include\pplcancellation_token.h
注意: 包含文件:    ..\..\src\runtime/GameRuntime.hpp
注意: 包含文件:     ..\..\src\runtime/InputActions.hpp
注意: 包含文件:      ..\..\src\runtime/GameplayKeys.hpp
注意: 包含文件:     ..\..\src\runtime/PhysicsWorld.hpp
注意: 包含文件:     ..\..\src\runtime/ThirdPersonCamera.hpp
注意: 包含文件:     ..\..\src\runtime/InteractionRuntime.hpp
注意: 包含文件:     ..\..\src\runtime/SystemRegistry.hpp
注意: 包含文件:      ..\..\src\runtime/IRuntimeSystem.hpp
注意: 包含文件:    ..\..\src\runtime/LevelSession.hpp
注意: 包含文件:    ..\..\src\runtime/ScriptRuntime.hpp
注意: 包含文件:    ..\..\src\editor/commands/EditService.hpp
注意: 包含文件:     ..\..\src\editor/commands/EditRegistry.hpp
注意: 包含文件:      ..\..\src\editor/commands/EditContracts.hpp
注意: 包含文件:    ..\..\src\editor/PanelContext.hpp
注意: 包含文件:     D:\Assigment\2609\FYP\Project\AzureRender\src\editor\SelectionService.hpp
注意: 包含文件:     D:\Assigment\2609\FYP\Project\AzureRender\src\editor\PanelDocumentView.hpp
注意: 包含文件:    ..\..\src\foundation/SettingRegistry.hpp
注意: 包含文件:    ..\..\src\extensions/ExtensionRegistry.hpp
注意: 包含文件:     D:\Assigment\2609\FYP\Project\AzureRender\src\extensions\ExtensionDescriptor.hpp
注意: 包含文件:     D:\Assigment\2609\FYP\Project\AzureRender\src\extensions\IAssetImporter.hpp
注意: 包含文件:     D:\Assigment\2609\FYP\Project\AzureRender\src\extensions\IRenderFeature.hpp
注意: 包含文件:     D:\Assigment\2609\FYP\Project\AzureRender\src\extensions\ISceneRenderer.hpp
注意: 包含文件:      ..\..\src\render/RenderGraph.hpp
注意: 包含文件:       ..\..\src\rhi/Rhi.hpp
注意: 包含文件:        ..\..\src\rhi/IGpuAllocator.hpp
注意: 包含文件:      D:\Visual Studio\2022\VC\Tools\MSVC\14.44.35207\include\sstream
注意: 包含文件:     ..\..\src\extensions/IEditorPanel.hpp
注意: 包含文件:     D:\Visual Studio\2022\VC\Tools\MSVC\14.44.35207\include\unordered_set
注意: 包含文件:    ..\..\src\editor/ai/ProposalController.hpp
注意: 包含文件:     D:\Assigment\2609\FYP\Project\AzureRender\src\editor\ai\ProposalContracts.hpp
注意: 包含文件:      ..\..\src\ai/ModelClient.hpp
注意: 包含文件:     D:\Assigment\2609\FYP\Project\AzureRender\src\editor\ai\ValidationPolicy.hpp
注意: 包含文件:    ..\..\src\editor/preview/DeveloperServices.hpp
注意: 包含文件:   ..\..\src\runtime/GameUi.hpp
注意: 包含文件:   D:\Assigment\2609\FYP\Project\AzureRender\src\editor\IEditorPanel.hpp
注意: 包含文件:   D:\Assigment\2609\FYP\Project\AzureRender\src\editor\EditorWorkspace.hpp
注意: 包含文件:  ..\..\src\editor/ui/Widgets.hpp
注意: 包含文件:   D:\Assigment\2609\FYP\Project\AzureRender\src\editor\ui\UiMetrics.hpp
注意: 包含文件:   D:\Assigment\2609\FYP\Project\AzureRender\src\editor\ui\ThemeTokens.hpp
注意: 包含文件:    ..\..\third_party\imgui\imgui.h
注意: 包含文件:     D:\Assigment\2609\FYP\Project\AzureRender\third_party\imgui\imconfig.h
注意: 包含文件:     D:\Visual Studio\2022\VC\Tools\MSVC\14.44.35207\include\stdarg.h
注意: 包含文件:     C:\Program Files (x86)\Windows Kits\10\include\10.0.26100.0\ucrt\assert.h
注意: 包含文件:  ..\..\src\editor/ui/UiScopes.hpp
注意: 包含文件:  ..\..\src\diagnostics/RuntimeDiagnostics.hpp
ConsolePanel.cpp
注意: 包含文件:  ..\..\src\editor/ImGuiEditorLayer.hpp
注意: 包含文件:   D:\Assigment\2609\FYP\Project\AzureRender\src\editor\EditorCameraController.hpp
注意: 包含文件:    D:\Visual Studio\2022\VC\Tools\MSVC\14.44.35207\include\array
注意: 包含文件:     D:\Visual Studio\2022\VC\Tools\MSVC\14.44.35207\include\yvals_core.h
注意: 包含文件:      D:\Visual Studio\2022\VC\Tools\MSVC\14.44.35207\include\vcruntime.h
注意: 包含文件:       D:\Visual Studio\2022\VC\Tools\MSVC\14.44.35207\include\sal.h
注意: 包含文件:        D:\Visual Studio\2022\VC\Tools\MSVC\14.44.35207\include\concurrencysal.h
注意: 包含文件:       D:\Visual Studio\2022\VC\Tools\MSVC\14.44.35207\include\vadefs.h
注意: 包含文件:      D:\Visual Studio\2022\VC\Tools\MSVC\14.44.35207\include\xkeycheck.h
注意: 包含文件:     D:\Visual Studio\2022\VC\Tools\MSVC\14.44.35207\include\xutility
注意: 包含文件:      D:\Visual Studio\2022\VC\Tools\MSVC\14.44.35207\include\yvals.h
注意: 包含文件:       C:\Program Files (x86)\Windows Kits\10\include\10.0.26100.0\ucrt\crtdbg.h
注意: 包含文件:        C:\Program Files (x86)\Windows Kits\10\include\10.0.26100.0\ucrt\corecrt.h
注意: 包含文件:        D:\Visual Studio\2022\VC\Tools\MSVC\14.44.35207\include\vcruntime_new_debug.h
注意: 包含文件:         D:\Visual Studio\2022\VC\Tools\MSVC\14.44.35207\include\vcruntime_new.h
注意: 包含文件:       D:\Visual Studio\2022\VC\Tools\MSVC\14.44.35207\include\crtdefs.h
注意: 包含文件:       D:\Visual Studio\2022\VC\Tools\MSVC\14.44.35207\include\use_ansi.h
注意: 包含文件:      D:\Visual Studio\2022\VC\Tools\MSVC\14.44.35207\include\__msvc_iter_core.hpp
注意: 包含文件:       D:\Visual Studio\2022\VC\Tools\MSVC\14.44.35207\include\utility
注意: 包含文件:        D:\Visual Studio\2022\VC\Tools\MSVC\14.44.35207\include\initializer_list
注意: 包含文件:         D:\Visual Studio\2022\VC\Tools\MSVC\14.44.35207\include\cstddef
注意: 包含文件:          C:\Program Files (x86)\Windows Kits\10\include\10.0.26100.0\ucrt\stddef.h
注意: 包含文件:          D:\Visual Studio\2022\VC\Tools\MSVC\14.44.35207\include\xtr1common
注意: 包含文件:        D:\Visual Studio\2022\VC\Tools\MSVC\14.44.35207\include\type_traits
注意: 包含文件:         D:\Visual Studio\2022\VC\Tools\MSVC\14.44.35207\include\cstdint
注意: 包含文件:          D:\Visual Studio\2022\VC\Tools\MSVC\14.44.35207\include\stdint.h
注意: 包含文件:         D:\Visual Studio\2022\VC\Tools\MSVC\14.44.35207\include\cstring
注意: 包含文件:          C:\Program Files (x86)\Windows Kits\10\include\10.0.26100.0\ucrt\string.h
注意: 包含文件:           C:\Program Files (x86)\Windows Kits\10\include\10.0.26100.0\ucrt\corecrt_memory.h
注意: 包含文件:            C:\Program Files (x86)\Windows Kits\10\include\10.0.26100.0\ucrt\corecrt_memcpy_s.h
注意: 包含文件:             C:\Program Files (x86)\Windows Kits\10\include\10.0.26100.0\ucrt\errno.h
注意: 包含文件:             D:\Visual Studio\2022\VC\Tools\MSVC\14.44.35207\include\vcruntime_string.h
注意: 包含文件:           C:\Program Files (x86)\Windows Kits\10\include\10.0.26100.0\ucrt\corecrt_wstring.h
注意: 包含文件:      D:\Visual Studio\2022\VC\Tools\MSVC\14.44.35207\include\climits
注意: 包含文件:       D:\Visual Studio\2022\VC\Tools\MSVC\14.44.35207\include\limits.h
注意: 包含文件:      D:\Visual Studio\2022\VC\Tools\MSVC\14.44.35207\include\cstdlib
注意: 包含文件:       C:\Program Files (x86)\Windows Kits\10\include\10.0.26100.0\ucrt\math.h
注意: 包含文件:        C:\Program Files (x86)\Windows Kits\10\include\10.0.26100.0\ucrt\corecrt_math.h
注意: 包含文件:       C:\Program Files (x86)\Windows Kits\10\include\10.0.26100.0\ucrt\stdlib.h
注意: 包含文件:        C:\Program Files (x86)\Windows Kits\10\include\10.0.26100.0\ucrt\corecrt_malloc.h
注意: 包含文件:        C:\Program Files (x86)\Windows Kits\10\include\10.0.26100.0\ucrt\corecrt_search.h
注意: 包含文件:        C:\Program Files (x86)\Windows Kits\10\include\10.0.26100.0\ucrt\corecrt_wstdlib.h
注意: 包含文件:      D:\Visual Studio\2022\VC\Tools\MSVC\14.44.35207\include\cwchar
注意: 包含文件:       D:\Visual Studio\2022\VC\Tools\MSVC\14.44.35207\include\cstdio
注意: 包含文件:        C:\Program Files (x86)\Windows Kits\10\include\10.0.26100.0\ucrt\stdio.h
注意: 包含文件:         C:\Program Files (x86)\Windows Kits\10\include\10.0.26100.0\ucrt\corecrt_wstdio.h
注意: 包含文件:          C:\Program Files (x86)\Windows Kits\10\include\10.0.26100.0\ucrt\corecrt_stdio_config.h
注意: 包含文件:       C:\Program Files (x86)\Windows Kits\10\include\10.0.26100.0\ucrt\wchar.h
注意: 包含文件:        C:\Program Files (x86)\Windows Kits\10\include\10.0.26100.0\ucrt\corecrt_wconio.h
注意: 包含文件:        C:\Program Files (x86)\Windows Kits\10\include\10.0.26100.0\ucrt\corecrt_wctype.h
注意: 包含文件:        C:\Program Files (x86)\Windows Kits\10\include\10.0.26100.0\ucrt\corecrt_wdirect.h
注意: 包含文件:        C:\Program Files (x86)\Windows Kits\10\include\10.0.26100.0\ucrt\corecrt_wio.h
注意: 包含文件:         C:\Program Files (x86)\Windows Kits\10\include\10.0.26100.0\ucrt\corecrt_share.h
注意: 包含文件:        C:\Program Files (x86)\Windows Kits\10\include\10.0.26100.0\ucrt\corecrt_wprocess.h
注意: 包含文件:        C:\Program Files (x86)\Windows Kits\10\include\10.0.26100.0\ucrt\corecrt_wtime.h
注意: 包含文件:        C:\Program Files (x86)\Windows Kits\10\include\10.0.26100.0\ucrt\sys/stat.h
注意: 包含文件:         C:\Program Files (x86)\Windows Kits\10\include\10.0.26100.0\ucrt\sys/types.h
注意: 包含文件:        D:\Visual Studio\2022\VC\Tools\MSVC\14.44.35207\include\intrin.h
注意: 包含文件:         D:\Visual Studio\2022\VC\Tools\MSVC\14.44.35207\include\intrin0.inl.h
注意: 包含文件:         D:\Visual Studio\2022\VC\Tools\MSVC\14.44.35207\include\setjmp.h
注意: 包含文件:         D:\Visual Studio\2022\VC\Tools\MSVC\14.44.35207\include\immintrin.h
注意: 包含文件:          D:\Visual Studio\2022\VC\Tools\MSVC\14.44.35207\include\wmmintrin.h
注意: 包含文件:           D:\Visual Studio\2022\VC\Tools\MSVC\14.44.35207\include\nmmintrin.h
注意: 包含文件:            D:\Visual Studio\2022\VC\Tools\MSVC\14.44.35207\include\smmintrin.h
注意: 包含文件:             D:\Visual Studio\2022\VC\Tools\MSVC\14.44.35207\include\tmmintrin.h
注意: 包含文件:              D:\Visual Studio\2022\VC\Tools\MSVC\14.44.35207\include\pmmintrin.h
注意: 包含文件:               D:\Visual Studio\2022\VC\Tools\MSVC\14.44.35207\include\emmintrin.h
注意: 包含文件:                D:\Visual Studio\2022\VC\Tools\MSVC\14.44.35207\include\xmmintrin.h
注意: 包含文件:                 D:\Visual Studio\2022\VC\Tools\MSVC\14.44.35207\include\mmintrin.h
注意: 包含文件:                 C:\Program Files (x86)\Windows Kits\10\include\10.0.26100.0\ucrt\malloc.h
注意: 包含文件:          D:\Visual Studio\2022\VC\Tools\MSVC\14.44.35207\include\zmmintrin.h
注意: 包含文件:         D:\Visual Studio\2022\VC\Tools\MSVC\14.44.35207\include\ammintrin.h
注意: 包含文件:   D:\Assigment\2609\FYP\Project\AzureRender\src\editor\EditorSession.hpp
注意: 包含文件:    D:\Assigment\2609\FYP\Project\AzureRender\src\editor\EditorContext.hpp
注意: 包含文件:     D:\Assigment\2609\FYP\Project\AzureRender\src\editor\SceneModel.hpp
注意: 包含文件:      ..\..\src\runtime/SceneDocument.hpp
注意: 包含文件:       ..\..\src\render/RenderSettings.hpp
注意: 包含文件:        ..\..\src\extensions/SceneType.hpp
注意: 包含文件:         D:\Visual Studio\2022\VC\Tools\MSVC\14.44.35207\include\stdexcept
注意: 包含文件:          D:\Visual Studio\2022\VC\Tools\MSVC\14.44.35207\include\exception
注意: 包含文件:           D:\Visual Studio\2022\VC\Tools\MSVC\14.44.35207\include\vcruntime_exception.h
注意: 包含文件:            D:\Visual Studio\2022\VC\Tools\MSVC\14.44.35207\include\eh.h
注意: 包含文件:             C:\Program Files (x86)\Windows Kits\10\include\10.0.26100.0\ucrt\corecrt_terminate.h
注意: 包含文件:          D:\Visual Studio\2022\VC\Tools\MSVC\14.44.35207\include\xstring
注意: 包含文件:           D:\Visual Studio\2022\VC\Tools\MSVC\14.44.35207\include\__msvc_sanitizer_annotate_container.hpp
注意: 包含文件:           D:\Visual Studio\2022\VC\Tools\MSVC\14.44.35207\include\__msvc_string_view.hpp
注意: 包含文件:            D:\Visual Studio\2022\VC\Tools\MSVC\14.44.35207\include\iosfwd
注意: 包含文件:           D:\Visual Studio\2022\VC\Tools\MSVC\14.44.35207\include\xmemory
注意: 包含文件:            D:\Visual Studio\2022\VC\Tools\MSVC\14.44.35207\include\limits
注意: 包含文件:             D:\Visual Studio\2022\VC\Tools\MSVC\14.44.35207\include\cfloat
注意: 包含文件:              C:\Program Files (x86)\Windows Kits\10\include\10.0.26100.0\ucrt\float.h
注意: 包含文件:             D:\Visual Studio\2022\VC\Tools\MSVC\14.44.35207\include\intrin0.h
注意: 包含文件:            D:\Visual Studio\2022\VC\Tools\MSVC\14.44.35207\include\new
注意: 包含文件:            D:\Visual Studio\2022\VC\Tools\MSVC\14.44.35207\include\xatomic.h
注意: 包含文件:           D:\Visual Studio\2022\VC\Tools\MSVC\14.44.35207\include\xpolymorphic_allocator.h
注意: 包含文件:            D:\Visual Studio\2022\VC\Tools\MSVC\14.44.35207\include\tuple
注意: 包含文件:         D:\Visual Studio\2022\VC\Tools\MSVC\14.44.35207\include\string
注意: 包含文件:          D:\Visual Studio\2022\VC\Tools\MSVC\14.44.35207\include\cctype
注意: 包含文件:           C:\Program Files (x86)\Windows Kits\10\include\10.0.26100.0\ucrt\ctype.h
注意: 包含文件:         D:\Visual Studio\2022\VC\Tools\MSVC\14.44.35207\include\string_view
注意: 包含文件:        D:\Visual Studio\2022\VC\Tools\MSVC\14.44.35207\include\filesystem
注意: 包含文件:         D:\Visual Studio\2022\VC\Tools\MSVC\14.44.35207\include\algorithm
注意: 包含文件:          D:\Visual Studio\2022\VC\Tools\MSVC\14.44.35207\include\__msvc_heap_algorithms.hpp
注意: 包含文件:          D:\Visual Studio\2022\VC\Tools\MSVC\14.44.35207\include\__msvc_minmax.hpp
注意: 包含文件:         D:\Visual Studio\2022\VC\Tools\MSVC\14.44.35207\include\chrono
注意: 包含文件:          D:\Visual Studio\2022\VC\Tools\MSVC\14.44.35207\include\__msvc_chrono.hpp
注意: 包含文件:           D:\Visual Studio\2022\VC\Tools\MSVC\14.44.35207\include\ctime
注意: 包含文件:            C:\Program Files (x86)\Windows Kits\10\include\10.0.26100.0\ucrt\time.h
注意: 包含文件:           D:\Visual Studio\2022\VC\Tools\MSVC\14.44.35207\include\ratio
注意: 包含文件:           D:\Visual Studio\2022\VC\Tools\MSVC\14.44.35207\include\xtimec.h
注意: 包含文件:          D:\Visual Studio\2022\VC\Tools\MSVC\14.44.35207\include\system_error
注意: 包含文件:           D:\Visual Studio\2022\VC\Tools\MSVC\14.44.35207\include\__msvc_system_error_abi.hpp
注意: 包含文件:           D:\Visual Studio\2022\VC\Tools\MSVC\14.44.35207\include\cerrno
注意: 包含文件:           D:\Visual Studio\2022\VC\Tools\MSVC\14.44.35207\include\xcall_once.h
注意: 包含文件:           D:\Visual Studio\2022\VC\Tools\MSVC\14.44.35207\include\xerrc.h
注意: 包含文件:           D:\Visual Studio\2022\VC\Tools\MSVC\14.44.35207\include\atomic
注意: 包含文件:            D:\Visual Studio\2022\VC\Tools\MSVC\14.44.35207\include\xthreads.h
注意: 包含文件:             D:\Visual Studio\2022\VC\Tools\MSVC\14.44.35207\include\__msvc_threads_core.hpp
注意: 包含文件:          D:\Visual Studio\2022\VC\Tools\MSVC\14.44.35207\include\xfilesystem_abi.h
注意: 包含文件:         D:\Visual Studio\2022\VC\Tools\MSVC\14.44.35207\include\iomanip
注意: 包含文件:          D:\Visual Studio\2022\VC\Tools\MSVC\14.44.35207\include\istream
注意: 包含文件:           D:\Visual Studio\2022\VC\Tools\MSVC\14.44.35207\include\__msvc_ostream.hpp
注意: 包含文件:            D:\Visual Studio\2022\VC\Tools\MSVC\14.44.35207\include\ios
注意: 包含文件:             D:\Visual Studio\2022\VC\Tools\MSVC\14.44.35207\include\xlocnum
注意: 包含文件:              D:\Visual Studio\2022\VC\Tools\MSVC\14.44.35207\include\cmath
注意: 包含文件:              D:\Visual Studio\2022\VC\Tools\MSVC\14.44.35207\include\iterator
注意: 包含文件:              D:\Visual Studio\2022\VC\Tools\MSVC\14.44.35207\include\streambuf
注意: 包含文件:               D:\Visual Studio\2022\VC\Tools\MSVC\14.44.35207\include\xiosbase
注意: 包含文件:                C:\Program Files (x86)\Windows Kits\10\include\10.0.26100.0\ucrt\share.h
注意: 包含文件:                D:\Visual Studio\2022\VC\Tools\MSVC\14.44.35207\include\xlocale
注意: 包含文件:                 D:\Visual Studio\2022\VC\Tools\MSVC\14.44.35207\include\memory
注意: 包含文件:                  D:\Visual Studio\2022\VC\Tools\MSVC\14.44.35207\include\typeinfo
注意: 包含文件:                   D:\Visual Studio\2022\VC\Tools\MSVC\14.44.35207\include\vcruntime_typeinfo.h
注意: 包含文件:                 D:\Visual Studio\2022\VC\Tools\MSVC\14.44.35207\include\xfacet
注意: 包含文件:                 D:\Visual Studio\2022\VC\Tools\MSVC\14.44.35207\include\xlocinfo
注意: 包含文件:                  D:\Visual Studio\2022\VC\Tools\MSVC\14.44.35207\include\__msvc_xlocinfo_types.hpp
注意: 包含文件:                  D:\Visual Studio\2022\VC\Tools\MSVC\14.44.35207\include\clocale
注意: 包含文件:                   C:\Program Files (x86)\Windows Kits\10\include\10.0.26100.0\ucrt\locale.h
注意: 包含文件:          D:\Visual Studio\2022\VC\Tools\MSVC\14.44.35207\include\xlocmon
注意: 包含文件:          D:\Visual Studio\2022\VC\Tools\MSVC\14.44.35207\include\xloctime
注意: 包含文件:         D:\Visual Studio\2022\VC\Tools\MSVC\14.44.35207\include\locale
注意: 包含文件:          D:\Visual Studio\2022\VC\Tools\MSVC\14.44.35207\include\xlocbuf
注意: 包含文件:          D:\Visual Studio\2022\VC\Tools\MSVC\14.44.35207\include\xlocmes
注意: 包含文件:         D:\Visual Studio\2022\VC\Tools\MSVC\14.44.35207\include\vector
注意: 包含文件:          D:\Visual Studio\2022\VC\Tools\MSVC\14.44.35207\include\__msvc_bit_utils.hpp
注意: 包含文件:     ..\..\src\ecs/Components.hpp
注意: 包含文件:      D:\Assigment\2609\FYP\Project\AzureRender\src\ecs\Entity.hpp
注意: 包含文件:      ..\..\src\reflection/Annotations.hpp
注意: 包含文件:     ..\..\src\ecs/World.hpp
注意: 包含文件:      D:\Assigment\2609\FYP\Project\AzureRender\src\ecs\ComponentArray.hpp
注意: 包含文件:       D:\Assigment\2609\FYP\Project\AzureRender\src\ecs\IComponentArray.hpp
注意: 包含文件:      D:\Visual Studio\2022\VC\Tools\MSVC\14.44.35207\include\functional
注意: 包含文件:       D:\Visual Studio\2022\VC\Tools\MSVC\14.44.35207\include\unordered_map
注意: 包含文件:        D:\Visual Studio\2022\VC\Tools\MSVC\14.44.35207\include\xhash
注意: 包含文件:         D:\Visual Studio\2022\VC\Tools\MSVC\14.44.35207\include\list
注意: 包含文件:         D:\Visual Studio\2022\VC\Tools\MSVC\14.44.35207\include\xbit_ops.h
注意: 包含文件:         D:\Visual Studio\2022\VC\Tools\MSVC\14.44.35207\include\xnode_handle.h
注意: 包含文件:      D:\Visual Studio\2022\VC\Tools\MSVC\14.44.35207\include\typeindex
注意: 包含文件:     ..\..\src\runtime/AssetDatabase.hpp
注意: 包含文件:      ..\..\src\runtime/Project.hpp
注意: 包含文件:       D:\Visual Studio\2022\VC\Tools\MSVC\14.44.35207\include\map
注意: 包含文件:        D:\Visual Studio\2022\VC\Tools\MSVC\14.44.35207\include\xtree
注意: 包含文件:       vcpkg_installed\x64-windows\include\nlohmann/json.hpp
注意: 包含文件:        vcpkg_installed\x64-windows\include\nlohmann/adl_serializer.hpp
注意: 包含文件:         vcpkg_installed\x64-windows\include\nlohmann/detail/abi_macros.hpp
注意: 包含文件:         vcpkg_installed\x64-windows\include\nlohmann/detail/conversions/from_json.hpp
注意: 包含文件:          D:\Visual Studio\2022\VC\Tools\MSVC\14.44.35207\include\forward_list
注意: 包含文件:          D:\Visual Studio\2022\VC\Tools\MSVC\14.44.35207\include\valarray
注意: 包含文件:          vcpkg_installed\x64-windows\include\nlohmann/detail/exceptions.hpp
注意: 包含文件:           vcpkg_installed\x64-windows\include\nlohmann/detail/value_t.hpp
注意: 包含文件:            vcpkg_installed\x64-windows\include\nlohmann/detail/macro_scope.hpp
注意: 包含文件:             vcpkg_installed\x64-windows\include\nlohmann/detail/meta/detected.hpp
注意: 包含文件:              vcpkg_installed\x64-windows\include\nlohmann/detail/meta/void_t.hpp
注意: 包含文件:             vcpkg_installed\x64-windows\include\nlohmann/thirdparty/hedley/hedley.hpp
注意: 包含文件:             D:\Visual Studio\2022\VC\Tools\MSVC\14.44.35207\include\version
注意: 包含文件:             D:\Visual Studio\2022\VC\Tools\MSVC\14.44.35207\include\cassert
注意: 包含文件:              C:\Program Files (x86)\Windows Kits\10\include\10.0.26100.0\ucrt\assert.h
注意: 包含文件:           vcpkg_installed\x64-windows\include\nlohmann/detail/string_escape.hpp
注意: 包含文件:           vcpkg_installed\x64-windows\include\nlohmann/detail/input/position_t.hpp
注意: 包含文件:           vcpkg_installed\x64-windows\include\nlohmann/detail/meta/cpp_future.hpp
注意: 包含文件:           vcpkg_installed\x64-windows\include\nlohmann/detail/meta/type_traits.hpp
注意: 包含文件:            vcpkg_installed\x64-windows\include\nlohmann/detail/iterators/iterator_traits.hpp
注意: 包含文件:            vcpkg_installed\x64-windows\include\nlohmann/detail/meta/call_std/begin.hpp
注意: 包含文件:            vcpkg_installed\x64-windows\include\nlohmann/detail/meta/call_std/end.hpp
注意: 包含文件:            vcpkg_installed\x64-windows\include\nlohmann/json_fwd.hpp
注意: 包含文件:           vcpkg_installed\x64-windows\include\nlohmann/detail/string_concat.hpp
注意: 包含文件:          vcpkg_installed\x64-windows\include\nlohmann/detail/meta/identity_tag.hpp
注意: 包含文件:          vcpkg_installed\x64-windows\include\nlohmann/detail/meta/std_fs.hpp
注意: 包含文件:          D:\Visual Studio\2022\VC\Tools\MSVC\14.44.35207\include\optional
注意: 包含文件:           D:\Visual Studio\2022\VC\Tools\MSVC\14.44.35207\include\xsmf_control.h
注意: 包含文件:         vcpkg_installed\x64-windows\include\nlohmann/detail/conversions/to_json.hpp
注意: 包含文件:          vcpkg_installed\x64-windows\include\nlohmann/detail/iterators/iteration_proxy.hpp
注意: 包含文件:           vcpkg_installed\x64-windows\include\nlohmann/detail/string_utils.hpp
注意: 包含文件:        vcpkg_installed\x64-windows\include\nlohmann/byte_container_with_subtype.hpp
注意: 包含文件:        vcpkg_installed\x64-windows\include\nlohmann/detail/hash.hpp
注意: 包含文件:        vcpkg_installed\x64-windows\include\nlohmann/detail/input/binary_reader.hpp
注意: 包含文件:         vcpkg_installed\x64-windows\include\nlohmann/detail/input/input_adapters.hpp
注意: 包含文件:          D:\Visual Studio\2022\VC\Tools\MSVC\14.44.35207\include\numeric
注意: 包含文件:         vcpkg_installed\x64-windows\include\nlohmann/detail/input/json_sax.hpp
注意: 包含文件:          vcpkg_installed\x64-windows\include\nlohmann/detail/input/lexer.hpp
注意: 包含文件:         vcpkg_installed\x64-windows\include\nlohmann/detail/meta/is_sax.hpp
注意: 包含文件:        vcpkg_installed\x64-windows\include\nlohmann/detail/input/parser.hpp
注意: 包含文件:        vcpkg_installed\x64-windows\include\nlohmann/detail/iterators/internal_iterator.hpp
注意: 包含文件:         vcpkg_installed\x64-windows\include\nlohmann/detail/iterators/primitive_iterator.hpp
注意: 包含文件:        vcpkg_installed\x64-windows\include\nlohmann/detail/iterators/iter_impl.hpp
注意: 包含文件:        vcpkg_installed\x64-windows\include\nlohmann/detail/iterators/json_reverse_iterator.hpp
注意: 包含文件:        vcpkg_installed\x64-windows\include\nlohmann/detail/json_custom_base_class.hpp
注意: 包含文件:        vcpkg_installed\x64-windows\include\nlohmann/detail/json_pointer.hpp
注意: 包含文件:        vcpkg_installed\x64-windows\include\nlohmann/detail/json_ref.hpp
注意: 包含文件:        vcpkg_installed\x64-windows\include\nlohmann/detail/output/binary_writer.hpp
注意: 包含文件:         vcpkg_installed\x64-windows\include\nlohmann/detail/output/output_adapters.hpp
注意: 包含文件:          D:\Visual Studio\2022\VC\Tools\MSVC\14.44.35207\include\ostream
注意: 包含文件:        vcpkg_installed\x64-windows\include\nlohmann/detail/output/serializer.hpp
注意: 包含文件:         vcpkg_installed\x64-windows\include\nlohmann/detail/conversions/to_chars.hpp
注意: 包含文件:        vcpkg_installed\x64-windows\include\nlohmann/ordered_map.hpp
注意: 包含文件:        D:\Visual Studio\2022\VC\Tools\MSVC\14.44.35207\include\any
注意: 包含文件:        vcpkg_installed\x64-windows\include\nlohmann/detail/macro_unscope.hpp
注意: 包含文件:         vcpkg_installed\x64-windows\include\nlohmann/thirdparty/hedley/hedley_undef.hpp
注意: 包含文件:      ..\..\src\assets/GeneratorRegistry.hpp
注意: 包含文件:       ..\..\src\assets/GenerationManifest.hpp
注意: 包含文件:     ..\..\src\runtime/Level.hpp
注意: 包含文件:      ..\..\src\runtime/ComponentCodec.hpp
注意: 包含文件:       ..\..\src\runtime/ComponentRegistry.hpp
注意: 包含文件:        ..\..\src\reflection/Registry.hpp
注意: 包含文件:      ..\..\src\assets/GltfLoader.hpp
注意: 包含文件:     ..\..\src\runtime/PresentationRuntime.hpp
注意: 包含文件:      ..\..\src\runtime/AnimationStateMachine.hpp
注意: 包含文件:      ..\..\src\runtime/AudioRuntime.hpp
注意: 包含文件:      ..\..\src\runtime/RuntimeLifecycle.hpp
注意: 包含文件:       D:\Visual Studio\2022\VC\Tools\MSVC\14.44.35207\include\set
注意: 包含文件:      ..\..\src\runtime/GameComponents.hpp
注意: 包含文件:       ..\..\src\ecs/GameComponents.hpp
注意: 包含文件:      ..\..\src\render/RenderContext.hpp
注意: 包含文件:       C:\VulkanSDK\1.4.350.0\include\vulkan/vulkan.h
注意: 包含文件:        C:\VulkanSDK\1.4.350.0\include\vulkan\vk_platform.h
注意: 包含文件:        C:\VulkanSDK\1.4.350.0\include\vulkan\vulkan_core.h
注意: 包含文件:         C:\VulkanSDK\1.4.350.0\include\vk_video/vulkan_video_codec_h264std.h
注意: 包含文件:          C:\VulkanSDK\1.4.350.0\include\vk_video\vulkan_video_codecs_common.h
注意: 包含文件:         C:\VulkanSDK\1.4.350.0\include\vk_video/vulkan_video_codec_h264std_encode.h
注意: 包含文件:         C:\VulkanSDK\1.4.350.0\include\vk_video/vulkan_video_codec_h265std.h
注意: 包含文件:         C:\VulkanSDK\1.4.350.0\include\vk_video/vulkan_video_codec_h265std_encode.h
注意: 包含文件:         C:\VulkanSDK\1.4.350.0\include\vk_video/vulkan_video_codec_h264std_decode.h
注意: 包含文件:         C:\VulkanSDK\1.4.350.0\include\vk_video/vulkan_video_codec_h265std_decode.h
注意: 包含文件:         C:\VulkanSDK\1.4.350.0\include\vk_video/vulkan_video_codec_av1std.h
注意: 包含文件:         C:\VulkanSDK\1.4.350.0\include\vk_video/vulkan_video_codec_av1std_decode.h
注意: 包含文件:         C:\VulkanSDK\1.4.350.0\include\vk_video/vulkan_video_codec_av1std_encode.h
注意: 包含文件:         C:\VulkanSDK\1.4.350.0\include\vk_video/vulkan_video_codec_vp9std.h
注意: 包含文件:         C:\VulkanSDK\1.4.350.0\include\vk_video/vulkan_video_codec_vp9std_decode.h
注意: 包含文件:       ..\..\src\render/EnvironmentAsset.hpp
注意: 包含文件:       ..\..\src\scene/SceneDescription.hpp
注意: 包含文件:        ..\..\src\scene/TransformMath.hpp
注意: 包含文件:         ..\..\src\render/RenderMath.hpp
注意: 包含文件:     ..\..\src\editor/commands/DocumentVersion.hpp
注意: 包含文件:    ..\..\src\editor/GameBuildJob.hpp
注意: 包含文件:     D:\Visual Studio\2022\VC\Tools\MSVC\14.44.35207\include\future
注意: 包含文件:      D:\Visual Studio\2022\VC\Tools\MSVC\14.44.35207\include\condition_variable
注意: 包含文件:       D:\Visual Studio\2022\VC\Tools\MSVC\14.44.35207\include\mutex
注意: 包含文件:        D:\Visual Studio\2022\VC\Tools\MSVC\14.44.35207\include\thread
注意: 包含文件:         C:\Program Files (x86)\Windows Kits\10\include\10.0.26100.0\ucrt\process.h
注意: 包含文件:          C:\Program Files (x86)\Windows Kits\10\include\10.0.26100.0\ucrt\corecrt_startup.h
注意: 包含文件:           C:\Program Files (x86)\Windows Kits\10\include\10.0.26100.0\ucrt\math.h
注意: 包含文件:           D:\Visual Studio\2022\VC\Tools\MSVC\14.44.35207\include\vcruntime_startup.h
注意: 包含文件:      D:\Visual Studio\2022\VC\Tools\MSVC\14.44.35207\include\ppltasks.h
注意: 包含文件:       D:\Visual Studio\2022\VC\Tools\MSVC\14.44.35207\include\pplwin.h
注意: 包含文件:        D:\Visual Studio\2022\VC\Tools\MSVC\14.44.35207\include\pplinterface.h
注意: 包含文件:        D:\Visual Studio\2022\VC\Tools\MSVC\14.44.35207\include\ppltaskscheduler.h
注意: 包含文件:         D:\Visual Studio\2022\VC\Tools\MSVC\14.44.35207\include\crtdefs.h
注意: 包含文件:        D:\Visual Studio\2022\VC\Tools\MSVC\14.44.35207\include\pplcancellation_token.h
注意: 包含文件:    ..\..\src\runtime/GameRuntime.hpp
注意: 包含文件:     ..\..\src\runtime/InputActions.hpp
注意: 包含文件:      ..\..\src\runtime/GameplayKeys.hpp
注意: 包含文件:     ..\..\src\runtime/PhysicsWorld.hpp
注意: 包含文件:     ..\..\src\runtime/ThirdPersonCamera.hpp
注意: 包含文件:     ..\..\src\runtime/InteractionRuntime.hpp
注意: 包含文件:     ..\..\src\runtime/SystemRegistry.hpp
注意: 包含文件:      ..\..\src\runtime/IRuntimeSystem.hpp
注意: 包含文件:    ..\..\src\runtime/LevelSession.hpp
注意: 包含文件:    ..\..\src\runtime/ScriptRuntime.hpp
注意: 包含文件:    ..\..\src\editor/commands/EditService.hpp
注意: 包含文件:     ..\..\src\editor/commands/EditRegistry.hpp
注意: 包含文件:      ..\..\src\editor/commands/EditContracts.hpp
注意: 包含文件:    ..\..\src\editor/PanelContext.hpp
注意: 包含文件:     D:\Assigment\2609\FYP\Project\AzureRender\src\editor\SelectionService.hpp
注意: 包含文件:     D:\Assigment\2609\FYP\Project\AzureRender\src\editor\PanelDocumentView.hpp
注意: 包含文件:    ..\..\src\foundation/SettingRegistry.hpp
注意: 包含文件:    ..\..\src\extensions/ExtensionRegistry.hpp
注意: 包含文件:     D:\Assigment\2609\FYP\Project\AzureRender\src\extensions\ExtensionDescriptor.hpp
注意: 包含文件:     D:\Assigment\2609\FYP\Project\AzureRender\src\extensions\IAssetImporter.hpp
注意: 包含文件:     D:\Assigment\2609\FYP\Project\AzureRender\src\extensions\IRenderFeature.hpp
注意: 包含文件:     D:\Assigment\2609\FYP\Project\AzureRender\src\extensions\ISceneRenderer.hpp
注意: 包含文件:      ..\..\src\render/RenderGraph.hpp
注意: 包含文件:       ..\..\src\rhi/Rhi.hpp
注意: 包含文件:        ..\..\src\rhi/IGpuAllocator.hpp
注意: 包含文件:      D:\Visual Studio\2022\VC\Tools\MSVC\14.44.35207\include\sstream
注意: 包含文件:     ..\..\src\extensions/IEditorPanel.hpp
注意: 包含文件:     D:\Visual Studio\2022\VC\Tools\MSVC\14.44.35207\include\unordered_set
注意: 包含文件:    ..\..\src\editor/ai/ProposalController.hpp
注意: 包含文件:     D:\Assigment\2609\FYP\Project\AzureRender\src\editor\ai\ProposalContracts.hpp
注意: 包含文件:      ..\..\src\ai/ModelClient.hpp
注意: 包含文件:     D:\Assigment\2609\FYP\Project\AzureRender\src\editor\ai\ValidationPolicy.hpp
注意: 包含文件:    ..\..\src\editor/preview/DeveloperServices.hpp
注意: 包含文件:   ..\..\src\runtime/GameUi.hpp
注意: 包含文件:   D:\Assigment\2609\FYP\Project\AzureRender\src\editor\IEditorPanel.hpp
注意: 包含文件:   D:\Assigment\2609\FYP\Project\AzureRender\src\editor\EditorWorkspace.hpp
注意: 包含文件:  ..\..\src\editor/ui/Widgets.hpp
注意: 包含文件:   D:\Assigment\2609\FYP\Project\AzureRender\src\editor\ui\UiMetrics.hpp
注意: 包含文件:   D:\Assigment\2609\FYP\Project\AzureRender\src\editor\ui\ThemeTokens.hpp
注意: 包含文件:    ..\..\third_party\imgui\imgui.h
注意: 包含文件:     D:\Assigment\2609\FYP\Project\AzureRender\third_party\imgui\imconfig.h
注意: 包含文件:     D:\Visual Studio\2022\VC\Tools\MSVC\14.44.35207\include\stdarg.h
注意: 包含文件:     C:\Program Files (x86)\Windows Kits\10\include\10.0.26100.0\ucrt\assert.h
注意: 包含文件:  ..\..\src\editor/ui/UiScopes.hpp
注意: 包含文件:  ..\..\src\diagnostics/RuntimeDiagnostics.hpp
EditorToolbar.cpp
注意: 包含文件:  D:\Assigment\2609\FYP\Project\AzureRender\src\editor\EditorToolbar.hpp
注意: 包含文件:   D:\Assigment\2609\FYP\Project\AzureRender\src\editor\EditorSession.hpp
注意: 包含文件:    D:\Assigment\2609\FYP\Project\AzureRender\src\editor\EditorContext.hpp
注意: 包含文件:     D:\Assigment\2609\FYP\Project\AzureRender\src\editor\SceneModel.hpp
注意: 包含文件:      ..\..\src\runtime/SceneDocument.hpp
注意: 包含文件:       ..\..\src\render/RenderSettings.hpp
注意: 包含文件:        ..\..\src\extensions/SceneType.hpp
注意: 包含文件:         D:\Visual Studio\2022\VC\Tools\MSVC\14.44.35207\include\cstdint
注意: 包含文件:          D:\Visual Studio\2022\VC\Tools\MSVC\14.44.35207\include\yvals_core.h
注意: 包含文件:           D:\Visual Studio\2022\VC\Tools\MSVC\14.44.35207\include\vcruntime.h
注意: 包含文件:            D:\Visual Studio\2022\VC\Tools\MSVC\14.44.35207\include\sal.h
注意: 包含文件:             D:\Visual Studio\2022\VC\Tools\MSVC\14.44.35207\include\concurrencysal.h
注意: 包含文件:            D:\Visual Studio\2022\VC\Tools\MSVC\14.44.35207\include\vadefs.h
注意: 包含文件:           D:\Visual Studio\2022\VC\Tools\MSVC\14.44.35207\include\xkeycheck.h
注意: 包含文件:          D:\Visual Studio\2022\VC\Tools\MSVC\14.44.35207\include\stdint.h
注意: 包含文件:         D:\Visual Studio\2022\VC\Tools\MSVC\14.44.35207\include\stdexcept
注意: 包含文件:          D:\Visual Studio\2022\VC\Tools\MSVC\14.44.35207\include\exception
注意: 包含文件:           D:\Visual Studio\2022\VC\Tools\MSVC\14.44.35207\include\yvals.h
注意: 包含文件:            C:\Program Files (x86)\Windows Kits\10\include\10.0.26100.0\ucrt\crtdbg.h
注意: 包含文件:             C:\Program Files (x86)\Windows Kits\10\include\10.0.26100.0\ucrt\corecrt.h
注意: 包含文件:             D:\Visual Studio\2022\VC\Tools\MSVC\14.44.35207\include\vcruntime_new_debug.h
注意: 包含文件:              D:\Visual Studio\2022\VC\Tools\MSVC\14.44.35207\include\vcruntime_new.h
注意: 包含文件:            D:\Visual Studio\2022\VC\Tools\MSVC\14.44.35207\include\crtdefs.h
注意: 包含文件:            D:\Visual Studio\2022\VC\Tools\MSVC\14.44.35207\include\use_ansi.h
注意: 包含文件:           D:\Visual Studio\2022\VC\Tools\MSVC\14.44.35207\include\cstdlib
注意: 包含文件:            C:\Program Files (x86)\Windows Kits\10\include\10.0.26100.0\ucrt\math.h
注意: 包含文件:             C:\Program Files (x86)\Windows Kits\10\include\10.0.26100.0\ucrt\corecrt_math.h
注意: 包含文件:            C:\Program Files (x86)\Windows Kits\10\include\10.0.26100.0\ucrt\stdlib.h
注意: 包含文件:             C:\Program Files (x86)\Windows Kits\10\include\10.0.26100.0\ucrt\corecrt_malloc.h
注意: 包含文件:             C:\Program Files (x86)\Windows Kits\10\include\10.0.26100.0\ucrt\corecrt_search.h
注意: 包含文件:              C:\Program Files (x86)\Windows Kits\10\include\10.0.26100.0\ucrt\stddef.h
注意: 包含文件:             C:\Program Files (x86)\Windows Kits\10\include\10.0.26100.0\ucrt\corecrt_wstdlib.h
注意: 包含文件:             D:\Visual Studio\2022\VC\Tools\MSVC\14.44.35207\include\limits.h
注意: 包含文件:           D:\Visual Studio\2022\VC\Tools\MSVC\14.44.35207\include\type_traits
注意: 包含文件:            D:\Visual Studio\2022\VC\Tools\MSVC\14.44.35207\include\cstddef
注意: 包含文件:             D:\Visual Studio\2022\VC\Tools\MSVC\14.44.35207\include\xtr1common
注意: 包含文件:            D:\Visual Studio\2022\VC\Tools\MSVC\14.44.35207\include\cstring
注意: 包含文件:             C:\Program Files (x86)\Windows Kits\10\include\10.0.26100.0\ucrt\string.h
注意: 包含文件:              C:\Program Files (x86)\Windows Kits\10\include\10.0.26100.0\ucrt\corecrt_memory.h
注意: 包含文件:               C:\Program Files (x86)\Windows Kits\10\include\10.0.26100.0\ucrt\corecrt_memcpy_s.h
注意: 包含文件:                C:\Program Files (x86)\Windows Kits\10\include\10.0.26100.0\ucrt\errno.h
注意: 包含文件:                D:\Visual Studio\2022\VC\Tools\MSVC\14.44.35207\include\vcruntime_string.h
注意: 包含文件:              C:\Program Files (x86)\Windows Kits\10\include\10.0.26100.0\ucrt\corecrt_wstring.h
注意: 包含文件:           C:\Program Files (x86)\Windows Kits\10\include\10.0.26100.0\ucrt\malloc.h
注意: 包含文件:           D:\Visual Studio\2022\VC\Tools\MSVC\14.44.35207\include\vcruntime_exception.h
注意: 包含文件:            D:\Visual Studio\2022\VC\Tools\MSVC\14.44.35207\include\eh.h
注意: 包含文件:             C:\Program Files (x86)\Windows Kits\10\include\10.0.26100.0\ucrt\corecrt_terminate.h
注意: 包含文件:          D:\Visual Studio\2022\VC\Tools\MSVC\14.44.35207\include\xstring
注意: 包含文件:           D:\Visual Studio\2022\VC\Tools\MSVC\14.44.35207\include\__msvc_sanitizer_annotate_container.hpp
注意: 包含文件:           D:\Visual Studio\2022\VC\Tools\MSVC\14.44.35207\include\__msvc_string_view.hpp
注意: 包含文件:            D:\Visual Studio\2022\VC\Tools\MSVC\14.44.35207\include\iosfwd
注意: 包含文件:             D:\Visual Studio\2022\VC\Tools\MSVC\14.44.35207\include\cstdio
注意: 包含文件:              C:\Program Files (x86)\Windows Kits\10\include\10.0.26100.0\ucrt\stdio.h
注意: 包含文件:               C:\Program Files (x86)\Windows Kits\10\include\10.0.26100.0\ucrt\corecrt_wstdio.h
注意: 包含文件:                C:\Program Files (x86)\Windows Kits\10\include\10.0.26100.0\ucrt\corecrt_stdio_config.h
注意: 包含文件:             D:\Visual Studio\2022\VC\Tools\MSVC\14.44.35207\include\cwchar
注意: 包含文件:              C:\Program Files (x86)\Windows Kits\10\include\10.0.26100.0\ucrt\wchar.h
注意: 包含文件:               C:\Program Files (x86)\Windows Kits\10\include\10.0.26100.0\ucrt\corecrt_wconio.h
注意: 包含文件:               C:\Program Files (x86)\Windows Kits\10\include\10.0.26100.0\ucrt\corecrt_wctype.h
注意: 包含文件:               C:\Program Files (x86)\Windows Kits\10\include\10.0.26100.0\ucrt\corecrt_wdirect.h
注意: 包含文件:               C:\Program Files (x86)\Windows Kits\10\include\10.0.26100.0\ucrt\corecrt_wio.h
注意: 包含文件:                C:\Program Files (x86)\Windows Kits\10\include\10.0.26100.0\ucrt\corecrt_share.h
注意: 包含文件:               C:\Program Files (x86)\Windows Kits\10\include\10.0.26100.0\ucrt\corecrt_wprocess.h
注意: 包含文件:               C:\Program Files (x86)\Windows Kits\10\include\10.0.26100.0\ucrt\corecrt_wtime.h
注意: 包含文件:               C:\Program Files (x86)\Windows Kits\10\include\10.0.26100.0\ucrt\sys/stat.h
注意: 包含文件:                C:\Program Files (x86)\Windows Kits\10\include\10.0.26100.0\ucrt\sys/types.h
注意: 包含文件:               D:\Visual Studio\2022\VC\Tools\MSVC\14.44.35207\include\intrin.h
注意: 包含文件:                D:\Visual Studio\2022\VC\Tools\MSVC\14.44.35207\include\intrin0.inl.h
注意: 包含文件:                D:\Visual Studio\2022\VC\Tools\MSVC\14.44.35207\include\setjmp.h
注意: 包含文件:                D:\Visual Studio\2022\VC\Tools\MSVC\14.44.35207\include\immintrin.h
注意: 包含文件:                 D:\Visual Studio\2022\VC\Tools\MSVC\14.44.35207\include\wmmintrin.h
注意: 包含文件:                  D:\Visual Studio\2022\VC\Tools\MSVC\14.44.35207\include\nmmintrin.h
注意: 包含文件:                   D:\Visual Studio\2022\VC\Tools\MSVC\14.44.35207\include\smmintrin.h
注意: 包含文件:                    D:\Visual Studio\2022\VC\Tools\MSVC\14.44.35207\include\tmmintrin.h
注意: 包含文件:                     D:\Visual Studio\2022\VC\Tools\MSVC\14.44.35207\include\pmmintrin.h
注意: 包含文件:                      D:\Visual Studio\2022\VC\Tools\MSVC\14.44.35207\include\emmintrin.h
注意: 包含文件:                       D:\Visual Studio\2022\VC\Tools\MSVC\14.44.35207\include\xmmintrin.h
注意: 包含文件:                        D:\Visual Studio\2022\VC\Tools\MSVC\14.44.35207\include\mmintrin.h
注意: 包含文件:                 D:\Visual Studio\2022\VC\Tools\MSVC\14.44.35207\include\zmmintrin.h
注意: 包含文件:                D:\Visual Studio\2022\VC\Tools\MSVC\14.44.35207\include\ammintrin.h
注意: 包含文件:            D:\Visual Studio\2022\VC\Tools\MSVC\14.44.35207\include\xutility
注意: 包含文件:             D:\Visual Studio\2022\VC\Tools\MSVC\14.44.35207\include\__msvc_iter_core.hpp
注意: 包含文件:              D:\Visual Studio\2022\VC\Tools\MSVC\14.44.35207\include\utility
注意: 包含文件:               D:\Visual Studio\2022\VC\Tools\MSVC\14.44.35207\include\initializer_list
注意: 包含文件:             D:\Visual Studio\2022\VC\Tools\MSVC\14.44.35207\include\climits
注意: 包含文件:           D:\Visual Studio\2022\VC\Tools\MSVC\14.44.35207\include\xmemory
注意: 包含文件:            D:\Visual Studio\2022\VC\Tools\MSVC\14.44.35207\include\limits
注意: 包含文件:             D:\Visual Studio\2022\VC\Tools\MSVC\14.44.35207\include\cfloat
注意: 包含文件:              C:\Program Files (x86)\Windows Kits\10\include\10.0.26100.0\ucrt\float.h
注意: 包含文件:             D:\Visual Studio\2022\VC\Tools\MSVC\14.44.35207\include\intrin0.h
注意: 包含文件:            D:\Visual Studio\2022\VC\Tools\MSVC\14.44.35207\include\new
注意: 包含文件:            D:\Visual Studio\2022\VC\Tools\MSVC\14.44.35207\include\xatomic.h
注意: 包含文件:           D:\Visual Studio\2022\VC\Tools\MSVC\14.44.35207\include\xpolymorphic_allocator.h
注意: 包含文件:            D:\Visual Studio\2022\VC\Tools\MSVC\14.44.35207\include\tuple
注意: 包含文件:         D:\Visual Studio\2022\VC\Tools\MSVC\14.44.35207\include\string
注意: 包含文件:          D:\Visual Studio\2022\VC\Tools\MSVC\14.44.35207\include\cctype
注意: 包含文件:           C:\Program Files (x86)\Windows Kits\10\include\10.0.26100.0\ucrt\ctype.h
注意: 包含文件:         D:\Visual Studio\2022\VC\Tools\MSVC\14.44.35207\include\string_view
注意: 包含文件:        D:\Visual Studio\2022\VC\Tools\MSVC\14.44.35207\include\array
注意: 包含文件:        D:\Visual Studio\2022\VC\Tools\MSVC\14.44.35207\include\filesystem
注意: 包含文件:         D:\Visual Studio\2022\VC\Tools\MSVC\14.44.35207\include\algorithm
注意: 包含文件:          D:\Visual Studio\2022\VC\Tools\MSVC\14.44.35207\include\__msvc_heap_algorithms.hpp
注意: 包含文件:          D:\Visual Studio\2022\VC\Tools\MSVC\14.44.35207\include\__msvc_minmax.hpp
注意: 包含文件:         D:\Visual Studio\2022\VC\Tools\MSVC\14.44.35207\include\chrono
注意: 包含文件:          D:\Visual Studio\2022\VC\Tools\MSVC\14.44.35207\include\__msvc_chrono.hpp
注意: 包含文件:           D:\Visual Studio\2022\VC\Tools\MSVC\14.44.35207\include\ctime
注意: 包含文件:            C:\Program Files (x86)\Windows Kits\10\include\10.0.26100.0\ucrt\time.h
注意: 包含文件:           D:\Visual Studio\2022\VC\Tools\MSVC\14.44.35207\include\ratio
注意: 包含文件:           D:\Visual Studio\2022\VC\Tools\MSVC\14.44.35207\include\xtimec.h
注意: 包含文件:          D:\Visual Studio\2022\VC\Tools\MSVC\14.44.35207\include\system_error
注意: 包含文件:           D:\Visual Studio\2022\VC\Tools\MSVC\14.44.35207\include\__msvc_system_error_abi.hpp
注意: 包含文件:           D:\Visual Studio\2022\VC\Tools\MSVC\14.44.35207\include\cerrno
注意: 包含文件:           D:\Visual Studio\2022\VC\Tools\MSVC\14.44.35207\include\xcall_once.h
注意: 包含文件:           D:\Visual Studio\2022\VC\Tools\MSVC\14.44.35207\include\xerrc.h
注意: 包含文件:           D:\Visual Studio\2022\VC\Tools\MSVC\14.44.35207\include\atomic
注意: 包含文件:            D:\Visual Studio\2022\VC\Tools\MSVC\14.44.35207\include\xthreads.h
注意: 包含文件:             D:\Visual Studio\2022\VC\Tools\MSVC\14.44.35207\include\__msvc_threads_core.hpp
注意: 包含文件:          D:\Visual Studio\2022\VC\Tools\MSVC\14.44.35207\include\xfilesystem_abi.h
注意: 包含文件:         D:\Visual Studio\2022\VC\Tools\MSVC\14.44.35207\include\iomanip
注意: 包含文件:          D:\Visual Studio\2022\VC\Tools\MSVC\14.44.35207\include\istream
注意: 包含文件:           D:\Visual Studio\2022\VC\Tools\MSVC\14.44.35207\include\__msvc_ostream.hpp
注意: 包含文件:            D:\Visual Studio\2022\VC\Tools\MSVC\14.44.35207\include\ios
注意: 包含文件:             D:\Visual Studio\2022\VC\Tools\MSVC\14.44.35207\include\xlocnum
注意: 包含文件:              D:\Visual Studio\2022\VC\Tools\MSVC\14.44.35207\include\cmath
注意: 包含文件:              D:\Visual Studio\2022\VC\Tools\MSVC\14.44.35207\include\iterator
注意: 包含文件:              D:\Visual Studio\2022\VC\Tools\MSVC\14.44.35207\include\streambuf
注意: 包含文件:               D:\Visual Studio\2022\VC\Tools\MSVC\14.44.35207\include\xiosbase
注意: 包含文件:                C:\Program Files (x86)\Windows Kits\10\include\10.0.26100.0\ucrt\share.h
注意: 包含文件:                D:\Visual Studio\2022\VC\Tools\MSVC\14.44.35207\include\xlocale
注意: 包含文件:                 D:\Visual Studio\2022\VC\Tools\MSVC\14.44.35207\include\memory
注意: 包含文件:                  D:\Visual Studio\2022\VC\Tools\MSVC\14.44.35207\include\typeinfo
注意: 包含文件:                   D:\Visual Studio\2022\VC\Tools\MSVC\14.44.35207\include\vcruntime_typeinfo.h
注意: 包含文件:                 D:\Visual Studio\2022\VC\Tools\MSVC\14.44.35207\include\xfacet
注意: 包含文件:                 D:\Visual Studio\2022\VC\Tools\MSVC\14.44.35207\include\xlocinfo
注意: 包含文件:                  D:\Visual Studio\2022\VC\Tools\MSVC\14.44.35207\include\__msvc_xlocinfo_types.hpp
注意: 包含文件:                  D:\Visual Studio\2022\VC\Tools\MSVC\14.44.35207\include\clocale
注意: 包含文件:                   C:\Program Files (x86)\Windows Kits\10\include\10.0.26100.0\ucrt\locale.h
注意: 包含文件:          D:\Visual Studio\2022\VC\Tools\MSVC\14.44.35207\include\xlocmon
注意: 包含文件:          D:\Visual Studio\2022\VC\Tools\MSVC\14.44.35207\include\xloctime
注意: 包含文件:         D:\Visual Studio\2022\VC\Tools\MSVC\14.44.35207\include\locale
注意: 包含文件:          D:\Visual Studio\2022\VC\Tools\MSVC\14.44.35207\include\xlocbuf
注意: 包含文件:          D:\Visual Studio\2022\VC\Tools\MSVC\14.44.35207\include\xlocmes
注意: 包含文件:         D:\Visual Studio\2022\VC\Tools\MSVC\14.44.35207\include\vector
注意: 包含文件:          D:\Visual Studio\2022\VC\Tools\MSVC\14.44.35207\include\__msvc_bit_utils.hpp
注意: 包含文件:     ..\..\src\ecs/Components.hpp
注意: 包含文件:      D:\Assigment\2609\FYP\Project\AzureRender\src\ecs\Entity.hpp
注意: 包含文件:      ..\..\src\reflection/Annotations.hpp
注意: 包含文件:     ..\..\src\ecs/World.hpp
注意: 包含文件:      D:\Assigment\2609\FYP\Project\AzureRender\src\ecs\ComponentArray.hpp
注意: 包含文件:       D:\Assigment\2609\FYP\Project\AzureRender\src\ecs\IComponentArray.hpp
注意: 包含文件:      D:\Visual Studio\2022\VC\Tools\MSVC\14.44.35207\include\functional
注意: 包含文件:       D:\Visual Studio\2022\VC\Tools\MSVC\14.44.35207\include\unordered_map
注意: 包含文件:        D:\Visual Studio\2022\VC\Tools\MSVC\14.44.35207\include\xhash
注意: 包含文件:         D:\Visual Studio\2022\VC\Tools\MSVC\14.44.35207\include\list
注意: 包含文件:         D:\Visual Studio\2022\VC\Tools\MSVC\14.44.35207\include\xbit_ops.h
注意: 包含文件:         D:\Visual Studio\2022\VC\Tools\MSVC\14.44.35207\include\xnode_handle.h
注意: 包含文件:      D:\Visual Studio\2022\VC\Tools\MSVC\14.44.35207\include\typeindex
注意: 包含文件:     ..\..\src\runtime/AssetDatabase.hpp
注意: 包含文件:      ..\..\src\runtime/Project.hpp
注意: 包含文件:       D:\Visual Studio\2022\VC\Tools\MSVC\14.44.35207\include\map
注意: 包含文件:        D:\Visual Studio\2022\VC\Tools\MSVC\14.44.35207\include\xtree
注意: 包含文件:       vcpkg_installed\x64-windows\include\nlohmann/json.hpp
注意: 包含文件:        vcpkg_installed\x64-windows\include\nlohmann/adl_serializer.hpp
注意: 包含文件:         vcpkg_installed\x64-windows\include\nlohmann/detail/abi_macros.hpp
注意: 包含文件:         vcpkg_installed\x64-windows\include\nlohmann/detail/conversions/from_json.hpp
注意: 包含文件:          D:\Visual Studio\2022\VC\Tools\MSVC\14.44.35207\include\forward_list
注意: 包含文件:          D:\Visual Studio\2022\VC\Tools\MSVC\14.44.35207\include\valarray
注意: 包含文件:          vcpkg_installed\x64-windows\include\nlohmann/detail/exceptions.hpp
注意: 包含文件:           vcpkg_installed\x64-windows\include\nlohmann/detail/value_t.hpp
注意: 包含文件:            vcpkg_installed\x64-windows\include\nlohmann/detail/macro_scope.hpp
注意: 包含文件:             vcpkg_installed\x64-windows\include\nlohmann/detail/meta/detected.hpp
注意: 包含文件:              vcpkg_installed\x64-windows\include\nlohmann/detail/meta/void_t.hpp
注意: 包含文件:             vcpkg_installed\x64-windows\include\nlohmann/thirdparty/hedley/hedley.hpp
注意: 包含文件:             D:\Visual Studio\2022\VC\Tools\MSVC\14.44.35207\include\version
注意: 包含文件:             D:\Visual Studio\2022\VC\Tools\MSVC\14.44.35207\include\cassert
注意: 包含文件:              C:\Program Files (x86)\Windows Kits\10\include\10.0.26100.0\ucrt\assert.h
注意: 包含文件:           vcpkg_installed\x64-windows\include\nlohmann/detail/string_escape.hpp
注意: 包含文件:           vcpkg_installed\x64-windows\include\nlohmann/detail/input/position_t.hpp
注意: 包含文件:           vcpkg_installed\x64-windows\include\nlohmann/detail/meta/cpp_future.hpp
注意: 包含文件:           vcpkg_installed\x64-windows\include\nlohmann/detail/meta/type_traits.hpp
注意: 包含文件:            vcpkg_installed\x64-windows\include\nlohmann/detail/iterators/iterator_traits.hpp
注意: 包含文件:            vcpkg_installed\x64-windows\include\nlohmann/detail/meta/call_std/begin.hpp
注意: 包含文件:            vcpkg_installed\x64-windows\include\nlohmann/detail/meta/call_std/end.hpp
注意: 包含文件:            vcpkg_installed\x64-windows\include\nlohmann/json_fwd.hpp
注意: 包含文件:           vcpkg_installed\x64-windows\include\nlohmann/detail/string_concat.hpp
注意: 包含文件:          vcpkg_installed\x64-windows\include\nlohmann/detail/meta/identity_tag.hpp
注意: 包含文件:          vcpkg_installed\x64-windows\include\nlohmann/detail/meta/std_fs.hpp
注意: 包含文件:          D:\Visual Studio\2022\VC\Tools\MSVC\14.44.35207\include\optional
注意: 包含文件:           D:\Visual Studio\2022\VC\Tools\MSVC\14.44.35207\include\xsmf_control.h
注意: 包含文件:         vcpkg_installed\x64-windows\include\nlohmann/detail/conversions/to_json.hpp
注意: 包含文件:          vcpkg_installed\x64-windows\include\nlohmann/detail/iterators/iteration_proxy.hpp
注意: 包含文件:           vcpkg_installed\x64-windows\include\nlohmann/detail/string_utils.hpp
注意: 包含文件:        vcpkg_installed\x64-windows\include\nlohmann/byte_container_with_subtype.hpp
注意: 包含文件:        vcpkg_installed\x64-windows\include\nlohmann/detail/hash.hpp
注意: 包含文件:        vcpkg_installed\x64-windows\include\nlohmann/detail/input/binary_reader.hpp
注意: 包含文件:         vcpkg_installed\x64-windows\include\nlohmann/detail/input/input_adapters.hpp
注意: 包含文件:          D:\Visual Studio\2022\VC\Tools\MSVC\14.44.35207\include\numeric
注意: 包含文件:         vcpkg_installed\x64-windows\include\nlohmann/detail/input/json_sax.hpp
注意: 包含文件:          vcpkg_installed\x64-windows\include\nlohmann/detail/input/lexer.hpp
注意: 包含文件:         vcpkg_installed\x64-windows\include\nlohmann/detail/meta/is_sax.hpp
注意: 包含文件:        vcpkg_installed\x64-windows\include\nlohmann/detail/input/parser.hpp
注意: 包含文件:        vcpkg_installed\x64-windows\include\nlohmann/detail/iterators/internal_iterator.hpp
注意: 包含文件:         vcpkg_installed\x64-windows\include\nlohmann/detail/iterators/primitive_iterator.hpp
注意: 包含文件:        vcpkg_installed\x64-windows\include\nlohmann/detail/iterators/iter_impl.hpp
注意: 包含文件:        vcpkg_installed\x64-windows\include\nlohmann/detail/iterators/json_reverse_iterator.hpp
注意: 包含文件:        vcpkg_installed\x64-windows\include\nlohmann/detail/json_custom_base_class.hpp
注意: 包含文件:        vcpkg_installed\x64-windows\include\nlohmann/detail/json_pointer.hpp
注意: 包含文件:        vcpkg_installed\x64-windows\include\nlohmann/detail/json_ref.hpp
注意: 包含文件:        vcpkg_installed\x64-windows\include\nlohmann/detail/output/binary_writer.hpp
注意: 包含文件:         vcpkg_installed\x64-windows\include\nlohmann/detail/output/output_adapters.hpp
注意: 包含文件:          D:\Visual Studio\2022\VC\Tools\MSVC\14.44.35207\include\ostream
注意: 包含文件:        vcpkg_installed\x64-windows\include\nlohmann/detail/output/serializer.hpp
注意: 包含文件:         vcpkg_installed\x64-windows\include\nlohmann/detail/conversions/to_chars.hpp
注意: 包含文件:        vcpkg_installed\x64-windows\include\nlohmann/ordered_map.hpp
注意: 包含文件:        D:\Visual Studio\2022\VC\Tools\MSVC\14.44.35207\include\any
注意: 包含文件:        vcpkg_installed\x64-windows\include\nlohmann/detail/macro_unscope.hpp
注意: 包含文件:         vcpkg_installed\x64-windows\include\nlohmann/thirdparty/hedley/hedley_undef.hpp
注意: 包含文件:      ..\..\src\assets/GeneratorRegistry.hpp
注意: 包含文件:       ..\..\src\assets/GenerationManifest.hpp
注意: 包含文件:     ..\..\src\runtime/Level.hpp
注意: 包含文件:      ..\..\src\runtime/ComponentCodec.hpp
注意: 包含文件:       ..\..\src\runtime/ComponentRegistry.hpp
注意: 包含文件:        ..\..\src\reflection/Registry.hpp
注意: 包含文件:      ..\..\src\assets/GltfLoader.hpp
注意: 包含文件:     ..\..\src\runtime/PresentationRuntime.hpp
注意: 包含文件:      ..\..\src\runtime/AnimationStateMachine.hpp
注意: 包含文件:      ..\..\src\runtime/AudioRuntime.hpp
注意: 包含文件:      ..\..\src\runtime/RuntimeLifecycle.hpp
注意: 包含文件:       D:\Visual Studio\2022\VC\Tools\MSVC\14.44.35207\include\set
注意: 包含文件:      ..\..\src\runtime/GameComponents.hpp
注意: 包含文件:       ..\..\src\ecs/GameComponents.hpp
注意: 包含文件:      ..\..\src\render/RenderContext.hpp
注意: 包含文件:       C:\VulkanSDK\1.4.350.0\include\vulkan/vulkan.h
注意: 包含文件:        C:\VulkanSDK\1.4.350.0\include\vulkan\vk_platform.h
注意: 包含文件:        C:\VulkanSDK\1.4.350.0\include\vulkan\vulkan_core.h
注意: 包含文件:         C:\VulkanSDK\1.4.350.0\include\vk_video/vulkan_video_codec_h264std.h
注意: 包含文件:          C:\VulkanSDK\1.4.350.0\include\vk_video\vulkan_video_codecs_common.h
注意: 包含文件:         C:\VulkanSDK\1.4.350.0\include\vk_video/vulkan_video_codec_h264std_encode.h
注意: 包含文件:         C:\VulkanSDK\1.4.350.0\include\vk_video/vulkan_video_codec_h265std.h
注意: 包含文件:         C:\VulkanSDK\1.4.350.0\include\vk_video/vulkan_video_codec_h265std_encode.h
注意: 包含文件:         C:\VulkanSDK\1.4.350.0\include\vk_video/vulkan_video_codec_h264std_decode.h
注意: 包含文件:         C:\VulkanSDK\1.4.350.0\include\vk_video/vulkan_video_codec_h265std_decode.h
注意: 包含文件:         C:\VulkanSDK\1.4.350.0\include\vk_video/vulkan_video_codec_av1std.h
注意: 包含文件:         C:\VulkanSDK\1.4.350.0\include\vk_video/vulkan_video_codec_av1std_decode.h
注意: 包含文件:         C:\VulkanSDK\1.4.350.0\include\vk_video/vulkan_video_codec_av1std_encode.h
注意: 包含文件:         C:\VulkanSDK\1.4.350.0\include\vk_video/vulkan_video_codec_vp9std.h
注意: 包含文件:         C:\VulkanSDK\1.4.350.0\include\vk_video/vulkan_video_codec_vp9std_decode.h
注意: 包含文件:       ..\..\src\render/EnvironmentAsset.hpp
注意: 包含文件:       ..\..\src\scene/SceneDescription.hpp
注意: 包含文件:        ..\..\src\scene/TransformMath.hpp
注意: 包含文件:         ..\..\src\render/RenderMath.hpp
注意: 包含文件:     ..\..\src\editor/commands/DocumentVersion.hpp
注意: 包含文件:    ..\..\src\editor/GameBuildJob.hpp
注意: 包含文件:     D:\Visual Studio\2022\VC\Tools\MSVC\14.44.35207\include\future
注意: 包含文件:      D:\Visual Studio\2022\VC\Tools\MSVC\14.44.35207\include\condition_variable
注意: 包含文件:       D:\Visual Studio\2022\VC\Tools\MSVC\14.44.35207\include\mutex
注意: 包含文件:        D:\Visual Studio\2022\VC\Tools\MSVC\14.44.35207\include\thread
注意: 包含文件:         C:\Program Files (x86)\Windows Kits\10\include\10.0.26100.0\ucrt\process.h
注意: 包含文件:          C:\Program Files (x86)\Windows Kits\10\include\10.0.26100.0\ucrt\corecrt_startup.h
注意: 包含文件:           C:\Program Files (x86)\Windows Kits\10\include\10.0.26100.0\ucrt\math.h
注意: 包含文件:           D:\Visual Studio\2022\VC\Tools\MSVC\14.44.35207\include\vcruntime_startup.h
注意: 包含文件:      D:\Visual Studio\2022\VC\Tools\MSVC\14.44.35207\include\ppltasks.h
注意: 包含文件:       D:\Visual Studio\2022\VC\Tools\MSVC\14.44.35207\include\pplwin.h
注意: 包含文件:        D:\Visual Studio\2022\VC\Tools\MSVC\14.44.35207\include\pplinterface.h
注意: 包含文件:        D:\Visual Studio\2022\VC\Tools\MSVC\14.44.35207\include\ppltaskscheduler.h
注意: 包含文件:         D:\Visual Studio\2022\VC\Tools\MSVC\14.44.35207\include\crtdefs.h
注意: 包含文件:        D:\Visual Studio\2022\VC\Tools\MSVC\14.44.35207\include\pplcancellation_token.h
注意: 包含文件:    ..\..\src\runtime/GameRuntime.hpp
注意: 包含文件:     ..\..\src\runtime/InputActions.hpp
注意: 包含文件:      ..\..\src\runtime/GameplayKeys.hpp
注意: 包含文件:     ..\..\src\runtime/PhysicsWorld.hpp
注意: 包含文件:     ..\..\src\runtime/ThirdPersonCamera.hpp
注意: 包含文件:     ..\..\src\runtime/InteractionRuntime.hpp
注意: 包含文件:     ..\..\src\runtime/SystemRegistry.hpp
注意: 包含文件:      ..\..\src\runtime/IRuntimeSystem.hpp
注意: 包含文件:    ..\..\src\runtime/LevelSession.hpp
注意: 包含文件:    ..\..\src\runtime/ScriptRuntime.hpp
注意: 包含文件:    ..\..\src\editor/commands/EditService.hpp
注意: 包含文件:     ..\..\src\editor/commands/EditRegistry.hpp
注意: 包含文件:      ..\..\src\editor/commands/EditContracts.hpp
注意: 包含文件:    ..\..\src\editor/PanelContext.hpp
注意: 包含文件:     D:\Assigment\2609\FYP\Project\AzureRender\src\editor\SelectionService.hpp
注意: 包含文件:     D:\Assigment\2609\FYP\Project\AzureRender\src\editor\PanelDocumentView.hpp
注意: 包含文件:    ..\..\src\foundation/SettingRegistry.hpp
注意: 包含文件:    ..\..\src\extensions/ExtensionRegistry.hpp
注意: 包含文件:     D:\Assigment\2609\FYP\Project\AzureRender\src\extensions\ExtensionDescriptor.hpp
注意: 包含文件:     D:\Assigment\2609\FYP\Project\AzureRender\src\extensions\IAssetImporter.hpp
注意: 包含文件:     D:\Assigment\2609\FYP\Project\AzureRender\src\extensions\IRenderFeature.hpp
注意: 包含文件:     D:\Assigment\2609\FYP\Project\AzureRender\src\extensions\ISceneRenderer.hpp
注意: 包含文件:      ..\..\src\render/RenderGraph.hpp
注意: 包含文件:       ..\..\src\rhi/Rhi.hpp
注意: 包含文件:        ..\..\src\rhi/IGpuAllocator.hpp
注意: 包含文件:      D:\Visual Studio\2022\VC\Tools\MSVC\14.44.35207\include\sstream
注意: 包含文件:     ..\..\src\extensions/IEditorPanel.hpp
注意: 包含文件:     D:\Visual Studio\2022\VC\Tools\MSVC\14.44.35207\include\unordered_set
注意: 包含文件:    ..\..\src\editor/ai/ProposalController.hpp
注意: 包含文件:     D:\Assigment\2609\FYP\Project\AzureRender\src\editor\ai\ProposalContracts.hpp
注意: 包含文件:      ..\..\src\ai/ModelClient.hpp
注意: 包含文件:     D:\Assigment\2609\FYP\Project\AzureRender\src\editor\ai\ValidationPolicy.hpp
注意: 包含文件:    ..\..\src\editor/preview/DeveloperServices.hpp
注意: 包含文件:   D:\Assigment\2609\FYP\Project\AzureRender\src\editor\EditorWorkspace.hpp
注意: 包含文件:  D:\Assigment\2609\FYP\Project\AzureRender\src\editor\ui/Widgets.hpp
注意: 包含文件:   D:\Assigment\2609\FYP\Project\AzureRender\src\editor\ui\UiMetrics.hpp
注意: 包含文件:   D:\Assigment\2609\FYP\Project\AzureRender\src\editor\ui\ThemeTokens.hpp
注意: 包含文件:    ..\..\third_party\imgui\imgui.h
注意: 包含文件:     D:\Assigment\2609\FYP\Project\AzureRender\third_party\imgui\imconfig.h
注意: 包含文件:     D:\Visual Studio\2022\VC\Tools\MSVC\14.44.35207\include\stdarg.h
注意: 包含文件:     C:\Program Files (x86)\Windows Kits\10\include\10.0.26100.0\ucrt\assert.h
注意: 包含文件:  D:\Assigment\2609\FYP\Project\AzureRender\src\editor\ui/UiScopes.hpp
ImGuiEditorLayer.cpp
注意: 包含文件:  ..\..\src\runtime/InputPreferences.hpp
注意: 包含文件:   ..\..\src\foundation/SettingRegistry.hpp
注意: 包含文件:    vcpkg_installed\x64-windows\include\nlohmann/json.hpp
注意: 包含文件:     D:\Visual Studio\2022\VC\Tools\MSVC\14.44.35207\include\algorithm
注意: 包含文件:      D:\Visual Studio\2022\VC\Tools\MSVC\14.44.35207\include\yvals_core.h
注意: 包含文件:       D:\Visual Studio\2022\VC\Tools\MSVC\14.44.35207\include\vcruntime.h
注意: 包含文件:        D:\Visual Studio\2022\VC\Tools\MSVC\14.44.35207\include\sal.h
注意: 包含文件:         D:\Visual Studio\2022\VC\Tools\MSVC\14.44.35207\include\concurrencysal.h
注意: 包含文件:        D:\Visual Studio\2022\VC\Tools\MSVC\14.44.35207\include\vadefs.h
注意: 包含文件:       D:\Visual Studio\2022\VC\Tools\MSVC\14.44.35207\include\xkeycheck.h
注意: 包含文件:      D:\Visual Studio\2022\VC\Tools\MSVC\14.44.35207\include\__msvc_heap_algorithms.hpp
注意: 包含文件:       D:\Visual Studio\2022\VC\Tools\MSVC\14.44.35207\include\xutility
注意: 包含文件:        D:\Visual Studio\2022\VC\Tools\MSVC\14.44.35207\include\yvals.h
注意: 包含文件:         C:\Program Files (x86)\Windows Kits\10\include\10.0.26100.0\ucrt\crtdbg.h
注意: 包含文件:          C:\Program Files (x86)\Windows Kits\10\include\10.0.26100.0\ucrt\corecrt.h
注意: 包含文件:          D:\Visual Studio\2022\VC\Tools\MSVC\14.44.35207\include\vcruntime_new_debug.h
注意: 包含文件:           D:\Visual Studio\2022\VC\Tools\MSVC\14.44.35207\include\vcruntime_new.h
注意: 包含文件:         D:\Visual Studio\2022\VC\Tools\MSVC\14.44.35207\include\crtdefs.h
注意: 包含文件:         D:\Visual Studio\2022\VC\Tools\MSVC\14.44.35207\include\use_ansi.h
注意: 包含文件:        D:\Visual Studio\2022\VC\Tools\MSVC\14.44.35207\include\__msvc_iter_core.hpp
注意: 包含文件:         D:\Visual Studio\2022\VC\Tools\MSVC\14.44.35207\include\utility
注意: 包含文件:          D:\Visual Studio\2022\VC\Tools\MSVC\14.44.35207\include\initializer_list
注意: 包含文件:           D:\Visual Studio\2022\VC\Tools\MSVC\14.44.35207\include\cstddef
注意: 包含文件:            C:\Program Files (x86)\Windows Kits\10\include\10.0.26100.0\ucrt\stddef.h
注意: 包含文件:            D:\Visual Studio\2022\VC\Tools\MSVC\14.44.35207\include\xtr1common
注意: 包含文件:          D:\Visual Studio\2022\VC\Tools\MSVC\14.44.35207\include\type_traits
注意: 包含文件:           D:\Visual Studio\2022\VC\Tools\MSVC\14.44.35207\include\cstdint
注意: 包含文件:            D:\Visual Studio\2022\VC\Tools\MSVC\14.44.35207\include\stdint.h
注意: 包含文件:           D:\Visual Studio\2022\VC\Tools\MSVC\14.44.35207\include\cstring
注意: 包含文件:            C:\Program Files (x86)\Windows Kits\10\include\10.0.26100.0\ucrt\string.h
注意: 包含文件:             C:\Program Files (x86)\Windows Kits\10\include\10.0.26100.0\ucrt\corecrt_memory.h
注意: 包含文件:              C:\Program Files (x86)\Windows Kits\10\include\10.0.26100.0\ucrt\corecrt_memcpy_s.h
注意: 包含文件:               C:\Program Files (x86)\Windows Kits\10\include\10.0.26100.0\ucrt\errno.h
注意: 包含文件:               D:\Visual Studio\2022\VC\Tools\MSVC\14.44.35207\include\vcruntime_string.h
注意: 包含文件:             C:\Program Files (x86)\Windows Kits\10\include\10.0.26100.0\ucrt\corecrt_wstring.h
注意: 包含文件:        D:\Visual Studio\2022\VC\Tools\MSVC\14.44.35207\include\climits
注意: 包含文件:         D:\Visual Studio\2022\VC\Tools\MSVC\14.44.35207\include\limits.h
注意: 包含文件:        D:\Visual Studio\2022\VC\Tools\MSVC\14.44.35207\include\cstdlib
注意: 包含文件:         C:\Program Files (x86)\Windows Kits\10\include\10.0.26100.0\ucrt\math.h
注意: 包含文件:          C:\Program Files (x86)\Windows Kits\10\include\10.0.26100.0\ucrt\corecrt_math.h
注意: 包含文件:         C:\Program Files (x86)\Windows Kits\10\include\10.0.26100.0\ucrt\stdlib.h
注意: 包含文件:          C:\Program Files (x86)\Windows Kits\10\include\10.0.26100.0\ucrt\corecrt_malloc.h
注意: 包含文件:          C:\Program Files (x86)\Windows Kits\10\include\10.0.26100.0\ucrt\corecrt_search.h
注意: 包含文件:          C:\Program Files (x86)\Windows Kits\10\include\10.0.26100.0\ucrt\corecrt_wstdlib.h
注意: 包含文件:        D:\Visual Studio\2022\VC\Tools\MSVC\14.44.35207\include\cwchar
注意: 包含文件:         D:\Visual Studio\2022\VC\Tools\MSVC\14.44.35207\include\cstdio
注意: 包含文件:          C:\Program Files (x86)\Windows Kits\10\include\10.0.26100.0\ucrt\stdio.h
注意: 包含文件:           C:\Program Files (x86)\Windows Kits\10\include\10.0.26100.0\ucrt\corecrt_wstdio.h
注意: 包含文件:            C:\Program Files (x86)\Windows Kits\10\include\10.0.26100.0\ucrt\corecrt_stdio_config.h
注意: 包含文件:         C:\Program Files (x86)\Windows Kits\10\include\10.0.26100.0\ucrt\wchar.h
注意: 包含文件:          C:\Program Files (x86)\Windows Kits\10\include\10.0.26100.0\ucrt\corecrt_wconio.h
注意: 包含文件:          C:\Program Files (x86)\Windows Kits\10\include\10.0.26100.0\ucrt\corecrt_wctype.h
注意: 包含文件:          C:\Program Files (x86)\Windows Kits\10\include\10.0.26100.0\ucrt\corecrt_wdirect.h
注意: 包含文件:          C:\Program Files (x86)\Windows Kits\10\include\10.0.26100.0\ucrt\corecrt_wio.h
注意: 包含文件:           C:\Program Files (x86)\Windows Kits\10\include\10.0.26100.0\ucrt\corecrt_share.h
注意: 包含文件:          C:\Program Files (x86)\Windows Kits\10\include\10.0.26100.0\ucrt\corecrt_wprocess.h
注意: 包含文件:          C:\Program Files (x86)\Windows Kits\10\include\10.0.26100.0\ucrt\corecrt_wtime.h
注意: 包含文件:          C:\Program Files (x86)\Windows Kits\10\include\10.0.26100.0\ucrt\sys/stat.h
注意: 包含文件:           C:\Program Files (x86)\Windows Kits\10\include\10.0.26100.0\ucrt\sys/types.h
注意: 包含文件:          D:\Visual Studio\2022\VC\Tools\MSVC\14.44.35207\include\intrin.h
注意: 包含文件:           D:\Visual Studio\2022\VC\Tools\MSVC\14.44.35207\include\intrin0.inl.h
注意: 包含文件:           D:\Visual Studio\2022\VC\Tools\MSVC\14.44.35207\include\setjmp.h
注意: 包含文件:           D:\Visual Studio\2022\VC\Tools\MSVC\14.44.35207\include\immintrin.h
注意: 包含文件:            D:\Visual Studio\2022\VC\Tools\MSVC\14.44.35207\include\wmmintrin.h
注意: 包含文件:             D:\Visual Studio\2022\VC\Tools\MSVC\14.44.35207\include\nmmintrin.h
注意: 包含文件:              D:\Visual Studio\2022\VC\Tools\MSVC\14.44.35207\include\smmintrin.h
注意: 包含文件:               D:\Visual Studio\2022\VC\Tools\MSVC\14.44.35207\include\tmmintrin.h
注意: 包含文件:                D:\Visual Studio\2022\VC\Tools\MSVC\14.44.35207\include\pmmintrin.h
注意: 包含文件:                 D:\Visual Studio\2022\VC\Tools\MSVC\14.44.35207\include\emmintrin.h
注意: 包含文件:                  D:\Visual Studio\2022\VC\Tools\MSVC\14.44.35207\include\xmmintrin.h
注意: 包含文件:                   D:\Visual Studio\2022\VC\Tools\MSVC\14.44.35207\include\mmintrin.h
注意: 包含文件:                   C:\Program Files (x86)\Windows Kits\10\include\10.0.26100.0\ucrt\malloc.h
注意: 包含文件:            D:\Visual Studio\2022\VC\Tools\MSVC\14.44.35207\include\zmmintrin.h
注意: 包含文件:           D:\Visual Studio\2022\VC\Tools\MSVC\14.44.35207\include\ammintrin.h
注意: 包含文件:      D:\Visual Studio\2022\VC\Tools\MSVC\14.44.35207\include\__msvc_minmax.hpp
注意: 包含文件:      D:\Visual Studio\2022\VC\Tools\MSVC\14.44.35207\include\xmemory
注意: 包含文件:       D:\Visual Studio\2022\VC\Tools\MSVC\14.44.35207\include\limits
注意: 包含文件:        D:\Visual Studio\2022\VC\Tools\MSVC\14.44.35207\include\cfloat
注意: 包含文件:         C:\Program Files (x86)\Windows Kits\10\include\10.0.26100.0\ucrt\float.h
注意: 包含文件:        D:\Visual Studio\2022\VC\Tools\MSVC\14.44.35207\include\intrin0.h
注意: 包含文件:       D:\Visual Studio\2022\VC\Tools\MSVC\14.44.35207\include\new
注意: 包含文件:        D:\Visual Studio\2022\VC\Tools\MSVC\14.44.35207\include\exception
注意: 包含文件:         D:\Visual Studio\2022\VC\Tools\MSVC\14.44.35207\include\vcruntime_exception.h
注意: 包含文件:          D:\Visual Studio\2022\VC\Tools\MSVC\14.44.35207\include\eh.h
注意: 包含文件:           C:\Program Files (x86)\Windows Kits\10\include\10.0.26100.0\ucrt\corecrt_terminate.h
注意: 包含文件:       D:\Visual Studio\2022\VC\Tools\MSVC\14.44.35207\include\xatomic.h
注意: 包含文件:     D:\Visual Studio\2022\VC\Tools\MSVC\14.44.35207\include\functional
注意: 包含文件:      D:\Visual Studio\2022\VC\Tools\MSVC\14.44.35207\include\tuple
注意: 包含文件:      D:\Visual Studio\2022\VC\Tools\MSVC\14.44.35207\include\typeinfo
注意: 包含文件:       D:\Visual Studio\2022\VC\Tools\MSVC\14.44.35207\include\vcruntime_typeinfo.h
注意: 包含文件:      D:\Visual Studio\2022\VC\Tools\MSVC\14.44.35207\include\unordered_map
注意: 包含文件:       D:\Visual Studio\2022\VC\Tools\MSVC\14.44.35207\include\xhash
注意: 包含文件:        D:\Visual Studio\2022\VC\Tools\MSVC\14.44.35207\include\cmath
注意: 包含文件:        D:\Visual Studio\2022\VC\Tools\MSVC\14.44.35207\include\list
注意: 包含文件:         D:\Visual Studio\2022\VC\Tools\MSVC\14.44.35207\include\xpolymorphic_allocator.h
注意: 包含文件:        D:\Visual Studio\2022\VC\Tools\MSVC\14.44.35207\include\vector
注意: 包含文件:         D:\Visual Studio\2022\VC\Tools\MSVC\14.44.35207\include\__msvc_bit_utils.hpp
注意: 包含文件:         D:\Visual Studio\2022\VC\Tools\MSVC\14.44.35207\include\__msvc_sanitizer_annotate_container.hpp
注意: 包含文件:        D:\Visual Studio\2022\VC\Tools\MSVC\14.44.35207\include\xbit_ops.h
注意: 包含文件:        D:\Visual Studio\2022\VC\Tools\MSVC\14.44.35207\include\xnode_handle.h
注意: 包含文件:     D:\Visual Studio\2022\VC\Tools\MSVC\14.44.35207\include\iosfwd
注意: 包含文件:     D:\Visual Studio\2022\VC\Tools\MSVC\14.44.35207\include\iterator
注意: 包含文件:     D:\Visual Studio\2022\VC\Tools\MSVC\14.44.35207\include\memory
注意: 包含文件:     D:\Visual Studio\2022\VC\Tools\MSVC\14.44.35207\include\string
注意: 包含文件:      D:\Visual Studio\2022\VC\Tools\MSVC\14.44.35207\include\xstring
注意: 包含文件:       D:\Visual Studio\2022\VC\Tools\MSVC\14.44.35207\include\__msvc_string_view.hpp
注意: 包含文件:      D:\Visual Studio\2022\VC\Tools\MSVC\14.44.35207\include\cctype
注意: 包含文件:       C:\Program Files (x86)\Windows Kits\10\include\10.0.26100.0\ucrt\ctype.h
注意: 包含文件:     vcpkg_installed\x64-windows\include\nlohmann/adl_serializer.hpp
注意: 包含文件:      vcpkg_installed\x64-windows\include\nlohmann/detail/abi_macros.hpp
注意: 包含文件:      vcpkg_installed\x64-windows\include\nlohmann/detail/conversions/from_json.hpp
注意: 包含文件:       D:\Visual Studio\2022\VC\Tools\MSVC\14.44.35207\include\array
注意: 包含文件:       D:\Visual Studio\2022\VC\Tools\MSVC\14.44.35207\include\forward_list
注意: 包含文件:       D:\Visual Studio\2022\VC\Tools\MSVC\14.44.35207\include\map
注意: 包含文件:        D:\Visual Studio\2022\VC\Tools\MSVC\14.44.35207\include\xtree
注意: 包含文件:       D:\Visual Studio\2022\VC\Tools\MSVC\14.44.35207\include\valarray
注意: 包含文件:       vcpkg_installed\x64-windows\include\nlohmann/detail/exceptions.hpp
注意: 包含文件:        D:\Visual Studio\2022\VC\Tools\MSVC\14.44.35207\include\stdexcept
注意: 包含文件:        vcpkg_installed\x64-windows\include\nlohmann/detail/value_t.hpp
注意: 包含文件:         vcpkg_installed\x64-windows\include\nlohmann/detail/macro_scope.hpp
注意: 包含文件:          vcpkg_installed\x64-windows\include\nlohmann/detail/meta/detected.hpp
注意: 包含文件:           vcpkg_installed\x64-windows\include\nlohmann/detail/meta/void_t.hpp
注意: 包含文件:          vcpkg_installed\x64-windows\include\nlohmann/thirdparty/hedley/hedley.hpp
注意: 包含文件:          D:\Visual Studio\2022\VC\Tools\MSVC\14.44.35207\include\version
注意: 包含文件:          D:\Visual Studio\2022\VC\Tools\MSVC\14.44.35207\include\cassert
注意: 包含文件:           C:\Program Files (x86)\Windows Kits\10\include\10.0.26100.0\ucrt\assert.h
注意: 包含文件:        vcpkg_installed\x64-windows\include\nlohmann/detail/string_escape.hpp
注意: 包含文件:        vcpkg_installed\x64-windows\include\nlohmann/detail/input/position_t.hpp
注意: 包含文件:        vcpkg_installed\x64-windows\include\nlohmann/detail/meta/cpp_future.hpp
注意: 包含文件:        vcpkg_installed\x64-windows\include\nlohmann/detail/meta/type_traits.hpp
注意: 包含文件:         vcpkg_installed\x64-windows\include\nlohmann/detail/iterators/iterator_traits.hpp
注意: 包含文件:         vcpkg_installed\x64-windows\include\nlohmann/detail/meta/call_std/begin.hpp
注意: 包含文件:         vcpkg_installed\x64-windows\include\nlohmann/detail/meta/call_std/end.hpp
注意: 包含文件:         vcpkg_installed\x64-windows\include\nlohmann/json_fwd.hpp
注意: 包含文件:        vcpkg_installed\x64-windows\include\nlohmann/detail/string_concat.hpp
注意: 包含文件:       vcpkg_installed\x64-windows\include\nlohmann/detail/meta/identity_tag.hpp
注意: 包含文件:       vcpkg_installed\x64-windows\include\nlohmann/detail/meta/std_fs.hpp
注意: 包含文件:        D:\Visual Studio\2022\VC\Tools\MSVC\14.44.35207\include\filesystem
注意: 包含文件:         D:\Visual Studio\2022\VC\Tools\MSVC\14.44.35207\include\chrono
注意: 包含文件:          D:\Visual Studio\2022\VC\Tools\MSVC\14.44.35207\include\__msvc_chrono.hpp
注意: 包含文件:           D:\Visual Studio\2022\VC\Tools\MSVC\14.44.35207\include\ctime
注意: 包含文件:            C:\Program Files (x86)\Windows Kits\10\include\10.0.26100.0\ucrt\time.h
注意: 包含文件:           D:\Visual Studio\2022\VC\Tools\MSVC\14.44.35207\include\ratio
注意: 包含文件:           D:\Visual Studio\2022\VC\Tools\MSVC\14.44.35207\include\xtimec.h
注意: 包含文件:          D:\Visual Studio\2022\VC\Tools\MSVC\14.44.35207\include\system_error
注意: 包含文件:           D:\Visual Studio\2022\VC\Tools\MSVC\14.44.35207\include\__msvc_system_error_abi.hpp
注意: 包含文件:           D:\Visual Studio\2022\VC\Tools\MSVC\14.44.35207\include\cerrno
注意: 包含文件:           D:\Visual Studio\2022\VC\Tools\MSVC\14.44.35207\include\xcall_once.h
注意: 包含文件:           D:\Visual Studio\2022\VC\Tools\MSVC\14.44.35207\include\xerrc.h
注意: 包含文件:           D:\Visual Studio\2022\VC\Tools\MSVC\14.44.35207\include\atomic
注意: 包含文件:            D:\Visual Studio\2022\VC\Tools\MSVC\14.44.35207\include\xthreads.h
注意: 包含文件:             D:\Visual Studio\2022\VC\Tools\MSVC\14.44.35207\include\__msvc_threads_core.hpp
注意: 包含文件:          D:\Visual Studio\2022\VC\Tools\MSVC\14.44.35207\include\xfilesystem_abi.h
注意: 包含文件:         D:\Visual Studio\2022\VC\Tools\MSVC\14.44.35207\include\iomanip
注意: 包含文件:          D:\Visual Studio\2022\VC\Tools\MSVC\14.44.35207\include\istream
注意: 包含文件:           D:\Visual Studio\2022\VC\Tools\MSVC\14.44.35207\include\__msvc_ostream.hpp
注意: 包含文件:            D:\Visual Studio\2022\VC\Tools\MSVC\14.44.35207\include\ios
注意: 包含文件:             D:\Visual Studio\2022\VC\Tools\MSVC\14.44.35207\include\xlocnum
注意: 包含文件:              D:\Visual Studio\2022\VC\Tools\MSVC\14.44.35207\include\streambuf
注意: 包含文件:               D:\Visual Studio\2022\VC\Tools\MSVC\14.44.35207\include\xiosbase
注意: 包含文件:                C:\Program Files (x86)\Windows Kits\10\include\10.0.26100.0\ucrt\share.h
注意: 包含文件:                D:\Visual Studio\2022\VC\Tools\MSVC\14.44.35207\include\xlocale
注意: 包含文件:                 D:\Visual Studio\2022\VC\Tools\MSVC\14.44.35207\include\xfacet
注意: 包含文件:                 D:\Visual Studio\2022\VC\Tools\MSVC\14.44.35207\include\xlocinfo
注意: 包含文件:                  D:\Visual Studio\2022\VC\Tools\MSVC\14.44.35207\include\__msvc_xlocinfo_types.hpp
注意: 包含文件:                  D:\Visual Studio\2022\VC\Tools\MSVC\14.44.35207\include\clocale
注意: 包含文件:                   C:\Program Files (x86)\Windows Kits\10\include\10.0.26100.0\ucrt\locale.h
注意: 包含文件:          D:\Visual Studio\2022\VC\Tools\MSVC\14.44.35207\include\xlocmon
注意: 包含文件:          D:\Visual Studio\2022\VC\Tools\MSVC\14.44.35207\include\xloctime
注意: 包含文件:         D:\Visual Studio\2022\VC\Tools\MSVC\14.44.35207\include\locale
注意: 包含文件:          D:\Visual Studio\2022\VC\Tools\MSVC\14.44.35207\include\xlocbuf
注意: 包含文件:          D:\Visual Studio\2022\VC\Tools\MSVC\14.44.35207\include\xlocmes
注意: 包含文件:       D:\Visual Studio\2022\VC\Tools\MSVC\14.44.35207\include\optional
注意: 包含文件:        D:\Visual Studio\2022\VC\Tools\MSVC\14.44.35207\include\xsmf_control.h
注意: 包含文件:      vcpkg_installed\x64-windows\include\nlohmann/detail/conversions/to_json.hpp
注意: 包含文件:       vcpkg_installed\x64-windows\include\nlohmann/detail/iterators/iteration_proxy.hpp
注意: 包含文件:        vcpkg_installed\x64-windows\include\nlohmann/detail/string_utils.hpp
注意: 包含文件:     vcpkg_installed\x64-windows\include\nlohmann/byte_container_with_subtype.hpp
注意: 包含文件:     vcpkg_installed\x64-windows\include\nlohmann/detail/hash.hpp
注意: 包含文件:     vcpkg_installed\x64-windows\include\nlohmann/detail/input/binary_reader.hpp
注意: 包含文件:      vcpkg_installed\x64-windows\include\nlohmann/detail/input/input_adapters.hpp
注意: 包含文件:       D:\Visual Studio\2022\VC\Tools\MSVC\14.44.35207\include\numeric
注意: 包含文件:      vcpkg_installed\x64-windows\include\nlohmann/detail/input/json_sax.hpp
注意: 包含文件:       vcpkg_installed\x64-windows\include\nlohmann/detail/input/lexer.hpp
注意: 包含文件:      vcpkg_installed\x64-windows\include\nlohmann/detail/meta/is_sax.hpp
注意: 包含文件:     vcpkg_installed\x64-windows\include\nlohmann/detail/input/parser.hpp
注意: 包含文件:     vcpkg_installed\x64-windows\include\nlohmann/detail/iterators/internal_iterator.hpp
注意: 包含文件:      vcpkg_installed\x64-windows\include\nlohmann/detail/iterators/primitive_iterator.hpp
注意: 包含文件:     vcpkg_installed\x64-windows\include\nlohmann/detail/iterators/iter_impl.hpp
注意: 包含文件:     vcpkg_installed\x64-windows\include\nlohmann/detail/iterators/json_reverse_iterator.hpp
注意: 包含文件:     vcpkg_installed\x64-windows\include\nlohmann/detail/json_custom_base_class.hpp
注意: 包含文件:     vcpkg_installed\x64-windows\include\nlohmann/detail/json_pointer.hpp
注意: 包含文件:     vcpkg_installed\x64-windows\include\nlohmann/detail/json_ref.hpp
注意: 包含文件:     vcpkg_installed\x64-windows\include\nlohmann/detail/output/binary_writer.hpp
注意: 包含文件:      vcpkg_installed\x64-windows\include\nlohmann/detail/output/output_adapters.hpp
注意: 包含文件:       D:\Visual Studio\2022\VC\Tools\MSVC\14.44.35207\include\ostream
注意: 包含文件:     vcpkg_installed\x64-windows\include\nlohmann/detail/output/serializer.hpp
注意: 包含文件:      vcpkg_installed\x64-windows\include\nlohmann/detail/conversions/to_chars.hpp
注意: 包含文件:     vcpkg_installed\x64-windows\include\nlohmann/ordered_map.hpp
注意: 包含文件:     D:\Visual Studio\2022\VC\Tools\MSVC\14.44.35207\include\any
注意: 包含文件:     D:\Visual Studio\2022\VC\Tools\MSVC\14.44.35207\include\string_view
注意: 包含文件:     vcpkg_installed\x64-windows\include\nlohmann/detail/macro_unscope.hpp
注意: 包含文件:      vcpkg_installed\x64-windows\include\nlohmann/thirdparty/hedley/hedley_undef.hpp
注意: 包含文件:    D:\Visual Studio\2022\VC\Tools\MSVC\14.44.35207\include\thread
注意: 包含文件:     C:\Program Files (x86)\Windows Kits\10\include\10.0.26100.0\ucrt\process.h
注意: 包含文件:      C:\Program Files (x86)\Windows Kits\10\include\10.0.26100.0\ucrt\corecrt_startup.h
注意: 包含文件:       C:\Program Files (x86)\Windows Kits\10\include\10.0.26100.0\ucrt\math.h
注意: 包含文件:       D:\Visual Studio\2022\VC\Tools\MSVC\14.44.35207\include\vcruntime_startup.h
注意: 包含文件:  D:\Assigment\2609\FYP\Project\AzureRender\src\editor\ImGuiEditorLayer.hpp
注意: 包含文件:   D:\Assigment\2609\FYP\Project\AzureRender\src\editor\EditorCameraController.hpp
注意: 包含文件:   D:\Assigment\2609\FYP\Project\AzureRender\src\editor\EditorSession.hpp
注意: 包含文件:    D:\Assigment\2609\FYP\Project\AzureRender\src\editor\EditorContext.hpp
注意: 包含文件:     D:\Assigment\2609\FYP\Project\AzureRender\src\editor\SceneModel.hpp
注意: 包含文件:      ..\..\src\runtime/SceneDocument.hpp
注意: 包含文件:       ..\..\src\render/RenderSettings.hpp
注意: 包含文件:        ..\..\src\extensions/SceneType.hpp
注意: 包含文件:     ..\..\src\ecs/Components.hpp
注意: 包含文件:      D:\Assigment\2609\FYP\Project\AzureRender\src\ecs\Entity.hpp
注意: 包含文件:      ..\..\src\reflection/Annotations.hpp
注意: 包含文件:     ..\..\src\ecs/World.hpp
注意: 包含文件:      D:\Assigment\2609\FYP\Project\AzureRender\src\ecs\ComponentArray.hpp
注意: 包含文件:       D:\Assigment\2609\FYP\Project\AzureRender\src\ecs\IComponentArray.hpp
注意: 包含文件:      D:\Visual Studio\2022\VC\Tools\MSVC\14.44.35207\include\typeindex
注意: 包含文件:     ..\..\src\runtime/AssetDatabase.hpp
注意: 包含文件:      ..\..\src\runtime/Project.hpp
注意: 包含文件:      ..\..\src\assets/GeneratorRegistry.hpp
注意: 包含文件:       ..\..\src\assets/GenerationManifest.hpp
注意: 包含文件:     ..\..\src\runtime/Level.hpp
注意: 包含文件:      ..\..\src\runtime/ComponentCodec.hpp
注意: 包含文件:       ..\..\src\runtime/ComponentRegistry.hpp
注意: 包含文件:        ..\..\src\reflection/Registry.hpp
注意: 包含文件:      ..\..\src\assets/GltfLoader.hpp
注意: 包含文件:     ..\..\src\runtime/PresentationRuntime.hpp
注意: 包含文件:      ..\..\src\runtime/AnimationStateMachine.hpp
注意: 包含文件:      ..\..\src\runtime/AudioRuntime.hpp
注意: 包含文件:      ..\..\src\runtime/RuntimeLifecycle.hpp
注意: 包含文件:       D:\Visual Studio\2022\VC\Tools\MSVC\14.44.35207\include\set
注意: 包含文件:      ..\..\src\runtime/GameComponents.hpp
注意: 包含文件:       ..\..\src\ecs/GameComponents.hpp
注意: 包含文件:      ..\..\src\render/RenderContext.hpp
注意: 包含文件:       C:\VulkanSDK\1.4.350.0\include\vulkan/vulkan.h
注意: 包含文件:        C:\VulkanSDK\1.4.350.0\include\vulkan\vk_platform.h
注意: 包含文件:        C:\VulkanSDK\1.4.350.0\include\vulkan\vulkan_core.h
注意: 包含文件:         C:\VulkanSDK\1.4.350.0\include\vk_video/vulkan_video_codec_h264std.h
注意: 包含文件:          C:\VulkanSDK\1.4.350.0\include\vk_video\vulkan_video_codecs_common.h
注意: 包含文件:         C:\VulkanSDK\1.4.350.0\include\vk_video/vulkan_video_codec_h264std_encode.h
注意: 包含文件:         C:\VulkanSDK\1.4.350.0\include\vk_video/vulkan_video_codec_h265std.h
注意: 包含文件:         C:\VulkanSDK\1.4.350.0\include\vk_video/vulkan_video_codec_h265std_encode.h
注意: 包含文件:         C:\VulkanSDK\1.4.350.0\include\vk_video/vulkan_video_codec_h264std_decode.h
注意: 包含文件:         C:\VulkanSDK\1.4.350.0\include\vk_video/vulkan_video_codec_h265std_decode.h
注意: 包含文件:         C:\VulkanSDK\1.4.350.0\include\vk_video/vulkan_video_codec_av1std.h
注意: 包含文件:         C:\VulkanSDK\1.4.350.0\include\vk_video/vulkan_video_codec_av1std_decode.h
注意: 包含文件:         C:\VulkanSDK\1.4.350.0\include\vk_video/vulkan_video_codec_av1std_encode.h
注意: 包含文件:         C:\VulkanSDK\1.4.350.0\include\vk_video/vulkan_video_codec_vp9std.h
注意: 包含文件:         C:\VulkanSDK\1.4.350.0\include\vk_video/vulkan_video_codec_vp9std_decode.h
注意: 包含文件:       ..\..\src\render/EnvironmentAsset.hpp
注意: 包含文件:       ..\..\src\scene/SceneDescription.hpp
注意: 包含文件:        ..\..\src\scene/TransformMath.hpp
注意: 包含文件:         ..\..\src\render/RenderMath.hpp
注意: 包含文件:     ..\..\src\editor/commands/DocumentVersion.hpp
注意: 包含文件:    ..\..\src\editor/GameBuildJob.hpp
注意: 包含文件:     D:\Visual Studio\2022\VC\Tools\MSVC\14.44.35207\include\future
注意: 包含文件:      D:\Visual Studio\2022\VC\Tools\MSVC\14.44.35207\include\condition_variable
注意: 包含文件:       D:\Visual Studio\2022\VC\Tools\MSVC\14.44.35207\include\mutex
注意: 包含文件:      D:\Visual Studio\2022\VC\Tools\MSVC\14.44.35207\include\ppltasks.h
注意: 包含文件:       D:\Visual Studio\2022\VC\Tools\MSVC\14.44.35207\include\pplwin.h
注意: 包含文件:        D:\Visual Studio\2022\VC\Tools\MSVC\14.44.35207\include\pplinterface.h
注意: 包含文件:        D:\Visual Studio\2022\VC\Tools\MSVC\14.44.35207\include\ppltaskscheduler.h
注意: 包含文件:         D:\Visual Studio\2022\VC\Tools\MSVC\14.44.35207\include\crtdefs.h
注意: 包含文件:        D:\Visual Studio\2022\VC\Tools\MSVC\14.44.35207\include\pplcancellation_token.h
注意: 包含文件:    ..\..\src\runtime/GameRuntime.hpp
注意: 包含文件:     ..\..\src\runtime/InputActions.hpp
注意: 包含文件:      ..\..\src\runtime/GameplayKeys.hpp
注意: 包含文件:     ..\..\src\runtime/PhysicsWorld.hpp
注意: 包含文件:     ..\..\src\runtime/ThirdPersonCamera.hpp
注意: 包含文件:     ..\..\src\runtime/InteractionRuntime.hpp
注意: 包含文件:     ..\..\src\runtime/SystemRegistry.hpp
注意: 包含文件:      ..\..\src\runtime/IRuntimeSystem.hpp
注意: 包含文件:    ..\..\src\runtime/LevelSession.hpp
注意: 包含文件:    ..\..\src\runtime/ScriptRuntime.hpp
注意: 包含文件:    ..\..\src\editor/commands/EditService.hpp
注意: 包含文件:     ..\..\src\editor/commands/EditRegistry.hpp
注意: 包含文件:      ..\..\src\editor/commands/EditContracts.hpp
注意: 包含文件:    ..\..\src\editor/PanelContext.hpp
注意: 包含文件:     D:\Assigment\2609\FYP\Project\AzureRender\src\editor\SelectionService.hpp
注意: 包含文件:     D:\Assigment\2609\FYP\Project\AzureRender\src\editor\PanelDocumentView.hpp
注意: 包含文件:    ..\..\src\extensions/ExtensionRegistry.hpp
注意: 包含文件:     D:\Assigment\2609\FYP\Project\AzureRender\src\extensions\ExtensionDescriptor.hpp
注意: 包含文件:     D:\Assigment\2609\FYP\Project\AzureRender\src\extensions\IAssetImporter.hpp
注意: 包含文件:     D:\Assigment\2609\FYP\Project\AzureRender\src\extensions\IRenderFeature.hpp
注意: 包含文件:     D:\Assigment\2609\FYP\Project\AzureRender\src\extensions\ISceneRenderer.hpp
注意: 包含文件:      ..\..\src\render/RenderGraph.hpp
注意: 包含文件:       ..\..\src\rhi/Rhi.hpp
注意: 包含文件:        ..\..\src\rhi/IGpuAllocator.hpp
注意: 包含文件:      D:\Visual Studio\2022\VC\Tools\MSVC\14.44.35207\include\sstream
注意: 包含文件:     ..\..\src\extensions/IEditorPanel.hpp
注意: 包含文件:     D:\Visual Studio\2022\VC\Tools\MSVC\14.44.35207\include\unordered_set
注意: 包含文件:    ..\..\src\editor/ai/ProposalController.hpp
注意: 包含文件:     D:\Assigment\2609\FYP\Project\AzureRender\src\editor\ai\ProposalContracts.hpp
注意: 包含文件:      ..\..\src\ai/ModelClient.hpp
注意: 包含文件:     D:\Assigment\2609\FYP\Project\AzureRender\src\editor\ai\ValidationPolicy.hpp
注意: 包含文件:    ..\..\src\editor/preview/DeveloperServices.hpp
注意: 包含文件:   ..\..\src\runtime/GameUi.hpp
注意: 包含文件:   D:\Assigment\2609\FYP\Project\AzureRender\src\editor\IEditorPanel.hpp
注意: 包含文件:   D:\Assigment\2609\FYP\Project\AzureRender\src\editor\EditorWorkspace.hpp
注意: 包含文件:  D:\Assigment\2609\FYP\Project\AzureRender\src\editor\EditorTheme.hpp
注意: 包含文件:  D:\Assigment\2609\FYP\Project\AzureRender\src\editor\EditorToolbar.hpp
注意: 包含文件:  ..\..\src\resources/ResourceLocator.hpp
注意: 包含文件:  vcpkg_installed\x64-windows\include\GLFW/glfw3.h
注意: 包含文件:   C:\Program Files (x86)\Windows Kits\10\\include\10.0.26100.0\\um\GL/gl.h
注意: 包含文件:    C:\Program Files (x86)\Windows Kits\10\\include\10.0.26100.0\\shared\winapifamily.h
注意: 包含文件:     C:\Program Files (x86)\Windows Kits\10\\include\10.0.26100.0\\shared\winpackagefamily.h
注意: 包含文件:  ..\..\src\diagnostics/RuntimeDiagnostics.hpp
注意: 包含文件:  ..\..\src\editor/GameplayDebugGeometry.hpp
注意: 包含文件:   vcpkg_installed\x64-windows\include\Jolt/Jolt.h
注意: 包含文件:    vcpkg_installed\x64-windows\include\Jolt/Core/Core.h
注意: 包含文件:    vcpkg_installed\x64-windows\include\Jolt/Core/ARMNeon.h
注意: 包含文件:    vcpkg_installed\x64-windows\include\Jolt/Core/RISCVVector.h
注意: 包含文件:    vcpkg_installed\x64-windows\include\Jolt/Core/Memory.h
注意: 包含文件:    vcpkg_installed\x64-windows\include\Jolt/Core/IssueReporting.h
注意: 包含文件:    vcpkg_installed\x64-windows\include\Jolt/Core/Array.h
注意: 包含文件:     vcpkg_installed\x64-windows\include\Jolt/Core/STLAllocator.h
注意: 包含文件:     vcpkg_installed\x64-windows\include\Jolt/Core/HashCombine.h
注意: 包含文件:    vcpkg_installed\x64-windows\include\Jolt/Math/Math.h
注意: 包含文件:    vcpkg_installed\x64-windows\include\Jolt/Math/Vec4.h
注意: 包含文件:     vcpkg_installed\x64-windows\include\Jolt/Math/Float4.h
注意: 包含文件:     vcpkg_installed\x64-windows\include\Jolt/Math/Swizzle.h
注意: 包含文件:     vcpkg_installed\x64-windows\include\Jolt/Math/MathTypes.h
注意: 包含文件:     D:\Assigment\2609\FYP\Project\AzureRender\build\ninja-msvc-debug\vcpkg_installed\x64-windows\include\Jolt\Math\Vec4.inl
注意: 包含文件:      vcpkg_installed\x64-windows\include\Jolt/Math/Trigonometry.h
注意: 包含文件:      vcpkg_installed\x64-windows\include\Jolt/Math/Vec3.h
注意: 包含文件:       vcpkg_installed\x64-windows\include\Jolt/Core/StaticArray.h
注意: 包含文件:       vcpkg_installed\x64-windows\include\Jolt/Math/Float3.h
注意: 包含文件:       D:\Assigment\2609\FYP\Project\AzureRender\build\ninja-msvc-debug\vcpkg_installed\x64-windows\include\Jolt\Math\Vec3.inl
注意: 包含文件:        vcpkg_installed\x64-windows\include\Jolt/Math/UVec4.h
注意: 包含文件:         D:\Assigment\2609\FYP\Project\AzureRender\build\ninja-msvc-debug\vcpkg_installed\x64-windows\include\Jolt\Math\UVec4.inl
注意: 包含文件:        D:\Visual Studio\2022\VC\Tools\MSVC\14.44.35207\include\random
注意: 包含文件:         D:\Visual Studio\2022\VC\Tools\MSVC\14.44.35207\include\__msvc_int128.hpp
注意: 包含文件:    vcpkg_installed\x64-windows\include\Jolt/Math/Mat44.h
注意: 包含文件:     D:\Assigment\2609\FYP\Project\AzureRender\build\ninja-msvc-debug\vcpkg_installed\x64-windows\include\Jolt\Math\Mat44.inl
注意: 包含文件:      vcpkg_installed\x64-windows\include\Jolt/Math/Quat.h
注意: 包含文件:       D:\Assigment\2609\FYP\Project\AzureRender\build\ninja-msvc-debug\vcpkg_installed\x64-windows\include\Jolt\Math\Quat.inl
注意: 包含文件:    vcpkg_installed\x64-windows\include\Jolt/Math/Real.h
注意: 包含文件:     vcpkg_installed\x64-windows\include\Jolt/Math/DVec3.h
注意: 包含文件:      vcpkg_installed\x64-windows\include\Jolt/Math/Double3.h
注意: 包含文件:      D:\Assigment\2609\FYP\Project\AzureRender\build\ninja-msvc-debug\vcpkg_installed\x64-windows\include\Jolt\Math\DVec3.inl
注意: 包含文件:     vcpkg_installed\x64-windows\include\Jolt/Math/DMat44.h
注意: 包含文件:      D:\Assigment\2609\FYP\Project\AzureRender\build\ninja-msvc-debug\vcpkg_installed\x64-windows\include\Jolt\Math\DMat44.inl
