frame,renderPath,shadowMs,sceneMs,postProcessMs,frameMs
1,traditional,0.035936,0.143360,0.139264,0.318560
2,traditional,0.026944,0.146432,0.198656,0.372032
3,traditional,0.023936,0.148480,0.204800,0.377216
4,traditional,0.024576,0.142336,0.203776,0.370688
5,traditional,0.027136,0.146432,0.200704,0.374272
6,traditional,0.025888,0.145408,0.205824,0.377120
7,traditional,0.025472,0.057344,0.133120,0.215936
8,traditional,0.025728,0.057344,0.133120,0.216192
9,traditional,0.021984,0.057344,0.126976,0.206304
10,traditional,0.024896,0.056320,0.129024,0.210240
11,traditional,0.024576,0.056320,0.131072,0.211968
12,traditional,0.027392,0.055296,0.146432,0.229120
13,traditional,0.023552,0.050176,0.128000,0.201728
14,traditional,0.022336,0.050176,0.128000,0.200512
15,traditional,0.023008,0.055296,0.128000,0.206304
16,traditional,0.022944,0.050176,0.128000,0.201120
17,traditional,0.047264,0.053248,0.129024,0.229536
18,traditional,0.023360,0.049152,0.126976,0.199488
19,traditional,0.023008,0.056320,0.129024,0.208352
20,traditional,0.023520,0.049152,0.128000,0.200672
21,traditional,0.026144,0.056320,0.131072,0.213536
22,traditional,0.023040,0.051200,0.128000,0.202240
23,traditional,0.022816,0.054272,0.138240,0.215328
24,traditional,0.022144,0.051200,0.128000,0.201344
25,traditional,0.027072,0.056320,0.129024,0.212416
26,traditional,0.022144,0.051200,0.128000,0.201344
27,traditional,0.024640,0.061440,0.126976,0.213056
28,traditional,0.023040,0.051200,0.128000,0.202240
29,traditional,0.025120,0.055296,0.141312,0.221728
30,traditional,0.026816,0.053248,0.140288,0.220352
31,traditional,0.021920,0.051200,0.140288,0.213408
32,traditional,0.026080,0.055296,0.128000,0.209376
33,traditional,0.022176,0.050176,0.126976,0.199328
34,traditional,0.025184,0.058368,0.145408,0.228960
35,traditional,0.022944,0.050176,0.128000,0.201120
36,traditional,0.026368,0.057344,0.128000,0.211712
37,traditional,0.022272,0.050176,0.128000,0.200448
38,traditional,0.025152,0.057344,0.132096,0.214592
39,traditional,0.027104,0.050176,0.126976,0.204256
40,traditional,0.024320,0.054272,0.131072,0.209664
41,traditional,0.025216,0.051200,0.128000,0.204416
42,traditional,0.025504,0.057344,0.149504,0.232352
43,traditional,0.021984,0.050176,0.128000,0.200160
44,traditional,0.025856,0.055296,0.146432,0.227584
45,traditional,0.033184,0.050176,0.128000,0.211360
46,traditional,0.025280,0.057344,0.132096,0.214720
47,traditional,0.022656,0.049152,0.131072,0.202880
48,traditional,0.025792,0.056320,0.146432,0.228544
49,traditional,0.022336,0.050176,0.128000,0.200512
50,traditional,0.026208,0.054272,0.156672,0.237152
51,traditional,0.022400,0.050176,0.132096,0.204672
52,traditional,0.025856,0.054272,0.146432,0.226560
53,traditional,0.022528,0.049152,0.132096,0.203776
54,traditional,0.026112,0.059392,0.148480,0.233984
55,traditional,0.022304,0.049152,0.128000,0.199456
56,traditional,0.023360,0.055296,0.140288,0.218944
57,traditional,0.022880,0.049152,0.139264,0.211296
58,traditional,0.025792,0.055296,0.144384,0.225472
59,traditional,0.022752,0.048128,0.128000,0.198880
60,traditional,0.030144,0.055296,0.144384,0.229824
61,traditional,0.022848,0.051200,0.128000,0.202048
62,traditional,0.022880,0.054272,0.129024,0.206176
63,traditional,0.025600,0.051200,0.126976,0.203776
64,traditional,0.025152,0.054272,0.158720,0.238144
65,traditional,0.022784,0.054272,0.128000,0.205056
66,traditional,0.022880,0.049152,0.126976,0.199008
67,traditional,0.025344,0.055296,0.133120,0.213760
68,traditional,0.028576,0.053248,0.140288,0.222112
69,traditional,0.025248,0.057344,0.126976,0.209568
70,traditional,0.025728,0.055296,0.149504,0.230528
71,traditional,0.022240,0.050176,0.128000,0.200416
72,traditional,0.047520,0.056320,0.148480,0.252320
73,traditional,0.022624,0.050176,0.128000,0.200800
74,traditional,0.023392,0.053248,0.129024,0.205664
75,traditional,0.026720,0.053248,0.146432,0.226400
76,traditional,0.022464,0.050176,0.128000,0.200640
77,traditional,0.022720,0.053248,0.128000,0.203968
78,traditional,0.023840,0.049152,0.130048,0.203040
79,traditional,0.028000,0.053248,0.155648,0.236896
80,traditional,0.026368,0.056320,0.128000,0.210688
81,traditional,0.024992,0.062464,0.128000,0.215456
82,traditional,0.023040,0.053248,0.129024,0.205312
83,traditional,0.027488,0.052224,0.128000,0.207712
84,traditional,0.026528,0.054272,0.126976,0.207776
85,traditional,0.022944,0.050176,0.128000,0.201120
86,traditional,0.025472,0.061440,0.157696,0.244608
87,traditional,0.022464,0.065536,0.126976,0.214976
88,traditional,0.023840,0.051200,0.132096,0.207136
89,traditional,0.021376,0.050176,0.129024,0.200576
90,traditional,0.022720,0.053248,0.132096,0.208064
91,traditional,0.022464,0.050176,0.128000,0.200640
92,traditional,0.023936,0.061440,0.129024,0.214400
93,traditional,0.022528,0.058368,0.126976,0.207872
94,traditional,0.025888,0.058368,0.145408,0.229664
95,traditional,0.022048,0.050176,0.128000,0.200224
96,traditional,0.029888,0.058368,0.146432,0.234688
97,traditional,0.025952,0.050176,0.128000,0.204128
98,traditional,0.035488,0.055296,0.151552,0.242336
99,traditional,0.023104,0.055296,0.126976,0.205376
100,traditional,0.026336,0.056320,0.146432,0.229088
101,traditional,0.022816,0.049152,0.128000,0.199968
102,traditional,0.030656,0.054272,0.145408,0.230336
103,traditional,0.022336,0.054272,0.135168,0.211776
104,traditional,0.026208,0.059392,0.145408,0.231008
105,traditional,0.022176,0.060416,0.126976,0.209568
106,traditional,0.023232,0.052224,0.129024,0.204480
107,traditional,0.021696,0.049152,0.131072,0.201920
108,traditional,0.029728,0.055296,0.150528,0.235552
109,traditional,0.022240,0.049152,0.129024,0.200416
110,traditional,0.030336,0.055296,0.146432,0.232064
111,traditional,0.022208,0.050176,0.126976,0.199360
112,traditional,0.026944,0.056320,0.146432,0.229696
113,traditional,0.022208,0.053248,0.128000,0.203456
114,traditional,0.026752,0.055296,0.146432,0.228480
115,traditional,0.022304,0.050176,0.128000,0.200480
116,traditional,0.026176,0.055296,0.152576,0.234048
117,traditional,0.020736,0.048128,0.119808,0.188672
118,traditional,0.025888,0.050176,0.116736,0.192800
119,traditional,0.022048,0.045056,0.116736,0.183840
120,traditional,0.028960,0.051200,0.134144,0.214304
121,traditional,0.021024,0.047104,0.116736,0.184864
122,traditional,0.023584,0.051200,0.134144,0.208928
123,traditional,0.021504,0.045056,0.115712,0.182272
124,traditional,0.024320,0.053248,0.137216,0.214784
125,traditional,0.022016,0.045056,0.115712,0.182784
126,traditional,0.024608,0.049152,0.138240,0.212000
127,traditional,0.022752,0.048128,0.116736,0.187616
128,traditional,0.032960,0.051200,0.138240,0.222400
129,traditional,0.033504,0.045056,0.115712,0.194272
130,traditional,0.024224,0.051200,0.134144,0.209568
131,traditional,0.022656,0.044032,0.116736,0.183424
132,traditional,0.024352,0.051200,0.138240,0.213792
133,traditional,0.020256,0.046080,0.116736,0.183072
134,traditional,0.024992,0.052224,0.136192,0.213408
135,traditional,0.021664,0.050176,0.114688,0.186528
136,traditional,0.021408,0.049152,0.117760,0.188320
137,traditional,0.021280,0.045056,0.116736,0.183072
138,traditional,0.026368,0.052224,0.134144,0.212736
139,traditional,0.020864,0.047104,0.115712,0.183680
140,traditional,0.023424,0.051200,0.135168,0.209792
141,traditional,0.020224,0.046080,0.118784,0.185088
142,traditional,0.025056,0.051200,0.136192,0.212448
143,traditional,0.020224,0.045056,0.115712,0.180992
144,traditional,0.024704,0.053248,0.134144,0.212096
145,traditional,0.020672,0.045056,0.116736,0.182464
146,traditional,0.023808,0.051200,0.133120,0.208128
147,traditional,0.021024,0.046080,0.114688,0.181792
148,traditional,0.023616,0.050176,0.137216,0.211008
149,traditional,0.020192,0.044032,0.116736,0.180960
150,traditional,0.024576,0.050176,0.137216,0.211968
151,traditional,0.032512,0.049152,0.120832,0.202496
152,traditional,0.021088,0.046080,0.118784,0.185952
153,traditional,0.020896,0.045056,0.115712,0.181664
154,traditional,0.024736,0.051200,0.134144,0.210080
155,traditional,0.021408,0.045056,0.116736,0.183200
156,traditional,0.027296,0.050176,0.135168,0.212640
157,traditional,0.023936,0.045056,0.116736,0.185728
158,traditional,0.028960,0.049152,0.146432,0.224544
159,traditional,0.020096,0.047104,0.114688,0.181888
160,traditional,0.024288,0.050176,0.116736,0.191200
161,traditional,0.021088,0.045056,0.115712,0.181856
162,traditional,0.023648,0.050176,0.134144,0.207968
163,traditional,0.020512,0.048128,0.116736,0.185376
164,traditional,0.024608,0.050176,0.137216,0.212000
165,traditional,0.020384,0.045056,0.115712,0.181152
166,traditional,0.023904,0.051200,0.134144,0.209248
167,traditional,0.020704,0.044032,0.116736,0.181472
168,traditional,0.024352,0.052224,0.146432,0.223008
169,traditional,0.020256,0.045056,0.115712,0.181024
170,traditional,0.023968,0.050176,0.134144,0.208288
171,traditional,0.020192,0.044032,0.115712,0.179936
172,traditional,0.024640,0.074752,0.134144,0.233536
173,traditional,0.021312,0.045056,0.115712,0.182080
174,traditional,0.024352,0.049152,0.115712,0.189216
175,traditional,0.024256,0.060416,0.136192,0.220864
176,traditional,0.031168,0.046080,0.116736,0.193984
177,traditional,0.031488,0.046080,0.115712,0.193280
178,traditional,0.027552,0.051200,0.139264,0.218016
179,traditional,0.020320,0.045056,0.116736,0.182112
180,traditional,0.023968,0.050176,0.134144,0.208288
181,traditional,0.021344,0.057344,0.116736,0.195424
182,traditional,0.020480,0.048128,0.117760,0.186368
183,traditional,0.021248,0.044032,0.128000,0.193280
184,traditional,0.023744,0.050176,0.117760,0.191680
185,traditional,0.020768,0.045056,0.116736,0.182560
186,traditional,0.025120,0.051200,0.134144,0.210464
187,traditional,0.020800,0.043008,0.116736,0.180544
188,traditional,0.023936,0.051200,0.117760,0.192896
189,traditional,0.023808,0.045056,0.126976,0.195840
190,traditional,0.024480,0.050176,0.116736,0.191392
191,traditional,0.020800,0.045056,0.116736,0.182592
192,traditional,0.021248,0.050176,0.115712,0.187136
193,traditional,0.021056,0.046080,0.116736,0.183872
194,traditional,0.024960,0.052224,0.120832,0.198016
195,traditional,0.020896,0.045056,0.114688,0.180640
196,traditional,0.021280,0.049152,0.119808,0.190240
197,traditional,0.020768,0.046080,0.116736,0.183584
198,traditional,0.037088,0.050176,0.135168,0.222432
199,traditional,0.020608,0.046080,0.116736,0.183424
200,traditional,0.024288,0.050176,0.142336,0.216800
201,traditional,0.021120,0.046080,0.114688,0.181888
202,traditional,0.024608,0.054272,0.134144,0.213024
203,traditional,0.020736,0.045056,0.115712,0.181504
204,traditional,0.024416,0.050176,0.134144,0.208736
205,traditional,0.020416,0.046080,0.115712,0.182208
206,traditional,0.023872,0.050176,0.136192,0.210240
207,traditional,0.020128,0.045056,0.115712,0.180896
208,traditional,0.024480,0.051200,0.133120,0.208800
209,traditional,0.020224,0.054272,0.116736,0.191232
210,traditional,0.027712,0.052224,0.157696,0.237632
211,traditional,0.020384,0.046080,0.115712,0.182176
212,traditional,0.024352,0.050176,0.116736,0.191264
213,traditional,0.020704,0.044032,0.114688,0.179424
214,traditional,0.024736,0.049152,0.138240,0.212128
215,traditional,0.020544,0.064512,0.116736,0.201792
216,traditional,0.024608,0.050176,0.136192,0.210976
217,traditional,0.020512,0.047104,0.115712,0.183328
218,traditional,0.021600,0.050176,0.116736,0.188512
219,traditional,0.020992,0.045056,0.115712,0.181760
220,traditional,0.023520,0.051200,0.134144,0.208864
221,traditional,0.020896,0.047104,0.115712,0.183712
222,traditional,0.026720,0.050176,0.142336,0.219232
223,traditional,0.020224,0.045056,0.116736,0.182016
224,traditional,0.035200,0.051200,0.138240,0.224640
225,traditional,0.024512,0.045056,0.114688,0.184256
226,traditional,0.021408,0.050176,0.116736,0.188320
227,traditional,0.021568,0.046080,0.115712,0.183360
228,traditional,0.025728,0.051200,0.145408,0.222336
229,traditional,0.020288,0.045056,0.115712,0.181056
230,traditional,0.027744,0.050176,0.137216,0.215136
231,traditional,0.020416,0.045056,0.115712,0.181184
232,traditional,0.021856,0.049152,0.117760,0.188768
233,traditional,0.021056,0.044032,0.116736,0.181824
234,traditional,0.024480,0.053248,0.135168,0.212896
235,traditional,0.021152,0.044032,0.116736,0.181920
236,traditional,0.027936,0.050176,0.129024,0.207136
237,traditional,0.020832,0.046080,0.133120,0.200032
238,traditional,0.024160,0.050176,0.134144,0.208480
239,traditional,0.020704,0.045056,0.115712,0.181472
240,traditional,0.022560,0.061440,0.128000,0.212000
241,traditional,0.020864,0.045056,0.128000,0.193920
242,traditional,0.024224,0.051200,0.120832,0.196256
243,traditional,0.020672,0.045056,0.118784,0.184512
244,traditional,0.024320,0.050176,0.134144,0.208640
245,traditional,0.020288,0.045056,0.116736,0.182080
246,traditional,0.036224,0.051200,0.134144,0.221568
247,traditional,0.020672,0.051200,0.115712,0.187584
248,traditional,0.024128,0.049152,0.116736,0.190016
249,traditional,0.020704,0.045056,0.115712,0.181472
250,traditional,0.024096,0.051200,0.120832,0.196128
251,traditional,0.020896,0.044032,0.116736,0.181664
252,traditional,0.028704,0.050176,0.137216,0.216096
253,traditional,0.020864,0.044032,0.116736,0.181632
254,traditional,0.023616,0.050176,0.135168,0.208960
255,traditional,0.022016,0.045056,0.115712,0.182784
256,traditional,0.023904,0.049152,0.116736,0.189792
257,traditional,0.020960,0.046080,0.116736,0.183776
258,traditional,0.024160,0.050176,0.136192,0.210528
259,traditional,0.020544,0.045056,0.119808,0.185408
260,traditional,0.024512,0.050176,0.116736,0.191424
261,traditional,0.020896,0.046080,0.115712,0.182688
262,traditional,0.023136,0.050176,0.130048,0.203360
263,traditional,0.020928,0.045056,0.115712,0.181696
264,traditional,0.021184,0.047104,0.115712,0.184000
265,traditional,0.023776,0.044032,0.116736,0.184544
266,traditional,0.024416,0.050176,0.134144,0.208736
267,traditional,0.021056,0.044032,0.114688,0.179776
268,traditional,0.024192,0.053248,0.134144,0.211584
269,traditional,0.020384,0.046080,0.115712,0.182176
270,traditional,0.024448,0.048128,0.133120,0.205696
271,traditional,0.020768,0.044032,0.116736,0.181536
272,traditional,0.024928,0.049152,0.116736,0.190816
273,traditional,0.020352,0.046080,0.122880,0.189312
274,traditional,0.024896,0.048128,0.134144,0.207168
275,traditional,0.020864,0.045056,0.115712,0.181632
276,traditional,0.023744,0.051200,0.137216,0.212160
277,traditional,0.030432,0.044032,0.116736,0.191200
278,traditional,0.024256,0.050176,0.119808,0.194240
279,traditional,0.021056,0.045056,0.118784,0.184896
280,traditional,0.023904,0.050176,0.134144,0.208224
281,traditional,0.020480,0.045056,0.115712,0.181248
282,traditional,0.023712,0.050176,0.145408,0.219296
283,traditional,0.020896,0.044032,0.116736,0.181664
284,traditional,0.024928,0.050176,0.134144,0.209248
285,traditional,0.020448,0.049152,0.118784,0.188384
286,traditional,0.023680,0.052224,0.116736,0.192640
287,traditional,0.020448,0.053248,0.119808,0.193504
288,traditional,0.024128,0.052224,0.143360,0.219712
289,traditional,0.020544,0.051200,0.119808,0.191552
290,traditional,0.024768,0.054272,0.146432,0.225472
291,traditional,0.020704,0.044032,0.115712,0.180448
292,traditional,0.029760,0.051200,0.143360,0.224320
293,traditional,0.021664,0.049152,0.115712,0.186528
294,traditional,0.021632,0.049152,0.115712,0.186496
295,traditional,0.020832,0.046080,0.119808,0.186720
296,traditional,0.028928,0.050176,0.116736,0.195840
297,traditional,0.023328,0.047104,0.114688,0.185120
298,traditional,0.027392,0.051200,0.137216,0.215808
299,traditional,0.024416,0.046080,0.115712,0.186208
300,traditional,0.020992,0.060416,0.116736,0.198144
301,traditional,0.021152,0.046080,0.119808,0.187040
302,traditional,0.024704,0.050176,0.116736,0.191616
303,traditional,0.020576,0.046080,0.115712,0.182368
304,traditional,0.021536,0.053248,0.116736,0.191520
305,traditional,0.020224,0.045056,0.116736,0.182016
306,traditional,0.024320,0.050176,0.136192,0.210688
307,traditional,0.021856,0.045056,0.115712,0.182624
308,traditional,0.022272,0.048128,0.121856,0.192256
309,traditional,0.020608,0.045056,0.115712,0.181376
310,traditional,0.027648,0.050176,0.134144,0.211968
311,traditional,0.020768,0.044032,0.116736,0.181536
312,traditional,0.023584,0.053248,0.137216,0.214048
313,traditional,0.020864,0.044032,0.115712,0.180608
314,traditional,0.024576,0.050176,0.137216,0.211968
315,traditional,0.020448,0.047104,0.114688,0.182240
316,traditional,0.021472,0.050176,0.129024,0.200672
317,traditional,0.020704,0.045056,0.116736,0.182496
318,traditional,0.024640,0.056320,0.146432,0.227392
319,traditional,0.020384,0.045056,0.115712,0.181152
320,traditional,0.023840,0.049152,0.134144,0.207136
321,traditional,0.020896,0.044032,0.118784,0.183712
322,traditional,0.023232,0.048128,0.140288,0.211648
323,traditional,0.020608,0.045056,0.116736,0.182400
324,traditional,0.024896,0.049152,0.119808,0.193856
325,traditional,0.020448,0.070656,0.115712,0.206816
326,traditional,0.023968,0.048128,0.117760,0.189856
327,traditional,0.021152,0.046080,0.115712,0.182944
328,traditional,0.024448,0.050176,0.138240,0.212864
329,traditional,0.021440,0.045056,0.115712,0.182208
330,traditional,0.020896,0.053248,0.115712,0.189856
331,traditional,0.033408,0.047104,0.116736,0.197248
332,traditional,0.021088,0.045056,0.129024,0.195168
333,traditional,0.036000,0.046080,0.133120,0.215200
334,traditional,0.020448,0.061440,0.116736,0.198624
335,traditional,0.024000,0.049152,0.140288,0.213440
336,traditional,0.020960,0.050176,0.114688,0.185824
337,traditional,0.023584,0.045056,0.116736,0.185376
338,traditional,0.024736,0.055296,0.134144,0.214176
339,traditional,0.020224,0.045056,0.130048,0.195328
340,traditional,0.025152,0.048128,0.116736,0.190016
341,traditional,0.020512,0.044032,0.129024,0.193568
342,traditional,0.025504,0.059392,0.137216,0.222112
343,traditional,0.023936,0.052224,0.141312,0.217472
344,traditional,0.020576,0.046080,0.115712,0.182368
345,traditional,0.019904,0.044032,0.114688,0.178624
346,traditional,0.024864,0.049152,0.116736,0.190752
347,traditional,0.020512,0.049152,0.115712,0.185376
348,traditional,0.025760,0.072704,0.116736,0.215200
349,traditional,0.020160,0.045056,0.119808,0.185024
350,traditional,0.023936,0.050176,0.137216,0.211328
351,traditional,0.020096,0.045056,0.114688,0.179840
352,traditional,0.025920,0.050176,0.123904,0.200000
353,traditional,0.021056,0.044032,0.116736,0.181824
354,traditional,0.030368,0.050176,0.136192,0.216736
355,traditional,0.020704,0.046080,0.115712,0.182496
356,traditional,0.027488,0.050176,0.116736,0.194400
357,traditional,0.020480,0.047104,0.115712,0.183296
358,traditional,0.023616,0.046080,0.116736,0.186432
359,traditional,0.020000,0.045056,0.116736,0.181792
360,traditional,0.024736,0.051200,0.138240,0.214176
361,traditional,0.020672,0.046080,0.115712,0.182464
362,traditional,0.027328,0.051200,0.137216,0.215744
363,traditional,0.021472,0.045056,0.115712,0.182240
364,traditional,0.022848,0.051200,0.133120,0.207168
365,traditional,0.020352,0.047104,0.115712,0.183168
366,traditional,0.024320,0.062464,0.137216,0.224000
367,traditional,0.021248,0.045056,0.116736,0.183040
368,traditional,0.021600,0.048128,0.117760,0.187488
369,traditional,0.021088,0.044032,0.114688,0.179808
370,traditional,0.024896,0.050176,0.137216,0.212288
371,traditional,0.021024,0.045056,0.124928,0.191008
372,traditional,0.024544,0.050176,0.137216,0.211936
373,traditional,0.021024,0.045056,0.115712,0.181792
374,traditional,0.030624,0.049152,0.117760,0.197536
375,traditional,0.020864,0.044032,0.118784,0.183680
376,traditional,0.024768,0.048128,0.119808,0.192704
377,traditional,0.020320,0.045056,0.116736,0.182112
378,traditional,0.024832,0.050176,0.136192,0.211200
379,traditional,0.025088,0.044032,0.116736,0.185856
380,traditional,0.027392,0.050176,0.134144,0.211712
381,traditional,0.020512,0.045056,0.114688,0.180256
382,traditional,0.027072,0.050176,0.138240,0.215488
383,traditional,0.031328,0.046080,0.115712,0.193120
384,traditional,0.023552,0.061440,0.142336,0.227328
385,traditional,0.020928,0.046080,0.115712,0.182720
386,traditional,0.024512,0.053248,0.134144,0.211904
387,traditional,0.021920,0.045056,0.119808,0.186784
388,traditional,0.021568,0.049152,0.119808,0.190528
389,traditional,0.021056,0.048128,0.115712,0.184896
390,traditional,0.024704,0.050176,0.134144,0.209024
391,traditional,0.020384,0.049152,0.116736,0.186272
392,traditional,0.032832,0.050176,0.136192,0.219200
393,traditional,0.020032,0.046080,0.114688,0.180800
394,traditional,0.025024,0.049152,0.134144,0.208320
395,traditional,0.022880,0.045056,0.115712,0.183648
396,traditional,0.027424,0.049152,0.134144,0.210720
397,traditional,0.020288,0.046080,0.119808,0.186176
398,traditional,0.021856,0.049152,0.116736,0.187744
399,traditional,0.020512,0.045056,0.119808,0.185376
400,traditional,0.027776,0.050176,0.137216,0.215168
401,traditional,0.020192,0.046080,0.116736,0.183008
402,traditional,0.024672,0.051200,0.134144,0.210016
403,traditional,0.024096,0.045056,0.116736,0.185888
404,traditional,0.021344,0.049152,0.116736,0.187232
405,traditional,0.020928,0.045056,0.115712,0.181696
406,traditional,0.024288,0.050176,0.145408,0.219872
407,traditional,0.020864,0.044032,0.129024,0.193920
408,traditional,0.024032,0.051200,0.143360,0.218592
409,traditional,0.021440,0.044032,0.128000,0.193472
410,traditional,0.023648,0.050176,0.139264,0.213088
411,traditional,0.020288,0.045056,0.114688,0.180032
412,traditional,0.023584,0.050176,0.137216,0.210976
413,traditional,0.025568,0.044032,0.116736,0.186336
414,traditional,0.024288,0.051200,0.137216,0.212704
415,traditional,0.021120,0.044032,0.116736,0.181888
416,traditional,0.024736,0.049152,0.136192,0.210080
417,traditional,0.030336,0.045056,0.115712,0.191104
418,traditional,0.023328,0.051200,0.134144,0.208672
419,traditional,0.046464,0.054272,0.126976,0.227712
420,traditional,0.021184,0.053248,0.129024,0.203456
421,traditional,0.020512,0.046080,0.116736,0.183328
422,traditional,0.034688,0.050176,0.117760,0.202624
423,traditional,0.020608,0.046080,0.114688,0.181376
424,traditional,0.022272,0.048128,0.116736,0.187136
425,traditional,0.020960,0.045056,0.123904,0.189920
426,traditional,0.024000,0.055296,0.136192,0.215488
427,traditional,0.023296,0.045056,0.116736,0.185088
428,traditional,0.024256,0.053248,0.138240,0.215744
429,traditional,0.020704,0.044032,0.115712,0.180448
430,traditional,0.023936,0.057344,0.139264,0.220544
431,traditional,0.020672,0.044032,0.116736,0.181440
432,traditional,0.024000,0.062464,0.137216,0.223680
433,traditional,0.032704,0.044032,0.116736,0.193472
434,traditional,0.024768,0.049152,0.117760,0.191680
435,traditional,0.024192,0.043008,0.115712,0.182912
436,traditional,0.023552,0.051200,0.145408,0.220160
437,traditional,0.020544,0.045056,0.115712,0.181312
438,traditional,0.024704,0.051200,0.115712,0.191616
439,traditional,0.020896,0.044032,0.129024,0.193952
440,traditional,0.032416,0.050176,0.129024,0.211616
441,traditional,0.020512,0.045056,0.114688,0.180256
442,traditional,0.025696,0.050176,0.116736,0.192608
443,traditional,0.020960,0.044032,0.116736,0.181728
444,traditional,0.021536,0.049152,0.119808,0.190496
445,traditional,0.020320,0.045056,0.115712,0.181088
446,traditional,0.023808,0.051200,0.126976,0.201984
447,traditional,0.020672,0.044032,0.118784,0.183488
448,traditional,0.021440,0.052224,0.118784,0.192448
449,traditional,0.021056,0.056320,0.129024,0.206400
450,traditional,0.024640,0.051200,0.148480,0.224320
451,traditional,0.021984,0.045056,0.115712,0.182752
452,traditional,0.024416,0.050176,0.134144,0.208736
453,traditional,0.023648,0.045056,0.114688,0.183392
454,traditional,0.023936,0.052224,0.144384,0.220544
455,traditional,0.020704,0.045056,0.116736,0.182496
456,traditional,0.021664,0.059392,0.115712,0.196768
457,traditional,0.021184,0.054272,0.115712,0.191168
458,traditional,0.024032,0.050176,0.135168,0.209376
459,traditional,0.020896,0.045056,0.114688,0.180640
460,traditional,0.024192,0.052224,0.137216,0.213632
461,traditional,0.020864,0.046080,0.116736,0.183680
462,traditional,0.023872,0.051200,0.137216,0.212288
463,traditional,0.021312,0.045056,0.119808,0.186176
464,traditional,0.021280,0.049152,0.117760,0.188192
465,traditional,0.020928,0.049152,0.114688,0.184768
466,traditional,0.023808,0.054272,0.116736,0.194816
467,traditional,0.024608,0.044032,0.116736,0.185376
468,traditional,0.023424,0.049152,0.140288,0.212864
469,traditional,0.021184,0.045056,0.116736,0.182976
470,traditional,0.025056,0.050176,0.137216,0.212448
471,traditional,0.021024,0.045056,0.118784,0.184864
472,traditional,0.024160,0.050176,0.141312,0.215648
473,traditional,0.044128,0.046080,0.115712,0.205920
474,traditional,0.048384,0.051200,0.140288,0.239872
475,traditional,0.022112,0.044032,0.119808,0.185952
476,traditional,0.023840,0.051200,0.134144,0.209184
477,traditional,0.020992,0.044032,0.115712,0.180736
478,traditional,0.027200,0.052224,0.139264,0.218688
479,traditional,0.020768,0.044032,0.116736,0.181536
480,traditional,0.024224,0.050176,0.128000,0.202400
481,traditional,0.020992,0.045056,0.115712,0.181760
482,traditional,0.024064,0.051200,0.138240,0.213504
483,traditional,0.020768,0.048128,0.114688,0.183584
484,traditional,0.027904,0.051200,0.137216,0.216320
485,traditional,0.020960,0.046080,0.116736,0.183776
486,traditional,0.023904,0.050176,0.134144,0.208224
487,traditional,0.021024,0.055296,0.116736,0.193056
488,traditional,0.027808,0.054272,0.134144,0.216224
489,traditional,0.020928,0.046080,0.115712,0.182720
490,traditional,0.024640,0.051200,0.133120,0.208960
491,traditional,0.021056,0.045056,0.116736,0.182848
492,traditional,0.048704,0.050176,0.135168,0.234048
493,traditional,0.020352,0.044032,0.116736,0.181120
494,traditional,0.027328,0.050176,0.134144,0.211648
495,traditional,0.020480,0.047104,0.115712,0.183296
496,traditional,0.027264,0.049152,0.116736,0.193152
497,traditional,0.023072,0.044032,0.116736,0.183840
498,traditional,0.024064,0.050176,0.134144,0.208384
499,traditional,0.021120,0.045056,0.117760,0.183936
500,traditional,0.023968,0.054272,0.137216,0.215456
501,traditional,0.020768,0.045056,0.115712,0.181536
502,traditional,0.023904,0.050176,0.134144,0.208224
503,traditional,0.020480,0.044032,0.117760,0.182272
504,traditional,0.029920,0.052224,0.133120,0.215264
505,traditional,0.020096,0.050176,0.119808,0.190080
506,traditional,0.023648,0.050176,0.139264,0.213088
507,traditional,0.020256,0.045056,0.114688,0.180000
508,traditional,0.024224,0.051200,0.138240,0.213664
509,traditional,0.020160,0.045056,0.118784,0.184000
510,traditional,0.024864,0.049152,0.134144,0.208160
511,traditional,0.023712,0.045056,0.115712,0.184480
512,traditional,0.024096,0.049152,0.136192,0.209440
513,traditional,0.024096,0.044032,0.115712,0.183840
514,traditional,0.023392,0.055296,0.134144,0.212832
515,traditional,0.020256,0.045056,0.120832,0.186144
516,traditional,0.023776,0.050176,0.141312,0.215264
517,traditional,0.020800,0.044032,0.116736,0.181568
518,traditional,0.024672,0.050176,0.136192,0.211040
519,traditional,0.023840,0.045056,0.115712,0.184608
520,traditional,0.025184,0.053248,0.135168,0.213600
521,traditional,0.020608,0.046080,0.115712,0.182400
522,traditional,0.027360,0.051200,0.134144,0.212704
523,traditional,0.023936,0.046080,0.115712,0.185728
524,traditional,0.023232,0.050176,0.117760,0.191168
525,traditional,0.020704,0.045056,0.115712,0.181472
526,traditional,0.024416,0.050176,0.134144,0.208736
527,traditional,0.020384,0.047104,0.116736,0.184224
528,traditional,0.024352,0.050176,0.137216,0.211744
529,traditional,0.020512,0.048128,0.140288,0.208928
530,traditional,0.023840,0.050176,0.137216,0.211232
531,traditional,0.020928,0.046080,0.115712,0.182720
532,traditional,0.035296,0.050176,0.137216,0.222688
533,traditional,0.021312,0.045056,0.116736,0.183104
534,traditional,0.022432,0.049152,0.117760,0.189344
535,traditional,0.020384,0.046080,0.116736,0.183200
536,traditional,0.026976,0.051200,0.145408,0.223584
537,traditional,0.020288,0.045056,0.117760,0.183104
538,traditional,0.024096,0.053248,0.132096,0.209440
539,traditional,0.020640,0.046080,0.128000,0.194720
540,traditional,0.024672,0.051200,0.134144,0.210016
541,traditional,0.020384,0.046080,0.116736,0.183200
542,traditional,0.023680,0.050176,0.116736,0.190592
543,traditional,0.022656,0.046080,0.115712,0.184448
544,traditional,0.024224,0.050176,0.134144,0.208544
545,traditional,0.021152,0.045056,0.116736,0.182944
546,traditional,0.022048,0.050176,0.116736,0.188960
547,traditional,0.021024,0.045056,0.116736,0.182816
548,traditional,0.027328,0.049152,0.137216,0.213696
549,traditional,0.020480,0.045056,0.136192,0.201728
550,traditional,0.024352,0.051200,0.116736,0.192288
551,traditional,0.020576,0.044032,0.116736,0.181344
552,traditional,0.023008,0.053248,0.138240,0.214496
553,traditional,0.020160,0.046080,0.115712,0.181952
554,traditional,0.024544,0.050176,0.117760,0.192480
555,traditional,0.020640,0.053248,0.115712,0.189600
556,traditional,0.024544,0.051200,0.134144,0.209888
557,traditional,0.020896,0.048128,0.115712,0.184736
558,traditional,0.024032,0.051200,0.138240,0.213472
559,traditional,0.021024,0.044032,0.116736,0.181792
560,traditional,0.024288,0.051200,0.136192,0.211680
561,traditional,0.031488,0.046080,0.115712,0.193280
562,traditional,0.022880,0.050176,0.129024,0.202080
563,traditional,0.021120,0.045056,0.115712,0.181888
564,traditional,0.027968,0.050176,0.139264,0.217408
565,traditional,0.021024,0.045056,0.116736,0.182816
566,traditional,0.029088,0.050176,0.135168,0.214432
567,traditional,0.021152,0.045056,0.115712,0.181920
568,traditional,0.028608,0.049152,0.117760,0.195520
569,traditional,0.020544,0.049152,0.115712,0.185408
570,traditional,0.024512,0.051200,0.138240,0.213952
571,traditional,0.020480,0.047104,0.115712,0.183296
572,traditional,0.024736,0.052224,0.144384,0.221344
573,traditional,0.022688,0.045056,0.115712,0.183456
574,traditional,0.023712,0.050176,0.134144,0.208032
575,traditional,0.020960,0.044032,0.116736,0.181728
576,traditional,0.027264,0.051200,0.134144,0.212608
577,traditional,0.021568,0.047104,0.116736,0.185408
578,traditional,0.027968,0.049152,0.138240,0.215360
579,traditional,0.020448,0.045056,0.114688,0.180192
580,traditional,0.024224,0.050176,0.134144,0.208544
581,traditional,0.020864,0.043008,0.116736,0.180608
582,traditional,0.027104,0.050176,0.137216,0.214496
583,traditional,0.023040,0.044032,0.116736,0.183808
584,traditional,0.021216,0.048128,0.116736,0.186080
585,traditional,0.020640,0.045056,0.115712,0.181408
586,traditional,0.020960,0.050176,0.116736,0.187872
587,traditional,0.020608,0.045056,0.116736,0.182400
588,traditional,0.024000,0.055296,0.134144,0.213440
589,traditional,0.023904,0.045056,0.116736,0.185696
590,traditional,0.021664,0.050176,0.123904,0.195744
591,traditional,0.020704,0.044032,0.114688,0.179424
592,traditional,0.023712,0.050176,0.116736,0.190624
593,traditional,0.020128,0.057344,0.116736,0.194208
594,traditional,0.036672,0.050176,0.137216,0.224064
595,traditional,0.020896,0.046080,0.115712,0.182688
596,traditional,0.024512,0.052224,0.116736,0.193472
597,traditional,0.021312,0.045056,0.114688,0.181056
598,traditional,0.021792,0.048128,0.119808,0.189728
599,traditional,0.020704,0.047104,0.115712,0.183520
600,traditional,0.023648,0.050176,0.115712,0.189536
601,traditional,0.021120,0.044032,0.115712,0.180864
602,traditional,0.020960,0.048128,0.116736,0.185824
603,traditional,0.024192,0.045056,0.115712,0.184960
604,traditional,0.023648,0.049152,0.137216,0.210016
605,traditional,0.025280,0.045056,0.115712,0.186048
606,traditional,0.028544,0.049152,0.116736,0.194432
607,traditional,0.020256,0.046080,0.116736,0.183072
608,traditional,0.024512,0.051200,0.145408,0.221120
609,traditional,0.023904,0.044032,0.115712,0.183648
610,traditional,0.020928,0.054272,0.117760,0.192960
611,traditional,0.020832,0.043008,0.116736,0.180576
612,traditional,0.023904,0.049152,0.119808,0.192864
613,traditional,0.025024,0.045056,0.116736,0.186816
614,traditional,0.027104,0.048128,0.116736,0.191968
615,traditional,0.020576,0.045056,0.115712,0.181344
616,traditional,0.023776,0.050176,0.134144,0.208096
617,traditional,0.020864,0.044032,0.116736,0.181632
618,traditional,0.041504,0.050176,0.136192,0.227872
619,traditional,0.020448,0.044032,0.116736,0.181216
620,traditional,0.023616,0.047104,0.134144,0.204864
621,traditional,0.020384,0.044032,0.118784,0.183200
622,traditional,0.023488,0.052224,0.134144,0.209856
623,traditional,0.020800,0.050176,0.116736,0.187712
624,traditional,0.024032,0.051200,0.137216,0.212448
625,traditional,0.020928,0.044032,0.116736,0.181696
626,traditional,0.023840,0.045056,0.144384,0.213280
627,traditional,0.020256,0.045056,0.117760,0.183072
628,traditional,0.024544,0.050176,0.116736,0.191456
629,traditional,0.021536,0.045056,0.115712,0.182304
630,traditional,0.036512,0.050176,0.134144,0.220832
631,traditional,0.025760,0.045056,0.116736,0.187552
632,traditional,0.024672,0.050176,0.136192,0.211040
633,traditional,0.029600,0.046080,0.114688,0.190368
634,traditional,0.026944,0.051200,0.134144,0.212288
635,traditional,0.020896,0.045056,0.116736,0.182688
636,traditional,0.024000,0.051200,0.134144,0.209344
637,traditional,0.020160,0.047104,0.115712,0.182976
638,traditional,0.023776,0.050176,0.136192,0.210144
639,traditional,0.020704,0.046080,0.114688,0.181472
640,traditional,0.027392,0.050176,0.133120,0.210688
641,traditional,0.020224,0.049152,0.115712,0.185088
642,traditional,0.027072,0.052224,0.134144,0.213440
643,traditional,0.020480,0.045056,0.116736,0.182272
644,traditional,0.025568,0.049152,0.116736,0.191456
645,traditional,0.020544,0.045056,0.126976,0.192576
646,traditional,0.023840,0.054272,0.138240,0.216352
647,traditional,0.020992,0.044032,0.116736,0.181760
648,traditional,0.023680,0.053248,0.134144,0.211072
649,traditional,0.033184,0.045056,0.119808,0.198048
650,traditional,0.034112,0.049152,0.116736,0.200000
651,traditional,0.020576,0.046080,0.115712,0.182368
652,traditional,0.024672,0.049152,0.135168,0.208992
653,traditional,0.020608,0.045056,0.116736,0.182400
654,traditional,0.024352,0.050176,0.137216,0.211744
655,traditional,0.020192,0.044032,0.126976,0.191200
656,traditional,0.026784,0.049152,0.146432,0.222368
657,traditional,0.024896,0.045056,0.115712,0.185664
658,traditional,0.021504,0.055296,0.116736,0.193536
659,traditional,0.020736,0.047104,0.115712,0.183552
660,traditional,0.024032,0.050176,0.135168,0.209376
661,traditional,0.020320,0.045056,0.115712,0.181088
662,traditional,0.027872,0.050176,0.134144,0.212192
663,traditional,0.021024,0.044032,0.115712,0.180768
664,traditional,0.024256,0.051200,0.138240,0.213696
665,traditional,0.020512,0.046080,0.116736,0.183328
666,traditional,0.021568,0.050176,0.115712,0.187456
667,traditional,0.033536,0.056320,0.116736,0.206592
668,traditional,0.023968,0.051200,0.134144,0.209312
669,traditional,0.020288,0.047104,0.114688,0.182080
670,traditional,0.024832,0.050176,0.134144,0.209152
671,traditional,0.021952,0.046080,0.116736,0.184768
672,traditional,0.022784,0.048128,0.115712,0.186624
673,traditional,0.020704,0.044032,0.115712,0.180448
674,traditional,0.023840,0.051200,0.137216,0.212256
675,traditional,0.021088,0.045056,0.115712,0.181856
676,traditional,0.024608,0.049152,0.136192,0.209952
677,traditional,0.020320,0.048128,0.116736,0.185184
678,traditional,0.024160,0.050176,0.136192,0.210528
679,traditional,0.020544,0.045056,0.115712,0.181312
680,traditional,0.024736,0.062464,0.135168,0.222368
681,traditional,0.020064,0.044032,0.128000,0.192096
682,traditional,0.024416,0.051200,0.125952,0.201568
683,traditional,0.024800,0.044032,0.115712,0.184544
684,traditional,0.024960,0.052224,0.136192,0.213376
685,traditional,0.022336,0.046080,0.115712,0.184128
686,traditional,0.023680,0.050176,0.135168,0.209024
687,traditional,0.020192,0.045056,0.115712,0.180960
688,traditional,0.024992,0.049152,0.137216,0.211360
689,traditional,0.020512,0.046080,0.115712,0.182304
690,traditional,0.024096,0.050176,0.134144,0.208416
691,traditional,0.021088,0.045056,0.115712,0.181856
692,traditional,0.023680,0.064512,0.135168,0.223360
693,traditional,0.020672,0.045056,0.115712,0.181440
694,traditional,0.023200,0.050176,0.134144,0.207520
695,traditional,0.023264,0.046080,0.115712,0.185056
696,traditional,0.023648,0.052224,0.136192,0.212064
697,traditional,0.032544,0.045056,0.115712,0.193312
698,traditional,0.027264,0.051200,0.135168,0.213632
699,traditional,0.020896,0.045056,0.117760,0.183712
700,traditional,0.024608,0.053248,0.134144,0.212000
701,traditional,0.020832,0.045056,0.115712,0.181600
702,traditional,0.025952,0.051200,0.137216,0.214368
703,traditional,0.020864,0.053248,0.129024,0.203136
704,traditional,0.023840,0.051200,0.146432,0.221472
705,traditional,0.032768,0.047104,0.118784,0.198656
706,traditional,0.023904,0.050176,0.137216,0.211296
707,traditional,0.023520,0.046080,0.116736,0.186336
708,traditional,0.024352,0.052224,0.134144,0.210720
709,traditional,0.020928,0.045056,0.116736,0.182720
710,traditional,0.024000,0.050176,0.142336,0.216512
711,traditional,0.020608,0.045056,0.115712,0.181376
712,traditional,0.024416,0.051200,0.134144,0.209760
713,traditional,0.031456,0.044032,0.119808,0.195296
714,traditional,0.024512,0.050176,0.138240,0.212928
715,traditional,0.020192,0.046080,0.115712,0.181984
716,traditional,0.024864,0.050176,0.137216,0.212256
717,traditional,0.020320,0.046080,0.114688,0.181088
718,traditional,0.026624,0.053248,0.137216,0.217088
719,traditional,0.020384,0.045056,0.115712,0.181152
720,traditional,0.024320,0.054272,0.138240,0.216832
721,traditional,0.020768,0.045056,0.126976,0.192800
722,traditional,0.022176,0.048128,0.120832,0.191136
723,traditional,0.023424,0.046080,0.115712,0.185216
724,traditional,0.025120,0.051200,0.138240,0.214560
725,traditional,0.020576,0.046080,0.115712,0.182368
726,traditional,0.021600,0.049152,0.115712,0.186464
727,traditional,0.020128,0.045056,0.115712,0.180896
728,traditional,0.024128,0.053248,0.133120,0.210496
729,traditional,0.020896,0.045056,0.115712,0.181664
730,traditional,0.024032,0.051200,0.136192,0.211424
731,traditional,0.020704,0.044032,0.116736,0.181472
732,traditional,0.024224,0.079872,0.115712,0.219808
733,traditional,0.022720,0.045056,0.116736,0.184512
734,traditional,0.023840,0.051200,0.134144,0.209184
735,traditional,0.021056,0.066560,0.115712,0.203328
736,traditional,0.024320,0.062464,0.140288,0.227072
737,traditional,0.020864,0.045056,0.116736,0.182656
738,traditional,0.027712,0.050176,0.136192,0.214080
739,traditional,0.020608,0.045056,0.115712,0.181376
740,traditional,0.027264,0.050176,0.140288,0.217728
741,traditional,0.020320,0.048128,0.115712,0.184160
742,traditional,0.025952,0.051200,0.137216,0.214368
743,traditional,0.021376,0.044032,0.119808,0.185216
744,traditional,0.024416,0.063488,0.115712,0.203616
745,traditional,0.021600,0.044032,0.116736,0.182368
746,traditional,0.026304,0.051200,0.134144,0.211648
747,traditional,0.020672,0.049152,0.115712,0.185536
748,traditional,0.022400,0.048128,0.116736,0.187264
749,traditional,0.020768,0.046080,0.130048,0.196896
750,traditional,0.022272,0.048128,0.115712,0.186112
751,traditional,0.020672,0.050176,0.116736,0.187584
752,traditional,0.024128,0.051200,0.137216,0.212544
753,traditional,0.021152,0.044032,0.117760,0.182944
754,traditional,0.028128,0.051200,0.141312,0.220640
755,traditional,0.021120,0.047104,0.119808,0.188032
756,traditional,0.023616,0.050176,0.135168,0.208960
757,traditional,0.020608,0.044032,0.116736,0.181376
758,traditional,0.025632,0.051200,0.138240,0.215072
759,traditional,0.020864,0.044032,0.116736,0.181632
760,traditional,0.024160,0.061440,0.134144,0.219744
761,traditional,0.020768,0.044032,0.119808,0.184608
762,traditional,0.024896,0.051200,0.134144,0.210240
763,traditional,0.032192,0.046080,0.128000,0.206272
764,traditional,0.027072,0.051200,0.137216,0.215488
765,traditional,0.021344,0.044032,0.115712,0.181088
766,traditional,0.023296,0.051200,0.116736,0.191232
767,traditional,0.020928,0.045056,0.128000,0.193984
768,traditional,0.024416,0.052224,0.119808,0.196448
769,traditional,0.021152,0.045056,0.116736,0.182944
770,traditional,0.023712,0.060416,0.135168,0.219296
771,traditional,0.020608,0.044032,0.115712,0.180352
772,traditional,0.021312,0.056320,0.116736,0.194368
773,traditional,0.021216,0.044032,0.115712,0.180960
774,traditional,0.024032,0.051200,0.134144,0.209376
775,traditional,0.032192,0.045056,0.119808,0.197056
776,traditional,0.023776,0.054272,0.125952,0.204000
777,traditional,0.021088,0.064512,0.115712,0.201312
778,traditional,0.024608,0.049152,0.126976,0.200736
779,traditional,0.022528,0.045056,0.116736,0.184320
780,traditional,0.024224,0.048128,0.116736,0.189088
781,traditional,0.021152,0.045056,0.115712,0.181920
782,traditional,0.024800,0.050176,0.134144,0.209120
783,traditional,0.023616,0.045056,0.114688,0.183360
784,traditional,0.026880,0.048128,0.138240,0.213248
785,traditional,0.020544,0.047104,0.116736,0.184384
786,traditional,0.025248,0.052224,0.137216,0.214688
787,traditional,0.020128,0.045056,0.116736,0.181920
788,traditional,0.024096,0.051200,0.134144,0.209440
789,traditional,0.020960,0.044032,0.115712,0.180704
790,traditional,0.024448,0.053248,0.135168,0.212864
791,traditional,0.020352,0.046080,0.115712,0.182144
792,traditional,0.022944,0.049152,0.116736,0.188832
793,traditional,0.020544,0.057344,0.116736,0.194624
794,traditional,0.027616,0.051200,0.128000,0.206816
795,traditional,0.020352,0.045056,0.115712,0.181120
796,traditional,0.024416,0.062464,0.136192,0.223072
797,traditional,0.020992,0.045056,0.115712,0.181760
798,traditional,0.024096,0.054272,0.134144,0.212512
799,traditional,0.020896,0.045056,0.115712,0.181664
800,traditional,0.021024,0.050176,0.122880,0.194080
801,traditional,0.021088,0.045056,0.115712,0.181856
802,traditional,0.027424,0.051200,0.134144,0.212768
803,traditional,0.020704,0.045056,0.116736,0.182496
804,traditional,0.024960,0.053248,0.157696,0.235904
805,traditional,0.020480,0.045056,0.116736,0.182272
806,traditional,0.023616,0.051200,0.143360,0.218176
807,traditional,0.020832,0.045056,0.115712,0.181600
808,traditional,0.036128,0.051200,0.139264,0.226592
809,traditional,0.020800,0.045056,0.116736,0.182592
810,traditional,0.023904,0.051200,0.134144,0.209248
811,traditional,0.020448,0.044032,0.116736,0.181216
812,traditional,0.024224,0.055296,0.134144,0.213664
813,traditional,0.020320,0.045056,0.115712,0.181088
814,traditional,0.023936,0.051200,0.128000,0.203136
815,traditional,0.020224,0.045056,0.119808,0.185088
816,traditional,0.024000,0.051200,0.116736,0.191936
817,traditional,0.033376,0.045056,0.116736,0.195168
818,traditional,0.024288,0.050176,0.135168,0.209632
819,traditional,0.020864,0.046080,0.114688,0.181632
820,traditional,0.023680,0.050176,0.137216,0.211072
821,traditional,0.020448,0.045056,0.119808,0.185312
822,traditional,0.023680,0.052224,0.145408,0.221312
823,traditional,0.020416,0.049152,0.116736,0.186304
824,traditional,0.029184,0.051200,0.134144,0.214528
825,traditional,0.020544,0.050176,0.119808,0.190528
826,traditional,0.021152,0.048128,0.116736,0.186016
827,traditional,0.020128,0.045056,0.116736,0.181920
828,traditional,0.023296,0.061440,0.135168,0.219904
829,traditional,0.020448,0.045056,0.115712,0.181216
830,traditional,0.026496,0.054272,0.137216,0.217984
831,traditional,0.020448,0.045056,0.115712,0.181216
832,traditional,0.023456,0.059392,0.135168,0.218016
833,traditional,0.020800,0.047104,0.118784,0.186688
834,traditional,0.024160,0.052224,0.134144,0.210528
835,traditional,0.024384,0.044032,0.120832,0.189248
836,traditional,0.025120,0.053248,0.146432,0.224800
837,traditional,0.033024,0.046080,0.116736,0.195840
838,traditional,0.024640,0.050176,0.116736,0.191552
839,traditional,0.021120,0.046080,0.116736,0.183936
840,traditional,0.024032,0.054272,0.119808,0.198112
841,traditional,0.033120,0.046080,0.119808,0.199008
842,traditional,0.024608,0.051200,0.145408,0.221216
843,traditional,0.021184,0.045056,0.115712,0.181952
844,traditional,0.022528,0.050176,0.117760,0.190464
845,traditional,0.020128,0.045056,0.116736,0.181920
846,traditional,0.025376,0.051200,0.136192,0.212768
847,traditional,0.020800,0.045056,0.115712,0.181568
848,traditional,0.036224,0.050176,0.139264,0.225664
849,traditional,0.020352,0.054272,0.115712,0.190336
850,traditional,0.036064,0.050176,0.146432,0.232672
851,traditional,0.023968,0.044032,0.116736,0.184736
852,traditional,0.023872,0.052224,0.137216,0.213312
853,traditional,0.020832,0.044032,0.119808,0.184672
854,traditional,0.026624,0.052224,0.134144,0.212992
855,traditional,0.020800,0.046080,0.114688,0.181568
856,traditional,0.024032,0.053248,0.143360,0.220640
857,traditional,0.020576,0.045056,0.119808,0.185440
858,traditional,0.024672,0.050176,0.139264,0.214112
859,traditional,0.021824,0.053248,0.116736,0.191808
860,traditional,0.024224,0.050176,0.134144,0.208544
861,traditional,0.023936,0.049152,0.119808,0.192896
862,traditional,0.024352,0.053248,0.139264,0.216864
863,traditional,0.021120,0.043008,0.116736,0.180864
864,traditional,0.027936,0.051200,0.136192,0.215328
865,traditional,0.020832,0.045056,0.116736,0.182624
866,traditional,0.023616,0.052224,0.134144,0.209984
867,traditional,0.024192,0.046080,0.115712,0.185984
868,traditional,0.024608,0.050176,0.129024,0.203808
869,traditional,0.020352,0.045056,0.116736,0.182144
870,traditional,0.027520,0.051200,0.134144,0.212864
871,traditional,0.020864,0.044032,0.115712,0.180608
872,traditional,0.021600,0.050176,0.117760,0.189536
873,traditional,0.020864,0.045056,0.115712,0.181632
874,traditional,0.032064,0.048128,0.117760,0.197952
875,traditional,0.021344,0.045056,0.115712,0.182112
876,traditional,0.024416,0.052224,0.133120,0.209760
877,traditional,0.021536,0.054272,0.122880,0.198688
878,traditional,0.024064,0.053248,0.134144,0.211456
879,traditional,0.021280,0.044032,0.114688,0.180000
880,traditional,0.026176,0.051200,0.134144,0.211520
881,traditional,0.021152,0.048128,0.116736,0.186016
882,traditional,0.023808,0.051200,0.118784,0.193792
883,traditional,0.020384,0.045056,0.116736,0.182176
884,traditional,0.027648,0.050176,0.148480,0.226304
885,traditional,0.020512,0.045056,0.118784,0.184352
886,traditional,0.024736,0.050176,0.147456,0.222368
887,traditional,0.020736,0.045056,0.115712,0.181504
888,traditional,0.025792,0.051200,0.135168,0.212160
889,traditional,0.021056,0.044032,0.116736,0.181824
890,traditional,0.028000,0.051200,0.137216,0.216416
891,traditional,0.020512,0.045056,0.115712,0.181280
892,traditional,0.026848,0.051200,0.136192,0.214240
893,traditional,0.020640,0.046080,0.116736,0.183456
894,traditional,0.026368,0.051200,0.134144,0.211712
895,traditional,0.021024,0.043008,0.116736,0.180768
896,traditional,0.024288,0.051200,0.149504,0.224992
897,traditional,0.020352,0.046080,0.115712,0.182144
898,traditional,0.023904,0.050176,0.145408,0.219488
899,traditional,0.020352,0.046080,0.116736,0.183168
900,traditional,0.024544,0.051200,0.118784,0.194528
901,traditional,0.024352,0.046080,0.116736,0.187168
902,traditional,0.023424,0.053248,0.134144,0.210816
903,traditional,0.020544,0.044032,0.118784,0.183360
904,traditional,0.021056,0.047104,0.117760,0.185920
905,traditional,0.021024,0.047104,0.116736,0.184864
906,traditional,0.024224,0.050176,0.150528,0.224928
907,traditional,0.020608,0.045056,0.118784,0.184448
908,traditional,0.024032,0.049152,0.134144,0.207328
909,traditional,0.033216,0.050176,0.115712,0.199104
910,traditional,0.024512,0.050176,0.134144,0.208832
911,traditional,0.020736,0.044032,0.116736,0.181504
912,traditional,0.024608,0.052224,0.137216,0.214048
913,traditional,0.020832,0.045056,0.124928,0.190816
914,traditional,0.024352,0.071680,0.147456,0.243488
915,traditional,0.020736,0.046080,0.119808,0.186624
916,traditional,0.020960,0.051200,0.116736,0.188896
917,traditional,0.019968,0.051200,0.123904,0.195072
918,traditional,0.023808,0.052224,0.135168,0.211200
919,traditional,0.020320,0.045056,0.116736,0.182112
920,traditional,0.024224,0.051200,0.136192,0.211616
921,traditional,0.044224,0.045056,0.119808,0.209088
922,traditional,0.023456,0.051200,0.134144,0.208800
923,traditional,0.021216,0.045056,0.116736,0.183008
924,traditional,0.024288,0.050176,0.135168,0.209632
925,traditional,0.020736,0.046080,0.116736,0.183552
926,traditional,0.020832,0.061440,0.135168,0.217440
927,traditional,0.020832,0.045056,0.115712,0.181600
928,traditional,0.024224,0.050176,0.144384,0.218784
929,traditional,0.020448,0.047104,0.116736,0.184288
930,traditional,0.023872,0.052224,0.137216,0.213312
931,traditional,0.020704,0.045056,0.116736,0.182496
932,traditional,0.024256,0.051200,0.158720,0.234176
933,traditional,0.021056,0.044032,0.115712,0.180800
934,traditional,0.020832,0.048128,0.116736,0.185696
935,traditional,0.020576,0.045056,0.116736,0.182368
936,traditional,0.024864,0.050176,0.145408,0.220448
937,traditional,0.020928,0.045056,0.116736,0.182720
938,traditional,0.026432,0.050176,0.147456,0.224064
939,traditional,0.031840,0.045056,0.118784,0.195680
940,traditional,0.024288,0.051200,0.120832,0.196320
941,traditional,0.020512,0.045056,0.116736,0.182304
942,traditional,0.024416,0.052224,0.124928,0.201568
943,traditional,0.020544,0.045056,0.118784,0.184384
944,traditional,0.022816,0.047104,0.143360,0.213280
945,traditional,0.020800,0.044032,0.115712,0.180544
946,traditional,0.033632,0.051200,0.145408,0.230240
947,traditional,0.024032,0.046080,0.116736,0.186848
948,traditional,0.023904,0.051200,0.136192,0.211296
949,traditional,0.020352,0.046080,0.116736,0.183168
950,traditional,0.024576,0.061440,0.135168,0.221184
951,traditional,0.031648,0.046080,0.119808,0.197536
952,traditional,0.023680,0.051200,0.134144,0.209024
953,traditional,0.020928,0.045056,0.116736,0.182720
954,traditional,0.023968,0.050176,0.137216,0.211360
955,traditional,0.044512,0.045056,0.115712,0.205280
956,traditional,0.022752,0.051200,0.117760,0.191712
957,traditional,0.022752,0.044032,0.115712,0.182496
958,traditional,0.024288,0.050176,0.145408,0.219872
959,traditional,0.020736,0.045056,0.116736,0.182528
960,traditional,0.024416,0.052224,0.115712,0.192352
961,traditional,0.020576,0.045056,0.115712,0.181344
962,traditional,0.024128,0.054272,0.143360,0.221760
963,traditional,0.020896,0.047104,0.115712,0.183712
964,traditional,0.029504,0.051200,0.137216,0.217920
965,traditional,0.020192,0.045056,0.116736,0.181984
966,traditional,0.024352,0.050176,0.136192,0.210720
967,traditional,0.021184,0.045056,0.116736,0.182976
968,traditional,0.024672,0.053248,0.137216,0.215136
969,traditional,0.021312,0.044032,0.115712,0.181056
970,traditional,0.024160,0.051200,0.146432,0.221792
971,traditional,0.020832,0.050176,0.116736,0.187744
972,traditional,0.021504,0.049152,0.115712,0.186368
973,traditional,0.021120,0.046080,0.116736,0.183936
974,traditional,0.023648,0.051200,0.135168,0.210016
975,traditional,0.020320,0.047104,0.115712,0.183136
976,traditional,0.025248,0.050176,0.134144,0.209568
977,traditional,0.020896,0.044032,0.117760,0.182688
978,traditional,0.023904,0.055296,0.142336,0.221536
979,traditional,0.020736,0.044032,0.116736,0.181504
980,traditional,0.023744,0.062464,0.137216,0.223424
981,traditional,0.021248,0.044032,0.115712,0.180992
982,traditional,0.027328,0.050176,0.135168,0.212672
983,traditional,0.023808,0.046080,0.116736,0.186624
984,traditional,0.023904,0.050176,0.138240,0.212320
985,traditional,0.045600,0.044032,0.119808,0.209440
986,traditional,0.034816,0.048128,0.117760,0.200704
987,traditional,0.020416,0.043008,0.115712,0.179136
988,traditional,0.023616,0.050176,0.125952,0.199744
989,traditional,0.021088,0.045056,0.116736,0.182880
990,traditional,0.023776,0.049152,0.136192,0.209120
991,traditional,0.020608,0.047104,0.116736,0.184448
992,traditional,0.026784,0.050176,0.132096,0.209056
993,traditional,0.020480,0.046080,0.115712,0.182272
994,traditional,0.023744,0.053248,0.145408,0.222400
995,traditional,0.020512,0.046080,0.116736,0.183328
996,traditional,0.024512,0.055296,0.137216,0.217024
997,traditional,0.023296,0.044032,0.116736,0.184064
998,traditional,0.023808,0.051200,0.137216,0.212224
999,traditional,0.020640,0.045056,0.115712,0.181408
1000,traditional,0.024640,0.051200,0.135168,0.211008
1001,traditional,0.022176,0.045056,0.116736,0.183968
1002,traditional,0.028608,0.050176,0.137216,0.216000
1003,traditional,0.024288,0.046080,0.119808,0.190176
1004,traditional,0.024544,0.050176,0.134144,0.208864
1005,traditional,0.020672,0.045056,0.115712,0.181440
1006,traditional,0.025216,0.049152,0.145408,0.219776
1007,traditional,0.021280,0.044032,0.116736,0.182048
1008,traditional,0.025152,0.052224,0.134144,0.211520
1009,traditional,0.021280,0.053248,0.116736,0.191264
1010,traditional,0.048832,0.050176,0.121856,0.220864
1011,traditional,0.020896,0.045056,0.115712,0.181664
1012,traditional,0.024928,0.050176,0.125952,0.201056
1013,traditional,0.023424,0.045056,0.116736,0.185216
1014,traditional,0.023808,0.051200,0.134144,0.209152
1015,traditional,0.020512,0.046080,0.115712,0.182304
1016,traditional,0.022976,0.050176,0.117760,0.190912
1017,traditional,0.020320,0.045056,0.116736,0.182112
1018,traditional,0.024736,0.049152,0.117760,0.191648
1019,traditional,0.020896,0.045056,0.116736,0.182688
1020,traditional,0.024224,0.050176,0.134144,0.208544
1021,traditional,0.020608,0.045056,0.115712,0.181376
1022,traditional,0.024192,0.050176,0.138240,0.212608
1023,traditional,0.021664,0.045056,0.115712,0.182432
1024,traditional,0.036128,0.052224,0.136192,0.224544
1025,traditional,0.020960,0.045056,0.119808,0.185824
1026,traditional,0.023520,0.052224,0.134144,0.209888
1027,traditional,0.020864,0.045056,0.115712,0.181632
1028,traditional,0.024096,0.050176,0.137216,0.211488
1029,traditional,0.021312,0.045056,0.115712,0.182080
1030,traditional,0.023776,0.051200,0.134144,0.209120
1031,traditional,0.020640,0.044032,0.116736,0.181408
1032,traditional,0.021568,0.052224,0.115712,0.189504
1033,traditional,0.020960,0.044032,0.129024,0.194016
1034,traditional,0.024832,0.050176,0.129024,0.204032
1035,traditional,0.020672,0.045056,0.123904,0.189632
1036,traditional,0.037248,0.050176,0.137216,0.224640
1037,traditional,0.023520,0.048128,0.116736,0.188384
1038,traditional,0.020256,0.049152,0.115712,0.185120
1039,traditional,0.020864,0.044032,0.141312,0.206208
1040,traditional,0.027040,0.051200,0.138240,0.216480
1041,traditional,0.021056,0.045056,0.118784,0.184896
1042,traditional,0.027200,0.051200,0.134144,0.212544
1043,traditional,0.020992,0.044032,0.116736,0.181760
1044,traditional,0.040288,0.050176,0.135168,0.225632
1045,traditional,0.024352,0.044032,0.116736,0.185120
1046,traditional,0.024960,0.050176,0.135168,0.210304
1047,traditional,0.020864,0.044032,0.115712,0.180608
1048,traditional,0.024736,0.050176,0.146432,0.221344
1049,traditional,0.020544,0.048128,0.115712,0.184384
1050,traditional,0.026976,0.050176,0.137216,0.214368
1051,traditional,0.023872,0.045056,0.116736,0.185664
1052,traditional,0.024064,0.051200,0.138240,0.213504
1053,traditional,0.021056,0.046080,0.115712,0.182848
1054,traditional,0.025824,0.051200,0.134144,0.211168
1055,traditional,0.022080,0.045056,0.116736,0.183872
1056,traditional,0.023648,0.050176,0.135168,0.208992
1057,traditional,0.021152,0.044032,0.116736,0.181920
1058,traditional,0.027008,0.051200,0.136192,0.214400
1059,traditional,0.021344,0.044032,0.115712,0.181088
1060,traditional,0.023872,0.050176,0.136192,0.210240
1061,traditional,0.031360,0.045056,0.116736,0.193152
1062,traditional,0.036064,0.050176,0.137216,0.223456
1063,traditional,0.020704,0.045056,0.116736,0.182496
1064,traditional,0.023936,0.052224,0.134144,0.210304
1065,traditional,0.021952,0.046080,0.115712,0.183744
1066,traditional,0.023584,0.050176,0.135168,0.208928
1067,traditional,0.020544,0.056320,0.117760,0.194624
1068,traditional,0.035808,0.052224,0.142336,0.230368
1069,traditional,0.020992,0.049152,0.120832,0.190976
1070,traditional,0.025024,0.049152,0.117760,0.191936
1071,traditional,0.021280,0.044032,0.116736,0.182048
1072,traditional,0.021824,0.051200,0.116736,0.189760
1073,traditional,0.021568,0.047104,0.115712,0.184384
1074,traditional,0.033376,0.051200,0.146432,0.231008
1075,traditional,0.020928,0.045056,0.116736,0.182720
1076,traditional,0.024256,0.050176,0.137216,0.211648
1077,traditional,0.020416,0.055296,0.115712,0.191424
1078,traditional,0.024064,0.053248,0.133120,0.210432
1079,traditional,0.021184,0.048128,0.115712,0.185024
1080,traditional,0.024768,0.051200,0.137216,0.213184
1081,traditional,0.021152,0.046080,0.116736,0.183968
1082,traditional,0.026368,0.050176,0.135168,0.211712
1083,traditional,0.020960,0.045056,0.125952,0.191968
1084,traditional,0.028928,0.062464,0.117760,0.209152
1085,traditional,0.021056,0.046080,0.116736,0.183872
1086,traditional,0.024800,0.051200,0.134144,0.210144
1087,traditional,0.020640,0.044032,0.116736,0.181408
1088,traditional,0.025152,0.051200,0.147456,0.223808
1089,traditional,0.020608,0.045056,0.115712,0.181376
1090,traditional,0.032608,0.051200,0.120832,0.204640
1091,traditional,0.020896,0.045056,0.115712,0.181664
1092,traditional,0.025120,0.051200,0.115712,0.192032
1093,traditional,0.020960,0.046080,0.116736,0.183776
1094,traditional,0.020864,0.048128,0.117760,0.186752
1095,traditional,0.021216,0.045056,0.116736,0.183008
1096,traditional,0.023936,0.050176,0.136192,0.210304
1097,traditional,0.024320,0.044032,0.116736,0.185088
1098,traditional,0.021344,0.049152,0.116736,0.187232
1099,traditional,0.020256,0.045056,0.121856,0.187168
1100,traditional,0.023712,0.048128,0.117760,0.189600
1101,traditional,0.021696,0.046080,0.114688,0.182464
1102,traditional,0.027200,0.050176,0.137216,0.214592
1103,traditional,0.024768,0.044032,0.116736,0.185536
1104,traditional,0.031264,0.060416,0.118784,0.210464
1105,traditional,0.021056,0.045056,0.116736,0.182848
1106,traditional,0.023264,0.048128,0.129024,0.200416
1107,traditional,0.021184,0.045056,0.115712,0.181952
1108,traditional,0.035168,0.051200,0.116736,0.203104
1109,traditional,0.020512,0.045056,0.116736,0.182304
1110,traditional,0.028160,0.051200,0.117760,0.197120
1111,traditional,0.020224,0.045056,0.116736,0.182016
1112,traditional,0.024640,0.049152,0.146432,0.220224
1113,traditional,0.020800,0.045056,0.115712,0.181568
1114,traditional,0.021088,0.048128,0.116736,0.185952
1115,traditional,0.021472,0.056320,0.119808,0.197600
1116,traditional,0.021344,0.045056,0.115712,0.182112
1117,traditional,0.019936,0.056320,0.157696,0.233952
1118,traditional,0.030816,0.051200,0.137216,0.219232
1119,traditional,0.022336,0.046080,0.115712,0.184128
1120,traditional,0.024128,0.052224,0.137216,0.213568
1121,traditional,0.020896,0.045056,0.118784,0.184736
1122,traditional,0.024544,0.050176,0.146432,0.221152
1123,traditional,0.020800,0.045056,0.116736,0.182592
1124,traditional,0.024704,0.050176,0.143360,0.218240
1125,traditional,0.032000,0.045056,0.115712,0.192768
1126,traditional,0.023840,0.049152,0.136192,0.209184
1127,traditional,0.022656,0.044032,0.116736,0.183424
1128,traditional,0.024096,0.064512,0.134144,0.222752
1129,traditional,0.020672,0.045056,0.116736,0.182464
1130,traditional,0.023680,0.051200,0.138240,0.213120
1131,traditional,0.020576,0.044032,0.115712,0.180320
1132,traditional,0.036384,0.053248,0.130048,0.219680
1133,traditional,0.021312,0.054272,0.116736,0.192320
1134,traditional,0.024512,0.055296,0.134144,0.213952
1135,traditional,0.021056,0.044032,0.120832,0.185920
1136,traditional,0.027776,0.051200,0.134144,0.213120
1137,traditional,0.021120,0.045056,0.115712,0.181888
1138,traditional,0.024608,0.052224,0.134144,0.210976
1139,traditional,0.020736,0.046080,0.116736,0.183552
1140,traditional,0.028032,0.050176,0.134144,0.212352
1141,traditional,0.021184,0.057344,0.116736,0.195264
1142,traditional,0.023840,0.051200,0.134144,0.209184
1143,traditional,0.022368,0.045056,0.115712,0.183136
1144,traditional,0.024032,0.052224,0.142336,0.218592
1145,traditional,0.024480,0.045056,0.116736,0.186272
1146,traditional,0.024608,0.051200,0.134144,0.209952
1147,traditional,0.020576,0.045056,0.116736,0.182368
1148,traditional,0.024288,0.050176,0.137216,0.211680
1149,traditional,0.021088,0.045056,0.118784,0.184928
1150,traditional,0.024768,0.071680,0.137216,0.233664
1151,traditional,0.020992,0.045056,0.116736,0.182784
1152,traditional,0.024576,0.050176,0.137216,0.211968
1153,traditional,0.020544,0.045056,0.120832,0.186432
1154,traditional,0.024640,0.050176,0.134144,0.208960
1155,traditional,0.020576,0.045056,0.115712,0.181344
1156,traditional,0.027520,0.051200,0.134144,0.212864
1157,traditional,0.020896,0.044032,0.119808,0.184736
1158,traditional,0.021568,0.049152,0.119808,0.190528
1159,traditional,0.020800,0.046080,0.115712,0.182592
1160,traditional,0.029344,0.050176,0.134144,0.213664
1161,traditional,0.020896,0.045056,0.116736,0.182688
1162,traditional,0.024352,0.051200,0.134144,0.209696
1163,traditional,0.020256,0.045056,0.116736,0.182048
1164,traditional,0.024000,0.051200,0.145408,0.220608
1165,traditional,0.020928,0.044032,0.116736,0.181696
1166,traditional,0.024928,0.051200,0.140288,0.216416
1167,traditional,0.020448,0.045056,0.115712,0.181216
1168,traditional,0.024128,0.050176,0.136192,0.210496
1169,traditional,0.020640,0.045056,0.116736,0.182432
1170,traditional,0.024768,0.051200,0.137216,0.213184
1171,traditional,0.021280,0.049152,0.141312,0.211744
1172,traditional,0.024000,0.051200,0.135168,0.210368
1173,traditional,0.020800,0.050176,0.131072,0.202048
1174,traditional,0.024512,0.050176,0.146432,0.221120
1175,traditional,0.024384,0.045056,0.116736,0.186176
1176,traditional,0.023840,0.052224,0.121856,0.197920
1177,traditional,0.020768,0.046080,0.119808,0.186656
1178,traditional,0.024096,0.050176,0.146432,0.220704
1179,traditional,0.023744,0.044032,0.114688,0.182464
1180,traditional,0.025248,0.050176,0.146432,0.221856
1181,traditional,0.020832,0.045056,0.115712,0.181600
1182,traditional,0.024224,0.051200,0.144384,0.219808
1183,traditional,0.025824,0.045056,0.115712,0.186592
1184,traditional,0.020800,0.053248,0.116736,0.190784
1185,traditional,0.020384,0.048128,0.117760,0.186272
1186,traditional,0.027872,0.051200,0.146432,0.225504
1187,traditional,0.024224,0.046080,0.115712,0.186016
1188,traditional,0.026880,0.050176,0.137216,0.214272
1189,traditional,0.021056,0.044032,0.115712,0.180800
1190,traditional,0.025344,0.050176,0.134144,0.209664
1191,traditional,0.020736,0.044032,0.115712,0.180480
1192,traditional,0.024608,0.050176,0.134144,0.208928
1193,traditional,0.020864,0.060416,0.118784,0.200064
1194,traditional,0.024480,0.050176,0.137216,0.211872
1195,traditional,0.021920,0.045056,0.115712,0.182688
1196,traditional,0.023872,0.050176,0.121856,0.195904
1197,traditional,0.022464,0.045056,0.115712,0.183232
1198,traditional,0.027360,0.055296,0.134144,0.216800
1199,traditional,0.020640,0.047104,0.119808,0.187552
1200,traditional,0.023936,0.050176,0.134144,0.208256
1201,traditional,0.021248,0.046080,0.116736,0.184064
1202,traditional,0.036768,0.052224,0.137216,0.226208
1203,traditional,0.020832,0.045056,0.115712,0.181600
1204,traditional,0.024192,0.053248,0.134144,0.211584
1205,traditional,0.020608,0.044032,0.116736,0.181376
1206,traditional,0.047712,0.051200,0.115712,0.214624
1207,traditional,0.021216,0.045056,0.115712,0.181984
1208,traditional,0.024224,0.050176,0.146432,0.220832
1209,traditional,0.021056,0.044032,0.115712,0.180800
1210,traditional,0.027200,0.050176,0.120832,0.198208
1211,traditional,0.020288,0.046080,0.116736,0.183104
1212,traditional,0.024160,0.050176,0.134144,0.208480
1213,traditional,0.020928,0.045056,0.115712,0.181696
1214,traditional,0.023616,0.051200,0.138240,0.213056
1215,traditional,0.020992,0.045056,0.115712,0.181760
1216,traditional,0.024320,0.050176,0.149504,0.224000
1217,traditional,0.021280,0.046080,0.118784,0.186144
1218,traditional,0.032192,0.049152,0.128000,0.209344
1219,traditional,0.020768,0.045056,0.116736,0.182560
1220,traditional,0.025888,0.050176,0.120832,0.196896
1221,traditional,0.020896,0.045056,0.115712,0.181664
1222,traditional,0.024544,0.049152,0.135168,0.208864
1223,traditional,0.020480,0.046080,0.118784,0.185344
1224,traditional,0.023872,0.059392,0.137216,0.220480
1225,traditional,0.031072,0.046080,0.119808,0.196960
1226,traditional,0.024576,0.051200,0.146432,0.222208
1227,traditional,0.020256,0.046080,0.114688,0.181024
1228,traditional,0.027360,0.050176,0.136192,0.213728
1229,traditional,0.021312,0.044032,0.119808,0.185152
1230,traditional,0.024032,0.052224,0.134144,0.210400
1231,traditional,0.020768,0.045056,0.115712,0.181536
1232,traditional,0.025760,0.051200,0.142336,0.219296
1233,traditional,0.020576,0.045056,0.123904,0.189536
1234,traditional,0.023872,0.050176,0.120832,0.194880
1235,traditional,0.020672,0.045056,0.116736,0.182464
1236,traditional,0.027296,0.050176,0.134144,0.211616
1237,traditional,0.020224,0.044032,0.116736,0.180992
1238,traditional,0.024384,0.050176,0.135168,0.209728
1239,traditional,0.021184,0.044032,0.115712,0.180928
1240,traditional,0.037056,0.051200,0.134144,0.222400
1241,traditional,0.046176,0.048128,0.119808,0.214112
1242,traditional,0.027680,0.051200,0.134144,0.213024
1243,traditional,0.020672,0.046080,0.116736,0.183488
1244,traditional,0.024896,0.050176,0.158720,0.233792
1245,traditional,0.020128,0.047104,0.117760,0.184992
1246,traditional,0.023808,0.049152,0.120832,0.193792
1247,traditional,0.020928,0.046080,0.116736,0.183744
1248,traditional,0.021216,0.050176,0.114688,0.186080
1249,traditional,0.020480,0.045056,0.115712,0.181248
1250,traditional,0.035936,0.051200,0.133120,0.220256
1251,traditional,0.022144,0.044032,0.115712,0.181888
1252,traditional,0.023744,0.051200,0.136192,0.211136
1253,traditional,0.020704,0.044032,0.116736,0.181472
1254,traditional,0.023712,0.053248,0.134144,0.211104
1255,traditional,0.020864,0.045056,0.116736,0.182656
1256,traditional,0.021504,0.049152,0.117760,0.188416
1257,traditional,0.024480,0.047104,0.114688,0.186272
1258,traditional,0.020704,0.049152,0.117760,0.187616
1259,traditional,0.021280,0.044032,0.122880,0.188192
1260,traditional,0.023904,0.050176,0.134144,0.208224
1261,traditional,0.020256,0.046080,0.128000,0.194336
1262,traditional,0.024608,0.050176,0.141312,0.216096
1263,traditional,0.020960,0.044032,0.115712,0.180704
1264,traditional,0.027424,0.049152,0.121856,0.198432
1265,traditional,0.020352,0.048128,0.115712,0.184192
1266,traditional,0.024128,0.050176,0.137216,0.211520
1267,traditional,0.021216,0.044032,0.116736,0.181984
1268,traditional,0.023616,0.052224,0.134144,0.209984
1269,traditional,0.021600,0.045056,0.115712,0.182368
1270,traditional,0.036320,0.050176,0.135168,0.221664
1271,traditional,0.020640,0.045056,0.115712,0.181408
1272,traditional,0.024224,0.052224,0.137216,0.213664
1273,traditional,0.020960,0.045056,0.115712,0.181728
1274,traditional,0.027296,0.053248,0.137216,0.217760
1275,traditional,0.021568,0.045056,0.118784,0.185408
1276,traditional,0.034272,0.051200,0.139264,0.224736
1277,traditional,0.020832,0.046080,0.115712,0.182624
1278,traditional,0.026048,0.050176,0.116736,0.192960
1279,traditional,0.020224,0.044032,0.125952,0.190208
1280,traditional,0.021568,0.048128,0.120832,0.190528
1281,traditional,0.020480,0.048128,0.115712,0.184320
1282,traditional,0.024160,0.050176,0.134144,0.208480
1283,traditional,0.022304,0.046080,0.116736,0.185120
1284,traditional,0.024000,0.058368,0.135168,0.217536
1285,traditional,0.022976,0.045056,0.116736,0.184768
1286,traditional,0.024672,0.050176,0.119808,0.194656
1287,traditional,0.023552,0.045056,0.115712,0.184320
1288,traditional,0.024224,0.050176,0.117760,0.192160
1289,traditional,0.020192,0.048128,0.117760,0.186080
1290,traditional,0.023104,0.051200,0.116736,0.191040
1291,traditional,0.019936,0.045056,0.116736,0.181728
1292,traditional,0.024416,0.050176,0.117760,0.192352
1293,traditional,0.020384,0.044032,0.115712,0.180128
1294,traditional,0.024576,0.053248,0.134144,0.211968
1295,traditional,0.020608,0.045056,0.116736,0.182400
1296,traditional,0.024544,0.053248,0.145408,0.223200
1297,traditional,0.021824,0.049152,0.118784,0.189760
1298,traditional,0.024480,0.050176,0.138240,0.212896
1299,traditional,0.024352,0.046080,0.115712,0.186144
1300,traditional,0.033792,0.049152,0.116736,0.199680
1301,traditional,0.020640,0.044032,0.116736,0.181408
1302,traditional,0.024896,0.051200,0.157696,0.233792
1303,traditional,0.021440,0.044032,0.119808,0.185280
1304,traditional,0.021888,0.050176,0.129024,0.201088
1305,traditional,0.020480,0.045056,0.114688,0.180224
1306,traditional,0.024640,0.050176,0.145408,0.220224
1307,traditional,0.020736,0.044032,0.116736,0.181504
1308,traditional,0.023520,0.051200,0.134144,0.208864
1309,traditional,0.021056,0.049152,0.116736,0.186944
1310,traditional,0.023840,0.046080,0.145408,0.215328
1311,traditional,0.020608,0.046080,0.114688,0.181376
1312,traditional,0.029408,0.051200,0.137216,0.217824
1313,traditional,0.020960,0.045056,0.115712,0.181728
1314,traditional,0.024032,0.051200,0.135168,0.210400
1315,traditional,0.031680,0.044032,0.119808,0.195520
1316,traditional,0.035936,0.050176,0.117760,0.203872
1317,traditional,0.021152,0.044032,0.115712,0.180896
1318,traditional,0.023424,0.050176,0.117760,0.191360
1319,traditional,0.021024,0.044032,0.116736,0.181792
1320,traditional,0.029120,0.052224,0.134144,0.215488
1321,traditional,0.020672,0.054272,0.116736,0.191680
1322,traditional,0.021888,0.049152,0.116736,0.187776
1323,traditional,0.020352,0.044032,0.118784,0.183168
1324,traditional,0.023456,0.050176,0.135168,0.208800
1325,traditional,0.020928,0.045056,0.116736,0.182720
1326,traditional,0.024032,0.053248,0.139264,0.216544
1327,traditional,0.020576,0.045056,0.120832,0.186464
1328,traditional,0.023712,0.050176,0.135168,0.209056
1329,traditional,0.020736,0.044032,0.115712,0.180480
1330,traditional,0.024480,0.050176,0.116736,0.191392
1331,traditional,0.021056,0.044032,0.116736,0.181824
1332,traditional,0.023648,0.051200,0.136192,0.211040
1333,traditional,0.024352,0.045056,0.116736,0.186144
1334,traditional,0.027680,0.052224,0.158720,0.238624
1335,traditional,0.020512,0.045056,0.115712,0.181280
1336,traditional,0.023712,0.050176,0.138240,0.212128
1337,traditional,0.020096,0.044032,0.130048,0.194176
1338,traditional,0.031328,0.050176,0.119808,0.201312
1339,traditional,0.021504,0.045056,0.116736,0.183296
1340,traditional,0.025184,0.049152,0.137216,0.211552
1341,traditional,0.021472,0.047104,0.118784,0.187360
1342,traditional,0.021056,0.054272,0.128000,0.203328
1343,traditional,0.021184,0.044032,0.116736,0.181952
1344,traditional,0.024608,0.050176,0.133120,0.207904
1345,traditional,0.020256,0.045056,0.116736,0.182048
1346,traditional,0.024224,0.054272,0.138240,0.216736
1347,traditional,0.020736,0.047104,0.118784,0.186624
1348,traditional,0.024256,0.056320,0.145408,0.225984
1349,traditional,0.020768,0.045056,0.116736,0.182560
1350,traditional,0.025344,0.051200,0.134144,0.210688
1351,traditional,0.020896,0.045056,0.116736,0.182688
1352,traditional,0.053792,0.052224,0.136192,0.242208
1353,traditional,0.020544,0.044032,0.115712,0.180288
1354,traditional,0.026720,0.051200,0.137216,0.215136
1355,traditional,0.020896,0.046080,0.126976,0.193952
1356,traditional,0.023520,0.054272,0.138240,0.216032
1357,traditional,0.021184,0.044032,0.126976,0.192192
1358,traditional,0.024096,0.050176,0.135168,0.209440
1359,traditional,0.021152,0.065536,0.115712,0.202400
1360,traditional,0.030912,0.051200,0.116736,0.198848
1361,traditional,0.020480,0.044032,0.115712,0.180224
1362,traditional,0.026368,0.049152,0.115712,0.191232
1363,traditional,0.020768,0.044032,0.116736,0.181536
1364,traditional,0.023520,0.051200,0.136192,0.210912
1365,traditional,0.021216,0.045056,0.115712,0.181984
1366,traditional,0.024064,0.052224,0.135168,0.211456
1367,traditional,0.023296,0.045056,0.116736,0.185088
1368,traditional,0.024192,0.061440,0.137216,0.222848
1369,traditional,0.021024,0.046080,0.116736,0.183840
1370,traditional,0.024032,0.050176,0.135168,0.209376
1371,traditional,0.021024,0.044032,0.115712,0.180768
1372,traditional,0.025088,0.051200,0.134144,0.210432
1373,traditional,0.020448,0.045056,0.141312,0.206816
1374,traditional,0.024288,0.053248,0.135168,0.212704
1375,traditional,0.020960,0.048128,0.117760,0.186848
1376,traditional,0.024384,0.050176,0.130048,0.204608
1377,traditional,0.020960,0.048128,0.115712,0.184800
1378,traditional,0.024608,0.050176,0.120832,0.195616
1379,traditional,0.020768,0.044032,0.116736,0.181536
1380,traditional,0.024640,0.050176,0.137216,0.212032
1381,traditional,0.020544,0.045056,0.116736,0.182336
1382,traditional,0.021728,0.048128,0.116736,0.186592
1383,traditional,0.023520,0.057344,0.133120,0.213984
1384,traditional,0.023872,0.050176,0.126976,0.201024
1385,traditional,0.024480,0.046080,0.116736,0.187296
1386,traditional,0.024448,0.051200,0.136192,0.211840
1387,traditional,0.022368,0.045056,0.116736,0.184160
1388,traditional,0.024192,0.049152,0.139264,0.212608
1389,traditional,0.020320,0.045056,0.115712,0.181088
1390,traditional,0.024384,0.051200,0.136192,0.211776
1391,traditional,0.031360,0.046080,0.119808,0.197248
1392,traditional,0.023872,0.050176,0.142336,0.216384
1393,traditional,0.020704,0.046080,0.116736,0.183520
1394,traditional,0.024480,0.051200,0.130048,0.205728
1395,traditional,0.020640,0.045056,0.115712,0.181408
1396,traditional,0.027168,0.052224,0.146432,0.225824
1397,traditional,0.020928,0.047104,0.120832,0.188864
1398,traditional,0.024864,0.058368,0.116736,0.199968
1399,traditional,0.020320,0.045056,0.116736,0.182112
1400,traditional,0.023872,0.050176,0.116736,0.190784
1401,traditional,0.024000,0.045056,0.115712,0.184768
1402,traditional,0.027968,0.048128,0.116736,0.192832
1403,traditional,0.020640,0.056320,0.119808,0.196768
1404,traditional,0.024640,0.052224,0.143360,0.220224
1405,traditional,0.020672,0.046080,0.116736,0.183488
1406,traditional,0.024768,0.051200,0.135168,0.211136
1407,traditional,0.020928,0.044032,0.114688,0.179648
1408,traditional,0.024448,0.050176,0.142336,0.216960
1409,traditional,0.020576,0.046080,0.115712,0.182368
1410,traditional,0.023808,0.051200,0.137216,0.212224
1411,traditional,0.020640,0.044032,0.117760,0.182432
1412,traditional,0.021888,0.050176,0.117760,0.189824
1413,traditional,0.020960,0.045056,0.115712,0.181728
1414,traditional,0.024864,0.051200,0.134144,0.210208
1415,traditional,0.021120,0.044032,0.116736,0.181888
1416,traditional,0.036832,0.050176,0.123904,0.210912
1417,traditional,0.024640,0.045056,0.115712,0.185408
1418,traditional,0.023936,0.049152,0.135168,0.208256
1419,traditional,0.033504,0.044032,0.115712,0.193248
1420,traditional,0.023776,0.052224,0.134144,0.210144
1421,traditional,0.020864,0.044032,0.116736,0.181632
1422,traditional,0.024896,0.051200,0.145408,0.221504
1423,traditional,0.020768,0.045056,0.116736,0.182560
1424,traditional,0.036896,0.049152,0.140288,0.226336
1425,traditional,0.020192,0.046080,0.115712,0.181984
1426,traditional,0.024448,0.048128,0.117760,0.190336
1427,traditional,0.021184,0.045056,0.116736,0.182976
1428,traditional,0.025504,0.051200,0.115712,0.192416
1429,traditional,0.020320,0.045056,0.115712,0.181088
1430,traditional,0.023680,0.051200,0.119808,0.194688
1431,traditional,0.021024,0.053248,0.115712,0.189984
1432,traditional,0.024672,0.050176,0.120832,0.195680
1433,traditional,0.020736,0.044032,0.116736,0.181504
1434,traditional,0.024544,0.060416,0.116736,0.201696
1435,traditional,0.021056,0.044032,0.128000,0.193088
1436,traditional,0.025248,0.064512,0.134144,0.223904
1437,traditional,0.020928,0.045056,0.115712,0.181696
1438,traditional,0.023968,0.050176,0.136192,0.210336
1439,traditional,0.021376,0.045056,0.128000,0.194432
1440,traditional,0.024928,0.053248,0.145408,0.223584
1441,traditional,0.020864,0.044032,0.116736,0.181632
1442,traditional,0.028384,0.050176,0.138240,0.216800
1443,traditional,0.020416,0.045056,0.114688,0.180160
1444,traditional,0.024768,0.050176,0.135168,0.210112
1445,traditional,0.020768,0.044032,0.119808,0.184608
1446,traditional,0.026784,0.050176,0.134144,0.211104
1447,traditional,0.024384,0.045056,0.129024,0.198464
1448,traditional,0.024864,0.049152,0.143360,0.217376
1449,traditional,0.020384,0.045056,0.116736,0.182176
1450,traditional,0.024736,0.050176,0.117760,0.192672
1451,traditional,0.020320,0.046080,0.116736,0.183136
1452,traditional,0.024704,0.049152,0.137216,0.211072
1453,traditional,0.020384,0.046080,0.115712,0.182176
1454,traditional,0.026624,0.052224,0.137216,0.216064
1455,traditional,0.020704,0.055296,0.115712,0.191712
1456,traditional,0.026400,0.049152,0.135168,0.210720
1457,traditional,0.021376,0.045056,0.116736,0.183168
1458,traditional,0.024224,0.051200,0.136192,0.211616
1459,traditional,0.024992,0.045056,0.116736,0.186784
1460,traditional,0.035488,0.051200,0.145408,0.232096
1461,traditional,0.030112,0.045056,0.115712,0.190880
1462,traditional,0.026944,0.050176,0.134144,0.211264
1463,traditional,0.022944,0.045056,0.116736,0.184736
1464,traditional,0.023936,0.051200,0.119808,0.194944
1465,traditional,0.020576,0.045056,0.116736,0.182368
1466,traditional,0.035808,0.051200,0.145408,0.232416
1467,traditional,0.020896,0.045056,0.115712,0.181664
1468,traditional,0.023872,0.052224,0.134144,0.210240
1469,traditional,0.020480,0.045056,0.116736,0.182272
1470,traditional,0.024992,0.050176,0.134144,0.209312
1471,traditional,0.020576,0.046080,0.119808,0.186464
1472,traditional,0.027552,0.050176,0.138240,0.215968
1473,traditional,0.021280,0.045056,0.114688,0.181024
1474,traditional,0.037088,0.051200,0.138240,0.226528
1475,traditional,0.020256,0.048128,0.115712,0.184096
1476,traditional,0.024224,0.051200,0.135168,0.210592
1477,traditional,0.021088,0.044032,0.116736,0.181856
1478,traditional,0.024320,0.051200,0.143360,0.218880
1479,traditional,0.021344,0.046080,0.116736,0.184160
1480,traditional,0.023328,0.054272,0.137216,0.214816
1481,traditional,0.020512,0.045056,0.116736,0.182304
1482,traditional,0.024256,0.052224,0.136192,0.212672
1483,traditional,0.020960,0.046080,0.119808,0.186848
1484,traditional,0.024032,0.050176,0.138240,0.212448
1485,traditional,0.020928,0.046080,0.114688,0.181696
1486,traditional,0.024320,0.050176,0.161792,0.236288
1487,traditional,0.021824,0.044032,0.116736,0.182592
1488,traditional,0.025664,0.052224,0.134144,0.212032
1489,traditional,0.020896,0.046080,0.116736,0.183712
1490,traditional,0.024960,0.052224,0.138240,0.215424
1491,traditional,0.020384,0.045056,0.115712,0.181152
1492,traditional,0.027264,0.051200,0.136192,0.214656
1493,traditional,0.020960,0.050176,0.119808,0.190944
1494,traditional,0.021536,0.050176,0.115712,0.187424
1495,traditional,0.025248,0.056320,0.116736,0.198304
1496,traditional,0.024064,0.050176,0.129024,0.203264
1497,traditional,0.020384,0.045056,0.114688,0.180128
1498,traditional,0.023936,0.046080,0.129024,0.199040
1499,traditional,0.020512,0.045056,0.119808,0.185376
1500,traditional,0.026336,0.051200,0.134144,0.211680
1501,traditional,0.021280,0.046080,0.116736,0.184096
1502,traditional,0.025824,0.054272,0.137216,0.217312
1503,traditional,0.023136,0.045056,0.115712,0.183904
1504,traditional,0.023488,0.052224,0.135168,0.210880
1505,traditional,0.019904,0.045056,0.116736,0.181696
1506,traditional,0.027200,0.051200,0.134144,0.212544
1507,traditional,0.020896,0.045056,0.116736,0.182688
1508,traditional,0.024448,0.052224,0.137216,0.213888
1509,traditional,0.023872,0.056320,0.140288,0.220480
1510,traditional,0.025120,0.050176,0.136192,0.211488
1511,traditional,0.021280,0.046080,0.116736,0.184096
1512,traditional,0.024608,0.051200,0.116736,0.192544
1513,traditional,0.021088,0.044032,0.116736,0.181856
1514,traditional,0.024672,0.050176,0.134144,0.208992
1515,traditional,0.020672,0.045056,0.115712,0.181440
1516,traditional,0.024480,0.050176,0.147456,0.222112
1517,traditional,0.020288,0.046080,0.116736,0.183104
1518,traditional,0.024128,0.061440,0.134144,0.219712
1519,traditional,0.020864,0.045056,0.116736,0.182656
1520,traditional,0.023520,0.056320,0.134144,0.213984
1521,traditional,0.020320,0.045056,0.114688,0.180064
1522,traditional,0.024000,0.050176,0.137216,0.211392
1523,traditional,0.020160,0.045056,0.116736,0.181952
1524,traditional,0.023904,0.051200,0.137216,0.212320
1525,traditional,0.022816,0.045056,0.115712,0.183584
1526,traditional,0.023648,0.051200,0.136192,0.211040
1527,traditional,0.020672,0.045056,0.115712,0.181440
1528,traditional,0.023904,0.051200,0.134144,0.209248
1529,traditional,0.023616,0.046080,0.116736,0.186432
1530,traditional,0.036768,0.049152,0.135168,0.221088
1531,traditional,0.021056,0.044032,0.116736,0.181824
1532,traditional,0.023488,0.051200,0.135168,0.209856
1533,traditional,0.024512,0.058368,0.114688,0.197568
1534,traditional,0.025984,0.051200,0.145408,0.222592
1535,traditional,0.024352,0.044032,0.116736,0.185120
1536,traditional,0.023904,0.051200,0.134144,0.209248
1537,traditional,0.021088,0.045056,0.121856,0.188000
1538,traditional,0.024000,0.052224,0.138240,0.214464
1539,traditional,0.022624,0.045056,0.115712,0.183392
1540,traditional,0.026368,0.051200,0.136192,0.213760
1541,traditional,0.020928,0.045056,0.116736,0.182720
1542,traditional,0.022080,0.049152,0.115712,0.186944
1543,traditional,0.020544,0.046080,0.116736,0.183360
1544,traditional,0.023712,0.050176,0.135168,0.209056
1545,traditional,0.020928,0.044032,0.118784,0.183744
1546,traditional,0.024096,0.051200,0.129024,0.204320
1547,traditional,0.020512,0.047104,0.115712,0.183328
1548,traditional,0.024256,0.050176,0.134144,0.208576
1549,traditional,0.022432,0.045056,0.116736,0.184224
1550,traditional,0.027328,0.051200,0.134144,0.212672
1551,traditional,0.030624,0.046080,0.118784,0.195488
1552,traditional,0.024512,0.050176,0.134144,0.208832
1553,traditional,0.021600,0.047104,0.129024,0.197728
1554,traditional,0.024128,0.050176,0.146432,0.220736
1555,traditional,0.020384,0.046080,0.128000,0.194464
1556,traditional,0.024192,0.056320,0.137216,0.217728
1557,traditional,0.020576,0.045056,0.115712,0.181344
1558,traditional,0.028064,0.050176,0.135168,0.213408
1559,traditional,0.020640,0.045056,0.119808,0.185504
1560,traditional,0.023744,0.056320,0.142336,0.222400
1561,traditional,0.023328,0.047104,0.116736,0.187168
1562,traditional,0.026528,0.050176,0.138240,0.214944
1563,traditional,0.021600,0.045056,0.115712,0.182368
1564,traditional,0.024000,0.051200,0.135168,0.210368
1565,traditional,0.020352,0.045056,0.116736,0.182144
1566,traditional,0.023840,0.052224,0.134144,0.210208
1567,traditional,0.021184,0.045056,0.131072,0.197312
1568,traditional,0.021440,0.072704,0.116736,0.210880
1569,traditional,0.021600,0.045056,0.119808,0.186464
1570,traditional,0.027296,0.054272,0.146432,0.228000
1571,traditional,0.021120,0.057344,0.115712,0.194176
1572,traditional,0.025312,0.053248,0.134144,0.212704
1573,traditional,0.020608,0.044032,0.116736,0.181376
1574,traditional,0.026144,0.051200,0.135168,0.212512
1575,traditional,0.021344,0.044032,0.115712,0.181088
1576,traditional,0.027456,0.049152,0.129024,0.205632
1577,traditional,0.021152,0.045056,0.115712,0.181920
1578,traditional,0.023840,0.050176,0.146432,0.220448
1579,traditional,0.031040,0.045056,0.116736,0.192832
1580,traditional,0.024160,0.052224,0.137216,0.213600
1581,traditional,0.020224,0.045056,0.115712,0.180992
1582,traditional,0.024512,0.051200,0.134144,0.209856
1583,traditional,0.020928,0.044032,0.116736,0.181696
1584,traditional,0.023872,0.051200,0.136192,0.211264
1585,traditional,0.020960,0.044032,0.116736,0.181728
1586,traditional,0.023712,0.053248,0.137216,0.214176
1587,traditional,0.021632,0.044032,0.115712,0.181376
1588,traditional,0.023424,0.054272,0.145408,0.223104
1589,traditional,0.020928,0.044032,0.116736,0.181696
1590,traditional,0.021312,0.057344,0.115712,0.194368
1591,traditional,0.023616,0.049152,0.135168,0.207936
1592,traditional,0.023200,0.044032,0.116736,0.183968
1593,traditional,0.020928,0.044032,0.115712,0.180672
1594,traditional,0.023712,0.058368,0.134144,0.216224
1595,traditional,0.020736,0.045056,0.116736,0.182528
1596,traditional,0.023584,0.051200,0.141312,0.216096
1597,traditional,0.020416,0.045056,0.116736,0.182208
1598,traditional,0.024032,0.049152,0.138240,0.211424
1599,traditional,0.020448,0.046080,0.115712,0.182240
1600,traditional,0.023904,0.050176,0.138240,0.212320
1601,traditional,0.020288,0.045056,0.115712,0.181056
1602,traditional,0.025216,0.048128,0.115712,0.189056
1603,traditional,0.020704,0.044032,0.116736,0.181472
1604,traditional,0.024256,0.049152,0.138240,0.211648
1605,traditional,0.020896,0.046080,0.118784,0.185760
1606,traditional,0.023616,0.049152,0.120832,0.193600
1607,traditional,0.021152,0.045056,0.116736,0.182944
1608,traditional,0.027712,0.050176,0.136192,0.214080
1609,traditional,0.023264,0.047104,0.116736,0.187104
1610,traditional,0.023808,0.056320,0.145408,0.225536
1611,traditional,0.022752,0.050176,0.114688,0.187616
1612,traditional,0.027264,0.050176,0.146432,0.223872
1613,traditional,0.020800,0.045056,0.116736,0.182592
1614,traditional,0.024480,0.050176,0.158720,0.233376
1615,traditional,0.024576,0.045056,0.116736,0.186368
1616,traditional,0.024160,0.059392,0.136192,0.219744
1617,traditional,0.020128,0.044032,0.115712,0.179872
1618,traditional,0.023456,0.053248,0.137216,0.213920
1619,traditional,0.020608,0.045056,0.115712,0.181376
1620,traditional,0.023872,0.049152,0.125952,0.198976
1621,traditional,0.020288,0.048128,0.116736,0.185152
1622,traditional,0.023744,0.051200,0.134144,0.209088
1623,traditional,0.021248,0.044032,0.115712,0.180992
1624,traditional,0.024704,0.049152,0.136192,0.210048
1625,traditional,0.020608,0.055296,0.120832,0.196736
1626,traditional,0.027200,0.052224,0.134144,0.213568
1627,traditional,0.020800,0.044032,0.116736,0.181568
1628,traditional,0.020736,0.058368,0.120832,0.199936
1629,traditional,0.020704,0.049152,0.116736,0.186592
1630,traditional,0.021056,0.045056,0.116736,0.182848
1631,traditional,0.022880,0.050176,0.135168,0.208224
1632,traditional,0.021248,0.068608,0.115712,0.205568
1633,traditional,0.020128,0.044032,0.116736,0.180896
1634,traditional,0.035328,0.050176,0.134144,0.219648
1635,traditional,0.020224,0.046080,0.115712,0.182016
1636,traditional,0.024800,0.054272,0.134144,0.213216
1637,traditional,0.020576,0.044032,0.115712,0.180320
1638,traditional,0.024576,0.054272,0.135168,0.214016
1639,traditional,0.021056,0.044032,0.120832,0.185920
1640,traditional,0.025184,0.048128,0.117760,0.191072
1641,traditional,0.020576,0.045056,0.115712,0.181344
1642,traditional,0.027264,0.052224,0.140288,0.219776
1643,traditional,0.020800,0.051200,0.115712,0.187712
1644,traditional,0.028160,0.051200,0.135168,0.214528
1645,traditional,0.020896,0.053248,0.115712,0.189856
1646,traditional,0.022816,0.048128,0.117760,0.188704
1647,traditional,0.021664,0.046080,0.114688,0.182432
1648,traditional,0.023552,0.060416,0.137216,0.221184
1649,traditional,0.020160,0.048128,0.115712,0.184000
1650,traditional,0.024864,0.074752,0.136192,0.235808
1651,traditional,0.020960,0.046080,0.116736,0.183776
1652,traditional,0.025216,0.050176,0.135168,0.210560
1653,traditional,0.022592,0.045056,0.115712,0.183360
1654,traditional,0.024320,0.052224,0.134144,0.210688
1655,traditional,0.020192,0.051200,0.115712,0.187104
1656,traditional,0.024896,0.050176,0.135168,0.210240
1657,traditional,0.020672,0.044032,0.116736,0.181440
1658,traditional,0.023776,0.052224,0.135168,0.211168
1659,traditional,0.021120,0.044032,0.115712,0.180864
1660,traditional,0.025728,0.050176,0.134144,0.210048
1661,traditional,0.023552,0.044032,0.116736,0.184320
1662,traditional,0.024960,0.050176,0.138240,0.213376
1663,traditional,0.021088,0.044032,0.119808,0.184928
1664,traditional,0.023936,0.050176,0.134144,0.208256
1665,traditional,0.020416,0.045056,0.118784,0.184256
1666,traditional,0.024032,0.053248,0.137216,0.214496
1667,traditional,0.020928,0.045056,0.116736,0.182720
1668,traditional,0.026080,0.050176,0.137216,0.213472
1669,traditional,0.022592,0.045056,0.115712,0.183360
1670,traditional,0.025120,0.051200,0.134144,0.210464
1671,traditional,0.026016,0.045056,0.115712,0.186784
1672,traditional,0.024096,0.050176,0.136192,0.210464
1673,traditional,0.024672,0.045056,0.116736,0.186464
1674,traditional,0.024640,0.050176,0.134144,0.208960
1675,traditional,0.020352,0.045056,0.116736,0.182144
1676,traditional,0.028192,0.050176,0.134144,0.212512
1677,traditional,0.023744,0.046080,0.115712,0.185536
1678,traditional,0.024576,0.050176,0.137216,0.211968
1679,traditional,0.020064,0.045056,0.116736,0.181856
1680,traditional,0.021696,0.048128,0.116736,0.186560
1681,traditional,0.020672,0.049152,0.116736,0.186560
1682,traditional,0.024256,0.050176,0.137216,0.211648
1683,traditional,0.020960,0.044032,0.116736,0.181728
1684,traditional,0.024256,0.051200,0.136192,0.211648
1685,traditional,0.020832,0.043008,0.116736,0.180576
1686,traditional,0.024160,0.051200,0.135168,0.210528
1687,traditional,0.020640,0.045056,0.118784,0.184480
1688,traditional,0.028000,0.051200,0.136192,0.215392
1689,traditional,0.020544,0.045056,0.115712,0.181312
1690,traditional,0.020960,0.061440,0.116736,0.199136
1691,traditional,0.020608,0.046080,0.135168,0.201856
1692,traditional,0.023936,0.052224,0.138240,0.214400
1693,traditional,0.024704,0.044032,0.116736,0.185472
1694,traditional,0.024416,0.050176,0.138240,0.212832
1695,traditional,0.021088,0.045056,0.115712,0.181856
1696,traditional,0.027040,0.052224,0.136192,0.215456
1697,traditional,0.020608,0.049152,0.116736,0.186496
1698,traditional,0.027520,0.050176,0.135168,0.212864
1699,traditional,0.020864,0.045056,0.115712,0.181632
1700,traditional,0.024032,0.052224,0.137216,0.213472
1701,traditional,0.020800,0.046080,0.115712,0.182592
1702,traditional,0.024544,0.052224,0.134144,0.210912
1703,traditional,0.032736,0.044032,0.116736,0.193504
1704,traditional,0.024384,0.052224,0.147456,0.224064
1705,traditional,0.029600,0.047104,0.115712,0.192416
1706,traditional,0.024032,0.050176,0.117760,0.191968
1707,traditional,0.024096,0.045056,0.115712,0.184864
1708,traditional,0.024576,0.050176,0.117760,0.192512
1709,traditional,0.021376,0.045056,0.116736,0.183168
1710,traditional,0.028800,0.051200,0.146432,0.226432
1711,traditional,0.021536,0.044032,0.116736,0.182304
1712,traditional,0.021952,0.048128,0.116736,0.186816
1713,traditional,0.024736,0.044032,0.115712,0.184480
1714,traditional,0.024064,0.050176,0.137216,0.211456
1715,traditional,0.020320,0.045056,0.116736,0.182112
1716,traditional,0.023744,0.050176,0.137216,0.211136
1717,traditional,0.020544,0.045056,0.142336,0.207936
1718,traditional,0.033056,0.051200,0.135168,0.219424
1719,traditional,0.020768,0.044032,0.116736,0.181536
1720,traditional,0.025856,0.051200,0.134144,0.211200
1721,traditional,0.020992,0.045056,0.116736,0.182784
1722,traditional,0.032960,0.046080,0.133120,0.212160
1723,traditional,0.020768,0.045056,0.116736,0.182560
1724,traditional,0.028000,0.050176,0.146432,0.224608
1725,traditional,0.028064,0.045056,0.115712,0.188832
1726,traditional,0.023712,0.051200,0.146432,0.221344
1727,traditional,0.020448,0.066560,0.116736,0.203744
1728,traditional,0.023552,0.047104,0.138240,0.208896
1729,traditional,0.020928,0.046080,0.116736,0.183744
1730,traditional,0.023392,0.050176,0.138240,0.211808
1731,traditional,0.030400,0.045056,0.115712,0.191168
1732,traditional,0.023392,0.051200,0.120832,0.195424
1733,traditional,0.022560,0.045056,0.116736,0.184352
1734,traditional,0.024320,0.049152,0.137216,0.210688
1735,traditional,0.020576,0.047104,0.116736,0.184416
1736,traditional,0.024288,0.050176,0.135168,0.209632
1737,traditional,0.032448,0.045056,0.115712,0.193216
1738,traditional,0.024512,0.050176,0.120832,0.195520
1739,traditional,0.020064,0.046080,0.116736,0.182880
1740,traditional,0.026816,0.049152,0.116736,0.192704
1741,traditional,0.020064,0.047104,0.115712,0.182880
1742,traditional,0.021216,0.050176,0.117760,0.189152
1743,traditional,0.020544,0.046080,0.115712,0.182336
1744,traditional,0.024352,0.050176,0.140288,0.214816
1745,traditional,0.020896,0.045056,0.116736,0.182688
1746,traditional,0.024160,0.050176,0.135168,0.209504
1747,traditional,0.021024,0.047104,0.116736,0.184864
1748,traditional,0.023904,0.050176,0.116736,0.190816
1749,traditional,0.032928,0.046080,0.114688,0.193696
1750,traditional,0.024672,0.051200,0.136192,0.212064
1751,traditional,0.021088,0.045056,0.115712,0.181856
1752,traditional,0.022912,0.051200,0.134144,0.208256
1753,traditional,0.020832,0.046080,0.115712,0.182624
1754,traditional,0.021504,0.049152,0.121856,0.192512
1755,traditional,0.020768,0.043008,0.116736,0.180512
1756,traditional,0.023968,0.052224,0.133120,0.209312
1757,traditional,0.020000,0.045056,0.116736,0.181792
1758,traditional,0.023776,0.051200,0.136192,0.211168
1759,traditional,0.020832,0.044032,0.116736,0.181600
1760,traditional,0.024192,0.051200,0.142336,0.217728
1761,traditional,0.020704,0.046080,0.115712,0.182496
1762,traditional,0.026208,0.055296,0.130048,0.211552
1763,traditional,0.021056,0.045056,0.116736,0.182848
1764,traditional,0.035680,0.050176,0.134144,0.220000
1765,traditional,0.021888,0.044032,0.120832,0.186752
1766,traditional,0.024896,0.051200,0.117760,0.193856
1767,traditional,0.020384,0.044032,0.115712,0.180128
1768,traditional,0.023520,0.050176,0.134144,0.207840
1769,traditional,0.020896,0.045056,0.115712,0.181664
1770,traditional,0.023776,0.051200,0.132096,0.207072
1771,traditional,0.021024,0.044032,0.116736,0.181792
1772,traditional,0.024096,0.050176,0.134144,0.208416
1773,traditional,0.020320,0.046080,0.115712,0.182112
1774,traditional,0.024384,0.050176,0.145408,0.219968
1775,traditional,0.020224,0.045056,0.129024,0.194304
1776,traditional,0.022368,0.048128,0.116736,0.187232
1777,traditional,0.020928,0.044032,0.116736,0.181696
1778,traditional,0.022368,0.051200,0.116736,0.190304
1779,traditional,0.020512,0.045056,0.115712,0.181280
1780,traditional,0.027456,0.050176,0.120832,0.198464
1781,traditional,0.020512,0.045056,0.119808,0.185376
1782,traditional,0.024544,0.051200,0.135168,0.210912
1783,traditional,0.020800,0.055296,0.116736,0.192832
1784,traditional,0.022144,0.048128,0.117760,0.188032
1785,traditional,0.021184,0.045056,0.115712,0.181952
1786,traditional,0.023584,0.049152,0.134144,0.206880
1787,traditional,0.023968,0.046080,0.141312,0.211360
1788,traditional,0.024256,0.050176,0.134144,0.208576
1789,traditional,0.022816,0.044032,0.116736,0.183584
1790,traditional,0.027520,0.050176,0.137216,0.214912
1791,traditional,0.020864,0.062464,0.125952,0.209280
1792,traditional,0.023840,0.051200,0.116736,0.191776
1793,traditional,0.020992,0.044032,0.119808,0.184832
1794,traditional,0.023776,0.052224,0.140288,0.216288
1795,traditional,0.020928,0.043008,0.119808,0.183744
1796,traditional,0.037824,0.049152,0.120832,0.207808
1797,traditional,0.020864,0.046080,0.114688,0.181632
1798,traditional,0.022880,0.048128,0.116736,0.187744
1799,traditional,0.020672,0.050176,0.118784,0.189632
1800,traditional,0.024544,0.062464,0.136192,0.223200
1801,traditional,0.021152,0.044032,0.116736,0.181920
1802,traditional,0.023840,0.050176,0.134144,0.208160
1803,traditional,0.021728,0.045056,0.115712,0.182496
1804,traditional,0.036608,0.049152,0.147456,0.233216
1805,traditional,0.020896,0.045056,0.116736,0.182688
1806,traditional,0.024256,0.050176,0.137216,0.211648
1807,traditional,0.020864,0.048128,0.115712,0.184704
1808,traditional,0.035552,0.053248,0.137216,0.226016
1809,traditional,0.023680,0.044032,0.115712,0.183424
1810,traditional,0.024288,0.049152,0.135168,0.208608
1811,traditional,0.020512,0.045056,0.116736,0.182304
1812,traditional,0.023872,0.050176,0.136192,0.210240
1813,traditional,0.022432,0.045056,0.115712,0.183200
1814,traditional,0.023200,0.051200,0.138240,0.212640
1815,traditional,0.020288,0.047104,0.115712,0.183104
1816,traditional,0.024448,0.051200,0.134144,0.209792
1817,traditional,0.020960,0.046080,0.115712,0.182752
1818,traditional,0.024352,0.051200,0.136192,0.211744
1819,traditional,0.020736,0.045056,0.115712,0.181504
1820,traditional,0.024576,0.051200,0.134144,0.209920
1821,traditional,0.024416,0.045056,0.128000,0.197472
1822,traditional,0.024288,0.050176,0.134144,0.208608
1823,traditional,0.020288,0.046080,0.117760,0.184128
1824,traditional,0.027072,0.050176,0.128000,0.205248
1825,traditional,0.020480,0.045056,0.117760,0.183296
1826,traditional,0.024512,0.049152,0.137216,0.210880
1827,traditional,0.023200,0.044032,0.118784,0.186016
1828,traditional,0.036288,0.050176,0.160768,0.247232
1829,traditional,0.021120,0.044032,0.117760,0.182912
1830,traditional,0.029024,0.061440,0.138240,0.228704
1831,traditional,0.021472,0.048128,0.124928,0.194528
1832,traditional,0.026464,0.050176,0.134144,0.210784
1833,traditional,0.020480,0.045056,0.115712,0.181248
1834,traditional,0.024032,0.050176,0.156672,0.230880
1835,traditional,0.020768,0.046080,0.116736,0.183584
1836,traditional,0.023200,0.059392,0.116736,0.199328
1837,traditional,0.023712,0.044032,0.116736,0.184480
1838,traditional,0.024864,0.051200,0.132096,0.208160
1839,traditional,0.020320,0.046080,0.115712,0.182112
1840,traditional,0.023808,0.050176,0.120832,0.194816
1841,traditional,0.020768,0.046080,0.116736,0.183584
1842,traditional,0.026208,0.051200,0.137216,0.214624
1843,traditional,0.020224,0.045056,0.116736,0.182016
1844,traditional,0.025984,0.050176,0.138240,0.214400
1845,traditional,0.021312,0.047104,0.115712,0.184128
1846,traditional,0.024448,0.050176,0.133120,0.207744
1847,traditional,0.020704,0.045056,0.116736,0.182496
1848,traditional,0.024384,0.050176,0.138240,0.212800
1849,traditional,0.020512,0.045056,0.118784,0.184352
1850,traditional,0.023488,0.051200,0.137216,0.211904
1851,traditional,0.020320,0.045056,0.115712,0.181088
1852,traditional,0.026720,0.051200,0.134144,0.212064
1853,traditional,0.022784,0.044032,0.120832,0.187648
1854,traditional,0.024512,0.051200,0.135168,0.210880
1855,traditional,0.020096,0.066560,0.115712,0.202368
1856,traditional,0.024032,0.050176,0.138240,0.212448
1857,traditional,0.021216,0.044032,0.115712,0.180960
1858,traditional,0.033600,0.080896,0.134144,0.248640
1859,traditional,0.020704,0.044032,0.119808,0.184544
1860,traditional,0.027552,0.052224,0.134144,0.213920
1861,traditional,0.022080,0.044032,0.116736,0.182848
1862,traditional,0.024384,0.050176,0.134144,0.208704
1863,traditional,0.021024,0.045056,0.121856,0.187936
1864,traditional,0.024768,0.052224,0.141312,0.218304
1865,traditional,0.021024,0.054272,0.116736,0.192032
1866,traditional,0.034656,0.051200,0.141312,0.227168
1867,traditional,0.020768,0.045056,0.115712,0.181536
1868,traditional,0.024096,0.050176,0.134144,0.208416
1869,traditional,0.020384,0.045056,0.115712,0.181152
1870,traditional,0.027296,0.050176,0.135168,0.212640
1871,traditional,0.033216,0.044032,0.116736,0.193984
1872,traditional,0.023488,0.051200,0.145408,0.220096
1873,traditional,0.020640,0.045056,0.115712,0.181408
1874,traditional,0.023584,0.055296,0.134144,0.213024
1875,traditional,0.020992,0.045056,0.115712,0.181760
1876,traditional,0.023680,0.051200,0.135168,0.210048
1877,traditional,0.032096,0.049152,0.123904,0.205152
1878,traditional,0.024928,0.050176,0.134144,0.209248
1879,traditional,0.020832,0.047104,0.116736,0.184672
1880,traditional,0.026304,0.048128,0.117760,0.192192
1881,traditional,0.020832,0.047104,0.114688,0.182624
1882,traditional,0.023520,0.051200,0.136192,0.210912
1883,traditional,0.021024,0.047104,0.116736,0.184864
1884,traditional,0.024608,0.054272,0.134144,0.213024
1885,traditional,0.020480,0.046080,0.116736,0.183296
1886,traditional,0.027360,0.051200,0.134144,0.212704
1887,traditional,0.033024,0.045056,0.115712,0.193792
1888,traditional,0.024736,0.050176,0.134144,0.209056
1889,traditional,0.020960,0.044032,0.116736,0.181728
1890,traditional,0.024096,0.052224,0.135168,0.211488
1891,traditional,0.020864,0.048128,0.116736,0.185728
1892,traditional,0.023840,0.051200,0.138240,0.213280
1893,traditional,0.023968,0.045056,0.115712,0.184736
1894,traditional,0.027200,0.051200,0.134144,0.212544
1895,traditional,0.020544,0.046080,0.115712,0.182336
1896,traditional,0.023360,0.050176,0.136192,0.209728
1897,traditional,0.021632,0.045056,0.128000,0.194688
1898,traditional,0.024960,0.049152,0.120832,0.194944
1899,traditional,0.022432,0.045056,0.115712,0.183200
1900,traditional,0.024320,0.050176,0.134144,0.208640
1901,traditional,0.021024,0.045056,0.115712,0.181792
1902,traditional,0.024192,0.052224,0.137216,0.213632
1903,traditional,0.020896,0.046080,0.118784,0.185760
1904,traditional,0.036288,0.050176,0.120832,0.207296
1905,traditional,0.021056,0.045056,0.115712,0.181824
1906,traditional,0.023616,0.050176,0.134144,0.207936
1907,traditional,0.023456,0.046080,0.115712,0.185248
1908,traditional,0.023872,0.055296,0.137216,0.216384
1909,traditional,0.027808,0.046080,0.121856,0.195744
1910,traditional,0.031776,0.049152,0.138240,0.219168
1911,traditional,0.021024,0.044032,0.118784,0.183840
1912,traditional,0.023936,0.052224,0.137216,0.213376
1913,traditional,0.024288,0.045056,0.116736,0.186080
1914,traditional,0.023840,0.074752,0.137216,0.235808
1915,traditional,0.020736,0.046080,0.115712,0.182528
1916,traditional,0.024352,0.049152,0.134144,0.207648
1917,traditional,0.020960,0.045056,0.114688,0.180704
1918,traditional,0.021312,0.048128,0.116736,0.186176
1919,traditional,0.023104,0.044032,0.116736,0.183872
1920,traditional,0.024800,0.051200,0.145408,0.221408
1921,traditional,0.021312,0.045056,0.116736,0.183104
1922,traditional,0.024960,0.051200,0.138240,0.214400
1923,traditional,0.020064,0.044032,0.115712,0.179808
1924,traditional,0.026048,0.050176,0.136192,0.212416
1925,traditional,0.020480,0.044032,0.119808,0.184320
1926,traditional,0.023936,0.054272,0.136192,0.214400
1927,traditional,0.020704,0.047104,0.115712,0.183520
1928,traditional,0.021472,0.048128,0.116736,0.186336
1929,traditional,0.020544,0.045056,0.140288,0.205888
1930,traditional,0.024032,0.051200,0.138240,0.213472
1931,traditional,0.020640,0.044032,0.116736,0.181408
1932,traditional,0.027296,0.050176,0.137216,0.214688
1933,traditional,0.021056,0.045056,0.126976,0.193088
1934,traditional,0.032384,0.051200,0.134144,0.217728
1935,traditional,0.023584,0.047104,0.115712,0.186400
1936,traditional,0.023840,0.050176,0.135168,0.209184
1937,traditional,0.032928,0.044032,0.119808,0.196768
1938,traditional,0.024480,0.053248,0.145408,0.223136
1939,traditional,0.023488,0.045056,0.116736,0.185280
1940,traditional,0.024384,0.055296,0.136192,0.215872
1941,traditional,0.027200,0.045056,0.115712,0.187968
1942,traditional,0.024288,0.050176,0.136192,0.210656
1943,traditional,0.022720,0.046080,0.116736,0.185536
1944,traditional,0.024320,0.054272,0.136192,0.214784
1945,traditional,0.020576,0.045056,0.116736,0.182368
1946,traditional,0.024256,0.049152,0.138240,0.211648
1947,traditional,0.020768,0.047104,0.115712,0.183584
1948,traditional,0.021152,0.050176,0.117760,0.189088
1949,traditional,0.023584,0.047104,0.136192,0.206880
1950,traditional,0.024480,0.054272,0.146432,0.225184
1951,traditional,0.021024,0.043008,0.116736,0.180768
1952,traditional,0.028128,0.053248,0.146432,0.227808
1953,traditional,0.020864,0.044032,0.115712,0.180608
1954,traditional,0.027744,0.049152,0.137216,0.214112
1955,traditional,0.020256,0.045056,0.124928,0.190240
1956,traditional,0.028544,0.050176,0.137216,0.215936
1957,traditional,0.020480,0.045056,0.116736,0.182272
1958,traditional,0.023456,0.051200,0.134144,0.208800
1959,traditional,0.020896,0.045056,0.115712,0.181664
1960,traditional,0.024224,0.050176,0.134144,0.208544
1961,traditional,0.020384,0.045056,0.116736,0.182176
1962,traditional,0.021344,0.048128,0.116736,0.186208
1963,traditional,0.020864,0.044032,0.116736,0.181632
1964,traditional,0.024800,0.050176,0.138240,0.213216
1965,traditional,0.020544,0.050176,0.115712,0.186432
1966,traditional,0.023872,0.050176,0.135168,0.209216
1967,traditional,0.020768,0.045056,0.116736,0.182560
1968,traditional,0.026528,0.050176,0.138240,0.214944
1969,traditional,0.020256,0.045056,0.116736,0.182048
1970,traditional,0.023712,0.051200,0.139264,0.214176
1971,traditional,0.020704,0.045056,0.115712,0.181472
1972,traditional,0.023136,0.058368,0.117760,0.199264
1973,traditional,0.020608,0.045056,0.116736,0.182400
1974,traditional,0.023616,0.050176,0.115712,0.189504
1975,traditional,0.020512,0.046080,0.119808,0.186400
1976,traditional,0.024512,0.051200,0.139264,0.214976
1977,traditional,0.025216,0.044032,0.115712,0.184960
1978,traditional,0.027968,0.056320,0.138240,0.222528
1979,traditional,0.020800,0.045056,0.116736,0.182592
1980,traditional,0.027424,0.052224,0.134144,0.213792
1981,traditional,0.021056,0.044032,0.116736,0.181824
1982,traditional,0.023424,0.052224,0.139264,0.214912
1983,traditional,0.020608,0.046080,0.115712,0.182400
1984,traditional,0.024672,0.049152,0.137216,0.211040
1985,traditional,0.020736,0.045056,0.120832,0.186624
1986,traditional,0.027584,0.050176,0.137216,0.214976
1987,traditional,0.022688,0.045056,0.116736,0.184480
1988,traditional,0.027296,0.050176,0.134144,0.211616
1989,traditional,0.020192,0.045056,0.119808,0.185056
1990,traditional,0.028448,0.051200,0.137216,0.216864
1991,traditional,0.020928,0.047104,0.118784,0.186816
1992,traditional,0.024032,0.053248,0.134144,0.211424
1993,traditional,0.026176,0.046080,0.116736,0.188992
1994,traditional,0.024320,0.049152,0.139264,0.212736
1995,traditional,0.020960,0.044032,0.115712,0.180704
1996,traditional,0.023552,0.052224,0.133120,0.208896
1997,traditional,0.020736,0.047104,0.119808,0.187648
1998,traditional,0.028864,0.052224,0.134144,0.215232
1999,traditional,0.021024,0.049152,0.117760,0.187936
2000,traditional,0.024192,0.050176,0.120832,0.195200
2001,traditional,0.020384,0.046080,0.116736,0.183200
2002,traditional,0.024160,0.050176,0.116736,0.191072
2003,traditional,0.020928,0.048128,0.115712,0.184768
2004,traditional,0.024800,0.055296,0.140288,0.220384
2005,traditional,0.032288,0.046080,0.115712,0.194080
2006,traditional,0.024608,0.052224,0.139264,0.216096
2007,traditional,0.020256,0.046080,0.115712,0.182048
2008,traditional,0.024192,0.049152,0.117760,0.191104
2009,traditional,0.020736,0.044032,0.116736,0.181504
2010,traditional,0.025536,0.050176,0.135168,0.210880
2011,traditional,0.020672,0.047104,0.116736,0.184512
2012,traditional,0.027712,0.051200,0.138240,0.217152
2013,traditional,0.020576,0.045056,0.118784,0.184416
2014,traditional,0.020672,0.049152,0.116736,0.186560
2015,traditional,0.020608,0.044032,0.116736,0.181376
2016,traditional,0.023872,0.051200,0.137216,0.212288
2017,traditional,0.020352,0.044032,0.116736,0.181120
2018,traditional,0.026528,0.052224,0.137216,0.215968
2019,traditional,0.020320,0.046080,0.119808,0.186208
2020,traditional,0.023936,0.050176,0.134144,0.208256
2021,traditional,0.020864,0.044032,0.116736,0.181632
2022,traditional,0.024544,0.058368,0.134144,0.217056
2023,traditional,0.020992,0.046080,0.116736,0.183808
2024,traditional,0.029472,0.050176,0.137216,0.216864
2025,traditional,0.024064,0.045056,0.115712,0.184832
2026,traditional,0.034400,0.049152,0.116736,0.200288
2027,traditional,0.021120,0.046080,0.116736,0.183936
2028,traditional,0.026912,0.051200,0.137216,0.215328
2029,traditional,0.021344,0.044032,0.116736,0.182112
2030,traditional,0.024000,0.073728,0.138240,0.235968
2031,traditional,0.020736,0.046080,0.118784,0.185600
2032,traditional,0.036896,0.051200,0.136192,0.224288
2033,traditional,0.020576,0.046080,0.115712,0.182368
2034,traditional,0.024064,0.050176,0.135168,0.209408
2035,traditional,0.021056,0.044032,0.116736,0.181824
2036,traditional,0.021632,0.048128,0.120832,0.190592
2037,traditional,0.023712,0.045056,0.115712,0.184480
2038,traditional,0.021248,0.051200,0.117760,0.190208
2039,traditional,0.020896,0.044032,0.118784,0.183712
2040,traditional,0.028800,0.052224,0.134144,0.215168
2041,traditional,0.024640,0.044032,0.125952,0.194624
2042,traditional,0.024544,0.051200,0.126976,0.202720
2043,traditional,0.020640,0.046080,0.115712,0.182432
2044,traditional,0.027296,0.051200,0.147456,0.225952
2045,traditional,0.032416,0.046080,0.116736,0.195232
2046,traditional,0.024544,0.049152,0.115712,0.189408
2047,traditional,0.021184,0.051200,0.115712,0.188096
2048,traditional,0.023296,0.051200,0.141312,0.215808
2049,traditional,0.020192,0.046080,0.115712,0.181984
2050,traditional,0.023456,0.074752,0.134144,0.232352
2051,traditional,0.025088,0.044032,0.116736,0.185856
2052,traditional,0.021344,0.050176,0.115712,0.187232
2053,traditional,0.020352,0.046080,0.115712,0.182144
2054,traditional,0.021440,0.049152,0.117760,0.188352
2055,traditional,0.021056,0.045056,0.118784,0.184896
2056,traditional,0.024032,0.051200,0.116736,0.191968
2057,traditional,0.021216,0.044032,0.125952,0.191200
2058,traditional,0.024320,0.052224,0.145408,0.221952
2059,traditional,0.020896,0.045056,0.116736,0.182688
2060,traditional,0.026944,0.050176,0.137216,0.214336
2061,traditional,0.020992,0.044032,0.115712,0.180736
2062,traditional,0.034496,0.050176,0.135168,0.219840
2063,traditional,0.020256,0.046080,0.116736,0.183072
2064,traditional,0.024896,0.050176,0.134144,0.209216
2065,traditional,0.021056,0.045056,0.118784,0.184896
2066,traditional,0.035296,0.050176,0.137216,0.222688
2067,traditional,0.020992,0.049152,0.115712,0.185856
2068,traditional,0.027232,0.051200,0.144384,0.222816
2069,traditional,0.020736,0.044032,0.116736,0.181504
2070,traditional,0.028128,0.049152,0.137216,0.214496
2071,traditional,0.020960,0.045056,0.116736,0.182752
2072,traditional,0.026336,0.048128,0.117760,0.192224
2073,traditional,0.021088,0.045056,0.115712,0.181856
2074,traditional,0.029056,0.051200,0.147456,0.227712
2075,traditional,0.021120,0.045056,0.120832,0.187008
2076,traditional,0.023136,0.048128,0.116736,0.188000
2077,traditional,0.020832,0.056320,0.129024,0.206176
2078,traditional,0.024160,0.051200,0.134144,0.209504
2079,traditional,0.020160,0.051200,0.118784,0.190144
2080,traditional,0.024000,0.050176,0.137216,0.211392
2081,traditional,0.020896,0.046080,0.119808,0.186784
2082,traditional,0.023616,0.050176,0.118784,0.192576
2083,traditional,0.032864,0.046080,0.121856,0.200800
2084,traditional,0.025216,0.048128,0.120832,0.194176
2085,traditional,0.020416,0.045056,0.115712,0.181184
2086,traditional,0.023936,0.050176,0.134144,0.208256
2087,traditional,0.021024,0.044032,0.120832,0.185888
2088,traditional,0.023840,0.057344,0.116736,0.197920
2089,traditional,0.021248,0.044032,0.116736,0.182016
2090,traditional,0.023808,0.053248,0.134144,0.211200
2091,traditional,0.021024,0.050176,0.115712,0.186912
2092,traditional,0.024000,0.050176,0.137216,0.211392
2093,traditional,0.021472,0.045056,0.128000,0.194528
2094,traditional,0.034080,0.048128,0.118784,0.200992
2095,traditional,0.022208,0.047104,0.118784,0.188096
2096,traditional,0.027328,0.051200,0.138240,0.216768
2097,traditional,0.021056,0.044032,0.115712,0.180800
2098,traditional,0.024192,0.072704,0.138240,0.235136
2099,traditional,0.031296,0.046080,0.129024,0.206400
2100,traditional,0.024864,0.050176,0.135168,0.210208
