frame,renderPath,shadowMs,sceneMs,postProcessMs,frameMs
1,traditional,0.060800,0.769024,0.263168,1.092992
2,traditional,0.060512,0.778240,0.331776,1.170528
3,traditional,0.061728,0.789504,0.323584,1.174816
4,traditional,0.060512,0.778240,0.321536,1.160288
5,traditional,0.063008,1.041408,0.339968,1.444384
6,traditional,0.063296,1.040384,0.319488,1.423168
7,traditional,0.060736,0.234496,0.161792,0.457024
8,traditional,0.068128,0.231424,0.159744,0.459296
9,traditional,0.059072,0.228352,0.166912,0.454336
10,traditional,0.063744,0.231424,0.160768,0.455936
11,traditional,0.059904,0.229376,0.159744,0.449024
12,traditional,0.058560,0.226304,0.159744,0.444608
13,traditional,0.059360,0.228352,0.164864,0.452576
14,traditional,0.058560,0.226304,0.159744,0.444608
15,traditional,0.062304,0.227328,0.160768,0.450400
16,traditional,0.061952,0.239616,0.179200,0.480768
17,traditional,0.081248,0.230400,0.160768,0.472416
18,traditional,0.058848,0.234496,0.180224,0.473568
19,traditional,0.062464,0.230400,0.438272,0.731136
20,traditional,0.058944,0.238592,0.162816,0.460352
21,traditional,0.097568,0.256000,0.216064,0.569632
22,traditional,0.071200,0.259072,0.158720,0.488992
23,traditional,0.058368,0.226304,0.169984,0.454656
24,traditional,0.079008,0.240640,0.157696,0.477344
25,traditional,0.058592,0.226304,0.157696,0.442592
26,traditional,0.058944,0.225280,0.164864,0.449088
27,traditional,0.058752,0.227328,0.160768,0.446848
28,traditional,0.061152,0.227328,0.168960,0.457440
29,traditional,0.059104,0.225280,0.157696,0.442080
30,traditional,0.059104,0.239616,0.168960,0.467680
31,traditional,0.058880,0.226304,0.182272,0.467456
32,traditional,0.060096,0.245760,0.156672,0.462528
33,traditional,0.059456,0.237568,0.157696,0.454720
34,traditional,0.058976,0.247808,0.168960,0.475744
35,traditional,0.058016,0.237568,0.157696,0.453280
36,traditional,0.059104,0.225280,0.157696,0.442080
37,traditional,0.062208,0.229376,0.153600,0.445184
38,traditional,0.058848,0.235520,0.162816,0.457184
39,traditional,0.061728,0.241664,0.151552,0.454944
40,traditional,0.059328,0.227328,0.162816,0.449472
41,traditional,0.060192,0.236544,0.344064,0.640800
42,traditional,0.066560,0.228352,0.364544,0.659456
43,traditional,0.059264,0.225280,0.150528,0.435072
44,traditional,0.066400,0.237568,0.502784,0.806752
45,traditional,0.061248,0.227328,0.150528,0.439104
46,traditional,0.059520,0.227328,0.150528,0.437376
47,traditional,0.059104,0.242688,0.152576,0.454368
48,traditional,0.060032,0.225280,0.150528,0.435840
49,traditional,0.061760,0.230400,0.348160,0.640320
50,traditional,0.058336,0.229376,0.150528,0.438240
51,traditional,0.081760,0.284672,0.205824,0.572256
52,traditional,0.080928,0.280576,0.199680,0.561184
53,traditional,0.078624,0.286720,0.193536,0.558880
54,traditional,0.079680,0.296960,0.195584,0.572224
55,traditional,0.078560,0.270336,0.192512,0.541408
56,traditional,0.079136,0.274432,0.192512,0.546080
57,traditional,0.090336,0.277504,0.192512,0.560352
58,traditional,0.078784,0.267264,0.196608,0.542656
59,traditional,0.082528,0.268288,0.197632,0.548448
60,traditional,0.083840,0.271360,0.195584,0.550784
61,traditional,0.079040,0.268288,0.192512,0.539840
62,traditional,0.078432,0.268288,0.190464,0.537184
63,traditional,0.078016,0.269312,0.205824,0.553152
64,traditional,0.079552,0.286720,0.194560,0.560832
65,traditional,0.078656,0.279552,0.207872,0.566080
66,traditional,0.082272,0.280576,0.194560,0.557408
67,traditional,0.079296,0.270336,0.200704,0.550336
68,traditional,0.092160,0.278528,0.191488,0.562176
69,traditional,0.082976,0.276480,0.192512,0.551968
70,traditional,0.087968,0.282624,0.194560,0.565152
71,traditional,0.077728,0.278528,0.191488,0.547744
72,traditional,0.088576,0.280576,0.198656,0.567808
73,traditional,0.081216,0.267264,0.190464,0.538944
74,traditional,0.080704,0.278528,0.196608,0.555840
75,traditional,0.079232,0.271360,0.194560,0.545152
76,traditional,0.082336,0.267264,0.197632,0.547232
77,traditional,0.079008,0.285696,0.204800,0.569504
78,traditional,0.090336,0.269312,0.217088,0.576736
79,traditional,0.081696,0.268288,0.193536,0.543520
80,traditional,0.081216,0.267264,0.206848,0.555328
81,traditional,0.079808,0.270336,0.194560,0.544704
82,traditional,0.081472,0.280576,0.199680,0.561728
83,traditional,0.079072,0.269312,0.205824,0.554208
84,traditional,0.082944,0.285696,0.212992,0.581632
85,traditional,0.081696,0.304128,0.211968,0.597792
86,traditional,0.080000,0.271360,0.208896,0.560256
87,traditional,0.090624,0.267264,0.214016,0.571904
88,traditional,0.077952,0.289792,0.203776,0.571520
89,traditional,0.090048,0.277504,0.195584,0.563136
90,traditional,0.091360,0.268288,0.196608,0.556256
91,traditional,0.080000,0.279552,0.198656,0.558208
92,traditional,0.088384,0.294912,0.206848,0.590144
93,traditional,0.090944,0.295936,0.203776,0.590656
94,traditional,0.094976,0.276480,0.192512,0.563968
95,traditional,0.091136,0.266240,0.192512,0.549888
96,traditional,0.080160,0.271360,0.192512,0.544032
97,traditional,0.078816,0.277504,0.194560,0.550880
98,traditional,0.080512,0.279552,0.198656,0.558720
99,traditional,0.089504,0.267264,0.190464,0.547232
100,traditional,0.079520,0.268288,0.202752,0.550560
101,traditional,0.078048,0.271360,0.192512,0.541920
102,traditional,0.083776,0.269312,0.192512,0.545600
103,traditional,0.080064,0.274432,0.191488,0.545984
104,traditional,0.091840,0.276480,0.215040,0.583360
105,traditional,0.087680,0.266240,0.191488,0.545408
106,traditional,0.078848,0.277504,0.196608,0.552960
107,traditional,0.091360,0.270336,0.191488,0.553184
108,traditional,0.079616,0.287744,0.217088,0.584448
109,traditional,0.088320,0.266240,0.195584,0.550144
110,traditional,0.088000,0.270336,0.205824,0.564160
111,traditional,0.077568,0.275456,0.200704,0.553728
112,traditional,0.078528,0.268288,0.192512,0.539328
113,traditional,0.090848,0.271360,0.192512,0.554720
114,traditional,0.077760,0.270336,0.216064,0.564160
115,traditional,0.079072,0.267264,0.192512,0.538848
116,traditional,0.089856,0.271360,0.195584,0.556800
117,traditional,0.078272,0.267264,0.194560,0.540096
118,traditional,0.080576,0.291840,0.202752,0.575168
119,traditional,0.083552,0.272384,0.204800,0.560736
120,traditional,0.082752,0.270336,0.215040,0.568128
121,traditional,0.088864,0.277504,0.208896,0.575264
122,traditional,0.090368,0.276480,0.193536,0.560384
123,traditional,0.077952,0.272384,0.195584,0.545920
124,traditional,0.080000,0.275456,0.201728,0.557184
125,traditional,0.087776,0.296960,0.193536,0.578272
126,traditional,0.090560,0.292864,0.216064,0.599488
127,traditional,0.090624,0.267264,0.216064,0.573952
128,traditional,0.091264,0.278528,0.194560,0.564352
129,traditional,0.089376,0.269312,0.200704,0.559392
130,traditional,0.090368,0.269312,0.195584,0.555264
131,traditional,0.079392,0.271360,0.194560,0.545312
132,traditional,0.078464,0.282624,0.191488,0.552576
133,traditional,0.088992,0.267264,0.190464,0.546720
134,traditional,0.093152,0.284672,0.195584,0.573408
135,traditional,0.090752,0.285696,0.193536,0.569984
136,traditional,0.087776,0.282624,0.202752,0.573152
137,traditional,0.080992,0.277504,0.193536,0.552032
138,traditional,0.093408,0.279552,0.192512,0.565472
139,traditional,0.093888,0.278528,0.201728,0.574144
140,traditional,0.091392,0.288768,0.205824,0.585984
141,traditional,0.090720,0.307200,0.196608,0.594528
142,traditional,0.078848,0.274432,0.195584,0.548864
143,traditional,0.090432,0.270336,0.204800,0.565568
144,traditional,0.090592,0.289792,0.193536,0.573920
145,traditional,0.079136,0.279552,0.191488,0.550176
146,traditional,0.079104,0.268288,0.193536,0.540928
147,traditional,0.083680,0.267264,0.192512,0.543456
148,traditional,0.091328,0.267264,0.206848,0.565440
149,traditional,0.080352,0.274432,0.190464,0.545248
150,traditional,0.088160,0.268288,0.206848,0.563296
151,traditional,0.080992,0.269312,0.191488,0.541792
152,traditional,0.078560,0.292864,0.195584,0.567008
153,traditional,0.088960,0.280576,0.192512,0.562048
154,traditional,0.078592,0.287744,0.191488,0.557824
155,traditional,0.081728,0.267264,0.191488,0.540480
156,traditional,0.079232,0.290816,0.202752,0.572800
157,traditional,0.079520,0.281600,0.194560,0.555680
158,traditional,0.078624,0.280576,0.204800,0.564000
159,traditional,0.079296,0.268288,0.193536,0.541120
160,traditional,0.088608,0.268288,0.194560,0.551456
161,traditional,0.078944,0.266240,0.191488,0.536672
162,traditional,0.078560,0.268288,0.191488,0.538336
163,traditional,0.079872,0.268288,0.190464,0.538624
164,traditional,0.080608,0.270336,0.191488,0.542432
165,traditional,0.079456,0.292864,0.193536,0.565856
166,traditional,0.079072,0.280576,0.193536,0.553184
167,traditional,0.088256,0.281600,0.192512,0.562368
168,traditional,0.082688,0.278528,0.199680,0.560896
169,traditional,0.078176,0.301056,0.192512,0.571744
170,traditional,0.091520,0.280576,0.191488,0.563584
171,traditional,0.092576,0.277504,0.198656,0.568736
172,traditional,0.079776,0.275456,0.192512,0.547744
173,traditional,0.079296,0.267264,0.204800,0.551360
174,traditional,0.081152,0.268288,0.197632,0.547072
175,traditional,0.078720,0.268288,0.216064,0.563072
176,traditional,0.087360,0.268288,0.205824,0.561472
177,traditional,0.078240,0.277504,0.194560,0.550304
178,traditional,0.079648,0.280576,0.195584,0.555808
179,traditional,0.078944,0.272384,0.196608,0.547936
180,traditional,0.088992,0.268288,0.203776,0.561056
181,traditional,0.091040,0.296960,0.209920,0.597920
182,traditional,0.080000,0.270336,0.192512,0.542848
183,traditional,0.078784,0.274432,0.193536,0.546752
184,traditional,0.079072,0.289792,0.191488,0.560352
185,traditional,0.089984,0.280576,0.205824,0.576384
186,traditional,0.088864,0.268288,0.219136,0.576288
187,traditional,0.091136,0.288768,0.203776,0.583680
188,traditional,0.085792,0.268288,0.201728,0.555808
189,traditional,0.078752,0.281600,0.195584,0.555936
190,traditional,0.092032,0.268288,0.193536,0.553856
191,traditional,0.079104,0.279552,0.191488,0.550144
192,traditional,0.078272,0.274432,0.207872,0.560576
193,traditional,0.079072,0.272384,0.194560,0.546016
194,traditional,0.078752,0.271360,0.192512,0.542624
195,traditional,0.088608,0.283648,0.191488,0.563744
196,traditional,0.079456,0.268288,0.192512,0.540256
197,traditional,0.078368,0.277504,0.190464,0.546336
198,traditional,0.078688,0.269312,0.191488,0.539488
199,traditional,0.078592,0.271360,0.192512,0.542464
200,traditional,0.082656,0.269312,0.197632,0.549600
201,traditional,0.090080,0.273408,0.196608,0.560096
202,traditional,0.087712,0.279552,0.192512,0.559776
203,traditional,0.091328,0.267264,0.196608,0.555200
204,traditional,0.078752,0.280576,0.194560,0.553888
205,traditional,0.088736,0.273408,0.191488,0.553632
206,traditional,0.078784,0.289792,0.191488,0.560064
207,traditional,0.091488,0.275456,0.192512,0.559456
208,traditional,0.078336,0.269312,0.200704,0.548352
209,traditional,0.078336,0.267264,0.192512,0.538112
210,traditional,0.079872,0.279552,0.197632,0.557056
211,traditional,0.091488,0.281600,0.218112,0.591200
212,traditional,0.093248,0.280576,0.191488,0.565312
213,traditional,0.089728,0.267264,0.228352,0.585344
214,traditional,0.081056,0.279552,0.203776,0.564384
215,traditional,0.079808,0.299008,0.207872,0.586688
216,traditional,0.079904,0.268288,0.194560,0.542752
217,traditional,0.078720,0.267264,0.193536,0.539520
218,traditional,0.079552,0.274432,0.195584,0.549568
219,traditional,0.079232,0.270336,0.194560,0.544128
220,traditional,0.079808,0.275456,0.202752,0.558016
221,traditional,0.079808,0.278528,0.191488,0.549824
222,traditional,0.078400,0.269312,0.220160,0.567872
223,traditional,0.078976,0.280576,0.192512,0.552064
224,traditional,0.080000,0.276480,0.198656,0.555136
225,traditional,0.078336,0.290816,0.196608,0.565760
226,traditional,0.079392,0.268288,0.195584,0.543264
227,traditional,0.084480,0.272384,0.192512,0.549376
228,traditional,0.079392,0.279552,0.192512,0.551456
229,traditional,0.080160,0.267264,0.190464,0.537888
230,traditional,0.086656,0.283648,0.191488,0.561792
231,traditional,0.081824,0.278528,0.193536,0.553888
232,traditional,0.082272,0.269312,0.204800,0.556384
233,traditional,0.088096,0.271360,0.191488,0.550944
234,traditional,0.080384,0.272384,0.197632,0.550400
235,traditional,0.080320,0.277504,0.197632,0.555456
236,traditional,0.078112,0.292864,0.194560,0.565536
237,traditional,0.081568,0.299008,0.191488,0.572064
238,traditional,0.080064,0.270336,0.192512,0.542912
239,traditional,0.088032,0.281600,0.191488,0.561120
240,traditional,0.090528,0.273408,0.192512,0.556448
241,traditional,0.090336,0.267264,0.191488,0.549088
242,traditional,0.080096,0.279552,0.220160,0.579808
243,traditional,0.089888,0.279552,0.192512,0.561952
244,traditional,0.078848,0.288768,0.200704,0.568320
245,traditional,0.077952,0.280576,0.194560,0.553088
246,traditional,0.089280,0.287744,0.194560,0.571584
247,traditional,0.079936,0.269312,0.201728,0.550976
248,traditional,0.080320,0.287744,0.195584,0.563648
249,traditional,0.088768,0.271360,0.211968,0.572096
250,traditional,0.081536,0.269312,0.191488,0.542336
251,traditional,0.078720,0.277504,0.191488,0.547712
252,traditional,0.082304,0.282624,0.204800,0.569728
253,traditional,0.078656,0.278528,0.192512,0.549696
254,traditional,0.090336,0.290816,0.193536,0.574688
255,traditional,0.090592,0.277504,0.220160,0.588256
256,traditional,0.078368,0.268288,0.191488,0.538144
257,traditional,0.079744,0.270336,0.196608,0.546688
258,traditional,0.087648,0.280576,0.193536,0.561760
259,traditional,0.084608,0.275456,0.206848,0.566912
260,traditional,0.079296,0.287744,0.205824,0.572864
261,traditional,0.091648,0.278528,0.194560,0.564736
262,traditional,0.091648,0.272384,0.200704,0.564736
263,traditional,0.080512,0.268288,0.189440,0.538240
264,traditional,0.078496,0.289792,0.194560,0.562848
265,traditional,0.078560,0.267264,0.195584,0.541408
266,traditional,0.080000,0.283648,0.193536,0.557184
267,traditional,0.081632,0.267264,0.190464,0.539360
268,traditional,0.080448,0.268288,0.192512,0.541248
269,traditional,0.079040,0.268288,0.191488,0.538816
270,traditional,0.087168,0.268288,0.201728,0.557184
271,traditional,0.090784,0.267264,0.193536,0.551584
272,traditional,0.081024,0.278528,0.195584,0.555136
273,traditional,0.091200,0.270336,0.229376,0.590912
274,traditional,0.077632,0.279552,0.194560,0.551744
275,traditional,0.090912,0.275456,0.195584,0.561952
276,traditional,0.082976,0.290816,0.208896,0.582688
277,traditional,0.091456,0.269312,0.195584,0.556352
278,traditional,0.078912,0.299008,0.192512,0.570432
279,traditional,0.078656,0.269312,0.194560,0.542528
280,traditional,0.080800,0.271360,0.195584,0.547744
281,traditional,0.079552,0.276480,0.197632,0.553664
282,traditional,0.080640,0.284672,0.192512,0.557824
283,traditional,0.080768,0.277504,0.194560,0.552832
284,traditional,0.079520,0.272384,0.205824,0.557728
285,traditional,0.082848,0.269312,0.194560,0.546720
286,traditional,0.082272,0.269312,0.206848,0.558432
287,traditional,0.078336,0.269312,0.204800,0.552448
288,traditional,0.082400,0.270336,0.193536,0.546272
289,traditional,0.080832,0.280576,0.191488,0.552896
290,traditional,0.078816,0.284672,0.194560,0.558048
291,traditional,0.079744,0.275456,0.192512,0.547712
292,traditional,0.079424,0.268288,0.191488,0.539200
293,traditional,0.079232,0.280576,0.199680,0.559488
294,traditional,0.077984,0.270336,0.192512,0.540832
295,traditional,0.091616,0.291840,0.190464,0.573920
296,traditional,0.078752,0.273408,0.190464,0.542624
297,traditional,0.078336,0.282624,0.201728,0.562688
298,traditional,0.087744,0.280576,0.192512,0.560832
299,traditional,0.080896,0.278528,0.204800,0.564224
300,traditional,0.087040,0.274432,0.192512,0.553984
301,traditional,0.088000,0.271360,0.190464,0.549824
302,traditional,0.080672,0.268288,0.206848,0.555808
303,traditional,0.078528,0.286720,0.191488,0.556736
304,traditional,0.080000,0.274432,0.200704,0.555136
305,traditional,0.080576,0.274432,0.195584,0.550592
306,traditional,0.081504,0.283648,0.206848,0.572000
307,traditional,0.089056,0.272384,0.206848,0.568288
308,traditional,0.088352,0.271360,0.220160,0.579872
309,traditional,0.088608,0.284672,0.215040,0.588320
310,traditional,0.079712,0.284672,0.196608,0.560992
311,traditional,0.081216,0.283648,0.195584,0.560448
312,traditional,0.079072,0.267264,0.217088,0.563424
313,traditional,0.088224,0.268288,0.193536,0.550048
314,traditional,0.087616,0.268288,0.190464,0.546368
315,traditional,0.089920,0.289792,0.227328,0.607040
316,traditional,0.088192,0.269312,0.196608,0.554112
317,traditional,0.087840,0.270336,0.195584,0.553760
318,traditional,0.084160,0.282624,0.191488,0.558272
319,traditional,0.087008,0.271360,0.191488,0.549856
320,traditional,0.088704,0.268288,0.192512,0.549504
321,traditional,0.086624,0.276480,0.195584,0.558688
322,traditional,0.080608,0.267264,0.192512,0.540384
323,traditional,0.090016,0.269312,0.215040,0.574368
324,traditional,0.078624,0.266240,0.192512,0.537376
325,traditional,0.078912,0.270336,0.192512,0.541760
326,traditional,0.088992,0.280576,0.196608,0.566176
327,traditional,0.085888,0.271360,0.191488,0.548736
328,traditional,0.090560,0.277504,0.192512,0.560576
329,traditional,0.078816,0.268288,0.193536,0.540640
330,traditional,0.078944,0.278528,0.190464,0.547936
331,traditional,0.078880,0.268288,0.194560,0.541728
332,traditional,0.088352,0.267264,0.201728,0.557344
333,traditional,0.079296,0.279552,0.219136,0.577984
334,traditional,0.087040,0.267264,0.196608,0.550912
335,traditional,0.085920,0.270336,0.194560,0.550816
336,traditional,0.078912,0.267264,0.198656,0.544832
337,traditional,0.090272,0.282624,0.198656,0.571552
338,traditional,0.079072,0.304128,0.203776,0.586976
339,traditional,0.087488,0.278528,0.203776,0.569792
340,traditional,0.081632,0.304128,0.204800,0.590560
341,traditional,0.082912,0.278528,0.198656,0.560096
342,traditional,0.091136,0.274432,0.194560,0.560128
343,traditional,0.078656,0.279552,0.191488,0.549696
344,traditional,0.082432,0.279552,0.204800,0.566784
345,traditional,0.077760,0.280576,0.195584,0.553920
346,traditional,0.079392,0.272384,0.195584,0.547360
347,traditional,0.079168,0.275456,0.199680,0.554304
348,traditional,0.083904,0.282624,0.193536,0.560064
349,traditional,0.079840,0.312320,0.193536,0.585696
350,traditional,0.084640,0.272384,0.209920,0.566944
351,traditional,0.087040,0.272384,0.195584,0.555008
352,traditional,0.097984,0.272384,0.195584,0.565952
353,traditional,0.086848,0.274432,0.195584,0.556864
354,traditional,0.078400,0.287744,0.192512,0.558656
355,traditional,0.077760,0.282624,0.191488,0.551872
356,traditional,0.089248,0.268288,0.197632,0.555168
357,traditional,0.094176,0.331776,0.229376,0.655328
358,traditional,0.094976,0.337920,0.232448,0.665344
359,traditional,0.094368,0.349184,0.231424,0.674976
360,traditional,0.094080,0.331776,0.245760,0.671616
361,traditional,0.106432,0.335872,0.230400,0.672704
362,traditional,0.094400,0.349184,0.249856,0.693440
363,traditional,0.115904,0.335872,0.229376,0.681152
364,traditional,0.106912,0.330752,0.235520,0.673184
365,traditional,0.094016,0.350208,0.229376,0.673600
366,traditional,0.094176,0.340992,0.244736,0.679904
367,traditional,0.105920,0.337920,0.229376,0.673216
368,traditional,0.093088,0.342016,0.239616,0.674720
369,traditional,0.094240,0.350208,0.242688,0.687136
370,traditional,0.093888,0.352256,0.239616,0.685760
371,traditional,0.093088,0.339968,0.234496,0.667552
372,traditional,0.096960,0.337920,0.231424,0.666304
373,traditional,0.094176,0.340992,0.242688,0.677856
374,traditional,0.097312,0.334848,0.231424,0.663584
375,traditional,0.097376,0.332800,0.244736,0.674912
376,traditional,0.094528,0.346112,0.260096,0.700736
377,traditional,0.105856,0.332800,0.231424,0.670080
378,traditional,0.094624,0.337920,0.232448,0.664992
379,traditional,0.095200,0.331776,0.237568,0.664544
380,traditional,0.093472,0.343040,0.230400,0.666912
381,traditional,0.093024,0.352256,0.242688,0.687968
382,traditional,0.095616,0.338944,0.231424,0.665984
383,traditional,0.097664,0.355328,0.233472,0.686464
384,traditional,0.093920,0.343040,0.244736,0.681696
385,traditional,0.093056,0.334848,0.241664,0.669568
386,traditional,0.114784,0.337920,0.256000,0.708704
387,traditional,0.096064,0.346112,0.232448,0.674624
388,traditional,0.094592,0.330752,0.240640,0.665984
389,traditional,0.106752,0.331776,0.236544,0.675072
390,traditional,0.094272,0.335872,0.232448,0.662592
391,traditional,0.102944,0.332800,0.241664,0.677408
392,traditional,0.093600,0.330752,0.231424,0.655776
393,traditional,0.096480,0.329728,0.230400,0.656608
394,traditional,0.094944,0.339968,0.232448,0.667360
395,traditional,0.102368,0.328704,0.231424,0.662496
396,traditional,0.105056,0.339968,0.240640,0.685664
397,traditional,0.096320,0.348160,0.229376,0.673856
398,traditional,0.094592,0.329728,0.234496,0.658816
399,traditional,0.097120,0.329728,0.232448,0.659296
400,traditional,0.105152,0.345088,0.235520,0.685760
401,traditional,0.105952,0.355328,0.233472,0.694752
402,traditional,0.103968,0.339968,0.238592,0.682528
403,traditional,0.095136,0.357376,0.236544,0.689056
404,traditional,0.108000,0.351232,0.236544,0.695776
405,traditional,0.099072,0.334848,0.246784,0.680704
406,traditional,0.105440,0.350208,0.243712,0.699360
407,traditional,0.099840,0.342016,0.233472,0.675328
408,traditional,0.096288,0.344064,0.246784,0.687136
409,traditional,0.095648,0.345088,0.236544,0.677280
410,traditional,0.095744,0.353280,0.234496,0.683520
411,traditional,0.098208,0.342016,0.244736,0.684960
412,traditional,0.097344,0.362496,0.253952,0.713792
413,traditional,0.105248,0.344064,0.243712,0.693024
414,traditional,0.096352,0.342016,0.246784,0.685152
415,traditional,0.097408,0.342016,0.269312,0.708736
416,traditional,0.095680,0.334848,0.234496,0.665024
417,traditional,0.098656,0.335872,0.241664,0.676192
418,traditional,0.095616,0.338944,0.237568,0.672128
419,traditional,0.095872,0.336896,0.235520,0.668288
420,traditional,0.105376,0.337920,0.237568,0.680864
421,traditional,0.104800,0.336896,0.233472,0.675168
422,traditional,0.099168,0.336896,0.233472,0.669536
423,traditional,0.097728,0.353280,0.234496,0.685504
424,traditional,0.096576,0.338944,0.232448,0.667968
425,traditional,0.098496,0.336896,0.237568,0.672960
426,traditional,0.096064,0.337920,0.234496,0.668480
427,traditional,0.104768,0.334848,0.234496,0.674112
428,traditional,0.095488,0.334848,0.235520,0.665856
429,traditional,0.095168,0.337920,0.234496,0.667584
430,traditional,0.095456,0.334848,0.237568,0.667872
431,traditional,0.100384,0.335872,0.265216,0.701472
432,traditional,0.100928,0.346112,0.240640,0.687680
433,traditional,0.095584,0.347136,0.235520,0.678240
434,traditional,0.100224,0.336896,0.239616,0.676736
435,traditional,0.095744,0.359424,0.241664,0.696832
436,traditional,0.096448,0.339968,0.244736,0.681152
437,traditional,0.106240,0.344064,0.237568,0.687872
438,traditional,0.098112,0.357376,0.246784,0.702272
439,traditional,0.097408,0.343040,0.236544,0.676992
440,traditional,0.098176,0.364544,0.236544,0.699264
441,traditional,0.095776,0.343040,0.236544,0.675360
442,traditional,0.096640,0.367616,0.237568,0.701824
443,traditional,0.108128,0.365568,0.250880,0.724576
444,traditional,0.108928,0.373760,0.249856,0.732544
445,traditional,0.107712,0.367616,0.245760,0.721088
446,traditional,0.098400,0.351232,0.263168,0.712800
447,traditional,0.098272,0.342016,0.238592,0.678880
448,traditional,0.098848,0.348160,0.243712,0.690720
449,traditional,0.100512,0.346112,0.240640,0.687264
450,traditional,0.098912,0.343040,0.238592,0.680544
451,traditional,0.109952,0.358400,0.236544,0.704896
452,traditional,0.107712,0.345088,0.241664,0.694464
453,traditional,0.096672,0.354304,0.237568,0.688544
454,traditional,0.098112,0.347136,0.239616,0.684864
455,traditional,0.097952,0.339968,0.238592,0.676512
456,traditional,0.105376,0.359424,0.240640,0.705440
457,traditional,0.106688,0.347136,0.240640,0.694464
458,traditional,0.099168,0.338944,0.238592,0.676704
459,traditional,0.096800,0.369664,0.239616,0.706080
460,traditional,0.097184,0.372736,0.238592,0.708512
461,traditional,0.098496,0.339968,0.239616,0.678080
462,traditional,0.099232,0.340992,0.237568,0.677792
463,traditional,0.107008,0.353280,0.240640,0.700928
464,traditional,0.096032,0.351232,0.266240,0.713504
465,traditional,0.106720,0.348160,0.249856,0.704736
466,traditional,0.096512,0.343040,0.243712,0.683264
467,traditional,0.100608,0.358400,0.237568,0.696576
468,traditional,0.100064,0.349184,0.242688,0.691936
469,traditional,0.096032,0.350208,0.236544,0.682784
470,traditional,0.103808,0.352256,0.250880,0.706944
471,traditional,0.097344,0.349184,0.246784,0.693312
472,traditional,0.108896,0.359424,0.253952,0.722272
473,traditional,0.107680,0.363520,0.251904,0.723104
474,traditional,0.106400,0.364544,0.246784,0.717728
475,traditional,0.097600,0.351232,0.259072,0.707904
476,traditional,0.100416,0.351232,0.241664,0.693312
477,traditional,0.099488,0.358400,0.248832,0.706720
478,traditional,0.098176,0.349184,0.243712,0.691072
479,traditional,0.109856,0.357376,0.245760,0.712992
480,traditional,0.102016,0.350208,0.245760,0.697984
481,traditional,0.106880,0.349184,0.242688,0.698752
482,traditional,0.118304,0.351232,0.245760,0.715296
483,traditional,0.103104,0.358400,0.246784,0.708288
484,traditional,0.099168,0.362496,0.241664,0.703328
485,traditional,0.102432,0.350208,0.248832,0.701472
486,traditional,0.099552,0.349184,0.250880,0.699616
487,traditional,0.098592,0.358400,0.241664,0.698656
488,traditional,0.099808,0.352256,0.243712,0.695776
489,traditional,0.100800,0.369664,0.268288,0.738752
490,traditional,0.111488,0.379904,0.241664,0.733056
491,traditional,0.099232,0.371712,0.243712,0.714656
492,traditional,0.098688,0.351232,0.245760,0.695680
493,traditional,0.110912,0.367616,0.257024,0.735552
494,traditional,0.099072,0.351232,0.240640,0.690944
495,traditional,0.117312,0.349184,0.265216,0.731712
496,traditional,0.100832,0.356352,0.245760,0.702944
497,traditional,0.097984,0.358400,0.269312,0.725696
498,traditional,0.109152,0.352256,0.262144,0.723552
499,traditional,0.112064,0.356352,0.277504,0.745920
500,traditional,0.102048,0.350208,0.246784,0.699040
501,traditional,0.097536,0.371712,0.252928,0.722176
502,traditional,0.103968,0.350208,0.250880,0.705056
503,traditional,0.099008,0.362496,0.241664,0.703168
504,traditional,0.108064,0.360448,0.242688,0.711200
505,traditional,0.108512,0.366592,0.241664,0.716768
506,traditional,0.100480,0.360448,0.244736,0.705664
507,traditional,0.099040,0.357376,0.267264,0.723680
508,traditional,0.103040,0.350208,0.244736,0.697984
509,traditional,0.108576,0.356352,0.271360,0.736288
510,traditional,0.100928,0.366592,0.251904,0.719424
511,traditional,0.105248,0.363520,0.248832,0.717600
512,traditional,0.104992,0.367616,0.246784,0.719392
513,traditional,0.109376,0.373760,0.250880,0.734016
514,traditional,0.101440,0.366592,0.246784,0.714816
515,traditional,0.100768,0.361472,0.253952,0.716192
516,traditional,0.101088,0.366592,0.248832,0.716512
517,traditional,0.101472,0.368640,0.251904,0.722016
518,traditional,0.112576,0.355328,0.254976,0.722880
519,traditional,0.099840,0.358400,0.245760,0.704000
520,traditional,0.104832,0.370688,0.246784,0.722304
521,traditional,0.101344,0.359424,0.247808,0.708576
522,traditional,0.105408,0.354304,0.270336,0.730048
523,traditional,0.104032,0.361472,0.263168,0.728672
524,traditional,0.100576,0.373760,0.246784,0.721120
525,traditional,0.107552,0.378880,0.262144,0.748576
526,traditional,0.126496,0.364544,0.249856,0.740896
527,traditional,0.112672,0.363520,0.271360,0.747552
528,traditional,0.107392,0.375808,0.248832,0.732032
529,traditional,0.100640,0.356352,0.272384,0.729376
530,traditional,0.103904,0.384000,0.248832,0.736736
531,traditional,0.123808,0.356352,0.246784,0.726944
532,traditional,0.101152,0.355328,0.245760,0.702240
533,traditional,0.112320,0.355328,0.248832,0.716480
534,traditional,0.101536,0.368640,0.248832,0.719008
535,traditional,0.102432,0.376832,0.264192,0.743456
536,traditional,0.103040,0.355328,0.245760,0.704128
537,traditional,0.101152,0.355328,0.270336,0.726816
538,traditional,0.100000,0.357376,0.269312,0.726688
539,traditional,0.106336,0.365568,0.245760,0.717664
540,traditional,0.100800,0.364544,0.247808,0.713152
541,traditional,0.101056,0.366592,0.248832,0.716480
542,traditional,0.104992,0.361472,0.245760,0.712224
543,traditional,0.125184,0.362496,0.247808,0.735488
544,traditional,0.107808,0.380928,0.250880,0.739616
545,traditional,0.100224,0.355328,0.257024,0.712576
546,traditional,0.110624,0.373760,0.254976,0.739360
547,traditional,0.105792,0.384000,0.258048,0.747840
548,traditional,0.102976,0.372736,0.253952,0.729664
549,traditional,0.109696,0.373760,0.265216,0.748672
550,traditional,0.110752,0.377856,0.252928,0.741536
551,traditional,0.102592,0.369664,0.251904,0.724160
552,traditional,0.104768,0.364544,0.250880,0.720192
553,traditional,0.104928,0.376832,0.265216,0.746976
554,traditional,0.104224,0.359424,0.253952,0.717600
555,traditional,0.102208,0.384000,0.263168,0.749376
556,traditional,0.102912,0.384000,0.260096,0.747008
557,traditional,0.102560,0.373760,0.249856,0.726176
558,traditional,0.114368,0.370688,0.250880,0.735936
559,traditional,0.104384,0.367616,0.250880,0.722880
560,traditional,0.103200,0.362496,0.267264,0.732960
561,traditional,0.103328,0.365568,0.252928,0.721824
562,traditional,0.102336,0.359424,0.263168,0.724928
563,traditional,0.102848,0.386048,0.251904,0.740800
564,traditional,0.104576,0.368640,0.253952,0.727168
565,traditional,0.105568,0.362496,0.249856,0.717920
566,traditional,0.125696,0.367616,0.248832,0.742144
567,traditional,0.117216,0.364544,0.253952,0.735712
568,traditional,0.101824,0.370688,0.250880,0.723392
569,traditional,0.127488,0.361472,0.251904,0.740864
570,traditional,0.104896,0.360448,0.264192,0.729536
571,traditional,0.113440,0.367616,0.249856,0.730912
572,traditional,0.102080,0.380928,0.256000,0.739008
573,traditional,0.105312,0.370688,0.251904,0.727904
574,traditional,0.105728,0.371712,0.252928,0.730368
575,traditional,0.109760,0.394240,0.253952,0.757952
576,traditional,0.106400,0.380928,0.263168,0.750496
577,traditional,0.104832,0.361472,0.257024,0.723328
578,traditional,0.106048,0.369664,0.252928,0.728640
579,traditional,0.102400,0.366592,0.249856,0.718848
580,traditional,0.102240,0.360448,0.250880,0.713568
581,traditional,0.106976,0.367616,0.253952,0.728544
582,traditional,0.115136,0.390144,0.254976,0.760256
583,traditional,0.103552,0.360448,0.253952,0.717952
584,traditional,0.116064,0.372736,0.274432,0.763232
585,traditional,0.105376,0.397312,0.256000,0.758688
586,traditional,0.103072,0.365568,0.251904,0.720544
587,traditional,0.102848,0.385024,0.257024,0.744896
588,traditional,0.108608,0.390144,0.266240,0.764992
589,traditional,0.103136,0.364544,0.250880,0.718560
590,traditional,0.102816,0.364544,0.265216,0.732576
591,traditional,0.103360,0.373760,0.251904,0.729024
592,traditional,0.102880,0.374784,0.264192,0.741856
593,traditional,0.102272,0.367616,0.265216,0.735104
594,traditional,0.103744,0.365568,0.274432,0.743744
595,traditional,0.110304,0.365568,0.254976,0.730848
596,traditional,0.104288,0.370688,0.251904,0.726880
597,traditional,0.102624,0.391168,0.252928,0.746720
598,traditional,0.118368,0.377856,0.251904,0.748128
599,traditional,0.119488,0.372736,0.253952,0.746176
600,traditional,0.104192,0.376832,0.253952,0.734976
601,traditional,0.125216,0.382976,0.278528,0.786720
602,traditional,0.108608,0.376832,0.268288,0.753728
603,traditional,0.105280,0.375808,0.252928,0.734016
604,traditional,0.103168,0.372736,0.256000,0.731904
605,traditional,0.114848,0.367616,0.265216,0.747680
606,traditional,0.113408,0.382976,0.267264,0.763648
607,traditional,0.106080,0.376832,0.258048,0.740960
608,traditional,0.105696,0.367616,0.253952,0.727264
609,traditional,0.110336,0.398336,0.256000,0.764672
610,traditional,0.108096,0.364544,0.278528,0.751168
611,traditional,0.112640,0.366592,0.272384,0.751616
612,traditional,0.110400,0.374784,0.261120,0.746304
613,traditional,0.101856,0.369664,0.264192,0.735712
614,traditional,0.103264,0.377856,0.262144,0.743264
615,traditional,0.111936,0.380928,0.253952,0.746816
616,traditional,0.114464,0.368640,0.267264,0.750368
617,traditional,0.103936,0.384000,0.253952,0.741888
618,traditional,0.112320,0.381952,0.288768,0.783040
619,traditional,0.102624,0.390144,0.257024,0.749792
620,traditional,0.102944,0.369664,0.253952,0.726560
621,traditional,0.104896,0.380928,0.287744,0.773568
622,traditional,0.112416,0.379904,0.269312,0.761632
623,traditional,0.104864,0.385024,0.258048,0.747936
624,traditional,0.104480,0.406528,0.260096,0.771104
625,traditional,0.115648,0.394240,0.261120,0.771008
626,traditional,0.104928,0.387072,0.281600,0.773600
627,traditional,0.104992,0.380928,0.257024,0.742944
628,traditional,0.113248,0.392192,0.256000,0.761440
629,traditional,0.117312,0.379904,0.265216,0.762432
630,traditional,0.105280,0.373760,0.265216,0.744256
631,traditional,0.125472,0.387072,0.257024,0.769568
632,traditional,0.103616,0.387072,0.257024,0.747712
633,traditional,0.104896,0.377856,0.264192,0.746944
634,traditional,0.114208,0.384000,0.262144,0.760352
635,traditional,0.104032,0.371712,0.266240,0.741984
636,traditional,0.104640,0.372736,0.269312,0.746688
637,traditional,0.104704,0.369664,0.259072,0.733440
638,traditional,0.103392,0.384000,0.283648,0.771040
639,traditional,0.104832,0.380928,0.272384,0.758144
640,traditional,0.111776,0.371712,0.261120,0.744608
641,traditional,0.116416,0.379904,0.267264,0.763584
642,traditional,0.104960,0.394240,0.259072,0.758272
643,traditional,0.114432,0.387072,0.265216,0.766720
644,traditional,0.104352,0.374784,0.257024,0.736160
645,traditional,0.116064,0.371712,0.260096,0.747872
646,traditional,0.116512,0.372736,0.267264,0.756512
647,traditional,0.110944,0.370688,0.258048,0.739680
648,traditional,0.108352,0.380928,0.257024,0.746304
649,traditional,0.115968,0.372736,0.257024,0.745728
650,traditional,0.104608,0.373760,0.258048,0.736416
651,traditional,0.108480,0.370688,0.258048,0.737216
652,traditional,0.104832,0.372736,0.256000,0.733568
653,traditional,0.104192,0.371712,0.268288,0.744192
654,traditional,0.105760,0.382976,0.267264,0.756000
655,traditional,0.116256,0.379904,0.287744,0.783904
656,traditional,0.108480,0.372736,0.262144,0.743360
657,traditional,0.104704,0.394240,0.257024,0.755968
658,traditional,0.105440,0.409600,0.272384,0.787424
659,traditional,0.110432,0.374784,0.258048,0.743264
660,traditional,0.107872,0.376832,0.260096,0.744800
661,traditional,0.105216,0.400384,0.259072,0.764672
662,traditional,0.118048,0.375808,0.258048,0.751904
663,traditional,0.105760,0.386048,0.259072,0.750880
664,traditional,0.105824,0.375808,0.262144,0.743776
665,traditional,0.106048,0.386048,0.260096,0.752192
666,traditional,0.106176,0.375808,0.264192,0.746176
667,traditional,0.112224,0.395264,0.260096,0.767584
668,traditional,0.105600,0.401408,0.269312,0.776320
669,traditional,0.105408,0.380928,0.264192,0.750528
670,traditional,0.114912,0.387072,0.260096,0.762080
671,traditional,0.111712,0.384000,0.258048,0.753760
672,traditional,0.138688,0.376832,0.259072,0.774592
673,traditional,0.113184,0.384000,0.281600,0.778784
674,traditional,0.111136,0.387072,0.262144,0.760352
675,traditional,0.105440,0.373760,0.261120,0.740320
676,traditional,0.105568,0.399360,0.258048,0.762976
677,traditional,0.105184,0.373760,0.261120,0.740064
678,traditional,0.119296,0.384000,0.259072,0.762368
679,traditional,0.105792,0.382976,0.259072,0.747840
680,traditional,0.114848,0.374784,0.262144,0.751776
681,traditional,0.106912,0.382976,0.269312,0.759200
682,traditional,0.105216,0.400384,0.271360,0.776960
683,traditional,0.117216,0.373760,0.262144,0.753120
684,traditional,0.114080,0.378880,0.260096,0.753056
685,traditional,0.106176,0.393216,0.262144,0.761536
686,traditional,0.106400,0.378880,0.259072,0.744352
687,traditional,0.108512,0.374784,0.263168,0.746464
688,traditional,0.106048,0.384000,0.263168,0.753216
689,traditional,0.107168,0.380928,0.289792,0.777888
690,traditional,0.106112,0.386048,0.263168,0.755328
691,traditional,0.108640,0.374784,0.263168,0.746592
692,traditional,0.105984,0.381952,0.261120,0.749056
693,traditional,0.105920,0.381952,0.259072,0.746944
694,traditional,0.106016,0.375808,0.263168,0.744992
695,traditional,0.105216,0.379904,0.260096,0.745216
696,traditional,0.116960,0.417792,0.268288,0.803040
697,traditional,0.131360,0.386048,0.261120,0.778528
698,traditional,0.117344,0.393216,0.265216,0.775776
699,traditional,0.106880,0.377856,0.263168,0.747904
700,traditional,0.105760,0.387072,0.284672,0.777504
701,traditional,0.106432,0.377856,0.265216,0.749504
702,traditional,0.131776,0.379904,0.265216,0.776896
703,traditional,0.114432,0.381952,0.264192,0.760576
704,traditional,0.108448,0.386048,0.267264,0.761760
705,traditional,0.117824,0.382976,0.269312,0.770112
706,traditional,0.115328,0.377856,0.263168,0.756352
707,traditional,0.106560,0.395264,0.263168,0.764992
708,traditional,0.106464,0.385024,0.269312,0.760800
709,traditional,0.107072,0.376832,0.265216,0.749120
710,traditional,0.107872,0.380928,0.260096,0.748896
711,traditional,0.111136,0.382976,0.284672,0.778784
712,traditional,0.109184,0.380928,0.260096,0.750208
713,traditional,0.106464,0.401408,0.261120,0.768992
714,traditional,0.106496,0.405504,0.265216,0.777216
715,traditional,0.109728,0.381952,0.261120,0.752800
716,traditional,0.108704,0.388096,0.264192,0.760992
717,traditional,0.107648,0.389120,0.287744,0.784512
718,traditional,0.109536,0.401408,0.267264,0.778208
719,traditional,0.112992,0.382976,0.287744,0.783712
720,traditional,0.114976,0.388096,0.290816,0.793888
721,traditional,0.109536,0.377856,0.259072,0.746464
722,traditional,0.106592,0.378880,0.282624,0.768096
723,traditional,0.106528,0.380928,0.270336,0.757792
724,traditional,0.111744,0.403456,0.261120,0.776320
725,traditional,0.114976,0.392192,0.280576,0.787744
726,traditional,0.118400,0.422912,0.267264,0.808576
727,traditional,0.105280,0.378880,0.284672,0.768832
728,traditional,0.106240,0.421888,0.259072,0.787200
729,traditional,0.118848,0.386048,0.281600,0.786496
730,traditional,0.115648,0.381952,0.262144,0.759744
731,traditional,0.114208,0.378880,0.263168,0.756256
732,traditional,0.107808,0.389120,0.268288,0.765216
733,traditional,0.108864,0.388096,0.267264,0.764224
734,traditional,0.130880,0.388096,0.277504,0.796480
735,traditional,0.108640,0.387072,0.266240,0.761952
736,traditional,0.120736,0.401408,0.279552,0.801696
737,traditional,0.108192,0.388096,0.265216,0.761504
738,traditional,0.129952,0.400384,0.266240,0.796576
739,traditional,0.126496,0.388096,0.269312,0.783904
740,traditional,0.112608,0.411648,0.271360,0.795616
741,traditional,0.113824,0.415744,0.269312,0.798880
742,traditional,0.109152,0.389120,0.265216,0.763488
743,traditional,0.124320,0.396288,0.289792,0.810400
744,traditional,0.109056,0.387072,0.266240,0.762368
745,traditional,0.109600,0.408576,0.269312,0.787488
746,traditional,0.116160,0.391168,0.267264,0.774592
747,traditional,0.108320,0.399360,0.267264,0.774944
748,traditional,0.119168,0.387072,0.270336,0.776576
749,traditional,0.108480,0.389120,0.279552,0.777152
750,traditional,0.119712,0.392192,0.278528,0.790432
751,traditional,0.108640,0.388096,0.266240,0.762976
752,traditional,0.109216,0.395264,0.274432,0.778912
753,traditional,0.107168,0.398336,0.293888,0.799392
754,traditional,0.121408,0.386048,0.269312,0.776768
755,traditional,0.133376,0.396288,0.265216,0.794880
756,traditional,0.118240,0.398336,0.290816,0.807392
757,traditional,0.112960,0.389120,0.266240,0.768320
758,traditional,0.115808,0.397312,0.266240,0.779360
759,traditional,0.108000,0.399360,0.271360,0.778720
760,traditional,0.113280,0.421888,0.265216,0.800384
761,traditional,0.118112,0.394240,0.268288,0.780640
762,traditional,0.113600,0.402432,0.270336,0.786368
763,traditional,0.107584,0.393216,0.271360,0.772160
764,traditional,0.116896,0.413696,0.267264,0.797856
765,traditional,0.109120,0.407552,0.270336,0.787008
766,traditional,0.108960,0.388096,0.269312,0.766368
767,traditional,0.120864,0.394240,0.270336,0.785440
768,traditional,0.107904,0.398336,0.272384,0.778624
769,traditional,0.125184,0.391168,0.281600,0.797952
770,traditional,0.121184,0.389120,0.270336,0.780640
771,traditional,0.108768,0.399360,0.269312,0.777440
772,traditional,0.110048,0.391168,0.269312,0.770528
773,traditional,0.109728,0.423936,0.272384,0.806048
774,traditional,0.109088,0.409600,0.271360,0.790048
775,traditional,0.109728,0.398336,0.270336,0.778400
776,traditional,0.122912,0.415744,0.268288,0.806944
777,traditional,0.116064,0.417792,0.271360,0.805216
778,traditional,0.109408,0.396288,0.266240,0.771936
779,traditional,0.133408,0.397312,0.281600,0.812320
780,traditional,0.115424,0.408576,0.268288,0.792288
781,traditional,0.124224,0.390144,0.268288,0.782656
782,traditional,0.109024,0.405504,0.282624,0.797152
783,traditional,0.113312,0.402432,0.267264,0.783008
784,traditional,0.120096,0.401408,0.270336,0.791840
785,traditional,0.110336,0.398336,0.271360,0.780032
786,traditional,0.118848,0.393216,0.271360,0.783424
787,traditional,0.109536,0.408576,0.269312,0.787424
788,traditional,0.109056,0.400384,0.271360,0.780800
789,traditional,0.121792,0.407552,0.272384,0.801728
790,traditional,0.114336,0.400384,0.269312,0.784032
791,traditional,0.121024,0.404480,0.267264,0.792768
792,traditional,0.109728,0.391168,0.282624,0.783520
793,traditional,0.109600,0.411648,0.267264,0.788512
794,traditional,0.111616,0.391168,0.275456,0.778240
795,traditional,0.120160,0.392192,0.271360,0.783712
796,traditional,0.119520,0.394240,0.268288,0.782048
797,traditional,0.109120,0.391168,0.285696,0.785984
798,traditional,0.119488,0.402432,0.290816,0.812736
799,traditional,0.111552,0.397312,0.269312,0.778176
800,traditional,0.111904,0.391168,0.268288,0.771360
801,traditional,0.109344,0.401408,0.282624,0.793376
802,traditional,0.109504,0.392192,0.280576,0.782272
803,traditional,0.108256,0.423936,0.273408,0.805600
804,traditional,0.121440,0.390144,0.269312,0.780896
805,traditional,0.119072,0.410624,0.279552,0.809248
806,traditional,0.118816,0.388096,0.270336,0.777248
807,traditional,0.112544,0.399360,0.274432,0.786336
808,traditional,0.110720,0.403456,0.268288,0.782464
809,traditional,0.119872,0.421888,0.278528,0.820288
810,traditional,0.120800,0.395264,0.288768,0.804832
811,traditional,0.110016,0.394240,0.271360,0.775616
812,traditional,0.121568,0.416768,0.277504,0.815840
813,traditional,0.115584,0.402432,0.278528,0.796544
814,traditional,0.110144,0.402432,0.272384,0.784960
815,traditional,0.116192,0.420864,0.271360,0.808416
816,traditional,0.131168,0.402432,0.274432,0.808032
817,traditional,0.117472,0.409600,0.271360,0.798432
818,traditional,0.110048,0.393216,0.277504,0.780768
819,traditional,0.112480,0.412672,0.271360,0.796512
820,traditional,0.142016,0.402432,0.271360,0.815808
821,traditional,0.117856,0.427008,0.279552,0.824416
822,traditional,0.121312,0.408576,0.294912,0.824800
823,traditional,0.109440,0.406528,0.272384,0.788352
824,traditional,0.120896,0.429056,0.270336,0.820288
825,traditional,0.122496,0.406528,0.273408,0.802432
826,traditional,0.128160,0.409600,0.268288,0.806048
827,traditional,0.110688,0.401408,0.269312,0.781408
828,traditional,0.109888,0.409600,0.275456,0.794944
829,traditional,0.109600,0.415744,0.270336,0.795680
830,traditional,0.122016,0.413696,0.270336,0.806048
831,traditional,0.109856,0.421888,0.270336,0.802080
832,traditional,0.122752,0.395264,0.275456,0.793472
833,traditional,0.110176,0.406528,0.273408,0.790112
834,traditional,0.113728,0.394240,0.270336,0.778304
835,traditional,0.111872,0.394240,0.271360,0.777472
836,traditional,0.120864,0.400384,0.274432,0.795680
837,traditional,0.110080,0.398336,0.272384,0.780800
838,traditional,0.111968,0.404480,0.269312,0.785760
839,traditional,0.120480,0.398336,0.269312,0.788128
840,traditional,0.109824,0.427008,0.273408,0.810240
841,traditional,0.119648,0.393216,0.282624,0.795488
842,traditional,0.119616,0.402432,0.269312,0.791360
843,traditional,0.112448,0.400384,0.280576,0.793408
844,traditional,0.115680,0.403456,0.274432,0.793568
845,traditional,0.121600,0.404480,0.276480,0.802560
846,traditional,0.124672,0.437248,0.276480,0.838400
847,traditional,0.114208,0.408576,0.274432,0.797216
848,traditional,0.113152,0.402432,0.294912,0.810496
849,traditional,0.112928,0.418816,0.275456,0.807200
850,traditional,0.113920,0.402432,0.278528,0.794880
851,traditional,0.111008,0.411648,0.286720,0.809376
852,traditional,0.118208,0.402432,0.283648,0.804288
853,traditional,0.116128,0.414720,0.289792,0.820640
854,traditional,0.111968,0.430080,0.280576,0.822624
855,traditional,0.116256,0.402432,0.281600,0.800288
856,traditional,0.111968,0.413696,0.275456,0.801120
857,traditional,0.114304,0.415744,0.283648,0.813696
858,traditional,0.125280,0.401408,0.279552,0.806240
859,traditional,0.115808,0.400384,0.283648,0.799840
860,traditional,0.113184,0.432128,0.275456,0.820768
861,traditional,0.111360,0.402432,0.274432,0.788224
862,traditional,0.113152,0.411648,0.275456,0.800256
863,traditional,0.127264,0.414720,0.275456,0.817440
864,traditional,0.118912,0.421888,0.275456,0.816256
865,traditional,0.135936,0.423936,0.287744,0.847616
866,traditional,0.114880,0.435200,0.284672,0.834752
867,traditional,0.114976,0.413696,0.277504,0.806176
868,traditional,0.113248,0.408576,0.278528,0.800352
869,traditional,0.116448,0.402432,0.290816,0.809696
870,traditional,0.112864,0.408576,0.277504,0.798944
871,traditional,0.112192,0.401408,0.274432,0.788032
872,traditional,0.117056,0.412672,0.274432,0.804160
873,traditional,0.118144,0.411648,0.280576,0.810368
874,traditional,0.124576,0.419840,0.277504,0.821920
875,traditional,0.115904,0.409600,0.284672,0.810176
876,traditional,0.129216,0.403456,0.278528,0.811200
877,traditional,0.112000,0.418816,0.275456,0.806272
878,traditional,0.116128,0.423936,0.278528,0.818592
879,traditional,0.112672,0.402432,0.274432,0.789536
880,traditional,0.112160,0.405504,0.296960,0.814624
881,traditional,0.115872,0.417792,0.276480,0.810144
882,traditional,0.114112,0.406528,0.279552,0.800192
883,traditional,0.112064,0.424960,0.278528,0.815552
884,traditional,0.113600,0.405504,0.290816,0.809920
885,traditional,0.115072,0.414720,0.288768,0.818560
886,traditional,0.122624,0.413696,0.287744,0.824064
887,traditional,0.121696,0.403456,0.284672,0.809824
888,traditional,0.116960,0.420864,0.277504,0.815328
889,traditional,0.115552,0.419840,0.277504,0.812896
890,traditional,0.131680,0.408576,0.289792,0.830048
891,traditional,0.112768,0.415744,0.278528,0.807040
892,traditional,0.113472,0.445440,0.284672,0.843584
893,traditional,0.113248,0.403456,0.278528,0.795232
894,traditional,0.115808,0.405504,0.278528,0.799840
895,traditional,0.112800,0.410624,0.288768,0.812192
896,traditional,0.121376,0.407552,0.279552,0.808480
897,traditional,0.112192,0.404480,0.278528,0.795200
898,traditional,0.124896,0.432128,0.288768,0.845792
899,traditional,0.114720,0.403456,0.277504,0.795680
900,traditional,0.113376,0.405504,0.282624,0.801504
901,traditional,0.114304,0.436224,0.278528,0.829056
902,traditional,0.113440,0.404480,0.278528,0.796448
903,traditional,0.113504,0.403456,0.283648,0.800608
904,traditional,0.113280,0.407552,0.312320,0.833152
905,traditional,0.113984,0.416768,0.279552,0.810304
906,traditional,0.123616,0.436224,0.287744,0.847584
907,traditional,0.112576,0.407552,0.281600,0.801728
908,traditional,0.122336,0.405504,0.287744,0.815584
909,traditional,0.113760,0.452608,0.292864,0.859232
910,traditional,0.115104,0.413696,0.276480,0.805280
911,traditional,0.119392,0.404480,0.281600,0.805472
912,traditional,0.116832,0.419840,0.289792,0.826464
913,traditional,0.128288,0.410624,0.287744,0.826656
914,traditional,0.120064,0.405504,0.278528,0.804096
915,traditional,0.113024,0.412672,0.277504,0.803200
916,traditional,0.116576,0.422912,0.277504,0.816992
917,traditional,0.120448,0.409600,0.299008,0.829056
918,traditional,0.114112,0.410624,0.280576,0.805312
919,traditional,0.113920,0.412672,0.290816,0.817408
920,traditional,0.125664,0.416768,0.280576,0.823008
921,traditional,0.119424,0.421888,0.289792,0.831104
922,traditional,0.114080,0.411648,0.292864,0.818592
923,traditional,0.117920,0.419840,0.280576,0.818336
924,traditional,0.114400,0.408576,0.302080,0.825056
925,traditional,0.133984,0.417792,0.288768,0.840544
926,traditional,0.113408,0.415744,0.294912,0.824064
927,traditional,0.113856,0.411648,0.282624,0.808128
928,traditional,0.125056,0.417792,0.290816,0.833664
929,traditional,0.125728,0.417792,0.284672,0.828192
930,traditional,0.136128,0.427008,0.284672,0.847808
931,traditional,0.115424,0.408576,0.311296,0.835296
932,traditional,0.114464,0.412672,0.280576,0.807712
933,traditional,0.113408,0.408576,0.280576,0.802560
934,traditional,0.126368,0.429056,0.278528,0.833952
935,traditional,0.114624,0.410624,0.301056,0.826304
936,traditional,0.113792,0.419840,0.292864,0.826496
937,traditional,0.118976,0.412672,0.291840,0.823488
938,traditional,0.115168,0.411648,0.280576,0.807392
939,traditional,0.113952,0.410624,0.282624,0.807200
940,traditional,0.115040,0.411648,0.278528,0.805216
941,traditional,0.115584,0.410624,0.281600,0.807808
942,traditional,0.115648,0.419840,0.282624,0.818112
943,traditional,0.114752,0.409600,0.283648,0.808000
944,traditional,0.123488,0.422912,0.279552,0.825952
945,traditional,0.125920,0.434176,0.281600,0.841696
946,traditional,0.126944,0.415744,0.280576,0.823264
947,traditional,0.117504,0.451584,0.288768,0.857856
948,traditional,0.113792,0.415744,0.281600,0.811136
949,traditional,0.123872,0.425984,0.282624,0.832480
950,traditional,0.113600,0.418816,0.290816,0.823232
951,traditional,0.124032,0.418816,0.279552,0.822400
952,traditional,0.118016,0.410624,0.280576,0.809216
953,traditional,0.118944,0.431104,0.282624,0.832672
954,traditional,0.114176,0.420864,0.286720,0.821760
955,traditional,0.117248,0.424960,0.296960,0.839168
956,traditional,0.114976,0.430080,0.300032,0.845088
957,traditional,0.115424,0.422912,0.294912,0.833248
958,traditional,0.115008,0.435200,0.290816,0.841024
959,traditional,0.119904,0.430080,0.293888,0.843872
960,traditional,0.114656,0.418816,0.317440,0.850912
961,traditional,0.114912,0.421888,0.282624,0.819424
962,traditional,0.125472,0.435200,0.283648,0.844320
963,traditional,0.133376,0.428032,0.294912,0.856320
964,traditional,0.114784,0.421888,0.282624,0.819296
965,traditional,0.127328,0.419840,0.294912,0.842080
966,traditional,0.115872,0.414720,0.284672,0.815264
967,traditional,0.114912,0.421888,0.286720,0.823520
968,traditional,0.133952,0.423936,0.289792,0.847680
969,traditional,0.116032,0.415744,0.286720,0.818496
970,traditional,0.120480,0.413696,0.292864,0.827040
971,traditional,0.118688,0.411648,0.284672,0.815008
972,traditional,0.116064,0.452608,0.284672,0.853344
973,traditional,0.114976,0.412672,0.284672,0.812320
974,traditional,0.115552,0.438272,0.282624,0.836448
975,traditional,0.138816,0.420864,0.283648,0.843328
976,traditional,0.143968,0.417792,0.293888,0.855648
977,traditional,0.119136,0.414720,0.284672,0.818528
978,traditional,0.114528,0.441344,0.291840,0.847712
979,traditional,0.119616,0.432128,0.285696,0.837440
980,traditional,0.114688,0.413696,0.285696,0.814080
981,traditional,0.114976,0.418816,0.292864,0.826656
982,traditional,0.119776,0.412672,0.282624,0.815072
983,traditional,0.115296,0.412672,0.282624,0.810592
984,traditional,0.144576,0.413696,0.297984,0.856256
985,traditional,0.115392,0.419840,0.286720,0.821952
986,traditional,0.115104,0.423936,0.283648,0.822688
987,traditional,0.116224,0.416768,0.292864,0.825856
988,traditional,0.114976,0.433152,0.295936,0.844064
989,traditional,0.131072,0.414720,0.285696,0.831488
990,traditional,0.115392,0.445440,0.284672,0.845504
991,traditional,0.115616,0.420864,0.282624,0.819104
992,traditional,0.116096,0.420864,0.288768,0.825728
993,traditional,0.115776,0.474112,0.299008,0.888896
994,traditional,0.121216,0.425984,0.286720,0.833920
995,traditional,0.127456,0.421888,0.310272,0.859616
996,traditional,0.120128,0.435200,0.287744,0.843072
997,traditional,0.116000,0.419840,0.299008,0.834848
998,traditional,0.124704,0.424960,0.299008,0.848672
999,traditional,0.121152,0.429056,0.289792,0.840000
1000,traditional,0.116032,0.432128,0.286720,0.834880
1001,traditional,0.116640,0.425984,0.288768,0.831392
1002,traditional,0.120544,0.421888,0.292864,0.835296
1003,traditional,0.126080,0.450560,0.297984,0.874624
1004,traditional,0.120800,0.435200,0.289792,0.845792
1005,traditional,0.126432,0.418816,0.299008,0.844256
1006,traditional,0.118080,0.440320,0.285696,0.844096
1007,traditional,0.119904,0.437248,0.290816,0.847968
1008,traditional,0.121088,0.434176,0.299008,0.854272
1009,traditional,0.119776,0.425984,0.285696,0.831456
1010,traditional,0.126048,0.433152,0.321536,0.880736
1011,traditional,0.116320,0.429056,0.297984,0.843360
1012,traditional,0.130432,0.419840,0.287744,0.838016
1013,traditional,0.116992,0.425984,0.294912,0.837888
1014,traditional,0.118752,0.448512,0.299008,0.866272
1015,traditional,0.119680,0.448512,0.290816,0.859008
1016,traditional,0.116672,0.420864,0.286720,0.824256
1017,traditional,0.125184,0.422912,0.287744,0.835840
1018,traditional,0.120064,0.419840,0.284672,0.824576
1019,traditional,0.117088,0.419840,0.284672,0.821600
1020,traditional,0.119424,0.423936,0.291840,0.835200
1021,traditional,0.115936,0.418816,0.286720,0.821472
1022,traditional,0.120640,0.432128,0.296960,0.849728
1023,traditional,0.117152,0.427008,0.290816,0.834976
1024,traditional,0.123808,0.418816,0.286720,0.829344
1025,traditional,0.116448,0.431104,0.284672,0.832224
1026,traditional,0.117792,0.428032,0.287744,0.833568
1027,traditional,0.116896,0.418816,0.289792,0.825504
1028,traditional,0.116864,0.434176,0.299008,0.850048
1029,traditional,0.122432,0.425984,0.294912,0.843328
1030,traditional,0.117792,0.433152,0.288768,0.839712
1031,traditional,0.123200,0.440320,0.290816,0.854336
1032,traditional,0.121504,0.442368,0.293888,0.857760
1033,traditional,0.129568,0.430080,0.287744,0.847392
1034,traditional,0.136416,0.424960,0.288768,0.850144
1035,traditional,0.116544,0.431104,0.297984,0.845632
1036,traditional,0.116928,0.438272,0.290816,0.846016
1037,traditional,0.118528,0.424960,0.288768,0.832256
1038,traditional,0.124448,0.422912,0.287744,0.835104
1039,traditional,0.124704,0.427008,0.291840,0.843552
1040,traditional,0.124608,0.427008,0.291840,0.843456
1041,traditional,0.118016,0.429056,0.299008,0.846080
1042,traditional,0.119584,0.424960,0.294912,0.839456
1043,traditional,0.119520,0.422912,0.292864,0.835296
1044,traditional,0.125952,0.430080,0.287744,0.843776
1045,traditional,0.118464,0.429056,0.292864,0.840384
1046,traditional,0.124320,0.430080,0.301056,0.855456
1047,traditional,0.121344,0.423936,0.294912,0.840192
1048,traditional,0.116128,0.456704,0.291840,0.864672
1049,traditional,0.119904,0.450560,0.297984,0.868448
1050,traditional,0.117984,0.429056,0.292864,0.839904
1051,traditional,0.116640,0.442368,0.287744,0.846752
1052,traditional,0.117216,0.437248,0.290816,0.845280
1053,traditional,0.134464,0.432128,0.299008,0.865600
1054,traditional,0.139040,0.431104,0.288768,0.858912
1055,traditional,0.116896,0.431104,0.288768,0.836768
1056,traditional,0.116832,0.430080,0.290816,0.837728
1057,traditional,0.121728,0.436224,0.292864,0.850816
1058,traditional,0.118624,0.421888,0.301056,0.841568
1059,traditional,0.127456,0.429056,0.290816,0.847328
1060,traditional,0.116960,0.450560,0.294912,0.862432
1061,traditional,0.119040,0.446464,0.291840,0.857344
1062,traditional,0.129280,0.428032,0.288768,0.846080
1063,traditional,0.119456,0.424960,0.292864,0.837280
1064,traditional,0.141888,0.434176,0.289792,0.865856
1065,traditional,0.119072,0.436224,0.306176,0.861472
1066,traditional,0.127904,0.439296,0.302080,0.869280
1067,traditional,0.119296,0.440320,0.295936,0.855552
1068,traditional,0.122304,0.435200,0.295936,0.853440
1069,traditional,0.118336,0.433152,0.306176,0.857664
1070,traditional,0.118848,0.452608,0.293888,0.865344
1071,traditional,0.119168,0.427008,0.297984,0.844160
1072,traditional,0.121856,0.427008,0.304128,0.852992
1073,traditional,0.119264,0.436224,0.291840,0.847328
1074,traditional,0.127680,0.454656,0.303104,0.885440
1075,traditional,0.123392,0.431104,0.292864,0.847360
1076,traditional,0.121664,0.427008,0.291840,0.840512
1077,traditional,0.122432,0.434176,0.292864,0.849472
1078,traditional,0.122240,0.447488,0.321536,0.891264
1079,traditional,0.119168,0.439296,0.290816,0.849280
1080,traditional,0.119104,0.434176,0.292864,0.846144
1081,traditional,0.119296,0.431104,0.289792,0.840192
1082,traditional,0.121728,0.428032,0.306176,0.855936
1083,traditional,0.122656,0.431104,0.290816,0.844576
1084,traditional,0.128768,0.428032,0.295936,0.852736
1085,traditional,0.123072,0.428032,0.297984,0.849088
1086,traditional,0.119616,0.441344,0.295936,0.856896
1087,traditional,0.119520,0.427008,0.292864,0.839392
1088,traditional,0.122944,0.425984,0.294912,0.843840
1089,traditional,0.125344,0.428032,0.291840,0.845216
1090,traditional,0.119424,0.451584,0.291840,0.862848
1091,traditional,0.119936,0.444416,0.291840,0.856192
1092,traditional,0.123936,0.425984,0.290816,0.840736
1093,traditional,0.129504,0.448512,0.293888,0.871904
1094,traditional,0.119680,0.429056,0.294912,0.843648
1095,traditional,0.118720,0.428032,0.293888,0.840640
1096,traditional,0.119904,0.455680,0.293888,0.869472
1097,traditional,0.118880,0.439296,0.307200,0.865376
1098,traditional,0.129408,0.425984,0.294912,0.850304
1099,traditional,0.120352,0.450560,0.292864,0.863776
1100,traditional,0.140736,0.438272,0.292864,0.871872
1101,traditional,0.118976,0.427008,0.295936,0.841920
1102,traditional,0.128608,0.427008,0.292864,0.848480
1103,traditional,0.119616,0.440320,0.293888,0.853824
1104,traditional,0.121056,0.427008,0.303104,0.851168
1105,traditional,0.118592,0.444416,0.297984,0.860992
1106,traditional,0.126656,0.432128,0.306176,0.864960
1107,traditional,0.132992,0.442368,0.300032,0.875392
1108,traditional,0.119712,0.427008,0.304128,0.850848
1109,traditional,0.118272,0.435200,0.290816,0.844288
1110,traditional,0.118336,0.427008,0.301056,0.846400
1111,traditional,0.125920,0.437248,0.312320,0.875488
1112,traditional,0.119008,0.431104,0.293888,0.844000
1113,traditional,0.117856,0.428032,0.295936,0.841824
1114,traditional,0.130016,0.437248,0.296960,0.864224
1115,traditional,0.118496,0.440320,0.292864,0.851680
1116,traditional,0.122144,0.437248,0.297984,0.857376
1117,traditional,0.121984,0.431104,0.295936,0.849024
1118,traditional,0.121792,0.444416,0.302080,0.868288
1119,traditional,0.116896,0.450560,0.301056,0.868512
1120,traditional,0.124096,0.429056,0.290816,0.843968
1121,traditional,0.137888,0.427008,0.296960,0.861856
1122,traditional,0.129216,0.428032,0.306176,0.863424
1123,traditional,0.121792,0.458752,0.289792,0.870336
1124,traditional,0.119040,0.427008,0.306176,0.852224
1125,traditional,0.121184,0.437248,0.296960,0.855392
1126,traditional,0.123456,0.433152,0.291840,0.848448
1127,traditional,0.121696,0.431104,0.293888,0.846688
1128,traditional,0.118880,0.427008,0.294912,0.840800
1129,traditional,0.120992,0.434176,0.290816,0.845984
1130,traditional,0.120192,0.430080,0.293888,0.844160
1131,traditional,0.125056,0.450560,0.301056,0.876672
1132,traditional,0.128992,0.444416,0.295936,0.869344
1133,traditional,0.127136,0.431104,0.299008,0.857248
1134,traditional,0.118752,0.445440,0.294912,0.859104
1135,traditional,0.120256,0.427008,0.293888,0.841152
1136,traditional,0.119040,0.433152,0.303104,0.855296
1137,traditional,0.118752,0.446464,0.291840,0.857056
1138,traditional,0.119168,0.431104,0.295936,0.846208
1139,traditional,0.120832,0.438272,0.295936,0.855040
1140,traditional,0.120064,0.432128,0.294912,0.847104
1141,traditional,0.121952,0.440320,0.300032,0.862304
1142,traditional,0.119744,0.440320,0.293888,0.853952
1143,traditional,0.119968,0.431104,0.320512,0.871584
1144,traditional,0.126912,0.434176,0.294912,0.856000
1145,traditional,0.123392,0.436224,0.292864,0.852480
1146,traditional,0.122432,0.431104,0.308224,0.861760
1147,traditional,0.120512,0.443392,0.293888,0.857792
1148,traditional,0.129504,0.432128,0.293888,0.855520
1149,traditional,0.121184,0.450560,0.300032,0.871776
1150,traditional,0.122624,0.440320,0.296960,0.859904
1151,traditional,0.119136,0.441344,0.307200,0.867680
1152,traditional,0.127200,0.431104,0.307200,0.865504
1153,traditional,0.130368,0.431104,0.294912,0.856384
1154,traditional,0.128576,0.453632,0.301056,0.883264
1155,traditional,0.119008,0.440320,0.295936,0.855264
1156,traditional,0.120448,0.433152,0.297984,0.851584
1157,traditional,0.131584,0.440320,0.296960,0.868864
1158,traditional,0.132768,0.439296,0.304128,0.876192
1159,traditional,0.129280,0.443392,0.293888,0.866560
1160,traditional,0.122400,0.437248,0.293888,0.853536
1161,traditional,0.120032,0.431104,0.306176,0.857312
1162,traditional,0.124608,0.444416,0.296960,0.865984
1163,traditional,0.118880,0.457728,0.294912,0.871520
1164,traditional,0.120160,0.441344,0.292864,0.854368
1165,traditional,0.123072,0.434176,0.292864,0.850112
1166,traditional,0.120704,0.431104,0.311296,0.863104
1167,traditional,0.135424,0.430080,0.297984,0.863488
1168,traditional,0.120800,0.441344,0.293888,0.856032
1169,traditional,0.130592,0.447488,0.296960,0.875040
1170,traditional,0.127936,0.435200,0.292864,0.856000
1171,traditional,0.131712,0.448512,0.304128,0.884352
1172,traditional,0.121344,0.441344,0.293888,0.856576
1173,traditional,0.120320,0.432128,0.318464,0.870912
1174,traditional,0.130976,0.445440,0.295936,0.872352
1175,traditional,0.131168,0.466944,0.308224,0.906336
1176,traditional,0.121632,0.441344,0.299008,0.861984
1177,traditional,0.124640,0.452608,0.297984,0.875232
1178,traditional,0.127712,0.444416,0.299008,0.871136
1179,traditional,0.127168,0.440320,0.300032,0.867520
1180,traditional,0.122624,0.457728,0.308224,0.888576
1181,traditional,0.120224,0.446464,0.309248,0.875936
1182,traditional,0.121888,0.446464,0.299008,0.867360
1183,traditional,0.120928,0.446464,0.301056,0.868448
1184,traditional,0.121056,0.441344,0.297984,0.860384
1185,traditional,0.121984,0.439296,0.297984,0.859264
1186,traditional,0.129536,0.442368,0.296960,0.868864
1187,traditional,0.120224,0.452608,0.299008,0.871840
1188,traditional,0.121888,0.448512,0.300032,0.870432
1189,traditional,0.121408,0.470016,0.310272,0.901696
1190,traditional,0.123872,0.442368,0.299008,0.865248
1191,traditional,0.124736,0.437248,0.301056,0.863040
1192,traditional,0.123488,0.444416,0.301056,0.868960
1193,traditional,0.120256,0.454656,0.299008,0.873920
1194,traditional,0.123488,0.451584,0.301056,0.876128
1195,traditional,0.130080,0.454656,0.305152,0.889888
1196,traditional,0.121536,0.443392,0.301056,0.865984
1197,traditional,0.121408,0.437248,0.300032,0.858688
1198,traditional,0.120544,0.440320,0.296960,0.857824
1199,traditional,0.120832,0.443392,0.312320,0.876544
1200,traditional,0.124096,0.439296,0.299008,0.862400
1201,traditional,0.125344,0.436224,0.296960,0.858528
1202,traditional,0.133056,0.441344,0.331776,0.906176
1203,traditional,0.125184,0.446464,0.312320,0.883968
1204,traditional,0.128448,0.435200,0.301056,0.864704
1205,traditional,0.131008,0.442368,0.299008,0.872384
1206,traditional,0.121152,0.443392,0.300032,0.864576
1207,traditional,0.121088,0.439296,0.303104,0.863488
1208,traditional,0.121056,0.448512,0.295936,0.865504
1209,traditional,0.121696,0.435200,0.297984,0.854880
1210,traditional,0.124992,0.437248,0.311296,0.873536
1211,traditional,0.121632,0.443392,0.297984,0.863008
1212,traditional,0.121824,0.438272,0.310272,0.870368
1213,traditional,0.125120,0.452608,0.299008,0.876736
1214,traditional,0.121696,0.435200,0.295936,0.852832
1215,traditional,0.121024,0.447488,0.299008,0.867520
1216,traditional,0.129440,0.450560,0.314368,0.894368
1217,traditional,0.132480,0.445440,0.324608,0.902528
1218,traditional,0.121216,0.465920,0.312320,0.899456
1219,traditional,0.121728,0.436224,0.297984,0.855936
1220,traditional,0.129920,0.446464,0.301056,0.877440
1221,traditional,0.133696,0.456704,0.309248,0.899648
1222,traditional,0.132256,0.446464,0.309248,0.887968
1223,traditional,0.121152,0.437248,0.300032,0.858432
1224,traditional,0.127040,0.436224,0.306176,0.869440
1225,traditional,0.120928,0.453632,0.300032,0.874592
1226,traditional,0.121536,0.445440,0.297984,0.864960
1227,traditional,0.127584,0.445440,0.309248,0.882272
1228,traditional,0.141696,0.447488,0.299008,0.888192
1229,traditional,0.121952,0.442368,0.307200,0.871520
1230,traditional,0.120704,0.448512,0.299008,0.868224
1231,traditional,0.123328,0.442368,0.300032,0.865728
1232,traditional,0.121920,0.448512,0.297984,0.868416
1233,traditional,0.123360,0.447488,0.301056,0.871904
1234,traditional,0.121312,0.440320,0.297984,0.859616
1235,traditional,0.127264,0.440320,0.308224,0.875808
1236,traditional,0.121536,0.445440,0.297984,0.864960
1237,traditional,0.121088,0.446464,0.299008,0.866560
1238,traditional,0.121376,0.438272,0.300032,0.859680
1239,traditional,0.125856,0.442368,0.297984,0.866208
1240,traditional,0.121056,0.445440,0.301056,0.867552
1241,traditional,0.134304,0.445440,0.299008,0.878752
1242,traditional,0.122016,0.457728,0.299008,0.878752
1243,traditional,0.141952,0.451584,0.300032,0.893568
1244,traditional,0.130944,0.442368,0.307200,0.880512
1245,traditional,0.129248,0.447488,0.303104,0.879840
1246,traditional,0.126880,0.445440,0.307200,0.879520
1247,traditional,0.132896,0.447488,0.311296,0.891680
1248,traditional,0.120960,0.449536,0.301056,0.871552
1249,traditional,0.128352,0.449536,0.302080,0.879968
1250,traditional,0.135424,0.441344,0.302080,0.878848
1251,traditional,0.124096,0.441344,0.300032,0.865472
1252,traditional,0.123232,0.460800,0.314368,0.898400
1253,traditional,0.140608,0.456704,0.305152,0.902464
1254,traditional,0.124448,0.441344,0.302080,0.867872
1255,traditional,0.121056,0.448512,0.312320,0.881888
1256,traditional,0.132000,0.440320,0.304128,0.876448
1257,traditional,0.124672,0.440320,0.300032,0.865024
1258,traditional,0.121728,0.441344,0.315392,0.878464
1259,traditional,0.133856,0.439296,0.300032,0.873184
1260,traditional,0.127136,0.468992,0.304128,0.900256
1261,traditional,0.122016,0.439296,0.311296,0.872608
1262,traditional,0.142880,0.448512,0.300032,0.891424
1263,traditional,0.125568,0.443392,0.307200,0.876160
1264,traditional,0.121536,0.449536,0.311296,0.882368
1265,traditional,0.123488,0.440320,0.303104,0.866912
1266,traditional,0.121600,0.440320,0.301056,0.862976
1267,traditional,0.126848,0.447488,0.300032,0.874368
1268,traditional,0.126528,0.440320,0.304128,0.870976
1269,traditional,0.125952,0.442368,0.302080,0.870400
1270,traditional,0.122016,0.452608,0.299008,0.873632
1271,traditional,0.140064,0.457728,0.303104,0.900896
1272,traditional,0.122112,0.454656,0.300032,0.876800
1273,traditional,0.130656,0.462848,0.301056,0.894560
1274,traditional,0.133984,0.446464,0.307200,0.887648
1275,traditional,0.125280,0.447488,0.301056,0.873824
1276,traditional,0.122432,0.441344,0.314368,0.878144
1277,traditional,0.123168,0.459776,0.303104,0.886048
1278,traditional,0.122240,0.442368,0.300032,0.864640
1279,traditional,0.122976,0.445440,0.302080,0.870496
1280,traditional,0.124128,0.440320,0.300032,0.864480
1281,traditional,0.125088,0.447488,0.300032,0.872608
1282,traditional,0.121920,0.443392,0.312320,0.877632
1283,traditional,0.130176,0.448512,0.302080,0.880768
1284,traditional,0.133472,0.451584,0.302080,0.887136
1285,traditional,0.122400,0.457728,0.300032,0.880160
1286,traditional,0.133888,0.451584,0.302080,0.887552
1287,traditional,0.122624,0.450560,0.300032,0.873216
1288,traditional,0.125408,0.445440,0.303104,0.873952
1289,traditional,0.122240,0.438272,0.304128,0.864640
1290,traditional,0.143840,0.452608,0.300032,0.896480
1291,traditional,0.121504,0.471040,0.317440,0.909984
1292,traditional,0.122016,0.442368,0.303104,0.867488
1293,traditional,0.121568,0.459776,0.316416,0.897760
1294,traditional,0.125760,0.440320,0.310272,0.876352
1295,traditional,0.121120,0.440320,0.305152,0.866592
1296,traditional,0.122432,0.463872,0.302080,0.888384
1297,traditional,0.157856,0.456704,0.311296,0.925856
1298,traditional,0.133088,0.448512,0.300032,0.881632
1299,traditional,0.122464,0.441344,0.308224,0.872032
1300,traditional,0.121728,0.456704,0.301056,0.879488
1301,traditional,0.143776,0.447488,0.306176,0.897440
1302,traditional,0.133088,0.449536,0.316416,0.899040
1303,traditional,0.126240,0.451584,0.321536,0.899360
1304,traditional,0.129952,0.453632,0.336896,0.920480
1305,traditional,0.122880,0.444416,0.300032,0.867328
1306,traditional,0.126336,0.457728,0.303104,0.887168
1307,traditional,0.129312,0.461824,0.299008,0.890144
1308,traditional,0.121184,0.449536,0.308224,0.878944
1309,traditional,0.128992,0.447488,0.307200,0.883680
1310,traditional,0.124224,0.444416,0.317440,0.886080
1311,traditional,0.122848,0.440320,0.302080,0.865248
1312,traditional,0.126272,0.444416,0.332800,0.903488
1313,traditional,0.134112,0.463872,0.311296,0.909280
1314,traditional,0.124384,0.448512,0.300032,0.872928
1315,traditional,0.120800,0.457728,0.308224,0.886752
1316,traditional,0.124832,0.441344,0.300032,0.866208
1317,traditional,0.122048,0.443392,0.300032,0.865472
1318,traditional,0.122656,0.441344,0.300032,0.864032
1319,traditional,0.122048,0.441344,0.304128,0.867520
1320,traditional,0.122976,0.440320,0.301056,0.864352
1321,traditional,0.121984,0.450560,0.309248,0.881792
1322,traditional,0.126944,0.440320,0.303104,0.870368
1323,traditional,0.124672,0.445440,0.309248,0.879360
1324,traditional,0.123008,0.451584,0.299008,0.873600
1325,traditional,0.130848,0.440320,0.300032,0.871200
1326,traditional,0.123872,0.445440,0.308224,0.877536
1327,traditional,0.123776,0.448512,0.304128,0.876416
1328,traditional,0.124864,0.458752,0.306176,0.889792
1329,traditional,0.123904,0.467968,0.304128,0.896000
1330,traditional,0.124000,0.450560,0.305152,0.879712
1331,traditional,0.129632,0.446464,0.305152,0.881248
1332,traditional,0.123520,0.445440,0.304128,0.873088
1333,traditional,0.123712,0.445440,0.303104,0.872256
1334,traditional,0.123488,0.447488,0.305152,0.876128
1335,traditional,0.125728,0.449536,0.305152,0.880416
1336,traditional,0.123456,0.468992,0.304128,0.896576
1337,traditional,0.126560,0.456704,0.307200,0.890464
1338,traditional,0.124608,0.454656,0.303104,0.882368
1339,traditional,0.128384,0.461824,0.313344,0.903552
1340,traditional,0.123840,0.454656,0.311296,0.889792
1341,traditional,0.130016,0.450560,0.312320,0.892896
1342,traditional,0.123072,0.444416,0.317440,0.884928
1343,traditional,0.127488,0.463872,0.310272,0.901632
1344,traditional,0.126624,0.446464,0.306176,0.879264
1345,traditional,0.132608,0.484352,0.313344,0.930304
1346,traditional,0.126368,0.465920,0.315392,0.907680
1347,traditional,0.134912,0.445440,0.304128,0.884480
1348,traditional,0.131872,0.445440,0.305152,0.882464
1349,traditional,0.124288,0.445440,0.308224,0.877952
1350,traditional,0.123616,0.448512,0.303104,0.875232
1351,traditional,0.127296,0.453632,0.308224,0.889152
1352,traditional,0.124128,0.444416,0.308224,0.876768
1353,traditional,0.126912,0.446464,0.305152,0.878528
1354,traditional,0.126176,0.456704,0.303104,0.885984
1355,traditional,0.123168,0.473088,0.307200,0.903456
1356,traditional,0.123936,0.444416,0.316416,0.884768
1357,traditional,0.123200,0.457728,0.309248,0.890176
1358,traditional,0.123872,0.456704,0.305152,0.885728
1359,traditional,0.127360,0.457728,0.304128,0.889216
1360,traditional,0.123456,0.448512,0.327680,0.899648
1361,traditional,0.134752,0.462848,0.308224,0.905824
1362,traditional,0.124128,0.444416,0.307200,0.875744
1363,traditional,0.125568,0.447488,0.304128,0.877184
1364,traditional,0.124160,0.445440,0.308224,0.877824
1365,traditional,0.132448,0.461824,0.313344,0.907616
1366,traditional,0.136192,0.448512,0.302080,0.886784
1367,traditional,0.123456,0.445440,0.304128,0.873024
1368,traditional,0.123744,0.452608,0.306176,0.882528
1369,traditional,0.127200,0.459776,0.312320,0.899296
1370,traditional,0.131936,0.453632,0.303104,0.888672
1371,traditional,0.123328,0.445440,0.307200,0.875968
1372,traditional,0.124096,0.444416,0.304128,0.872640
1373,traditional,0.122528,0.447488,0.304128,0.874144
1374,traditional,0.136160,0.452608,0.305152,0.893920
1375,traditional,0.134336,0.446464,0.302080,0.882880
1376,traditional,0.129024,0.443392,0.311296,0.883712
1377,traditional,0.127296,0.461824,0.306176,0.895296
1378,traditional,0.129184,0.463872,0.303104,0.896160
1379,traditional,0.128096,0.447488,0.309248,0.884832
1380,traditional,0.123424,0.445440,0.320512,0.889376
1381,traditional,0.123360,0.453632,0.304128,0.881120
1382,traditional,0.123712,0.479232,0.318464,0.921408
1383,traditional,0.126560,0.456704,0.307200,0.890464
1384,traditional,0.124224,0.447488,0.308224,0.879936
1385,traditional,0.134560,0.448512,0.302080,0.885152
1386,traditional,0.127200,0.456704,0.304128,0.888032
1387,traditional,0.123072,0.453632,0.324608,0.901312
1388,traditional,0.124128,0.445440,0.310272,0.879840
1389,traditional,0.123776,0.445440,0.314368,0.883584
1390,traditional,0.124832,0.460800,0.306176,0.891808
1391,traditional,0.123168,0.445440,0.303104,0.871712
1392,traditional,0.137696,0.444416,0.307200,0.889312
1393,traditional,0.125280,0.453632,0.319488,0.898400
1394,traditional,0.124000,0.450560,0.306176,0.880736
1395,traditional,0.123744,0.453632,0.305152,0.882528
1396,traditional,0.123808,0.445440,0.307200,0.876448
1397,traditional,0.125088,0.448512,0.306176,0.879776
1398,traditional,0.124480,0.446464,0.301056,0.872000
1399,traditional,0.123840,0.445440,0.305152,0.874432
1400,traditional,0.134624,0.447488,0.304128,0.886240
1401,traditional,0.125152,0.450560,0.308224,0.883936
1402,traditional,0.123712,0.448512,0.305152,0.877376
1403,traditional,0.123680,0.453632,0.303104,0.880416
1404,traditional,0.128448,0.447488,0.305152,0.881088
1405,traditional,0.123776,0.445440,0.303104,0.872320
1406,traditional,0.124576,0.445440,0.318464,0.888480
1407,traditional,0.125152,0.464896,0.304128,0.894176
1408,traditional,0.124288,0.444416,0.316416,0.885120
1409,traditional,0.124000,0.451584,0.302080,0.877664
1410,traditional,0.125088,0.452608,0.308224,0.885920
1411,traditional,0.134976,0.481280,0.306176,0.922432
1412,traditional,0.128064,0.444416,0.303104,0.875584
1413,traditional,0.123488,0.445440,0.306176,0.875104
1414,traditional,0.135456,0.445440,0.306176,0.887072
1415,traditional,0.125024,0.454656,0.304128,0.883808
1416,traditional,0.122848,0.450560,0.317440,0.890848
1417,traditional,0.125472,0.451584,0.306176,0.883232
1418,traditional,0.123904,0.446464,0.309248,0.879616
1419,traditional,0.123712,0.446464,0.303104,0.873280
1420,traditional,0.124320,0.445440,0.303104,0.872864
1421,traditional,0.122592,0.446464,0.303104,0.872160
1422,traditional,0.124896,0.445440,0.303104,0.873440
1423,traditional,0.128096,0.451584,0.314368,0.894048
1424,traditional,0.125792,0.463872,0.306176,0.895840
1425,traditional,0.124416,0.445440,0.304128,0.873984
1426,traditional,0.124384,0.449536,0.302080,0.876000
1427,traditional,0.127168,0.446464,0.303104,0.876736
1428,traditional,0.126496,0.464896,0.305152,0.896544
1429,traditional,0.125632,0.446464,0.304128,0.876224
1430,traditional,0.123808,0.447488,0.304128,0.875424
1431,traditional,0.122368,0.446464,0.302080,0.870912
1432,traditional,0.125344,0.446464,0.302080,0.873888
1433,traditional,0.127200,0.449536,0.308224,0.884960
1434,traditional,0.123552,0.445440,0.303104,0.872096
1435,traditional,0.123360,0.446464,0.304128,0.873952
1436,traditional,0.124064,0.459776,0.304128,0.887968
1437,traditional,0.123360,0.470016,0.316416,0.909792
1438,traditional,0.128064,0.446464,0.304128,0.878656
1439,traditional,0.127456,0.446464,0.309248,0.883168
1440,traditional,0.136160,0.444416,0.306176,0.886752
1441,traditional,0.124096,0.454656,0.307200,0.885952
1442,traditional,0.124544,0.445440,0.304128,0.874112
1443,traditional,0.137952,0.445440,0.307200,0.890592
1444,traditional,0.132416,0.464896,0.315392,0.912704
1445,traditional,0.139424,0.454656,0.304128,0.898208
1446,traditional,0.124736,0.444416,0.305152,0.874304
1447,traditional,0.123424,0.454656,0.356352,0.934432
1448,traditional,0.125088,0.452608,0.304128,0.881824
1449,traditional,0.122336,0.454656,0.307200,0.884192
1450,traditional,0.122880,0.446464,0.323584,0.892928
1451,traditional,0.132192,0.453632,0.320512,0.906336
1452,traditional,0.134496,0.450560,0.306176,0.891232
1453,traditional,0.136832,0.447488,0.316416,0.900736
1454,traditional,0.134496,0.446464,0.308224,0.889184
1455,traditional,0.139008,0.455680,0.321536,0.916224
1456,traditional,0.123584,0.447488,0.302080,0.873152
1457,traditional,0.145344,0.456704,0.305152,0.907200
1458,traditional,0.130208,0.446464,0.316416,0.893088
1459,traditional,0.123456,0.446464,0.314368,0.884288
1460,traditional,0.122912,0.470016,0.307200,0.900128
1461,traditional,0.124288,0.463872,0.310272,0.898432
1462,traditional,0.125632,0.452608,0.305152,0.883392
1463,traditional,0.124480,0.453632,0.303104,0.881216
1464,traditional,0.126720,0.445440,0.305152,0.877312
1465,traditional,0.126752,0.447488,0.319488,0.893728
1466,traditional,0.123904,0.460800,0.306176,0.890880
1467,traditional,0.123904,0.444416,0.306176,0.874496
1468,traditional,0.127040,0.458752,0.310272,0.896064
1469,traditional,0.131840,0.460800,0.305152,0.897792
1470,traditional,0.126304,0.446464,0.303104,0.875872
1471,traditional,0.128064,0.466944,0.308224,0.903232
1472,traditional,0.127008,0.478208,0.303104,0.908320
1473,traditional,0.123360,0.447488,0.305152,0.876000
1474,traditional,0.126752,0.448512,0.304128,0.879392
1475,traditional,0.123616,0.473088,0.305152,0.901856
1476,traditional,0.130208,0.452608,0.303104,0.885920
1477,traditional,0.130880,0.456704,0.304128,0.891712
1478,traditional,0.122720,0.449536,0.304128,0.876384
1479,traditional,0.124128,0.444416,0.306176,0.874720
1480,traditional,0.124160,0.459776,0.307200,0.891136
1481,traditional,0.127840,0.447488,0.313344,0.888672
1482,traditional,0.125664,0.447488,0.346112,0.919264
1483,traditional,0.129248,0.451584,0.319488,0.900320
1484,traditional,0.123008,0.445440,0.306176,0.874624
1485,traditional,0.124608,0.454656,0.307200,0.886464
1486,traditional,0.123072,0.452608,0.306176,0.881856
1487,traditional,0.141152,0.462848,0.308224,0.912224
1488,traditional,0.123936,0.446464,0.306176,0.876576
1489,traditional,0.125504,0.460800,0.304128,0.890432
1490,traditional,0.126048,0.466944,0.316416,0.909408
1491,traditional,0.126880,0.444416,0.304128,0.875424
1492,traditional,0.129920,0.447488,0.305152,0.882560
1493,traditional,0.122976,0.463872,0.304128,0.890976
1494,traditional,0.133952,0.452608,0.304128,0.890688
1495,traditional,0.127776,0.456704,0.325632,0.910112
1496,traditional,0.127552,0.470016,0.315392,0.912960
1497,traditional,0.124544,0.466944,0.307200,0.898688
1498,traditional,0.123040,0.470016,0.304128,0.897184
1499,traditional,0.123840,0.461824,0.304128,0.889792
1500,traditional,0.124352,0.445440,0.304128,0.873920
1501,traditional,0.127968,0.457728,0.312320,0.898016
1502,traditional,0.124768,0.457728,0.304128,0.886624
1503,traditional,0.130976,0.459776,0.305152,0.895904
1504,traditional,0.126720,0.451584,0.307200,0.885504
1505,traditional,0.124384,0.450560,0.306176,0.881120
1506,traditional,0.131872,0.484352,0.316416,0.932640
1507,traditional,0.123296,0.450560,0.313344,0.887200
1508,traditional,0.130016,0.445440,0.311296,0.886752
1509,traditional,0.123424,0.451584,0.303104,0.878112
1510,traditional,0.124576,0.447488,0.306176,0.878240
1511,traditional,0.124256,0.449536,0.315392,0.889184
1512,traditional,0.123072,0.448512,0.307200,0.878784
1513,traditional,0.123712,0.447488,0.306176,0.877376
1514,traditional,0.126752,0.447488,0.307200,0.881440
1515,traditional,0.125824,0.444416,0.305152,0.875392
1516,traditional,0.124096,0.444416,0.309248,0.877760
1517,traditional,0.124416,0.451584,0.312320,0.888320
1518,traditional,0.131936,0.450560,0.311296,0.893792
1519,traditional,0.125312,0.458752,0.305152,0.889216
1520,traditional,0.127264,0.454656,0.316416,0.898336
1521,traditional,0.124384,0.453632,0.309248,0.887264
1522,traditional,0.125184,0.450560,0.306176,0.881920
1523,traditional,0.124288,0.460800,0.310272,0.895360
1524,traditional,0.126080,0.455680,0.318464,0.900224
1525,traditional,0.124384,0.449536,0.316416,0.890336
1526,traditional,0.128800,0.461824,0.306176,0.896800
1527,traditional,0.125408,0.449536,0.309248,0.884192
1528,traditional,0.126944,0.455680,0.306176,0.888800
1529,traditional,0.126016,0.468992,0.307200,0.902208
1530,traditional,0.125760,0.460800,0.320512,0.907072
1531,traditional,0.124128,0.450560,0.307200,0.881888
1532,traditional,0.128416,0.450560,0.308224,0.887200
1533,traditional,0.124448,0.480256,0.314368,0.919072
1534,traditional,0.133472,0.449536,0.307200,0.890208
1535,traditional,0.125984,0.459776,0.307200,0.892960
1536,traditional,0.127136,0.458752,0.310272,0.896160
1537,traditional,0.128032,0.450560,0.308224,0.886816
1538,traditional,0.126656,0.450560,0.306176,0.883392
1539,traditional,0.125408,0.450560,0.305152,0.881120
1540,traditional,0.123872,0.451584,0.306176,0.881632
1541,traditional,0.128160,0.449536,0.306176,0.883872
1542,traditional,0.125536,0.459776,0.314368,0.899680
1543,traditional,0.126464,0.465920,0.312320,0.904704
1544,traditional,0.135872,0.455680,0.320512,0.912064
1545,traditional,0.126880,0.448512,0.306176,0.881568
1546,traditional,0.125888,0.450560,0.307200,0.883648
1547,traditional,0.125856,0.472064,0.309248,0.907168
1548,traditional,0.125344,0.455680,0.307200,0.888224
1549,traditional,0.125216,0.451584,0.309248,0.886048
1550,traditional,0.124192,0.480256,0.309248,0.913696
1551,traditional,0.130080,0.480256,0.318464,0.928800
1552,traditional,0.129984,0.466944,0.305152,0.902080
1553,traditional,0.125440,0.458752,0.308224,0.892416
1554,traditional,0.123616,0.460800,0.307200,0.891616
1555,traditional,0.123904,0.455680,0.306176,0.885760
1556,traditional,0.138528,0.458752,0.307200,0.904480
1557,traditional,0.124096,0.459776,0.306176,0.890048
1558,traditional,0.139776,0.450560,0.307200,0.897536
1559,traditional,0.131264,0.462848,0.310272,0.904384
1560,traditional,0.125280,0.477184,0.318464,0.920928
1561,traditional,0.128448,0.470016,0.304128,0.902592
1562,traditional,0.128160,0.463872,0.308224,0.900256
1563,traditional,0.131680,0.449536,0.318464,0.899680
1564,traditional,0.125920,0.456704,0.342016,0.924640
1565,traditional,0.125440,0.456704,0.311296,0.893440
1566,traditional,0.126560,0.459776,0.306176,0.892512
1567,traditional,0.124608,0.449536,0.319488,0.893632
1568,traditional,0.132032,0.461824,0.310272,0.904128
1569,traditional,0.124096,0.450560,0.306176,0.880832
1570,traditional,0.132768,0.455680,0.306176,0.894624
1571,traditional,0.124736,0.451584,0.316416,0.892736
1572,traditional,0.126400,0.465920,0.308224,0.900544
1573,traditional,0.124544,0.457728,0.310272,0.892544
1574,traditional,0.125280,0.459776,0.319488,0.904544
1575,traditional,0.136448,0.457728,0.306176,0.900352
1576,traditional,0.129120,0.460800,0.308224,0.898144
1577,traditional,0.130016,0.449536,0.307200,0.886752
1578,traditional,0.124576,0.451584,0.308224,0.884384
1579,traditional,0.124160,0.448512,0.322560,0.895232
1580,traditional,0.129152,0.451584,0.314368,0.895104
1581,traditional,0.127616,0.465920,0.306176,0.899712
1582,traditional,0.124896,0.454656,0.309248,0.888800
1583,traditional,0.125344,0.449536,0.311296,0.886176
1584,traditional,0.125632,0.450560,0.309248,0.885440
1585,traditional,0.124416,0.476160,0.312320,0.912896
1586,traditional,0.125760,0.452608,0.306176,0.884544
1587,traditional,0.128864,0.449536,0.306176,0.884576
1588,traditional,0.125056,0.449536,0.310272,0.884864
1589,traditional,0.124384,0.464896,0.307200,0.896480
1590,traditional,0.125728,0.463872,0.308224,0.897824
1591,traditional,0.124736,0.451584,0.316416,0.892736
1592,traditional,0.124768,0.453632,0.313344,0.891744
1593,traditional,0.126816,0.452608,0.308224,0.887648
1594,traditional,0.124640,0.462848,0.306176,0.893664
1595,traditional,0.153856,0.449536,0.306176,0.909568
1596,traditional,0.123520,0.454656,0.307200,0.885376
1597,traditional,0.123712,0.444416,0.303104,0.871232
1598,traditional,0.124096,0.446464,0.308224,0.878784
1599,traditional,0.125856,0.454656,0.303104,0.883616
1600,traditional,0.128544,0.507904,0.303104,0.939552
1601,traditional,0.135456,0.446464,0.314368,0.896288
1602,traditional,0.123584,0.445440,0.318464,0.887488
1603,traditional,0.123296,0.462848,0.309248,0.895392
1604,traditional,0.124224,0.456704,0.303104,0.884032
1605,traditional,0.123520,0.459776,0.304128,0.887424
1606,traditional,0.123776,0.456704,0.307200,0.887680
1607,traditional,0.123744,0.445440,0.306176,0.875360
1608,traditional,0.123808,0.456704,0.309248,0.889760
1609,traditional,0.131584,0.445440,0.318464,0.895488
1610,traditional,0.131200,0.446464,0.303104,0.880768
1611,traditional,0.142368,0.453632,0.312320,0.908320
1612,traditional,0.122944,0.475136,0.305152,0.903232
1613,traditional,0.123648,0.445440,0.328704,0.897792
1614,traditional,0.124864,0.463872,0.306176,0.894912
1615,traditional,0.127168,0.444416,0.305152,0.876736
1616,traditional,0.124896,0.453632,0.314368,0.892896
1617,traditional,0.135904,0.474112,0.304128,0.914144
1618,traditional,0.125056,0.451584,0.304128,0.880768
1619,traditional,0.123296,0.446464,0.307200,0.876960
1620,traditional,0.147392,0.456704,0.307200,0.911296
1621,traditional,0.124000,0.447488,0.305152,0.876640
1622,traditional,0.124000,0.448512,0.315392,0.887904
1623,traditional,0.130304,0.445440,0.303104,0.878848
1624,traditional,0.124832,0.460800,0.316416,0.902048
1625,traditional,0.131680,0.447488,0.304128,0.883296
1626,traditional,0.136320,0.447488,0.336896,0.920704
1627,traditional,0.124000,0.447488,0.303104,0.874592
1628,traditional,0.124896,0.446464,0.305152,0.876512
1629,traditional,0.128384,0.455680,0.306176,0.890240
1630,traditional,0.128416,0.458752,0.303104,0.890272
1631,traditional,0.123776,0.460800,0.304128,0.888704
1632,traditional,0.124992,0.446464,0.305152,0.876608
1633,traditional,0.134944,0.449536,0.304128,0.888608
1634,traditional,0.124256,0.462848,0.303104,0.890208
1635,traditional,0.125632,0.444416,0.303104,0.873152
1636,traditional,0.124288,0.447488,0.316416,0.888192
1637,traditional,0.125312,0.446464,0.303104,0.874880
1638,traditional,0.128640,0.459776,0.305152,0.893568
1639,traditional,0.128448,0.465920,0.318464,0.912832
1640,traditional,0.125920,0.445440,0.307200,0.878560
1641,traditional,0.122944,0.460800,0.308224,0.891968
1642,traditional,0.122816,0.476160,0.304128,0.903104
1643,traditional,0.123616,0.455680,0.304128,0.883424
1644,traditional,0.147872,0.446464,0.308224,0.902560
1645,traditional,0.123488,0.445440,0.303104,0.872032
1646,traditional,0.123200,0.445440,0.307200,0.875840
1647,traditional,0.124384,0.461824,0.313344,0.899552
1648,traditional,0.124896,0.445440,0.303104,0.873440
1649,traditional,0.129984,0.445440,0.317440,0.892864
1650,traditional,0.136480,0.455680,0.308224,0.900384
1651,traditional,0.127264,0.447488,0.303104,0.877856
1652,traditional,0.125600,0.458752,0.304128,0.888480
1653,traditional,0.125472,0.445440,0.302080,0.872992
1654,traditional,0.124352,0.460800,0.306176,0.891328
1655,traditional,0.123424,0.445440,0.305152,0.874016
1656,traditional,0.124832,0.446464,0.308224,0.879520
1657,traditional,0.129408,0.444416,0.304128,0.877952
1658,traditional,0.125088,0.458752,0.306176,0.890016
1659,traditional,0.124416,0.444416,0.304128,0.872960
1660,traditional,0.123744,0.455680,0.314368,0.893792
1661,traditional,0.135552,0.445440,0.302080,0.883072
1662,traditional,0.124480,0.447488,0.305152,0.877120
1663,traditional,0.124256,0.444416,0.305152,0.873824
1664,traditional,0.124448,0.476160,0.310272,0.910880
1665,traditional,0.123488,0.446464,0.303104,0.873056
1666,traditional,0.122912,0.446464,0.302080,0.871456
1667,traditional,0.123136,0.448512,0.303104,0.874752
1668,traditional,0.132800,0.453632,0.308224,0.894656
1669,traditional,0.123808,0.455680,0.305152,0.884640
1670,traditional,0.124128,0.470016,0.310272,0.904416
1671,traditional,0.135840,0.445440,0.302080,0.883360
1672,traditional,0.123648,0.447488,0.308224,0.879360
1673,traditional,0.124896,0.444416,0.309248,0.878560
1674,traditional,0.124224,0.447488,0.308224,0.879936
1675,traditional,0.122784,0.446464,0.302080,0.871328
1676,traditional,0.124096,0.454656,0.308224,0.886976
1677,traditional,0.137920,0.444416,0.310272,0.892608
1678,traditional,0.130400,0.456704,0.305152,0.892256
1679,traditional,0.123488,0.448512,0.304128,0.876128
1680,traditional,0.123552,0.465920,0.320512,0.909984
1681,traditional,0.124096,0.475136,0.310272,0.909504
1682,traditional,0.136416,0.456704,0.315392,0.908512
1683,traditional,0.135136,0.444416,0.311296,0.890848
1684,traditional,0.131104,0.458752,0.317440,0.907296
1685,traditional,0.123616,0.467968,0.303104,0.894688
1686,traditional,0.124128,0.445440,0.306176,0.875744
1687,traditional,0.126976,0.448512,0.315392,0.890880
1688,traditional,0.122944,0.459776,0.308224,0.890944
1689,traditional,0.123200,0.446464,0.303104,0.872768
1690,traditional,0.126720,0.450560,0.315392,0.892672
1691,traditional,0.126240,0.453632,0.306176,0.886048
1692,traditional,0.123648,0.456704,0.306176,0.886528
1693,traditional,0.127872,0.447488,0.303104,0.878464
1694,traditional,0.125472,0.462848,0.309248,0.897568
1695,traditional,0.124704,0.450560,0.304128,0.879392
1696,traditional,0.129792,0.447488,0.310272,0.887552
1697,traditional,0.123328,0.445440,0.316416,0.885184
1698,traditional,0.124864,0.463872,0.343040,0.931776
1699,traditional,0.124416,0.452608,0.305152,0.882176
1700,traditional,0.124736,0.446464,0.307200,0.878400
1701,traditional,0.123360,0.445440,0.306176,0.874976
1702,traditional,0.127456,0.446464,0.310272,0.884192
1703,traditional,0.141696,0.465920,0.307200,0.914816
1704,traditional,0.124864,0.481280,0.315392,0.921536
1705,traditional,0.124480,0.444416,0.304128,0.873024
1706,traditional,0.134368,0.446464,0.304128,0.884960
1707,traditional,0.132320,0.467968,0.306176,0.906464
1708,traditional,0.122592,0.450560,0.302080,0.875232
1709,traditional,0.130144,0.454656,0.304128,0.888928
1710,traditional,0.123584,0.445440,0.306176,0.875200
1711,traditional,0.123936,0.446464,0.302080,0.872480
1712,traditional,0.124288,0.444416,0.305152,0.873856
1713,traditional,0.123584,0.457728,0.302080,0.883392
1714,traditional,0.128064,0.445440,0.309248,0.882752
1715,traditional,0.132064,0.456704,0.306176,0.894944
1716,traditional,0.126368,0.445440,0.307200,0.879008
1717,traditional,0.131840,0.444416,0.311296,0.887552
1718,traditional,0.135008,0.484352,0.306176,0.925536
1719,traditional,0.133984,0.455680,0.306176,0.895840
1720,traditional,0.123328,0.448512,0.302080,0.873920
1721,traditional,0.123360,0.444416,0.310272,0.878048
1722,traditional,0.124992,0.446464,0.307200,0.878656
1723,traditional,0.123552,0.445440,0.308224,0.877216
1724,traditional,0.137440,0.477184,0.303104,0.917728
1725,traditional,0.124512,0.445440,0.308224,0.878176
1726,traditional,0.123616,0.458752,0.304128,0.886496
1727,traditional,0.123040,0.446464,0.306176,0.875680
1728,traditional,0.123904,0.451584,0.325632,0.901120
1729,traditional,0.124480,0.463872,0.316416,0.904768
1730,traditional,0.126752,0.466944,0.315392,0.909088
1731,traditional,0.124352,0.475136,0.307200,0.906688
1732,traditional,0.123264,0.445440,0.310272,0.878976
1733,traditional,0.126208,0.444416,0.305152,0.875776
1734,traditional,0.124032,0.451584,0.306176,0.881792
1735,traditional,0.122624,0.445440,0.302080,0.870144
1736,traditional,0.125728,0.463872,0.304128,0.893728
1737,traditional,0.151488,0.461824,0.306176,0.919488
1738,traditional,0.123232,0.459776,0.303104,0.886112
1739,traditional,0.124416,0.445440,0.302080,0.871936
1740,traditional,0.124448,0.465920,0.311296,0.901664
1741,traditional,0.123776,0.446464,0.302080,0.872320
1742,traditional,0.125952,0.477184,0.304128,0.907264
1743,traditional,0.123744,0.444416,0.325632,0.893792
1744,traditional,0.123968,0.447488,0.310272,0.881728
1745,traditional,0.123936,0.445440,0.303104,0.872480
1746,traditional,0.126976,0.447488,0.306176,0.880640
1747,traditional,0.125280,0.446464,0.304128,0.875872
1748,traditional,0.123168,0.456704,0.304128,0.884000
1749,traditional,0.123392,0.455680,0.303104,0.882176
1750,traditional,0.135680,0.447488,0.317440,0.900608
1751,traditional,0.123008,0.449536,0.317440,0.889984
1752,traditional,0.125888,0.446464,0.307200,0.879552
1753,traditional,0.125184,0.447488,0.303104,0.875776
1754,traditional,0.124512,0.446464,0.313344,0.884320
1755,traditional,0.124192,0.451584,0.304128,0.879904
1756,traditional,0.123040,0.447488,0.306176,0.876704
1757,traditional,0.127104,0.446464,0.303104,0.876672
1758,traditional,0.124960,0.446464,0.307200,0.878624
1759,traditional,0.122976,0.452608,0.313344,0.888928
1760,traditional,0.129952,0.449536,0.316416,0.895904
1761,traditional,0.127648,0.453632,0.304128,0.885408
1762,traditional,0.124128,0.445440,0.305152,0.874720
1763,traditional,0.123904,0.464896,0.307200,0.896000
1764,traditional,0.122944,0.450560,0.316416,0.889920
1765,traditional,0.123968,0.446464,0.303104,0.873536
1766,traditional,0.125664,0.461824,0.304128,0.891616
1767,traditional,0.129888,0.455680,0.304128,0.889696
1768,traditional,0.123904,0.445440,0.304128,0.873472
1769,traditional,0.123936,0.445440,0.307200,0.876576
1770,traditional,0.126656,0.446464,0.305152,0.878272
1771,traditional,0.129728,0.463872,0.305152,0.898752
1772,traditional,0.127008,0.455680,0.306176,0.888864
1773,traditional,0.123584,0.445440,0.305152,0.874176
1774,traditional,0.124352,0.462848,0.305152,0.892352
1775,traditional,0.126528,0.447488,0.306176,0.880192
1776,traditional,0.124608,0.445440,0.306176,0.876224
1777,traditional,0.128064,0.445440,0.301056,0.874560
1778,traditional,0.124864,0.458752,0.308224,0.891840
1779,traditional,0.128608,0.444416,0.305152,0.878176
1780,traditional,0.122752,0.453632,0.308224,0.884608
1781,traditional,0.135712,0.444416,0.305152,0.885280
1782,traditional,0.129376,0.458752,0.309248,0.897376
1783,traditional,0.124128,0.445440,0.305152,0.874720
1784,traditional,0.123904,0.459776,0.304128,0.887808
1785,traditional,0.130112,0.458752,0.310272,0.899136
1786,traditional,0.136992,0.448512,0.303104,0.888608
1787,traditional,0.123808,0.456704,0.303104,0.883616
1788,traditional,0.129920,0.450560,0.316416,0.896896
1789,traditional,0.123904,0.461824,0.309248,0.894976
1790,traditional,0.133472,0.477184,0.307200,0.917856
1791,traditional,0.131328,0.445440,0.314368,0.891136
1792,traditional,0.128672,0.446464,0.302080,0.877216
1793,traditional,0.132256,0.445440,0.305152,0.882848
1794,traditional,0.134624,0.446464,0.306176,0.887264
1795,traditional,0.123904,0.461824,0.326656,0.912384
1796,traditional,0.123296,0.457728,0.314368,0.895392
1797,traditional,0.125792,0.451584,0.315392,0.892768
1798,traditional,0.125024,0.445440,0.306176,0.876640
1799,traditional,0.124672,0.463872,0.307200,0.895744
1800,traditional,0.127808,0.459776,0.306176,0.893760
1801,traditional,0.124864,0.445440,0.307200,0.877504
1802,traditional,0.126816,0.452608,0.305152,0.884576
1803,traditional,0.126144,0.451584,0.314368,0.892096
1804,traditional,0.131616,0.456704,0.304128,0.892448
1805,traditional,0.124224,0.446464,0.304128,0.874816
1806,traditional,0.130720,0.448512,0.304128,0.883360
1807,traditional,0.124640,0.450560,0.318464,0.893664
1808,traditional,0.124256,0.450560,0.305152,0.879968
1809,traditional,0.127136,0.447488,0.305152,0.879776
1810,traditional,0.124480,0.447488,0.312320,0.884288
1811,traditional,0.134624,0.453632,0.307200,0.895456
1812,traditional,0.123424,0.468992,0.307200,0.899616
1813,traditional,0.132608,0.462848,0.306176,0.901632
1814,traditional,0.130912,0.472064,0.308224,0.911200
1815,traditional,0.125120,0.455680,0.317440,0.898240
1816,traditional,0.133376,0.447488,0.305152,0.886016
1817,traditional,0.136768,0.480256,0.303104,0.920128
1818,traditional,0.133408,0.474112,0.308224,0.915744
1819,traditional,0.126720,0.460800,0.307200,0.894720
1820,traditional,0.123424,0.497664,0.321536,0.942624
1821,traditional,0.123456,0.454656,0.306176,0.884288
1822,traditional,0.123552,0.488448,0.305152,0.917152
1823,traditional,0.125312,0.476160,0.303104,0.904576
1824,traditional,0.126144,0.445440,0.305152,0.876736
1825,traditional,0.123424,0.453632,0.307200,0.884256
1826,traditional,0.128960,0.453632,0.310272,0.892864
1827,traditional,0.124672,0.444416,0.307200,0.876288
1828,traditional,0.123616,0.465920,0.304128,0.893664
1829,traditional,0.130528,0.444416,0.304128,0.879072
1830,traditional,0.129824,0.447488,0.312320,0.889632
1831,traditional,0.138944,0.465920,0.305152,0.910016
1832,traditional,0.122528,0.474112,0.310272,0.906912
1833,traditional,0.124704,0.484352,0.318464,0.927520
1834,traditional,0.125728,0.453632,0.315392,0.894752
1835,traditional,0.124032,0.452608,0.313344,0.889984
1836,traditional,0.127264,0.445440,0.316416,0.889120
1837,traditional,0.123552,0.482304,0.316416,0.922272
1838,traditional,0.129344,0.460800,0.315392,0.905536
1839,traditional,0.123264,0.445440,0.305152,0.873856
1840,traditional,0.124160,0.471040,0.304128,0.899328
1841,traditional,0.132608,0.462848,0.302080,0.897536
1842,traditional,0.127328,0.474112,0.305152,0.906592
1843,traditional,0.126688,0.447488,0.307200,0.881376
1844,traditional,0.123616,0.449536,0.304128,0.877280
1845,traditional,0.125248,0.446464,0.306176,0.877888
1846,traditional,0.132832,0.445440,0.306176,0.884448
1847,traditional,0.123680,0.453632,0.308224,0.885536
1848,traditional,0.128512,0.455680,0.307200,0.891392
1849,traditional,0.129120,0.473088,0.305152,0.907360
1850,traditional,0.135296,0.468992,0.311296,0.915584
1851,traditional,0.123680,0.449536,0.306176,0.879392
1852,traditional,0.124480,0.444416,0.307200,0.876096
1853,traditional,0.135296,0.452608,0.305152,0.893056
1854,traditional,0.128384,0.449536,0.314368,0.892288
1855,traditional,0.122528,0.447488,0.303104,0.873120
1856,traditional,0.125760,0.451584,0.314368,0.891712
1857,traditional,0.127456,0.458752,0.304128,0.890336
1858,traditional,0.123648,0.445440,0.302080,0.871168
1859,traditional,0.124224,0.451584,0.320512,0.896320
1860,traditional,0.134912,0.470016,0.307200,0.912128
1861,traditional,0.125536,0.453632,0.304128,0.883296
1862,traditional,0.124608,0.450560,0.303104,0.878272
1863,traditional,0.124704,0.445440,0.314368,0.884512
1864,traditional,0.123712,0.462848,0.309248,0.895808
1865,traditional,0.135168,0.466944,0.309248,0.911360
1866,traditional,0.123680,0.445440,0.307200,0.876320
1867,traditional,0.124672,0.447488,0.306176,0.878336
1868,traditional,0.123872,0.459776,0.303104,0.886752
1869,traditional,0.122976,0.451584,0.310272,0.884832
1870,traditional,0.124832,0.444416,0.315392,0.884640
1871,traditional,0.137184,0.458752,0.305152,0.901088
1872,traditional,0.123584,0.445440,0.304128,0.873152
1873,traditional,0.129952,0.454656,0.303104,0.887712
1874,traditional,0.136640,0.446464,0.312320,0.895424
1875,traditional,0.122880,0.458752,0.315392,0.897024
1876,traditional,0.123904,0.465920,0.303104,0.892928
1877,traditional,0.132192,0.492544,0.305152,0.929888
1878,traditional,0.127424,0.463872,0.314368,0.905664
1879,traditional,0.130016,0.447488,0.302080,0.879584
1880,traditional,0.123200,0.454656,0.344064,0.921920
1881,traditional,0.123904,0.449536,0.304128,0.877568
1882,traditional,0.128288,0.444416,0.305152,0.877856
1883,traditional,0.123936,0.447488,0.303104,0.874528
1884,traditional,0.123040,0.473088,0.313344,0.909472
1885,traditional,0.124288,0.445440,0.304128,0.873856
1886,traditional,0.124384,0.452608,0.305152,0.882144
1887,traditional,0.123936,0.453632,0.316416,0.893984
1888,traditional,0.123808,0.445440,0.302080,0.871328
1889,traditional,0.123712,0.452608,0.304128,0.880448
1890,traditional,0.132960,0.453632,0.305152,0.891744
1891,traditional,0.124864,0.457728,0.304128,0.886720
1892,traditional,0.123936,0.444416,0.308224,0.876576
1893,traditional,0.123104,0.445440,0.315392,0.883936
1894,traditional,0.137984,0.456704,0.314368,0.909056
1895,traditional,0.123552,0.449536,0.316416,0.889504
1896,traditional,0.123936,0.449536,0.303104,0.876576
1897,traditional,0.124032,0.451584,0.307200,0.882816
1898,traditional,0.123712,0.454656,0.306176,0.884544
1899,traditional,0.124384,0.455680,0.305152,0.885216
1900,traditional,0.123936,0.452608,0.304128,0.880672
1901,traditional,0.124384,0.448512,0.306176,0.879072
1902,traditional,0.123808,0.454656,0.314368,0.892832
1903,traditional,0.125088,0.477184,0.312320,0.914592
1904,traditional,0.126880,0.445440,0.305152,0.877472
1905,traditional,0.131616,0.470016,0.310272,0.911904
1906,traditional,0.136512,0.444416,0.306176,0.887104
1907,traditional,0.137312,0.447488,0.314368,0.899168
1908,traditional,0.124800,0.448512,0.305152,0.878464
1909,traditional,0.129312,0.446464,0.303104,0.878880
1910,traditional,0.124224,0.445440,0.305152,0.874816
1911,traditional,0.126080,0.449536,0.305152,0.880768
1912,traditional,0.126784,0.453632,0.310272,0.890688
1913,traditional,0.123776,0.447488,0.302080,0.873344
1914,traditional,0.124192,0.472064,0.304128,0.900384
1915,traditional,0.135104,0.473088,0.303104,0.911296
1916,traditional,0.128320,0.451584,0.302080,0.881984
1917,traditional,0.122720,0.466944,0.305152,0.894816
1918,traditional,0.124288,0.445440,0.305152,0.874880
1919,traditional,0.123392,0.466944,0.312320,0.902656
1920,traditional,0.123040,0.446464,0.307200,0.876704
1921,traditional,0.127520,0.461824,0.305152,0.894496
1922,traditional,0.133984,0.450560,0.306176,0.890720
1923,traditional,0.138560,0.479232,0.303104,0.920896
1924,traditional,0.132480,0.458752,0.309248,0.900480
1925,traditional,0.124128,0.453632,0.304128,0.881888
1926,traditional,0.127456,0.445440,0.316416,0.889312
1927,traditional,0.122624,0.449536,0.322560,0.894720
1928,traditional,0.139776,0.446464,0.305152,0.891392
1929,traditional,0.125856,0.458752,0.305152,0.889760
1930,traditional,0.125248,0.463872,0.303104,0.892224
1931,traditional,0.126368,0.446464,0.304128,0.876960
1932,traditional,0.125248,0.445440,0.313344,0.884032
1933,traditional,0.124320,0.459776,0.311296,0.895392
1934,traditional,0.123200,0.451584,0.303104,0.877888
1935,traditional,0.125888,0.445440,0.308224,0.879552
1936,traditional,0.136992,0.453632,0.314368,0.904992
1937,traditional,0.123968,0.447488,0.304128,0.875584
1938,traditional,0.132416,0.451584,0.306176,0.890176
1939,traditional,0.124160,0.445440,0.303104,0.872704
1940,traditional,0.123328,0.444416,0.304128,0.871872
1941,traditional,0.125056,0.445440,0.323584,0.894080
1942,traditional,0.124384,0.456704,0.304128,0.885216
1943,traditional,0.122720,0.460800,0.305152,0.888672
1944,traditional,0.123328,0.445440,0.304128,0.872896
1945,traditional,0.125792,0.470016,0.307200,0.903008
1946,traditional,0.123808,0.463872,0.306176,0.893856
1947,traditional,0.129888,0.457728,0.304128,0.891744
1948,traditional,0.123264,0.455680,0.304128,0.883072
1949,traditional,0.134752,0.450560,0.304128,0.889440
1950,traditional,0.128960,0.470016,0.306176,0.905152
1951,traditional,0.123072,0.456704,0.306176,0.885952
1952,traditional,0.127968,0.446464,0.303104,0.877536
1953,traditional,0.124064,0.444416,0.306176,0.874656
1954,traditional,0.122080,0.446464,0.305152,0.873696
1955,traditional,0.126272,0.449536,0.318464,0.894272
1956,traditional,0.129728,0.446464,0.306176,0.882368
1957,traditional,0.124096,0.445440,0.301056,0.870592
1958,traditional,0.129312,0.493568,0.304128,0.927008
1959,traditional,0.127648,0.453632,0.312320,0.893600
1960,traditional,0.136512,0.453632,0.317440,0.907584
1961,traditional,0.126592,0.453632,0.304128,0.884352
1962,traditional,0.124576,0.458752,0.325632,0.908960
1963,traditional,0.127776,0.464896,0.343040,0.935712
1964,traditional,0.123200,0.458752,0.307200,0.889152
1965,traditional,0.127104,0.475136,0.314368,0.916608
1966,traditional,0.147264,0.789504,0.694272,1.631040
1967,traditional,0.123552,0.465920,0.312320,0.901792
1968,traditional,0.127424,0.458752,0.314368,0.900544
1969,traditional,0.123904,0.468992,0.328704,0.921600
1970,traditional,0.123200,0.445440,0.305152,0.873792
1971,traditional,0.140224,0.462848,0.307200,0.910272
1972,traditional,0.124384,0.445440,0.304128,0.873952
1973,traditional,0.123040,0.445440,0.304128,0.872608
1974,traditional,0.132160,0.445440,0.307200,0.884800
1975,traditional,0.124768,0.445440,0.303104,0.873312
1976,traditional,0.124192,0.447488,0.303104,0.874784
1977,traditional,0.124384,0.464896,0.306176,0.895456
1978,traditional,0.124000,0.452608,0.317440,0.894048
1979,traditional,0.123232,0.451584,0.303104,0.877920
1980,traditional,0.124032,0.448512,0.308224,0.880768
1981,traditional,0.123904,0.451584,0.316416,0.891904
1982,traditional,0.133472,0.482304,0.307200,0.922976
1983,traditional,0.123616,0.462848,0.302080,0.888544
1984,traditional,0.126944,0.446464,0.303104,0.876512
1985,traditional,0.130240,0.444416,0.303104,0.877760
1986,traditional,0.127232,0.487424,0.306176,0.920832
1987,traditional,0.124416,0.444416,0.305152,0.873984
1988,traditional,0.127520,0.448512,0.304128,0.880160
1989,traditional,0.126208,0.447488,0.303104,0.876800
1990,traditional,0.126752,0.446464,0.305152,0.878368
1991,traditional,0.125056,0.459776,0.323584,0.908416
1992,traditional,0.123648,0.446464,0.305152,0.875264
1993,traditional,0.124864,0.445440,0.302080,0.872384
1994,traditional,0.135648,0.450560,0.309248,0.895456
1995,traditional,0.128288,0.466944,0.307200,0.902432
1996,traditional,0.123456,0.472064,0.313344,0.908864
1997,traditional,0.124736,0.444416,0.309248,0.878400
1998,traditional,0.126880,0.445440,0.308224,0.880544
1999,traditional,0.124704,0.444416,0.304128,0.873248
2000,traditional,0.124288,0.449536,0.317440,0.891264
2001,traditional,0.128064,0.445440,0.303104,0.876608
2002,traditional,0.124384,0.447488,0.307200,0.879072
2003,traditional,0.128576,0.447488,0.304128,0.880192
2004,traditional,0.124096,0.445440,0.305152,0.874688
2005,traditional,0.134816,0.444416,0.306176,0.885408
2006,traditional,0.124640,0.445440,0.307200,0.877280
2007,traditional,0.124192,0.445440,0.304128,0.873760
2008,traditional,0.126560,0.446464,0.304128,0.877152
2009,traditional,0.123264,0.444416,0.302080,0.869760
2010,traditional,0.123904,0.458752,0.304128,0.886784
2011,traditional,0.124096,0.455680,0.314368,0.894144
2012,traditional,0.124128,0.447488,0.305152,0.876768
2013,traditional,0.124864,0.445440,0.316416,0.886720
2014,traditional,0.129696,0.454656,0.303104,0.887456
2015,traditional,0.124160,0.449536,0.305152,0.878848
2016,traditional,0.124480,0.446464,0.306176,0.877120
2017,traditional,0.122592,0.444416,0.302080,0.869088
2018,traditional,0.129696,0.446464,0.308224,0.884384
2019,traditional,0.123136,0.444416,0.307200,0.874752
2020,traditional,0.127104,0.481280,0.322560,0.930944
2021,traditional,0.123680,0.449536,0.303104,0.876320
2022,traditional,0.125312,0.475136,0.312320,0.912768
2023,traditional,0.127488,0.445440,0.302080,0.875008
2024,traditional,0.122848,0.453632,0.306176,0.882656
2025,traditional,0.126752,0.451584,0.307200,0.885536
2026,traditional,0.131456,0.445440,0.307200,0.884096
2027,traditional,0.128128,0.449536,0.306176,0.883840
2028,traditional,0.131296,0.454656,0.304128,0.890080
2029,traditional,0.124032,0.449536,0.314368,0.887936
2030,traditional,0.127840,0.460800,0.304128,0.892768
2031,traditional,0.124096,0.445440,0.303104,0.872640
2032,traditional,0.123072,0.494592,0.312320,0.929984
2033,traditional,0.129344,0.462848,0.309248,0.901440
2034,traditional,0.133952,0.454656,0.306176,0.894784
2035,traditional,0.122720,0.467968,0.308224,0.898912
2036,traditional,0.131360,0.472064,0.302080,0.905504
2037,traditional,0.125472,0.457728,0.303104,0.886304
2038,traditional,0.126368,0.446464,0.305152,0.877984
2039,traditional,0.132448,0.465920,0.305152,0.903520
2040,traditional,0.124384,0.472064,0.312320,0.908768
2041,traditional,0.124160,0.445440,0.315392,0.884992
2042,traditional,0.122176,0.454656,0.318464,0.895296
2043,traditional,0.124608,0.445440,0.305152,0.875200
2044,traditional,0.124256,0.456704,0.306176,0.887136
2045,traditional,0.123392,0.445440,0.310272,0.879104
2046,traditional,0.131904,0.453632,0.317440,0.902976
2047,traditional,0.129920,0.454656,0.310272,0.894848
2048,traditional,0.123776,0.467968,0.307200,0.898944
2049,traditional,0.125184,0.454656,0.327680,0.907520
2050,traditional,0.125440,0.464896,0.303104,0.893440
2051,traditional,0.124352,0.456704,0.303104,0.884160
2052,traditional,0.139616,0.480256,0.318464,0.938336
2053,traditional,0.123264,0.445440,0.304128,0.872832
2054,traditional,0.123264,0.448512,0.304128,0.875904
2055,traditional,0.136288,0.449536,0.308224,0.894048
2056,traditional,0.124384,0.452608,0.323584,0.900576
2057,traditional,0.125888,0.445440,0.303104,0.874432
2058,traditional,0.124160,0.455680,0.307200,0.887040
2059,traditional,0.124544,0.457728,0.307200,0.889472
2060,traditional,0.125120,0.450560,0.308224,0.883904
2061,traditional,0.124832,0.457728,0.310272,0.892832
2062,traditional,0.125120,0.451584,0.305152,0.881856
2063,traditional,0.126688,0.452608,0.319488,0.898784
2064,traditional,0.127552,0.457728,0.315392,0.900672
2065,traditional,0.127200,0.457728,0.311296,0.896224
2066,traditional,0.125184,0.474112,0.315392,0.914688
2067,traditional,0.124256,0.453632,0.316416,0.894304
2068,traditional,0.127296,0.452608,0.304128,0.884032
2069,traditional,0.133600,0.450560,0.325632,0.909792
2070,traditional,0.124512,0.462848,0.311296,0.898656
2071,traditional,0.124448,0.461824,0.307200,0.893472
2072,traditional,0.136416,0.451584,0.305152,0.893152
2073,traditional,0.129376,0.449536,0.308224,0.887136
2074,traditional,0.124864,0.449536,0.307200,0.881600
2075,traditional,0.126688,0.457728,0.308224,0.892640
2076,traditional,0.124160,0.482304,0.314368,0.920832
2077,traditional,0.127424,0.458752,0.311296,0.897472
2078,traditional,0.130496,0.450560,0.311296,0.892352
2079,traditional,0.124000,0.451584,0.306176,0.881760
2080,traditional,0.125056,0.475136,0.306176,0.906368
2081,traditional,0.124768,0.452608,0.310272,0.887648
2082,traditional,0.125088,0.457728,0.307200,0.890016
2083,traditional,0.129280,0.451584,0.307200,0.888064
2084,traditional,0.127072,0.449536,0.319488,0.896096
2085,traditional,0.124576,0.450560,0.310272,0.885408
2086,traditional,0.136288,0.452608,0.308224,0.897120
2087,traditional,0.128384,0.461824,0.307200,0.897408
2088,traditional,0.136736,0.449536,0.310272,0.896544
2089,traditional,0.154688,0.452608,0.321536,0.928832
2090,traditional,0.125824,0.460800,0.309248,0.895872
2091,traditional,0.124672,0.451584,0.306176,0.882432
2092,traditional,0.129152,0.467968,0.317440,0.914560
2093,traditional,0.125376,0.453632,0.318464,0.897472
2094,traditional,0.125152,0.450560,0.310272,0.885984
2095,traditional,0.131552,0.455680,0.314368,0.901600
2096,traditional,0.128736,0.448512,0.307200,0.884448
2097,traditional,0.124544,0.450560,0.306176,0.881280
2098,traditional,0.123200,0.445440,0.306176,0.874816
2099,traditional,0.133760,0.445440,0.304128,0.883328
2100,traditional,0.124000,0.445440,0.304128,0.873568
