frame,renderPath,shadowMs,sceneMs,postProcessMs,frameMs
1,traditional,0.023424,0.142336,0.138240,0.304000
2,traditional,0.028128,0.151552,0.198656,0.378336
3,traditional,0.025344,0.144384,0.201728,0.371456
4,traditional,0.025984,0.145408,0.204800,0.376192
5,traditional,0.027456,0.162816,0.216064,0.406336
6,traditional,0.038336,0.146432,0.206848,0.391616
7,traditional,0.024800,0.056320,0.129024,0.210144
8,traditional,0.022816,0.053248,0.128000,0.204064
9,traditional,0.027552,0.052224,0.129024,0.208800
10,traditional,0.023520,0.055296,0.131072,0.209888
11,traditional,0.024928,0.057344,0.128000,0.210272
12,traditional,0.036000,0.052224,0.132096,0.220320
13,traditional,0.026432,0.055296,0.131072,0.212800
14,traditional,0.023040,0.051200,0.131072,0.205312
15,traditional,0.023424,0.060416,0.130048,0.213888
16,traditional,0.023072,0.050176,0.130048,0.203296
17,traditional,0.022912,0.052224,0.129024,0.204160
18,traditional,0.022784,0.049152,0.129024,0.200960
19,traditional,0.022592,0.059392,0.132096,0.214080
20,traditional,0.022944,0.049152,0.126976,0.199072
21,traditional,0.041600,0.067584,0.147456,0.256640
22,traditional,0.023200,0.051200,0.125952,0.200352
23,traditional,0.022176,0.050176,0.137216,0.209568
24,traditional,0.022752,0.050176,0.125952,0.198880
25,traditional,0.024128,0.049152,0.125952,0.199232
26,traditional,0.022208,0.051200,0.125952,0.199360
27,traditional,0.022752,0.050176,0.125952,0.198880
28,traditional,0.022144,0.049152,0.132096,0.203392
29,traditional,0.023104,0.048128,0.129024,0.200256
30,traditional,0.022688,0.051200,0.124928,0.198816
31,traditional,0.023392,0.050176,0.128000,0.201568
32,traditional,0.035392,0.052224,0.124928,0.212544
33,traditional,0.034048,0.050176,0.130048,0.214272
34,traditional,0.023552,0.050176,0.125952,0.199680
35,traditional,0.021952,0.052224,0.125952,0.200128
36,traditional,0.023520,0.053248,0.126976,0.203744
37,traditional,0.024928,0.053248,0.133120,0.211296
38,traditional,0.024544,0.052224,0.122880,0.199648
39,traditional,0.022848,0.048128,0.118784,0.189760
40,traditional,0.022592,0.051200,0.118784,0.192576
41,traditional,0.025728,0.050176,0.121856,0.197760
42,traditional,0.022656,0.054272,0.118784,0.195712
43,traditional,0.022496,0.049152,0.118784,0.190432
44,traditional,0.028608,0.057344,0.137216,0.223168
45,traditional,0.025952,0.053248,0.135168,0.214368
46,traditional,0.023136,0.050176,0.118784,0.192096
47,traditional,0.026176,0.052224,0.119808,0.198208
48,traditional,0.022624,0.049152,0.118784,0.190560
49,traditional,0.025568,0.057344,0.143360,0.226272
50,traditional,0.022528,0.050176,0.120832,0.193536
51,traditional,0.048640,0.065536,0.143360,0.257536
52,traditional,0.037280,0.063488,0.149504,0.250272
53,traditional,0.038720,0.064512,0.137216,0.240448
54,traditional,0.035296,0.086016,0.142336,0.263648
55,traditional,0.038048,0.061440,0.137216,0.236704
56,traditional,0.034688,0.061440,0.140288,0.236416
57,traditional,0.036352,0.075776,0.137216,0.249344
58,traditional,0.034304,0.061440,0.144384,0.240128
59,traditional,0.033984,0.062464,0.140288,0.236736
60,traditional,0.036192,0.064512,0.136192,0.236896
61,traditional,0.037952,0.066560,0.146432,0.250944
62,traditional,0.050912,0.064512,0.159744,0.275168
63,traditional,0.035264,0.065536,0.140288,0.241088
64,traditional,0.040704,0.073728,0.167936,0.282368
65,traditional,0.035424,0.069632,0.139264,0.244320
66,traditional,0.043232,0.064512,0.140288,0.248032
67,traditional,0.037120,0.061440,0.136192,0.234752
68,traditional,0.040640,0.068608,0.172032,0.281280
69,traditional,0.035040,0.065536,0.147456,0.248032
70,traditional,0.034112,0.069632,0.164864,0.268608
71,traditional,0.038688,0.064512,0.166912,0.270112
72,traditional,0.050432,0.064512,0.148480,0.263424
73,traditional,0.041312,0.065536,0.152576,0.259424
74,traditional,0.034816,0.062464,0.136192,0.233472
75,traditional,0.033888,0.071680,0.136192,0.241760
76,traditional,0.035040,0.062464,0.136192,0.233696
77,traditional,0.036128,0.062464,0.148480,0.247072
78,traditional,0.037152,0.068608,0.139264,0.245024
79,traditional,0.043680,0.067584,0.154624,0.265888
80,traditional,0.034560,0.060416,0.137216,0.232192
81,traditional,0.034368,0.062464,0.136192,0.233024
82,traditional,0.034656,0.061440,0.140288,0.236384
83,traditional,0.046656,0.063488,0.137216,0.247360
84,traditional,0.039808,0.067584,0.151552,0.258944
85,traditional,0.033888,0.062464,0.137216,0.233568
86,traditional,0.034656,0.063488,0.139264,0.237408
87,traditional,0.033632,0.068608,0.136192,0.238432
88,traditional,0.033856,0.062464,0.148480,0.244800
89,traditional,0.034688,0.073728,0.146432,0.254848
90,traditional,0.034592,0.064512,0.156672,0.255776
91,traditional,0.034176,0.063488,0.137216,0.234880
92,traditional,0.038880,0.063488,0.136192,0.238560
93,traditional,0.034368,0.072704,0.136192,0.243264
94,traditional,0.035104,0.062464,0.136192,0.233760
95,traditional,0.034976,0.061440,0.137216,0.233632
96,traditional,0.034976,0.061440,0.137216,0.233632
97,traditional,0.034048,0.062464,0.145408,0.241920
98,traditional,0.037952,0.062464,0.136192,0.236608
99,traditional,0.035136,0.063488,0.140288,0.238912
100,traditional,0.034688,0.061440,0.153600,0.249728
101,traditional,0.035232,0.062464,0.140288,0.237984
102,traditional,0.035072,0.062464,0.136192,0.233728
103,traditional,0.034720,0.063488,0.137216,0.235424
104,traditional,0.034592,0.062464,0.141312,0.238368
105,traditional,0.034688,0.064512,0.136192,0.235392
106,traditional,0.034304,0.062464,0.143360,0.240128
107,traditional,0.034688,0.062464,0.136192,0.233344
108,traditional,0.043040,0.063488,0.137216,0.243744
109,traditional,0.034112,0.061440,0.136192,0.231744
110,traditional,0.034144,0.063488,0.139264,0.236896
111,traditional,0.036800,0.061440,0.137216,0.235456
112,traditional,0.035328,0.062464,0.137216,0.235008
113,traditional,0.035840,0.061440,0.137216,0.234496
114,traditional,0.042368,0.067584,0.158720,0.268672
115,traditional,0.047872,0.061440,0.141312,0.250624
116,traditional,0.038752,0.064512,0.136192,0.239456
117,traditional,0.034496,0.069632,0.136192,0.240320
118,traditional,0.046592,0.061440,0.138240,0.246272
119,traditional,0.036832,0.065536,0.138240,0.240608
120,traditional,0.034432,0.064512,0.136192,0.235136
121,traditional,0.038592,0.063488,0.136192,0.238272
122,traditional,0.035008,0.061440,0.136192,0.232640
123,traditional,0.043232,0.078848,0.158720,0.280800
124,traditional,0.035328,0.061440,0.137216,0.233984
125,traditional,0.037088,0.063488,0.139264,0.239840
126,traditional,0.035488,0.065536,0.140288,0.241312
127,traditional,0.046048,0.062464,0.136192,0.244704
128,traditional,0.034720,0.066560,0.137216,0.238496
129,traditional,0.033728,0.063488,0.141312,0.238528
130,traditional,0.035456,0.065536,0.140288,0.241280
131,traditional,0.034880,0.063488,0.137216,0.235584
132,traditional,0.033088,0.060416,0.128000,0.221504
133,traditional,0.042464,0.061440,0.125952,0.229856
134,traditional,0.033856,0.055296,0.125952,0.215104
135,traditional,0.038112,0.059392,0.147456,0.244960
136,traditional,0.041472,0.056320,0.125952,0.223744
137,traditional,0.031744,0.056320,0.126976,0.215040
138,traditional,0.032320,0.060416,0.126976,0.219712
139,traditional,0.037984,0.059392,0.156672,0.254048
140,traditional,0.032544,0.056320,0.134144,0.223008
141,traditional,0.037664,0.061440,0.128000,0.227104
142,traditional,0.041536,0.057344,0.142336,0.241216
143,traditional,0.034720,0.057344,0.138240,0.230304
144,traditional,0.032960,0.068608,0.124928,0.226496
145,traditional,0.036672,0.057344,0.125952,0.219968
146,traditional,0.032416,0.056320,0.128000,0.216736
147,traditional,0.031968,0.057344,0.124928,0.214240
148,traditional,0.032928,0.056320,0.124928,0.214176
149,traditional,0.031808,0.057344,0.144384,0.233536
150,traditional,0.042368,0.063488,0.144384,0.250240
151,traditional,0.033280,0.057344,0.134144,0.224768
152,traditional,0.044288,0.058368,0.135168,0.237824
153,traditional,0.032992,0.057344,0.125952,0.216288
154,traditional,0.036608,0.059392,0.125952,0.221952
155,traditional,0.032608,0.056320,0.124928,0.213856
156,traditional,0.031456,0.056320,0.124928,0.212704
157,traditional,0.036576,0.056320,0.125952,0.218848
158,traditional,0.032416,0.064512,0.125952,0.222880
159,traditional,0.041536,0.057344,0.125952,0.224832
160,traditional,0.032192,0.055296,0.129024,0.216512
161,traditional,0.031904,0.056320,0.138240,0.226464
162,traditional,0.031648,0.058368,0.129024,0.219040
163,traditional,0.035296,0.060416,0.143360,0.239072
164,traditional,0.032096,0.056320,0.125952,0.214368
165,traditional,0.035072,0.058368,0.124928,0.218368
166,traditional,0.032096,0.056320,0.130048,0.218464
167,traditional,0.031648,0.056320,0.124928,0.212896
168,traditional,0.031712,0.059392,0.145408,0.236512
169,traditional,0.032320,0.056320,0.129024,0.217664
170,traditional,0.032800,0.055296,0.125952,0.214048
171,traditional,0.043648,0.055296,0.129024,0.227968
172,traditional,0.032064,0.068608,0.125952,0.226624
173,traditional,0.031904,0.056320,0.125952,0.214176
174,traditional,0.033728,0.056320,0.128000,0.218048
175,traditional,0.036768,0.056320,0.125952,0.219040
176,traditional,0.032768,0.057344,0.131072,0.221184
177,traditional,0.032416,0.056320,0.126976,0.215712
178,traditional,0.037824,0.057344,0.126976,0.222144
179,traditional,0.045440,0.057344,0.130048,0.232832
180,traditional,0.036896,0.057344,0.125952,0.220192
181,traditional,0.032224,0.057344,0.129024,0.218592
182,traditional,0.032544,0.067584,0.125952,0.226080
183,traditional,0.039072,0.057344,0.130048,0.226464
184,traditional,0.036896,0.058368,0.140288,0.235552
185,traditional,0.032288,0.056320,0.125952,0.214560
186,traditional,0.042112,0.059392,0.126976,0.228480
187,traditional,0.042848,0.060416,0.125952,0.229216
188,traditional,0.031616,0.058368,0.125952,0.215936
189,traditional,0.035296,0.057344,0.125952,0.218592
190,traditional,0.033120,0.057344,0.125952,0.216416
191,traditional,0.039936,0.056320,0.135168,0.231424
192,traditional,0.031936,0.056320,0.125952,0.214208
193,traditional,0.032224,0.062464,0.126976,0.221664
194,traditional,0.033216,0.057344,0.128000,0.218560
195,traditional,0.032672,0.057344,0.128000,0.218016
196,traditional,0.033152,0.058368,0.125952,0.217472
197,traditional,0.045280,0.056320,0.147456,0.249056
198,traditional,0.044352,0.056320,0.125952,0.226624
199,traditional,0.034368,0.068608,0.125952,0.228928
200,traditional,0.032096,0.056320,0.126976,0.215392
201,traditional,0.038304,0.061440,0.143360,0.243104
202,traditional,0.033152,0.057344,0.126976,0.217472
203,traditional,0.040960,0.058368,0.145408,0.244736
204,traditional,0.031680,0.056320,0.139264,0.227264
205,traditional,0.032128,0.060416,0.130048,0.222592
206,traditional,0.033888,0.057344,0.126976,0.218208
207,traditional,0.044512,0.059392,0.140288,0.244192
208,traditional,0.043232,0.055296,0.124928,0.223456
209,traditional,0.047904,0.057344,0.142336,0.247584
210,traditional,0.032032,0.055296,0.124928,0.212256
211,traditional,0.056288,0.056320,0.132096,0.244704
212,traditional,0.036000,0.080896,0.123904,0.240800
213,traditional,0.031456,0.056320,0.128000,0.215776
214,traditional,0.030112,0.057344,0.135168,0.222624
215,traditional,0.032768,0.055296,0.124928,0.212992
216,traditional,0.032480,0.064512,0.138240,0.235232
217,traditional,0.035968,0.055296,0.124928,0.216192
218,traditional,0.045056,0.067584,0.141312,0.253952
219,traditional,0.032032,0.059392,0.124928,0.216352
220,traditional,0.035584,0.059392,0.132096,0.227072
221,traditional,0.035840,0.056320,0.124928,0.217088
222,traditional,0.032384,0.057344,0.144384,0.234112
223,traditional,0.032352,0.059392,0.135168,0.226912
224,traditional,0.036864,0.062464,0.148480,0.247808
225,traditional,0.035360,0.055296,0.123904,0.214560
226,traditional,0.043232,0.059392,0.130048,0.232672
227,traditional,0.032576,0.062464,0.123904,0.218944
228,traditional,0.031616,0.055296,0.123904,0.210816
229,traditional,0.035968,0.055296,0.124928,0.216192
230,traditional,0.036288,0.062464,0.156672,0.255424
231,traditional,0.033952,0.056320,0.124928,0.215200
232,traditional,0.037376,0.057344,0.154624,0.249344
233,traditional,0.031456,0.057344,0.123904,0.212704
234,traditional,0.032160,0.058368,0.123904,0.214432
235,traditional,0.031232,0.062464,0.128000,0.221696
236,traditional,0.032448,0.056320,0.137216,0.225984
237,traditional,0.044640,0.055296,0.125952,0.225888
238,traditional,0.036192,0.058368,0.128000,0.222560
239,traditional,0.035840,0.059392,0.124928,0.220160
240,traditional,0.036704,0.055296,0.124928,0.216928
241,traditional,0.042400,0.057344,0.132096,0.231840
242,traditional,0.035936,0.056320,0.123904,0.216160
243,traditional,0.036000,0.056320,0.124928,0.217248
244,traditional,0.031904,0.056320,0.123904,0.212128
245,traditional,0.032480,0.056320,0.124928,0.213728
246,traditional,0.031968,0.056320,0.123904,0.212192
247,traditional,0.034080,0.065536,0.124928,0.224544
248,traditional,0.031840,0.058368,0.140288,0.230496
249,traditional,0.037920,0.058368,0.124928,0.221216
250,traditional,0.044032,0.054272,0.124928,0.223232
251,traditional,0.033824,0.054272,0.124928,0.213024
252,traditional,0.031232,0.059392,0.123904,0.214528
253,traditional,0.031488,0.055296,0.137216,0.224000
254,traditional,0.042080,0.055296,0.134144,0.231520
255,traditional,0.044448,0.054272,0.124928,0.223648
256,traditional,0.057504,0.057344,0.124928,0.239776
257,traditional,0.041632,0.055296,0.123904,0.220832
258,traditional,0.034976,0.064512,0.131072,0.230560
259,traditional,0.044352,0.056320,0.123904,0.224576
260,traditional,0.032960,0.059392,0.126976,0.219328
261,traditional,0.032832,0.056320,0.124928,0.214080
262,traditional,0.033088,0.058368,0.129024,0.220480
263,traditional,0.031520,0.069632,0.124928,0.226080
264,traditional,0.031872,0.057344,0.123904,0.213120
265,traditional,0.032192,0.065536,0.124928,0.222656
266,traditional,0.038336,0.056320,0.128000,0.222656
267,traditional,0.034752,0.057344,0.123904,0.216000
268,traditional,0.043680,0.056320,0.123904,0.223904
269,traditional,0.034624,0.055296,0.123904,0.213824
270,traditional,0.031680,0.061440,0.123904,0.217024
271,traditional,0.031936,0.054272,0.124928,0.211136
272,traditional,0.036160,0.056320,0.144384,0.236864
273,traditional,0.032640,0.054272,0.136192,0.223104
274,traditional,0.031648,0.056320,0.123904,0.211872
275,traditional,0.031328,0.054272,0.131072,0.216672
276,traditional,0.032864,0.057344,0.123904,0.214112
277,traditional,0.043552,0.055296,0.123904,0.222752
278,traditional,0.036064,0.057344,0.123904,0.217312
279,traditional,0.031680,0.055296,0.126976,0.213952
280,traditional,0.043232,0.056320,0.126976,0.226528
281,traditional,0.032416,0.055296,0.123904,0.211616
282,traditional,0.035232,0.059392,0.123904,0.218528
283,traditional,0.034432,0.056320,0.130048,0.220800
284,traditional,0.032000,0.055296,0.136192,0.223488
285,traditional,0.042688,0.056320,0.129024,0.228032
286,traditional,0.042976,0.056320,0.130048,0.229344
287,traditional,0.041344,0.056320,0.125952,0.223616
288,traditional,0.033664,0.055296,0.124928,0.213888
289,traditional,0.032544,0.055296,0.123904,0.211744
290,traditional,0.032160,0.054272,0.135168,0.221600
291,traditional,0.031456,0.057344,0.123904,0.212704
292,traditional,0.031648,0.056320,0.126976,0.214944
293,traditional,0.032384,0.061440,0.128000,0.221824
294,traditional,0.035712,0.056320,0.126976,0.219008
295,traditional,0.031872,0.055296,0.122880,0.210048
296,traditional,0.036256,0.060416,0.126976,0.223648
297,traditional,0.042144,0.058368,0.140288,0.240800
298,traditional,0.032800,0.056320,0.122880,0.212000
299,traditional,0.032416,0.054272,0.124928,0.211616
300,traditional,0.036896,0.055296,0.124928,0.217120
301,traditional,0.031616,0.055296,0.128000,0.214912
302,traditional,0.032608,0.057344,0.123904,0.213856
303,traditional,0.041472,0.056320,0.125952,0.223744
304,traditional,0.032096,0.059392,0.123904,0.215392
305,traditional,0.030624,0.059392,0.148480,0.238496
306,traditional,0.031712,0.057344,0.124928,0.213984
307,traditional,0.032320,0.055296,0.124928,0.212544
308,traditional,0.031776,0.056320,0.123904,0.212000
309,traditional,0.032000,0.055296,0.123904,0.211200
310,traditional,0.036544,0.056320,0.123904,0.216768
311,traditional,0.032512,0.055296,0.136192,0.224000
312,traditional,0.031712,0.055296,0.136192,0.223200
313,traditional,0.031968,0.056320,0.140288,0.228576
314,traditional,0.031392,0.055296,0.136192,0.222880
315,traditional,0.032320,0.056320,0.125952,0.214592
316,traditional,0.033568,0.054272,0.128000,0.215840
317,traditional,0.030496,0.067584,0.137216,0.235296
318,traditional,0.037120,0.060416,0.130048,0.227584
319,traditional,0.032128,0.055296,0.124928,0.212352
320,traditional,0.031840,0.078848,0.131072,0.241760
321,traditional,0.032096,0.055296,0.124928,0.212320
322,traditional,0.032224,0.056320,0.123904,0.212448
323,traditional,0.031456,0.056320,0.124928,0.212704
324,traditional,0.032032,0.056320,0.131072,0.219424
325,traditional,0.044544,0.056320,0.123904,0.224768
326,traditional,0.032192,0.055296,0.126976,0.214464
327,traditional,0.031872,0.054272,0.125952,0.212096
328,traditional,0.032736,0.063488,0.129024,0.225248
329,traditional,0.031776,0.056320,0.131072,0.219168
330,traditional,0.032640,0.057344,0.131072,0.221056
331,traditional,0.032896,0.056320,0.128000,0.217216
332,traditional,0.031744,0.061440,0.126976,0.220160
333,traditional,0.035072,0.056320,0.123904,0.215296
334,traditional,0.031104,0.056320,0.136192,0.223616
335,traditional,0.044192,0.062464,0.123904,0.230560
336,traditional,0.031872,0.055296,0.129024,0.216192
337,traditional,0.035392,0.055296,0.123904,0.214592
338,traditional,0.030208,0.056320,0.124928,0.211456
339,traditional,0.031712,0.064512,0.128000,0.224224
340,traditional,0.036288,0.062464,0.147456,0.246208
341,traditional,0.033152,0.057344,0.129024,0.219520
342,traditional,0.040192,0.055296,0.136192,0.231680
343,traditional,0.031520,0.071680,0.132096,0.235296
344,traditional,0.043712,0.058368,0.124928,0.227008
345,traditional,0.031520,0.055296,0.124928,0.211744
346,traditional,0.033184,0.060416,0.128000,0.221600
347,traditional,0.032800,0.056320,0.126976,0.216096
348,traditional,0.033248,0.056320,0.123904,0.213472
349,traditional,0.040192,0.058368,0.141312,0.239872
350,traditional,0.031648,0.055296,0.123904,0.210848
351,traditional,0.047648,0.057344,0.129024,0.234016
352,traditional,0.032128,0.057344,0.123904,0.213376
353,traditional,0.031808,0.055296,0.131072,0.218176
354,traditional,0.035808,0.056320,0.128000,0.220128
355,traditional,0.031712,0.056320,0.123904,0.211936
356,traditional,0.032800,0.056320,0.123904,0.213024
357,traditional,0.035872,0.064512,0.133120,0.233504
358,traditional,0.040192,0.064512,0.124928,0.229632
359,traditional,0.032096,0.054272,0.147456,0.233824
360,traditional,0.036800,0.058368,0.148480,0.243648
361,traditional,0.032288,0.055296,0.133120,0.220704
362,traditional,0.031936,0.056320,0.132096,0.220352
363,traditional,0.040864,0.057344,0.152576,0.250784
364,traditional,0.038272,0.056320,0.126976,0.221568
365,traditional,0.037248,0.056320,0.144384,0.237952
366,traditional,0.031936,0.058368,0.128000,0.218304
367,traditional,0.043744,0.056320,0.123904,0.223968
368,traditional,0.032288,0.056320,0.124928,0.213536
369,traditional,0.032320,0.067584,0.123904,0.223808
370,traditional,0.032544,0.058368,0.128000,0.218912
371,traditional,0.032320,0.056320,0.123904,0.212544
372,traditional,0.058720,0.055296,0.123904,0.237920
373,traditional,0.032736,0.055296,0.123904,0.211936
374,traditional,0.031264,0.056320,0.129024,0.216608
375,traditional,0.032704,0.055296,0.135168,0.223168
376,traditional,0.035936,0.058368,0.123904,0.218208
377,traditional,0.054336,0.058368,0.123904,0.236608
378,traditional,0.032192,0.056320,0.124928,0.213440
379,traditional,0.032832,0.062464,0.129024,0.224320
380,traditional,0.033120,0.054272,0.124928,0.212320
381,traditional,0.031616,0.058368,0.124928,0.214912
382,traditional,0.032512,0.055296,0.126976,0.214784
383,traditional,0.031680,0.064512,0.123904,0.220096
384,traditional,0.032032,0.055296,0.150528,0.237856
385,traditional,0.034432,0.056320,0.124928,0.215680
386,traditional,0.031168,0.056320,0.124928,0.212416
387,traditional,0.032864,0.055296,0.123904,0.212064
388,traditional,0.034464,0.056320,0.124928,0.215712
389,traditional,0.035168,0.055296,0.124928,0.215392
390,traditional,0.035872,0.056320,0.123904,0.216096
391,traditional,0.044544,0.077824,0.143360,0.265728
392,traditional,0.031872,0.061440,0.123904,0.217216
393,traditional,0.033696,0.056320,0.123904,0.213920
394,traditional,0.032192,0.057344,0.123904,0.213440
395,traditional,0.035968,0.055296,0.124928,0.216192
396,traditional,0.031712,0.056320,0.123904,0.211936
397,traditional,0.037568,0.061440,0.124928,0.223936
398,traditional,0.035424,0.056320,0.123904,0.215648
399,traditional,0.032544,0.055296,0.124928,0.212768
400,traditional,0.031712,0.062464,0.132096,0.226272
401,traditional,0.036256,0.057344,0.128000,0.221600
402,traditional,0.033568,0.057344,0.137216,0.228128
403,traditional,0.032416,0.057344,0.128000,0.217760
404,traditional,0.031392,0.057344,0.123904,0.212640
405,traditional,0.032448,0.055296,0.123904,0.211648
406,traditional,0.035296,0.055296,0.123904,0.214496
407,traditional,0.040608,0.055296,0.132096,0.228000
408,traditional,0.032896,0.056320,0.137216,0.226432
409,traditional,0.032288,0.059392,0.123904,0.215584
410,traditional,0.032544,0.060416,0.123904,0.216864
411,traditional,0.031520,0.057344,0.123904,0.212768
412,traditional,0.032064,0.069632,0.123904,0.225600
413,traditional,0.035680,0.058368,0.128000,0.222048
414,traditional,0.033056,0.064512,0.123904,0.221472
415,traditional,0.031616,0.059392,0.128000,0.219008
416,traditional,0.035872,0.055296,0.123904,0.215072
417,traditional,0.031808,0.058368,0.138240,0.228416
418,traditional,0.031712,0.055296,0.137216,0.224224
419,traditional,0.034720,0.056320,0.124928,0.215968
420,traditional,0.031584,0.057344,0.123904,0.212832
421,traditional,0.032672,0.055296,0.123904,0.211872
422,traditional,0.032480,0.064512,0.123904,0.220896
423,traditional,0.032096,0.055296,0.124928,0.212320
424,traditional,0.031296,0.059392,0.124928,0.215616
425,traditional,0.034208,0.059392,0.129024,0.222624
426,traditional,0.031712,0.056320,0.136192,0.224224
427,traditional,0.032448,0.056320,0.123904,0.212672
428,traditional,0.033664,0.057344,0.122880,0.213888
429,traditional,0.032224,0.060416,0.128000,0.220640
430,traditional,0.032576,0.060416,0.124928,0.217920
431,traditional,0.034528,0.055296,0.125952,0.215776
432,traditional,0.031712,0.061440,0.131072,0.224224
433,traditional,0.041056,0.057344,0.142336,0.240736
434,traditional,0.035712,0.058368,0.150528,0.244608
435,traditional,0.034656,0.056320,0.142336,0.233312
436,traditional,0.037024,0.058368,0.124928,0.220320
437,traditional,0.035616,0.056320,0.151552,0.243488
438,traditional,0.033152,0.062464,0.130048,0.225664
439,traditional,0.033376,0.055296,0.140288,0.228960
440,traditional,0.032032,0.055296,0.123904,0.211232
441,traditional,0.036064,0.059392,0.128000,0.223456
442,traditional,0.034464,0.067584,0.124928,0.226976
443,traditional,0.043072,0.059392,0.130048,0.232512
444,traditional,0.032256,0.063488,0.123904,0.219648
445,traditional,0.036096,0.056320,0.147456,0.239872
446,traditional,0.037920,0.057344,0.123904,0.219168
447,traditional,0.033216,0.058368,0.128000,0.219584
448,traditional,0.032736,0.057344,0.124928,0.215008
449,traditional,0.032576,0.057344,0.123904,0.213824
450,traditional,0.031840,0.055296,0.131072,0.218208
451,traditional,0.032256,0.060416,0.126976,0.219648
452,traditional,0.038208,0.069632,0.129024,0.236864
453,traditional,0.035616,0.056320,0.124928,0.216864
454,traditional,0.037152,0.058368,0.141312,0.236832
455,traditional,0.032608,0.059392,0.125952,0.217952
456,traditional,0.040576,0.056320,0.154624,0.251520
457,traditional,0.031712,0.055296,0.123904,0.210912
458,traditional,0.032608,0.055296,0.126976,0.214880
459,traditional,0.035840,0.059392,0.132096,0.227328
460,traditional,0.035392,0.056320,0.124928,0.216640
461,traditional,0.031840,0.059392,0.126976,0.218208
462,traditional,0.033088,0.055296,0.124928,0.213312
463,traditional,0.032320,0.056320,0.123904,0.212544
464,traditional,0.032064,0.062464,0.123904,0.218432
465,traditional,0.036512,0.059392,0.128000,0.223904
466,traditional,0.031968,0.056320,0.124928,0.213216
467,traditional,0.032896,0.058368,0.128000,0.219264
468,traditional,0.039360,0.055296,0.123904,0.218560
469,traditional,0.036864,0.056320,0.125952,0.219136
470,traditional,0.034688,0.060416,0.126976,0.222080
471,traditional,0.048224,0.057344,0.126976,0.232544
472,traditional,0.031776,0.055296,0.124928,0.212000
473,traditional,0.037280,0.058368,0.144384,0.240032
474,traditional,0.031936,0.056320,0.124928,0.213184
475,traditional,0.032768,0.056320,0.128000,0.217088
476,traditional,0.032128,0.057344,0.124928,0.214400
477,traditional,0.045856,0.060416,0.126976,0.233248
478,traditional,0.037664,0.055296,0.123904,0.216864
479,traditional,0.032256,0.058368,0.125952,0.216576
480,traditional,0.034080,0.056320,0.123904,0.214304
481,traditional,0.033760,0.056320,0.123904,0.213984
482,traditional,0.048896,0.057344,0.145408,0.251648
483,traditional,0.034304,0.060416,0.124928,0.219648
484,traditional,0.032608,0.055296,0.128000,0.215904
485,traditional,0.031296,0.056320,0.123904,0.211520
486,traditional,0.039488,0.060416,0.125952,0.225856
487,traditional,0.031360,0.055296,0.129024,0.215680
488,traditional,0.032448,0.059392,0.124928,0.216768
489,traditional,0.043136,0.056320,0.125952,0.225408
490,traditional,0.031872,0.059392,0.126976,0.218240
491,traditional,0.033280,0.059392,0.140288,0.232960
492,traditional,0.035232,0.056320,0.124928,0.216480
493,traditional,0.034944,0.066560,0.124928,0.226432
494,traditional,0.044832,0.058368,0.123904,0.227104
495,traditional,0.032128,0.057344,0.124928,0.214400
496,traditional,0.033408,0.056320,0.123904,0.213632
497,traditional,0.031168,0.057344,0.123904,0.212416
498,traditional,0.031488,0.055296,0.124928,0.211712
499,traditional,0.032576,0.079872,0.124928,0.237376
500,traditional,0.035136,0.066560,0.124928,0.226624
501,traditional,0.032704,0.055296,0.129024,0.217024
502,traditional,0.032128,0.055296,0.123904,0.211328
503,traditional,0.055584,0.056320,0.123904,0.235808
504,traditional,0.032256,0.057344,0.123904,0.213504
505,traditional,0.032192,0.056320,0.123904,0.212416
506,traditional,0.036384,0.055296,0.123904,0.215584
507,traditional,0.032352,0.056320,0.128000,0.216672
508,traditional,0.035744,0.060416,0.123904,0.220064
509,traditional,0.061440,0.059392,0.153600,0.274432
510,traditional,0.041152,0.057344,0.159744,0.258240
511,traditional,0.035872,0.062464,0.134144,0.232480
512,traditional,0.048736,0.058368,0.143360,0.250464
513,traditional,0.038016,0.057344,0.126976,0.222336
514,traditional,0.031840,0.055296,0.153600,0.240736
515,traditional,0.033120,0.054272,0.123904,0.211296
516,traditional,0.032832,0.058368,0.124928,0.216128
517,traditional,0.031712,0.055296,0.124928,0.211936
518,traditional,0.036000,0.066560,0.124928,0.227488
519,traditional,0.031552,0.056320,0.123904,0.211776
520,traditional,0.032576,0.059392,0.138240,0.230208
521,traditional,0.036992,0.055296,0.124928,0.217216
522,traditional,0.034688,0.056320,0.131072,0.222080
523,traditional,0.033440,0.056320,0.128000,0.217760
524,traditional,0.032800,0.056320,0.123904,0.213024
525,traditional,0.034080,0.072704,0.130048,0.236832
526,traditional,0.032672,0.055296,0.130048,0.218016
527,traditional,0.057408,0.057344,0.123904,0.238656
528,traditional,0.032864,0.063488,0.128000,0.224352
529,traditional,0.032000,0.056320,0.135168,0.223488
530,traditional,0.032864,0.073728,0.145408,0.252000
531,traditional,0.031392,0.055296,0.136192,0.222880
532,traditional,0.043200,0.055296,0.123904,0.222400
533,traditional,0.055456,0.055296,0.128000,0.238752
534,traditional,0.042720,0.056320,0.124928,0.223968
535,traditional,0.032960,0.059392,0.133120,0.225472
536,traditional,0.035712,0.055296,0.128000,0.219008
537,traditional,0.031360,0.063488,0.130048,0.224896
538,traditional,0.047616,0.056320,0.142336,0.246272
539,traditional,0.042368,0.057344,0.124928,0.224640
540,traditional,0.032032,0.055296,0.136192,0.223520
541,traditional,0.032544,0.066560,0.123904,0.223008
542,traditional,0.036288,0.060416,0.126976,0.223680
543,traditional,0.037344,0.059392,0.142336,0.239072
544,traditional,0.032992,0.059392,0.129024,0.221408
545,traditional,0.038336,0.057344,0.124928,0.220608
546,traditional,0.054624,0.059392,0.125952,0.239968
547,traditional,0.031712,0.057344,0.126976,0.216032
548,traditional,0.034720,0.055296,0.124928,0.214944
549,traditional,0.032704,0.071680,0.130048,0.234432
550,traditional,0.032704,0.055296,0.125952,0.213952
551,traditional,0.033088,0.055296,0.124928,0.213312
552,traditional,0.041920,0.067584,0.148480,0.257984
553,traditional,0.035072,0.055296,0.124928,0.215296
554,traditional,0.043264,0.056320,0.123904,0.223488
555,traditional,0.031840,0.055296,0.128000,0.215136
556,traditional,0.048192,0.058368,0.123904,0.230464
557,traditional,0.031616,0.057344,0.124928,0.213888
558,traditional,0.037280,0.059392,0.153600,0.250272
559,traditional,0.035680,0.059392,0.123904,0.218976
560,traditional,0.038272,0.058368,0.145408,0.242048
561,traditional,0.032288,0.057344,0.123904,0.213536
562,traditional,0.032512,0.056320,0.124928,0.213760
563,traditional,0.034272,0.056320,0.123904,0.214496
564,traditional,0.033376,0.060416,0.140288,0.234080
565,traditional,0.034784,0.055296,0.126976,0.217056
566,traditional,0.033824,0.060416,0.126976,0.221216
567,traditional,0.035104,0.059392,0.124928,0.219424
568,traditional,0.032320,0.056320,0.123904,0.212544
569,traditional,0.034848,0.065536,0.131072,0.231456
570,traditional,0.057344,0.059392,0.143360,0.260096
571,traditional,0.033376,0.059392,0.138240,0.231008
572,traditional,0.044576,0.055296,0.124928,0.224800
573,traditional,0.036608,0.058368,0.128000,0.222976
574,traditional,0.032288,0.056320,0.124928,0.213536
575,traditional,0.031424,0.058368,0.141312,0.231104
576,traditional,0.044928,0.061440,0.128000,0.234368
577,traditional,0.039744,0.068608,0.144384,0.252736
578,traditional,0.035648,0.056320,0.125952,0.217920
579,traditional,0.034752,0.059392,0.133120,0.227264
580,traditional,0.032064,0.055296,0.129024,0.216384
581,traditional,0.038240,0.058368,0.124928,0.221536
582,traditional,0.033120,0.055296,0.133120,0.221536
583,traditional,0.062976,0.070656,0.152576,0.286208
584,traditional,0.034912,0.060416,0.132096,0.227424
585,traditional,0.031936,0.059392,0.136192,0.227520
586,traditional,0.036736,0.057344,0.140288,0.234368
587,traditional,0.032832,0.058368,0.126976,0.218176
588,traditional,0.037152,0.060416,0.145408,0.242976
589,traditional,0.031456,0.065536,0.124928,0.221920
590,traditional,0.037856,0.059392,0.169984,0.267232
591,traditional,0.035136,0.057344,0.123904,0.216384
592,traditional,0.033088,0.060416,0.130048,0.223552
593,traditional,0.050688,0.057344,0.145408,0.253440
594,traditional,0.031584,0.057344,0.128000,0.216928
595,traditional,0.034976,0.057344,0.129024,0.221344
596,traditional,0.032224,0.073728,0.123904,0.229856
597,traditional,0.033440,0.059392,0.126976,0.219808
598,traditional,0.032768,0.060416,0.123904,0.217088
599,traditional,0.031776,0.060416,0.125952,0.218144
600,traditional,0.038560,0.060416,0.124928,0.223904
601,traditional,0.035360,0.055296,0.136192,0.226848
602,traditional,0.032832,0.059392,0.138240,0.230464
603,traditional,0.047520,0.067584,0.134144,0.249248
604,traditional,0.040640,0.057344,0.124928,0.222912
605,traditional,0.036704,0.055296,0.156672,0.248672
606,traditional,0.032192,0.057344,0.126976,0.216512
607,traditional,0.032608,0.058368,0.131072,0.222048
608,traditional,0.033856,0.059392,0.124928,0.218176
609,traditional,0.032608,0.058368,0.135168,0.226144
610,traditional,0.036928,0.064512,0.134144,0.235584
611,traditional,0.031296,0.057344,0.129024,0.217664
612,traditional,0.035520,0.056320,0.123904,0.215744
613,traditional,0.038848,0.060416,0.143360,0.242624
614,traditional,0.036832,0.061440,0.123904,0.222176
615,traditional,0.036192,0.057344,0.152576,0.246112
616,traditional,0.031680,0.055296,0.124928,0.211904
617,traditional,0.040896,0.057344,0.165888,0.264128
618,traditional,0.032416,0.058368,0.124928,0.215712
619,traditional,0.031552,0.056320,0.123904,0.211776
620,traditional,0.034016,0.055296,0.124928,0.214240
621,traditional,0.033280,0.063488,0.128000,0.224768
622,traditional,0.048352,0.057344,0.145408,0.251104
623,traditional,0.031008,0.062464,0.131072,0.224544
624,traditional,0.036352,0.057344,0.133120,0.226816
625,traditional,0.032320,0.055296,0.124928,0.212544
626,traditional,0.048960,0.059392,0.123904,0.232256
627,traditional,0.031776,0.057344,0.131072,0.220192
628,traditional,0.033120,0.060416,0.124928,0.218464
629,traditional,0.032672,0.056320,0.123904,0.212896
630,traditional,0.032416,0.056320,0.128000,0.216736
631,traditional,0.035904,0.056320,0.124928,0.217152
632,traditional,0.032768,0.055296,0.124928,0.212992
633,traditional,0.036992,0.056320,0.124928,0.218240
634,traditional,0.030784,0.061440,0.138240,0.230464
635,traditional,0.042688,0.056320,0.130048,0.229056
636,traditional,0.031648,0.061440,0.123904,0.216992
637,traditional,0.043456,0.055296,0.124928,0.223680
638,traditional,0.040576,0.056320,0.123904,0.220800
639,traditional,0.031552,0.056320,0.124928,0.212800
640,traditional,0.037344,0.056320,0.124928,0.218592
641,traditional,0.031552,0.057344,0.128000,0.216896
642,traditional,0.032160,0.061440,0.128000,0.221600
643,traditional,0.036224,0.057344,0.141312,0.234880
644,traditional,0.044192,0.068608,0.123904,0.236704
645,traditional,0.045312,0.066560,0.147456,0.259328
646,traditional,0.040096,0.057344,0.141312,0.238752
647,traditional,0.038592,0.061440,0.158720,0.258752
648,traditional,0.034624,0.056320,0.124928,0.215872
649,traditional,0.043712,0.056320,0.123904,0.223936
650,traditional,0.031264,0.068608,0.128000,0.227872
651,traditional,0.031424,0.056320,0.128000,0.215744
652,traditional,0.031040,0.056320,0.140288,0.227648
653,traditional,0.032640,0.065536,0.124928,0.223104
654,traditional,0.038240,0.065536,0.123904,0.227680
655,traditional,0.031808,0.059392,0.126976,0.218176
656,traditional,0.030752,0.056320,0.130048,0.217120
657,traditional,0.032576,0.062464,0.124928,0.219968
658,traditional,0.032832,0.066560,0.124928,0.224320
659,traditional,0.034944,0.056320,0.123904,0.215168
660,traditional,0.032576,0.055296,0.124928,0.212800
661,traditional,0.040768,0.056320,0.141312,0.238400
662,traditional,0.031680,0.056320,0.131072,0.219072
663,traditional,0.031872,0.056320,0.149504,0.237696
664,traditional,0.031392,0.055296,0.123904,0.210592
665,traditional,0.048352,0.067584,0.143360,0.259296
666,traditional,0.043808,0.055296,0.124928,0.224032
667,traditional,0.037280,0.055296,0.143360,0.235936
668,traditional,0.032864,0.056320,0.123904,0.213088
669,traditional,0.044416,0.055296,0.123904,0.223616
670,traditional,0.033024,0.056320,0.123904,0.213248
671,traditional,0.033024,0.060416,0.129024,0.222464
672,traditional,0.044480,0.058368,0.124928,0.227776
673,traditional,0.035936,0.066560,0.125952,0.228448
674,traditional,0.038720,0.066560,0.137216,0.242496
675,traditional,0.031968,0.056320,0.140288,0.228576
676,traditional,0.049408,0.059392,0.143360,0.252160
677,traditional,0.030752,0.056320,0.137216,0.224288
678,traditional,0.045888,0.060416,0.144384,0.250688
679,traditional,0.032736,0.055296,0.124928,0.212960
680,traditional,0.032192,0.062464,0.124928,0.219584
681,traditional,0.043840,0.055296,0.124928,0.224064
682,traditional,0.036128,0.056320,0.123904,0.216352
683,traditional,0.034496,0.056320,0.123904,0.214720
684,traditional,0.033184,0.063488,0.131072,0.227744
685,traditional,0.046208,0.058368,0.124928,0.229504
686,traditional,0.031648,0.056320,0.123904,0.211872
687,traditional,0.032800,0.065536,0.123904,0.222240
688,traditional,0.030912,0.056320,0.123904,0.211136
689,traditional,0.032224,0.068608,0.132096,0.232928
690,traditional,0.033312,0.057344,0.139264,0.229920
691,traditional,0.032352,0.061440,0.124928,0.218720
692,traditional,0.031584,0.056320,0.123904,0.211808
693,traditional,0.044192,0.055296,0.131072,0.230560
694,traditional,0.037760,0.061440,0.133120,0.232320
695,traditional,0.043968,0.054272,0.129024,0.227264
696,traditional,0.032160,0.057344,0.128000,0.217504
697,traditional,0.044576,0.058368,0.123904,0.226848
698,traditional,0.031392,0.055296,0.137216,0.223904
699,traditional,0.040128,0.061440,0.144384,0.245952
700,traditional,0.043136,0.057344,0.131072,0.231552
701,traditional,0.037600,0.075776,0.152576,0.265952
702,traditional,0.033504,0.057344,0.125952,0.216800
703,traditional,0.040608,0.060416,0.142336,0.243360
704,traditional,0.032032,0.055296,0.123904,0.211232
705,traditional,0.044192,0.055296,0.124928,0.224416
706,traditional,0.032096,0.065536,0.124928,0.222560
707,traditional,0.032864,0.060416,0.131072,0.224352
708,traditional,0.035232,0.055296,0.124928,0.215456
709,traditional,0.032576,0.057344,0.125952,0.215872
710,traditional,0.035712,0.059392,0.148480,0.243584
711,traditional,0.033088,0.059392,0.136192,0.228672
712,traditional,0.047744,0.059392,0.146432,0.253568
713,traditional,0.031520,0.055296,0.124928,0.211744
714,traditional,0.037600,0.056320,0.130048,0.223968
715,traditional,0.030528,0.055296,0.124928,0.210752
716,traditional,0.036288,0.060416,0.128000,0.224704
717,traditional,0.037312,0.058368,0.142336,0.238016
718,traditional,0.035264,0.057344,0.124928,0.217536
719,traditional,0.037440,0.061440,0.149504,0.248384
720,traditional,0.035680,0.055296,0.124928,0.215904
721,traditional,0.036896,0.057344,0.142336,0.236576
722,traditional,0.032448,0.058368,0.128000,0.218816
723,traditional,0.036032,0.060416,0.128000,0.224448
724,traditional,0.032032,0.056320,0.124928,0.213280
725,traditional,0.032192,0.064512,0.129024,0.225728
726,traditional,0.040320,0.057344,0.125952,0.223616
727,traditional,0.032576,0.057344,0.123904,0.213824
728,traditional,0.039648,0.056320,0.143360,0.239328
729,traditional,0.032224,0.059392,0.129024,0.220640
730,traditional,0.041856,0.058368,0.142336,0.242560
731,traditional,0.032032,0.055296,0.124928,0.212256
732,traditional,0.039584,0.057344,0.150528,0.247456
733,traditional,0.049056,0.070656,0.140288,0.260000
734,traditional,0.032480,0.055296,0.124928,0.212704
735,traditional,0.048192,0.058368,0.152576,0.259136
736,traditional,0.043616,0.055296,0.125952,0.224864
737,traditional,0.033376,0.070656,0.125952,0.229984
738,traditional,0.033056,0.055296,0.124928,0.213280
739,traditional,0.034144,0.056320,0.124928,0.215392
740,traditional,0.031424,0.055296,0.124928,0.211648
741,traditional,0.032128,0.056320,0.132096,0.220544
742,traditional,0.032192,0.055296,0.124928,0.212416
743,traditional,0.037536,0.056320,0.123904,0.217760
744,traditional,0.042432,0.055296,0.124928,0.222656
745,traditional,0.032736,0.056320,0.123904,0.212960
746,traditional,0.032256,0.057344,0.123904,0.213504
747,traditional,0.031616,0.057344,0.124928,0.213888
748,traditional,0.032480,0.058368,0.123904,0.214752
749,traditional,0.031776,0.057344,0.123904,0.213024
750,traditional,0.032704,0.056320,0.124928,0.213952
751,traditional,0.031072,0.057344,0.123904,0.212320
752,traditional,0.032384,0.056320,0.124928,0.213632
753,traditional,0.031776,0.056320,0.124928,0.213024
754,traditional,0.032736,0.054272,0.125952,0.212960
755,traditional,0.032608,0.055296,0.134144,0.222048
756,traditional,0.035968,0.058368,0.123904,0.218240
757,traditional,0.032736,0.054272,0.124928,0.211936
758,traditional,0.056480,0.056320,0.129024,0.241824
759,traditional,0.032128,0.055296,0.124928,0.212352
760,traditional,0.033056,0.056320,0.130048,0.219424
761,traditional,0.040544,0.057344,0.144384,0.242272
762,traditional,0.031872,0.056320,0.140288,0.228480
763,traditional,0.038080,0.055296,0.124928,0.218304
764,traditional,0.037216,0.056320,0.124928,0.218464
765,traditional,0.034912,0.057344,0.123904,0.216160
766,traditional,0.045216,0.060416,0.143360,0.248992
767,traditional,0.035104,0.055296,0.124928,0.215328
768,traditional,0.032224,0.057344,0.123904,0.213472
769,traditional,0.031840,0.055296,0.124928,0.212064
770,traditional,0.047264,0.057344,0.150528,0.255136
771,traditional,0.031680,0.056320,0.125952,0.213952
772,traditional,0.032128,0.058368,0.128000,0.218496
773,traditional,0.037024,0.067584,0.156672,0.261280
774,traditional,0.032480,0.071680,0.125952,0.230112
775,traditional,0.032160,0.055296,0.124928,0.212384
776,traditional,0.031872,0.056320,0.128000,0.216192
777,traditional,0.032224,0.060416,0.128000,0.220640
778,traditional,0.036384,0.055296,0.124928,0.216608
779,traditional,0.031392,0.055296,0.124928,0.211616
780,traditional,0.032448,0.056320,0.123904,0.212672
781,traditional,0.031936,0.060416,0.134144,0.226496
782,traditional,0.039360,0.059392,0.124928,0.223680
783,traditional,0.032288,0.055296,0.124928,0.212512
784,traditional,0.040736,0.060416,0.128000,0.229152
785,traditional,0.031744,0.057344,0.154624,0.243712
786,traditional,0.056192,0.055296,0.124928,0.236416
787,traditional,0.032960,0.059392,0.126976,0.219328
788,traditional,0.044352,0.055296,0.173056,0.272704
789,traditional,0.039552,0.057344,0.146432,0.243328
790,traditional,0.031808,0.055296,0.123904,0.211008
791,traditional,0.039456,0.056320,0.145408,0.241184
792,traditional,0.035648,0.055296,0.124928,0.215872
793,traditional,0.031040,0.055296,0.128000,0.214336
794,traditional,0.032672,0.060416,0.126976,0.220064
795,traditional,0.040224,0.062464,0.137216,0.239904
796,traditional,0.039552,0.059392,0.138240,0.237184
797,traditional,0.032640,0.058368,0.129024,0.220032
798,traditional,0.040960,0.057344,0.144384,0.242688
799,traditional,0.034048,0.056320,0.136192,0.226560
800,traditional,0.033216,0.060416,0.128000,0.221632
801,traditional,0.032192,0.055296,0.134144,0.221632
802,traditional,0.034784,0.058368,0.141312,0.234464
803,traditional,0.032128,0.067584,0.132096,0.231808
804,traditional,0.032192,0.055296,0.124928,0.212416
805,traditional,0.032000,0.055296,0.124928,0.212224
806,traditional,0.037408,0.057344,0.145408,0.240160
807,traditional,0.035744,0.055296,0.124928,0.215968
808,traditional,0.041536,0.059392,0.146432,0.247360
809,traditional,0.032544,0.056320,0.124928,0.213792
810,traditional,0.039552,0.069632,0.142336,0.251520
811,traditional,0.032064,0.056320,0.123904,0.212288
812,traditional,0.032288,0.055296,0.123904,0.211488
813,traditional,0.032384,0.060416,0.125952,0.218752
814,traditional,0.032608,0.057344,0.137216,0.227168
815,traditional,0.044288,0.056320,0.124928,0.225536
816,traditional,0.031744,0.057344,0.123904,0.212992
817,traditional,0.041248,0.060416,0.164864,0.266528
818,traditional,0.042912,0.056320,0.124928,0.224160
819,traditional,0.037920,0.056320,0.125952,0.220192
820,traditional,0.040064,0.056320,0.124928,0.221312
821,traditional,0.035168,0.056320,0.129024,0.220512
822,traditional,0.031776,0.056320,0.124928,0.213024
823,traditional,0.031936,0.057344,0.124928,0.214208
824,traditional,0.030976,0.055296,0.125952,0.212224
825,traditional,0.035904,0.057344,0.124928,0.218176
826,traditional,0.030816,0.055296,0.124928,0.211040
827,traditional,0.032128,0.065536,0.144384,0.242048
828,traditional,0.032576,0.060416,0.139264,0.232256
829,traditional,0.031680,0.055296,0.124928,0.211904
830,traditional,0.036256,0.055296,0.124928,0.216480
831,traditional,0.034528,0.057344,0.123904,0.215776
832,traditional,0.032480,0.056320,0.138240,0.227040
833,traditional,0.032512,0.064512,0.129024,0.226048
834,traditional,0.042240,0.055296,0.128000,0.225536
835,traditional,0.034976,0.056320,0.128000,0.219296
836,traditional,0.046592,0.055296,0.124928,0.226816
837,traditional,0.031936,0.065536,0.125952,0.223424
838,traditional,0.033088,0.062464,0.129024,0.224576
839,traditional,0.031936,0.057344,0.124928,0.214208
840,traditional,0.032064,0.055296,0.124928,0.212288
841,traditional,0.033376,0.057344,0.123904,0.214624
842,traditional,0.038816,0.071680,0.143360,0.253856
843,traditional,0.044192,0.055296,0.125952,0.225440
844,traditional,0.037024,0.056320,0.151552,0.244896
845,traditional,0.031456,0.054272,0.124928,0.210656
846,traditional,0.033184,0.058368,0.128000,0.219552
847,traditional,0.031296,0.066560,0.124928,0.222784
848,traditional,0.061664,0.061440,0.138240,0.261344
849,traditional,0.032320,0.060416,0.124928,0.217664
850,traditional,0.043232,0.057344,0.123904,0.224480
851,traditional,0.031584,0.062464,0.124928,0.218976
852,traditional,0.032800,0.062464,0.123904,0.219168
853,traditional,0.032576,0.067584,0.144384,0.244544
854,traditional,0.046848,0.057344,0.124928,0.229120
855,traditional,0.036992,0.058368,0.142336,0.237696
856,traditional,0.035424,0.059392,0.126976,0.221792
857,traditional,0.035456,0.055296,0.125952,0.216704
858,traditional,0.037088,0.060416,0.125952,0.223456
859,traditional,0.031744,0.055296,0.129024,0.216064
860,traditional,0.032896,0.072704,0.126976,0.232576
861,traditional,0.036256,0.055296,0.124928,0.216480
862,traditional,0.032352,0.058368,0.143360,0.234080
863,traditional,0.031936,0.058368,0.137216,0.227520
864,traditional,0.037088,0.060416,0.153600,0.251104
865,traditional,0.033280,0.056320,0.124928,0.214528
866,traditional,0.031904,0.059392,0.123904,0.215200
867,traditional,0.032096,0.057344,0.126976,0.216416
868,traditional,0.034848,0.055296,0.123904,0.214048
869,traditional,0.031584,0.055296,0.124928,0.211808
870,traditional,0.038528,0.057344,0.157696,0.253568
871,traditional,0.031904,0.055296,0.123904,0.211104
872,traditional,0.032416,0.055296,0.131072,0.218784
873,traditional,0.045504,0.072704,0.145408,0.263616
874,traditional,0.031968,0.055296,0.129024,0.216288
875,traditional,0.032608,0.055296,0.147456,0.235360
876,traditional,0.034528,0.057344,0.126976,0.218848
877,traditional,0.035776,0.059392,0.126976,0.222144
878,traditional,0.037856,0.057344,0.149504,0.244704
879,traditional,0.031840,0.055296,0.124928,0.212064
880,traditional,0.031072,0.060416,0.124928,0.216416
881,traditional,0.030816,0.058368,0.126976,0.216160
882,traditional,0.034656,0.060416,0.138240,0.233312
883,traditional,0.061248,0.058368,0.143360,0.262976
884,traditional,0.043040,0.063488,0.126976,0.233504
885,traditional,0.049184,0.067584,0.145408,0.262176
886,traditional,0.031296,0.059392,0.128000,0.218688
887,traditional,0.037376,0.060416,0.146432,0.244224
888,traditional,0.032256,0.058368,0.128000,0.218624
889,traditional,0.036992,0.068608,0.146432,0.252032
890,traditional,0.033408,0.058368,0.125952,0.217728
891,traditional,0.037696,0.056320,0.142336,0.236352
892,traditional,0.036416,0.058368,0.124928,0.219712
893,traditional,0.035808,0.060416,0.131072,0.227296
894,traditional,0.032640,0.056320,0.137216,0.226176
895,traditional,0.045312,0.057344,0.131072,0.233728
896,traditional,0.034784,0.056320,0.126976,0.218080
897,traditional,0.031712,0.055296,0.140288,0.227296
898,traditional,0.049408,0.062464,0.144384,0.256256
899,traditional,0.045088,0.056320,0.124928,0.226336
900,traditional,0.031552,0.056320,0.126976,0.214848
901,traditional,0.031264,0.054272,0.124928,0.210464
902,traditional,0.033280,0.058368,0.134144,0.225792
903,traditional,0.049632,0.058368,0.146432,0.254432
904,traditional,0.032608,0.055296,0.123904,0.211808
905,traditional,0.036704,0.057344,0.142336,0.236384
906,traditional,0.046112,0.055296,0.135168,0.236576
907,traditional,0.040288,0.058368,0.140288,0.238944
908,traditional,0.031744,0.067584,0.123904,0.223232
909,traditional,0.044352,0.060416,0.152576,0.257344
910,traditional,0.054720,0.061440,0.124928,0.241088
911,traditional,0.042144,0.059392,0.153600,0.255136
912,traditional,0.032192,0.056320,0.123904,0.212416
913,traditional,0.044096,0.060416,0.128000,0.232512
914,traditional,0.047232,0.057344,0.143360,0.247936
915,traditional,0.042944,0.056320,0.132096,0.231360
916,traditional,0.040352,0.058368,0.124928,0.223648
917,traditional,0.031424,0.059392,0.129024,0.219840
918,traditional,0.037728,0.060416,0.143360,0.241504
919,traditional,0.032256,0.056320,0.123904,0.212480
920,traditional,0.036224,0.057344,0.156672,0.250240
921,traditional,0.040672,0.056320,0.124928,0.221920
922,traditional,0.033088,0.060416,0.141312,0.234816
923,traditional,0.037728,0.055296,0.133120,0.226144
924,traditional,0.048768,0.057344,0.144384,0.250496
925,traditional,0.031456,0.055296,0.124928,0.211680
926,traditional,0.032608,0.056320,0.123904,0.212832
927,traditional,0.037952,0.057344,0.141312,0.236608
928,traditional,0.032416,0.057344,0.124928,0.214688
929,traditional,0.032512,0.062464,0.144384,0.239360
930,traditional,0.040192,0.055296,0.128000,0.223488
931,traditional,0.034976,0.055296,0.123904,0.214176
932,traditional,0.042752,0.056320,0.124928,0.224000
933,traditional,0.032128,0.055296,0.124928,0.212352
934,traditional,0.031200,0.065536,0.125952,0.222688
935,traditional,0.035584,0.059392,0.124928,0.219904
936,traditional,0.031808,0.055296,0.124928,0.212032
937,traditional,0.031840,0.064512,0.126976,0.223328
938,traditional,0.032032,0.055296,0.126976,0.214304
939,traditional,0.031456,0.056320,0.123904,0.211680
940,traditional,0.037536,0.055296,0.128000,0.220832
941,traditional,0.043136,0.055296,0.124928,0.223360
942,traditional,0.043520,0.064512,0.124928,0.232960
943,traditional,0.031552,0.067584,0.129024,0.228160
944,traditional,0.032352,0.055296,0.154624,0.242272
945,traditional,0.031040,0.069632,0.125952,0.226624
946,traditional,0.032032,0.066560,0.140288,0.238880
947,traditional,0.043488,0.056320,0.124928,0.224736
948,traditional,0.031552,0.056320,0.128000,0.215872
949,traditional,0.032032,0.056320,0.123904,0.212256
950,traditional,0.031968,0.061440,0.126976,0.220384
951,traditional,0.037504,0.061440,0.154624,0.253568
952,traditional,0.031872,0.056320,0.124928,0.213120
953,traditional,0.043968,0.055296,0.126976,0.226240
954,traditional,0.035872,0.057344,0.142336,0.235552
955,traditional,0.030784,0.056320,0.136192,0.223296
956,traditional,0.031712,0.068608,0.126976,0.227296
957,traditional,0.041760,0.055296,0.128000,0.225056
958,traditional,0.032512,0.059392,0.136192,0.228096
959,traditional,0.032096,0.055296,0.153600,0.240992
960,traditional,0.033376,0.056320,0.136192,0.225888
961,traditional,0.035264,0.066560,0.137216,0.239040
962,traditional,0.045568,0.063488,0.124928,0.233984
963,traditional,0.032192,0.062464,0.124928,0.219584
964,traditional,0.060128,0.057344,0.124928,0.242400
965,traditional,0.041504,0.055296,0.131072,0.227872
966,traditional,0.044000,0.057344,0.123904,0.225248
967,traditional,0.036128,0.058368,0.125952,0.220448
968,traditional,0.033824,0.055296,0.124928,0.214048
969,traditional,0.032032,0.054272,0.124928,0.211232
970,traditional,0.031072,0.058368,0.122880,0.212320
971,traditional,0.031968,0.055296,0.124928,0.212192
972,traditional,0.031776,0.057344,0.124928,0.214048
973,traditional,0.031744,0.058368,0.128000,0.218112
974,traditional,0.034176,0.055296,0.124928,0.214400
975,traditional,0.042336,0.054272,0.123904,0.220512
976,traditional,0.038368,0.060416,0.147456,0.246240
977,traditional,0.031296,0.055296,0.123904,0.210496
978,traditional,0.044288,0.055296,0.124928,0.224512
979,traditional,0.036736,0.058368,0.154624,0.249728
980,traditional,0.031104,0.055296,0.137216,0.223616
981,traditional,0.041280,0.061440,0.144384,0.247104
982,traditional,0.034976,0.056320,0.123904,0.215200
983,traditional,0.030496,0.055296,0.129024,0.214816
984,traditional,0.044448,0.060416,0.126976,0.231840
985,traditional,0.036928,0.059392,0.125952,0.222272
986,traditional,0.032224,0.056320,0.124928,0.213472
987,traditional,0.031392,0.055296,0.124928,0.211616
988,traditional,0.040032,0.060416,0.143360,0.243808
989,traditional,0.037024,0.061440,0.139264,0.237728
990,traditional,0.032064,0.061440,0.133120,0.226624
991,traditional,0.049856,0.057344,0.142336,0.249536
992,traditional,0.035456,0.062464,0.128000,0.225920
993,traditional,0.032416,0.055296,0.156672,0.244384
994,traditional,0.044224,0.056320,0.124928,0.225472
995,traditional,0.044992,0.059392,0.128000,0.232384
996,traditional,0.033280,0.055296,0.132096,0.220672
997,traditional,0.031136,0.056320,0.123904,0.211360
998,traditional,0.036160,0.060416,0.126976,0.223552
999,traditional,0.037696,0.056320,0.125952,0.219968
1000,traditional,0.031488,0.055296,0.124928,0.211712
1001,traditional,0.035872,0.059392,0.126976,0.222240
1002,traditional,0.040864,0.058368,0.153600,0.252832
1003,traditional,0.034368,0.055296,0.123904,0.213568
1004,traditional,0.036544,0.055296,0.124928,0.216768
1005,traditional,0.040416,0.064512,0.167936,0.272864
1006,traditional,0.041120,0.057344,0.141312,0.239776
1007,traditional,0.044448,0.057344,0.123904,0.225696
1008,traditional,0.036768,0.056320,0.143360,0.236448
1009,traditional,0.037120,0.056320,0.126976,0.220416
1010,traditional,0.032800,0.057344,0.124928,0.215072
1011,traditional,0.034912,0.055296,0.137216,0.227424
1012,traditional,0.035328,0.060416,0.131072,0.226816
1013,traditional,0.058528,0.069632,0.155648,0.283808
1014,traditional,0.043744,0.058368,0.130048,0.232160
1015,traditional,0.037024,0.056320,0.158720,0.252064
1016,traditional,0.032224,0.059392,0.150528,0.242144
1017,traditional,0.033088,0.060416,0.130048,0.223552
1018,traditional,0.039328,0.059392,0.153600,0.252320
1019,traditional,0.031616,0.055296,0.129024,0.215936
1020,traditional,0.034304,0.057344,0.123904,0.215552
1021,traditional,0.034912,0.057344,0.138240,0.230496
1022,traditional,0.036992,0.059392,0.126976,0.223360
1023,traditional,0.031936,0.056320,0.124928,0.213184
1024,traditional,0.035520,0.062464,0.148480,0.246464
1025,traditional,0.033184,0.059392,0.128000,0.220576
1026,traditional,0.049280,0.057344,0.165888,0.272512
1027,traditional,0.032608,0.055296,0.125952,0.213856
1028,traditional,0.038528,0.058368,0.124928,0.221824
1029,traditional,0.030816,0.057344,0.123904,0.212064
1030,traditional,0.032928,0.070656,0.126976,0.230560
1031,traditional,0.036032,0.055296,0.123904,0.215232
1032,traditional,0.037152,0.057344,0.141312,0.235808
1033,traditional,0.034560,0.058368,0.124928,0.217856
1034,traditional,0.034784,0.065536,0.123904,0.224224
1035,traditional,0.030176,0.059392,0.136192,0.225760
1036,traditional,0.033056,0.060416,0.128000,0.221472
1037,traditional,0.040320,0.060416,0.143360,0.244096
1038,traditional,0.036192,0.058368,0.126976,0.221536
1039,traditional,0.037568,0.056320,0.144384,0.238272
1040,traditional,0.031648,0.057344,0.124928,0.213920
1041,traditional,0.034464,0.067584,0.124928,0.226976
1042,traditional,0.038208,0.062464,0.145408,0.246080
1043,traditional,0.041152,0.059392,0.153600,0.254144
1044,traditional,0.036128,0.059392,0.124928,0.220448
1045,traditional,0.032896,0.055296,0.129024,0.217216
1046,traditional,0.039552,0.054272,0.124928,0.218752
1047,traditional,0.035904,0.058368,0.125952,0.220224
1048,traditional,0.036320,0.055296,0.124928,0.216544
1049,traditional,0.032032,0.055296,0.126976,0.214304
1050,traditional,0.031552,0.068608,0.126976,0.227136
1051,traditional,0.034752,0.056320,0.123904,0.214976
1052,traditional,0.031936,0.058368,0.137216,0.227520
1053,traditional,0.031808,0.060416,0.141312,0.233536
1054,traditional,0.044832,0.055296,0.124928,0.225056
1055,traditional,0.031872,0.058368,0.134144,0.224384
1056,traditional,0.036896,0.062464,0.144384,0.243744
1057,traditional,0.032096,0.057344,0.128000,0.217440
1058,traditional,0.042368,0.056320,0.124928,0.223616
1059,traditional,0.041376,0.061440,0.149504,0.252320
1060,traditional,0.035744,0.055296,0.125952,0.216992
1061,traditional,0.061280,0.061440,0.154624,0.277344
1062,traditional,0.045504,0.056320,0.123904,0.225728
1063,traditional,0.031776,0.056320,0.134144,0.222240
1064,traditional,0.040896,0.057344,0.123904,0.222144
1065,traditional,0.050368,0.062464,0.148480,0.261312
1066,traditional,0.032384,0.056320,0.124928,0.213632
1067,traditional,0.039424,0.057344,0.148480,0.245248
1068,traditional,0.031488,0.055296,0.124928,0.211712
1069,traditional,0.036256,0.062464,0.134144,0.232864
1070,traditional,0.031904,0.065536,0.128000,0.225440
1071,traditional,0.031744,0.059392,0.124928,0.216064
1072,traditional,0.031616,0.056320,0.126976,0.214912
1073,traditional,0.030912,0.058368,0.124928,0.214208
1074,traditional,0.037632,0.065536,0.156672,0.259840
1075,traditional,0.035584,0.057344,0.123904,0.216832
1076,traditional,0.045888,0.057344,0.123904,0.227136
1077,traditional,0.032384,0.056320,0.123904,0.212608
1078,traditional,0.040192,0.061440,0.129024,0.230656
1079,traditional,0.036160,0.067584,0.143360,0.247104
1080,traditional,0.032032,0.058368,0.123904,0.214304
1081,traditional,0.032096,0.055296,0.129024,0.216416
1082,traditional,0.037056,0.057344,0.145408,0.239808
1083,traditional,0.032128,0.055296,0.124928,0.212352
1084,traditional,0.033728,0.057344,0.129024,0.220096
1085,traditional,0.037792,0.056320,0.123904,0.218016
1086,traditional,0.037664,0.058368,0.141312,0.237344
1087,traditional,0.032608,0.059392,0.131072,0.223072
1088,traditional,0.034944,0.058368,0.136192,0.229504
1089,traditional,0.031680,0.055296,0.136192,0.223168
1090,traditional,0.031328,0.056320,0.123904,0.211552
1091,traditional,0.044480,0.061440,0.144384,0.250304
1092,traditional,0.042816,0.066560,0.142336,0.251712
1093,traditional,0.032544,0.061440,0.124928,0.218912
1094,traditional,0.033696,0.058368,0.163840,0.255904
1095,traditional,0.031200,0.057344,0.125952,0.214496
1096,traditional,0.045216,0.060416,0.143360,0.248992
1097,traditional,0.031680,0.055296,0.146432,0.233408
1098,traditional,0.032832,0.057344,0.129024,0.219200
1099,traditional,0.033664,0.056320,0.124928,0.214912
1100,traditional,0.035680,0.056320,0.124928,0.216928
1101,traditional,0.032544,0.057344,0.129024,0.218912
1102,traditional,0.033888,0.056320,0.123904,0.214112
1103,traditional,0.031712,0.055296,0.124928,0.211936
1104,traditional,0.033536,0.061440,0.130048,0.225024
1105,traditional,0.032224,0.057344,0.126976,0.216544
1106,traditional,0.044992,0.078848,0.154624,0.278464
1107,traditional,0.031488,0.055296,0.140288,0.227072
1108,traditional,0.032160,0.057344,0.131072,0.220576
1109,traditional,0.043456,0.055296,0.124928,0.223680
1110,traditional,0.031424,0.056320,0.134144,0.221888
1111,traditional,0.033504,0.060416,0.129024,0.222944
1112,traditional,0.061088,0.058368,0.148480,0.267936
1113,traditional,0.056512,0.062464,0.125952,0.244928
1114,traditional,0.041632,0.070656,0.146432,0.258720
1115,traditional,0.031456,0.055296,0.124928,0.211680
1116,traditional,0.037760,0.062464,0.133120,0.233344
1117,traditional,0.032800,0.061440,0.125952,0.220192
1118,traditional,0.040896,0.058368,0.143360,0.242624
1119,traditional,0.032032,0.061440,0.124928,0.218400
1120,traditional,0.032992,0.071680,0.131072,0.235744
1121,traditional,0.032512,0.057344,0.124928,0.214784
1122,traditional,0.035808,0.060416,0.152576,0.248800
1123,traditional,0.044320,0.062464,0.143360,0.250144
1124,traditional,0.035840,0.055296,0.124928,0.216064
1125,traditional,0.037216,0.059392,0.129024,0.225632
1126,traditional,0.036480,0.062464,0.137216,0.236160
1127,traditional,0.039712,0.056320,0.133120,0.229152
1128,traditional,0.042176,0.060416,0.141312,0.243904
1129,traditional,0.042880,0.066560,0.125952,0.235392
1130,traditional,0.044864,0.056320,0.125952,0.227136
1131,traditional,0.036384,0.056320,0.140288,0.232992
1132,traditional,0.044544,0.061440,0.124928,0.230912
1133,traditional,0.035424,0.064512,0.128000,0.227936
1134,traditional,0.032032,0.055296,0.123904,0.211232
1135,traditional,0.031904,0.055296,0.129024,0.216224
1136,traditional,0.034624,0.056320,0.124928,0.215872
1137,traditional,0.032288,0.058368,0.125952,0.216608
1138,traditional,0.047520,0.064512,0.151552,0.263584
1139,traditional,0.033440,0.056320,0.123904,0.213664
1140,traditional,0.045312,0.060416,0.128000,0.233728
1141,traditional,0.045440,0.055296,0.144384,0.245120
1142,traditional,0.032480,0.058368,0.126976,0.217824
1143,traditional,0.036832,0.057344,0.128000,0.222176
1144,traditional,0.044320,0.068608,0.130048,0.242976
1145,traditional,0.037120,0.059392,0.158720,0.255232
1146,traditional,0.030688,0.055296,0.125952,0.211936
1147,traditional,0.034208,0.072704,0.128000,0.234912
1148,traditional,0.048864,0.057344,0.143360,0.249568
1149,traditional,0.045856,0.055296,0.125952,0.227104
1150,traditional,0.032416,0.055296,0.123904,0.211616
1151,traditional,0.036576,0.058368,0.125952,0.220896
1152,traditional,0.032864,0.056320,0.124928,0.214112
1153,traditional,0.032256,0.056320,0.124928,0.213504
1154,traditional,0.034368,0.056320,0.123904,0.214592
1155,traditional,0.036896,0.060416,0.158720,0.256032
1156,traditional,0.031808,0.056320,0.131072,0.219200
1157,traditional,0.037152,0.067584,0.145408,0.250144
1158,traditional,0.041440,0.059392,0.124928,0.225760
1159,traditional,0.032480,0.056320,0.158720,0.247520
1160,traditional,0.033216,0.064512,0.123904,0.221632
1161,traditional,0.030720,0.063488,0.125952,0.220160
1162,traditional,0.035200,0.056320,0.123904,0.215424
1163,traditional,0.031520,0.067584,0.146432,0.245536
1164,traditional,0.035424,0.056320,0.128000,0.219744
1165,traditional,0.031424,0.055296,0.132096,0.218816
1166,traditional,0.031456,0.056320,0.128000,0.215776
1167,traditional,0.036256,0.059392,0.144384,0.240032
1168,traditional,0.032736,0.061440,0.126976,0.221152
1169,traditional,0.032096,0.057344,0.123904,0.213344
1170,traditional,0.031520,0.056320,0.125952,0.213792
1171,traditional,0.037056,0.069632,0.137216,0.243904
1172,traditional,0.036128,0.055296,0.124928,0.216352
1173,traditional,0.031072,0.077824,0.142336,0.251232
1174,traditional,0.046112,0.059392,0.131072,0.236576
1175,traditional,0.037696,0.056320,0.142336,0.236352
1176,traditional,0.040640,0.058368,0.141312,0.240320
1177,traditional,0.031968,0.063488,0.123904,0.219360
1178,traditional,0.044384,0.056320,0.123904,0.224608
1179,traditional,0.035104,0.069632,0.124928,0.229664
1180,traditional,0.036576,0.055296,0.137216,0.229088
1181,traditional,0.034784,0.065536,0.130048,0.230368
1182,traditional,0.035264,0.055296,0.144384,0.234944
1183,traditional,0.031680,0.054272,0.124928,0.210880
1184,traditional,0.031712,0.061440,0.128000,0.221152
1185,traditional,0.032736,0.054272,0.124928,0.211936
1186,traditional,0.032992,0.060416,0.144384,0.237792
1187,traditional,0.032096,0.069632,0.126976,0.228704
1188,traditional,0.032096,0.055296,0.129024,0.216416
1189,traditional,0.032096,0.055296,0.123904,0.211296
1190,traditional,0.033408,0.054272,0.137216,0.224896
1191,traditional,0.030560,0.055296,0.124928,0.210784
1192,traditional,0.038304,0.061440,0.154624,0.254368
1193,traditional,0.032576,0.055296,0.128000,0.215872
1194,traditional,0.032640,0.056320,0.123904,0.212864
1195,traditional,0.033024,0.057344,0.124928,0.215296
1196,traditional,0.030848,0.061440,0.132096,0.224384
1197,traditional,0.038880,0.077824,0.151552,0.268256
1198,traditional,0.032384,0.055296,0.129024,0.216704
1199,traditional,0.032448,0.057344,0.123904,0.213696
1200,traditional,0.032992,0.060416,0.131072,0.224480
1201,traditional,0.031264,0.055296,0.124928,0.211488
1202,traditional,0.032288,0.054272,0.128000,0.214560
1203,traditional,0.033408,0.055296,0.123904,0.212608
1204,traditional,0.044320,0.055296,0.132096,0.231712
1205,traditional,0.031680,0.055296,0.124928,0.211904
1206,traditional,0.032736,0.062464,0.135168,0.230368
1207,traditional,0.034912,0.056320,0.143360,0.234592
1208,traditional,0.036736,0.061440,0.148480,0.246656
1209,traditional,0.031520,0.056320,0.123904,0.211744
1210,traditional,0.032736,0.059392,0.125952,0.218080
1211,traditional,0.035776,0.059392,0.137216,0.232384
1212,traditional,0.031488,0.056320,0.124928,0.212736
1213,traditional,0.041216,0.060416,0.126976,0.228608
1214,traditional,0.036320,0.056320,0.124928,0.217568
1215,traditional,0.032416,0.060416,0.128000,0.220832
1216,traditional,0.046400,0.057344,0.123904,0.227648
1217,traditional,0.031904,0.055296,0.126976,0.214176
1218,traditional,0.032064,0.057344,0.124928,0.214336
1219,traditional,0.032576,0.055296,0.128000,0.215872
1220,traditional,0.032192,0.056320,0.124928,0.213440
1221,traditional,0.036736,0.056320,0.147456,0.240512
1222,traditional,0.033216,0.056320,0.123904,0.213440
1223,traditional,0.036576,0.060416,0.123904,0.220896
1224,traditional,0.033440,0.058368,0.123904,0.215712
1225,traditional,0.032288,0.055296,0.123904,0.211488
1226,traditional,0.031776,0.057344,0.123904,0.213024
1227,traditional,0.039360,0.057344,0.146432,0.243136
1228,traditional,0.032832,0.057344,0.123904,0.214080
1229,traditional,0.048256,0.062464,0.154624,0.265344
1230,traditional,0.036096,0.057344,0.123904,0.217344
1231,traditional,0.037120,0.057344,0.154624,0.249088
1232,traditional,0.033440,0.060416,0.124928,0.218784
1233,traditional,0.036256,0.057344,0.144384,0.237984
1234,traditional,0.031744,0.055296,0.124928,0.211968
1235,traditional,0.034848,0.061440,0.125952,0.222240
1236,traditional,0.035520,0.078848,0.134144,0.248512
1237,traditional,0.040416,0.059392,0.132096,0.231904
1238,traditional,0.035872,0.055296,0.124928,0.216096
1239,traditional,0.032160,0.055296,0.124928,0.212384
1240,traditional,0.032192,0.056320,0.123904,0.212416
1241,traditional,0.035520,0.056320,0.123904,0.215744
1242,traditional,0.034624,0.056320,0.126976,0.217920
1243,traditional,0.032480,0.055296,0.135168,0.222944
1244,traditional,0.032128,0.074752,0.124928,0.231808
1245,traditional,0.037824,0.068608,0.145408,0.251840
1246,traditional,0.032128,0.056320,0.124928,0.213376
1247,traditional,0.032320,0.056320,0.123904,0.212544
1248,traditional,0.032032,0.055296,0.123904,0.211232
1249,traditional,0.031904,0.055296,0.137216,0.224416
1250,traditional,0.032608,0.055296,0.136192,0.224096
1251,traditional,0.032512,0.059392,0.128000,0.219904
1252,traditional,0.034976,0.055296,0.131072,0.221344
1253,traditional,0.031904,0.060416,0.128000,0.220320
1254,traditional,0.035392,0.054272,0.123904,0.213568
1255,traditional,0.038176,0.060416,0.153600,0.252192
1256,traditional,0.032096,0.056320,0.155648,0.244064
1257,traditional,0.056672,0.058368,0.123904,0.238944
1258,traditional,0.033344,0.061440,0.129024,0.223808
1259,traditional,0.030944,0.064512,0.131072,0.226528
1260,traditional,0.032768,0.057344,0.126976,0.217088
1261,traditional,0.035232,0.062464,0.128000,0.225696
1262,traditional,0.031520,0.060416,0.124928,0.216864
1263,traditional,0.033600,0.059392,0.128000,0.220992
1264,traditional,0.035392,0.056320,0.144384,0.236096
1265,traditional,0.044640,0.059392,0.125952,0.229984
1266,traditional,0.032448,0.058368,0.123904,0.214720
1267,traditional,0.034400,0.058368,0.138240,0.231008
1268,traditional,0.032672,0.056320,0.124928,0.213920
1269,traditional,0.031840,0.059392,0.131072,0.222304
1270,traditional,0.041024,0.057344,0.124928,0.223296
1271,traditional,0.033888,0.056320,0.123904,0.214112
1272,traditional,0.032800,0.056320,0.125952,0.215072
1273,traditional,0.047616,0.058368,0.126976,0.232960
1274,traditional,0.036832,0.062464,0.147456,0.246752
1275,traditional,0.033120,0.055296,0.123904,0.212320
1276,traditional,0.032032,0.057344,0.123904,0.213280
1277,traditional,0.032512,0.055296,0.129024,0.216832
1278,traditional,0.039168,0.061440,0.130048,0.230656
1279,traditional,0.032288,0.056320,0.129024,0.217632
1280,traditional,0.033184,0.061440,0.141312,0.235936
1281,traditional,0.031904,0.055296,0.145408,0.232608
1282,traditional,0.032256,0.057344,0.130048,0.219648
1283,traditional,0.040960,0.056320,0.153600,0.250880
1284,traditional,0.032032,0.058368,0.136192,0.226592
1285,traditional,0.035840,0.055296,0.124928,0.216064
1286,traditional,0.035872,0.059392,0.129024,0.224288
1287,traditional,0.037696,0.057344,0.145408,0.240448
1288,traditional,0.032640,0.057344,0.124928,0.214912
1289,traditional,0.035232,0.064512,0.126976,0.226720
1290,traditional,0.036768,0.057344,0.134144,0.228256
1291,traditional,0.031936,0.055296,0.128000,0.215232
1292,traditional,0.045056,0.055296,0.124928,0.225280
1293,traditional,0.031072,0.056320,0.124928,0.212320
1294,traditional,0.032864,0.056320,0.124928,0.214112
1295,traditional,0.031808,0.055296,0.129024,0.216128
1296,traditional,0.032256,0.057344,0.123904,0.213504
1297,traditional,0.038848,0.055296,0.129024,0.223168
1298,traditional,0.032096,0.055296,0.123904,0.211296
1299,traditional,0.032416,0.055296,0.128000,0.215712
1300,traditional,0.032288,0.057344,0.123904,0.213536
1301,traditional,0.032544,0.056320,0.124928,0.213792
1302,traditional,0.031744,0.056320,0.126976,0.215040
1303,traditional,0.032352,0.056320,0.124928,0.213600
1304,traditional,0.033184,0.055296,0.126976,0.215456
1305,traditional,0.034912,0.057344,0.124928,0.217184
1306,traditional,0.032640,0.056320,0.123904,0.212864
1307,traditional,0.035104,0.057344,0.124928,0.217376
1308,traditional,0.035168,0.056320,0.134144,0.225632
1309,traditional,0.031936,0.056320,0.124928,0.213184
1310,traditional,0.036224,0.055296,0.124928,0.216448
1311,traditional,0.031328,0.055296,0.124928,0.211552
1312,traditional,0.041248,0.063488,0.145408,0.250144
1313,traditional,0.048928,0.058368,0.146432,0.253728
1314,traditional,0.031968,0.057344,0.124928,0.214240
1315,traditional,0.030528,0.056320,0.157696,0.244544
1316,traditional,0.031424,0.059392,0.129024,0.219840
1317,traditional,0.030944,0.056320,0.124928,0.212192
1318,traditional,0.032256,0.062464,0.126976,0.221696
1319,traditional,0.036832,0.056320,0.148480,0.241632
1320,traditional,0.044416,0.055296,0.124928,0.224640
1321,traditional,0.036800,0.070656,0.130048,0.237504
1322,traditional,0.035360,0.062464,0.141312,0.239136
1323,traditional,0.032896,0.063488,0.128000,0.224384
1324,traditional,0.039072,0.060416,0.155648,0.255136
1325,traditional,0.032256,0.055296,0.124928,0.212480
1326,traditional,0.031168,0.056320,0.128000,0.215488
1327,traditional,0.032192,0.055296,0.123904,0.211392
1328,traditional,0.037600,0.060416,0.149504,0.247520
1329,traditional,0.043936,0.064512,0.123904,0.232352
1330,traditional,0.032352,0.063488,0.123904,0.219744
1331,traditional,0.036512,0.057344,0.146432,0.240288
1332,traditional,0.031744,0.055296,0.124928,0.211968
1333,traditional,0.032160,0.057344,0.129024,0.218528
1334,traditional,0.034016,0.056320,0.125952,0.216288
1335,traditional,0.030912,0.056320,0.126976,0.214208
1336,traditional,0.033248,0.057344,0.132096,0.222688
1337,traditional,0.033728,0.059392,0.125952,0.219072
1338,traditional,0.035776,0.057344,0.131072,0.224192
1339,traditional,0.037056,0.059392,0.155648,0.252096
1340,traditional,0.031520,0.057344,0.123904,0.212768
1341,traditional,0.032320,0.055296,0.123904,0.211520
1342,traditional,0.033120,0.056320,0.128000,0.217440
1343,traditional,0.039424,0.064512,0.124928,0.228864
1344,traditional,0.031808,0.054272,0.141312,0.227392
1345,traditional,0.042496,0.057344,0.124928,0.224768
1346,traditional,0.037888,0.058368,0.139264,0.235520
1347,traditional,0.032736,0.059392,0.155648,0.247776
1348,traditional,0.032128,0.056320,0.123904,0.212352
1349,traditional,0.035808,0.057344,0.154624,0.247776
1350,traditional,0.040992,0.057344,0.126976,0.225312
1351,traditional,0.032800,0.056320,0.141312,0.230432
1352,traditional,0.032512,0.056320,0.124928,0.213760
1353,traditional,0.049184,0.058368,0.147456,0.255008
1354,traditional,0.030816,0.057344,0.135168,0.223328
1355,traditional,0.037632,0.065536,0.153600,0.256768
1356,traditional,0.037440,0.068608,0.131072,0.237120
1357,traditional,0.032512,0.056320,0.124928,0.213760
1358,traditional,0.055744,0.064512,0.128000,0.248256
1359,traditional,0.030944,0.056320,0.138240,0.225504
1360,traditional,0.032768,0.060416,0.128000,0.221184
1361,traditional,0.035808,0.054272,0.124928,0.215008
1362,traditional,0.043616,0.057344,0.123904,0.224864
1363,traditional,0.036800,0.057344,0.144384,0.238528
1364,traditional,0.032384,0.067584,0.125952,0.225920
1365,traditional,0.040896,0.055296,0.124928,0.221120
1366,traditional,0.031360,0.055296,0.123904,0.210560
1367,traditional,0.032768,0.065536,0.134144,0.232448
1368,traditional,0.032544,0.056320,0.123904,0.212768
1369,traditional,0.030784,0.056320,0.136192,0.223296
1370,traditional,0.037376,0.059392,0.144384,0.241152
1371,traditional,0.033184,0.072704,0.126976,0.232864
1372,traditional,0.033568,0.059392,0.132096,0.225056
1373,traditional,0.044128,0.058368,0.129024,0.231520
1374,traditional,0.037728,0.056320,0.130048,0.224096
1375,traditional,0.043872,0.056320,0.123904,0.224096
1376,traditional,0.032192,0.059392,0.135168,0.226752
1377,traditional,0.037120,0.059392,0.129024,0.225536
1378,traditional,0.031904,0.056320,0.124928,0.213152
1379,traditional,0.046720,0.055296,0.123904,0.225920
1380,traditional,0.031968,0.057344,0.124928,0.214240
1381,traditional,0.038176,0.059392,0.130048,0.227616
1382,traditional,0.031936,0.057344,0.128000,0.217280
1383,traditional,0.032192,0.056320,0.129024,0.217536
1384,traditional,0.034976,0.055296,0.124928,0.215200
1385,traditional,0.037120,0.055296,0.123904,0.216320
1386,traditional,0.032768,0.055296,0.123904,0.211968
1387,traditional,0.032640,0.065536,0.123904,0.222080
1388,traditional,0.033600,0.065536,0.123904,0.223040
1389,traditional,0.032192,0.068608,0.136192,0.236992
1390,traditional,0.032096,0.057344,0.123904,0.213344
1391,traditional,0.031584,0.056320,0.123904,0.211808
1392,traditional,0.032192,0.055296,0.124928,0.212416
1393,traditional,0.032288,0.056320,0.128000,0.216608
1394,traditional,0.036512,0.055296,0.144384,0.236192
1395,traditional,0.039104,0.058368,0.142336,0.239808
1396,traditional,0.044064,0.056320,0.123904,0.224288
1397,traditional,0.048352,0.057344,0.146432,0.252128
1398,traditional,0.031808,0.056320,0.123904,0.212032
1399,traditional,0.040832,0.058368,0.129024,0.228224
1400,traditional,0.041632,0.064512,0.156672,0.262816
1401,traditional,0.035840,0.057344,0.124928,0.218112
1402,traditional,0.036096,0.059392,0.123904,0.219392
1403,traditional,0.032416,0.059392,0.134144,0.225952
1404,traditional,0.031904,0.066560,0.124928,0.223392
1405,traditional,0.032256,0.058368,0.125952,0.216576
1406,traditional,0.041152,0.055296,0.123904,0.220352
1407,traditional,0.043584,0.055296,0.123904,0.222784
1408,traditional,0.042176,0.059392,0.128000,0.229568
1409,traditional,0.032864,0.056320,0.136192,0.225376
1410,traditional,0.043840,0.055296,0.124928,0.224064
1411,traditional,0.036064,0.056320,0.123904,0.216288
1412,traditional,0.032864,0.055296,0.129024,0.217184
1413,traditional,0.032064,0.055296,0.124928,0.212288
1414,traditional,0.033056,0.054272,0.124928,0.212256
1415,traditional,0.040832,0.055296,0.124928,0.221056
1416,traditional,0.031456,0.056320,0.123904,0.211680
1417,traditional,0.039808,0.056320,0.125952,0.222080
1418,traditional,0.032160,0.060416,0.128000,0.220576
1419,traditional,0.042304,0.055296,0.139264,0.236864
1420,traditional,0.032896,0.055296,0.123904,0.212096
1421,traditional,0.039104,0.059392,0.136192,0.234688
1422,traditional,0.037888,0.059392,0.128000,0.225280
1423,traditional,0.031936,0.055296,0.124928,0.212160
1424,traditional,0.032704,0.056320,0.132096,0.221120
1425,traditional,0.036352,0.057344,0.136192,0.229888
1426,traditional,0.040384,0.059392,0.124928,0.224704
1427,traditional,0.032768,0.057344,0.128000,0.218112
1428,traditional,0.041344,0.058368,0.138240,0.237952
1429,traditional,0.032672,0.060416,0.123904,0.216992
1430,traditional,0.048032,0.058368,0.143360,0.249760
1431,traditional,0.031200,0.056320,0.134144,0.221664
1432,traditional,0.032736,0.054272,0.138240,0.225248
1433,traditional,0.030944,0.055296,0.149504,0.235744
1434,traditional,0.036128,0.057344,0.123904,0.217376
1435,traditional,0.030848,0.061440,0.123904,0.216192
1436,traditional,0.034976,0.055296,0.124928,0.215200
1437,traditional,0.041696,0.056320,0.123904,0.221920
1438,traditional,0.032736,0.059392,0.123904,0.216032
1439,traditional,0.040288,0.056320,0.131072,0.227680
1440,traditional,0.031712,0.055296,0.124928,0.211936
1441,traditional,0.032480,0.057344,0.123904,0.213728
1442,traditional,0.042496,0.056320,0.126976,0.225792
1443,traditional,0.043040,0.056320,0.126976,0.226336
1444,traditional,0.032320,0.058368,0.136192,0.226880
1445,traditional,0.039040,0.055296,0.123904,0.218240
1446,traditional,0.031232,0.060416,0.124928,0.216576
1447,traditional,0.032640,0.054272,0.142336,0.229248
1448,traditional,0.032896,0.068608,0.123904,0.225408
1449,traditional,0.035968,0.057344,0.124928,0.218240
1450,traditional,0.032896,0.054272,0.129024,0.216192
1451,traditional,0.032352,0.056320,0.126976,0.215648
1452,traditional,0.035296,0.055296,0.131072,0.221664
1453,traditional,0.032000,0.055296,0.125952,0.213248
1454,traditional,0.031648,0.055296,0.124928,0.211872
1455,traditional,0.031392,0.056320,0.123904,0.211616
1456,traditional,0.032416,0.058368,0.123904,0.214688
1457,traditional,0.032480,0.055296,0.124928,0.212704
1458,traditional,0.032256,0.057344,0.124928,0.214528
1459,traditional,0.036512,0.062464,0.123904,0.222880
1460,traditional,0.033472,0.057344,0.124928,0.215744
1461,traditional,0.035328,0.057344,0.125952,0.218624
1462,traditional,0.036480,0.058368,0.123904,0.218752
1463,traditional,0.031904,0.057344,0.122880,0.212128
1464,traditional,0.032544,0.056320,0.123904,0.212768
1465,traditional,0.032224,0.056320,0.123904,0.212448
1466,traditional,0.036416,0.055296,0.123904,0.215616
1467,traditional,0.036064,0.055296,0.128000,0.219360
1468,traditional,0.036960,0.066560,0.130048,0.233568
1469,traditional,0.044416,0.063488,0.175104,0.283008
1470,traditional,0.032704,0.057344,0.128000,0.218048
1471,traditional,0.032576,0.055296,0.128000,0.215872
1472,traditional,0.036320,0.056320,0.124928,0.217568
1473,traditional,0.031904,0.057344,0.131072,0.220320
1474,traditional,0.034656,0.056320,0.131072,0.222048
1475,traditional,0.032448,0.056320,0.123904,0.212672
1476,traditional,0.033312,0.066560,0.133120,0.232992
1477,traditional,0.033120,0.056320,0.129024,0.218464
1478,traditional,0.032288,0.056320,0.126976,0.215584
1479,traditional,0.031744,0.057344,0.126976,0.216064
1480,traditional,0.032128,0.056320,0.125952,0.214400
1481,traditional,0.044672,0.055296,0.129024,0.228992
1482,traditional,0.031392,0.055296,0.123904,0.210592
1483,traditional,0.035968,0.056320,0.123904,0.216192
1484,traditional,0.031520,0.057344,0.123904,0.212768
1485,traditional,0.031520,0.056320,0.128000,0.215840
1486,traditional,0.032704,0.058368,0.123904,0.214976
1487,traditional,0.031776,0.056320,0.123904,0.212000
1488,traditional,0.031872,0.056320,0.134144,0.222336
1489,traditional,0.031872,0.056320,0.124928,0.213120
1490,traditional,0.034624,0.055296,0.124928,0.214848
1491,traditional,0.031872,0.067584,0.123904,0.223360
1492,traditional,0.035456,0.055296,0.123904,0.214656
1493,traditional,0.032128,0.057344,0.123904,0.213376
1494,traditional,0.031552,0.056320,0.124928,0.212800
1495,traditional,0.033088,0.055296,0.136192,0.224576
1496,traditional,0.031616,0.055296,0.123904,0.210816
1497,traditional,0.031744,0.056320,0.128000,0.216064
1498,traditional,0.030944,0.056320,0.125952,0.213216
1499,traditional,0.032160,0.057344,0.124928,0.214432
1500,traditional,0.031936,0.057344,0.128000,0.217280
1501,traditional,0.032000,0.057344,0.124928,0.214272
1502,traditional,0.041920,0.056320,0.131072,0.229312
1503,traditional,0.031872,0.056320,0.123904,0.212096
1504,traditional,0.032384,0.059392,0.129024,0.220800
1505,traditional,0.031808,0.055296,0.124928,0.212032
1506,traditional,0.032256,0.055296,0.132096,0.219648
1507,traditional,0.037280,0.057344,0.125952,0.220576
1508,traditional,0.044192,0.056320,0.124928,0.225440
1509,traditional,0.050080,0.060416,0.129024,0.239520
1510,traditional,0.041056,0.057344,0.152576,0.250976
1511,traditional,0.037440,0.057344,0.142336,0.237120
1512,traditional,0.044736,0.055296,0.130048,0.230080
1513,traditional,0.037408,0.065536,0.128000,0.230944
1514,traditional,0.031936,0.056320,0.128000,0.216256
1515,traditional,0.031264,0.057344,0.123904,0.212512
1516,traditional,0.032576,0.055296,0.128000,0.215872
1517,traditional,0.035776,0.055296,0.123904,0.214976
1518,traditional,0.032032,0.057344,0.128000,0.217376
1519,traditional,0.032160,0.055296,0.150528,0.237984
1520,traditional,0.036832,0.055296,0.124928,0.217056
1521,traditional,0.031936,0.055296,0.126976,0.214208
1522,traditional,0.032000,0.057344,0.123904,0.213248
1523,traditional,0.031936,0.054272,0.136192,0.222400
1524,traditional,0.031424,0.058368,0.128000,0.217792
1525,traditional,0.035360,0.056320,0.123904,0.215584
1526,traditional,0.033920,0.056320,0.123904,0.214144
1527,traditional,0.032640,0.056320,0.123904,0.212864
1528,traditional,0.035552,0.055296,0.124928,0.215776
1529,traditional,0.032128,0.057344,0.128000,0.217472
1530,traditional,0.034400,0.060416,0.124928,0.219744
1531,traditional,0.031552,0.057344,0.123904,0.212800
1532,traditional,0.035520,0.056320,0.123904,0.215744
1533,traditional,0.044160,0.055296,0.123904,0.223360
1534,traditional,0.032032,0.055296,0.125952,0.213280
1535,traditional,0.032352,0.057344,0.123904,0.213600
1536,traditional,0.036352,0.061440,0.148480,0.246272
1537,traditional,0.031552,0.056320,0.125952,0.213824
1538,traditional,0.032000,0.057344,0.126976,0.216320
1539,traditional,0.032448,0.056320,0.123904,0.212672
1540,traditional,0.031520,0.075776,0.128000,0.235296
1541,traditional,0.032128,0.055296,0.124928,0.212352
1542,traditional,0.032736,0.055296,0.126976,0.215008
1543,traditional,0.033152,0.054272,0.124928,0.212352
1544,traditional,0.032704,0.056320,0.123904,0.212928
1545,traditional,0.035904,0.055296,0.139264,0.230464
1546,traditional,0.032448,0.055296,0.124928,0.212672
1547,traditional,0.032416,0.062464,0.130048,0.224928
1548,traditional,0.031904,0.055296,0.132096,0.219296
1549,traditional,0.031648,0.056320,0.124928,0.212896
1550,traditional,0.035296,0.057344,0.124928,0.217568
1551,traditional,0.036320,0.057344,0.128000,0.221664
1552,traditional,0.032064,0.057344,0.131072,0.220480
1553,traditional,0.034688,0.060416,0.131072,0.226176
1554,traditional,0.034944,0.056320,0.144384,0.235648
1555,traditional,0.032288,0.055296,0.129024,0.216608
1556,traditional,0.035520,0.083968,0.149504,0.268992
1557,traditional,0.031936,0.056320,0.128000,0.216256
1558,traditional,0.031616,0.056320,0.123904,0.211840
1559,traditional,0.037312,0.061440,0.123904,0.222656
1560,traditional,0.039424,0.058368,0.141312,0.239104
1561,traditional,0.032320,0.065536,0.123904,0.221760
1562,traditional,0.032256,0.060416,0.133120,0.225792
1563,traditional,0.037088,0.058368,0.126976,0.222432
1564,traditional,0.031840,0.057344,0.123904,0.213088
1565,traditional,0.031520,0.059392,0.126976,0.217888
1566,traditional,0.036640,0.059392,0.142336,0.238368
1567,traditional,0.036960,0.059392,0.125952,0.222304
1568,traditional,0.044576,0.056320,0.123904,0.224800
1569,traditional,0.033536,0.056320,0.123904,0.213760
1570,traditional,0.033920,0.057344,0.137216,0.228480
1571,traditional,0.045312,0.059392,0.126976,0.231680
1572,traditional,0.044800,0.057344,0.124928,0.227072
1573,traditional,0.034912,0.055296,0.124928,0.215136
1574,traditional,0.036224,0.061440,0.126976,0.224640
1575,traditional,0.036992,0.058368,0.143360,0.238720
1576,traditional,0.033344,0.055296,0.125952,0.214592
1577,traditional,0.034112,0.057344,0.123904,0.215360
1578,traditional,0.031968,0.056320,0.123904,0.212192
1579,traditional,0.032864,0.062464,0.126976,0.222304
1580,traditional,0.039808,0.058368,0.145408,0.243584
1581,traditional,0.031872,0.055296,0.124928,0.212096
1582,traditional,0.032032,0.060416,0.132096,0.224544
1583,traditional,0.044064,0.058368,0.154624,0.257056
1584,traditional,0.036192,0.066560,0.140288,0.243040
1585,traditional,0.031424,0.062464,0.128000,0.221888
1586,traditional,0.032320,0.055296,0.124928,0.212544
1587,traditional,0.035872,0.059392,0.128000,0.223264
1588,traditional,0.032032,0.055296,0.124928,0.212256
1589,traditional,0.032000,0.055296,0.124928,0.212224
1590,traditional,0.039168,0.067584,0.150528,0.257280
1591,traditional,0.032640,0.062464,0.126976,0.222080
1592,traditional,0.043584,0.055296,0.123904,0.222784
1593,traditional,0.031584,0.057344,0.133120,0.222048
1594,traditional,0.032608,0.055296,0.134144,0.222048
1595,traditional,0.035616,0.078848,0.124928,0.239392
1596,traditional,0.032608,0.061440,0.126976,0.221024
1597,traditional,0.032352,0.055296,0.124928,0.212576
1598,traditional,0.033056,0.054272,0.129024,0.216352
1599,traditional,0.034752,0.055296,0.128000,0.218048
1600,traditional,0.032224,0.055296,0.134144,0.221664
1601,traditional,0.036576,0.056320,0.124928,0.217824
1602,traditional,0.032320,0.058368,0.123904,0.214592
1603,traditional,0.044896,0.055296,0.124928,0.225120
1604,traditional,0.031392,0.055296,0.128000,0.214688
1605,traditional,0.037248,0.060416,0.147456,0.245120
1606,traditional,0.032544,0.056320,0.124928,0.213792
1607,traditional,0.037024,0.076800,0.143360,0.257184
1608,traditional,0.032928,0.060416,0.125952,0.219296
1609,traditional,0.033888,0.055296,0.124928,0.214112
1610,traditional,0.033440,0.055296,0.124928,0.213664
1611,traditional,0.031840,0.055296,0.123904,0.211040
1612,traditional,0.031936,0.057344,0.123904,0.213184
1613,traditional,0.032000,0.055296,0.123904,0.211200
1614,traditional,0.032384,0.055296,0.123904,0.211584
1615,traditional,0.031744,0.056320,0.123904,0.211968
1616,traditional,0.040544,0.056320,0.124928,0.221792
1617,traditional,0.032384,0.055296,0.128000,0.215680
1618,traditional,0.032064,0.068608,0.124928,0.225600
1619,traditional,0.032064,0.056320,0.124928,0.213312
1620,traditional,0.040000,0.055296,0.123904,0.219200
1621,traditional,0.032640,0.055296,0.123904,0.211840
1622,traditional,0.034208,0.057344,0.123904,0.215456
1623,traditional,0.032768,0.055296,0.124928,0.212992
1624,traditional,0.037216,0.054272,0.124928,0.216416
1625,traditional,0.031456,0.056320,0.133120,0.220896
1626,traditional,0.031648,0.059392,0.124928,0.215968
1627,traditional,0.032064,0.056320,0.140288,0.228672
1628,traditional,0.031232,0.068608,0.123904,0.223744
1629,traditional,0.032320,0.055296,0.124928,0.212544
1630,traditional,0.044864,0.056320,0.131072,0.232256
1631,traditional,0.033248,0.055296,0.124928,0.213472
1632,traditional,0.033056,0.057344,0.126976,0.217376
1633,traditional,0.043840,0.056320,0.125952,0.226112
1634,traditional,0.043168,0.056320,0.123904,0.223392
1635,traditional,0.035136,0.070656,0.123904,0.229696
1636,traditional,0.044288,0.056320,0.123904,0.224512
1637,traditional,0.032128,0.055296,0.132096,0.219520
1638,traditional,0.031904,0.056320,0.124928,0.213152
1639,traditional,0.031616,0.057344,0.123904,0.212864
1640,traditional,0.032608,0.057344,0.123904,0.213856
1641,traditional,0.031488,0.068608,0.123904,0.224000
1642,traditional,0.031616,0.056320,0.136192,0.224128
1643,traditional,0.031616,0.054272,0.142336,0.228224
1644,traditional,0.034368,0.056320,0.124928,0.215616
1645,traditional,0.032768,0.059392,0.137216,0.229376
1646,traditional,0.032576,0.065536,0.129024,0.227136
1647,traditional,0.035552,0.065536,0.126976,0.228064
1648,traditional,0.044256,0.058368,0.140288,0.242912
1649,traditional,0.032000,0.064512,0.138240,0.234752
1650,traditional,0.050272,0.057344,0.141312,0.248928
1651,traditional,0.042816,0.054272,0.132096,0.229184
1652,traditional,0.036736,0.058368,0.166912,0.262016
1653,traditional,0.032256,0.065536,0.124928,0.222720
1654,traditional,0.042592,0.055296,0.124928,0.222816
1655,traditional,0.034848,0.055296,0.123904,0.214048
1656,traditional,0.034304,0.057344,0.123904,0.215552
1657,traditional,0.048512,0.059392,0.144384,0.252288
1658,traditional,0.034976,0.057344,0.135168,0.227488
1659,traditional,0.049952,0.059392,0.144384,0.253728
1660,traditional,0.035072,0.055296,0.123904,0.214272
1661,traditional,0.040544,0.057344,0.158720,0.256608
1662,traditional,0.036480,0.055296,0.125952,0.217728
1663,traditional,0.043296,0.056320,0.123904,0.223520
1664,traditional,0.040192,0.058368,0.145408,0.243968
1665,traditional,0.032256,0.056320,0.137216,0.225792
1666,traditional,0.048224,0.057344,0.142336,0.247904
1667,traditional,0.035872,0.056320,0.124928,0.217120
1668,traditional,0.032384,0.056320,0.126976,0.215680
1669,traditional,0.031584,0.056320,0.124928,0.212832
1670,traditional,0.036576,0.055296,0.137216,0.229088
1671,traditional,0.044384,0.058368,0.123904,0.226656
1672,traditional,0.032704,0.067584,0.145408,0.245696
1673,traditional,0.037184,0.056320,0.126976,0.220480
1674,traditional,0.031456,0.058368,0.123904,0.213728
1675,traditional,0.043168,0.055296,0.124928,0.223392
1676,traditional,0.035168,0.056320,0.124928,0.216416
1677,traditional,0.031264,0.056320,0.129024,0.216608
1678,traditional,0.033056,0.077824,0.131072,0.241952
1679,traditional,0.032160,0.056320,0.124928,0.213408
1680,traditional,0.032352,0.055296,0.124928,0.212576
1681,traditional,0.032000,0.056320,0.125952,0.214272
1682,traditional,0.031872,0.056320,0.124928,0.213120
1683,traditional,0.031520,0.057344,0.136192,0.225056
1684,traditional,0.035872,0.057344,0.123904,0.217120
1685,traditional,0.031936,0.056320,0.123904,0.212160
1686,traditional,0.035616,0.061440,0.124928,0.221984
1687,traditional,0.031264,0.056320,0.126976,0.214560
1688,traditional,0.034048,0.055296,0.131072,0.220416
1689,traditional,0.039232,0.056320,0.136192,0.231744
1690,traditional,0.042208,0.056320,0.123904,0.222432
1691,traditional,0.034688,0.055296,0.137216,0.227200
1692,traditional,0.031328,0.056320,0.129024,0.216672
1693,traditional,0.031200,0.056320,0.123904,0.211424
1694,traditional,0.037696,0.059392,0.130048,0.227136
1695,traditional,0.031904,0.068608,0.128000,0.228512
1696,traditional,0.035776,0.056320,0.124928,0.217024
1697,traditional,0.031936,0.059392,0.128000,0.219328
1698,traditional,0.039872,0.057344,0.146432,0.243648
1699,traditional,0.037248,0.060416,0.126976,0.224640
1700,traditional,0.037408,0.060416,0.143360,0.241184
1701,traditional,0.044672,0.057344,0.139264,0.241280
1702,traditional,0.042464,0.056320,0.152576,0.251360
1703,traditional,0.032960,0.058368,0.137216,0.228544
1704,traditional,0.034912,0.059392,0.139264,0.233568
1705,traditional,0.032992,0.068608,0.132096,0.233696
1706,traditional,0.031328,0.057344,0.124928,0.213600
1707,traditional,0.035584,0.060416,0.128000,0.224000
1708,traditional,0.034240,0.057344,0.140288,0.231872
1709,traditional,0.035200,0.056320,0.128000,0.219520
1710,traditional,0.032800,0.060416,0.148480,0.241696
1711,traditional,0.032384,0.059392,0.125952,0.217728
1712,traditional,0.033216,0.057344,0.148480,0.239040
1713,traditional,0.035392,0.059392,0.125952,0.220736
1714,traditional,0.057024,0.056320,0.141312,0.254656
1715,traditional,0.033952,0.058368,0.125952,0.218272
1716,traditional,0.042272,0.059392,0.131072,0.232736
1717,traditional,0.033824,0.057344,0.126976,0.218144
1718,traditional,0.037536,0.062464,0.125952,0.225952
1719,traditional,0.031744,0.057344,0.123904,0.212992
1720,traditional,0.032352,0.054272,0.124928,0.211552
1721,traditional,0.032448,0.061440,0.147456,0.241344
1722,traditional,0.032544,0.056320,0.124928,0.213792
1723,traditional,0.039136,0.057344,0.140288,0.236768
1724,traditional,0.032032,0.056320,0.124928,0.213280
1725,traditional,0.032128,0.064512,0.123904,0.220544
1726,traditional,0.032320,0.055296,0.123904,0.211520
1727,traditional,0.031520,0.055296,0.130048,0.216864
1728,traditional,0.031584,0.055296,0.123904,0.210784
1729,traditional,0.037472,0.068608,0.142336,0.248416
1730,traditional,0.033152,0.055296,0.128000,0.216448
1731,traditional,0.035712,0.055296,0.123904,0.214912
1732,traditional,0.033216,0.057344,0.123904,0.214464
1733,traditional,0.036928,0.057344,0.136192,0.230464
1734,traditional,0.040672,0.057344,0.157696,0.255712
1735,traditional,0.032288,0.054272,0.124928,0.211488
1736,traditional,0.038080,0.057344,0.153600,0.249024
1737,traditional,0.031360,0.062464,0.134144,0.227968
1738,traditional,0.036288,0.057344,0.144384,0.238016
1739,traditional,0.035904,0.056320,0.125952,0.218176
1740,traditional,0.049984,0.058368,0.145408,0.253760
1741,traditional,0.038272,0.056320,0.140288,0.234880
1742,traditional,0.040864,0.057344,0.154624,0.252832
1743,traditional,0.036576,0.057344,0.124928,0.218848
1744,traditional,0.048608,0.058368,0.154624,0.261600
1745,traditional,0.035552,0.055296,0.123904,0.214752
1746,traditional,0.037792,0.059392,0.125952,0.223136
1747,traditional,0.032448,0.056320,0.123904,0.212672
1748,traditional,0.037728,0.056320,0.160768,0.254816
1749,traditional,0.035648,0.057344,0.123904,0.216896
1750,traditional,0.036032,0.058368,0.129024,0.223424
1751,traditional,0.033152,0.056320,0.124928,0.214400
1752,traditional,0.041632,0.064512,0.129024,0.235168
1753,traditional,0.034080,0.056320,0.125952,0.216352
1754,traditional,0.042272,0.059392,0.155648,0.257312
1755,traditional,0.044448,0.060416,0.126976,0.231840
1756,traditional,0.041984,0.056320,0.148480,0.246784
1757,traditional,0.033184,0.056320,0.123904,0.213408
1758,traditional,0.035200,0.060416,0.123904,0.219520
1759,traditional,0.043968,0.055296,0.146432,0.245696
1760,traditional,0.036896,0.057344,0.140288,0.234528
1761,traditional,0.037536,0.057344,0.146432,0.241312
1762,traditional,0.033728,0.056320,0.123904,0.213952
1763,traditional,0.031584,0.055296,0.124928,0.211808
1764,traditional,0.036736,0.061440,0.142336,0.240512
1765,traditional,0.031392,0.055296,0.143360,0.230048
1766,traditional,0.033824,0.057344,0.130048,0.221216
1767,traditional,0.039136,0.056320,0.136192,0.231648
1768,traditional,0.032032,0.061440,0.131072,0.224544
1769,traditional,0.031552,0.062464,0.139264,0.233280
1770,traditional,0.031168,0.055296,0.141312,0.227776
1771,traditional,0.032064,0.057344,0.124928,0.214336
1772,traditional,0.036032,0.065536,0.123904,0.225472
1773,traditional,0.031968,0.055296,0.124928,0.212192
1774,traditional,0.031904,0.055296,0.123904,0.211104
1775,traditional,0.031808,0.055296,0.137216,0.224320
1776,traditional,0.044576,0.055296,0.124928,0.224800
1777,traditional,0.032416,0.066560,0.123904,0.222880
1778,traditional,0.031680,0.057344,0.123904,0.212928
1779,traditional,0.031328,0.062464,0.128000,0.221792
1780,traditional,0.031840,0.056320,0.123904,0.212064
1781,traditional,0.044512,0.068608,0.129024,0.242144
1782,traditional,0.036128,0.057344,0.142336,0.235808
1783,traditional,0.031392,0.057344,0.137216,0.225952
1784,traditional,0.031776,0.057344,0.130048,0.219168
1785,traditional,0.031328,0.072704,0.123904,0.227936
1786,traditional,0.032032,0.055296,0.123904,0.211232
1787,traditional,0.039104,0.055296,0.143360,0.237760
1788,traditional,0.031648,0.055296,0.123904,0.210848
1789,traditional,0.031712,0.056320,0.137216,0.225248
1790,traditional,0.031616,0.056320,0.124928,0.212864
1791,traditional,0.042048,0.056320,0.128000,0.226368
1792,traditional,0.036288,0.056320,0.124928,0.217536
1793,traditional,0.037472,0.064512,0.125952,0.227936
1794,traditional,0.032480,0.056320,0.149504,0.238304
1795,traditional,0.031712,0.056320,0.124928,0.212960
1796,traditional,0.037568,0.057344,0.148480,0.243392
1797,traditional,0.031488,0.055296,0.123904,0.210688
1798,traditional,0.038368,0.058368,0.124928,0.221664
1799,traditional,0.031072,0.056320,0.123904,0.211296
1800,traditional,0.041760,0.057344,0.128000,0.227104
1801,traditional,0.032896,0.054272,0.123904,0.211072
1802,traditional,0.036992,0.072704,0.128000,0.237696
1803,traditional,0.032480,0.056320,0.129024,0.217824
1804,traditional,0.049696,0.063488,0.143360,0.256544
1805,traditional,0.032096,0.062464,0.136192,0.230752
1806,traditional,0.032256,0.065536,0.124928,0.222720
1807,traditional,0.035552,0.056320,0.124928,0.216800
1808,traditional,0.032992,0.058368,0.140288,0.231648
1809,traditional,0.033184,0.059392,0.142336,0.234912
1810,traditional,0.031296,0.058368,0.135168,0.224832
1811,traditional,0.035456,0.060416,0.128000,0.223872
1812,traditional,0.036000,0.069632,0.123904,0.229536
1813,traditional,0.031520,0.056320,0.123904,0.211744
1814,traditional,0.030496,0.059392,0.123904,0.213792
1815,traditional,0.031712,0.057344,0.123904,0.212960
1816,traditional,0.031360,0.056320,0.126976,0.214656
1817,traditional,0.044320,0.056320,0.123904,0.224544
1818,traditional,0.031936,0.058368,0.125952,0.216256
1819,traditional,0.030848,0.059392,0.128000,0.218240
1820,traditional,0.032544,0.058368,0.126976,0.217888
1821,traditional,0.035616,0.056320,0.123904,0.215840
1822,traditional,0.031712,0.059392,0.126976,0.218080
1823,traditional,0.041472,0.057344,0.138240,0.237056
1824,traditional,0.041920,0.055296,0.123904,0.221120
1825,traditional,0.033632,0.056320,0.124928,0.214880
1826,traditional,0.031808,0.065536,0.132096,0.229440
1827,traditional,0.031424,0.064512,0.128000,0.223936
1828,traditional,0.032224,0.056320,0.123904,0.212448
1829,traditional,0.031680,0.064512,0.124928,0.221120
1830,traditional,0.042880,0.054272,0.123904,0.221056
1831,traditional,0.031776,0.056320,0.123904,0.212000
1832,traditional,0.031904,0.059392,0.123904,0.215200
1833,traditional,0.032448,0.058368,0.124928,0.215744
1834,traditional,0.031616,0.056320,0.126976,0.214912
1835,traditional,0.031968,0.055296,0.128000,0.215264
1836,traditional,0.032544,0.063488,0.147456,0.243488
1837,traditional,0.039456,0.057344,0.124928,0.221728
1838,traditional,0.031296,0.055296,0.123904,0.210496
1839,traditional,0.035328,0.061440,0.126976,0.223744
1840,traditional,0.032544,0.074752,0.124928,0.232224
1841,traditional,0.043648,0.057344,0.125952,0.226944
1842,traditional,0.036704,0.060416,0.161792,0.258912
1843,traditional,0.044256,0.058368,0.124928,0.227552
1844,traditional,0.035200,0.060416,0.143360,0.238976
1845,traditional,0.038272,0.059392,0.145408,0.243072
1846,traditional,0.032480,0.059392,0.150528,0.242400
1847,traditional,0.032352,0.058368,0.125952,0.216672
1848,traditional,0.032352,0.058368,0.137216,0.227936
1849,traditional,0.032160,0.059392,0.125952,0.217504
1850,traditional,0.032160,0.060416,0.140288,0.232864
1851,traditional,0.031552,0.055296,0.124928,0.211776
1852,traditional,0.032864,0.059392,0.129024,0.221280
1853,traditional,0.031296,0.057344,0.126976,0.215616
1854,traditional,0.032032,0.058368,0.123904,0.214304
1855,traditional,0.036160,0.054272,0.124928,0.215360
1856,traditional,0.030976,0.057344,0.146432,0.234752
1857,traditional,0.032704,0.067584,0.124928,0.225216
1858,traditional,0.031552,0.055296,0.123904,0.210752
1859,traditional,0.032960,0.060416,0.128000,0.221376
1860,traditional,0.038208,0.056320,0.129024,0.223552
1861,traditional,0.032160,0.055296,0.124928,0.212384
1862,traditional,0.050368,0.063488,0.155648,0.269504
1863,traditional,0.035744,0.055296,0.124928,0.215968
1864,traditional,0.040000,0.057344,0.141312,0.238656
1865,traditional,0.031968,0.057344,0.125952,0.215264
1866,traditional,0.042080,0.059392,0.126976,0.228448
1867,traditional,0.039392,0.060416,0.149504,0.249312
1868,traditional,0.032576,0.056320,0.123904,0.212800
1869,traditional,0.045824,0.057344,0.144384,0.247552
1870,traditional,0.031520,0.055296,0.128000,0.214816
1871,traditional,0.038784,0.056320,0.147456,0.242560
1872,traditional,0.032256,0.065536,0.124928,0.222720
1873,traditional,0.031424,0.056320,0.123904,0.211648
1874,traditional,0.032320,0.055296,0.125952,0.213568
1875,traditional,0.032032,0.055296,0.124928,0.212256
1876,traditional,0.035808,0.056320,0.128000,0.220128
1877,traditional,0.032896,0.054272,0.129024,0.216192
1878,traditional,0.034144,0.057344,0.123904,0.215392
1879,traditional,0.031296,0.059392,0.124928,0.215616
1880,traditional,0.037536,0.057344,0.130048,0.224928
1881,traditional,0.032960,0.062464,0.128000,0.223424
1882,traditional,0.037120,0.060416,0.143360,0.240896
1883,traditional,0.032224,0.055296,0.123904,0.211424
1884,traditional,0.036736,0.066560,0.129024,0.232320
1885,traditional,0.033344,0.066560,0.129024,0.228928
1886,traditional,0.039680,0.057344,0.145408,0.242432
1887,traditional,0.031136,0.061440,0.128000,0.220576
1888,traditional,0.032448,0.057344,0.124928,0.214720
1889,traditional,0.036832,0.057344,0.148480,0.242656
1890,traditional,0.032320,0.055296,0.136192,0.223808
1891,traditional,0.063744,0.064512,0.150528,0.278784
1892,traditional,0.032288,0.056320,0.123904,0.212512
1893,traditional,0.036544,0.057344,0.123904,0.217792
1894,traditional,0.034304,0.057344,0.152576,0.244224
1895,traditional,0.035392,0.060416,0.124928,0.220736
1896,traditional,0.040960,0.057344,0.148480,0.246784
1897,traditional,0.040768,0.057344,0.145408,0.243520
1898,traditional,0.036192,0.057344,0.154624,0.248160
1899,traditional,0.032288,0.060416,0.123904,0.216608
1900,traditional,0.044160,0.054272,0.124928,0.223360
1901,traditional,0.034976,0.056320,0.126976,0.218272
1902,traditional,0.035424,0.062464,0.125952,0.223840
1903,traditional,0.035200,0.056320,0.123904,0.215424
1904,traditional,0.049568,0.056320,0.143360,0.249248
1905,traditional,0.031392,0.057344,0.126976,0.215712
1906,traditional,0.036928,0.056320,0.145408,0.238656
1907,traditional,0.033056,0.060416,0.129024,0.222496
1908,traditional,0.037696,0.058368,0.143360,0.239424
1909,traditional,0.035936,0.055296,0.123904,0.215136
1910,traditional,0.032288,0.054272,0.129024,0.215584
1911,traditional,0.036160,0.059392,0.157696,0.253248
1912,traditional,0.034144,0.056320,0.139264,0.229728
1913,traditional,0.036832,0.059392,0.147456,0.243680
1914,traditional,0.039328,0.070656,0.125952,0.235936
1915,traditional,0.040672,0.058368,0.141312,0.240352
1916,traditional,0.031712,0.055296,0.135168,0.222176
1917,traditional,0.031648,0.058368,0.149504,0.239520
1918,traditional,0.032832,0.056320,0.124928,0.214080
1919,traditional,0.039200,0.055296,0.124928,0.219424
1920,traditional,0.032064,0.057344,0.140288,0.229696
1921,traditional,0.030464,0.057344,0.137216,0.225024
1922,traditional,0.036576,0.063488,0.125952,0.226016
1923,traditional,0.032224,0.056320,0.137216,0.225760
1924,traditional,0.035840,0.057344,0.145408,0.238592
1925,traditional,0.032800,0.055296,0.124928,0.213024
1926,traditional,0.044544,0.061440,0.157696,0.263680
1927,traditional,0.031232,0.061440,0.124928,0.217600
1928,traditional,0.033056,0.055296,0.128000,0.216352
1929,traditional,0.032928,0.059392,0.126976,0.219296
1930,traditional,0.031488,0.056320,0.123904,0.211712
1931,traditional,0.040608,0.058368,0.143360,0.242336
1932,traditional,0.032864,0.061440,0.128000,0.222304
1933,traditional,0.039232,0.057344,0.126976,0.223552
1934,traditional,0.032832,0.055296,0.124928,0.213056
1935,traditional,0.031008,0.057344,0.126976,0.215328
1936,traditional,0.033888,0.055296,0.123904,0.213088
1937,traditional,0.031584,0.056320,0.123904,0.211808
1938,traditional,0.033120,0.054272,0.123904,0.211296
1939,traditional,0.032736,0.064512,0.124928,0.222176
1940,traditional,0.031488,0.058368,0.131072,0.220928
1941,traditional,0.033376,0.056320,0.123904,0.213600
1942,traditional,0.033024,0.059392,0.125952,0.218368
1943,traditional,0.035616,0.054272,0.124928,0.214816
1944,traditional,0.030912,0.056320,0.124928,0.212160
1945,traditional,0.031424,0.055296,0.130048,0.216768
1946,traditional,0.033600,0.058368,0.128000,0.219968
1947,traditional,0.037472,0.065536,0.153600,0.256608
1948,traditional,0.036000,0.056320,0.124928,0.217248
1949,traditional,0.035840,0.068608,0.143360,0.247808
1950,traditional,0.032000,0.059392,0.126976,0.218368
1951,traditional,0.037312,0.057344,0.142336,0.236992
1952,traditional,0.043264,0.062464,0.128000,0.233728
1953,traditional,0.037152,0.057344,0.151552,0.246048
1954,traditional,0.035040,0.059392,0.125952,0.220384
1955,traditional,0.037280,0.068608,0.143360,0.249248
1956,traditional,0.031776,0.056320,0.123904,0.212000
1957,traditional,0.033600,0.055296,0.124928,0.213824
1958,traditional,0.037280,0.059392,0.146432,0.243104
1959,traditional,0.031872,0.073728,0.136192,0.241792
1960,traditional,0.035296,0.056320,0.136192,0.227808
1961,traditional,0.033664,0.058368,0.131072,0.223104
1962,traditional,0.032032,0.060416,0.136192,0.228640
1963,traditional,0.035136,0.066560,0.123904,0.225600
1964,traditional,0.031328,0.057344,0.129024,0.217696
1965,traditional,0.039968,0.057344,0.141312,0.238624
1966,traditional,0.036352,0.056320,0.126976,0.219648
1967,traditional,0.031232,0.062464,0.123904,0.217600
1968,traditional,0.035040,0.057344,0.125952,0.218336
1969,traditional,0.031520,0.055296,0.124928,0.211744
1970,traditional,0.032128,0.059392,0.140288,0.231808
1971,traditional,0.032480,0.055296,0.140288,0.228064
1972,traditional,0.044448,0.055296,0.124928,0.224672
1973,traditional,0.033120,0.059392,0.137216,0.229728
1974,traditional,0.035520,0.055296,0.124928,0.215744
1975,traditional,0.033312,0.055296,0.137216,0.225824
1976,traditional,0.032608,0.071680,0.131072,0.235360
1977,traditional,0.034496,0.055296,0.129024,0.218816
1978,traditional,0.035776,0.058368,0.125952,0.220096
1979,traditional,0.033184,0.055296,0.123904,0.212384
1980,traditional,0.035648,0.063488,0.137216,0.236352
1981,traditional,0.031872,0.055296,0.123904,0.211072
1982,traditional,0.031008,0.055296,0.133120,0.219424
1983,traditional,0.033984,0.059392,0.131072,0.224448
1984,traditional,0.032128,0.063488,0.123904,0.219520
1985,traditional,0.035072,0.061440,0.123904,0.220416
1986,traditional,0.031808,0.055296,0.123904,0.211008
1987,traditional,0.037760,0.061440,0.132096,0.231296
1988,traditional,0.033248,0.055296,0.124928,0.213472
1989,traditional,0.031392,0.063488,0.125952,0.220832
1990,traditional,0.051296,0.062464,0.147456,0.261216
1991,traditional,0.035264,0.055296,0.125952,0.216512
1992,traditional,0.037664,0.057344,0.153600,0.248608
1993,traditional,0.055264,0.064512,0.124928,0.244704
1994,traditional,0.038304,0.061440,0.147456,0.247200
1995,traditional,0.043776,0.056320,0.124928,0.225024
1996,traditional,0.031392,0.055296,0.137216,0.223904
1997,traditional,0.035584,0.074752,0.172032,0.282368
1998,traditional,0.057952,0.057344,0.124928,0.240224
1999,traditional,0.032064,0.055296,0.124928,0.212288
2000,traditional,0.032416,0.054272,0.124928,0.211616
2001,traditional,0.031840,0.057344,0.124928,0.214112
2002,traditional,0.032096,0.055296,0.123904,0.211296
2003,traditional,0.031488,0.055296,0.124928,0.211712
2004,traditional,0.032608,0.055296,0.139264,0.227168
2005,traditional,0.032448,0.057344,0.123904,0.213696
2006,traditional,0.032288,0.056320,0.123904,0.212512
2007,traditional,0.031936,0.057344,0.123904,0.213184
2008,traditional,0.032768,0.054272,0.137216,0.224256
2009,traditional,0.032096,0.058368,0.123904,0.214368
2010,traditional,0.032192,0.057344,0.128000,0.217536
2011,traditional,0.031808,0.056320,0.128000,0.216128
2012,traditional,0.032512,0.055296,0.128000,0.215808
2013,traditional,0.032288,0.055296,0.124928,0.212512
2014,traditional,0.032160,0.056320,0.123904,0.212384
2015,traditional,0.032128,0.067584,0.151552,0.251264
2016,traditional,0.031712,0.057344,0.128000,0.217056
2017,traditional,0.032320,0.055296,0.123904,0.211520
2018,traditional,0.034560,0.057344,0.132096,0.224000
2019,traditional,0.032192,0.055296,0.124928,0.212416
2020,traditional,0.031424,0.055296,0.133120,0.219840
2021,traditional,0.032288,0.055296,0.124928,0.212512
2022,traditional,0.032512,0.057344,0.124928,0.214784
2023,traditional,0.044512,0.055296,0.124928,0.224736
2024,traditional,0.033952,0.055296,0.124928,0.214176
2025,traditional,0.032640,0.057344,0.123904,0.213888
2026,traditional,0.032576,0.056320,0.123904,0.212800
2027,traditional,0.031552,0.056320,0.124928,0.212800
2028,traditional,0.033760,0.055296,0.124928,0.213984
2029,traditional,0.031904,0.057344,0.124928,0.214176
2030,traditional,0.032672,0.055296,0.123904,0.211872
2031,traditional,0.036384,0.058368,0.126976,0.221728
2032,traditional,0.032576,0.055296,0.129024,0.216896
2033,traditional,0.031712,0.062464,0.123904,0.218080
2034,traditional,0.031744,0.056320,0.140288,0.228352
2035,traditional,0.032192,0.064512,0.124928,0.221632
2036,traditional,0.033696,0.060416,0.128000,0.222112
2037,traditional,0.032704,0.056320,0.124928,0.213952
2038,traditional,0.036928,0.055296,0.129024,0.221248
2039,traditional,0.031616,0.057344,0.124928,0.213888
2040,traditional,0.032032,0.057344,0.124928,0.214304
2041,traditional,0.031392,0.056320,0.124928,0.212640
2042,traditional,0.036864,0.081920,0.131072,0.249856
2043,traditional,0.039968,0.055296,0.124928,0.220192
2044,traditional,0.035232,0.059392,0.142336,0.236960
2045,traditional,0.031296,0.056320,0.140288,0.227904
2046,traditional,0.037408,0.056320,0.149504,0.243232
2047,traditional,0.032128,0.055296,0.123904,0.211328
2048,traditional,0.032384,0.055296,0.137216,0.224896
2049,traditional,0.032672,0.056320,0.123904,0.212896
2050,traditional,0.034560,0.062464,0.124928,0.221952
2051,traditional,0.031392,0.057344,0.124928,0.213664
2052,traditional,0.043296,0.056320,0.123904,0.223520
2053,traditional,0.031680,0.055296,0.124928,0.211904
2054,traditional,0.039648,0.056320,0.123904,0.219872
2055,traditional,0.034848,0.055296,0.123904,0.214048
2056,traditional,0.031104,0.061440,0.124928,0.217472
2057,traditional,0.031040,0.055296,0.124928,0.211264
2058,traditional,0.034496,0.066560,0.124928,0.225984
2059,traditional,0.030944,0.056320,0.136192,0.223456
2060,traditional,0.041760,0.062464,0.124928,0.229152
2061,traditional,0.033984,0.066560,0.124928,0.225472
2062,traditional,0.031744,0.058368,0.123904,0.214016
2063,traditional,0.032160,0.056320,0.131072,0.219552
2064,traditional,0.031520,0.062464,0.140288,0.234272
2065,traditional,0.032640,0.057344,0.140288,0.230272
2066,traditional,0.032640,0.055296,0.132096,0.220032
2067,traditional,0.031456,0.057344,0.152576,0.241376
2068,traditional,0.031200,0.062464,0.138240,0.231904
2069,traditional,0.032640,0.058368,0.125952,0.216960
2070,traditional,0.049440,0.062464,0.156672,0.268576
2071,traditional,0.041536,0.055296,0.124928,0.221760
2072,traditional,0.049728,0.064512,0.145408,0.259648
2073,traditional,0.039264,0.071680,0.136192,0.247136
2074,traditional,0.036512,0.058368,0.154624,0.249504
2075,traditional,0.035776,0.056320,0.130048,0.222144
2076,traditional,0.031616,0.056320,0.123904,0.211840
2077,traditional,0.049184,0.077824,0.144384,0.271392
2078,traditional,0.031680,0.058368,0.123904,0.213952
2079,traditional,0.030848,0.055296,0.130048,0.216192
2080,traditional,0.033600,0.060416,0.152576,0.246592
2081,traditional,0.032320,0.055296,0.124928,0.212544
2082,traditional,0.032320,0.055296,0.124928,0.212544
2083,traditional,0.042528,0.062464,0.144384,0.249376
2084,traditional,0.044992,0.057344,0.143360,0.245696
2085,traditional,0.033952,0.057344,0.124928,0.216224
2086,traditional,0.046432,0.060416,0.144384,0.251232
2087,traditional,0.043296,0.055296,0.124928,0.223520
2088,traditional,0.049984,0.059392,0.142336,0.251712
2089,traditional,0.041248,0.057344,0.123904,0.222496
2090,traditional,0.032128,0.055296,0.136192,0.223616
2091,traditional,0.043872,0.061440,0.124928,0.230240
2092,traditional,0.031936,0.057344,0.123904,0.213184
2093,traditional,0.032512,0.057344,0.155648,0.245504
2094,traditional,0.042336,0.057344,0.128000,0.227680
2095,traditional,0.048640,0.058368,0.128000,0.235008
2096,traditional,0.032128,0.056320,0.124928,0.213376
2097,traditional,0.031200,0.055296,0.128000,0.214496
2098,traditional,0.038656,0.055296,0.123904,0.217856
2099,traditional,0.032320,0.056320,0.124928,0.213568
2100,traditional,0.045248,0.057344,0.125952,0.228544
