frame,renderPath,shadowMs,sceneMs,postProcessMs,frameMs
1,traditional,0.060480,0.775168,0.260096,1.095744
2,traditional,0.061376,0.794624,0.323584,1.179584
3,traditional,0.060864,0.792576,0.319488,1.172928
4,traditional,0.060352,0.809984,0.321536,1.191872
5,traditional,0.063392,1.229824,0.324608,1.617824
6,traditional,0.064288,1.169408,0.322560,1.556256
7,traditional,0.061120,0.233472,0.161792,0.456384
8,traditional,0.061536,0.227328,0.160768,0.449632
9,traditional,0.067392,0.248832,0.165888,0.482112
10,traditional,0.063616,0.240640,0.179200,0.483456
11,traditional,0.058272,0.230400,0.159744,0.448416
12,traditional,0.058688,0.228352,0.164864,0.451904
13,traditional,0.067616,0.244736,0.357376,0.669728
14,traditional,0.059744,0.240640,0.163840,0.464224
15,traditional,0.060736,0.225280,0.160768,0.446784
16,traditional,0.058880,0.225280,0.163840,0.448000
17,traditional,0.058880,0.227328,0.160768,0.446976
18,traditional,0.058912,0.228352,0.160768,0.448032
19,traditional,0.058816,0.238592,0.159744,0.457152
20,traditional,0.058880,0.229376,0.161792,0.450048
21,traditional,0.085344,0.258048,0.205824,0.549216
22,traditional,0.061152,0.226304,0.158720,0.446176
23,traditional,0.062752,0.235520,0.159744,0.458016
24,traditional,0.058976,0.224256,0.157696,0.440928
25,traditional,0.058752,0.238592,0.157696,0.455040
26,traditional,0.058880,0.231424,0.168960,0.459264
27,traditional,0.059456,0.226304,0.169984,0.455744
28,traditional,0.059136,0.238592,0.156672,0.454400
29,traditional,0.059328,0.238592,0.156672,0.454592
30,traditional,0.059552,0.240640,0.161792,0.461984
31,traditional,0.062432,0.236544,0.157696,0.456672
32,traditional,0.059328,0.253952,0.165888,0.479168
33,traditional,0.068704,0.225280,0.161792,0.455776
34,traditional,0.059456,0.235520,0.156672,0.451648
35,traditional,0.059104,0.225280,0.159744,0.444128
36,traditional,0.059520,0.235520,0.160768,0.455808
37,traditional,0.061600,0.238592,0.151552,0.451744
38,traditional,0.063040,0.240640,0.167936,0.471616
39,traditional,0.064000,0.244736,0.172032,0.480768
40,traditional,0.062688,0.227328,0.150528,0.440544
41,traditional,0.060736,0.225280,0.150528,0.436544
42,traditional,0.062560,0.235520,0.407552,0.705632
43,traditional,0.059424,0.231424,0.151552,0.442400
44,traditional,0.059776,0.231424,0.150528,0.441728
45,traditional,0.062464,0.252928,0.151552,0.466944
46,traditional,0.060576,0.237568,0.501760,0.799904
47,traditional,0.062400,0.247808,0.347136,0.657344
48,traditional,0.058752,0.224256,0.151552,0.434560
49,traditional,0.059264,0.240640,0.151552,0.451456
50,traditional,0.059040,0.225280,0.150528,0.434848
51,traditional,0.080544,0.272384,0.194560,0.547488
52,traditional,0.080832,0.270336,0.193536,0.544704
53,traditional,0.089024,0.268288,0.191488,0.548800
54,traditional,0.082752,0.271360,0.197632,0.551744
55,traditional,0.079008,0.275456,0.192512,0.546976
56,traditional,0.082624,0.271360,0.206848,0.560832
57,traditional,0.089696,0.278528,0.194560,0.562784
58,traditional,0.079744,0.272384,0.207872,0.560000
59,traditional,0.088736,0.287744,0.193536,0.570016
60,traditional,0.082592,0.268288,0.195584,0.546464
61,traditional,0.078560,0.271360,0.191488,0.541408
62,traditional,0.080160,0.279552,0.195584,0.555296
63,traditional,0.079200,0.274432,0.191488,0.545120
64,traditional,0.087264,0.275456,0.193536,0.556256
65,traditional,0.103008,0.285696,0.195584,0.584288
66,traditional,0.087424,0.291840,0.195584,0.574848
67,traditional,0.079648,0.277504,0.190464,0.547616
68,traditional,0.081536,0.268288,0.190464,0.540288
69,traditional,0.079040,0.275456,0.195584,0.550080
70,traditional,0.078304,0.283648,0.199680,0.561632
71,traditional,0.090912,0.283648,0.191488,0.566048
72,traditional,0.079072,0.278528,0.192512,0.550112
73,traditional,0.079008,0.279552,0.195584,0.554144
74,traditional,0.091360,0.268288,0.196608,0.556256
75,traditional,0.089408,0.271360,0.195584,0.556352
76,traditional,0.083744,0.268288,0.193536,0.545568
77,traditional,0.079296,0.268288,0.192512,0.540096
78,traditional,0.090432,0.293888,0.192512,0.576832
79,traditional,0.084448,0.280576,0.193536,0.558560
80,traditional,0.081696,0.276480,0.194560,0.552736
81,traditional,0.083136,0.278528,0.191488,0.553152
82,traditional,0.082368,0.293888,0.195584,0.571840
83,traditional,0.078848,0.267264,0.193536,0.539648
84,traditional,0.080256,0.271360,0.191488,0.543104
85,traditional,0.078560,0.284672,0.191488,0.554720
86,traditional,0.080992,0.273408,0.192512,0.546912
87,traditional,0.079136,0.267264,0.205824,0.552224
88,traditional,0.078720,0.268288,0.197632,0.544640
89,traditional,0.079008,0.274432,0.195584,0.549024
90,traditional,0.079200,0.270336,0.195584,0.545120
91,traditional,0.089856,0.267264,0.203776,0.560896
92,traditional,0.081408,0.280576,0.203776,0.565760
93,traditional,0.089728,0.302080,0.201728,0.593536
94,traditional,0.091360,0.269312,0.214016,0.574688
95,traditional,0.087936,0.273408,0.199680,0.561024
96,traditional,0.079392,0.302080,0.190464,0.571936
97,traditional,0.081536,0.271360,0.221184,0.574080
98,traditional,0.082816,0.268288,0.206848,0.557952
99,traditional,0.089984,0.275456,0.200704,0.566144
100,traditional,0.079328,0.282624,0.193536,0.555488
101,traditional,0.086880,0.282624,0.191488,0.560992
102,traditional,0.077984,0.270336,0.196608,0.544928
103,traditional,0.082720,0.283648,0.190464,0.556832
104,traditional,0.085856,0.272384,0.198656,0.556896
105,traditional,0.079264,0.271360,0.196608,0.547232
106,traditional,0.116320,0.278528,0.203776,0.598624
107,traditional,0.078560,0.278528,0.191488,0.548576
108,traditional,0.090976,0.272384,0.196608,0.559968
109,traditional,0.090976,0.273408,0.203776,0.568160
110,traditional,0.082688,0.269312,0.190464,0.542464
111,traditional,0.079712,0.267264,0.192512,0.539488
112,traditional,0.091648,0.270336,0.192512,0.554496
113,traditional,0.080032,0.272384,0.195584,0.548000
114,traditional,0.078880,0.274432,0.196608,0.549920
115,traditional,0.088928,0.274432,0.191488,0.554848
116,traditional,0.084800,0.267264,0.191488,0.543552
117,traditional,0.079200,0.269312,0.191488,0.540000
118,traditional,0.082816,0.271360,0.193536,0.547712
119,traditional,0.088928,0.285696,0.195584,0.570208
120,traditional,0.078880,0.278528,0.204800,0.562208
121,traditional,0.083936,0.291840,0.197632,0.573408
122,traditional,0.078560,0.280576,0.191488,0.550624
123,traditional,0.082880,0.301056,0.192512,0.576448
124,traditional,0.104000,0.272384,0.204800,0.581184
125,traditional,0.078496,0.268288,0.215040,0.561824
126,traditional,0.088864,0.296960,0.195584,0.581408
127,traditional,0.079072,0.282624,0.191488,0.553184
128,traditional,0.081984,0.284672,0.191488,0.558144
129,traditional,0.089248,0.283648,0.203776,0.576672
130,traditional,0.079328,0.271360,0.203776,0.554464
131,traditional,0.081760,0.267264,0.194560,0.543584
132,traditional,0.079936,0.286720,0.201728,0.568384
133,traditional,0.079552,0.269312,0.191488,0.540352
134,traditional,0.079072,0.281600,0.205824,0.566496
135,traditional,0.088928,0.278528,0.193536,0.560992
136,traditional,0.077952,0.286720,0.197632,0.562304
137,traditional,0.087872,0.276480,0.207872,0.572224
138,traditional,0.090464,0.269312,0.201728,0.561504
139,traditional,0.088320,0.279552,0.203776,0.571648
140,traditional,0.078976,0.281600,0.204800,0.565376
141,traditional,0.092128,0.279552,0.191488,0.563168
142,traditional,0.090976,0.267264,0.194560,0.552800
143,traditional,0.087488,0.279552,0.195584,0.562624
144,traditional,0.091520,0.286720,0.202752,0.580992
145,traditional,0.089344,0.287744,0.193536,0.570624
146,traditional,0.089344,0.303104,0.228352,0.620800
147,traditional,0.079136,0.281600,0.198656,0.559392
148,traditional,0.079552,0.267264,0.204800,0.551616
149,traditional,0.079648,0.278528,0.192512,0.550688
150,traditional,0.078112,0.274432,0.206848,0.559392
151,traditional,0.078912,0.271360,0.191488,0.541760
152,traditional,0.080320,0.292864,0.192512,0.565696
153,traditional,0.088224,0.302080,0.195584,0.585888
154,traditional,0.081888,0.277504,0.193536,0.552928
155,traditional,0.090528,0.279552,0.193536,0.563616
156,traditional,0.079808,0.267264,0.195584,0.542656
157,traditional,0.079648,0.267264,0.191488,0.538400
158,traditional,0.080096,0.276480,0.190464,0.547040
159,traditional,0.078880,0.287744,0.202752,0.569376
160,traditional,0.082304,0.275456,0.192512,0.550272
161,traditional,0.083840,0.281600,0.192512,0.557952
162,traditional,0.081344,0.299008,0.204800,0.585152
163,traditional,0.078336,0.270336,0.198656,0.547328
164,traditional,0.081472,0.272384,0.221184,0.575040
165,traditional,0.078336,0.278528,0.201728,0.558592
166,traditional,0.088992,0.269312,0.192512,0.550816
167,traditional,0.081504,0.278528,0.199680,0.559712
168,traditional,0.079712,0.278528,0.196608,0.554848
169,traditional,0.087456,0.271360,0.192512,0.551328
170,traditional,0.078368,0.275456,0.191488,0.545312
171,traditional,0.089920,0.276480,0.192512,0.558912
172,traditional,0.082400,0.268288,0.196608,0.547296
173,traditional,0.081760,0.271360,0.195584,0.548704
174,traditional,0.090464,0.269312,0.192512,0.552288
175,traditional,0.079008,0.278528,0.192512,0.550048
176,traditional,0.080192,0.267264,0.204800,0.552256
177,traditional,0.088000,0.279552,0.190464,0.558016
178,traditional,0.078048,0.283648,0.193536,0.555232
179,traditional,0.086080,0.274432,0.193536,0.554048
180,traditional,0.078272,0.270336,0.198656,0.547264
181,traditional,0.078208,0.270336,0.191488,0.540032
182,traditional,0.089056,0.273408,0.193536,0.556000
183,traditional,0.079008,0.269312,0.191488,0.539808
184,traditional,0.087776,0.274432,0.195584,0.557792
185,traditional,0.081088,0.266240,0.202752,0.550080
186,traditional,0.082272,0.269312,0.194560,0.546144
187,traditional,0.090624,0.278528,0.190464,0.559616
188,traditional,0.090912,0.281600,0.192512,0.565024
189,traditional,0.079168,0.274432,0.192512,0.546112
190,traditional,0.080064,0.268288,0.195584,0.543936
191,traditional,0.078720,0.268288,0.192512,0.539520
192,traditional,0.091008,0.275456,0.192512,0.558976
193,traditional,0.087424,0.274432,0.192512,0.554368
194,traditional,0.082784,0.268288,0.196608,0.547680
195,traditional,0.078688,0.268288,0.201728,0.548704
196,traditional,0.089248,0.279552,0.196608,0.565408
197,traditional,0.078176,0.268288,0.216064,0.562528
198,traditional,0.079456,0.269312,0.196608,0.545376
199,traditional,0.089536,0.275456,0.192512,0.557504
200,traditional,0.079584,0.270336,0.191488,0.541408
201,traditional,0.091872,0.278528,0.193536,0.563936
202,traditional,0.078720,0.269312,0.195584,0.543616
203,traditional,0.079904,0.267264,0.191488,0.538656
204,traditional,0.078656,0.269312,0.192512,0.540480
205,traditional,0.079872,0.266240,0.191488,0.537600
206,traditional,0.078944,0.274432,0.191488,0.544864
207,traditional,0.078656,0.267264,0.194560,0.540480
208,traditional,0.083840,0.269312,0.192512,0.545664
209,traditional,0.078144,0.270336,0.191488,0.539968
210,traditional,0.080032,0.276480,0.197632,0.554144
211,traditional,0.081568,0.277504,0.202752,0.561824
212,traditional,0.087552,0.290816,0.205824,0.584192
213,traditional,0.089344,0.273408,0.198656,0.561408
214,traditional,0.081120,0.269312,0.192512,0.542944
215,traditional,0.079488,0.279552,0.192512,0.551552
216,traditional,0.078624,0.282624,0.206848,0.568096
217,traditional,0.080800,0.279552,0.195584,0.555936
218,traditional,0.088448,0.272384,0.192512,0.553344
219,traditional,0.081760,0.268288,0.202752,0.552800
220,traditional,0.090400,0.267264,0.190464,0.548128
221,traditional,0.087040,0.269312,0.192512,0.548864
222,traditional,0.079712,0.267264,0.192512,0.539488
223,traditional,0.079264,0.275456,0.198656,0.553376
224,traditional,0.091904,0.267264,0.204800,0.563968
225,traditional,0.101248,0.273408,0.206848,0.581504
226,traditional,0.079904,0.267264,0.194560,0.541728
227,traditional,0.079520,0.286720,0.214016,0.580256
228,traditional,0.088000,0.276480,0.192512,0.556992
229,traditional,0.078464,0.271360,0.201728,0.551552
230,traditional,0.083264,0.275456,0.221184,0.579904
231,traditional,0.078752,0.279552,0.191488,0.549792
232,traditional,0.078752,0.271360,0.193536,0.543648
233,traditional,0.078752,0.271360,0.190464,0.540576
234,traditional,0.079168,0.269312,0.192512,0.540992
235,traditional,0.078176,0.268288,0.191488,0.537952
236,traditional,0.078752,0.275456,0.196608,0.550816
237,traditional,0.082912,0.282624,0.192512,0.558048
238,traditional,0.078048,0.270336,0.191488,0.539872
239,traditional,0.081952,0.269312,0.191488,0.542752
240,traditional,0.092608,0.300032,0.192512,0.585152
241,traditional,0.081344,0.284672,0.192512,0.558528
242,traditional,0.078816,0.268288,0.193536,0.540640
243,traditional,0.089184,0.285696,0.193536,0.568416
244,traditional,0.082144,0.275456,0.197632,0.555232
245,traditional,0.079616,0.281600,0.202752,0.563968
246,traditional,0.091072,0.300032,0.201728,0.592832
247,traditional,0.079456,0.278528,0.191488,0.549472
248,traditional,0.088064,0.267264,0.195584,0.550912
249,traditional,0.078496,0.276480,0.192512,0.547488
250,traditional,0.082784,0.272384,0.203776,0.558944
251,traditional,0.091232,0.270336,0.191488,0.553056
252,traditional,0.103360,0.270336,0.195584,0.569280
253,traditional,0.091200,0.272384,0.196608,0.560192
254,traditional,0.087744,0.276480,0.198656,0.562880
255,traditional,0.079872,0.279552,0.196608,0.556032
256,traditional,0.085088,0.272384,0.196608,0.554080
257,traditional,0.081120,0.285696,0.191488,0.558304
258,traditional,0.088864,0.274432,0.194560,0.557856
259,traditional,0.087680,0.278528,0.202752,0.568960
260,traditional,0.081760,0.277504,0.198656,0.557920
261,traditional,0.088256,0.272384,0.195584,0.556224
262,traditional,0.081504,0.276480,0.196608,0.554592
263,traditional,0.100128,0.269312,0.202752,0.572192
264,traditional,0.080928,0.270336,0.201728,0.552992
265,traditional,0.078432,0.292864,0.194560,0.565856
266,traditional,0.084192,0.276480,0.190464,0.551136
267,traditional,0.079968,0.278528,0.194560,0.553056
268,traditional,0.087552,0.275456,0.194560,0.557568
269,traditional,0.086784,0.268288,0.192512,0.547584
270,traditional,0.078720,0.280576,0.203776,0.563072
271,traditional,0.078784,0.279552,0.193536,0.551872
272,traditional,0.087168,0.273408,0.200704,0.561280
273,traditional,0.083104,0.267264,0.191488,0.541856
274,traditional,0.082400,0.279552,0.201728,0.563680
275,traditional,0.078880,0.267264,0.191488,0.537632
276,traditional,0.088896,0.283648,0.202752,0.575296
277,traditional,0.083360,0.267264,0.190464,0.541088
278,traditional,0.079456,0.273408,0.190464,0.543328
279,traditional,0.078656,0.278528,0.192512,0.549696
280,traditional,0.079136,0.271360,0.192512,0.543008
281,traditional,0.079040,0.275456,0.193536,0.548032
282,traditional,0.083456,0.291840,0.203776,0.579072
283,traditional,0.079264,0.269312,0.191488,0.540064
284,traditional,0.078656,0.280576,0.194560,0.553792
285,traditional,0.079136,0.280576,0.191488,0.551200
286,traditional,0.078624,0.270336,0.192512,0.541472
287,traditional,0.078688,0.280576,0.206848,0.566112
288,traditional,0.082048,0.279552,0.192512,0.554112
289,traditional,0.077920,0.270336,0.191488,0.539744
290,traditional,0.079968,0.281600,0.204800,0.566368
291,traditional,0.078432,0.266240,0.205824,0.550496
292,traditional,0.079136,0.283648,0.216064,0.578848
293,traditional,0.079072,0.297984,0.194560,0.571616
294,traditional,0.088608,0.277504,0.202752,0.568864
295,traditional,0.080544,0.284672,0.195584,0.560800
296,traditional,0.088864,0.272384,0.193536,0.554784
297,traditional,0.078944,0.276480,0.191488,0.546912
298,traditional,0.088640,0.285696,0.200704,0.575040
299,traditional,0.078080,0.279552,0.192512,0.550144
300,traditional,0.083232,0.293888,0.198656,0.575776
301,traditional,0.079040,0.273408,0.194560,0.547008
302,traditional,0.080032,0.305152,0.201728,0.586912
303,traditional,0.080320,0.267264,0.205824,0.553408
304,traditional,0.090720,0.282624,0.204800,0.578144
305,traditional,0.078560,0.288768,0.191488,0.558816
306,traditional,0.079392,0.281600,0.220160,0.581152
307,traditional,0.079232,0.271360,0.191488,0.542080
308,traditional,0.079264,0.271360,0.192512,0.543136
309,traditional,0.090080,0.274432,0.191488,0.556000
310,traditional,0.079424,0.268288,0.205824,0.553536
311,traditional,0.078976,0.267264,0.193536,0.539776
312,traditional,0.090720,0.273408,0.193536,0.557664
313,traditional,0.078688,0.277504,0.197632,0.553824
314,traditional,0.083424,0.269312,0.206848,0.559584
315,traditional,0.078560,0.280576,0.211968,0.571104
316,traditional,0.079040,0.277504,0.191488,0.548032
317,traditional,0.092928,0.294912,0.194560,0.582400
318,traditional,0.079200,0.278528,0.215040,0.572768
319,traditional,0.083616,0.278528,0.207872,0.570016
320,traditional,0.078688,0.269312,0.206848,0.554848
321,traditional,0.077952,0.268288,0.193536,0.539776
322,traditional,0.079584,0.307200,0.199680,0.586464
323,traditional,0.078880,0.279552,0.219136,0.577568
324,traditional,0.078816,0.269312,0.192512,0.540640
325,traditional,0.078752,0.288768,0.200704,0.568224
326,traditional,0.082144,0.270336,0.196608,0.549088
327,traditional,0.079520,0.267264,0.204800,0.551584
328,traditional,0.081824,0.269312,0.191488,0.542624
329,traditional,0.078752,0.281600,0.205824,0.566176
330,traditional,0.079104,0.273408,0.192512,0.545024
331,traditional,0.078656,0.278528,0.191488,0.548672
332,traditional,0.079648,0.269312,0.217088,0.566048
333,traditional,0.078720,0.272384,0.192512,0.543616
334,traditional,0.079488,0.270336,0.191488,0.541312
335,traditional,0.078720,0.270336,0.190464,0.539520
336,traditional,0.078784,0.268288,0.195584,0.542656
337,traditional,0.080192,0.268288,0.191488,0.539968
338,traditional,0.079040,0.279552,0.206848,0.565440
339,traditional,0.090272,0.272384,0.202752,0.565408
340,traditional,0.079680,0.269312,0.192512,0.541504
341,traditional,0.081632,0.277504,0.191488,0.550624
342,traditional,0.078560,0.280576,0.195584,0.554720
343,traditional,0.078432,0.269312,0.204800,0.552544
344,traditional,0.079168,0.269312,0.198656,0.547136
345,traditional,0.079456,0.268288,0.192512,0.540256
346,traditional,0.082368,0.288768,0.192512,0.563648
347,traditional,0.082720,0.280576,0.191488,0.554784
348,traditional,0.081664,0.275456,0.192512,0.549632
349,traditional,0.082048,0.277504,0.193536,0.553088
350,traditional,0.090944,0.288768,0.193536,0.573248
351,traditional,0.080736,0.271360,0.211968,0.564064
352,traditional,0.080768,0.269312,0.200704,0.550784
353,traditional,0.082592,0.292864,0.193536,0.568992
354,traditional,0.082304,0.270336,0.206848,0.559488
355,traditional,0.077728,0.290816,0.191488,0.560032
356,traditional,0.088640,0.280576,0.193536,0.562752
357,traditional,0.077920,0.290816,0.196608,0.565344
358,traditional,0.079456,0.277504,0.193536,0.550496
359,traditional,0.082848,0.273408,0.201728,0.557984
360,traditional,0.097312,0.295936,0.203776,0.597024
361,traditional,0.077568,0.289792,0.204800,0.572160
362,traditional,0.082368,0.267264,0.215040,0.564672
363,traditional,0.082368,0.276480,0.190464,0.549312
364,traditional,0.099808,0.271360,0.191488,0.562656
365,traditional,0.078688,0.273408,0.194560,0.546656
366,traditional,0.079712,0.278528,0.203776,0.562016
367,traditional,0.081888,0.268288,0.191488,0.541664
368,traditional,0.089536,0.273408,0.198656,0.561600
369,traditional,0.089792,0.284672,0.193536,0.568000
370,traditional,0.090496,0.276480,0.195584,0.562560
371,traditional,0.078016,0.278528,0.193536,0.550080
372,traditional,0.095936,0.281600,0.205824,0.583360
373,traditional,0.079296,0.278528,0.192512,0.550336
374,traditional,0.079584,0.272384,0.191488,0.543456
375,traditional,0.079744,0.268288,0.190464,0.538496
376,traditional,0.082976,0.270336,0.199680,0.552992
377,traditional,0.088928,0.271360,0.206848,0.567136
378,traditional,0.078368,0.305152,0.192512,0.576032
379,traditional,0.089824,0.276480,0.192512,0.558816
380,traditional,0.078976,0.292864,0.196608,0.568448
381,traditional,0.078656,0.278528,0.201728,0.558912
382,traditional,0.090880,0.276480,0.208896,0.576256
383,traditional,0.081312,0.266240,0.226304,0.573856
384,traditional,0.089600,0.272384,0.200704,0.562688
385,traditional,0.086784,0.283648,0.195584,0.566016
386,traditional,0.079424,0.270336,0.193536,0.543296
387,traditional,0.078848,0.267264,0.194560,0.540672
388,traditional,0.078336,0.271360,0.192512,0.542208
389,traditional,0.091232,0.266240,0.206848,0.564320
390,traditional,0.079072,0.277504,0.193536,0.550112
391,traditional,0.082080,0.282624,0.201728,0.566432
392,traditional,0.082176,0.282624,0.193536,0.558336
393,traditional,0.088672,0.272384,0.192512,0.553568
394,traditional,0.080992,0.279552,0.204800,0.565344
395,traditional,0.078016,0.271360,0.191488,0.540864
396,traditional,0.089376,0.277504,0.201728,0.568608
397,traditional,0.079040,0.267264,0.195584,0.541888
398,traditional,0.078592,0.278528,0.214016,0.571136
399,traditional,0.078784,0.279552,0.206848,0.565184
400,traditional,0.090880,0.279552,0.193536,0.563968
401,traditional,0.078880,0.268288,0.192512,0.539680
402,traditional,0.091776,0.273408,0.194560,0.559744
403,traditional,0.079584,0.271360,0.202752,0.553696
404,traditional,0.088544,0.269312,0.193536,0.551392
405,traditional,0.081120,0.275456,0.215040,0.571616
406,traditional,0.080064,0.270336,0.193536,0.543936
407,traditional,0.081376,0.267264,0.191488,0.540128
408,traditional,0.080160,0.271360,0.193536,0.545056
409,traditional,0.078720,0.278528,0.192512,0.549760
410,traditional,0.079488,0.270336,0.202752,0.552576
411,traditional,0.078464,0.271360,0.192512,0.542336
412,traditional,0.078304,0.268288,0.192512,0.539104
413,traditional,0.078016,0.269312,0.206848,0.554176
414,traditional,0.079232,0.270336,0.193536,0.543104
415,traditional,0.079552,0.278528,0.202752,0.560832
416,traditional,0.083296,0.277504,0.195584,0.556384
417,traditional,0.078912,0.275456,0.196608,0.550976
418,traditional,0.090464,0.293888,0.201728,0.586080
419,traditional,0.090240,0.287744,0.191488,0.569472
420,traditional,0.081088,0.273408,0.198656,0.553152
421,traditional,0.090688,0.284672,0.192512,0.567872
422,traditional,0.079776,0.281600,0.200704,0.562080
423,traditional,0.080832,0.268288,0.193536,0.542656
424,traditional,0.078944,0.282624,0.207872,0.569440
425,traditional,0.078496,0.276480,0.204800,0.559776
426,traditional,0.088800,0.270336,0.192512,0.551648
427,traditional,0.087264,0.268288,0.228352,0.583904
428,traditional,0.089824,0.270336,0.202752,0.562912
429,traditional,0.086720,0.267264,0.204800,0.558784
430,traditional,0.079104,0.272384,0.194560,0.546048
431,traditional,0.079264,0.299008,0.192512,0.570784
432,traditional,0.092000,0.269312,0.198656,0.559968
433,traditional,0.082240,0.276480,0.191488,0.550208
434,traditional,0.088768,0.275456,0.194560,0.558784
435,traditional,0.081984,0.277504,0.191488,0.550976
436,traditional,0.087200,0.270336,0.202752,0.560288
437,traditional,0.092576,0.278528,0.192512,0.563616
438,traditional,0.090272,0.284672,0.216064,0.591008
439,traditional,0.077984,0.292864,0.189440,0.560288
440,traditional,0.083360,0.275456,0.212992,0.571808
441,traditional,0.088768,0.279552,0.194560,0.562880
442,traditional,0.079360,0.280576,0.190464,0.550400
443,traditional,0.080096,0.294912,0.197632,0.572640
444,traditional,0.092192,0.270336,0.220160,0.582688
445,traditional,0.081568,0.271360,0.192512,0.545440
446,traditional,0.079264,0.269312,0.191488,0.540064
447,traditional,0.090368,0.277504,0.191488,0.559360
448,traditional,0.079424,0.274432,0.205824,0.559680
449,traditional,0.079328,0.269312,0.190464,0.539104
450,traditional,0.078976,0.276480,0.195584,0.551040
451,traditional,0.078880,0.277504,0.191488,0.547872
452,traditional,0.092960,0.278528,0.190464,0.561952
453,traditional,0.081248,0.269312,0.191488,0.542048
454,traditional,0.081568,0.269312,0.203776,0.554656
455,traditional,0.077664,0.278528,0.190464,0.546656
456,traditional,0.079776,0.274432,0.194560,0.548768
457,traditional,0.079488,0.269312,0.194560,0.543360
458,traditional,0.079552,0.277504,0.192512,0.549568
459,traditional,0.078816,0.267264,0.191488,0.537568
460,traditional,0.078944,0.267264,0.193536,0.539744
461,traditional,0.087200,0.272384,0.191488,0.551072
462,traditional,0.078688,0.268288,0.192512,0.539488
463,traditional,0.078176,0.270336,0.191488,0.540000
464,traditional,0.079296,0.280576,0.192512,0.552384
465,traditional,0.091392,0.269312,0.195584,0.556288
466,traditional,0.083104,0.280576,0.206848,0.570528
467,traditional,0.083264,0.268288,0.207872,0.559424
468,traditional,0.079072,0.299008,0.193536,0.571616
469,traditional,0.078688,0.273408,0.191488,0.543584
470,traditional,0.080160,0.267264,0.208896,0.556320
471,traditional,0.080352,0.268288,0.217088,0.565728
472,traditional,0.078496,0.269312,0.195584,0.543392
473,traditional,0.081792,0.268288,0.205824,0.555904
474,traditional,0.079808,0.268288,0.196608,0.544704
475,traditional,0.078784,0.270336,0.191488,0.540608
476,traditional,0.089792,0.267264,0.190464,0.547520
477,traditional,0.078560,0.279552,0.215040,0.573152
478,traditional,0.078784,0.274432,0.201728,0.554944
479,traditional,0.080672,0.280576,0.204800,0.566048
480,traditional,0.080672,0.280576,0.197632,0.558880
481,traditional,0.079488,0.269312,0.204800,0.553600
482,traditional,0.078528,0.271360,0.194560,0.544448
483,traditional,0.078752,0.270336,0.192512,0.541600
484,traditional,0.083040,0.269312,0.192512,0.544864
485,traditional,0.079360,0.273408,0.206848,0.559616
486,traditional,0.079776,0.273408,0.200704,0.553888
487,traditional,0.088704,0.278528,0.195584,0.562816
488,traditional,0.091008,0.275456,0.201728,0.568192
489,traditional,0.086656,0.274432,0.200704,0.561792
490,traditional,0.078848,0.280576,0.195584,0.555008
491,traditional,0.079008,0.278528,0.196608,0.554144
492,traditional,0.081696,0.271360,0.194560,0.547616
493,traditional,0.080512,0.269312,0.215040,0.564864
494,traditional,0.103584,0.274432,0.191488,0.569504
495,traditional,0.090240,0.271360,0.206848,0.568448
496,traditional,0.091616,0.272384,0.193536,0.557536
497,traditional,0.090272,0.272384,0.200704,0.563360
498,traditional,0.078912,0.278528,0.193536,0.550976
499,traditional,0.079552,0.276480,0.195584,0.551616
500,traditional,0.088672,0.278528,0.200704,0.567904
501,traditional,0.091680,0.275456,0.193536,0.560672
502,traditional,0.083680,0.273408,0.194560,0.551648
503,traditional,0.088032,0.282624,0.205824,0.576480
504,traditional,0.082176,0.285696,0.191488,0.559360
505,traditional,0.083328,0.272384,0.195584,0.551296
506,traditional,0.083072,0.278528,0.194560,0.556160
507,traditional,0.081920,0.285696,0.202752,0.570368
508,traditional,0.088224,0.268288,0.216064,0.572576
509,traditional,0.078944,0.275456,0.195584,0.549984
510,traditional,0.081856,0.270336,0.192512,0.544704
511,traditional,0.079808,0.275456,0.193536,0.548800
512,traditional,0.082496,0.278528,0.196608,0.557632
513,traditional,0.091744,0.295936,0.198656,0.586336
514,traditional,0.090656,0.280576,0.194560,0.565792
515,traditional,0.080960,0.275456,0.194560,0.550976
516,traditional,0.093344,0.329728,0.228352,0.651424
517,traditional,0.092544,0.344064,0.240640,0.677248
518,traditional,0.099168,0.331776,0.238592,0.669536
519,traditional,0.104736,0.339968,0.238592,0.683296
520,traditional,0.107456,0.324608,0.228352,0.660416
521,traditional,0.091360,0.347136,0.226304,0.664800
522,traditional,0.102560,0.334848,0.227328,0.664736
523,traditional,0.093728,0.331776,0.226304,0.651808
524,traditional,0.092992,0.326656,0.228352,0.648000
525,traditional,0.093280,0.330752,0.231424,0.655456
526,traditional,0.105600,0.332800,0.231424,0.669824
527,traditional,0.095552,0.326656,0.227328,0.649536
528,traditional,0.095072,0.326656,0.231424,0.653152
529,traditional,0.092384,0.323584,0.230400,0.646368
530,traditional,0.103168,0.350208,0.231424,0.684800
531,traditional,0.098784,0.337920,0.236544,0.673248
532,traditional,0.092448,0.344064,0.226304,0.662816
533,traditional,0.103648,0.355328,0.230400,0.689376
534,traditional,0.092960,0.324608,0.240640,0.658208
535,traditional,0.103488,0.329728,0.248832,0.682048
536,traditional,0.092672,0.332800,0.235520,0.660992
537,traditional,0.101376,0.329728,0.240640,0.671744
538,traditional,0.096384,0.324608,0.228352,0.649344
539,traditional,0.103040,0.329728,0.228352,0.661120
540,traditional,0.093696,0.335872,0.234496,0.664064
541,traditional,0.106464,0.324608,0.227328,0.658400
542,traditional,0.105344,0.333824,0.228352,0.667520
543,traditional,0.092096,0.328704,0.244736,0.665536
544,traditional,0.095488,0.331776,0.227328,0.654592
545,traditional,0.095360,0.323584,0.231424,0.650368
546,traditional,0.104000,0.338944,0.239616,0.682560
547,traditional,0.109184,0.332800,0.227328,0.669312
548,traditional,0.096608,0.324608,0.229376,0.650592
549,traditional,0.094368,0.332800,0.238592,0.665760
550,traditional,0.092480,0.336896,0.227328,0.656704
551,traditional,0.094944,0.324608,0.231424,0.650976
552,traditional,0.105984,0.331776,0.228352,0.666112
553,traditional,0.092448,0.347136,0.234496,0.674080
554,traditional,0.093600,0.323584,0.231424,0.648608
555,traditional,0.095104,0.336896,0.231424,0.663424
556,traditional,0.096320,0.335872,0.239616,0.671808
557,traditional,0.096192,0.322560,0.228352,0.647104
558,traditional,0.094272,0.331776,0.252928,0.678976
559,traditional,0.095456,0.338944,0.229376,0.663776
560,traditional,0.094528,0.355328,0.231424,0.681280
561,traditional,0.094368,0.330752,0.233472,0.658592
562,traditional,0.094208,0.334848,0.231424,0.660480
563,traditional,0.093504,0.329728,0.234496,0.657728
564,traditional,0.094016,0.352256,0.238592,0.684864
565,traditional,0.097088,0.328704,0.230400,0.656192
566,traditional,0.094208,0.330752,0.231424,0.656384
567,traditional,0.098464,0.339968,0.236544,0.674976
568,traditional,0.093824,0.342016,0.229376,0.665216
569,traditional,0.103360,0.350208,0.241664,0.695232
570,traditional,0.097632,0.328704,0.240640,0.666976
571,traditional,0.094848,0.329728,0.233472,0.658048
572,traditional,0.094112,0.364544,0.231424,0.690080
573,traditional,0.096032,0.342016,0.242688,0.680736
574,traditional,0.095008,0.351232,0.230400,0.676640
575,traditional,0.093568,0.336896,0.241664,0.672128
576,traditional,0.105664,0.328704,0.231424,0.665792
577,traditional,0.096960,0.352256,0.231424,0.680640
578,traditional,0.106400,0.348160,0.231424,0.685984
579,traditional,0.100992,0.337920,0.234496,0.673408
580,traditional,0.100768,0.345088,0.243712,0.689568
581,traditional,0.107552,0.342016,0.237568,0.687136
582,traditional,0.101024,0.348160,0.237568,0.686752
583,traditional,0.106016,0.343040,0.231424,0.680480
584,traditional,0.119488,0.359424,0.236544,0.715456
585,traditional,0.102528,0.352256,0.242688,0.697472
586,traditional,0.098208,0.332800,0.230400,0.661408
587,traditional,0.106432,0.342016,0.231424,0.679872
588,traditional,0.098304,0.339968,0.239616,0.677888
589,traditional,0.096192,0.330752,0.241664,0.668608
590,traditional,0.095904,0.339968,0.246784,0.682656
591,traditional,0.094624,0.375808,0.232448,0.702880
592,traditional,0.096416,0.328704,0.256000,0.681120
593,traditional,0.093312,0.348160,0.246784,0.688256
594,traditional,0.101728,0.350208,0.238592,0.690528
595,traditional,0.094912,0.331776,0.231424,0.658112
596,traditional,0.116768,0.347136,0.259072,0.722976
597,traditional,0.105760,0.346112,0.252928,0.704800
598,traditional,0.097952,0.350208,0.235520,0.683680
599,traditional,0.095296,0.336896,0.245760,0.677952
600,traditional,0.103808,0.334848,0.236544,0.675200
601,traditional,0.097504,0.345088,0.232448,0.675040
602,traditional,0.109632,0.333824,0.233472,0.676928
603,traditional,0.098752,0.337920,0.233472,0.670144
604,traditional,0.096000,0.356352,0.233472,0.685824
605,traditional,0.095168,0.348160,0.234496,0.677824
606,traditional,0.103840,0.334848,0.247808,0.686496
607,traditional,0.100032,0.333824,0.233472,0.667328
608,traditional,0.096064,0.336896,0.232448,0.665408
609,traditional,0.095232,0.336896,0.235520,0.667648
610,traditional,0.095968,0.335872,0.232448,0.664288
611,traditional,0.097120,0.344064,0.256000,0.697184
612,traditional,0.097088,0.345088,0.237568,0.679744
613,traditional,0.096288,0.348160,0.233472,0.677920
614,traditional,0.096928,0.337920,0.234496,0.669344
615,traditional,0.115264,0.355328,0.237568,0.708160
616,traditional,0.108000,0.348160,0.243712,0.699872
617,traditional,0.094784,0.337920,0.237568,0.670272
618,traditional,0.098176,0.338944,0.235520,0.672640
619,traditional,0.098336,0.333824,0.238592,0.670752
620,traditional,0.095712,0.344064,0.233472,0.673248
621,traditional,0.095712,0.346112,0.234496,0.676320
622,traditional,0.107424,0.344064,0.233472,0.684960
623,traditional,0.094816,0.361472,0.242688,0.698976
624,traditional,0.097600,0.340992,0.238592,0.677184
625,traditional,0.112224,0.335872,0.233472,0.681568
626,traditional,0.099968,0.340992,0.237568,0.678528
627,traditional,0.095584,0.333824,0.234496,0.663904
628,traditional,0.100416,0.345088,0.234496,0.680000
629,traditional,0.097344,0.334848,0.234496,0.666688
630,traditional,0.096704,0.346112,0.234496,0.677312
631,traditional,0.096832,0.334848,0.233472,0.665152
632,traditional,0.099328,0.334848,0.232448,0.666624
633,traditional,0.096064,0.345088,0.234496,0.675648
634,traditional,0.099648,0.336896,0.237568,0.674112
635,traditional,0.100736,0.339968,0.237568,0.678272
636,traditional,0.099104,0.340992,0.244736,0.684832
637,traditional,0.099616,0.343040,0.237568,0.680224
638,traditional,0.106016,0.339968,0.249856,0.695840
639,traditional,0.096288,0.363520,0.236544,0.696352
640,traditional,0.096896,0.357376,0.247808,0.702080
641,traditional,0.095872,0.349184,0.240640,0.685696
642,traditional,0.097216,0.348160,0.237568,0.682944
643,traditional,0.096960,0.351232,0.245760,0.693952
644,traditional,0.097344,0.338944,0.242688,0.678976
645,traditional,0.096000,0.363520,0.243712,0.703232
646,traditional,0.108192,0.348160,0.237568,0.693920
647,traditional,0.099200,0.339968,0.248832,0.688000
648,traditional,0.100768,0.349184,0.249856,0.699808
649,traditional,0.106848,0.340992,0.237568,0.685408
650,traditional,0.110176,0.373760,0.250880,0.734816
651,traditional,0.096416,0.352256,0.237568,0.686240
652,traditional,0.097184,0.351232,0.238592,0.687008
653,traditional,0.096704,0.357376,0.246784,0.700864
654,traditional,0.101312,0.347136,0.243712,0.692160
655,traditional,0.097184,0.358400,0.239616,0.695200
656,traditional,0.116128,0.351232,0.241664,0.709024
657,traditional,0.097632,0.346112,0.247808,0.691552
658,traditional,0.104704,0.359424,0.238592,0.702720
659,traditional,0.095872,0.350208,0.236544,0.682624
660,traditional,0.097632,0.338944,0.237568,0.674144
661,traditional,0.096896,0.350208,0.239616,0.686720
662,traditional,0.097536,0.358400,0.264192,0.720128
663,traditional,0.096544,0.342016,0.236544,0.675104
664,traditional,0.109216,0.340992,0.242688,0.692896
665,traditional,0.099328,0.342016,0.239616,0.680960
666,traditional,0.099488,0.356352,0.237568,0.693408
667,traditional,0.096864,0.368640,0.237568,0.703072
668,traditional,0.108384,0.351232,0.237568,0.697184
669,traditional,0.097504,0.339968,0.236544,0.674016
670,traditional,0.099264,0.350208,0.238592,0.688064
671,traditional,0.096736,0.365568,0.247808,0.710112
672,traditional,0.097504,0.353280,0.236544,0.687328
673,traditional,0.106720,0.343040,0.238592,0.688352
674,traditional,0.098528,0.346112,0.260096,0.704736
675,traditional,0.101728,0.348160,0.240640,0.690528
676,traditional,0.110912,0.366592,0.240640,0.718144
677,traditional,0.097440,0.353280,0.240640,0.691360
678,traditional,0.104480,0.347136,0.266240,0.717856
679,traditional,0.110816,0.348160,0.237568,0.696544
680,traditional,0.097312,0.345088,0.252928,0.695328
681,traditional,0.100896,0.344064,0.238592,0.683552
682,traditional,0.099648,0.345088,0.240640,0.685376
683,traditional,0.097536,0.344064,0.238592,0.680192
684,traditional,0.097888,0.349184,0.247808,0.694880
685,traditional,0.101888,0.344064,0.241664,0.687616
686,traditional,0.098816,0.350208,0.239616,0.688640
687,traditional,0.097280,0.355328,0.239616,0.692224
688,traditional,0.105312,0.357376,0.245760,0.708448
689,traditional,0.097536,0.368640,0.248832,0.715008
690,traditional,0.114144,0.355328,0.245760,0.715232
691,traditional,0.101856,0.363520,0.240640,0.706016
692,traditional,0.098240,0.344064,0.240640,0.682944
693,traditional,0.097056,0.343040,0.238592,0.678688
694,traditional,0.100448,0.346112,0.243712,0.690272
695,traditional,0.097856,0.359424,0.247808,0.705088
696,traditional,0.110208,0.370688,0.250880,0.731776
697,traditional,0.096960,0.355328,0.259072,0.711360
698,traditional,0.097728,0.345088,0.251904,0.694720
699,traditional,0.109824,0.344064,0.239616,0.693504
700,traditional,0.106560,0.344064,0.238592,0.689216
701,traditional,0.097856,0.354304,0.252928,0.705088
702,traditional,0.097472,0.365568,0.241664,0.704704
703,traditional,0.105472,0.362496,0.241664,0.709632
704,traditional,0.098752,0.344064,0.238592,0.681408
705,traditional,0.096512,0.360448,0.242688,0.699648
706,traditional,0.097760,0.366592,0.238592,0.702944
707,traditional,0.098496,0.354304,0.249856,0.702656
708,traditional,0.099680,0.376832,0.240640,0.717152
709,traditional,0.097792,0.343040,0.237568,0.678400
710,traditional,0.113696,0.356352,0.239616,0.709664
711,traditional,0.113440,0.379904,0.240640,0.733984
712,traditional,0.097632,0.347136,0.241664,0.686432
713,traditional,0.107680,0.355328,0.269312,0.732320
714,traditional,0.099264,0.348160,0.247808,0.695232
715,traditional,0.102880,0.349184,0.241664,0.693728
716,traditional,0.103712,0.358400,0.242688,0.704800
717,traditional,0.102656,0.372736,0.242688,0.718080
718,traditional,0.099808,0.362496,0.244736,0.707040
719,traditional,0.099392,0.350208,0.244736,0.694336
720,traditional,0.113760,0.368640,0.244736,0.727136
721,traditional,0.099808,0.362496,0.244736,0.707040
722,traditional,0.111584,0.356352,0.257024,0.724960
723,traditional,0.101920,0.349184,0.243712,0.694816
724,traditional,0.098496,0.370688,0.248832,0.718016
725,traditional,0.098464,0.362496,0.243712,0.704672
726,traditional,0.102432,0.351232,0.267264,0.720928
727,traditional,0.106624,0.377856,0.243712,0.728192
728,traditional,0.108768,0.355328,0.244736,0.708832
729,traditional,0.101440,0.350208,0.242688,0.694336
730,traditional,0.101056,0.349184,0.244736,0.694976
731,traditional,0.098400,0.360448,0.241664,0.700512
732,traditional,0.107392,0.364544,0.256000,0.727936
733,traditional,0.100064,0.368640,0.242688,0.711392
734,traditional,0.102400,0.350208,0.243712,0.696320
735,traditional,0.100000,0.361472,0.250880,0.712352
736,traditional,0.102240,0.368640,0.244736,0.715616
737,traditional,0.098496,0.362496,0.246784,0.707776
738,traditional,0.101248,0.357376,0.251904,0.710528
739,traditional,0.101088,0.356352,0.241664,0.699104
740,traditional,0.113696,0.373760,0.246784,0.734240
741,traditional,0.099072,0.349184,0.254976,0.703232
742,traditional,0.111136,0.349184,0.246784,0.707104
743,traditional,0.110496,0.358400,0.245760,0.714656
744,traditional,0.110560,0.348160,0.243712,0.702432
745,traditional,0.099904,0.352256,0.244736,0.696896
746,traditional,0.110912,0.354304,0.251904,0.717120
747,traditional,0.110592,0.350208,0.241664,0.702464
748,traditional,0.101472,0.372736,0.248832,0.723040
749,traditional,0.110080,0.351232,0.250880,0.712192
750,traditional,0.109280,0.350208,0.243712,0.703200
751,traditional,0.099776,0.358400,0.245760,0.703936
752,traditional,0.109440,0.351232,0.247808,0.708480
753,traditional,0.103392,0.352256,0.257024,0.712672
754,traditional,0.104864,0.371712,0.245760,0.722336
755,traditional,0.100800,0.356352,0.244736,0.701888
756,traditional,0.101152,0.356352,0.245760,0.703264
757,traditional,0.111648,0.382976,0.243712,0.738336
758,traditional,0.101824,0.358400,0.249856,0.710080
759,traditional,0.106208,0.358400,0.246784,0.711392
760,traditional,0.100224,0.362496,0.249856,0.712576
761,traditional,0.099648,0.363520,0.248832,0.712000
762,traditional,0.101088,0.352256,0.248832,0.702176
763,traditional,0.098848,0.355328,0.244736,0.698912
764,traditional,0.110176,0.359424,0.245760,0.715360
765,traditional,0.108992,0.362496,0.248832,0.720320
766,traditional,0.104384,0.360448,0.274432,0.739264
767,traditional,0.109088,0.371712,0.254976,0.735776
768,traditional,0.110528,0.367616,0.245760,0.723904
769,traditional,0.120096,0.363520,0.243712,0.727328
770,traditional,0.099808,0.364544,0.247808,0.712160
771,traditional,0.100224,0.355328,0.246784,0.702336
772,traditional,0.101088,0.352256,0.245760,0.699104
773,traditional,0.109216,0.358400,0.247808,0.715424
774,traditional,0.105984,0.354304,0.248832,0.709120
775,traditional,0.099584,0.359424,0.248832,0.707840
776,traditional,0.104352,0.353280,0.260096,0.717728
777,traditional,0.114880,0.365568,0.257024,0.737472
778,traditional,0.112640,0.372736,0.267264,0.752640
779,traditional,0.111488,0.362496,0.260096,0.734080
780,traditional,0.100096,0.353280,0.245760,0.699136
781,traditional,0.111072,0.376832,0.253952,0.741856
782,traditional,0.100320,0.370688,0.250880,0.721888
783,traditional,0.100064,0.352256,0.246784,0.699104
784,traditional,0.102272,0.353280,0.259072,0.714624
785,traditional,0.099616,0.361472,0.244736,0.705824
786,traditional,0.102016,0.373760,0.250880,0.726656
787,traditional,0.099680,0.352256,0.246784,0.698720
788,traditional,0.102304,0.352256,0.244736,0.699296
789,traditional,0.099488,0.355328,0.250880,0.705696
790,traditional,0.103168,0.368640,0.242688,0.714496
791,traditional,0.099488,0.358400,0.245760,0.703648
792,traditional,0.112608,0.357376,0.261120,0.731104
793,traditional,0.105120,0.359424,0.248832,0.713376
794,traditional,0.102688,0.370688,0.249856,0.723232
795,traditional,0.102016,0.360448,0.248832,0.711296
796,traditional,0.105120,0.367616,0.262144,0.734880
797,traditional,0.105216,0.362496,0.260096,0.727808
798,traditional,0.101408,0.367616,0.253952,0.722976
799,traditional,0.105280,0.369664,0.247808,0.722752
800,traditional,0.101504,0.363520,0.248832,0.713856
801,traditional,0.101280,0.359424,0.248832,0.709536
802,traditional,0.101856,0.365568,0.250880,0.718304
803,traditional,0.105472,0.374784,0.251904,0.732160
804,traditional,0.103968,0.365568,0.252928,0.722464
805,traditional,0.106752,0.371712,0.246784,0.725248
806,traditional,0.101952,0.359424,0.247808,0.709184
807,traditional,0.112736,0.368640,0.247808,0.729184
808,traditional,0.114144,0.366592,0.251904,0.732640
809,traditional,0.104000,0.369664,0.259072,0.732736
810,traditional,0.103680,0.357376,0.249856,0.710912
811,traditional,0.102400,0.378880,0.247808,0.729088
812,traditional,0.101824,0.357376,0.251904,0.711104
813,traditional,0.102688,0.366592,0.250880,0.720160
814,traditional,0.104256,0.366592,0.248832,0.719680
815,traditional,0.103168,0.368640,0.249856,0.721664
816,traditional,0.100576,0.375808,0.259072,0.735456
817,traditional,0.109088,0.362496,0.250880,0.722464
818,traditional,0.102624,0.377856,0.253952,0.734432
819,traditional,0.101216,0.378880,0.257024,0.737120
820,traditional,0.109856,0.358400,0.249856,0.718112
821,traditional,0.100480,0.358400,0.247808,0.706688
822,traditional,0.100768,0.367616,0.252928,0.721312
823,traditional,0.112608,0.375808,0.266240,0.754656
824,traditional,0.108704,0.366592,0.249856,0.725152
825,traditional,0.103296,0.364544,0.248832,0.716672
826,traditional,0.106336,0.362496,0.252928,0.721760
827,traditional,0.104128,0.362496,0.247808,0.714432
828,traditional,0.110080,0.371712,0.249856,0.731648
829,traditional,0.101376,0.374784,0.250880,0.727040
830,traditional,0.113952,0.357376,0.252928,0.724256
831,traditional,0.101824,0.375808,0.261120,0.738752
832,traditional,0.102784,0.364544,0.254976,0.722304
833,traditional,0.104384,0.371712,0.253952,0.730048
834,traditional,0.104992,0.363520,0.264192,0.732704
835,traditional,0.101376,0.363520,0.258048,0.722944
836,traditional,0.108032,0.374784,0.259072,0.741888
837,traditional,0.101920,0.380928,0.249856,0.732704
838,traditional,0.102112,0.365568,0.290816,0.758496
839,traditional,0.102240,0.362496,0.252928,0.717664
840,traditional,0.102464,0.363520,0.257024,0.723008
841,traditional,0.101888,0.370688,0.250880,0.723456
842,traditional,0.102624,0.365568,0.254976,0.723168
843,traditional,0.110336,0.377856,0.252928,0.741120
844,traditional,0.102720,0.359424,0.249856,0.712000
845,traditional,0.103168,0.362496,0.250880,0.716544
846,traditional,0.101920,0.417792,0.253952,0.773664
847,traditional,0.101152,0.391168,0.254976,0.747296
848,traditional,0.101152,0.360448,0.285696,0.747296
849,traditional,0.111776,0.373760,0.289792,0.775328
850,traditional,0.102048,0.362496,0.249856,0.714400
851,traditional,0.101120,0.395264,0.253952,0.750336
852,traditional,0.102368,0.360448,0.253952,0.716768
853,traditional,0.102336,0.360448,0.249856,0.712640
854,traditional,0.103584,0.361472,0.248832,0.713888
855,traditional,0.108480,0.361472,0.254976,0.724928
856,traditional,0.112416,0.382976,0.262144,0.757536
857,traditional,0.102208,0.361472,0.250880,0.714560
858,traditional,0.102240,0.363520,0.273408,0.739168
859,traditional,0.101920,0.361472,0.251904,0.715296
860,traditional,0.102528,0.372736,0.254976,0.730240
861,traditional,0.102944,0.381952,0.249856,0.734752
862,traditional,0.103712,0.360448,0.253952,0.718112
863,traditional,0.101536,0.377856,0.254976,0.734368
864,traditional,0.103776,0.362496,0.249856,0.716128
865,traditional,0.101824,0.362496,0.249856,0.714176
866,traditional,0.107136,0.360448,0.250880,0.718464
867,traditional,0.108576,0.360448,0.250880,0.719904
868,traditional,0.108832,0.361472,0.252928,0.723232
869,traditional,0.103456,0.361472,0.249856,0.714784
870,traditional,0.103360,0.378880,0.258048,0.740288
871,traditional,0.104192,0.363520,0.254976,0.722688
872,traditional,0.103360,0.365568,0.251904,0.720832
873,traditional,0.107104,0.374784,0.253952,0.735840
874,traditional,0.105664,0.372736,0.257024,0.735424
875,traditional,0.114432,0.389120,0.263168,0.766720
876,traditional,0.102848,0.381952,0.253952,0.738752
877,traditional,0.105952,0.364544,0.257024,0.727520
878,traditional,0.104832,0.370688,0.251904,0.727424
879,traditional,0.103584,0.374784,0.263168,0.741536
880,traditional,0.103008,0.391168,0.254976,0.749152
881,traditional,0.102816,0.367616,0.254976,0.725408
882,traditional,0.107232,0.366592,0.256000,0.729824
883,traditional,0.106592,0.369664,0.256000,0.732256
884,traditional,0.106112,0.371712,0.277504,0.755328
885,traditional,0.103456,0.382976,0.253952,0.740384
886,traditional,0.114880,0.367616,0.252928,0.735424
887,traditional,0.113440,0.364544,0.252928,0.730912
888,traditional,0.107680,0.366592,0.276480,0.750752
889,traditional,0.107808,0.373760,0.254976,0.736544
890,traditional,0.102656,0.393216,0.276480,0.772352
891,traditional,0.115264,0.364544,0.252928,0.732736
892,traditional,0.105376,0.366592,0.252928,0.724896
893,traditional,0.102880,0.367616,0.256000,0.726496
894,traditional,0.106720,0.367616,0.256000,0.730336
895,traditional,0.109984,0.365568,0.265216,0.740768
896,traditional,0.106336,0.386048,0.253952,0.746336
897,traditional,0.102688,0.375808,0.253952,0.732448
898,traditional,0.103232,0.386048,0.252928,0.742208
899,traditional,0.102688,0.368640,0.264192,0.735520
900,traditional,0.102496,0.386048,0.252928,0.741472
901,traditional,0.102976,0.384000,0.256000,0.742976
902,traditional,0.107008,0.375808,0.253952,0.736768
903,traditional,0.109248,0.365568,0.276480,0.751296
904,traditional,0.102432,0.370688,0.253952,0.727072
905,traditional,0.106848,0.387072,0.256000,0.749920
906,traditional,0.103392,0.380928,0.257024,0.741344
907,traditional,0.104128,0.373760,0.252928,0.730816
908,traditional,0.110048,0.375808,0.266240,0.752096
909,traditional,0.103424,0.367616,0.266240,0.737280
910,traditional,0.116256,0.369664,0.257024,0.742944
911,traditional,0.103744,0.374784,0.267264,0.745792
912,traditional,0.106816,0.408576,0.263168,0.778560
913,traditional,0.114848,0.367616,0.260096,0.742560
914,traditional,0.105600,0.376832,0.253952,0.736384
915,traditional,0.103968,0.380928,0.254976,0.739872
916,traditional,0.104160,0.369664,0.254976,0.728800
917,traditional,0.103072,0.372736,0.254976,0.730784
918,traditional,0.107712,0.372736,0.256000,0.736448
919,traditional,0.103648,0.368640,0.254976,0.727264
920,traditional,0.104032,0.393216,0.268288,0.765536
921,traditional,0.103936,0.368640,0.253952,0.726528
922,traditional,0.107776,0.390144,0.265216,0.763136
923,traditional,0.104160,0.368640,0.253952,0.726752
924,traditional,0.104480,0.371712,0.263168,0.739360
925,traditional,0.103904,0.371712,0.258048,0.733664
926,traditional,0.104224,0.381952,0.266240,0.752416
927,traditional,0.112672,0.378880,0.257024,0.748576
928,traditional,0.108704,0.380928,0.254976,0.744608
929,traditional,0.116448,0.373760,0.260096,0.750304
930,traditional,0.110208,0.374784,0.265216,0.750208
931,traditional,0.115968,0.400384,0.270336,0.786688
932,traditional,0.103968,0.386048,0.266240,0.756256
933,traditional,0.120000,0.385024,0.273408,0.778432
934,traditional,0.113280,0.375808,0.256000,0.745088
935,traditional,0.103456,0.378880,0.254976,0.737312
936,traditional,0.111296,0.369664,0.257024,0.737984
937,traditional,0.111936,0.378880,0.267264,0.758080
938,traditional,0.104448,0.396288,0.260096,0.760832
939,traditional,0.104704,0.372736,0.289792,0.767232
940,traditional,0.106464,0.369664,0.260096,0.736224
941,traditional,0.107616,0.368640,0.257024,0.733280
942,traditional,0.106592,0.379904,0.267264,0.753760
943,traditional,0.104032,0.373760,0.256000,0.733792
944,traditional,0.104192,0.377856,0.276480,0.758528
945,traditional,0.103104,0.387072,0.260096,0.750272
946,traditional,0.104064,0.378880,0.254976,0.737920
947,traditional,0.108864,0.386048,0.270336,0.765248
948,traditional,0.118624,0.380928,0.272384,0.771936
949,traditional,0.109824,0.387072,0.280576,0.777472
950,traditional,0.114432,0.381952,0.261120,0.757504
951,traditional,0.106432,0.388096,0.259072,0.753600
952,traditional,0.106080,0.395264,0.262144,0.763488
953,traditional,0.108960,0.375808,0.259072,0.743840
954,traditional,0.118112,0.410624,0.262144,0.790880
955,traditional,0.105728,0.375808,0.259072,0.740608
956,traditional,0.105696,0.384000,0.273408,0.763104
957,traditional,0.105760,0.385024,0.270336,0.761120
958,traditional,0.114272,0.377856,0.258048,0.750176
959,traditional,0.104704,0.395264,0.260096,0.760064
960,traditional,0.106048,0.375808,0.263168,0.745024
961,traditional,0.105440,0.392192,0.260096,0.757728
962,traditional,0.111968,0.386048,0.261120,0.759136
963,traditional,0.105792,0.374784,0.259072,0.739648
964,traditional,0.106784,0.374784,0.261120,0.742688
965,traditional,0.106400,0.390144,0.270336,0.766880
966,traditional,0.111072,0.375808,0.260096,0.746976
967,traditional,0.107136,0.375808,0.263168,0.746112
968,traditional,0.106912,0.375808,0.261120,0.743840
969,traditional,0.110688,0.374784,0.261120,0.746592
970,traditional,0.123136,0.395264,0.261120,0.779520
971,traditional,0.110688,0.399360,0.272384,0.782432
972,traditional,0.120992,0.391168,0.262144,0.774304
973,traditional,0.105376,0.386048,0.263168,0.754592
974,traditional,0.105920,0.375808,0.258048,0.739776
975,traditional,0.116160,0.382976,0.267264,0.766400
976,traditional,0.106176,0.378880,0.258048,0.743104
977,traditional,0.106208,0.373760,0.259072,0.739040
978,traditional,0.106560,0.404480,0.261120,0.772160
979,traditional,0.105408,0.382976,0.261120,0.749504
980,traditional,0.107008,0.374784,0.260096,0.741888
981,traditional,0.105504,0.384000,0.259072,0.748576
982,traditional,0.105472,0.378880,0.258048,0.742400
983,traditional,0.114048,0.376832,0.263168,0.754048
984,traditional,0.117600,0.374784,0.260096,0.752480
985,traditional,0.104736,0.398336,0.262144,0.765216
986,traditional,0.110976,0.387072,0.260096,0.758144
987,traditional,0.118784,0.377856,0.260096,0.756736
988,traditional,0.107584,0.381952,0.259072,0.748608
989,traditional,0.114944,0.392192,0.270336,0.777472
990,traditional,0.116352,0.427008,0.263168,0.806528
991,traditional,0.119168,0.387072,0.263168,0.769408
992,traditional,0.106624,0.388096,0.262144,0.756864
993,traditional,0.117568,0.388096,0.262144,0.767808
994,traditional,0.131200,0.388096,0.262144,0.781440
995,traditional,0.108640,0.384000,0.272384,0.765024
996,traditional,0.107392,0.377856,0.265216,0.750464
997,traditional,0.106048,0.378880,0.263168,0.748096
998,traditional,0.106752,0.386048,0.265216,0.758016
999,traditional,0.105792,0.390144,0.263168,0.759104
1000,traditional,0.117056,0.401408,0.264192,0.782656
1001,traditional,0.112256,0.387072,0.262144,0.761472
1002,traditional,0.109120,0.385024,0.261120,0.755264
1003,traditional,0.121696,0.396288,0.284672,0.802656
1004,traditional,0.106592,0.402432,0.276480,0.785504
1005,traditional,0.107008,0.410624,0.281600,0.799232
1006,traditional,0.114176,0.388096,0.262144,0.764416
1007,traditional,0.105856,0.389120,0.293888,0.788864
1008,traditional,0.114400,0.376832,0.285696,0.776928
1009,traditional,0.106816,0.385024,0.262144,0.753984
1010,traditional,0.106176,0.376832,0.275456,0.758464
1011,traditional,0.117088,0.393216,0.269312,0.779616
1012,traditional,0.107680,0.391168,0.266240,0.765088
1013,traditional,0.110240,0.396288,0.261120,0.767648
1014,traditional,0.119584,0.384000,0.270336,0.773920
1015,traditional,0.108960,0.414720,0.261120,0.784800
1016,traditional,0.106336,0.397312,0.266240,0.769888
1017,traditional,0.116160,0.380928,0.278528,0.775616
1018,traditional,0.112896,0.378880,0.263168,0.754944
1019,traditional,0.105536,0.389120,0.260096,0.754752
1020,traditional,0.108576,0.406528,0.268288,0.783392
1021,traditional,0.117920,0.391168,0.264192,0.773280
1022,traditional,0.116736,0.384000,0.261120,0.761856
1023,traditional,0.117728,0.385024,0.267264,0.770016
1024,traditional,0.121856,0.398336,0.270336,0.790528
1025,traditional,0.131584,0.382976,0.271360,0.785920
1026,traditional,0.119680,0.415744,0.279552,0.814976
1027,traditional,0.106688,0.399360,0.265216,0.771264
1028,traditional,0.107808,0.387072,0.265216,0.760096
1029,traditional,0.106240,0.406528,0.266240,0.779008
1030,traditional,0.110048,0.407552,0.263168,0.780768
1031,traditional,0.107808,0.388096,0.269312,0.765216
1032,traditional,0.120320,0.384000,0.262144,0.766464
1033,traditional,0.106688,0.406528,0.267264,0.780480
1034,traditional,0.108288,0.385024,0.276480,0.769792
1035,traditional,0.107072,0.410624,0.262144,0.779840
1036,traditional,0.109280,0.385024,0.262144,0.756448
1037,traditional,0.112352,0.389120,0.275456,0.776928
1038,traditional,0.113920,0.410624,0.268288,0.792832
1039,traditional,0.119840,0.402432,0.287744,0.810016
1040,traditional,0.107360,0.405504,0.273408,0.786272
1041,traditional,0.105984,0.392192,0.265216,0.763392
1042,traditional,0.108096,0.394240,0.262144,0.764480
1043,traditional,0.118784,0.399360,0.275456,0.793600
1044,traditional,0.108864,0.401408,0.264192,0.774464
1045,traditional,0.106944,0.392192,0.263168,0.762304
1046,traditional,0.118272,0.380928,0.278528,0.777728
1047,traditional,0.107552,0.388096,0.263168,0.758816
1048,traditional,0.108320,0.389120,0.270336,0.767776
1049,traditional,0.106624,0.394240,0.266240,0.767104
1050,traditional,0.108320,0.397312,0.265216,0.770848
1051,traditional,0.107360,0.388096,0.264192,0.759648
1052,traditional,0.108224,0.384000,0.262144,0.754368
1053,traditional,0.130560,0.400384,0.265216,0.796160
1054,traditional,0.117696,0.386048,0.264192,0.767936
1055,traditional,0.129120,0.382976,0.263168,0.775264
1056,traditional,0.107360,0.403456,0.269312,0.780128
1057,traditional,0.108160,0.381952,0.267264,0.757376
1058,traditional,0.107936,0.392192,0.262144,0.762272
1059,traditional,0.110720,0.403456,0.276480,0.790656
1060,traditional,0.113184,0.392192,0.270336,0.775712
1061,traditional,0.113024,0.411648,0.295936,0.820608
1062,traditional,0.121952,0.390144,0.273408,0.785504
1063,traditional,0.109312,0.407552,0.286720,0.803584
1064,traditional,0.109728,0.390144,0.272384,0.772256
1065,traditional,0.118560,0.410624,0.272384,0.801568
1066,traditional,0.109312,0.401408,0.269312,0.780032
1067,traditional,0.133696,0.402432,0.268288,0.804416
1068,traditional,0.109280,0.407552,0.272384,0.789216
1069,traditional,0.118912,0.391168,0.267264,0.777344
1070,traditional,0.110240,0.407552,0.276480,0.794272
1071,traditional,0.109664,0.407552,0.269312,0.786528
1072,traditional,0.109664,0.391168,0.266240,0.767072
1073,traditional,0.109504,0.402432,0.267264,0.779200
1074,traditional,0.108736,0.396288,0.272384,0.777408
1075,traditional,0.109856,0.397312,0.266240,0.773408
1076,traditional,0.109728,0.393216,0.275456,0.778400
1077,traditional,0.122496,0.400384,0.271360,0.794240
1078,traditional,0.111008,0.405504,0.269312,0.785824
1079,traditional,0.111104,0.405504,0.268288,0.784896
1080,traditional,0.110976,0.389120,0.291840,0.791936
1081,traditional,0.110048,0.394240,0.271360,0.775648
1082,traditional,0.110272,0.391168,0.268288,0.769728
1083,traditional,0.110496,0.399360,0.269312,0.779168
1084,traditional,0.108992,0.390144,0.267264,0.766400
1085,traditional,0.108576,0.397312,0.281600,0.787488
1086,traditional,0.120704,0.398336,0.270336,0.789376
1087,traditional,0.110752,0.405504,0.279552,0.795808
1088,traditional,0.118208,0.390144,0.267264,0.775616
1089,traditional,0.109440,0.390144,0.289792,0.789376
1090,traditional,0.110176,0.393216,0.281600,0.784992
1091,traditional,0.133728,0.406528,0.268288,0.808544
1092,traditional,0.109088,0.405504,0.270336,0.784928
1093,traditional,0.109984,0.400384,0.271360,0.781728
1094,traditional,0.112544,0.404480,0.268288,0.785312
1095,traditional,0.111968,0.409600,0.271360,0.792928
1096,traditional,0.109920,0.390144,0.291840,0.791904
1097,traditional,0.109600,0.393216,0.278528,0.781344
1098,traditional,0.109888,0.397312,0.283648,0.790848
1099,traditional,0.109312,0.403456,0.268288,0.781056
1100,traditional,0.112672,0.407552,0.273408,0.793632
1101,traditional,0.122624,0.395264,0.277504,0.795392
1102,traditional,0.120224,0.405504,0.270336,0.796064
1103,traditional,0.116032,0.401408,0.271360,0.788800
1104,traditional,0.118752,0.391168,0.292864,0.802784
1105,traditional,0.109408,0.390144,0.269312,0.768864
1106,traditional,0.110016,0.395264,0.271360,0.776640
1107,traditional,0.119392,0.391168,0.269312,0.779872
1108,traditional,0.110432,0.398336,0.270336,0.779104
1109,traditional,0.108992,0.406528,0.267264,0.782784
1110,traditional,0.110560,0.393216,0.269312,0.773088
1111,traditional,0.112384,0.396288,0.270336,0.779008
1112,traditional,0.125568,0.392192,0.271360,0.789120
1113,traditional,0.109024,0.433152,0.271360,0.813536
1114,traditional,0.108800,0.398336,0.268288,0.775424
1115,traditional,0.109472,0.396288,0.268288,0.774048
1116,traditional,0.113696,0.399360,0.293888,0.806944
1117,traditional,0.108416,0.410624,0.272384,0.791424
1118,traditional,0.112480,0.399360,0.280576,0.792416
1119,traditional,0.108640,0.419840,0.276480,0.804960
1120,traditional,0.124448,0.390144,0.271360,0.785952
1121,traditional,0.109152,0.403456,0.293888,0.806496
1122,traditional,0.113824,0.406528,0.273408,0.793760
1123,traditional,0.109856,0.401408,0.267264,0.778528
1124,traditional,0.110176,0.401408,0.273408,0.784992
1125,traditional,0.119072,0.402432,0.269312,0.790816
1126,traditional,0.110464,0.396288,0.271360,0.778112
1127,traditional,0.109344,0.403456,0.275456,0.788256
1128,traditional,0.110496,0.389120,0.268288,0.767904
1129,traditional,0.111552,0.393216,0.278528,0.783296
1130,traditional,0.114880,0.405504,0.278528,0.798912
1131,traditional,0.116384,0.397312,0.283648,0.797344
1132,traditional,0.109536,0.408576,0.281600,0.799712
1133,traditional,0.111808,0.391168,0.293888,0.796864
1134,traditional,0.109952,0.396288,0.273408,0.779648
1135,traditional,0.109440,0.399360,0.284672,0.793472
1136,traditional,0.115616,0.398336,0.290816,0.804768
1137,traditional,0.108576,0.390144,0.273408,0.772128
1138,traditional,0.121824,0.394240,0.272384,0.788448
1139,traditional,0.109984,0.398336,0.283648,0.791968
1140,traditional,0.131488,0.393216,0.277504,0.802208
1141,traditional,0.110240,0.412672,0.296960,0.819872
1142,traditional,0.118656,0.394240,0.271360,0.784256
1143,traditional,0.110880,0.400384,0.271360,0.782624
1144,traditional,0.111136,0.403456,0.281600,0.796192
1145,traditional,0.114624,0.404480,0.273408,0.792512
1146,traditional,0.113600,0.396288,0.275456,0.785344
1147,traditional,0.111584,0.396288,0.271360,0.779232
1148,traditional,0.126464,0.394240,0.280576,0.801280
1149,traditional,0.115264,0.403456,0.282624,0.801344
1150,traditional,0.116352,0.402432,0.280576,0.799360
1151,traditional,0.126080,0.410624,0.272384,0.809088
1152,traditional,0.110240,0.403456,0.305152,0.818848
1153,traditional,0.124480,0.411648,0.275456,0.811584
1154,traditional,0.122400,0.399360,0.306176,0.827936
1155,traditional,0.110880,0.402432,0.270336,0.783648
1156,traditional,0.114560,0.393216,0.277504,0.785280
1157,traditional,0.112864,0.413696,0.292864,0.819424
1158,traditional,0.115648,0.409600,0.284672,0.809920
1159,traditional,0.135456,0.406528,0.278528,0.820512
1160,traditional,0.109920,0.407552,0.276480,0.793952
1161,traditional,0.112160,0.402432,0.283648,0.798240
1162,traditional,0.110368,0.410624,0.283648,0.804640
1163,traditional,0.111968,0.394240,0.270336,0.776544
1164,traditional,0.109568,0.415744,0.280576,0.805888
1165,traditional,0.113760,0.394240,0.283648,0.791648
1166,traditional,0.120096,0.400384,0.278528,0.799008
1167,traditional,0.119680,0.419840,0.271360,0.810880
1168,traditional,0.123040,0.425984,0.284672,0.833696
1169,traditional,0.114272,0.418816,0.279552,0.812640
1170,traditional,0.113440,0.399360,0.305152,0.817952
1171,traditional,0.113152,0.401408,0.275456,0.790016
1172,traditional,0.123488,0.401408,0.275456,0.800352
1173,traditional,0.123360,0.411648,0.289792,0.824800
1174,traditional,0.124896,0.406528,0.281600,0.813024
1175,traditional,0.122080,0.413696,0.274432,0.810208
1176,traditional,0.113472,0.410624,0.276480,0.800576
1177,traditional,0.116576,0.402432,0.275456,0.794464
1178,traditional,0.122208,0.409600,0.281600,0.813408
1179,traditional,0.112160,0.401408,0.276480,0.790048
1180,traditional,0.119200,0.437248,0.281600,0.838048
1181,traditional,0.117312,0.424960,0.276480,0.818752
1182,traditional,0.112800,0.404480,0.276480,0.793760
1183,traditional,0.121568,0.401408,0.277504,0.800480
1184,traditional,0.123040,0.412672,0.281600,0.817312
1185,traditional,0.112352,0.408576,0.276480,0.797408
1186,traditional,0.123648,0.402432,0.273408,0.799488
1187,traditional,0.111520,0.407552,0.275456,0.794528
1188,traditional,0.146528,0.402432,0.289792,0.838752
1189,traditional,0.112352,0.410624,0.275456,0.798432
1190,traditional,0.120992,0.410624,0.278528,0.810144
1191,traditional,0.116352,0.399360,0.284672,0.800384
1192,traditional,0.133792,0.402432,0.274432,0.810656
1193,traditional,0.112096,0.410624,0.289792,0.812512
1194,traditional,0.111648,0.412672,0.278528,0.802848
1195,traditional,0.123424,0.408576,0.279552,0.811552
1196,traditional,0.116992,0.433152,0.294912,0.845056
1197,traditional,0.117056,0.427008,0.295936,0.840000
1198,traditional,0.131072,0.421888,0.287744,0.840704
1199,traditional,0.115232,0.442368,0.303104,0.860704
1200,traditional,0.116800,0.428032,0.287744,0.832576
1201,traditional,0.139904,0.440320,0.285696,0.865920
1202,traditional,0.120512,0.430080,0.292864,0.843456
1203,traditional,0.115872,0.430080,0.287744,0.833696
1204,traditional,0.116032,0.425984,0.319488,0.861504
1205,traditional,0.119072,0.436224,0.286720,0.842016
1206,traditional,0.118784,0.459776,0.306176,0.884736
1207,traditional,0.115840,0.444416,0.296960,0.857216
1208,traditional,0.126752,0.427008,0.288768,0.842528
1209,traditional,0.119872,0.421888,0.289792,0.831552
1210,traditional,0.121472,0.425984,0.285696,0.833152
1211,traditional,0.119200,0.420864,0.304128,0.844192
1212,traditional,0.117440,0.423936,0.287744,0.829120
1213,traditional,0.121568,0.419840,0.285696,0.827104
1214,traditional,0.118016,0.427008,0.286720,0.831744
1215,traditional,0.142368,0.438272,0.310272,0.890912
1216,traditional,0.124128,0.437248,0.297984,0.859360
1217,traditional,0.117376,0.427008,0.288768,0.833152
1218,traditional,0.130560,0.418816,0.288768,0.838144
1219,traditional,0.126080,0.429056,0.294912,0.850048
1220,traditional,0.127360,0.417792,0.311296,0.856448
1221,traditional,0.126944,0.430080,0.288768,0.845792
1222,traditional,0.117088,0.417792,0.287744,0.822624
1223,traditional,0.117408,0.418816,0.290816,0.827040
1224,traditional,0.116672,0.427008,0.286720,0.830400
1225,traditional,0.116608,0.419840,0.291840,0.828288
1226,traditional,0.129056,0.428032,0.286720,0.843808
1227,traditional,0.116768,0.425984,0.292864,0.835616
1228,traditional,0.116352,0.418816,0.287744,0.822912
1229,traditional,0.132448,0.423936,0.296960,0.853344
1230,traditional,0.133376,0.425984,0.303104,0.862464
1231,traditional,0.122816,0.430080,0.297984,0.850880
1232,traditional,0.131744,0.419840,0.288768,0.840352
1233,traditional,0.117184,0.427008,0.286720,0.830912
1234,traditional,0.126528,0.458752,0.285696,0.870976
1235,traditional,0.129568,0.444416,0.292864,0.866848
1236,traditional,0.122144,0.444416,0.288768,0.855328
1237,traditional,0.127712,0.420864,0.284672,0.833248
1238,traditional,0.125120,0.431104,0.296960,0.853184
1239,traditional,0.116096,0.422912,0.286720,0.825728
1240,traditional,0.122368,0.424960,0.289792,0.837120
1241,traditional,0.116192,0.418816,0.291840,0.826848
1242,traditional,0.123360,0.431104,0.287744,0.842208
1243,traditional,0.125888,0.441344,0.286720,0.853952
1244,traditional,0.124224,0.424960,0.304128,0.853312
1245,traditional,0.125440,0.436224,0.287744,0.849408
1246,traditional,0.128416,0.437248,0.289792,0.855456
1247,traditional,0.116096,0.418816,0.287744,0.822656
1248,traditional,0.120032,0.428032,0.285696,0.833760
1249,traditional,0.126720,0.435200,0.290816,0.852736
1250,traditional,0.128832,0.448512,0.286720,0.864064
1251,traditional,0.115936,0.419840,0.285696,0.821472
1252,traditional,0.126912,0.417792,0.286720,0.831424
1253,traditional,0.141568,0.429056,0.295936,0.866560
1254,traditional,0.119488,0.427008,0.318464,0.864960
1255,traditional,0.123456,0.431104,0.286720,0.841280
1256,traditional,0.118016,0.422912,0.286720,0.827648
1257,traditional,0.116256,0.450560,0.305152,0.871968
1258,traditional,0.141120,0.427008,0.297984,0.866112
1259,traditional,0.128832,0.419840,0.285696,0.834368
1260,traditional,0.123648,0.418816,0.286720,0.829184
1261,traditional,0.126912,0.438272,0.286720,0.851904
1262,traditional,0.115680,0.419840,0.288768,0.824288
1263,traditional,0.120352,0.428032,0.301056,0.849440
1264,traditional,0.120640,0.427008,0.285696,0.833344
1265,traditional,0.117152,0.433152,0.293888,0.844192
1266,traditional,0.120928,0.434176,0.286720,0.841824
1267,traditional,0.124704,0.424960,0.308224,0.857888
1268,traditional,0.123744,0.424960,0.286720,0.835424
1269,traditional,0.126816,0.420864,0.301056,0.848736
1270,traditional,0.115968,0.418816,0.309248,0.844032
1271,traditional,0.114464,0.420864,0.288768,0.824096
1272,traditional,0.128512,0.439296,0.300032,0.867840
1273,traditional,0.130816,0.454656,0.288768,0.874240
1274,traditional,0.136992,0.432128,0.297984,0.867104
1275,traditional,0.117408,0.437248,0.299008,0.853664
1276,traditional,0.118208,0.429056,0.289792,0.837056
1277,traditional,0.117536,0.436224,0.291840,0.845600
1278,traditional,0.117600,0.434176,0.291840,0.843616
1279,traditional,0.120640,0.432128,0.292864,0.845632
1280,traditional,0.123872,0.424960,0.296960,0.845792
1281,traditional,0.128768,0.444416,0.288768,0.861952
1282,traditional,0.117152,0.434176,0.289792,0.841120
1283,traditional,0.138240,0.452608,0.287744,0.878592
1284,traditional,0.124672,0.481280,0.288768,0.894720
1285,traditional,0.127648,0.432128,0.297984,0.857760
1286,traditional,0.117696,0.456704,0.295936,0.870336
1287,traditional,0.117088,0.423936,0.293888,0.834912
1288,traditional,0.132640,0.424960,0.288768,0.846368
1289,traditional,0.122304,0.444416,0.299008,0.865728
1290,traditional,0.141664,0.428032,0.309248,0.878944
1291,traditional,0.128832,0.430080,0.287744,0.846656
1292,traditional,0.142656,0.423936,0.288768,0.855360
1293,traditional,0.117312,0.430080,0.288768,0.836160
1294,traditional,0.116992,0.422912,0.290816,0.830720
1295,traditional,0.120960,0.432128,0.289792,0.842880
1296,traditional,0.121472,0.448512,0.311296,0.881280
1297,traditional,0.117728,0.433152,0.287744,0.838624
1298,traditional,0.117792,0.433152,0.302080,0.853024
1299,traditional,0.117152,0.422912,0.288768,0.828832
1300,traditional,0.127840,0.436224,0.287744,0.851808
1301,traditional,0.117600,0.434176,0.294912,0.846688
1302,traditional,0.122720,0.461824,0.291840,0.876384
1303,traditional,0.120960,0.422912,0.286720,0.830592
1304,traditional,0.119360,0.430080,0.297984,0.847424
1305,traditional,0.117664,0.428032,0.288768,0.834464
1306,traditional,0.119840,0.446464,0.300032,0.866336
1307,traditional,0.139200,0.429056,0.287744,0.856000
1308,traditional,0.116256,0.431104,0.292864,0.840224
1309,traditional,0.127776,0.429056,0.295936,0.852768
1310,traditional,0.118880,0.437248,0.295936,0.852064
1311,traditional,0.118432,0.440320,0.297984,0.856736
1312,traditional,0.129664,0.432128,0.291840,0.853632
1313,traditional,0.117856,0.427008,0.313344,0.858208
1314,traditional,0.119840,0.460800,0.306176,0.886816
1315,traditional,0.119392,0.436224,0.302080,0.857696
1316,traditional,0.120032,0.449536,0.294912,0.864480
1317,traditional,0.127712,0.425984,0.290816,0.844512
1318,traditional,0.119360,0.432128,0.292864,0.844352
1319,traditional,0.120256,0.436224,0.289792,0.846272
1320,traditional,0.119136,0.437248,0.292864,0.849248
1321,traditional,0.130304,0.425984,0.292864,0.849152
1322,traditional,0.131264,0.430080,0.295936,0.857280
1323,traditional,0.119552,0.435200,0.301056,0.855808
1324,traditional,0.129728,0.436224,0.291840,0.857792
1325,traditional,0.117568,0.428032,0.297984,0.843584
1326,traditional,0.119648,0.428032,0.299008,0.846688
1327,traditional,0.128064,0.440320,0.292864,0.861248
1328,traditional,0.118304,0.427008,0.290816,0.836128
1329,traditional,0.128672,0.435200,0.301056,0.864928
1330,traditional,0.119520,0.436224,0.292864,0.848608
1331,traditional,0.130336,0.453632,0.291840,0.875808
1332,traditional,0.119712,0.459776,0.299008,0.878496
1333,traditional,0.119712,0.429056,0.291840,0.840608
1334,traditional,0.120832,0.428032,0.304128,0.852992
1335,traditional,0.119744,0.435200,0.303104,0.858048
1336,traditional,0.118624,0.435200,0.333824,0.887648
1337,traditional,0.121440,0.428032,0.292864,0.842336
1338,traditional,0.118848,0.440320,0.295936,0.855104
1339,traditional,0.121376,0.425984,0.293888,0.841248
1340,traditional,0.119296,0.428032,0.293888,0.841216
1341,traditional,0.123456,0.427008,0.292864,0.843328
1342,traditional,0.123616,0.427008,0.292864,0.843488
1343,traditional,0.119040,0.439296,0.295936,0.854272
1344,traditional,0.122848,0.439296,0.296960,0.859104
1345,traditional,0.119008,0.433152,0.295936,0.848096
1346,traditional,0.121792,0.427008,0.293888,0.842688
1347,traditional,0.119744,0.431104,0.294912,0.845760
1348,traditional,0.131328,0.454656,0.299008,0.884992
1349,traditional,0.119232,0.440320,0.294912,0.854464
1350,traditional,0.122336,0.430080,0.294912,0.847328
1351,traditional,0.122848,0.434176,0.291840,0.848864
1352,traditional,0.131328,0.452608,0.299008,0.882944
1353,traditional,0.119936,0.436224,0.302080,0.858240
1354,traditional,0.118848,0.428032,0.292864,0.839744
1355,traditional,0.119104,0.427008,0.292864,0.838976
1356,traditional,0.119328,0.427008,0.292864,0.839200
1357,traditional,0.127488,0.435200,0.291840,0.854528
1358,traditional,0.120256,0.435200,0.290816,0.846272
1359,traditional,0.119904,0.427008,0.291840,0.838752
1360,traditional,0.122112,0.429056,0.290816,0.841984
1361,traditional,0.118400,0.447488,0.290816,0.856704
1362,traditional,0.120000,0.460800,0.297984,0.878784
1363,traditional,0.123424,0.433152,0.293888,0.850464
1364,traditional,0.131392,0.427008,0.291840,0.850240
1365,traditional,0.119936,0.431104,0.292864,0.843904
1366,traditional,0.126976,0.436224,0.292864,0.856064
1367,traditional,0.119040,0.436224,0.292864,0.848128
1368,traditional,0.118912,0.425984,0.292864,0.837760
1369,traditional,0.119552,0.427008,0.294912,0.841472
1370,traditional,0.122656,0.429056,0.292864,0.844576
1371,traditional,0.117440,0.447488,0.299008,0.863936
1372,traditional,0.131392,0.445440,0.292864,0.869696
1373,traditional,0.122752,0.446464,0.302080,0.871296
1374,traditional,0.119232,0.436224,0.299008,0.854464
1375,traditional,0.124704,0.425984,0.306176,0.856864
1376,traditional,0.134944,0.429056,0.292864,0.856864
1377,traditional,0.121760,0.456704,0.293888,0.872352
1378,traditional,0.131808,0.447488,0.310272,0.889568
1379,traditional,0.129920,0.429056,0.299008,0.857984
1380,traditional,0.125280,0.444416,0.293888,0.863584
1381,traditional,0.119328,0.427008,0.296960,0.843296
1382,traditional,0.119584,0.447488,0.292864,0.859936
1383,traditional,0.123744,0.433152,0.292864,0.849760
1384,traditional,0.119104,0.437248,0.316416,0.872768
1385,traditional,0.132320,0.454656,0.315392,0.902368
1386,traditional,0.120864,0.439296,0.301056,0.861216
1387,traditional,0.120320,0.454656,0.303104,0.878080
1388,traditional,0.122016,0.432128,0.294912,0.849056
1389,traditional,0.119424,0.431104,0.296960,0.847488
1390,traditional,0.121536,0.466944,0.293888,0.882368
1391,traditional,0.122976,0.453632,0.294912,0.871520
1392,traditional,0.121984,0.433152,0.293888,0.849024
1393,traditional,0.119424,0.443392,0.293888,0.856704
1394,traditional,0.120000,0.449536,0.295936,0.865472
1395,traditional,0.119840,0.442368,0.306176,0.868384
1396,traditional,0.125920,0.454656,0.296960,0.877536
1397,traditional,0.123776,0.431104,0.294912,0.849792
1398,traditional,0.120096,0.437248,0.319488,0.876832
1399,traditional,0.126464,0.437248,0.297984,0.861696
1400,traditional,0.119744,0.440320,0.302080,0.862144
1401,traditional,0.132928,0.436224,0.305152,0.874304
1402,traditional,0.119232,0.435200,0.294912,0.849344
1403,traditional,0.120032,0.440320,0.305152,0.865504
1404,traditional,0.131936,0.465920,0.316416,0.914272
1405,traditional,0.130624,0.441344,0.296960,0.868928
1406,traditional,0.120480,0.440320,0.297984,0.858784
1407,traditional,0.134720,0.442368,0.293888,0.870976
1408,traditional,0.123552,0.433152,0.295936,0.852640
1409,traditional,0.119840,0.434176,0.294912,0.848928
1410,traditional,0.120480,0.432128,0.307200,0.859808
1411,traditional,0.127712,0.440320,0.296960,0.864992
1412,traditional,0.120896,0.436224,0.295936,0.853056
1413,traditional,0.129088,0.459776,0.296960,0.885824
1414,traditional,0.120832,0.465920,0.301056,0.887808
1415,traditional,0.132320,0.430080,0.300032,0.862432
1416,traditional,0.119520,0.458752,0.301056,0.879328
1417,traditional,0.119776,0.430080,0.299008,0.848864
1418,traditional,0.121760,0.432128,0.295936,0.849824
1419,traditional,0.123840,0.447488,0.293888,0.865216
1420,traditional,0.126208,0.433152,0.317440,0.876800
1421,traditional,0.120736,0.438272,0.300032,0.859040
1422,traditional,0.122976,0.447488,0.302080,0.872544
1423,traditional,0.131008,0.440320,0.304128,0.875456
1424,traditional,0.121088,0.453632,0.297984,0.872704
1425,traditional,0.119296,0.433152,0.293888,0.846336
1426,traditional,0.124256,0.440320,0.297984,0.862560
1427,traditional,0.119296,0.454656,0.296960,0.870912
1428,traditional,0.119968,0.444416,0.295936,0.860320
1429,traditional,0.122528,0.452608,0.297984,0.873120
1430,traditional,0.118464,0.444416,0.293888,0.856768
1431,traditional,0.123968,0.454656,0.303104,0.881728
1432,traditional,0.119648,0.440320,0.297984,0.857952
1433,traditional,0.126496,0.439296,0.311296,0.877088
1434,traditional,0.119968,0.441344,0.299008,0.860320
1435,traditional,0.119456,0.439296,0.318464,0.877216
1436,traditional,0.121408,0.441344,0.293888,0.856640
1437,traditional,0.120736,0.437248,0.306176,0.864160
1438,traditional,0.122848,0.453632,0.301056,0.877536
1439,traditional,0.119776,0.432128,0.297984,0.849888
1440,traditional,0.119840,0.458752,0.296960,0.875552
1441,traditional,0.120608,0.456704,0.305152,0.882464
1442,traditional,0.120512,0.444416,0.293888,0.858816
1443,traditional,0.131296,0.441344,0.294912,0.867552
1444,traditional,0.120512,0.439296,0.299008,0.858816
1445,traditional,0.125536,0.459776,0.294912,0.880224
1446,traditional,0.119712,0.431104,0.305152,0.855968
1447,traditional,0.120448,0.439296,0.295936,0.855680
1448,traditional,0.124064,0.446464,0.292864,0.863392
1449,traditional,0.119200,0.434176,0.297984,0.851360
1450,traditional,0.131904,0.435200,0.292864,0.859968
1451,traditional,0.120352,0.431104,0.300032,0.851488
1452,traditional,0.125216,0.442368,0.301056,0.868640
1453,traditional,0.119168,0.433152,0.294912,0.847232
1454,traditional,0.123616,0.457728,0.307200,0.888544
1455,traditional,0.119296,0.437248,0.314368,0.870912
1456,traditional,0.121792,0.444416,0.305152,0.871360
1457,traditional,0.119456,0.439296,0.293888,0.852640
1458,traditional,0.132480,0.440320,0.299008,0.871808
1459,traditional,0.120096,0.439296,0.301056,0.860448
1460,traditional,0.122336,0.456704,0.297984,0.877024
1461,traditional,0.121248,0.439296,0.305152,0.865696
1462,traditional,0.124224,0.439296,0.297984,0.861504
1463,traditional,0.123968,0.451584,0.295936,0.871488
1464,traditional,0.127200,0.457728,0.303104,0.888032
1465,traditional,0.121824,0.436224,0.304128,0.862176
1466,traditional,0.124096,0.444416,0.297984,0.866496
1467,traditional,0.133344,0.445440,0.296960,0.875744
1468,traditional,0.121824,0.446464,0.300032,0.868320
1469,traditional,0.120576,0.446464,0.307200,0.874240
1470,traditional,0.121344,0.449536,0.304128,0.875008
1471,traditional,0.120160,0.468992,0.301056,0.890208
1472,traditional,0.121024,0.444416,0.299008,0.864448
1473,traditional,0.120768,0.437248,0.299008,0.857024
1474,traditional,0.121376,0.437248,0.296960,0.855584
1475,traditional,0.121152,0.436224,0.301056,0.858432
1476,traditional,0.121056,0.436224,0.297984,0.855264
1477,traditional,0.121664,0.458752,0.310272,0.890688
1478,traditional,0.125216,0.436224,0.297984,0.859424
1479,traditional,0.127424,0.453632,0.296960,0.878016
1480,traditional,0.124224,0.441344,0.301056,0.866624
1481,traditional,0.128256,0.449536,0.320512,0.898304
1482,traditional,0.126336,0.435200,0.299008,0.860544
1483,traditional,0.120768,0.445440,0.300032,0.866240
1484,traditional,0.124448,0.452608,0.299008,0.876064
1485,traditional,0.131424,0.465920,0.311296,0.908640
1486,traditional,0.124160,0.435200,0.311296,0.870656
1487,traditional,0.124608,0.436224,0.301056,0.861888
1488,traditional,0.122432,0.438272,0.311296,0.872000
1489,traditional,0.121920,0.446464,0.318464,0.886848
1490,traditional,0.125760,0.435200,0.303104,0.864064
1491,traditional,0.121472,0.460800,0.306176,0.888448
1492,traditional,0.121280,0.461824,0.297984,0.881088
1493,traditional,0.120928,0.447488,0.299008,0.867424
1494,traditional,0.133760,0.465920,0.299008,0.898688
1495,traditional,0.122048,0.437248,0.296960,0.856256
1496,traditional,0.130976,0.435200,0.300032,0.866208
1497,traditional,0.123200,0.450560,0.301056,0.874816
1498,traditional,0.127040,0.439296,0.312320,0.878656
1499,traditional,0.122144,0.445440,0.300032,0.867616
1500,traditional,0.122048,0.446464,0.300032,0.868544
1501,traditional,0.135456,0.441344,0.311296,0.888096
1502,traditional,0.128480,0.453632,0.305152,0.887264
1503,traditional,0.122528,0.444416,0.307200,0.874144
1504,traditional,0.124128,0.446464,0.300032,0.870624
1505,traditional,0.126112,0.441344,0.299008,0.866464
1506,traditional,0.123488,0.443392,0.303104,0.869984
1507,traditional,0.123648,0.440320,0.299008,0.862976
1508,traditional,0.123104,0.449536,0.306176,0.878816
1509,traditional,0.133984,0.454656,0.305152,0.893792
1510,traditional,0.124736,0.443392,0.313344,0.881472
1511,traditional,0.122048,0.443392,0.303104,0.868544
1512,traditional,0.127424,0.448512,0.311296,0.887232
1513,traditional,0.122464,0.479232,0.301056,0.902752
1514,traditional,0.123168,0.448512,0.315392,0.887072
1515,traditional,0.134496,0.445440,0.301056,0.880992
1516,traditional,0.133024,0.446464,0.306176,0.885664
1517,traditional,0.133952,0.447488,0.309248,0.890688
1518,traditional,0.122432,0.474112,0.309248,0.905792
1519,traditional,0.133088,0.442368,0.300032,0.875488
1520,traditional,0.132672,0.440320,0.325632,0.898624
1521,traditional,0.147136,0.439296,0.300032,0.886464
1522,traditional,0.126016,0.449536,0.300032,0.875584
1523,traditional,0.130400,0.463872,0.308224,0.902496
1524,traditional,0.125056,0.449536,0.312320,0.886912
1525,traditional,0.121984,0.442368,0.305152,0.869504
1526,traditional,0.122752,0.452608,0.308224,0.883584
1527,traditional,0.124800,0.454656,0.300032,0.879488
1528,traditional,0.123296,0.451584,0.300032,0.874912
1529,traditional,0.126528,0.439296,0.310272,0.876096
1530,traditional,0.123008,0.464896,0.303104,0.891008
1531,traditional,0.123424,0.440320,0.303104,0.866848
1532,traditional,0.122976,0.440320,0.303104,0.866400
1533,traditional,0.123136,0.445440,0.303104,0.871680
1534,traditional,0.126752,0.447488,0.303104,0.877344
1535,traditional,0.121312,0.440320,0.307200,0.868832
1536,traditional,0.123072,0.455680,0.303104,0.881856
1537,traditional,0.122816,0.441344,0.299008,0.863168
1538,traditional,0.123072,0.447488,0.303104,0.873664
1539,traditional,0.140000,0.451584,0.305152,0.896736
1540,traditional,0.122880,0.454656,0.305152,0.882688
1541,traditional,0.121760,0.442368,0.302080,0.866208
1542,traditional,0.131520,0.459776,0.312320,0.903616
1543,traditional,0.135584,0.472064,0.306176,0.913824
1544,traditional,0.134784,0.441344,0.310272,0.886400
1545,traditional,0.128256,0.451584,0.308224,0.888064
1546,traditional,0.124544,0.440320,0.304128,0.868992
1547,traditional,0.125152,0.456704,0.302080,0.883936
1548,traditional,0.122304,0.455680,0.303104,0.881088
1549,traditional,0.122912,0.450560,0.302080,0.875552
1550,traditional,0.123584,0.439296,0.301056,0.863936
1551,traditional,0.126368,0.444416,0.302080,0.872864
1552,traditional,0.125344,0.441344,0.300032,0.866720
1553,traditional,0.127872,0.464896,0.306176,0.898944
1554,traditional,0.122336,0.455680,0.301056,0.879072
1555,traditional,0.132832,0.442368,0.301056,0.876256
1556,traditional,0.122496,0.439296,0.302080,0.863872
1557,traditional,0.126784,0.451584,0.305152,0.883520
1558,traditional,0.124736,0.440320,0.325632,0.890688
1559,traditional,0.132704,0.439296,0.305152,0.877152
1560,traditional,0.123488,0.439296,0.309248,0.872032
1561,traditional,0.121984,0.453632,0.306176,0.881792
1562,traditional,0.122496,0.445440,0.303104,0.871040
1563,traditional,0.130272,0.445440,0.305152,0.880864
1564,traditional,0.127648,0.445440,0.306176,0.879264
1565,traditional,0.121600,0.440320,0.303104,0.865024
1566,traditional,0.122880,0.442368,0.306176,0.871424
1567,traditional,0.127776,0.443392,0.302080,0.873248
1568,traditional,0.124064,0.459776,0.309248,0.893088
1569,traditional,0.126336,0.466944,0.306176,0.899456
1570,traditional,0.124480,0.446464,0.305152,0.876096
1571,traditional,0.123168,0.455680,0.306176,0.885024
1572,traditional,0.127808,0.450560,0.305152,0.883520
1573,traditional,0.123136,0.453632,0.305152,0.881920
1574,traditional,0.137056,0.453632,0.304128,0.894816
1575,traditional,0.125120,0.454656,0.312320,0.892096
1576,traditional,0.126336,0.463872,0.306176,0.896384
1577,traditional,0.133312,0.445440,0.306176,0.884928
1578,traditional,0.126688,0.446464,0.309248,0.882400
1579,traditional,0.135296,0.454656,0.304128,0.894080
1580,traditional,0.124320,0.461824,0.305152,0.891296
1581,traditional,0.126848,0.452608,0.307200,0.886656
1582,traditional,0.125504,0.456704,0.305152,0.887360
1583,traditional,0.124000,0.470016,0.303104,0.897120
1584,traditional,0.134048,0.453632,0.304128,0.891808
1585,traditional,0.125088,0.462848,0.303104,0.891040
1586,traditional,0.124320,0.466944,0.304128,0.895392
1587,traditional,0.122944,0.455680,0.310272,0.888896
1588,traditional,0.148960,0.452608,0.306176,0.907744
1589,traditional,0.139072,0.446464,0.305152,0.890688
1590,traditional,0.141120,0.489472,0.307200,0.937792
1591,traditional,0.123872,0.444416,0.314368,0.882656
1592,traditional,0.125600,0.455680,0.308224,0.889504
1593,traditional,0.124288,0.449536,0.306176,0.880000
1594,traditional,0.123040,0.459776,0.310272,0.893088
1595,traditional,0.148416,0.450560,0.307200,0.906176
1596,traditional,0.133888,0.453632,0.305152,0.892672
1597,traditional,0.129984,0.454656,0.305152,0.889792
1598,traditional,0.124256,0.447488,0.304128,0.875872
1599,traditional,0.124096,0.478208,0.313344,0.915648
1600,traditional,0.136352,0.451584,0.306176,0.894112
1601,traditional,0.126016,0.456704,0.309248,0.891968
1602,traditional,0.124512,0.463872,0.306176,0.894560
1603,traditional,0.127808,0.445440,0.326656,0.899904
1604,traditional,0.124896,0.447488,0.307200,0.879584
1605,traditional,0.126080,0.451584,0.308224,0.885888
1606,traditional,0.149952,0.461824,0.312320,0.924096
1607,traditional,0.125696,0.479232,0.309248,0.914176
1608,traditional,0.125088,0.452608,0.309248,0.886944
1609,traditional,0.127840,0.465920,0.307200,0.900960
1610,traditional,0.129152,0.451584,0.309248,0.889984
1611,traditional,0.124864,0.451584,0.306176,0.882624
1612,traditional,0.124480,0.474112,0.310272,0.908864
1613,traditional,0.125408,0.453632,0.307200,0.886240
1614,traditional,0.124800,0.471040,0.310272,0.906112
1615,traditional,0.124000,0.456704,0.310272,0.890976
1616,traditional,0.144992,0.455680,0.308224,0.908896
1617,traditional,0.124576,0.450560,0.313344,0.888480
1618,traditional,0.125312,0.454656,0.305152,0.885120
1619,traditional,0.124960,0.455680,0.310272,0.890912
1620,traditional,0.128800,0.459776,0.312320,0.900896
1621,traditional,0.124608,0.458752,0.316416,0.899776
1622,traditional,0.125760,0.459776,0.308224,0.893760
1623,traditional,0.124960,0.449536,0.325632,0.900128
1624,traditional,0.125056,0.492544,0.313344,0.930944
1625,traditional,0.129568,0.456704,0.313344,0.899616
1626,traditional,0.127392,0.451584,0.313344,0.892320
1627,traditional,0.123904,0.449536,0.309248,0.882688
1628,traditional,0.125504,0.450560,0.320512,0.896576
1629,traditional,0.124416,0.470016,0.313344,0.907776
1630,traditional,0.151360,0.458752,0.319488,0.929600
1631,traditional,0.123616,0.456704,0.306176,0.886496
1632,traditional,0.125504,0.449536,0.306176,0.881216
1633,traditional,0.125824,0.452608,0.323584,0.902016
1634,traditional,0.129408,0.457728,0.307200,0.894336
1635,traditional,0.125824,0.454656,0.307200,0.887680
1636,traditional,0.134816,0.459776,0.306176,0.900768
1637,traditional,0.124544,0.450560,0.309248,0.884352
1638,traditional,0.125696,0.461824,0.310272,0.897792
1639,traditional,0.125280,0.449536,0.306176,0.880992
1640,traditional,0.146560,0.461824,0.308224,0.916608
1641,traditional,0.124736,0.451584,0.311296,0.887616
1642,traditional,0.125440,0.451584,0.310272,0.887296
1643,traditional,0.124992,0.451584,0.310272,0.886848
1644,traditional,0.144032,0.463872,0.307200,0.915104
1645,traditional,0.124608,0.465920,0.308224,0.898752
1646,traditional,0.125504,0.450560,0.308224,0.884288
1647,traditional,0.128640,0.452608,0.314368,0.895616
1648,traditional,0.124832,0.451584,0.308224,0.884640
1649,traditional,0.127904,0.449536,0.306176,0.883616
1650,traditional,0.124992,0.450560,0.307200,0.882752
1651,traditional,0.130176,0.460800,0.311296,0.902272
1652,traditional,0.128288,0.455680,0.311296,0.895264
1653,traditional,0.155392,0.458752,0.311296,0.925440
1654,traditional,0.135648,0.475136,0.319488,0.930272
1655,traditional,0.124416,0.458752,0.315392,0.898560
1656,traditional,0.126080,0.452608,0.308224,0.886912
1657,traditional,0.128224,0.470016,0.310272,0.908512
1658,traditional,0.133312,0.457728,0.309248,0.900288
1659,traditional,0.128480,0.468992,0.318464,0.915936
1660,traditional,0.131232,0.456704,0.308224,0.896160
1661,traditional,0.138816,0.474112,0.313344,0.926272
1662,traditional,0.132480,0.467968,0.313344,0.913792
1663,traditional,0.135264,0.451584,0.310272,0.897120
1664,traditional,0.132352,0.451584,0.308224,0.892160
1665,traditional,0.124000,0.483328,0.306176,0.913504
1666,traditional,0.129856,0.470016,0.315392,0.915264
1667,traditional,0.134208,0.457728,0.306176,0.898112
1668,traditional,0.124032,0.465920,0.313344,0.903296
1669,traditional,0.129664,0.457728,0.309248,0.896640
1670,traditional,0.136192,0.452608,0.309248,0.898048
1671,traditional,0.127424,0.453632,0.310272,0.891328
1672,traditional,0.136672,0.464896,0.307200,0.908768
1673,traditional,0.134432,0.488448,0.317440,0.940320
1674,traditional,0.124896,0.462848,0.307200,0.894944
1675,traditional,0.131392,0.449536,0.314368,0.895296
1676,traditional,0.127040,0.452608,0.309248,0.888896
1677,traditional,0.123776,0.450560,0.308224,0.882560
1678,traditional,0.140768,0.458752,0.305152,0.904672
1679,traditional,0.127488,0.456704,0.310272,0.894464
1680,traditional,0.125280,0.458752,0.311296,0.895328
1681,traditional,0.138944,0.456704,0.312320,0.907968
1682,traditional,0.127200,0.456704,0.311296,0.895200
1683,traditional,0.125088,0.479232,0.311296,0.915616
1684,traditional,0.126560,0.487424,0.312320,0.926304
1685,traditional,0.130880,0.455680,0.312320,0.898880
1686,traditional,0.128800,0.464896,0.310272,0.903968
1687,traditional,0.129120,0.456704,0.309248,0.895072
1688,traditional,0.127040,0.463872,0.311296,0.902208
1689,traditional,0.128512,0.456704,0.311296,0.896512
1690,traditional,0.125984,0.456704,0.312320,0.895008
1691,traditional,0.129408,0.470016,0.334848,0.934272
1692,traditional,0.126720,0.457728,0.312320,0.896768
1693,traditional,0.125728,0.464896,0.313344,0.903968
1694,traditional,0.129344,0.457728,0.310272,0.897344
1695,traditional,0.126272,0.477184,0.314368,0.917824
1696,traditional,0.139840,0.465920,0.319488,0.925248
1697,traditional,0.143872,0.455680,0.310272,0.909824
1698,traditional,0.137120,0.479232,0.315392,0.931744
1699,traditional,0.134016,0.466944,0.314368,0.915328
1700,traditional,0.126624,0.457728,0.323584,0.907936
1701,traditional,0.125088,0.490496,0.311296,0.926880
1702,traditional,0.130272,0.462848,0.319488,0.912608
1703,traditional,0.125760,0.456704,0.316416,0.898880
1704,traditional,0.126752,0.457728,0.313344,0.897824
1705,traditional,0.135008,0.460800,0.309248,0.905056
1706,traditional,0.125376,0.482304,0.317440,0.925120
1707,traditional,0.130784,0.459776,0.316416,0.906976
1708,traditional,0.137696,0.466944,0.308224,0.912864
1709,traditional,0.133248,0.472064,0.311296,0.916608
1710,traditional,0.126912,0.457728,0.334848,0.919488
1711,traditional,0.127136,0.456704,0.313344,0.897184
1712,traditional,0.127168,0.485376,0.311296,0.923840
1713,traditional,0.125504,0.470016,0.311296,0.906816
1714,traditional,0.144352,0.473088,0.314368,0.931808
1715,traditional,0.155456,0.488448,0.324608,0.968512
1716,traditional,0.137888,0.463872,0.310272,0.912032
1717,traditional,0.130880,0.456704,0.311296,0.898880
1718,traditional,0.131712,0.458752,0.312320,0.902784
1719,traditional,0.125664,0.467968,0.316416,0.910048
1720,traditional,0.131392,0.456704,0.310272,0.898368
1721,traditional,0.137888,0.467968,0.309248,0.915104
1722,traditional,0.130784,0.465920,0.315392,0.912096
1723,traditional,0.126304,0.456704,0.310272,0.893280
1724,traditional,0.126880,0.456704,0.309248,0.892832
1725,traditional,0.126464,0.456704,0.314368,0.897536
1726,traditional,0.126976,0.455680,0.313344,0.896000
1727,traditional,0.130272,0.462848,0.315392,0.908512
1728,traditional,0.126944,0.455680,0.318464,0.901088
1729,traditional,0.129792,0.487424,0.314368,0.931584
1730,traditional,0.127328,0.501760,0.314368,0.943456
1731,traditional,0.130976,0.456704,0.317440,0.905120
1732,traditional,0.136768,0.467968,0.315392,0.920128
1733,traditional,0.127264,0.466944,0.312320,0.906528
1734,traditional,0.138528,0.460800,0.311296,0.910624
1735,traditional,0.129536,0.457728,0.309248,0.896512
1736,traditional,0.127072,0.474112,0.322560,0.923744
1737,traditional,0.129568,0.457728,0.317440,0.904736
1738,traditional,0.130816,0.461824,0.311296,0.903936
1739,traditional,0.126624,0.467968,0.313344,0.907936
1740,traditional,0.138368,0.462848,0.310272,0.911488
1741,traditional,0.137312,0.466944,0.311296,0.915552
1742,traditional,0.135936,0.465920,0.319488,0.921344
1743,traditional,0.132128,0.457728,0.311296,0.901152
1744,traditional,0.131360,0.458752,0.325632,0.915744
1745,traditional,0.134784,0.456704,0.312320,0.903808
1746,traditional,0.126944,0.464896,0.316416,0.908256
1747,traditional,0.125664,0.457728,0.313344,0.896736
1748,traditional,0.127328,0.467968,0.332800,0.928096
1749,traditional,0.135040,0.460800,0.314368,0.910208
1750,traditional,0.127168,0.465920,0.309248,0.902336
1751,traditional,0.128960,0.465920,0.311296,0.906176
1752,traditional,0.136992,0.463872,0.322560,0.923424
1753,traditional,0.125952,0.458752,0.310272,0.894976
1754,traditional,0.126528,0.462848,0.310272,0.899648
1755,traditional,0.128896,0.472064,0.329728,0.930688
1756,traditional,0.126560,0.473088,0.314368,0.914016
1757,traditional,0.126176,0.461824,0.319488,0.907488
1758,traditional,0.140608,0.480256,0.329728,0.950592
1759,traditional,0.130944,0.464896,0.324608,0.920448
1760,traditional,0.128352,0.466944,0.334848,0.930144
1761,traditional,0.127520,0.463872,0.313344,0.904736
1762,traditional,0.139072,0.463872,0.326656,0.929600
1763,traditional,0.127328,0.468992,0.309248,0.905568
1764,traditional,0.126688,0.456704,0.311296,0.894688
1765,traditional,0.126976,0.456704,0.310272,0.893952
1766,traditional,0.126400,0.455680,0.310272,0.892352
1767,traditional,0.126752,0.467968,0.309248,0.903968
1768,traditional,0.126752,0.465920,0.309248,0.901920
1769,traditional,0.125920,0.462848,0.309248,0.898016
1770,traditional,0.126016,0.481280,0.319488,0.926784
1771,traditional,0.125792,0.466944,0.311296,0.904032
1772,traditional,0.139648,0.473088,0.321536,0.934272
1773,traditional,0.126112,0.480256,0.310272,0.916640
1774,traditional,0.130624,0.476160,0.314368,0.921152
1775,traditional,0.137696,0.481280,0.322560,0.941536
1776,traditional,0.126784,0.467968,0.312320,0.907072
1777,traditional,0.126208,0.468992,0.314368,0.909568
1778,traditional,0.128416,0.464896,0.312320,0.905632
1779,traditional,0.131648,0.457728,0.315392,0.904768
1780,traditional,0.126464,0.462848,0.316416,0.905728
1781,traditional,0.127424,0.470016,0.310272,0.907712
1782,traditional,0.126336,0.455680,0.312320,0.894336
1783,traditional,0.131520,0.467968,0.314368,0.913856
1784,traditional,0.126336,0.463872,0.314368,0.904576
1785,traditional,0.136672,0.462848,0.310272,0.909792
1786,traditional,0.126944,0.461824,0.320512,0.909280
1787,traditional,0.153344,0.471040,0.327680,0.952064
1788,traditional,0.127840,0.467968,0.312320,0.908128
1789,traditional,0.126752,0.473088,0.324608,0.924448
1790,traditional,0.126944,0.458752,0.310272,0.895968
1791,traditional,0.128576,0.471040,0.313344,0.912960
1792,traditional,0.127552,0.468992,0.314368,0.910912
1793,traditional,0.125344,0.457728,0.325632,0.908704
1794,traditional,0.137856,0.464896,0.315392,0.918144
1795,traditional,0.128864,0.465920,0.313344,0.908128
1796,traditional,0.127840,0.460800,0.323584,0.912224
1797,traditional,0.126112,0.457728,0.337920,0.921760
1798,traditional,0.127328,0.456704,0.310272,0.894304
1799,traditional,0.125856,0.480256,0.310272,0.916384
1800,traditional,0.126816,0.456704,0.323584,0.907104
1801,traditional,0.126080,0.475136,0.320512,0.921728
1802,traditional,0.136800,0.454656,0.313344,0.904800
1803,traditional,0.127680,0.465920,0.310272,0.903872
1804,traditional,0.127072,0.470016,0.309248,0.906336
1805,traditional,0.126720,0.457728,0.310272,0.894720
1806,traditional,0.130432,0.461824,0.324608,0.916864
1807,traditional,0.126688,0.476160,0.311296,0.914144
1808,traditional,0.126112,0.467968,0.324608,0.918688
1809,traditional,0.135424,0.456704,0.311296,0.903424
1810,traditional,0.149888,0.463872,0.327680,0.941440
1811,traditional,0.138464,0.475136,0.311296,0.924896
1812,traditional,0.131360,0.472064,0.316416,0.919840
1813,traditional,0.128768,0.473088,0.310272,0.912128
1814,traditional,0.126496,0.462848,0.313344,0.902688
1815,traditional,0.126240,0.466944,0.321536,0.914720
1816,traditional,0.126816,0.455680,0.313344,0.895840
1817,traditional,0.125280,0.456704,0.311296,0.893280
1818,traditional,0.126752,0.482304,0.314368,0.923424
1819,traditional,0.127872,0.457728,0.318464,0.904064
1820,traditional,0.126912,0.475136,0.320512,0.922560
1821,traditional,0.126016,0.467968,0.318464,0.912448
1822,traditional,0.130880,0.455680,0.310272,0.896832
1823,traditional,0.137376,0.464896,0.315392,0.917664
1824,traditional,0.127456,0.465920,0.340992,0.934368
1825,traditional,0.126208,0.474112,0.311296,0.911616
1826,traditional,0.132576,0.460800,0.312320,0.905696
1827,traditional,0.133984,0.464896,0.310272,0.909152
1828,traditional,0.133152,0.471040,0.315392,0.919584
1829,traditional,0.125440,0.457728,0.314368,0.897536
1830,traditional,0.131520,0.456704,0.311296,0.899520
1831,traditional,0.129248,0.485376,0.310272,0.924896
1832,traditional,0.127168,0.456704,0.337920,0.921792
1833,traditional,0.129248,0.481280,0.319488,0.930016
1834,traditional,0.133120,0.476160,0.322560,0.931840
1835,traditional,0.126304,0.472064,0.310272,0.908640
1836,traditional,0.153984,0.483328,0.321536,0.958848
1837,traditional,0.138592,0.458752,0.311296,0.908640
1838,traditional,0.125664,0.466944,0.312320,0.904928
1839,traditional,0.128576,0.456704,0.311296,0.896576
1840,traditional,0.133632,0.464896,0.316416,0.914944
1841,traditional,0.137056,0.471040,0.314368,0.922464
1842,traditional,0.126784,0.473088,0.310272,0.910144
1843,traditional,0.126880,0.474112,0.312320,0.913312
1844,traditional,0.127328,0.480256,0.320512,0.928096
1845,traditional,0.127232,0.466944,0.310272,0.904448
1846,traditional,0.126400,0.456704,0.310272,0.893376
1847,traditional,0.131424,0.474112,0.323584,0.929120
1848,traditional,0.125728,0.458752,0.311296,0.895776
1849,traditional,0.135680,0.461824,0.310272,0.907776
1850,traditional,0.126368,0.465920,0.311296,0.903584
1851,traditional,0.134976,0.485376,0.319488,0.939840
1852,traditional,0.130080,0.455680,0.315392,0.901152
1853,traditional,0.126784,0.482304,0.320512,0.929600
1854,traditional,0.129088,0.463872,0.311296,0.904256
1855,traditional,0.125408,0.462848,0.310272,0.898528
1856,traditional,0.126400,0.456704,0.310272,0.893376
1857,traditional,0.129248,0.491520,0.325632,0.946400
1858,traditional,0.131040,0.459776,0.312320,0.903136
1859,traditional,0.128864,0.458752,0.320512,0.908128
1860,traditional,0.130784,0.470016,0.311296,0.912096
1861,traditional,0.126688,0.455680,0.309248,0.891616
1862,traditional,0.128896,0.456704,0.315392,0.900992
1863,traditional,0.126560,0.460800,0.315392,0.902752
1864,traditional,0.126880,0.458752,0.310272,0.895904
1865,traditional,0.126368,0.457728,0.311296,0.895392
1866,traditional,0.126368,0.456704,0.313344,0.896416
1867,traditional,0.134464,0.470016,0.311296,0.915776
1868,traditional,0.128512,0.456704,0.313344,0.898560
1869,traditional,0.127552,0.467968,0.315392,0.910912
1870,traditional,0.126464,0.455680,0.310272,0.892416
1871,traditional,0.125728,0.457728,0.312320,0.895776
1872,traditional,0.127488,0.458752,0.310272,0.896512
1873,traditional,0.128832,0.461824,0.316416,0.907072
1874,traditional,0.126464,0.462848,0.310272,0.899584
1875,traditional,0.125824,0.457728,0.313344,0.896896
1876,traditional,0.126400,0.475136,0.325632,0.927168
1877,traditional,0.125312,0.464896,0.313344,0.903552
1878,traditional,0.128256,0.463872,0.315392,0.907520
1879,traditional,0.130336,0.456704,0.310272,0.897312
1880,traditional,0.127648,0.460800,0.313344,0.901792
1881,traditional,0.125376,0.459776,0.312320,0.897472
1882,traditional,0.131136,0.480256,0.314368,0.925760
1883,traditional,0.133408,0.456704,0.311296,0.901408
1884,traditional,0.137344,0.461824,0.310272,0.909440
1885,traditional,0.126464,0.460800,0.317440,0.904704
1886,traditional,0.127360,0.462848,0.314368,0.904576
1887,traditional,0.125888,0.456704,0.309248,0.891840
1888,traditional,0.126432,0.467968,0.309248,0.903648
1889,traditional,0.136768,0.464896,0.310272,0.911936
1890,traditional,0.137792,0.498688,0.328704,0.965184
1891,traditional,0.128160,0.456704,0.324608,0.909472
1892,traditional,0.126592,0.455680,0.312320,0.894592
1893,traditional,0.126656,0.471040,0.310272,0.907968
1894,traditional,0.128288,0.477184,0.312320,0.917792
1895,traditional,0.126080,0.475136,0.314368,0.915584
1896,traditional,0.133856,0.468992,0.312320,0.915168
1897,traditional,0.126112,0.467968,0.309248,0.903328
1898,traditional,0.126464,0.456704,0.314368,0.897536
1899,traditional,0.127360,0.455680,0.313344,0.896384
1900,traditional,0.130400,0.456704,0.322560,0.909664
1901,traditional,0.125216,0.458752,0.313344,0.897312
1902,traditional,0.126784,0.456704,0.313344,0.896832
1903,traditional,0.135808,0.486400,0.314368,0.936576
1904,traditional,0.127264,0.456704,0.314368,0.898336
1905,traditional,0.127488,0.458752,0.309248,0.895488
1906,traditional,0.125984,0.459776,0.316416,0.902176
1907,traditional,0.128608,0.456704,0.313344,0.898656
1908,traditional,0.127104,0.464896,0.314368,0.906368
1909,traditional,0.131552,0.457728,0.315392,0.904672
1910,traditional,0.132864,0.457728,0.321536,0.912128
1911,traditional,0.124832,0.461824,0.310272,0.896928
1912,traditional,0.126272,0.465920,0.326656,0.918848
1913,traditional,0.125632,0.456704,0.310272,0.892608
1914,traditional,0.126048,0.467968,0.320512,0.914528
1915,traditional,0.125728,0.457728,0.320512,0.903968
1916,traditional,0.138592,0.461824,0.321536,0.921952
1917,traditional,0.125440,0.457728,0.310272,0.893440
1918,traditional,0.137120,0.461824,0.310272,0.909216
1919,traditional,0.127648,0.493568,0.315392,0.936608
1920,traditional,0.134080,0.455680,0.312320,0.902080
1921,traditional,0.127200,0.463872,0.314368,0.905440
1922,traditional,0.132928,0.468992,0.316416,0.918336
1923,traditional,0.129824,0.461824,0.311296,0.902944
1924,traditional,0.126656,0.456704,0.313344,0.896704
1925,traditional,0.151360,0.456704,0.321536,0.929600
1926,traditional,0.127200,0.466944,0.313344,0.907488
1927,traditional,0.126272,0.456704,0.310272,0.893248
1928,traditional,0.125984,0.456704,0.313344,0.896032
1929,traditional,0.126688,0.456704,0.311296,0.894688
1930,traditional,0.125824,0.467968,0.309248,0.903040
1931,traditional,0.140064,0.463872,0.312320,0.916256
1932,traditional,0.127104,0.455680,0.311296,0.894080
1933,traditional,0.126496,0.458752,0.310272,0.895520
1934,traditional,0.132544,0.465920,0.312320,0.910784
1935,traditional,0.127008,0.464896,0.315392,0.907296
1936,traditional,0.127136,0.455680,0.311296,0.894112
1937,traditional,0.140448,0.456704,0.317440,0.914592
1938,traditional,0.125600,0.463872,0.312320,0.901792
1939,traditional,0.129408,0.463872,0.322560,0.915840
1940,traditional,0.129184,0.464896,0.309248,0.903328
1941,traditional,0.138240,0.480256,0.332800,0.951296
1942,traditional,0.127264,0.461824,0.314368,0.903456
1943,traditional,0.125792,0.457728,0.309248,0.892768
1944,traditional,0.126432,0.470016,0.312320,0.908768
1945,traditional,0.126240,0.468992,0.310272,0.905504
1946,traditional,0.130688,0.485376,0.310272,0.926336
1947,traditional,0.129024,0.466944,0.311296,0.907264
1948,traditional,0.127744,0.462848,0.308224,0.898816
1949,traditional,0.129888,0.478208,0.321536,0.929632
1950,traditional,0.128640,0.452608,0.306176,0.887424
1951,traditional,0.129312,0.490496,0.309248,0.929056
1952,traditional,0.125280,0.445440,0.303104,0.873824
1953,traditional,0.123392,0.453632,0.306176,0.883200
1954,traditional,0.123264,0.455680,0.306176,0.885120
1955,traditional,0.127584,0.449536,0.316416,0.893536
1956,traditional,0.124992,0.480256,0.311296,0.916544
1957,traditional,0.122912,0.451584,0.307200,0.881696
1958,traditional,0.124256,0.454656,0.314368,0.893280
1959,traditional,0.131648,0.451584,0.305152,0.888384
1960,traditional,0.126272,0.445440,0.304128,0.875840
1961,traditional,0.136768,0.454656,0.305152,0.896576
1962,traditional,0.128288,0.445440,0.303104,0.876832
1963,traditional,0.126464,0.457728,0.305152,0.889344
1964,traditional,0.124096,0.447488,0.307200,0.878784
1965,traditional,0.125408,0.449536,0.304128,0.879072
1966,traditional,0.123296,0.449536,0.305152,0.877984
1967,traditional,0.122976,0.452608,0.308224,0.883808
1968,traditional,0.125120,0.448512,0.305152,0.878784
1969,traditional,0.123648,0.449536,0.314368,0.887552
1970,traditional,0.124736,0.445440,0.307200,0.877376
1971,traditional,0.123680,0.447488,0.304128,0.875296
1972,traditional,0.127200,0.443392,0.304128,0.874720
1973,traditional,0.124480,0.448512,0.306176,0.879168
1974,traditional,0.124256,0.456704,0.303104,0.884064
1975,traditional,0.125504,0.445440,0.307200,0.878144
1976,traditional,0.124448,0.444416,0.305152,0.874016
1977,traditional,0.123232,0.449536,0.304128,0.876896
1978,traditional,0.127264,0.444416,0.310272,0.881952
1979,traditional,0.125216,0.445440,0.304128,0.874784
1980,traditional,0.136608,0.444416,0.308224,0.889248
1981,traditional,0.125184,0.447488,0.303104,0.875776
1982,traditional,0.127232,0.459776,0.308224,0.895232
1983,traditional,0.130752,0.455680,0.315392,0.901824
1984,traditional,0.124320,0.445440,0.308224,0.877984
1985,traditional,0.123936,0.445440,0.310272,0.879648
1986,traditional,0.124288,0.474112,0.313344,0.911744
1987,traditional,0.122624,0.447488,0.303104,0.873216
1988,traditional,0.127200,0.445440,0.304128,0.876768
1989,traditional,0.123040,0.452608,0.306176,0.881824
1990,traditional,0.136128,0.444416,0.305152,0.885696
1991,traditional,0.133440,0.479232,0.318464,0.931136
1992,traditional,0.128608,0.444416,0.303104,0.876128
1993,traditional,0.123424,0.447488,0.307200,0.878112
1994,traditional,0.124928,0.444416,0.305152,0.874496
1995,traditional,0.125664,0.446464,0.308224,0.880352
1996,traditional,0.125504,0.445440,0.305152,0.876096
1997,traditional,0.123168,0.446464,0.304128,0.873760
1998,traditional,0.127904,0.448512,0.303104,0.879520
1999,traditional,0.124064,0.448512,0.305152,0.877728
2000,traditional,0.128384,0.446464,0.303104,0.877952
2001,traditional,0.123104,0.444416,0.304128,0.871648
2002,traditional,0.125472,0.450560,0.335872,0.911904
2003,traditional,0.123808,0.445440,0.306176,0.875424
2004,traditional,0.124512,0.446464,0.314368,0.885344
2005,traditional,0.123904,0.455680,0.306176,0.885760
2006,traditional,0.127552,0.468992,0.319488,0.916032
2007,traditional,0.123008,0.448512,0.304128,0.875648
2008,traditional,0.143616,0.448512,0.333824,0.925952
2009,traditional,0.124192,0.448512,0.309248,0.881952
2010,traditional,0.135584,0.445440,0.306176,0.887200
2011,traditional,0.129376,0.445440,0.309248,0.884064
2012,traditional,0.123648,0.461824,0.303104,0.888576
2013,traditional,0.134496,0.446464,0.304128,0.885088
2014,traditional,0.125440,0.444416,0.313344,0.883200
2015,traditional,0.125600,0.462848,0.303104,0.891552
2016,traditional,0.131712,0.450560,0.306176,0.888448
2017,traditional,0.122784,0.445440,0.304128,0.872352
2018,traditional,0.123648,0.450560,0.303104,0.877312
2019,traditional,0.124288,0.450560,0.303104,0.877952
2020,traditional,0.128480,0.448512,0.308224,0.885216
2021,traditional,0.124224,0.454656,0.318464,0.897344
2022,traditional,0.137280,0.464896,0.303104,0.905280
2023,traditional,0.123296,0.454656,0.314368,0.892320
2024,traditional,0.127616,0.466944,0.318464,0.913024
2025,traditional,0.129216,0.445440,0.304128,0.878784
2026,traditional,0.139616,0.454656,0.305152,0.899424
2027,traditional,0.123712,0.447488,0.304128,0.875328
2028,traditional,0.127968,0.454656,0.305152,0.887776
2029,traditional,0.124960,0.445440,0.303104,0.873504
2030,traditional,0.124288,0.459776,0.313344,0.897408
2031,traditional,0.123712,0.448512,0.315392,0.887616
2032,traditional,0.124224,0.455680,0.303104,0.883008
2033,traditional,0.130560,0.448512,0.303104,0.882176
2034,traditional,0.124480,0.444416,0.305152,0.874048
2035,traditional,0.125728,0.457728,0.302080,0.885536
2036,traditional,0.127840,0.445440,0.304128,0.877408
2037,traditional,0.130528,0.476160,0.308224,0.914912
2038,traditional,0.126528,0.446464,0.304128,0.877120
2039,traditional,0.122688,0.459776,0.303104,0.885568
2040,traditional,0.123136,0.445440,0.307200,0.875776
2041,traditional,0.132832,0.459776,0.308224,0.900832
2042,traditional,0.123680,0.448512,0.304128,0.876320
2043,traditional,0.127648,0.448512,0.303104,0.879264
2044,traditional,0.123360,0.444416,0.303104,0.870880
2045,traditional,0.122720,0.450560,0.303104,0.876384
2046,traditional,0.124064,0.462848,0.302080,0.888992
2047,traditional,0.129312,0.456704,0.318464,0.904480
2048,traditional,0.123328,0.457728,0.303104,0.884160
2049,traditional,0.127840,0.446464,0.306176,0.880480
2050,traditional,0.124576,0.446464,0.305152,0.876192
2051,traditional,0.124608,0.451584,0.303104,0.879296
2052,traditional,0.124352,0.447488,0.303104,0.874944
2053,traditional,0.131744,0.449536,0.314368,0.895648
2054,traditional,0.124608,0.444416,0.313344,0.882368
2055,traditional,0.131296,0.489472,0.308224,0.928992
2056,traditional,0.132832,0.455680,0.312320,0.900832
2057,traditional,0.128096,0.445440,0.306176,0.879712
2058,traditional,0.169696,0.450560,0.306176,0.926432
2059,traditional,0.131424,0.454656,0.316416,0.902496
2060,traditional,0.128672,0.445440,0.306176,0.880288
2061,traditional,0.123328,0.446464,0.306176,0.875968
2062,traditional,0.136416,0.446464,0.304128,0.887008
2063,traditional,0.127232,0.461824,0.302080,0.891136
2064,traditional,0.125536,0.449536,0.329728,0.904800
2065,traditional,0.126944,0.457728,0.302080,0.886752
2066,traditional,0.125664,0.475136,0.316416,0.917216
2067,traditional,0.127008,0.453632,0.305152,0.885792
2068,traditional,0.144128,0.470016,0.313344,0.927488
2069,traditional,0.123072,0.446464,0.303104,0.872640
2070,traditional,0.121664,0.447488,0.304128,0.873280
2071,traditional,0.126208,0.441344,0.310272,0.877824
2072,traditional,0.126368,0.444416,0.302080,0.872864
2073,traditional,0.122048,0.457728,0.300032,0.879808
2074,traditional,0.123168,0.448512,0.301056,0.872736
2075,traditional,0.121568,0.476160,0.312320,0.910048
2076,traditional,0.124832,0.461824,0.301056,0.887712
2077,traditional,0.123104,0.443392,0.299008,0.865504
2078,traditional,0.122624,0.453632,0.301056,0.877312
2079,traditional,0.122656,0.451584,0.304128,0.878368
2080,traditional,0.123328,0.439296,0.301056,0.863680
2081,traditional,0.122400,0.441344,0.308224,0.871968
2082,traditional,0.123072,0.439296,0.303104,0.865472
2083,traditional,0.122720,0.440320,0.300032,0.863072
2084,traditional,0.122528,0.450560,0.299008,0.872096
2085,traditional,0.123072,0.442368,0.301056,0.866496
2086,traditional,0.124224,0.439296,0.304128,0.867648
2087,traditional,0.125888,0.446464,0.304128,0.876480
2088,traditional,0.122272,0.440320,0.302080,0.864672
2089,traditional,0.131776,0.446464,0.300032,0.878272
2090,traditional,0.122688,0.445440,0.301056,0.869184
2091,traditional,0.121696,0.444416,0.313344,0.879456
2092,traditional,0.122976,0.451584,0.300032,0.874592
2093,traditional,0.127136,0.446464,0.302080,0.875680
2094,traditional,0.144544,0.459776,0.306176,0.910496
2095,traditional,0.121920,0.442368,0.299008,0.863296
2096,traditional,0.124000,0.449536,0.303104,0.876640
2097,traditional,0.121152,0.450560,0.306176,0.877888
2098,traditional,0.123456,0.451584,0.301056,0.876096
2099,traditional,0.123968,0.442368,0.302080,0.868416
2100,traditional,0.123744,0.449536,0.300032,0.873312
