frame,renderPath,shadowMs,sceneMs,postProcessMs,frameMs
1,traditional,0.181760,1.767424,0.226304,2.175488
2,traditional,0.178592,1.758208,0.221184,2.157984
3,traditional,0.179552,1.708032,0.225280,2.112864
4,traditional,0.177600,1.983488,0.231424,2.392512
5,traditional,0.178976,1.704960,0.222208,2.106144
6,traditional,0.181760,1.715200,0.221184,2.118144
7,traditional,0.180928,1.710080,0.224256,2.115264
8,traditional,0.177376,1.704960,0.222208,2.104544
9,traditional,0.176320,1.721344,0.222208,2.119872
10,traditional,0.178944,1.714176,0.222208,2.115328
11,traditional,0.177376,1.789952,0.223232,2.190560
12,traditional,0.177408,1.807360,0.232448,2.217216
13,traditional,0.182784,1.703936,0.222208,2.108928
14,traditional,0.177440,1.697792,0.222208,2.097440
15,traditional,0.194272,1.724416,0.410624,2.329312
16,traditional,0.185344,1.708032,0.223232,2.116608
17,traditional,0.177280,1.725440,0.221184,2.123904
18,traditional,0.179840,1.731584,0.221184,2.132608
19,traditional,0.176608,1.718272,0.222208,2.117088
20,traditional,0.176800,1.718272,0.221184,2.116256
21,traditional,0.183488,1.757184,0.221184,2.161856
22,traditional,0.181472,1.712128,0.221184,2.114784
23,traditional,0.196000,1.743872,0.221184,2.161056
24,traditional,0.204960,1.762304,0.234496,2.201760
25,traditional,0.213728,1.712128,0.456704,2.382560
26,traditional,0.182240,1.802240,0.221184,2.205664
27,traditional,0.186304,1.780736,0.441344,2.408384
28,traditional,0.177280,1.719296,0.221184,2.117760
29,traditional,0.181312,1.752064,0.221184,2.154560
30,traditional,0.181248,1.737728,0.222208,2.141184
31,traditional,0.175968,1.743872,0.221184,2.141024
32,traditional,0.177120,1.705984,0.221184,2.104288
33,traditional,0.192544,1.748992,0.221184,2.162720
34,traditional,0.191808,1.724416,0.221184,2.137408
35,traditional,0.188032,1.741824,0.454656,2.384512
36,traditional,0.179008,1.702912,0.221184,2.103104
37,traditional,0.176608,1.722368,0.222208,2.121184
38,traditional,0.177600,1.712128,0.221184,2.110912
39,traditional,0.191744,1.733632,0.221184,2.146560
40,traditional,0.190144,1.768448,0.224256,2.182848
41,traditional,0.180352,1.707008,0.221184,2.108544
42,traditional,0.177504,1.700864,0.236544,2.114912
43,traditional,0.177792,1.723392,0.222208,2.123392
44,traditional,0.176544,1.795072,0.222208,2.193824
45,traditional,0.181952,1.716224,0.447488,2.345664
46,traditional,0.176992,1.700864,0.221184,2.099040
47,traditional,0.176832,1.724416,0.221184,2.122432
48,traditional,0.178912,1.698816,0.221184,2.098912
49,traditional,0.175840,1.710080,0.221184,2.107104
50,traditional,0.179168,1.729536,0.222208,2.130912
51,traditional,0.176704,1.708032,0.221184,2.105920
52,traditional,0.184288,1.717248,0.221184,2.122720
53,traditional,0.189536,1.755136,0.221184,2.165856
54,traditional,0.187808,1.695744,0.222208,2.105760
55,traditional,0.194656,1.717248,0.450560,2.362464
56,traditional,0.192608,1.729536,0.221184,2.143328
57,traditional,0.176416,1.702912,0.222208,2.101536
58,traditional,0.190880,1.727488,0.221184,2.139552
59,traditional,0.195840,1.707008,0.221184,2.124032
60,traditional,0.176576,1.684480,0.411648,2.272704
61,traditional,0.174336,1.559552,0.199680,1.933568
62,traditional,0.160544,1.520640,0.199680,1.880864
63,traditional,0.160096,1.527808,0.198656,1.886560
64,traditional,0.164928,1.534976,0.199680,1.899584
65,traditional,0.164320,1.528832,0.199680,1.892832
66,traditional,0.160416,1.575936,0.199680,1.936032
67,traditional,0.159488,1.529856,0.199680,1.889024
68,traditional,0.172672,1.543168,0.199680,1.915520
69,traditional,0.160352,1.529856,0.199680,1.889888
70,traditional,0.161984,1.587200,0.198656,1.947840
71,traditional,0.198720,1.584128,0.199680,1.982528
72,traditional,0.164160,1.551360,0.198656,1.914176
73,traditional,0.161152,1.545216,0.199680,1.906048
74,traditional,0.162784,1.532928,0.200704,1.896416
75,traditional,0.160896,1.550336,0.199680,1.910912
76,traditional,0.159744,1.526784,0.199680,1.886208
77,traditional,0.170400,1.552384,0.199680,1.922464
78,traditional,0.159584,1.526784,0.199680,1.886048
79,traditional,0.163776,1.543168,0.199680,1.906624
80,traditional,0.172192,1.591296,0.198656,1.962144
81,traditional,0.177536,1.568768,0.199680,1.945984
82,traditional,0.172960,1.544192,0.199680,1.916832
83,traditional,0.164736,1.523712,0.199680,1.888128
84,traditional,0.172160,1.543168,0.198656,1.913984
85,traditional,0.165984,1.559552,0.205824,1.931360
86,traditional,0.161056,1.585152,0.199680,1.945888
87,traditional,0.162656,1.531904,0.199680,1.894240
88,traditional,0.164032,1.528832,0.199680,1.892544
89,traditional,0.170432,1.565696,0.199680,1.935808
90,traditional,0.160608,1.614848,0.198656,1.974112
91,traditional,0.164800,1.543168,0.199680,1.907648
92,traditional,0.163360,1.526784,0.199680,1.889824
93,traditional,0.164000,1.565696,0.200704,1.930400
94,traditional,0.160576,1.524736,0.199680,1.884992
95,traditional,0.165248,1.608704,0.199680,1.973632
96,traditional,0.175552,1.530880,0.205824,1.912256
97,traditional,0.168096,1.536000,0.198656,1.902752
98,traditional,0.163072,1.547264,0.200704,1.911040
99,traditional,0.159360,1.549312,0.199680,1.908352
100,traditional,0.164000,1.558528,0.199680,1.922208
101,traditional,0.164352,1.542144,0.199680,1.906176
102,traditional,0.167936,1.565696,0.199680,1.933312
103,traditional,0.179296,1.556480,0.198656,1.934432
104,traditional,0.162560,1.570816,0.199680,1.933056
105,traditional,0.163680,1.585152,0.199680,1.948512
106,traditional,0.160416,1.553408,0.200704,1.914528
107,traditional,0.159488,1.520640,0.199680,1.879808
108,traditional,0.159776,1.569792,0.199680,1.929248
109,traditional,0.159392,1.546240,0.199680,1.905312
110,traditional,0.160576,1.549312,0.199680,1.909568
111,traditional,0.172608,1.528832,0.199680,1.901120
112,traditional,0.165568,1.588224,0.199680,1.953472
113,traditional,0.161568,1.576960,0.198656,1.937184
114,traditional,0.160512,1.534976,0.199680,1.895168
115,traditional,0.173472,1.522688,0.199680,1.895840
116,traditional,0.159904,1.537024,0.216064,1.912992
117,traditional,0.161728,1.558528,0.199680,1.919936
118,traditional,0.163008,1.575936,0.199680,1.938624
119,traditional,0.159232,1.571840,0.199680,1.930752
120,traditional,0.180544,1.603584,0.208896,1.993024
121,traditional,0.161408,1.565696,0.198656,1.925760
122,traditional,0.162240,1.570816,0.199680,1.932736
123,traditional,0.161376,1.540096,0.199680,1.901152
124,traditional,0.168544,1.564672,0.199680,1.932896
125,traditional,0.171264,1.540096,0.199680,1.911040
126,traditional,0.166112,1.583104,0.199680,1.948896
127,traditional,0.169536,1.601536,0.200704,1.971776
128,traditional,0.165632,1.534976,0.199680,1.900288
129,traditional,0.165920,1.551360,0.199680,1.916960
130,traditional,0.161888,1.528832,0.199680,1.890400
131,traditional,0.180896,1.551360,0.203776,1.936032
132,traditional,0.161216,1.546240,0.200704,1.908160
133,traditional,0.161376,1.547264,0.199680,1.908320
134,traditional,0.161344,1.584128,0.199680,1.945152
135,traditional,0.173696,1.571840,0.199680,1.945216
136,traditional,0.161024,1.571840,0.199680,1.932544
137,traditional,0.169376,1.546240,0.199680,1.915296
138,traditional,0.165824,1.559552,0.199680,1.925056
139,traditional,0.163456,1.530880,0.205824,1.900160
140,traditional,0.164672,1.522688,0.200704,1.888064
141,traditional,0.164064,1.558528,0.200704,1.923296
142,traditional,0.173408,1.576960,0.199680,1.950048
143,traditional,0.160320,1.567744,0.199680,1.927744
144,traditional,0.165184,1.559552,0.199680,1.924416
145,traditional,0.161120,1.605632,0.207872,1.974624
146,traditional,0.161440,1.601536,0.198656,1.961632
147,traditional,0.184832,1.539072,0.200704,1.924608
148,traditional,0.165184,1.549312,0.199680,1.914176
149,traditional,0.187968,1.553408,0.199680,1.941056
150,traditional,0.176224,1.540096,0.199680,1.916000
151,traditional,0.190624,1.592320,0.199680,1.982624
152,traditional,0.175296,1.552384,0.209920,1.937600
153,traditional,0.179488,1.537024,0.199680,1.916192
154,traditional,0.200896,1.558528,0.198656,1.958080
155,traditional,0.159424,1.537024,0.199680,1.896128
156,traditional,0.174336,1.577984,0.199680,1.952000
157,traditional,0.186816,1.557504,0.198656,1.942976
158,traditional,0.178688,1.560576,0.199680,1.938944
159,traditional,0.174560,1.539072,0.200704,1.914336
160,traditional,0.174304,1.553408,0.199680,1.927392
161,traditional,0.172256,1.596416,0.200704,1.969376
162,traditional,0.160992,1.536000,0.199680,1.896672
163,traditional,0.186528,1.558528,0.199680,1.944736
164,traditional,0.186208,1.571840,0.199680,1.957728
165,traditional,0.178336,1.554432,0.199680,1.932448
166,traditional,0.163360,1.539072,0.200704,1.903136
167,traditional,0.160928,1.523712,0.199680,1.884320
168,traditional,0.160128,1.558528,0.199680,1.918336
169,traditional,0.183424,1.530880,0.199680,1.913984
170,traditional,0.175968,1.580032,0.199680,1.955680
171,traditional,0.164992,1.534976,0.199680,1.899648
172,traditional,0.168800,1.549312,0.199680,1.917792
173,traditional,0.175136,1.571840,0.203776,1.950752
174,traditional,0.205408,1.537024,0.199680,1.942112
175,traditional,0.177760,1.599488,0.200704,1.977952
176,traditional,0.162400,1.581056,0.199680,1.943136
177,traditional,0.180512,1.576960,0.199680,1.957152
178,traditional,0.191968,1.574912,0.199680,1.966560
179,traditional,0.177120,1.525760,0.199680,1.902560
180,traditional,0.190272,1.540096,0.203776,1.934144
181,traditional,0.161728,1.523712,0.199680,1.885120
182,traditional,0.160160,1.545216,0.199680,1.905056
183,traditional,0.160160,1.537024,0.199680,1.896864
184,traditional,0.160160,1.581056,0.199680,1.940896
185,traditional,0.160288,1.547264,0.199680,1.907232
186,traditional,0.175552,1.539072,0.199680,1.914304
187,traditional,0.187168,1.566720,0.199680,1.953568
188,traditional,0.167168,1.526784,0.199680,1.893632
189,traditional,0.165696,1.546240,0.202752,1.914688
190,traditional,0.161248,1.547264,0.199680,1.908192
191,traditional,0.158912,1.525760,0.199680,1.884352
192,traditional,0.164224,1.556480,0.199680,1.920384
193,traditional,0.160576,1.545216,0.200704,1.906496
194,traditional,0.186528,1.548288,0.199680,1.934496
195,traditional,0.160896,1.536000,0.199680,1.896576
196,traditional,0.160544,1.545216,0.199680,1.905440
197,traditional,0.164768,1.531904,0.199680,1.896352
198,traditional,0.160768,1.552384,0.199680,1.912832
199,traditional,0.160672,1.530880,0.200704,1.892256
200,traditional,0.164896,1.524736,0.200704,1.890336
201,traditional,0.164736,1.525760,0.199680,1.890176
202,traditional,0.161600,1.555456,0.199680,1.916736
203,traditional,0.161824,1.565696,0.200704,1.928224
204,traditional,0.164128,1.532928,0.199680,1.896736
205,traditional,0.160000,1.527808,0.200704,1.888512
206,traditional,0.162400,1.561600,0.199680,1.923680
207,traditional,0.172992,1.526784,0.200704,1.900480
208,traditional,0.164992,1.595392,0.199680,1.960064
209,traditional,0.161792,1.541120,0.200704,1.903616
210,traditional,0.160928,1.533952,0.199680,1.894560
211,traditional,0.174176,1.532928,0.199680,1.906784
212,traditional,0.164896,1.529856,0.199680,1.894432
213,traditional,0.176160,1.574912,0.199680,1.950752
214,traditional,0.165056,1.546240,0.199680,1.910976
215,traditional,0.188416,1.562624,0.199680,1.950720
216,traditional,0.175712,1.544192,0.199680,1.919584
217,traditional,0.175392,1.541120,0.199680,1.916192
218,traditional,0.183104,1.551360,0.199680,1.934144
219,traditional,0.161632,1.526784,0.199680,1.888096
220,traditional,0.177984,1.567744,0.199680,1.945408
221,traditional,0.175488,1.551360,0.199680,1.926528
222,traditional,0.163616,1.567744,0.199680,1.931040
223,traditional,0.160320,1.555456,0.199680,1.915456
224,traditional,0.160608,1.574912,0.199680,1.935200
225,traditional,0.161664,1.536000,0.199680,1.897344
226,traditional,0.160160,1.531904,0.199680,1.891744
227,traditional,0.170816,1.574912,0.199680,1.945408
228,traditional,0.161888,1.565696,0.199680,1.927264
229,traditional,0.164224,1.560576,0.199680,1.924480
230,traditional,0.172928,1.525760,0.202752,1.901440
231,traditional,0.163712,1.539072,0.199680,1.902464
232,traditional,0.171712,1.597440,0.198656,1.967808
233,traditional,0.162944,1.537024,0.199680,1.899648
234,traditional,0.160928,1.522688,0.199680,1.883296
235,traditional,0.162624,1.550336,0.199680,1.912640
236,traditional,0.160672,1.541120,0.198656,1.900448
237,traditional,0.163808,1.548288,0.200704,1.912800
238,traditional,0.162336,1.536000,0.200704,1.899040
239,traditional,0.165632,1.565696,0.203776,1.935104
240,traditional,0.184832,1.547264,0.200704,1.932800
241,traditional,0.172128,1.546240,0.200704,1.919072
242,traditional,0.162080,1.537024,0.200704,1.899808
243,traditional,0.160672,1.542144,0.200704,1.903520
244,traditional,0.171520,1.546240,0.199680,1.917440
245,traditional,0.175584,1.555456,0.199680,1.930720
246,traditional,0.163104,1.548288,0.200704,1.912096
247,traditional,0.161216,1.531904,0.200704,1.893824
248,traditional,0.173376,1.552384,0.209920,1.935680
249,traditional,0.174080,1.574912,0.200704,1.949696
250,traditional,0.167648,1.556480,0.200704,1.924832
251,traditional,0.173664,1.566720,0.199680,1.940064
252,traditional,0.186592,1.537024,0.200704,1.924320
253,traditional,0.160096,1.548288,0.199680,1.908064
254,traditional,0.174432,1.554432,0.199680,1.928544
255,traditional,0.160192,1.552384,0.200704,1.913280
256,traditional,0.173504,1.539072,0.200704,1.913280
257,traditional,0.162592,1.590272,0.200704,1.953568
258,traditional,0.162016,1.528832,0.200704,1.891552
259,traditional,0.169984,1.546240,0.200704,1.916928
260,traditional,0.161248,1.539072,0.200704,1.901024
261,traditional,0.163904,1.538048,0.200704,1.902656
262,traditional,0.165440,1.573888,0.200704,1.940032
263,traditional,0.162432,1.552384,0.200704,1.915520
264,traditional,0.161312,1.549312,0.200704,1.911328
265,traditional,0.162592,1.538048,0.200704,1.901344
266,traditional,0.165568,1.537024,0.200704,1.903296
267,traditional,0.183584,1.543168,0.200704,1.927456
268,traditional,0.162784,1.583104,0.199680,1.945568
269,traditional,0.162336,1.553408,0.200704,1.916448
270,traditional,0.169920,1.570816,0.200704,1.941440
271,traditional,0.160768,1.544192,0.200704,1.905664
272,traditional,0.163456,1.543168,0.200704,1.907328
273,traditional,0.161952,1.533952,0.200704,1.896608
274,traditional,0.162496,1.562624,0.200704,1.925824
275,traditional,0.175104,1.556480,0.199680,1.931264
276,traditional,0.179456,1.646592,0.207872,2.033920
277,traditional,0.174720,1.598464,0.200704,1.973888
278,traditional,0.162720,1.539072,0.199680,1.901472
279,traditional,0.160224,1.528832,0.199680,1.888736
280,traditional,0.165536,1.590272,0.199680,1.955488
281,traditional,0.165408,1.563648,0.200704,1.929760
282,traditional,0.162528,1.549312,0.200704,1.912544
283,traditional,0.161248,1.552384,0.200704,1.914336
284,traditional,0.162848,1.534976,0.200704,1.898528
285,traditional,0.165408,1.568768,0.200704,1.934880
286,traditional,0.163040,1.619968,0.200704,1.983712
287,traditional,0.164768,1.538048,0.200704,1.903520
288,traditional,0.162112,1.537024,0.201728,1.900864
289,traditional,0.166656,1.591296,0.200704,1.958656
290,traditional,0.190144,1.573888,0.200704,1.964736
291,traditional,0.183296,1.608704,0.200704,1.992704
292,traditional,0.159872,1.546240,0.199680,1.905792
293,traditional,0.160704,1.555456,0.203776,1.919936
294,traditional,0.162496,1.540096,0.200704,1.903296
295,traditional,0.171296,1.571840,0.200704,1.943840
296,traditional,0.164416,1.550336,0.200704,1.915456
297,traditional,0.165440,1.548288,0.208896,1.922624
298,traditional,0.176448,1.545216,0.200704,1.922368
299,traditional,0.173280,1.574912,0.200704,1.948896
300,traditional,0.171936,1.548288,0.200704,1.920928
301,traditional,0.161920,1.548288,0.210944,1.921152
302,traditional,0.164448,1.580032,0.200704,1.945184
303,traditional,0.172896,1.595392,0.204800,1.973088
304,traditional,0.165792,1.549312,0.199680,1.914784
305,traditional,0.165984,1.580032,0.200704,1.946720
306,traditional,0.177440,1.569792,0.200704,1.947936
307,traditional,0.162528,1.577984,0.200704,1.941216
308,traditional,0.175424,1.591296,0.200704,1.967424
309,traditional,0.163232,1.564672,0.200704,1.928608
310,traditional,0.161504,1.549312,0.200704,1.911520
311,traditional,0.168800,1.539072,0.200704,1.908576
312,traditional,0.164544,1.544192,0.200704,1.909440
313,traditional,0.186656,1.545216,0.200704,1.932576
314,traditional,0.161088,1.560576,0.200704,1.922368
315,traditional,0.166400,1.573888,0.199680,1.939968
316,traditional,0.159296,1.549312,0.200704,1.909312
317,traditional,0.164864,1.557504,0.200704,1.923072
318,traditional,0.161344,1.554432,0.203776,1.919552
319,traditional,0.161792,1.583104,0.200704,1.945600
320,traditional,0.165568,1.548288,0.199680,1.913536
321,traditional,0.162080,1.545216,0.199680,1.906976
322,traditional,0.170336,1.588224,0.200704,1.959264
323,traditional,0.164512,1.583104,0.199680,1.947296
324,traditional,0.164736,1.573888,0.200704,1.939328
325,traditional,0.160896,1.549312,0.200704,1.910912
326,traditional,0.165984,1.549312,0.200704,1.916000
327,traditional,0.164096,1.553408,0.199680,1.917184
328,traditional,0.160480,1.569792,0.200704,1.930976
329,traditional,0.161408,1.543168,0.200704,1.905280
330,traditional,0.162496,1.533952,0.201728,1.898176
331,traditional,0.171456,1.548288,0.200704,1.920448
332,traditional,0.185248,1.560576,0.199680,1.945504
333,traditional,0.163552,1.540096,0.200704,1.904352
334,traditional,0.163840,1.544192,0.200704,1.908736
335,traditional,0.179328,1.539072,0.200704,1.919104
336,traditional,0.161312,1.559552,0.200704,1.921568
337,traditional,0.161632,1.557504,0.201728,1.920864
338,traditional,0.166944,1.553408,0.200704,1.921056
339,traditional,0.162784,1.568768,0.200704,1.932256
340,traditional,0.178464,1.557504,0.199680,1.935648
341,traditional,0.173856,1.553408,0.200704,1.927968
342,traditional,0.185024,1.569792,0.200704,1.955520
343,traditional,0.176224,1.561600,0.200704,1.938528
344,traditional,0.160832,1.556480,0.200704,1.918016
345,traditional,0.188544,1.575936,0.200704,1.965184
346,traditional,0.177632,1.563648,0.200704,1.941984
347,traditional,0.187040,1.567744,0.199680,1.954464
348,traditional,0.170336,1.573888,0.200704,1.944928
349,traditional,0.183200,1.582080,0.202752,1.968032
350,traditional,0.180288,1.577984,0.200704,1.958976
351,traditional,0.165920,1.591296,0.201728,1.958944
352,traditional,0.176256,1.599488,0.200704,1.976448
353,traditional,0.178624,1.611776,0.199680,1.990080
354,traditional,0.163424,1.573888,0.202752,1.940064
355,traditional,0.164096,1.568768,0.201728,1.934592
356,traditional,0.165184,1.597440,0.200704,1.963328
357,traditional,0.175552,1.619968,0.200704,1.996224
358,traditional,0.177536,1.584128,0.199680,1.961344
359,traditional,0.167328,1.587200,0.200704,1.955232
360,traditional,0.164096,1.575936,0.201728,1.941760
361,traditional,0.161920,1.572864,0.199680,1.934464
362,traditional,0.163392,1.602560,0.199680,1.965632
363,traditional,0.165632,1.579008,0.199680,1.944320
364,traditional,0.170496,1.592320,0.199680,1.962496
365,traditional,0.161408,1.587200,0.204800,1.953408
366,traditional,0.168864,1.584128,0.206848,1.959840
367,traditional,0.163840,1.588224,0.221184,1.973248
368,traditional,0.166848,1.554432,0.199680,1.920960
369,traditional,0.174400,1.568768,0.200704,1.943872
370,traditional,0.190432,1.581056,0.199680,1.971168
371,traditional,0.162976,1.565696,0.199680,1.928352
372,traditional,0.162144,1.567744,0.200704,1.930592
373,traditional,0.161696,1.575936,0.200704,1.938336
374,traditional,0.167232,1.567744,0.200704,1.935680
375,traditional,0.181152,1.559552,0.200704,1.941408
376,traditional,0.174304,1.559552,0.199680,1.933536
377,traditional,0.165440,1.619968,0.199680,1.985088
378,traditional,0.161664,1.565696,0.200704,1.928064
379,traditional,0.171200,1.570816,0.199680,1.941696
380,traditional,0.164448,1.590272,0.200704,1.955424
381,traditional,0.166240,1.561600,0.199680,1.927520
382,traditional,0.180320,1.616896,0.199680,1.996896
383,traditional,0.162176,1.549312,0.199680,1.911168
384,traditional,0.168352,1.618944,0.199680,1.986976
385,traditional,0.187360,1.589248,0.200704,1.977312
386,traditional,0.163616,1.582080,0.200704,1.946400
387,traditional,0.167200,1.582080,0.212992,1.962272
388,traditional,0.163200,1.588224,0.199680,1.951104
389,traditional,0.175520,1.599488,0.199680,1.974688
390,traditional,0.163616,1.628160,0.199680,1.991456
391,traditional,0.164896,1.628160,0.210944,2.004000
392,traditional,0.161568,1.622016,0.202752,1.986336
393,traditional,0.164224,1.596416,0.203776,1.964416
394,traditional,0.179456,1.641472,0.415744,2.236672
395,traditional,0.165824,1.579008,0.199680,1.944512
396,traditional,0.164064,1.602560,0.199680,1.966304
397,traditional,0.199456,1.613824,0.199680,2.012960
398,traditional,0.182112,1.603584,0.199680,1.985376
399,traditional,0.184864,1.600512,0.199680,1.985056
400,traditional,0.179520,1.577984,0.199680,1.957184
401,traditional,0.162304,1.630208,0.200704,1.993216
402,traditional,0.163520,1.579008,0.200704,1.943232
403,traditional,0.163584,1.607680,0.199680,1.970944
404,traditional,0.164672,1.558528,0.199680,1.922880
405,traditional,0.174080,1.583104,0.199680,1.956864
406,traditional,0.163776,1.601536,0.199680,1.964992
407,traditional,0.180864,1.567744,0.199680,1.948288
408,traditional,0.200224,1.629184,0.200704,2.030112
409,traditional,0.176416,1.596416,0.200704,1.973536
410,traditional,0.189408,1.596416,0.199680,1.985504
411,traditional,0.161856,1.562624,0.200704,1.925184
412,traditional,0.165888,1.580032,0.201728,1.947648
413,traditional,0.192096,1.580032,0.199680,1.971808
414,traditional,0.165792,1.560576,0.200704,1.927072
415,traditional,0.162368,1.562624,0.199680,1.924672
416,traditional,0.165344,1.601536,0.200704,1.967584
417,traditional,0.166528,1.599488,0.199680,1.965696
418,traditional,0.165408,1.577984,0.199680,1.943072
419,traditional,0.164064,1.561600,0.199680,1.925344
420,traditional,0.165408,1.590272,0.200704,1.956384
421,traditional,0.160416,1.579008,0.200704,1.940128
422,traditional,0.163616,1.606656,0.200704,1.970976
423,traditional,0.161696,1.576960,0.201728,1.940384
424,traditional,0.186496,1.617920,0.200704,2.005120
425,traditional,0.175808,1.612800,0.200704,1.989312
426,traditional,0.162208,1.629184,0.211968,2.003360
427,traditional,0.187232,1.640448,0.199680,2.027360
428,traditional,0.182304,1.584128,0.200704,1.967136
429,traditional,0.174400,1.588224,0.199680,1.962304
430,traditional,0.161600,1.585152,0.200704,1.947456
431,traditional,0.161920,1.580032,0.200704,1.942656
432,traditional,0.162304,1.580032,0.200704,1.943040
433,traditional,0.162528,1.561600,0.200704,1.924832
434,traditional,0.174368,1.579008,0.199680,1.953056
435,traditional,0.163040,1.595392,0.200704,1.959136
436,traditional,0.173440,1.574912,0.204800,1.953152
437,traditional,0.165792,1.565696,0.200704,1.932192
438,traditional,0.165408,1.568768,0.200704,1.934880
439,traditional,0.161440,1.563648,0.199680,1.924768
440,traditional,0.162208,1.569792,0.199680,1.931680
441,traditional,0.162624,1.547264,0.200704,1.910592
442,traditional,0.160096,1.558528,0.200704,1.919328
443,traditional,0.171488,1.565696,0.200704,1.937888
444,traditional,0.164992,1.581056,0.199680,1.945728
445,traditional,0.186208,1.573888,0.200704,1.960800
446,traditional,0.164928,1.563648,0.199680,1.928256
447,traditional,0.162048,1.539072,0.200704,1.901824
448,traditional,0.178336,1.564672,0.199680,1.942688
449,traditional,0.176416,1.565696,0.200704,1.942816
450,traditional,0.191552,1.613824,0.199680,2.005056
451,traditional,0.185856,1.550336,0.200704,1.936896
452,traditional,0.178016,1.587200,0.200704,1.965920
453,traditional,0.163488,1.557504,0.202752,1.923744
454,traditional,0.162528,1.571840,0.200704,1.935072
455,traditional,0.166304,1.565696,0.199680,1.931680
456,traditional,0.166880,1.576960,0.200704,1.944544
457,traditional,0.163232,1.567744,0.200704,1.931680
458,traditional,0.165600,1.585152,0.199680,1.950432
459,traditional,0.161344,1.561600,0.199680,1.922624
460,traditional,0.161120,1.550336,0.203776,1.915232
461,traditional,0.176832,1.571840,0.199680,1.948352
462,traditional,0.190304,1.593344,0.199680,1.983328
463,traditional,0.177056,1.595392,0.199680,1.972128
464,traditional,0.181696,1.534976,0.200704,1.917376
465,traditional,0.177376,1.531904,0.200704,1.909984
466,traditional,0.163360,1.548288,0.200704,1.912352
467,traditional,0.163040,1.561600,0.199680,1.924320
468,traditional,0.167776,1.594368,0.200704,1.962848
469,traditional,0.161408,1.539072,0.205824,1.906304
470,traditional,0.161568,1.560576,0.199680,1.921824
471,traditional,0.176000,1.569792,0.200704,1.946496
472,traditional,0.165472,1.549312,0.200704,1.915488
473,traditional,0.160576,1.584128,0.200704,1.945408
474,traditional,0.162624,1.551360,0.200704,1.914688
475,traditional,0.162176,1.556480,0.200704,1.919360
476,traditional,0.173376,1.557504,0.199680,1.930560
477,traditional,0.161152,1.604608,0.199680,1.965440
478,traditional,0.170400,1.541120,0.199680,1.911200
479,traditional,0.161920,1.543168,0.200704,1.905792
480,traditional,0.161824,1.551360,0.199680,1.912864
481,traditional,0.163488,1.557504,0.199680,1.920672
482,traditional,0.164672,1.564672,0.200704,1.930048
483,traditional,0.162560,1.570816,0.199680,1.933056
484,traditional,0.165760,1.537024,0.199680,1.902464
485,traditional,0.166368,1.536000,0.200704,1.903072
486,traditional,0.176544,1.551360,0.200704,1.928608
487,traditional,0.175264,1.567744,0.200704,1.943712
488,traditional,0.163168,1.572864,0.200704,1.936736
489,traditional,0.162560,1.544192,0.200704,1.907456
490,traditional,0.183936,1.549312,0.200704,1.933952
491,traditional,0.161824,1.560576,0.200704,1.923104
492,traditional,0.170528,1.557504,0.199680,1.927712
493,traditional,0.161984,1.566720,0.200704,1.929408
494,traditional,0.166688,1.533952,0.199680,1.900320
495,traditional,0.160736,1.554432,0.200704,1.915872
496,traditional,0.164672,1.547264,0.202752,1.914688
497,traditional,0.164512,1.536000,0.199680,1.900192
498,traditional,0.163648,1.573888,0.200704,1.938240
499,traditional,0.166848,1.534976,0.199680,1.901504
500,traditional,0.161696,1.543168,0.200704,1.905568
501,traditional,0.164608,1.554432,0.200704,1.919744
502,traditional,0.162880,1.556480,0.200704,1.920064
503,traditional,0.161568,1.551360,0.199680,1.912608
504,traditional,0.163040,1.550336,0.199680,1.913056
505,traditional,0.160544,1.530880,0.199680,1.891104
506,traditional,0.172928,1.540096,0.206848,1.919872
507,traditional,0.164128,1.539072,0.199680,1.902880
508,traditional,0.176064,1.560576,0.199680,1.936320
509,traditional,0.175744,1.545216,0.199680,1.920640
510,traditional,0.172320,1.545216,0.200704,1.918240
511,traditional,0.164448,1.534976,0.199680,1.899104
512,traditional,0.160768,1.532928,0.200704,1.894400
513,traditional,0.160992,1.550336,0.199680,1.911008
514,traditional,0.186560,1.601536,0.200704,1.988800
515,traditional,0.160480,1.558528,0.200704,1.919712
516,traditional,0.165696,1.561600,0.204800,1.932096
517,traditional,0.164064,1.559552,0.199680,1.923296
518,traditional,0.160992,1.547264,0.199680,1.907936
519,traditional,0.161664,1.554432,0.200704,1.916800
520,traditional,0.174080,1.540096,0.206848,1.921024
521,traditional,0.160640,1.541120,0.200704,1.902464
522,traditional,0.174816,1.550336,0.200704,1.925856
523,traditional,0.164448,1.547264,0.199680,1.911392
524,traditional,0.161504,1.587200,0.203776,1.952480
525,traditional,0.173856,1.567744,0.199680,1.941280
526,traditional,0.163584,1.579008,0.199680,1.942272
527,traditional,0.162144,1.558528,0.199680,1.920352
528,traditional,0.162144,1.569792,0.199680,1.931616
529,traditional,0.170336,1.556480,0.201728,1.928544
530,traditional,0.165824,1.555456,0.200704,1.921984
531,traditional,0.161920,1.545216,0.199680,1.906816
532,traditional,0.182400,1.732608,0.225280,2.140288
533,traditional,0.183520,1.743872,0.225280,2.152672
534,traditional,0.196000,1.736704,0.226304,2.159008
535,traditional,0.192128,1.728512,0.223232,2.143872
536,traditional,0.191008,1.782784,0.224256,2.198048
537,traditional,0.182976,1.734656,0.221184,2.138816
538,traditional,0.200544,1.732608,0.221184,2.154336
539,traditional,0.180256,1.712128,0.223232,2.115616
540,traditional,0.191200,1.699840,0.221184,2.112224
541,traditional,0.195648,1.806336,0.231424,2.233408
542,traditional,0.200960,1.817600,0.230400,2.248960
543,traditional,0.201120,1.837056,0.231424,2.269600
544,traditional,0.183264,1.810432,0.231424,2.225120
545,traditional,0.184000,1.786880,0.229376,2.200256
546,traditional,0.182944,1.768448,0.228352,2.179744
547,traditional,0.182944,1.780736,0.228352,2.192032
548,traditional,0.207168,1.765376,0.228352,2.200896
549,traditional,0.197792,1.770496,0.228352,2.196640
550,traditional,0.187712,1.786880,0.229376,2.203968
551,traditional,0.202496,1.783808,0.225280,2.211584
552,traditional,0.207104,1.747968,0.458752,2.413824
553,traditional,0.212352,1.727488,0.224256,2.164096
554,traditional,0.183296,1.737728,0.224256,2.145280
555,traditional,0.184480,1.731584,0.224256,2.140320
556,traditional,0.181600,1.726464,0.224256,2.132320
557,traditional,0.194400,1.735680,0.223232,2.153312
558,traditional,0.191392,1.755136,0.223232,2.169760
559,traditional,0.206560,1.751040,0.226304,2.183904
560,traditional,0.184256,1.748992,0.226304,2.159552
561,traditional,0.192064,1.773568,0.226304,2.191936
562,traditional,0.181952,1.780736,0.227328,2.190016
563,traditional,0.187072,1.825792,0.462848,2.475712
564,traditional,0.197376,1.783808,0.226304,2.207488
565,traditional,0.206752,1.796096,0.227328,2.230176
566,traditional,0.210144,1.772544,0.227328,2.210016
567,traditional,0.200256,1.790976,0.227328,2.218560
568,traditional,0.206976,1.782784,0.227328,2.217088
569,traditional,0.184928,1.773568,0.226304,2.184800
570,traditional,0.207680,1.793024,0.226304,2.227008
571,traditional,0.206688,1.809408,0.226304,2.242400
572,traditional,0.183904,1.772544,0.225280,2.181728
573,traditional,0.194432,1.852416,0.226304,2.273152
574,traditional,0.199296,1.788928,0.226304,2.214528
575,traditional,0.198912,1.825792,0.226304,2.251008
576,traditional,0.193440,1.812480,0.227328,2.233248
577,traditional,0.183008,1.790976,0.225280,2.199264
578,traditional,0.198688,1.816576,0.225280,2.240544
579,traditional,0.192864,1.774592,0.224256,2.191712
580,traditional,0.208704,1.800192,0.224256,2.233152
581,traditional,0.185600,1.783808,0.225280,2.194688
582,traditional,0.180800,1.766400,0.235520,2.182720
583,traditional,0.192320,1.776640,0.225280,2.194240
584,traditional,0.203328,1.856512,0.227328,2.287168
585,traditional,0.186496,1.823744,0.227328,2.237568
586,traditional,0.183136,1.795072,0.228352,2.206560
587,traditional,0.199008,1.813504,0.228352,2.240864
588,traditional,0.183552,1.796096,0.228352,2.208000
589,traditional,0.200672,1.797120,0.228352,2.226144
590,traditional,0.209152,1.814528,0.228352,2.252032
591,traditional,0.182528,1.831936,0.228352,2.242816
592,traditional,0.200096,1.805312,0.228352,2.233760
593,traditional,0.198048,1.814528,0.227328,2.239904
594,traditional,0.208416,1.823744,0.228352,2.260512
595,traditional,0.178880,1.660928,0.207872,2.047680
596,traditional,0.166592,1.666048,0.206848,2.039488
597,traditional,0.174112,1.658880,0.207872,2.040864
598,traditional,0.172256,1.637376,0.206848,2.016480
599,traditional,0.208960,1.670144,0.207872,2.086976
600,traditional,0.194688,1.660928,0.207872,2.063488
601,traditional,0.167392,1.616896,0.207872,1.992160
602,traditional,0.170368,1.620992,0.207872,1.999232
603,traditional,0.186656,1.625088,0.206848,2.018592
604,traditional,0.195392,1.648640,0.207872,2.051904
605,traditional,0.179904,1.644544,0.207872,2.032320
606,traditional,0.199360,1.633280,0.207872,2.040512
607,traditional,0.171680,1.650688,0.206848,2.029216
608,traditional,0.170112,1.649664,0.208896,2.028672
609,traditional,0.169888,1.624064,0.209920,2.003872
610,traditional,0.180896,1.640448,0.231424,2.052768
611,traditional,0.182048,1.575936,0.200704,1.958688
612,traditional,0.187808,1.629184,0.199680,2.016672
613,traditional,0.169984,1.561600,0.200704,1.932288
614,traditional,0.176256,1.600512,0.199680,1.976448
615,traditional,0.179872,1.581056,0.200704,1.961632
616,traditional,0.164832,1.586176,0.199680,1.950688
617,traditional,0.163776,1.567744,0.199680,1.931200
618,traditional,0.171680,1.595392,0.199680,1.966752
619,traditional,0.176320,1.590272,0.199680,1.966272
620,traditional,0.180224,1.609728,0.200704,1.990656
621,traditional,0.165888,1.564672,0.199680,1.930240
622,traditional,0.164896,1.565696,0.199680,1.930272
623,traditional,0.166848,1.597440,0.200704,1.964992
624,traditional,0.181792,1.564672,0.199680,1.946144
625,traditional,0.164192,1.564672,0.200704,1.929568
626,traditional,0.183456,1.570816,0.199680,1.953952
627,traditional,0.166272,1.633280,0.199680,1.999232
628,traditional,0.166912,1.571840,0.199680,1.938432
629,traditional,0.161888,1.575936,0.199680,1.937504
630,traditional,0.163744,1.593344,0.200704,1.957792
631,traditional,0.162688,1.585152,0.200704,1.948544
632,traditional,0.164032,1.594368,0.200704,1.959104
633,traditional,0.172736,1.591296,0.199680,1.963712
634,traditional,0.161568,1.630208,0.200704,1.992480
635,traditional,0.171680,1.595392,0.200704,1.967776
636,traditional,0.163552,1.628160,0.200704,1.992416
637,traditional,0.173664,1.616896,0.200704,1.991264
638,traditional,0.161952,1.597440,0.200704,1.960096
639,traditional,0.162016,1.591296,0.199680,1.952992
640,traditional,0.166112,1.580032,0.200704,1.946848
641,traditional,0.181824,1.580032,0.200704,1.962560
642,traditional,0.178880,1.607680,0.200704,1.987264
643,traditional,0.162848,1.584128,0.199680,1.946656
644,traditional,0.161664,1.564672,0.201728,1.928064
645,traditional,0.174656,1.573888,0.200704,1.949248
646,traditional,0.177856,1.585152,0.200704,1.963712
647,traditional,0.162560,1.567744,0.199680,1.929984
648,traditional,0.170080,1.581056,0.199680,1.950816
649,traditional,0.164096,1.561600,0.199680,1.925376
650,traditional,0.166080,1.560576,0.200704,1.927360
651,traditional,0.163520,1.561600,0.200704,1.925824
652,traditional,0.162272,1.557504,0.200704,1.920480
653,traditional,0.173856,1.557504,0.199680,1.931040
654,traditional,0.162368,1.595392,0.199680,1.957440
655,traditional,0.162240,1.604608,0.201728,1.968576
656,traditional,0.169120,1.581056,0.200704,1.950880
657,traditional,0.178336,1.625088,0.200704,2.004128
658,traditional,0.165632,1.559552,0.200704,1.925888
659,traditional,0.161504,1.559552,0.200704,1.921760
660,traditional,0.167936,1.593344,0.200704,1.961984
661,traditional,0.165248,1.563648,0.203776,1.932672
662,traditional,0.163200,1.584128,0.205824,1.953152
663,traditional,0.162592,1.584128,0.199680,1.946400
664,traditional,0.170720,1.589248,0.203776,1.963744
665,traditional,0.174944,1.585152,0.199680,1.959776
666,traditional,0.174912,1.577984,0.199680,1.952576
667,traditional,0.161600,1.574912,0.199680,1.936192
668,traditional,0.163424,1.584128,0.200704,1.948256
669,traditional,0.165472,1.594368,0.199680,1.959520
670,traditional,0.176224,1.563648,0.200704,1.940576
671,traditional,0.173120,1.572864,0.202752,1.948736
672,traditional,0.161408,1.577984,0.201728,1.941120
673,traditional,0.164544,1.572864,0.199680,1.937088
674,traditional,0.174752,1.568768,0.200704,1.944224
675,traditional,0.162688,1.572864,0.199680,1.935232
676,traditional,0.160288,1.596416,0.201728,1.958432
677,traditional,0.179008,1.604608,0.204800,1.988416
678,traditional,0.161504,1.581056,0.201728,1.944288
679,traditional,0.162592,1.565696,0.200704,1.928992
680,traditional,0.164736,1.571840,0.200704,1.937280
681,traditional,0.165312,1.609728,0.200704,1.975744
682,traditional,0.167648,1.602560,0.200704,1.970912
683,traditional,0.161920,1.586176,0.203776,1.951872
684,traditional,0.160736,1.577984,0.200704,1.939424
685,traditional,0.160032,1.582080,0.200704,1.942816
686,traditional,0.172640,1.576960,0.199680,1.949280
687,traditional,0.186432,1.580032,0.200704,1.967168
688,traditional,0.173920,1.556480,0.200704,1.931104
689,traditional,0.175808,1.581056,0.225280,1.982144
690,traditional,0.180256,1.641472,0.200704,2.022432
691,traditional,0.169952,1.548288,0.199680,1.917920
692,traditional,0.164608,1.562624,0.200704,1.927936
693,traditional,0.160512,1.582080,0.200704,1.943296
694,traditional,0.172064,1.552384,0.200704,1.925152
695,traditional,0.174848,1.611776,0.199680,1.986304
696,traditional,0.161312,1.555456,0.200704,1.917472
697,traditional,0.162016,1.567744,0.200704,1.930464
698,traditional,0.162848,1.568768,0.200704,1.932320
699,traditional,0.161792,1.568768,0.200704,1.931264
700,traditional,0.162208,1.550336,0.200704,1.913248
701,traditional,0.177664,1.567744,0.200704,1.946112
702,traditional,0.161920,1.566720,0.200704,1.929344
703,traditional,0.167008,1.562624,0.199680,1.929312
704,traditional,0.163424,1.616896,0.199680,1.980000
705,traditional,0.159744,1.590272,0.200704,1.950720
706,traditional,0.160192,1.594368,0.200704,1.955264
707,traditional,0.177184,1.590272,0.200704,1.968160
708,traditional,0.179040,1.563648,0.199680,1.942368
709,traditional,0.166208,1.576960,0.200704,1.943872
710,traditional,0.161952,1.577984,0.200704,1.940640
711,traditional,0.162368,1.558528,0.200704,1.921600
712,traditional,0.161984,1.564672,0.199680,1.926336
713,traditional,0.164736,1.546240,0.199680,1.910656
714,traditional,0.161728,1.552384,0.200704,1.914816
715,traditional,0.161184,1.589248,0.200704,1.951136
716,traditional,0.176672,1.557504,0.200704,1.934880
717,traditional,0.191392,1.596416,0.212992,2.000800
718,traditional,0.186976,1.622016,0.199680,2.008672
719,traditional,0.161152,1.558528,0.199680,1.919360
720,traditional,0.176448,1.584128,0.200704,1.961280
721,traditional,0.176800,1.585152,0.199680,1.961632
722,traditional,0.188160,1.573888,0.201728,1.963776
723,traditional,0.188064,1.601536,0.200704,1.990304
724,traditional,0.163456,1.568768,0.199680,1.931904
725,traditional,0.163328,1.562624,0.201728,1.927680
726,traditional,0.166720,1.556480,0.200704,1.923904
727,traditional,0.164896,1.593344,0.200704,1.958944
728,traditional,0.163104,1.569792,0.199680,1.932576
729,traditional,0.161632,1.574912,0.199680,1.936224
730,traditional,0.165216,1.555456,0.199680,1.920352
731,traditional,0.165952,1.562624,0.200704,1.929280
732,traditional,0.164800,1.565696,0.200704,1.931200
733,traditional,0.177280,1.614848,0.200704,1.992832
734,traditional,0.164416,1.587200,0.200704,1.952320
735,traditional,0.176832,1.574912,0.200704,1.952448
736,traditional,0.182048,1.563648,0.200704,1.946400
737,traditional,0.165312,1.560576,0.203776,1.929664
738,traditional,0.182912,1.570816,0.200704,1.954432
739,traditional,0.166112,1.573888,0.200704,1.940704
740,traditional,0.166176,1.560576,0.214016,1.940768
741,traditional,0.163840,1.569792,0.200704,1.934336
742,traditional,0.166496,1.567744,0.200704,1.934944
743,traditional,0.161088,1.566720,0.200704,1.928512
744,traditional,0.166240,1.558528,0.200704,1.925472
745,traditional,0.172448,1.565696,0.200704,1.938848
746,traditional,0.180448,1.598464,0.200704,1.979616
747,traditional,0.167168,1.597440,0.200704,1.965312
748,traditional,0.161792,1.564672,0.200704,1.927168
749,traditional,0.175488,1.600512,0.201728,1.977728
750,traditional,0.163200,1.584128,0.199680,1.947008
751,traditional,0.161440,1.551360,0.199680,1.912480
752,traditional,0.163328,1.560576,0.200704,1.924608
753,traditional,0.179264,1.591296,0.203776,1.974336
754,traditional,0.182336,1.586176,0.203776,1.972288
755,traditional,0.170112,1.552384,0.199680,1.922176
756,traditional,0.162688,1.579008,0.200704,1.942400
757,traditional,0.162336,1.567744,0.200704,1.930784
758,traditional,0.166752,1.548288,0.200704,1.915744
759,traditional,0.179328,1.577984,0.200704,1.958016
760,traditional,0.162688,1.546240,0.204800,1.913728
761,traditional,0.162112,1.553408,0.199680,1.915200
762,traditional,0.169600,1.567744,0.200704,1.938048
763,traditional,0.188896,1.635328,0.200704,2.024928
764,traditional,0.162880,1.587200,0.200704,1.950784
765,traditional,0.165216,1.573888,0.199680,1.938784
766,traditional,0.161568,1.553408,0.200704,1.915680
767,traditional,0.162080,2.062336,0.378880,2.603296
768,traditional,0.314816,2.920448,0.200704,3.435968
769,traditional,0.160608,1.851392,0.203776,2.215776
770,traditional,0.163744,1.784832,0.201728,2.150304
771,traditional,0.193760,1.620992,0.200704,2.015456
772,traditional,0.176128,1.552384,0.200704,1.929216
773,traditional,0.184096,1.618944,0.200704,2.003744
774,traditional,0.161056,1.591296,0.199680,1.952032
775,traditional,0.173568,1.579008,0.200704,1.953280
776,traditional,0.179776,1.598464,0.199680,1.977920
777,traditional,0.166208,1.595392,0.204800,1.966400
778,traditional,0.176192,1.581056,0.204800,1.962048
779,traditional,0.164256,1.598464,0.203776,1.966496
780,traditional,0.176768,1.717248,0.219136,2.113152
781,traditional,0.182848,1.695744,0.217088,2.095680
782,traditional,0.176064,1.683456,0.217088,2.076608
783,traditional,0.204096,1.723392,0.218112,2.145600
784,traditional,0.178944,1.736704,0.214016,2.129664
785,traditional,0.174592,1.658880,0.214016,2.047488
786,traditional,0.177056,1.655808,0.215040,2.047904
787,traditional,0.195968,1.677312,0.214016,2.087296
788,traditional,0.182304,1.667072,0.214016,2.063392
789,traditional,0.171872,1.681408,0.223232,2.076512
790,traditional,0.190080,1.762304,0.229376,2.181760
791,traditional,0.192576,1.767424,0.224256,2.184256
792,traditional,0.196800,1.737728,0.224256,2.158784
793,traditional,0.194176,1.789952,0.230400,2.214528
794,traditional,0.190080,1.797120,0.224256,2.211456
795,traditional,0.179296,1.731584,0.221184,2.132064
796,traditional,0.203840,1.750016,0.222208,2.176064
797,traditional,0.181792,1.802240,0.222208,2.206240
798,traditional,0.192704,1.757184,0.222208,2.172096
799,traditional,0.205344,1.819648,0.222208,2.247200
800,traditional,0.193760,1.756160,0.222208,2.172128
801,traditional,0.202272,1.741824,0.221184,2.165280
802,traditional,0.185760,1.767424,0.227328,2.180512
803,traditional,0.193216,1.819648,0.227328,2.240192
804,traditional,0.199296,1.814528,0.227328,2.241152
805,traditional,0.206752,1.846272,0.227328,2.280352
806,traditional,0.208000,1.849344,0.227328,2.284672
807,traditional,0.198016,1.828864,0.227328,2.254208
808,traditional,0.181056,2.061312,0.225280,2.467648
809,traditional,0.178400,2.071552,0.225280,2.475232
810,traditional,0.194176,1.788928,0.226304,2.209408
811,traditional,0.181248,1.798144,0.225280,2.204672
812,traditional,0.181120,1.795072,0.225280,2.201472
813,traditional,0.178752,1.816576,0.225280,2.220608
814,traditional,0.179968,1.813504,0.224256,2.217728
815,traditional,0.181216,1.804288,0.226304,2.211808
816,traditional,0.194400,1.800192,0.226304,2.220896
817,traditional,0.198816,1.797120,0.227328,2.223264
818,traditional,0.195168,1.796096,0.226304,2.217568
819,traditional,0.183936,1.808384,0.226304,2.218624
820,traditional,0.180352,1.824768,0.459776,2.464896
821,traditional,0.203488,1.813504,0.225280,2.242272
822,traditional,0.184288,1.796096,0.225280,2.205664
823,traditional,0.196352,1.776640,0.224256,2.197248
824,traditional,0.180704,1.786880,0.225280,2.192864
825,traditional,0.181152,1.763328,0.224256,2.168736
826,traditional,0.181472,1.818624,0.226304,2.226400
827,traditional,0.191968,1.782784,0.223232,2.197984
828,traditional,0.194496,1.779712,0.223232,2.197440
829,traditional,0.213888,1.785856,0.224256,2.224000
830,traditional,0.178368,1.760256,0.451584,2.390208
831,traditional,0.193568,1.776640,0.223232,2.193440
832,traditional,0.179264,1.748992,0.222208,2.150464
833,traditional,0.205472,1.753088,0.225280,2.183840
834,traditional,0.193504,1.752064,0.223232,2.168800
835,traditional,0.181792,1.753088,0.226304,2.161184
836,traditional,0.192480,1.762304,0.222208,2.176992
837,traditional,0.195488,1.772544,0.223232,2.191264
838,traditional,0.180032,1.764352,0.233472,2.177856
839,traditional,0.182912,1.817600,0.225280,2.225792
840,traditional,0.186432,1.783808,0.228352,2.198592
841,traditional,0.186912,1.798144,0.468992,2.454048
842,traditional,0.195264,1.650688,0.205824,2.051776
843,traditional,0.181440,1.664000,0.205824,2.051264
844,traditional,0.180320,1.728512,0.206848,2.115680
845,traditional,0.169792,1.646592,0.207872,2.024256
846,traditional,0.195168,1.664000,0.207872,2.067040
847,traditional,0.167424,1.631232,0.206848,2.005504
848,traditional,0.202720,1.628160,0.209920,2.040800
849,traditional,0.196320,1.625088,0.200704,2.022112
850,traditional,0.166912,1.593344,0.201728,1.961984
851,traditional,0.188064,1.582080,0.200704,1.970848
852,traditional,0.187904,1.588224,0.200704,1.976832
853,traditional,0.163776,1.623040,0.200704,1.987520
854,traditional,0.164256,1.574912,0.201728,1.940896
855,traditional,0.165376,1.580032,0.204800,1.950208
856,traditional,0.189568,1.615872,0.200704,2.006144
857,traditional,0.168672,1.603584,0.199680,1.971936
858,traditional,0.177920,1.567744,0.200704,1.946368
859,traditional,0.183680,1.615872,0.200704,2.000256
860,traditional,0.162784,1.573888,0.200704,1.937376
861,traditional,0.186656,1.582080,0.200704,1.969440
862,traditional,0.178080,1.598464,0.200704,1.977248
863,traditional,0.164640,1.575936,0.200704,1.941280
864,traditional,0.182304,1.650688,0.200704,2.033696
865,traditional,0.164960,1.569792,0.200704,1.935456
866,traditional,0.166848,1.574912,0.200704,1.942464
867,traditional,0.162624,1.569792,0.199680,1.932096
868,traditional,0.168128,1.568768,0.199680,1.936576
869,traditional,0.164288,1.656832,0.200704,2.021824
870,traditional,0.174464,1.586176,0.200704,1.961344
871,traditional,0.165824,1.572864,0.200704,1.939392
872,traditional,0.161504,1.595392,0.200704,1.957600
873,traditional,0.162016,1.618944,0.200704,1.981664
874,traditional,0.176192,1.583104,0.200704,1.960000
875,traditional,0.163904,1.584128,0.199680,1.947712
876,traditional,0.163808,1.573888,0.199680,1.937376
877,traditional,0.162976,1.600512,0.201728,1.965216
878,traditional,0.171808,1.602560,0.200704,1.975072
879,traditional,0.163936,1.582080,0.202752,1.948768
880,traditional,0.175680,1.589248,0.199680,1.964608
881,traditional,0.180192,1.571840,0.201728,1.953760
882,traditional,0.173632,1.595392,0.200704,1.969728
883,traditional,0.163904,1.565696,0.200704,1.930304
884,traditional,0.181248,1.599488,0.200704,1.981440
885,traditional,0.162336,1.590272,0.200704,1.953312
886,traditional,0.163520,1.588224,0.201728,1.953472
887,traditional,0.164448,1.572864,0.201728,1.939040
888,traditional,0.162464,1.574912,0.200704,1.938080
889,traditional,0.165120,2.713600,0.379904,3.258624
890,traditional,0.301312,2.893824,0.208896,3.404032
891,traditional,0.182112,2.136064,0.202752,2.520928
892,traditional,0.165472,1.625088,0.203776,1.994336
893,traditional,0.163712,1.620992,0.199680,1.984384
894,traditional,0.179936,1.602560,0.200704,1.983200
895,traditional,0.163680,1.557504,0.200704,1.921888
896,traditional,0.162816,1.557504,0.201728,1.922048
897,traditional,0.165792,1.592320,0.199680,1.957792
898,traditional,0.164704,1.562624,0.199680,1.927008
899,traditional,0.168704,1.562624,0.199680,1.931008
900,traditional,0.165568,1.563648,0.200704,1.929920
901,traditional,0.161152,1.589248,0.200704,1.951104
902,traditional,0.162784,1.597440,0.200704,1.960928
903,traditional,0.164640,1.605632,0.200704,1.970976
904,traditional,0.174464,1.570816,0.200704,1.945984
905,traditional,0.162048,1.560576,0.200704,1.923328
906,traditional,0.179872,1.631232,0.200704,2.011808
907,traditional,0.185728,1.580032,0.200704,1.966464
908,traditional,0.163648,1.563648,0.199680,1.926976
909,traditional,0.183584,1.568768,0.200704,1.953056
910,traditional,0.162080,1.591296,0.199680,1.953056
911,traditional,0.164512,1.580032,0.199680,1.944224
912,traditional,0.162016,1.567744,0.200704,1.930464
913,traditional,0.163648,1.564672,0.203776,1.932096
914,traditional,0.179840,1.570816,0.200704,1.951360
915,traditional,0.172832,1.563648,0.200704,1.937184
916,traditional,0.162656,2.627584,0.377856,3.168096
917,traditional,0.296192,2.990080,0.200704,3.486976
918,traditional,0.163872,2.039808,0.205824,2.409504
919,traditional,0.180160,1.827840,0.204800,2.212800
920,traditional,0.165632,1.639424,0.200704,2.005760
921,traditional,0.167392,1.590272,0.205824,1.963488
922,traditional,0.162464,1.590272,0.200704,1.953440
923,traditional,0.166016,1.573888,0.200704,1.940608
924,traditional,0.163488,1.573888,0.200704,1.938080
925,traditional,0.174592,1.610752,0.209920,1.995264
926,traditional,0.170880,1.613824,0.200704,1.985408
927,traditional,0.164736,1.586176,0.200704,1.951616
928,traditional,0.161152,1.625088,0.200704,1.986944
929,traditional,0.160512,1.581056,0.200704,1.942272
930,traditional,0.166208,1.585152,0.200704,1.952064
931,traditional,0.164256,2.565120,0.378880,3.108256
932,traditional,0.298624,3.011584,0.201728,3.511936
933,traditional,0.172384,2.089984,0.200704,2.463072
934,traditional,0.192160,1.588224,0.200704,1.981088
935,traditional,0.160672,1.581056,0.209920,1.951648
936,traditional,0.161120,1.599488,0.199680,1.960288
937,traditional,0.161664,1.577984,0.200704,1.940352
938,traditional,0.162912,1.577984,0.200704,1.941600
939,traditional,0.167360,1.560576,0.200704,1.928640
940,traditional,0.164384,1.559552,0.200704,1.924640
941,traditional,0.162464,1.576960,0.200704,1.940128
942,traditional,0.161088,1.566720,0.200704,1.928512
943,traditional,0.165792,1.603584,0.199680,1.969056
944,traditional,0.161920,1.556480,0.200704,1.919104
945,traditional,0.173184,1.575936,0.200704,1.949824
946,traditional,0.178112,1.576960,0.204800,1.959872
947,traditional,0.188672,1.591296,0.200704,1.980672
948,traditional,0.187232,1.648640,0.200704,2.036576
949,traditional,0.164224,1.586176,0.199680,1.950080
950,traditional,0.162784,1.582080,0.201728,1.946592
951,traditional,0.192832,1.587200,0.202752,1.982784
952,traditional,0.175904,1.591296,0.200704,1.967904
953,traditional,0.161376,1.823744,0.200704,2.185824
954,traditional,0.169920,1.590272,0.200704,1.960896
955,traditional,0.163456,1.579008,0.200704,1.943168
956,traditional,0.167008,1.564672,0.200704,1.932384
957,traditional,0.161536,1.624064,0.200704,1.986304
958,traditional,0.165504,1.556480,0.203776,1.925760
959,traditional,0.173792,1.564672,0.200704,1.939168
960,traditional,0.161472,1.564672,0.200704,1.926848
961,traditional,0.165568,1.575936,0.200704,1.942208
962,traditional,0.175744,1.904640,0.378880,2.459264
963,traditional,0.320352,3.136512,0.226304,3.683168
964,traditional,0.180096,2.220032,0.226304,2.626432
965,traditional,0.193408,2.000896,0.422912,2.617216
966,traditional,0.196576,2.061312,0.398336,2.656224
967,traditional,0.194752,2.028544,0.424960,2.648256
968,traditional,0.192288,1.779712,0.223232,2.195232
969,traditional,0.182944,1.742848,0.223232,2.149024
970,traditional,0.207392,1.900544,0.237568,2.345504
971,traditional,0.218688,1.876992,0.236544,2.332224
972,traditional,0.213536,1.880064,0.237568,2.331168
973,traditional,0.193024,1.878016,0.237568,2.308608
974,traditional,0.208192,1.914880,0.236544,2.359616
975,traditional,0.214848,1.898496,0.233472,2.346816
976,traditional,0.210528,1.839104,0.234496,2.284128
977,traditional,0.190432,1.832960,0.234496,2.257888
978,traditional,0.193760,1.832960,0.237568,2.264288
979,traditional,0.187104,1.827840,0.244736,2.259680
980,traditional,0.186240,1.836032,0.233472,2.255744
981,traditional,0.188288,1.833984,0.229376,2.251648
982,traditional,0.183200,1.813504,0.228352,2.225056
983,traditional,0.181984,1.810432,0.229376,2.221792
984,traditional,0.196064,1.827840,0.229376,2.253280
985,traditional,0.199904,1.836032,0.229376,2.265312
986,traditional,0.201728,1.852416,0.230400,2.284544
987,traditional,0.209984,2.067456,0.237568,2.515008
988,traditional,0.196480,1.808384,0.241664,2.246528
989,traditional,0.182368,1.833984,0.229376,2.245728
990,traditional,0.181920,1.798144,0.229376,2.209440
991,traditional,0.184896,1.835008,0.229376,2.249280
992,traditional,0.195968,1.859584,0.229376,2.284928
993,traditional,0.196576,1.808384,0.229376,2.234336
994,traditional,0.198720,1.807360,0.229376,2.235456
995,traditional,0.193120,1.854464,0.229376,2.276960
996,traditional,0.206176,1.857536,0.227328,2.291040
997,traditional,0.210112,1.842176,0.228352,2.280640
998,traditional,0.183488,1.796096,0.228352,2.207936
999,traditional,0.197696,1.804288,0.228352,2.230336
1000,traditional,0.198496,1.795072,0.226304,2.219872
1001,traditional,0.205728,1.785856,0.226304,2.217888
1002,traditional,0.196320,1.847296,0.227328,2.270944
1003,traditional,0.198016,1.794048,0.227328,2.219392
1004,traditional,0.196000,1.867776,0.226304,2.290080
1005,traditional,0.180704,1.820672,0.226304,2.227680
1006,traditional,0.184384,1.802240,0.230400,2.217024
1007,traditional,0.183520,1.844224,0.234496,2.262240
1008,traditional,0.184832,1.816576,0.233472,2.234880
1009,traditional,0.187936,1.807360,0.231424,2.226720
1010,traditional,0.203680,1.816576,0.231424,2.251680
1011,traditional,0.196704,1.838080,0.230400,2.265184
1012,traditional,0.193056,1.797120,0.226304,2.216480
1013,traditional,0.197536,1.774592,0.224256,2.196384
1014,traditional,0.195808,1.783808,0.225280,2.204896
1015,traditional,0.197088,1.768448,0.454656,2.420192
1016,traditional,0.183008,1.788928,0.225280,2.197216
1017,traditional,0.180160,1.763328,0.224256,2.167744
1018,traditional,0.180288,1.761280,0.226304,2.167872
1019,traditional,0.199680,1.794048,0.225280,2.219008
1020,traditional,0.182112,1.812480,0.224256,2.218848
1021,traditional,0.201792,1.817600,0.225280,2.244672
1022,traditional,0.183712,1.797120,0.225280,2.206112
1023,traditional,0.193184,1.787904,0.225280,2.206368
1024,traditional,0.196704,1.796096,0.224256,2.217056
1025,traditional,0.193504,1.814528,0.224256,2.232288
1026,traditional,0.205504,1.801216,0.227328,2.234048
1027,traditional,0.182816,1.767424,0.225280,2.175520
1028,traditional,0.196864,1.812480,0.225280,2.234624
1029,traditional,0.197344,1.804288,0.225280,2.226912
1030,traditional,0.196096,1.818624,0.225280,2.240000
1031,traditional,0.204000,1.814528,0.225280,2.243808
1032,traditional,0.186784,1.649664,0.207872,2.044320
1033,traditional,0.193472,1.647616,0.207872,2.048960
1034,traditional,0.186400,1.680384,0.207872,2.074656
1035,traditional,0.182464,1.676288,0.207872,2.066624
1036,traditional,0.168416,1.657856,0.207872,2.034144
1037,traditional,0.176224,1.602560,0.205824,1.984608
1038,traditional,0.170784,1.582080,0.201728,1.954592
1039,traditional,0.166080,1.585152,0.201728,1.952960
1040,traditional,0.165696,1.606656,0.201728,1.974080
1041,traditional,0.162592,1.598464,0.202752,1.963808
1042,traditional,0.165920,1.592320,0.201728,1.959968
1043,traditional,0.163040,1.586176,0.200704,1.949920
1044,traditional,0.171168,1.613824,0.200704,1.985696
1045,traditional,0.188192,1.629184,0.203776,2.021152
1046,traditional,0.164224,1.592320,0.200704,1.957248
1047,traditional,0.162592,1.606656,0.200704,1.969952
1048,traditional,0.163936,1.605632,0.200704,1.970272
1049,traditional,0.177280,1.615872,0.199680,1.992832
1050,traditional,0.165536,1.624064,0.200704,1.990304
1051,traditional,0.172736,1.610752,0.199680,1.983168
1052,traditional,0.165408,1.604608,0.200704,1.970720
1053,traditional,0.162240,1.584128,0.200704,1.947072
1054,traditional,0.163168,1.609728,0.200704,1.973600
1055,traditional,0.174208,1.596416,0.200704,1.971328
1056,traditional,0.162976,1.582080,0.200704,1.945760
1057,traditional,0.164256,1.592320,0.211968,1.968544
1058,traditional,0.176640,1.581056,0.200704,1.958400
1059,traditional,0.166624,1.565696,0.200704,1.933024
1060,traditional,0.165632,1.561600,0.200704,1.927936
1061,traditional,0.165696,1.561600,0.200704,1.928000
1062,traditional,0.163296,1.563648,0.200704,1.927648
1063,traditional,0.160704,1.561600,0.199680,1.921984
1064,traditional,0.160704,1.564672,0.199680,1.925056
1065,traditional,0.165888,1.573888,0.199680,1.939456
1066,traditional,0.165984,1.557504,0.199680,1.923168
1067,traditional,0.160864,1.557504,0.200704,1.919072
1068,traditional,0.174560,1.572864,0.200704,1.948128
1069,traditional,0.166624,1.553408,0.200704,1.920736
1070,traditional,0.164320,1.554432,0.199680,1.918432
1071,traditional,0.164000,1.550336,0.199680,1.914016
1072,traditional,0.166752,1.550336,0.199680,1.916768
1073,traditional,0.162080,1.576960,0.200704,1.939744
1074,traditional,0.174688,1.571840,0.212992,1.959520
1075,traditional,0.166880,1.574912,0.200704,1.942496
1076,traditional,0.170112,1.566720,0.200704,1.937536
1077,traditional,0.173504,1.554432,0.199680,1.927616
1078,traditional,0.167200,1.562624,0.199680,1.929504
1079,traditional,0.181824,1.593344,0.200704,1.975872
1080,traditional,0.164192,1.603584,0.201728,1.969504
1081,traditional,0.188736,1.631232,0.200704,2.020672
1082,traditional,0.179552,1.610752,0.204800,1.995104
1083,traditional,0.189856,2.322432,0.378880,2.891168
1084,traditional,0.306336,2.630656,0.199680,3.136672
1085,traditional,0.176608,1.830912,0.203776,2.211296
1086,traditional,0.180800,1.778688,0.203776,2.163264
1087,traditional,0.178336,1.569792,0.200704,1.948832
1088,traditional,0.167200,1.607680,0.199680,1.974560
1089,traditional,0.163488,1.595392,0.211968,1.970848
1090,traditional,0.176480,1.573888,0.200704,1.951072
1091,traditional,0.171392,2.322432,0.377856,2.871680
1092,traditional,0.296288,3.237888,0.202752,3.736928
1093,traditional,0.172416,2.166784,0.201728,2.540928
1094,traditional,0.163744,2.445312,0.378880,2.987936
1095,traditional,0.306688,2.226176,0.200704,2.733568
1096,traditional,0.181632,1.593344,0.199680,1.974656
1097,traditional,0.162528,1.582080,0.200704,1.945312
1098,traditional,0.162624,1.564672,0.200704,1.928000
1099,traditional,0.165280,1.837056,0.219136,2.221472
1100,traditional,0.163392,1.575936,0.199680,1.939008
1101,traditional,0.171584,1.585152,0.200704,1.957440
1102,traditional,0.166752,1.558528,0.200704,1.925984
1103,traditional,0.161472,1.571840,0.199680,1.932992
1104,traditional,0.163808,2.437120,0.444416,3.045344
1105,traditional,0.353728,3.258368,0.236544,3.848640
1106,traditional,0.185536,2.329600,0.232448,2.747584
1107,traditional,0.201632,2.114560,0.235520,2.551712
1108,traditional,0.184736,2.051072,0.231424,2.467232
1109,traditional,0.202688,2.101248,0.235520,2.539456
1110,traditional,0.191872,2.079744,0.236544,2.508160
1111,traditional,0.189248,2.079744,0.231424,2.500416
1112,traditional,0.186112,1.833984,0.230400,2.250496
1113,traditional,0.202944,1.845248,0.234496,2.282688
1114,traditional,0.196416,1.851392,0.231424,2.279232
1115,traditional,0.197856,1.844224,0.230400,2.272480
1116,traditional,0.186208,1.840128,0.232448,2.258784
1117,traditional,0.195712,1.870848,0.231424,2.297984
1118,traditional,0.201184,1.905664,0.235520,2.342368
1119,traditional,0.199488,1.860608,0.232448,2.292544
1120,traditional,0.204416,1.894400,0.232448,2.331264
1121,traditional,0.200608,1.859584,0.232448,2.292640
1122,traditional,0.201408,1.844224,0.232448,2.278080
1123,traditional,0.225920,1.848320,0.230400,2.304640
1124,traditional,0.196000,1.815552,0.229376,2.240928
1125,traditional,0.221216,1.845248,0.229376,2.295840
1126,traditional,0.184768,1.833984,0.229376,2.248128
1127,traditional,0.210528,1.814528,0.229376,2.254432
1128,traditional,0.196896,1.811456,0.229376,2.237728
1129,traditional,0.203296,1.927168,0.235520,2.365984
1130,traditional,0.212512,1.863680,0.236544,2.312736
1131,traditional,0.191360,1.851392,0.235520,2.278272
1132,traditional,0.228416,1.865728,0.235520,2.329664
1133,traditional,0.203424,1.867776,0.235520,2.306720
1134,traditional,0.205600,1.883136,0.235520,2.324256
1135,traditional,0.202048,1.895424,0.237568,2.335040
1136,traditional,0.203200,1.871872,0.236544,2.311616
1137,traditional,0.207296,1.911808,0.235520,2.354624
1138,traditional,0.202848,1.890304,0.235520,2.328672
1139,traditional,0.203520,1.869824,0.235520,2.308864
1140,traditional,0.217696,2.088960,0.242688,2.549344
1141,traditional,0.191808,1.883136,0.235520,2.310464
1142,traditional,0.216448,1.863680,0.248832,2.328960
1143,traditional,0.215104,1.861632,0.235520,2.312256
1144,traditional,0.201920,1.887232,0.235520,2.324672
1145,traditional,0.225600,1.900544,0.235520,2.361664
1146,traditional,0.191936,1.845248,0.235520,2.272704
1147,traditional,0.213376,1.855488,0.235520,2.304384
1148,traditional,0.214464,1.864704,0.236544,2.315712
1149,traditional,0.204384,1.878016,0.235520,2.317920
1150,traditional,0.199360,1.938432,0.236544,2.374336
1151,traditional,0.213536,1.879040,0.236544,2.329120
1152,traditional,0.228320,1.856512,0.235520,2.320352
1153,traditional,0.203520,1.912832,0.236544,2.352896
1154,traditional,0.211808,1.869824,0.235520,2.317152
1155,traditional,0.200544,1.879040,0.235520,2.315104
1156,traditional,0.188960,1.712128,0.212992,2.114080
1157,traditional,0.171904,1.660928,0.211968,2.044800
1158,traditional,0.185312,1.698816,0.211968,2.096096
1159,traditional,0.184032,1.714176,0.211968,2.110176
1160,traditional,0.195488,1.707008,0.210944,2.113440
1161,traditional,0.170112,1.628160,0.203776,2.002048
1162,traditional,0.187424,1.643520,0.203776,2.034720
1163,traditional,0.177888,1.620992,0.204800,2.003680
1164,traditional,0.165728,1.611776,0.203776,1.981280
1165,traditional,0.167488,1.612800,0.203776,1.984064
1166,traditional,0.170592,1.602560,0.203776,1.976928
1167,traditional,0.161728,1.606656,0.201728,1.970112
1168,traditional,0.166496,1.592320,0.201728,1.960544
1169,traditional,0.181856,1.628160,0.201728,2.011744
1170,traditional,0.163200,1.566720,0.200704,1.930624
1171,traditional,0.193344,1.652736,0.201728,2.047808
1172,traditional,0.201600,1.605632,0.201728,2.008960
1173,traditional,0.178560,1.600512,0.202752,1.981824
1174,traditional,0.169152,1.583104,0.200704,1.952960
1175,traditional,0.163328,1.622016,0.200704,1.986048
1176,traditional,0.164832,1.572864,0.212992,1.950688
1177,traditional,0.171936,1.574912,0.200704,1.947552
1178,traditional,0.189280,1.581056,0.200704,1.971040
1179,traditional,0.164704,1.569792,0.201728,1.936224
1180,traditional,0.161856,1.566720,0.200704,1.929280
1181,traditional,0.184480,1.616896,0.200704,2.002080
1182,traditional,0.176768,1.572864,0.200704,1.950336
1183,traditional,0.176896,1.565696,0.199680,1.942272
1184,traditional,0.174816,1.568768,0.200704,1.944288
1185,traditional,0.166816,1.586176,0.201728,1.954720
1186,traditional,0.166944,1.581056,0.201728,1.949728
1187,traditional,0.163552,1.576960,0.200704,1.941216
1188,traditional,0.166912,1.571840,0.200704,1.939456
1189,traditional,0.163584,1.569792,0.203776,1.937152
1190,traditional,0.161568,1.627136,0.200704,1.989408
1191,traditional,0.161440,1.584128,0.200704,1.946272
1192,traditional,0.164352,1.571840,0.201728,1.937920
1193,traditional,0.177088,1.567744,0.200704,1.945536
1194,traditional,0.162176,1.604608,0.200704,1.967488
1195,traditional,0.163008,2.386944,0.379904,2.929856
1196,traditional,0.304960,3.156992,0.203776,3.665728
1197,traditional,0.358816,1.847296,0.204800,2.410912
1198,traditional,0.205856,1.861632,0.201728,2.269216
1199,traditional,0.163552,1.672192,0.200704,2.036448
1200,traditional,0.161632,1.581056,0.200704,1.943392
1201,traditional,0.162272,1.562624,0.200704,1.925600
1202,traditional,0.165792,1.585152,0.202752,1.953696
1203,traditional,0.164736,2.537472,0.643072,3.345280
1204,traditional,0.318976,2.948096,0.201728,3.468800
1205,traditional,0.192448,1.800192,0.200704,2.193344
1206,traditional,0.165920,1.802240,0.200704,2.168864
1207,traditional,0.176128,1.565696,0.200704,1.942528
1208,traditional,0.173440,1.597440,0.200704,1.971584
1209,traditional,0.166752,2.376704,0.378880,2.922336
1210,traditional,0.302528,2.299904,0.200704,2.803136
1211,traditional,0.159936,1.744896,0.200704,2.105536
1212,traditional,0.175328,1.866752,0.200704,2.242784
1213,traditional,0.169024,1.562624,0.200704,1.932352
1214,traditional,0.161664,1.593344,0.200704,1.955712
1215,traditional,0.163296,1.564672,0.200704,1.928672
1216,traditional,0.161888,1.585152,0.201728,1.948768
1217,traditional,0.162752,1.580032,0.200704,1.943488
1218,traditional,0.164192,1.598464,0.200704,1.963360
1219,traditional,0.161856,1.575936,0.200704,1.938496
1220,traditional,0.162368,1.606656,0.200704,1.969728
1221,traditional,0.182560,1.610752,0.201728,1.995040
1222,traditional,0.162688,1.579008,0.200704,1.942400
1223,traditional,0.171168,1.579008,0.200704,1.950880
1224,traditional,0.161984,1.602560,0.200704,1.965248
1225,traditional,0.162528,1.626112,0.200704,1.989344
1226,traditional,0.161120,1.568768,0.200704,1.930592
1227,traditional,0.162912,1.569792,0.200704,1.933408
1228,traditional,0.163904,1.587200,0.200704,1.951808
1229,traditional,0.163328,1.565696,0.200704,1.929728
1230,traditional,0.163392,1.627136,0.200704,1.991232
1231,traditional,0.161984,1.568768,0.200704,1.931456
1232,traditional,0.161632,1.571840,0.200704,1.934176
1233,traditional,0.163520,1.571840,0.200704,1.936064
1234,traditional,0.165664,1.609728,0.200704,1.976096
1235,traditional,0.165600,1.601536,0.201728,1.968864
1236,traditional,0.163936,1.592320,0.200704,1.956960
1237,traditional,0.161088,1.579008,0.200704,1.940800
1238,traditional,0.174336,1.569792,0.200704,1.944832
1239,traditional,0.164320,2.410496,0.379904,2.954720
1240,traditional,0.311936,2.622464,0.200704,3.135104
1241,traditional,0.162304,1.779712,0.225280,2.167296
1242,traditional,0.177408,2.772992,0.379904,3.330304
1243,traditional,0.295072,2.863104,0.201728,3.359904
1244,traditional,0.180512,1.622016,0.200704,2.003232
1245,traditional,0.182720,1.619968,0.200704,2.003392
1246,traditional,0.164416,1.580032,0.203776,1.948224
1247,traditional,0.164192,1.597440,0.203776,1.965408
1248,traditional,0.168256,1.582080,0.202752,1.953088
1249,traditional,0.164512,1.592320,0.203776,1.960608
1250,traditional,0.168576,1.594368,0.202752,1.965696
1251,traditional,0.162848,1.610752,0.204800,1.978400
1252,traditional,0.163296,1.575936,0.201728,1.940960
1253,traditional,0.182528,1.612800,0.201728,1.997056
1254,traditional,0.311264,3.104768,0.380928,3.796960
1255,traditional,0.516224,1.774592,0.202752,2.493568
1256,traditional,0.182592,1.600512,0.200704,1.983808
1257,traditional,0.164736,1.679360,0.200704,2.044800
1258,traditional,0.163424,1.568768,0.200704,1.932896
1259,traditional,0.177184,1.586176,0.203776,1.967136
1260,traditional,0.180448,1.611776,0.201728,1.993952
1261,traditional,0.174656,1.629184,0.201728,2.005568
1262,traditional,0.167424,2.398208,0.379904,2.945536
1263,traditional,0.298240,3.229696,0.201728,3.729664
1264,traditional,0.496416,1.854464,0.203776,2.554656
1265,traditional,0.176576,1.785856,0.204800,2.167232
1266,traditional,0.163488,1.645568,0.200704,2.009760
1267,traditional,0.174720,1.580032,0.200704,1.955456
1268,traditional,0.161664,2.726912,0.378880,3.267456
1269,traditional,0.298816,2.941952,0.206848,3.447616
1270,traditional,0.354080,1.948672,0.209920,2.512672
1271,traditional,0.191168,1.926144,0.210944,2.328256
1272,traditional,0.190272,1.654784,0.203776,2.048832
1273,traditional,0.191744,1.676288,0.203776,2.071808
1274,traditional,0.183232,2.759680,0.389120,3.332032
1275,traditional,0.305856,2.923520,0.223232,3.452608
1276,traditional,0.474304,1.815552,0.204800,2.494656
1277,traditional,0.166400,1.868800,0.201728,2.236928
1278,traditional,0.188928,1.629184,0.202752,2.020864
1279,traditional,0.177536,1.601536,0.203776,1.982848
1280,traditional,0.189536,1.968128,0.460800,2.618464
1281,traditional,0.368928,3.737600,0.241664,4.348192
1282,traditional,0.193376,2.369536,0.241664,2.804576
1283,traditional,0.204960,2.387968,0.245760,2.838688
1284,traditional,0.205248,2.145280,0.447488,2.798016
1285,traditional,0.195264,2.199552,0.240640,2.635456
1286,traditional,0.204928,1.959936,0.252928,2.417792
1287,traditional,0.226336,2.046976,0.252928,2.526240
1288,traditional,0.201952,2.448384,0.266240,2.916576
1289,traditional,0.224256,2.293760,0.257024,2.775040
1290,traditional,0.223552,2.292736,0.257024,2.773312
1291,traditional,0.204224,2.267136,0.257024,2.728384
1292,traditional,0.205984,2.045952,0.252928,2.504864
1293,traditional,0.218688,2.040832,0.251904,2.511424
1294,traditional,0.220128,2.021376,0.250880,2.492384
1295,traditional,0.202080,2.046976,0.251904,2.500960
1296,traditional,0.203200,1.997824,0.251904,2.452928
1297,traditional,0.208672,2.216960,0.249856,2.675488
1298,traditional,0.208512,2.010112,0.246784,2.465408
1299,traditional,0.220512,1.989632,0.245760,2.455904
1300,traditional,0.210080,2.179072,0.249856,2.639008
1301,traditional,0.205824,2.249728,0.249856,2.705408
1302,traditional,0.228224,2.193408,0.244736,2.666368
1303,traditional,0.221536,2.168832,0.245760,2.636128
1304,traditional,0.216256,2.187264,0.248832,2.652352
1305,traditional,0.194144,2.197504,0.249856,2.641504
1306,traditional,0.213024,2.242560,0.249856,2.705440
1307,traditional,0.212512,1.968128,0.245760,2.426400
1308,traditional,0.221696,1.983488,0.245760,2.450944
1309,traditional,0.207840,2.213888,0.248832,2.670560
1310,traditional,0.196896,2.127872,0.245760,2.570528
1311,traditional,0.214048,2.209792,0.248832,2.672672
1312,traditional,0.213760,2.187264,0.244736,2.645760
1313,traditional,0.211168,2.158592,0.248832,2.618592
1314,traditional,0.233152,2.003968,0.245760,2.482880
1315,traditional,0.210976,1.981440,0.245760,2.438176
1316,traditional,0.220160,1.944576,0.245760,2.410496
1317,traditional,0.215360,1.929216,0.244736,2.389312
1318,traditional,0.221568,1.978368,0.245760,2.445696
1319,traditional,0.209152,1.954816,0.250880,2.414848
1320,traditional,0.212832,2.027520,0.254976,2.495328
1321,traditional,0.217088,2.022400,0.250880,2.490368
1322,traditional,0.228320,2.072576,0.251904,2.552800
1323,traditional,0.216160,2.015232,0.250880,2.482272
1324,traditional,0.213888,2.092032,0.250880,2.556800
1325,traditional,0.224960,2.007040,0.250880,2.482880
1326,traditional,0.225920,2.025472,0.254976,2.506368
1327,traditional,0.238016,1.982464,0.250880,2.471360
1328,traditional,0.223872,1.994752,0.247808,2.466432
1329,traditional,0.198048,2.224128,0.275456,2.697632
1330,traditional,0.211072,1.989632,0.250880,2.451584
1331,traditional,0.212640,1.983488,0.245760,2.441888
1332,traditional,0.211200,1.949696,0.245760,2.406656
1333,traditional,0.223328,1.949696,0.244736,2.417760
1334,traditional,0.216192,1.935360,0.245760,2.397312
1335,traditional,0.208416,1.973248,0.245760,2.427424
1336,traditional,0.223552,1.933312,0.245760,2.402624
1337,traditional,0.213120,1.958912,0.245760,2.417792
1338,traditional,0.218688,1.964032,0.245760,2.428480
1339,traditional,0.217824,1.911808,0.244736,2.374368
1340,traditional,0.199904,2.146304,0.245760,2.591968
1341,traditional,0.221408,2.165760,0.245760,2.632928
1342,traditional,0.209792,2.214912,0.248832,2.673536
1343,traditional,0.199808,1.909760,0.216064,2.325632
1344,traditional,0.175392,1.898496,0.219136,2.293024
1345,traditional,0.188032,1.671168,0.216064,2.075264
1346,traditional,0.185760,1.686528,0.436224,2.308512
1347,traditional,0.200480,1.704960,0.216064,2.121504
1348,traditional,0.173408,1.728512,0.216064,2.117984
1349,traditional,0.185088,1.685504,0.204800,2.075392
1350,traditional,0.192640,1.605632,0.204800,2.003072
1351,traditional,0.175712,1.598464,0.204800,1.978976
1352,traditional,0.174656,1.597440,0.204800,1.976896
1353,traditional,0.171360,1.642496,0.204800,2.018656
1354,traditional,0.170496,1.611776,0.205824,1.988096
1355,traditional,0.180352,1.605632,0.205824,1.991808
1356,traditional,0.177504,1.615872,0.203776,1.997152
1357,traditional,0.167616,1.611776,0.202752,1.982144
1358,traditional,0.190944,1.633280,0.203776,2.028000
1359,traditional,0.163904,1.617920,0.202752,1.984576
1360,traditional,0.166592,1.599488,0.203776,1.969856
1361,traditional,0.176928,1.611776,0.221184,2.009888
1362,traditional,0.192288,1.608704,0.199680,2.000672
1363,traditional,0.175584,1.608704,0.200704,1.984992
1364,traditional,0.164544,1.593344,0.199680,1.957568
1365,traditional,0.162048,1.572864,0.199680,1.934592
1366,traditional,0.174304,1.563648,0.200704,1.938656
1367,traditional,0.163200,1.568768,0.212992,1.944960
1368,traditional,0.166112,1.596416,0.199680,1.962208
1369,traditional,0.166912,1.620992,0.200704,1.988608
1370,traditional,0.163136,1.597440,0.199680,1.960256
1371,traditional,0.166752,1.570816,0.199680,1.937248
1372,traditional,0.187680,1.564672,0.200704,1.953056
1373,traditional,0.175360,1.573888,0.199680,1.948928
1374,traditional,0.161504,1.649664,0.199680,2.010848
1375,traditional,0.188640,1.560576,0.201728,1.950944
1376,traditional,0.176128,1.595392,0.200704,1.972224
1377,traditional,0.187424,1.646592,0.412672,2.246688
1378,traditional,0.161824,1.572864,0.200704,1.935392
1379,traditional,0.162688,1.570816,0.200704,1.934208
1380,traditional,0.162848,1.590272,0.199680,1.952800
1381,traditional,0.172992,1.574912,0.199680,1.947584
1382,traditional,0.162912,1.550336,0.200704,1.913952
1383,traditional,0.162080,1.551360,0.199680,1.913120
1384,traditional,0.163232,1.557504,0.200704,1.921440
1385,traditional,0.165888,1.567744,0.200704,1.934336
1386,traditional,0.166528,1.569792,0.199680,1.936000
1387,traditional,0.162432,1.582080,0.199680,1.944192
1388,traditional,0.163360,1.574912,0.199680,1.937952
1389,traditional,0.163936,1.561600,0.199680,1.925216
1390,traditional,0.164032,1.585152,0.199680,1.948864
1391,traditional,0.172384,1.636352,0.200704,2.009440
1392,traditional,0.162528,1.574912,0.204800,1.942240
1393,traditional,0.162976,1.558528,0.200704,1.922208
1394,traditional,0.173120,1.586176,0.199680,1.958976
1395,traditional,0.165920,1.568768,0.200704,1.935392
1396,traditional,0.172512,1.592320,0.200704,1.965536
1397,traditional,0.165728,1.567744,0.200704,1.934176
1398,traditional,0.165184,1.575936,0.199680,1.940800
1399,traditional,0.161536,1.574912,0.200704,1.937152
1400,traditional,0.161664,1.583104,0.200704,1.945472
1401,traditional,0.162848,1.596416,0.200704,1.959968
1402,traditional,0.178368,1.616896,0.200704,1.995968
1403,traditional,0.162048,1.600512,0.200704,1.963264
1404,traditional,0.164128,1.576960,0.200704,1.941792
1405,traditional,0.164896,1.565696,0.200704,1.931296
1406,traditional,0.168864,1.584128,0.199680,1.952672
1407,traditional,0.163200,1.570816,0.200704,1.934720
1408,traditional,0.162656,1.584128,0.200704,1.947488
1409,traditional,0.163392,1.571840,0.199680,1.934912
1410,traditional,0.167648,1.563648,0.200704,1.932000
1411,traditional,0.174976,1.598464,0.199680,1.973120
1412,traditional,0.162176,1.580032,0.200704,1.942912
1413,traditional,0.166336,1.565696,0.206848,1.938880
1414,traditional,0.160352,1.575936,0.200704,1.936992
1415,traditional,0.162976,1.564672,0.203776,1.931424
1416,traditional,0.163008,1.583104,0.200704,1.946816
1417,traditional,0.169408,1.625088,0.200704,1.995200
1418,traditional,0.164480,1.615872,0.200704,1.981056
1419,traditional,0.162336,1.613824,0.201728,1.977888
1420,traditional,0.162304,1.580032,0.200704,1.943040
1421,traditional,0.165312,1.573888,0.200704,1.939904
1422,traditional,0.166560,1.566720,0.200704,1.933984
1423,traditional,0.162304,1.557504,0.199680,1.919488
1424,traditional,0.162208,1.590272,0.200704,1.953184
1425,traditional,0.175264,1.567744,0.200704,1.943712
1426,traditional,0.178336,1.568768,0.200704,1.947808
1427,traditional,0.174336,1.570816,0.199680,1.944832
1428,traditional,0.170464,1.564672,0.200704,1.935840
1429,traditional,0.172736,1.583104,0.200704,1.956544
1430,traditional,0.190592,1.631232,0.200704,2.022528
1431,traditional,0.162592,1.604608,0.206848,1.974048
1432,traditional,0.164256,1.571840,0.199680,1.935776
1433,traditional,0.188448,1.576960,0.200704,1.966112
1434,traditional,0.169216,1.612800,0.200704,1.982720
1435,traditional,0.165184,1.577984,0.200704,1.943872
1436,traditional,0.167680,1.588224,0.203776,1.959680
1437,traditional,0.171168,1.563648,0.200704,1.935520
1438,traditional,0.162464,1.571840,0.200704,1.935008
1439,traditional,0.161440,1.579008,0.199680,1.940128
1440,traditional,0.167392,1.579008,0.200704,1.947104
1441,traditional,0.161600,1.592320,0.200704,1.954624
1442,traditional,0.163040,1.566720,0.202752,1.932512
1443,traditional,0.162976,1.574912,0.202752,1.940640
1444,traditional,0.163616,1.588224,0.202752,1.954592
1445,traditional,0.164320,1.601536,0.200704,1.966560
1446,traditional,0.162464,1.564672,0.200704,1.927840
1447,traditional,0.179488,1.575936,0.200704,1.956128
1448,traditional,0.175616,1.628160,0.200704,2.004480
1449,traditional,0.162144,1.574912,0.200704,1.937760
1450,traditional,0.167232,1.594368,0.200704,1.962304
1451,traditional,0.168128,1.576960,0.200704,1.945792
1452,traditional,0.162336,1.643520,0.200704,2.006560
1453,traditional,0.165632,1.576960,0.200704,1.943296
1454,traditional,0.166592,1.570816,0.200704,1.938112
1455,traditional,0.165824,1.615872,0.204800,1.986496
1456,traditional,0.164544,1.602560,0.203776,1.970880
1457,traditional,0.166656,1.628160,0.207872,2.002688
1458,traditional,0.166048,1.619968,0.203776,1.989792
1459,traditional,0.169216,1.624064,0.204800,1.998080
1460,traditional,0.166400,1.620992,0.205824,1.993216
1461,traditional,0.173344,1.630208,0.205824,2.009376
1462,traditional,0.177536,1.638400,0.205824,2.021760
1463,traditional,0.166208,1.604608,0.206848,1.977664
1464,traditional,0.166784,1.618944,0.216064,2.001792
1465,traditional,0.178400,1.654784,0.205824,2.039008
1466,traditional,0.172960,1.638400,0.209920,2.021280
1467,traditional,0.170752,1.639424,0.211968,2.022144
1468,traditional,0.169120,1.683456,0.428032,2.280608
1469,traditional,0.191744,1.693696,0.209920,2.095360
1470,traditional,0.185952,1.682432,0.209920,2.078304
1471,traditional,0.170624,1.660928,0.212992,2.044544
1472,traditional,0.179456,1.668096,0.221184,2.068736
1473,traditional,0.193696,1.691648,0.212992,2.098336
1474,traditional,0.197088,1.689600,0.212992,2.099680
1475,traditional,0.197056,1.707008,0.211968,2.116032
1476,traditional,0.179968,1.690624,0.209920,2.080512
1477,traditional,0.188512,1.689600,0.210944,2.089056
1478,traditional,0.196256,1.684480,0.433152,2.313888
1479,traditional,0.184576,1.722368,0.221184,2.128128
1480,traditional,0.172096,1.677312,0.212992,2.062400
1481,traditional,0.172384,1.675264,0.212992,2.060640
1482,traditional,0.177088,1.665024,0.212992,2.055104
1483,traditional,0.171264,1.678336,0.212992,2.062592
1484,traditional,0.172992,1.679360,0.215040,2.067392
1485,traditional,0.174528,1.664000,0.218112,2.056640
1486,traditional,0.172256,1.667072,0.212992,2.052320
1487,traditional,0.172800,1.675264,0.212992,2.061056
1488,traditional,0.180192,1.678336,0.212992,2.071520
1489,traditional,0.186848,1.727488,0.212992,2.127328
1490,traditional,0.176960,1.671168,0.214016,2.062144
1491,traditional,0.178368,1.732608,0.214016,2.124992
1492,traditional,0.175072,1.699840,0.428032,2.302944
1493,traditional,0.188608,1.693696,0.215040,2.097344
1494,traditional,0.177536,1.709056,0.219136,2.105728
1495,traditional,0.173952,1.692672,0.214016,2.080640
1496,traditional,0.184928,1.671168,0.214016,2.070112
1497,traditional,0.177696,1.694720,0.214016,2.086432
1498,traditional,0.181216,1.717248,0.214016,2.112480
1499,traditional,0.171840,1.667072,0.212992,2.051904
1500,traditional,0.177792,1.689600,0.214016,2.081408
1501,traditional,0.171744,1.683456,0.212992,2.068192
1502,traditional,0.182240,1.720320,0.212992,2.115552
1503,traditional,0.173184,1.695744,0.212992,2.081920
1504,traditional,0.170304,1.653760,0.211968,2.036032
1505,traditional,0.169152,1.667072,0.211968,2.048192
1506,traditional,0.174528,1.668096,0.211968,2.054592
1507,traditional,0.186880,1.673216,0.210944,2.071040
1508,traditional,0.171744,1.687552,0.427008,2.286304
1509,traditional,0.183200,1.680384,0.208896,2.072480
1510,traditional,0.168928,1.636352,0.208896,2.014176
1511,traditional,0.173248,1.638400,0.209920,2.021568
1512,traditional,0.184736,1.696768,0.208896,2.090400
1513,traditional,0.179360,1.647616,0.209920,2.036896
1514,traditional,0.176576,1.671168,0.212992,2.060736
1515,traditional,0.175360,1.710080,0.211968,2.097408
1516,traditional,0.172928,1.668096,0.212992,2.054016
1517,traditional,0.172384,1.667072,0.212992,2.052448
1518,traditional,0.183392,1.716224,0.441344,2.340960
1519,traditional,0.180800,1.693696,0.212992,2.087488
1520,traditional,0.173536,1.628160,0.201728,2.003424
1521,traditional,0.163328,1.630208,0.201728,1.995264
1522,traditional,0.168224,1.587200,0.201728,1.957152
1523,traditional,0.166112,1.599488,0.201728,1.967328
1524,traditional,0.182624,1.623040,0.204800,2.010464
1525,traditional,0.178560,1.635328,0.201728,2.015616
1526,traditional,0.186528,1.612800,0.201728,2.001056
1527,traditional,0.190496,1.605632,0.211968,2.008096
1528,traditional,0.165280,1.574912,0.200704,1.940896
1529,traditional,0.188192,1.586176,0.200704,1.975072
1530,traditional,0.175776,1.586176,0.199680,1.961632
1531,traditional,0.176544,1.606656,0.200704,1.983904
1532,traditional,0.172992,1.583104,0.199680,1.955776
1533,traditional,0.164032,1.576960,0.199680,1.940672
1534,traditional,0.164320,1.584128,0.202752,1.951200
1535,traditional,0.161824,1.594368,0.200704,1.956896
1536,traditional,0.180896,1.622016,0.199680,2.002592
1537,traditional,0.165696,2.253824,0.378880,2.798400
1538,traditional,0.296160,3.330048,0.201728,3.827936
1539,traditional,0.171520,2.156544,0.201728,2.529792
1540,traditional,0.187680,1.820672,0.204800,2.213152
1541,traditional,0.167168,1.594368,0.204800,1.966336
1542,traditional,0.162656,1.595392,0.199680,1.957728
1543,traditional,0.194944,1.568768,0.207872,1.971584
1544,traditional,0.162592,1.568768,0.200704,1.932064
1545,traditional,0.180128,1.603584,0.204800,1.988512
1546,traditional,0.167840,1.618944,0.203776,1.990560
1547,traditional,0.164608,1.637376,0.204800,2.006784
1548,traditional,0.166880,1.592320,0.204800,1.964000
1549,traditional,0.176800,1.607680,0.203776,1.988256
1550,traditional,0.173536,1.613824,0.203776,1.991136
1551,traditional,0.163008,1.571840,0.201728,1.936576
1552,traditional,0.165056,1.598464,0.200704,1.964224
1553,traditional,0.162720,1.559552,0.202752,1.925024
1554,traditional,0.166528,1.595392,0.202752,1.964672
1555,traditional,0.161952,1.608704,0.201728,1.972384
1556,traditional,0.172384,1.583104,0.201728,1.957216
1557,traditional,0.188736,1.606656,0.201728,1.997120
1558,traditional,0.162816,1.611776,0.201728,1.976320
1559,traditional,0.180544,1.632256,0.410624,2.223424
1560,traditional,0.167392,1.576960,0.199680,1.944032
1561,traditional,0.165760,1.591296,0.200704,1.957760
1562,traditional,0.163904,1.601536,0.199680,1.965120
1563,traditional,0.162752,1.585152,0.202752,1.950656
1564,traditional,0.168992,1.561600,0.200704,1.931296
1565,traditional,0.178432,1.615872,0.200704,1.995008
1566,traditional,0.169888,1.577984,0.200704,1.948576
1567,traditional,0.193696,1.571840,0.200704,1.966240
1568,traditional,0.164576,1.563648,0.200704,1.928928
1569,traditional,0.164192,1.573888,0.199680,1.937760
1570,traditional,0.166272,1.554432,0.200704,1.921408
1571,traditional,0.166176,1.608704,0.199680,1.974560
1572,traditional,0.175360,1.554432,0.200704,1.930496
1573,traditional,0.168576,1.570816,0.199680,1.939072
1574,traditional,0.164896,1.553408,0.200704,1.919008
1575,traditional,0.173472,1.575936,0.201728,1.951136
1576,traditional,0.176416,1.787904,0.379904,2.344224
1577,traditional,0.308992,2.906112,0.199680,3.414784
1578,traditional,0.162688,1.818624,0.203776,2.185088
1579,traditional,0.180416,2.577408,0.434176,3.192000
1580,traditional,0.344544,3.252224,0.230400,3.827168
1581,traditional,0.181216,2.398208,0.231424,2.810848
1582,traditional,0.199872,2.013184,0.233472,2.446528
1583,traditional,0.184736,1.992704,0.230400,2.407840
1584,traditional,0.198144,1.996800,0.233472,2.428416
1585,traditional,0.198208,1.835008,0.249856,2.283072
1586,traditional,0.192160,1.854464,0.238592,2.285216
1587,traditional,0.204576,1.856512,0.238592,2.299680
1588,traditional,0.206240,1.881088,0.238592,2.325920
1589,traditional,0.205536,1.862656,0.238592,2.306784
1590,traditional,0.219520,1.872896,0.238592,2.331008
1591,traditional,0.206368,1.862656,0.241664,2.310688
1592,traditional,0.205248,1.841152,0.234496,2.280896
1593,traditional,0.207040,1.862656,0.235520,2.305216
1594,traditional,0.216288,1.836032,0.235520,2.287840
1595,traditional,0.211264,1.897472,0.235520,2.344256
1596,traditional,0.195808,1.828864,0.231424,2.256096
1597,traditional,0.201088,1.832960,0.232448,2.266496
1598,traditional,0.202368,1.842176,0.232448,2.276992
1599,traditional,0.203488,1.894400,0.230400,2.328288
1600,traditional,0.199712,1.843200,0.231424,2.274336
1601,traditional,0.191936,1.807360,0.231424,2.230720
1602,traditional,0.196128,1.808384,0.232448,2.236960
1603,traditional,0.184960,1.820672,0.230400,2.236032
1604,traditional,0.187968,1.814528,0.231424,2.233920
1605,traditional,0.195232,1.855488,0.230400,2.281120
1606,traditional,0.185920,1.833984,0.230400,2.250304
1607,traditional,0.200768,1.846272,0.230400,2.277440
1608,traditional,0.210848,1.901568,0.234496,2.346912
1609,traditional,0.200224,1.830912,0.231424,2.262560
1610,traditional,0.192416,1.874944,0.227328,2.294688
1611,traditional,0.197216,1.799168,0.227328,2.223712
1612,traditional,0.201152,1.784832,0.227328,2.213312
1613,traditional,0.200736,1.808384,0.228352,2.237472
1614,traditional,0.194208,1.796096,0.228352,2.218656
1615,traditional,0.194752,1.822720,0.228352,2.245824
1616,traditional,0.185536,1.803264,0.227328,2.216128
1617,traditional,0.197344,1.800192,0.227328,2.224864
1618,traditional,0.199936,1.831936,0.228352,2.260224
1619,traditional,0.194016,2.082816,0.235520,2.512352
1620,traditional,0.208512,1.847296,0.228352,2.284160
1621,traditional,0.169440,1.600512,0.198656,1.968608
1622,traditional,0.170656,1.603584,0.198656,1.972896
1623,traditional,0.162368,1.667072,0.198656,2.028096
1624,traditional,0.189056,1.575936,0.198656,1.963648
1625,traditional,0.166336,1.595392,0.198656,1.960384
1626,traditional,0.162208,1.567744,0.198656,1.928608
1627,traditional,0.162784,1.644544,0.202752,2.010080
1628,traditional,0.162464,1.583104,0.198656,1.944224
1629,traditional,0.164160,1.557504,0.198656,1.920320
1630,traditional,0.162368,1.567744,0.198656,1.928768
1631,traditional,0.170720,1.605632,0.198656,1.975008
1632,traditional,0.162528,1.591296,0.198656,1.952480
1633,traditional,0.162304,1.566720,0.198656,1.927680
1634,traditional,0.163136,1.607680,0.198656,1.969472
1635,traditional,0.179360,1.586176,0.198656,1.964192
1636,traditional,0.167392,1.589248,0.202752,1.959392
1637,traditional,0.164160,1.553408,0.199680,1.917248
1638,traditional,0.160288,1.548288,0.199680,1.908256
1639,traditional,0.188832,1.566720,0.198656,1.954208
1640,traditional,0.163936,1.577984,0.200704,1.942624
1641,traditional,0.163968,1.552384,0.198656,1.915008
1642,traditional,0.160768,1.555456,0.199680,1.915904
1643,traditional,0.165600,1.558528,0.199680,1.923808
1644,traditional,0.165600,1.565696,0.199680,1.930976
1645,traditional,0.203392,1.607680,0.199680,2.010752
1646,traditional,0.161568,1.569792,0.198656,1.930016
1647,traditional,0.163648,1.551360,0.198656,1.913664
1648,traditional,0.161664,1.558528,0.199680,1.919872
1649,traditional,0.160832,1.567744,0.199680,1.928256
1650,traditional,0.163648,1.560576,0.199680,1.923904
1651,traditional,0.161504,1.565696,0.199680,1.926880
1652,traditional,0.161984,1.579008,0.199680,1.940672
1653,traditional,0.175200,1.594368,0.199680,1.969248
1654,traditional,0.184320,1.616896,0.199680,2.000896
1655,traditional,0.165760,1.586176,0.199680,1.951616
1656,traditional,0.160928,1.580032,0.199680,1.940640
1657,traditional,0.163488,1.552384,0.199680,1.915552
1658,traditional,0.166752,1.569792,0.199680,1.936224
1659,traditional,0.164736,1.608704,0.199680,1.973120
1660,traditional,0.160544,1.583104,0.199680,1.943328
1661,traditional,0.161376,1.562624,0.199680,1.923680
1662,traditional,0.164800,1.550336,0.200704,1.915840
1663,traditional,0.162592,1.599488,0.199680,1.961760
1664,traditional,0.162464,1.570816,0.199680,1.932960
1665,traditional,0.165120,1.556480,0.198656,1.920256
1666,traditional,0.179744,1.588224,0.200704,1.968672
1667,traditional,0.203008,1.583104,0.199680,1.985792
1668,traditional,0.161344,1.579008,0.199680,1.940032
1669,traditional,0.172192,1.576960,0.200704,1.949856
1670,traditional,0.165600,1.599488,0.199680,1.964768
1671,traditional,0.187520,1.582080,0.199680,1.969280
1672,traditional,0.175520,1.567744,0.199680,1.942944
1673,traditional,0.162528,1.569792,0.199680,1.932000
1674,traditional,0.176032,1.589248,0.199680,1.964960
1675,traditional,0.163712,1.569792,0.199680,1.933184
1676,traditional,0.163040,1.557504,0.199680,1.920224
1677,traditional,0.162400,1.620992,0.199680,1.983072
1678,traditional,0.161088,1.586176,0.221184,1.968448
1679,traditional,0.165600,1.563648,0.199680,1.928928
1680,traditional,0.163008,1.597440,0.200704,1.961152
1681,traditional,0.161888,1.584128,0.199680,1.945696
1682,traditional,0.165632,1.574912,0.199680,1.940224
1683,traditional,0.161312,1.609728,0.199680,1.970720
1684,traditional,0.160640,1.556480,0.199680,1.916800
1685,traditional,0.176192,1.565696,0.200704,1.942592
1686,traditional,0.178656,1.602560,0.199680,1.980896
1687,traditional,0.172928,1.575936,0.199680,1.948544
1688,traditional,0.178496,1.579008,0.199680,1.957184
1689,traditional,0.169312,1.589248,0.200704,1.959264
1690,traditional,0.165280,1.588224,0.199680,1.953184
1691,traditional,0.202464,1.568768,0.199680,1.970912
1692,traditional,0.175040,1.584128,0.199680,1.958848
1693,traditional,0.167840,1.584128,0.199680,1.951648
1694,traditional,0.165056,1.568768,0.199680,1.933504
1695,traditional,0.191488,1.570816,0.199680,1.961984
1696,traditional,0.173184,1.563648,0.199680,1.936512
1697,traditional,0.162368,1.619968,0.199680,1.982016
1698,traditional,0.162944,1.574912,0.201728,1.939584
1699,traditional,0.173440,1.609728,0.211968,1.995136
1700,traditional,0.164992,1.573888,0.199680,1.938560
1701,traditional,0.170496,1.597440,0.199680,1.967616
1702,traditional,0.164672,1.594368,0.199680,1.958720
1703,traditional,0.166016,1.554432,0.199680,1.920128
1704,traditional,0.161760,1.584128,0.200704,1.946592
1705,traditional,0.162304,1.577984,0.199680,1.939968
1706,traditional,0.173984,1.608704,0.199680,1.982368
1707,traditional,0.175936,1.592320,0.199680,1.967936
1708,traditional,0.176448,1.628160,0.199680,2.004288
1709,traditional,0.188928,1.603584,0.199680,1.992192
1710,traditional,0.166368,1.571840,0.199680,1.937888
1711,traditional,0.166112,1.576960,0.198656,1.941728
1712,traditional,0.171168,1.598464,0.199680,1.969312
1713,traditional,0.160640,1.594368,0.199680,1.954688
1714,traditional,0.164832,1.579008,0.199680,1.943520
1715,traditional,0.187296,1.599488,0.199680,1.986464
1716,traditional,0.162144,1.597440,0.199680,1.959264
1717,traditional,0.162688,1.619968,0.199680,1.982336
1718,traditional,0.172608,1.584128,0.203776,1.960512
1719,traditional,0.161248,1.601536,0.199680,1.962464
1720,traditional,0.179872,1.581056,0.199680,1.960608
1721,traditional,0.170016,1.573888,0.199680,1.943584
1722,traditional,0.162688,1.588224,0.202752,1.953664
1723,traditional,0.173760,1.567744,0.200704,1.942208
1724,traditional,0.162016,1.597440,0.199680,1.959136
1725,traditional,0.160800,1.579008,0.199680,1.939488
1726,traditional,0.160608,1.596416,0.199680,1.956704
1727,traditional,0.172000,1.603584,0.199680,1.975264
1728,traditional,0.186432,1.581056,0.199680,1.967168
1729,traditional,0.161280,1.604608,0.199680,1.965568
1730,traditional,0.189504,1.606656,0.199680,1.995840
1731,traditional,0.162016,1.577984,0.199680,1.939680
1732,traditional,0.162272,1.628160,0.199680,1.990112
1733,traditional,0.164544,1.568768,0.199680,1.932992
1734,traditional,0.175552,1.595392,0.199680,1.970624
1735,traditional,0.160640,1.556480,0.200704,1.917824
1736,traditional,0.161792,1.588224,0.199680,1.949696
1737,traditional,0.160096,1.575936,0.199680,1.935712
1738,traditional,0.162176,1.605632,0.199680,1.967488
1739,traditional,0.163424,1.568768,0.199680,1.931872
1740,traditional,0.160416,1.585152,0.199680,1.945248
1741,traditional,0.165504,1.574912,0.199680,1.940096
1742,traditional,0.162976,1.567744,0.199680,1.930400
1743,traditional,0.162208,1.581056,0.199680,1.942944
1744,traditional,0.161536,1.571840,0.203776,1.937152
1745,traditional,0.173632,1.584128,0.199680,1.957440
1746,traditional,0.173696,1.590272,0.199680,1.963648
1747,traditional,0.163840,1.583104,0.199680,1.946624
1748,traditional,0.170560,1.600512,0.199680,1.970752
1749,traditional,0.174368,1.563648,0.199680,1.937696
1750,traditional,0.172928,1.579008,0.199680,1.951616
1751,traditional,0.171392,1.588224,0.199680,1.959296
1752,traditional,0.163104,1.575936,0.200704,1.939744
1753,traditional,0.161312,1.559552,0.199680,1.920544
1754,traditional,0.163136,1.580032,0.202752,1.945920
1755,traditional,0.162496,1.615872,0.199680,1.978048
1756,traditional,0.160896,1.579008,0.199680,1.939584
1757,traditional,0.161376,1.583104,0.199680,1.944160
1758,traditional,0.161856,1.629184,0.199680,1.990720
1759,traditional,0.164032,1.558528,0.199680,1.922240
1760,traditional,0.167008,1.570816,0.204800,1.942624
1761,traditional,0.162336,1.572864,0.199680,1.934880
1762,traditional,0.161920,1.603584,0.199680,1.965184
1763,traditional,0.161888,1.573888,0.202752,1.938528
1764,traditional,0.159520,1.585152,0.199680,1.944352
1765,traditional,0.161536,1.613824,0.198656,1.974016
1766,traditional,0.160448,1.623040,0.201728,1.985216
1767,traditional,0.160864,1.651712,0.199680,2.012256
1768,traditional,0.163712,1.626112,0.199680,1.989504
1769,traditional,0.163232,1.628160,0.199680,1.991072
1770,traditional,0.161824,1.615872,0.199680,1.977376
1771,traditional,0.161504,1.582080,0.209920,1.953504
1772,traditional,0.163008,1.619968,0.202752,1.985728
1773,traditional,0.162304,1.567744,0.199680,1.929728
1774,traditional,0.163136,1.586176,0.198656,1.947968
1775,traditional,0.160608,1.583104,0.199680,1.943392
1776,traditional,0.160768,1.608704,0.200704,1.970176
1777,traditional,0.162496,1.570816,0.199680,1.932992
1778,traditional,0.163904,1.595392,0.198656,1.957952
1779,traditional,0.162848,1.565696,0.203776,1.932320
1780,traditional,0.160800,1.550336,0.199680,1.910816
1781,traditional,0.162272,1.583104,0.199680,1.945056
1782,traditional,0.163616,1.623040,0.199680,1.986336
1783,traditional,0.162016,1.575936,0.199680,1.937632
1784,traditional,0.163040,1.557504,0.199680,1.920224
1785,traditional,0.162912,1.580032,0.199680,1.942624
1786,traditional,0.172608,1.564672,0.199680,1.936960
1787,traditional,0.162496,1.556480,0.199680,1.918656
1788,traditional,0.162656,1.549312,0.200704,1.912672
1789,traditional,0.162656,1.633280,0.199680,1.995616
1790,traditional,0.164032,1.569792,0.198656,1.932480
1791,traditional,0.162368,1.589248,0.199680,1.951296
1792,traditional,0.162240,1.554432,0.199680,1.916352
1793,traditional,0.162528,1.592320,0.199680,1.954528
1794,traditional,0.169440,1.572864,0.198656,1.940960
1795,traditional,0.162752,1.555456,0.199680,1.917888
1796,traditional,0.166272,1.563648,0.199680,1.929600
1797,traditional,0.162496,1.563648,0.198656,1.924800
1798,traditional,0.163488,1.558528,0.199680,1.921696
1799,traditional,0.162752,1.563648,0.198656,1.925056
1800,traditional,0.163872,1.562624,0.199680,1.926176
1801,traditional,0.166176,1.563648,0.199680,1.929504
1802,traditional,0.162976,1.554432,0.200704,1.918112
1803,traditional,0.174336,1.569792,0.199680,1.943808
1804,traditional,0.161632,1.563648,0.199680,1.924960
1805,traditional,0.161856,1.547264,0.199680,1.908800
1806,traditional,0.177696,1.550336,0.199680,1.927712
1807,traditional,0.161344,1.546240,0.199680,1.907264
1808,traditional,0.169376,1.583104,0.199680,1.952160
1809,traditional,0.162496,1.549312,0.198656,1.910464
1810,traditional,0.163360,1.569792,0.198656,1.931808
1811,traditional,0.161408,1.577984,0.199680,1.939072
1812,traditional,0.163104,1.582080,0.199680,1.944864
1813,traditional,0.166048,1.529856,0.202752,1.898656
1814,traditional,0.162272,1.541120,0.199680,1.903072
1815,traditional,0.162496,1.548288,0.199680,1.910464
1816,traditional,0.164320,1.545216,0.199680,1.909216
1817,traditional,0.162816,1.526784,0.198656,1.888256
1818,traditional,0.165440,1.526784,0.199680,1.891904
1819,traditional,0.163584,1.531904,0.198656,1.894144
1820,traditional,0.163968,1.531904,0.203776,1.899648
1821,traditional,0.169760,1.532928,0.198656,1.901344
1822,traditional,0.170496,1.539072,0.198656,1.908224
1823,traditional,0.165312,1.567744,0.198656,1.931712
1824,traditional,0.161792,1.539072,0.200704,1.901568
1825,traditional,0.165632,1.547264,0.199680,1.912576
1826,traditional,0.163136,1.581056,0.198656,1.942848
1827,traditional,0.162048,1.531904,0.200704,1.894656
1828,traditional,0.173952,1.541120,0.198656,1.913728
1829,traditional,0.163904,1.557504,0.199680,1.921088
1830,traditional,0.176064,1.577984,0.199680,1.953728
1831,traditional,0.175968,1.547264,0.199680,1.922912
1832,traditional,0.169472,1.569792,0.199680,1.938944
1833,traditional,0.164896,1.534976,0.199680,1.899552
1834,traditional,0.182112,1.581056,0.199680,1.962848
1835,traditional,0.165856,1.550336,0.198656,1.914848
1836,traditional,0.174624,1.561600,0.225280,1.961504
1837,traditional,0.164800,1.599488,0.199680,1.963968
1838,traditional,0.166976,1.544192,0.198656,1.909824
1839,traditional,0.170656,1.561600,0.199680,1.931936
1840,traditional,0.171264,1.589248,0.199680,1.960192
1841,traditional,0.162944,1.573888,0.199680,1.936512
1842,traditional,0.164032,1.545216,0.199680,1.908928
1843,traditional,0.163232,1.539072,0.199680,1.901984
1844,traditional,0.161856,1.539072,0.199680,1.900608
1845,traditional,0.174080,1.545216,0.198656,1.917952
1846,traditional,0.163296,1.563648,0.199680,1.926624
1847,traditional,0.160864,1.584128,0.199680,1.944672
1848,traditional,0.161504,1.563648,0.199680,1.924832
1849,traditional,0.162336,1.554432,0.198656,1.915424
1850,traditional,0.164480,1.570816,0.199680,1.934976
1851,traditional,0.161952,1.573888,0.199680,1.935520
1852,traditional,0.161632,1.567744,0.198656,1.928032
1853,traditional,0.164096,1.601536,0.199680,1.965312
1854,traditional,0.164032,1.567744,0.199680,1.931456
1855,traditional,0.163104,1.569792,0.199680,1.932576
1856,traditional,0.162560,1.558528,0.199680,1.920768
1857,traditional,0.168928,1.576960,0.199680,1.945568
1858,traditional,0.165760,1.813504,0.203776,2.183040
1859,traditional,0.162528,1.569792,0.200704,1.933024
1860,traditional,0.163808,1.586176,0.202752,1.952736
1861,traditional,0.167744,1.584128,0.199680,1.951552
1862,traditional,0.163264,1.566720,0.210944,1.940928
1863,traditional,0.163712,1.602560,0.198656,1.964928
1864,traditional,0.169120,1.566720,0.199680,1.935520
1865,traditional,0.163040,1.802240,0.202752,2.168032
1866,traditional,0.166464,1.577984,0.199680,1.944128
1867,traditional,0.161856,1.568768,0.199680,1.930304
1868,traditional,0.169568,1.561600,0.199680,1.930848
1869,traditional,0.162496,1.569792,0.199680,1.931968
1870,traditional,0.161952,1.592320,0.199680,1.953952
1871,traditional,0.162816,1.584128,0.199680,1.946624
1872,traditional,0.161504,1.569792,0.199680,1.930976
1873,traditional,0.161408,1.582080,0.199680,1.943168
1874,traditional,0.174272,1.593344,0.204800,1.972416
1875,traditional,0.164480,1.560576,0.205824,1.930880
1876,traditional,0.163904,1.572864,0.199680,1.936448
1877,traditional,0.172160,1.568768,0.198656,1.939584
1878,traditional,0.170560,1.575936,0.204800,1.951296
1879,traditional,0.166912,1.566720,0.199680,1.933312
1880,traditional,0.162240,1.557504,0.199680,1.919424
1881,traditional,0.162176,1.565696,0.200704,1.928576
1882,traditional,0.170048,1.558528,0.199680,1.928256
1883,traditional,0.172896,1.559552,0.199680,1.932128
1884,traditional,0.174464,1.558528,0.199680,1.932672
1885,traditional,0.161824,1.559552,0.198656,1.920032
1886,traditional,0.165920,1.794048,0.204800,2.164768
1887,traditional,0.164736,1.576960,0.199680,1.941376
1888,traditional,0.168384,1.574912,0.207872,1.951168
1889,traditional,0.161952,1.555456,0.199680,1.917088
1890,traditional,0.164160,1.596416,0.202752,1.963328
1891,traditional,0.161792,1.607680,0.199680,1.969152
1892,traditional,0.163392,1.557504,0.199680,1.920576
1893,traditional,0.161152,1.583104,0.203776,1.948032
1894,traditional,0.162592,1.840128,0.199680,2.202400
1895,traditional,0.170304,1.595392,0.199680,1.965376
1896,traditional,0.171872,1.602560,0.198656,1.973088
1897,traditional,0.166208,1.565696,0.199680,1.931584
1898,traditional,0.161824,1.561600,0.199680,1.923104
1899,traditional,0.161568,1.562624,0.199680,1.923872
1900,traditional,0.160928,1.559552,0.199680,1.920160
1901,traditional,0.161248,1.564672,0.199680,1.925600
1902,traditional,0.161472,1.804288,0.199680,2.165440
1903,traditional,0.160704,1.573888,0.199680,1.934272
1904,traditional,0.160192,1.558528,0.199680,1.918400
1905,traditional,0.162272,1.569792,0.199680,1.931744
1906,traditional,0.167136,1.571840,0.199680,1.938656
1907,traditional,0.161536,1.565696,0.199680,1.926912
1908,traditional,0.165344,1.570816,0.199680,1.935840
1909,traditional,0.159584,1.553408,0.199680,1.912672
1910,traditional,0.161632,1.554432,0.199680,1.915744
1911,traditional,0.167040,1.563648,0.199680,1.930368
1912,traditional,0.163808,1.575936,0.199680,1.939424
1913,traditional,0.162688,1.575936,0.199680,1.938304
1914,traditional,0.162816,1.554432,0.199680,1.916928
1915,traditional,0.163040,1.585152,0.200704,1.948896
1916,traditional,0.176512,1.552384,0.199680,1.928576
1917,traditional,0.161984,1.550336,0.199680,1.912000
1918,traditional,0.162112,1.571840,0.199680,1.933632
1919,traditional,0.176768,1.557504,0.203776,1.938048
1920,traditional,0.162496,1.552384,0.199680,1.914560
1921,traditional,0.164864,1.552384,0.199680,1.916928
1922,traditional,0.162912,1.548288,0.199680,1.910880
1923,traditional,0.167008,1.552384,0.199680,1.919072
1924,traditional,0.163520,1.551360,0.199680,1.914560
1925,traditional,0.176576,1.551360,0.200704,1.928640
1926,traditional,0.165376,1.564672,0.198656,1.928704
1927,traditional,0.166496,1.564672,0.203776,1.934944
1928,traditional,0.160576,1.559552,0.199680,1.919808
1929,traditional,0.160928,1.558528,0.199680,1.919136
1930,traditional,0.171040,1.554432,0.199680,1.925152
1931,traditional,0.175264,1.584128,0.199680,1.959072
1932,traditional,0.173216,1.587200,0.200704,1.961120
1933,traditional,0.186752,1.766400,0.200704,2.153856
1934,traditional,0.165504,1.568768,0.199680,1.933952
1935,traditional,0.183424,1.583104,0.199680,1.966208
1936,traditional,0.175392,1.581056,0.200704,1.957152
1937,traditional,0.166048,1.598464,0.199680,1.964192
1938,traditional,0.180704,1.564672,0.200704,1.946080
1939,traditional,0.177216,1.569792,0.199680,1.946688
1940,traditional,0.178144,1.894400,0.378880,2.451424
1941,traditional,0.298144,3.745792,0.200704,4.244640
1942,traditional,0.163392,1.959936,0.381952,2.505280
1943,traditional,0.182848,1.606656,0.200704,1.990208
1944,traditional,0.166112,1.846272,0.204800,2.217184
1945,traditional,0.188064,1.599488,0.199680,1.987232
1946,traditional,0.177664,1.584128,0.200704,1.962496
1947,traditional,0.174656,1.559552,0.200704,1.934912
1948,traditional,0.163808,3.185664,0.390144,3.739616
1949,traditional,0.562112,2.360320,0.206848,3.129280
1950,traditional,0.179776,2.024448,0.392192,2.596416
1951,traditional,0.181856,2.051072,0.395264,2.628192
1952,traditional,0.183968,2.062336,0.209920,2.456224
1953,traditional,0.184704,1.676288,0.205824,2.066816
1954,traditional,0.171424,1.724416,0.202752,2.098592
1955,traditional,0.180384,1.637376,0.203776,2.021536
1956,traditional,0.189504,1.636352,0.202752,2.028608
1957,traditional,0.169344,1.623040,0.203776,1.996160
1958,traditional,0.180192,1.603584,0.203776,1.987552
1959,traditional,0.188192,1.591296,0.201728,1.981216
1960,traditional,0.180064,1.630208,0.203776,2.014048
1961,traditional,0.203104,1.598464,0.201728,2.003296
1962,traditional,0.182112,1.595392,0.201728,1.979232
1963,traditional,0.181664,1.610752,0.243712,2.036128
1964,traditional,0.304832,3.118080,0.385024,3.807936
1965,traditional,0.247712,1.981440,0.390144,2.619296
1966,traditional,0.165184,2.117632,0.205824,2.488640
1967,traditional,0.181728,1.608704,0.202752,1.993184
1968,traditional,0.190304,2.599936,0.391168,3.181408
1969,traditional,0.311936,3.352576,0.209920,3.874432
1970,traditional,0.397824,2.061312,0.209920,2.669056
1971,traditional,0.170784,1.610752,0.206848,1.988384
1972,traditional,0.180928,1.641472,0.206848,2.029248
1973,traditional,0.183968,1.629184,0.205824,2.018976
1974,traditional,0.184128,2.104320,0.393216,2.681664
1975,traditional,0.590368,3.341312,0.207872,4.139552
1976,traditional,0.168096,2.490368,0.208896,2.867360
1977,traditional,0.169696,2.048000,0.394240,2.611936
1978,traditional,0.165952,1.821696,0.204800,2.192448
1979,traditional,0.169600,1.599488,0.204800,1.973888
1980,traditional,0.203552,1.639424,0.203776,2.046752
1981,traditional,0.179360,1.615872,0.204800,2.000032
1982,traditional,0.182432,1.598464,0.204800,1.985696
1983,traditional,0.191008,1.692672,0.204800,2.088480
1984,traditional,0.187584,2.391040,0.390144,2.968768
1985,traditional,0.306592,3.105792,0.204800,3.617184
1986,traditional,0.168544,2.014208,0.387072,2.569824
1987,traditional,0.200288,2.014208,0.457728,2.672224
1988,traditional,0.163808,1.847296,0.206848,2.217952
1989,traditional,0.169120,1.616896,0.203776,1.989792
1990,traditional,0.182048,1.610752,0.203776,1.996576
1991,traditional,0.186656,1.604608,0.202752,1.994016
1992,traditional,0.189248,1.626112,0.251904,2.067264
1993,traditional,0.343872,3.193856,0.388096,3.925824
1994,traditional,0.426592,2.027520,0.206848,2.660960
1995,traditional,0.170624,1.608704,0.202752,1.982080
1996,traditional,0.166080,1.592320,0.203776,1.962176
1997,traditional,0.179104,2.752512,0.388096,3.319712
1998,traditional,0.306368,3.105792,0.203776,3.615936
1999,traditional,0.376128,2.018304,0.207872,2.602304
2000,traditional,0.165952,2.008064,0.388096,2.562112
2001,traditional,0.190368,1.840128,0.203776,2.234272
2002,traditional,0.183168,1.668096,0.202752,2.054016
2003,traditional,0.191584,1.647616,0.203776,2.042976
2004,traditional,0.179936,1.591296,0.203776,1.975008
2005,traditional,0.163744,1.738752,0.387072,2.289568
2006,traditional,0.317952,3.189760,0.351232,3.858944
2007,traditional,0.172640,2.035712,0.398336,2.606688
2008,traditional,0.182112,1.873920,0.208896,2.264928
2009,traditional,0.184000,1.932288,0.211968,2.328256
2010,traditional,0.199424,2.595840,0.398336,3.193600
2011,traditional,0.318624,3.300352,0.212992,3.831968
2012,traditional,0.386560,2.078720,0.208896,2.674176
2013,traditional,0.171488,2.088960,0.209920,2.470368
2014,traditional,0.183968,1.700864,0.207872,2.092704
2015,traditional,0.170848,1.647616,0.206848,2.025312
2016,traditional,0.180320,2.054144,0.392192,2.626656
2017,traditional,0.595968,3.422208,0.210944,4.229120
2018,traditional,0.367360,2.079744,0.210944,2.658048
2019,traditional,0.186016,1.656832,0.205824,2.048672
2020,traditional,0.187808,1.678336,0.204800,2.070944
2021,traditional,0.204992,1.629184,0.204800,2.038976
2022,traditional,0.167872,1.604608,0.204800,1.977280
2023,traditional,0.175584,1.633280,0.204800,2.013664
2024,traditional,0.166656,1.608704,0.204800,1.980160
2025,traditional,0.165696,1.631232,0.203776,2.000704
2026,traditional,0.169024,1.597440,0.203776,1.970240
2027,traditional,0.176480,1.665024,0.203776,2.045280
2028,traditional,0.168928,1.585152,0.203776,1.957856
2029,traditional,0.181856,1.645568,0.420864,2.248288
2030,traditional,0.187680,1.623040,0.203776,2.014496
2031,traditional,0.165920,1.568768,0.199680,1.934368
2032,traditional,0.165152,1.570816,0.202752,1.938720
2033,traditional,0.164128,2.982912,0.379904,3.526944
2034,traditional,0.296704,2.805760,0.204800,3.307264
2035,traditional,0.166752,1.580032,0.199680,1.946464
2036,traditional,0.166560,1.648640,0.202752,2.017952
2037,traditional,0.168736,1.987584,0.208896,2.365216
2038,traditional,0.166560,1.636352,0.202752,2.005664
2039,traditional,0.165824,1.604608,0.204800,1.975232
2040,traditional,0.164032,1.631232,0.202752,1.998016
2041,traditional,0.171680,1.590272,0.203776,1.965728
2042,traditional,0.170880,1.602560,0.202752,1.976192
2043,traditional,0.165792,1.603584,0.203776,1.973152
2044,traditional,0.167904,1.894400,0.203776,2.266080
2045,traditional,0.165312,1.839104,0.206848,2.211264
2046,traditional,0.162432,1.604608,0.200704,1.967744
2047,traditional,0.171872,2.076672,0.200704,2.449248
2048,traditional,0.165568,1.557504,0.199680,1.922752
2049,traditional,0.171552,1.562624,0.199680,1.933856
2050,traditional,0.164640,1.977344,0.199680,2.341664
2051,traditional,0.162944,1.557504,0.200704,1.921152
2052,traditional,0.161664,1.616896,0.199680,1.978240
2053,traditional,0.162272,1.564672,0.199680,1.926624
2054,traditional,0.160960,1.580032,0.199680,1.940672
2055,traditional,0.171232,1.588224,0.199680,1.959136
2056,traditional,0.165056,1.565696,0.200704,1.931456
2057,traditional,0.161376,1.561600,0.199680,1.922656
2058,traditional,0.169792,1.580032,0.200704,1.950528
2059,traditional,0.161312,1.558528,0.199680,1.919520
2060,traditional,0.160640,1.557504,0.199680,1.917824
2061,traditional,0.162016,1.571840,0.200704,1.934560
2062,traditional,0.161120,1.569792,0.199680,1.930592
2063,traditional,0.162400,1.812480,0.204800,2.179680
2064,traditional,0.161696,1.582080,0.199680,1.943456
2065,traditional,0.162976,1.594368,0.200704,1.958048
2066,traditional,0.162752,1.572864,0.201728,1.937344
2067,traditional,0.164768,1.556480,0.200704,1.921952
2068,traditional,0.184768,1.563648,0.199680,1.948096
2069,traditional,0.166464,1.582080,0.201728,1.950272
2070,traditional,0.160160,1.566720,0.199680,1.926560
2071,traditional,0.233888,1.649664,0.200704,2.084256
2072,traditional,0.162560,1.573888,0.200704,1.937152
2073,traditional,0.161376,1.554432,0.200704,1.916512
2074,traditional,0.161632,1.804288,0.203776,2.169696
2075,traditional,0.161024,1.563648,0.199680,1.924352
2076,traditional,0.162656,1.561600,0.199680,1.923936
2077,traditional,0.161792,1.560576,0.200704,1.923072
2078,traditional,0.163424,1.926144,0.204800,2.294368
2079,traditional,0.164096,1.567744,0.206848,1.938688
2080,traditional,0.166112,1.609728,0.206848,1.982688
2081,traditional,0.166464,1.675264,0.206848,2.048576
2082,traditional,0.169344,1.641472,0.206848,2.017664
2083,traditional,0.175904,1.623040,0.211968,2.010912
2084,traditional,0.165408,1.646592,0.207872,2.019872
2085,traditional,0.169984,1.683456,0.207872,2.061312
2086,traditional,0.167456,1.630208,0.206848,2.004512
2087,traditional,0.171200,1.607680,0.206848,1.985728
2088,traditional,0.170976,1.622016,0.207872,2.000864
2089,traditional,0.175136,1.609728,0.206848,1.991712
2090,traditional,0.164864,1.591296,0.203776,1.959936
2091,traditional,0.166016,1.589248,0.203776,1.959040
2092,traditional,0.166528,1.595392,0.204800,1.966720
2093,traditional,0.170560,1.603584,0.204800,1.978944
2094,traditional,0.164736,1.859584,0.208896,2.233216
2095,traditional,0.167264,1.616896,0.203776,1.987936
2096,traditional,0.166624,1.613824,0.204800,1.985248
2097,traditional,0.166400,1.592320,0.203776,1.962496
2098,traditional,0.167552,1.628160,0.203776,1.999488
2099,traditional,0.182528,1.630208,0.204800,2.017536
2100,traditional,0.179776,1.625088,0.210944,2.015808
