frame,renderPath,shadowMs,sceneMs,postProcessMs,frameMs
1,traditional,0.180192,1.720320,0.221184,2.121696
2,traditional,0.186528,1.753088,0.489472,2.429088
3,traditional,0.183136,2.327552,0.221184,2.731872
4,traditional,0.182720,1.715200,0.223232,2.121152
5,traditional,0.193280,2.489344,0.229376,2.912000
6,traditional,0.194560,1.766400,0.221184,2.182144
7,traditional,0.188800,1.743872,0.221184,2.153856
8,traditional,0.194272,1.754112,0.222208,2.170592
9,traditional,0.176896,1.767424,0.222208,2.166528
10,traditional,0.186144,2.043904,0.229376,2.459424
11,traditional,0.201632,2.025472,0.226304,2.453408
12,traditional,0.208832,1.947648,0.221184,2.377664
13,traditional,0.180480,1.937408,0.221184,2.339072
14,traditional,0.179360,1.720320,0.473088,2.372768
15,traditional,0.194944,1.958912,0.225280,2.379136
16,traditional,0.176640,1.964032,0.221184,2.361856
17,traditional,0.189696,1.721344,0.233472,2.144512
18,traditional,0.180416,1.729536,0.221184,2.131136
19,traditional,0.176512,1.995776,0.225280,2.397568
20,traditional,0.177152,1.709056,0.222208,2.108416
21,traditional,0.177376,1.731584,0.221184,2.130144
22,traditional,0.174688,1.728512,0.221184,2.124384
23,traditional,0.192320,1.722368,0.222208,2.136896
24,traditional,0.187200,1.740800,0.241664,2.169664
25,traditional,0.196448,1.780736,0.221184,2.198368
26,traditional,0.184128,1.723392,0.221184,2.128704
27,traditional,0.201856,1.734656,0.221184,2.157696
28,traditional,0.194880,1.715200,0.222208,2.132288
29,traditional,0.181664,1.714176,0.221184,2.117024
30,traditional,0.177888,1.725440,0.221184,2.124512
31,traditional,0.202400,1.711104,0.221184,2.134688
32,traditional,0.207808,1.778688,0.221184,2.207680
33,traditional,0.195712,1.717248,0.221184,2.134144
34,traditional,0.185248,1.760256,0.238592,2.184096
35,traditional,0.176096,1.703936,0.221184,2.101216
36,traditional,0.176192,1.712128,0.221184,2.109504
37,traditional,0.188640,1.726464,0.410624,2.325728
38,traditional,0.193888,2.068480,0.231424,2.493792
39,traditional,0.177568,1.730560,0.221184,2.129312
40,traditional,0.179040,1.726464,0.221184,2.126688
41,traditional,0.196384,1.731584,0.221184,2.149152
42,traditional,0.181408,1.712128,0.221184,2.114720
43,traditional,0.192832,1.742848,0.221184,2.156864
44,traditional,0.177056,1.707008,0.221184,2.105248
45,traditional,0.176384,1.726464,0.222208,2.125056
46,traditional,0.189376,2.001920,0.249856,2.441152
47,traditional,0.176800,1.702912,0.221184,2.100896
48,traditional,0.180064,1.720320,0.221184,2.121568
49,traditional,0.176544,1.724416,0.221184,2.122144
50,traditional,0.178144,1.732608,0.221184,2.131936
51,traditional,0.175712,1.707008,0.221184,2.103904
52,traditional,0.191808,1.713152,0.222208,2.127168
53,traditional,0.175936,1.705984,0.221184,2.103104
54,traditional,0.179232,1.703936,0.221184,2.104352
55,traditional,0.175808,1.780736,0.458752,2.415296
56,traditional,0.175936,1.733632,0.222208,2.131776
57,traditional,0.179488,1.730560,0.221184,2.131232
58,traditional,0.176480,1.713152,0.222208,2.111840
59,traditional,0.180960,1.742848,0.221184,2.144992
60,traditional,0.182912,1.714176,0.232448,2.129536
61,traditional,0.176480,1.710080,0.221184,2.107744
62,traditional,0.177504,1.701888,0.222208,2.101600
63,traditional,0.176192,1.720320,0.222208,2.118720
64,traditional,0.204768,1.995776,0.222208,2.422752
65,traditional,0.183744,1.716224,0.221184,2.121152
66,traditional,0.175168,1.723392,0.221184,2.119744
67,traditional,0.182848,1.709056,0.221184,2.113088
68,traditional,0.189472,1.735680,0.221184,2.146336
69,traditional,0.180928,1.722368,0.221184,2.124480
70,traditional,0.189824,1.730560,0.222208,2.142592
71,traditional,0.177248,1.732608,0.221184,2.131040
72,traditional,0.176640,1.745920,0.222208,2.144768
73,traditional,0.189472,1.758208,0.221184,2.168864
74,traditional,0.190784,1.746944,0.225280,2.163008
75,traditional,0.180544,1.715200,0.222208,2.117952
76,traditional,0.188160,1.745920,0.221184,2.155264
77,traditional,0.178240,1.552384,0.199680,1.930304
78,traditional,0.168352,1.547264,0.198656,1.914272
79,traditional,0.165600,1.548288,0.197632,1.911520
80,traditional,0.159616,2.004992,0.198656,2.363264
81,traditional,0.167200,1.533952,0.198656,1.899808
82,traditional,0.159360,1.545216,0.198656,1.903232
83,traditional,0.179360,1.558528,0.198656,1.936544
84,traditional,0.182720,1.577984,0.200704,1.961408
85,traditional,0.161152,1.567744,0.201728,1.930624
86,traditional,0.164480,1.532928,0.198656,1.896064
87,traditional,0.165568,1.575936,0.199680,1.941184
88,traditional,0.159520,1.519616,0.200704,1.879840
89,traditional,0.161600,1.538048,0.198656,1.898304
90,traditional,0.159072,1.526784,0.205824,1.891680
91,traditional,0.162400,1.547264,0.198656,1.908320
92,traditional,0.159488,1.548288,0.199680,1.907456
93,traditional,0.160416,1.530880,0.198656,1.889952
94,traditional,0.160288,1.531904,0.199680,1.891872
95,traditional,0.169696,1.533952,0.198656,1.902304
96,traditional,0.158560,1.555456,0.198656,1.912672
97,traditional,0.159200,1.821696,0.204800,2.185696
98,traditional,0.163808,1.583104,0.198656,1.945568
99,traditional,0.172416,1.559552,0.199680,1.931648
100,traditional,0.160288,1.554432,0.198656,1.913376
101,traditional,0.162592,1.538048,0.198656,1.899296
102,traditional,0.172320,1.568768,0.198656,1.939744
103,traditional,0.167392,1.558528,0.197632,1.923552
104,traditional,0.164736,1.580032,0.198656,1.943424
105,traditional,0.161024,1.581056,0.198656,1.940736
106,traditional,0.162080,1.525760,0.198656,1.886496
107,traditional,0.165536,1.544192,0.199680,1.909408
108,traditional,0.162976,1.544192,0.198656,1.905824
109,traditional,0.167424,1.525760,0.203776,1.896960
110,traditional,0.160128,1.526784,0.201728,1.888640
111,traditional,0.166176,1.537024,0.198656,1.901856
112,traditional,0.165440,1.553408,0.198656,1.917504
113,traditional,0.160544,1.551360,0.198656,1.910560
114,traditional,0.160480,1.588224,0.204800,1.953504
115,traditional,0.163040,1.545216,0.198656,1.906912
116,traditional,0.163360,1.549312,0.199680,1.912352
117,traditional,0.160288,1.556480,0.198656,1.915424
118,traditional,0.160224,1.557504,0.199680,1.917408
119,traditional,0.160032,1.526784,0.198656,1.885472
120,traditional,0.160608,1.565696,0.199680,1.925984
121,traditional,0.161312,1.558528,0.199680,1.919520
122,traditional,0.162112,1.574912,0.199680,1.936704
123,traditional,0.165984,1.548288,0.198656,1.912928
124,traditional,0.159648,1.546240,0.204800,1.910688
125,traditional,0.164000,1.536000,0.198656,1.898656
126,traditional,0.160864,1.525760,0.198656,1.885280
127,traditional,0.167072,1.552384,0.198656,1.918112
128,traditional,0.164864,1.526784,0.198656,1.890304
129,traditional,0.161408,1.542144,0.199680,1.903232
130,traditional,0.163168,1.544192,0.199680,1.907040
131,traditional,0.162080,1.545216,0.199680,1.906976
132,traditional,0.163168,1.551360,0.199680,1.914208
133,traditional,0.161664,1.526784,0.199680,1.888128
134,traditional,0.161920,1.565696,0.199680,1.927296
135,traditional,0.161984,1.552384,0.199680,1.914048
136,traditional,0.160384,1.544192,0.199680,1.904256
137,traditional,0.163552,1.556480,0.198656,1.918688
138,traditional,0.160352,1.521664,0.198656,1.880672
139,traditional,0.167904,1.549312,0.199680,1.916896
140,traditional,0.160704,1.561600,0.199680,1.921984
141,traditional,0.160576,1.530880,0.199680,1.891136
142,traditional,0.163712,1.560576,0.198656,1.922944
143,traditional,0.163808,1.570816,0.199680,1.934304
144,traditional,0.161728,1.555456,0.198656,1.915840
145,traditional,0.161568,1.534976,0.199680,1.896224
146,traditional,0.161856,1.557504,0.199680,1.919040
147,traditional,0.158848,1.539072,0.199680,1.897600
148,traditional,0.188192,1.542144,0.198656,1.928992
149,traditional,0.191744,1.524736,0.199680,1.916160
150,traditional,0.159488,1.545216,0.199680,1.904384
151,traditional,0.161504,1.555456,0.199680,1.916640
152,traditional,0.167456,1.533952,0.199680,1.901088
153,traditional,0.162368,1.521664,0.199680,1.883712
154,traditional,0.158496,1.521664,0.198656,1.878816
155,traditional,0.160864,1.537024,0.198656,1.896544
156,traditional,0.162464,1.536000,0.199680,1.898144
157,traditional,0.159840,1.830912,0.205824,2.196576
158,traditional,0.165280,1.544192,0.199680,1.909152
159,traditional,0.160096,1.546240,0.198656,1.904992
160,traditional,0.162080,1.536000,0.198656,1.896736
161,traditional,0.183680,1.527808,0.199680,1.911168
162,traditional,0.160256,1.544192,0.198656,1.903104
163,traditional,0.161152,1.547264,0.203776,1.912192
164,traditional,0.163520,1.553408,0.198656,1.915584
165,traditional,0.163232,1.533952,0.198656,1.895840
166,traditional,0.163840,1.793024,0.203776,2.160640
167,traditional,0.166880,1.540096,0.199680,1.906656
168,traditional,0.165600,1.554432,0.198656,1.918688
169,traditional,0.160992,1.556480,0.199680,1.917152
170,traditional,0.165376,1.531904,0.199680,1.896960
171,traditional,0.161408,1.537024,0.211968,1.910400
172,traditional,0.159360,1.524736,0.199680,1.883776
173,traditional,0.176896,1.542144,0.199680,1.918720
174,traditional,0.162848,1.802240,0.202752,2.167840
175,traditional,0.164448,1.548288,0.199680,1.912416
176,traditional,0.164000,1.532928,0.198656,1.895584
177,traditional,0.160576,1.559552,0.199680,1.919808
178,traditional,0.163008,1.534976,0.199680,1.897664
179,traditional,0.164480,1.532928,0.198656,1.896064
180,traditional,0.160096,1.595392,0.199680,1.955168
181,traditional,0.177600,1.736704,0.199680,2.113984
182,traditional,0.159424,1.529856,0.199680,1.888960
183,traditional,0.162304,1.527808,0.199680,1.889792
184,traditional,0.161824,1.521664,0.198656,1.882144
185,traditional,0.159904,1.530880,0.199680,1.890464
186,traditional,0.163392,1.525760,0.198656,1.887808
187,traditional,0.160256,1.543168,0.199680,1.903104
188,traditional,0.162016,1.552384,0.199680,1.914080
189,traditional,0.160032,1.525760,0.199680,1.885472
190,traditional,0.161376,1.567744,0.199680,1.928800
191,traditional,0.165376,1.549312,0.199680,1.914368
192,traditional,0.160832,1.524736,0.198656,1.884224
193,traditional,0.160192,1.538048,0.199680,1.897920
194,traditional,0.160128,1.541120,0.199680,1.900928
195,traditional,0.164864,1.529856,0.198656,1.893376
196,traditional,0.162880,1.548288,0.199680,1.910848
197,traditional,0.160608,1.526784,0.199680,1.887072
198,traditional,0.161536,1.557504,0.198656,1.917696
199,traditional,0.161536,1.551360,0.207872,1.920768
200,traditional,0.169376,1.574912,0.204800,1.949088
201,traditional,0.164384,1.551360,0.199680,1.915424
202,traditional,0.172960,1.539072,0.199680,1.911712
203,traditional,0.161728,1.555456,0.198656,1.915840
204,traditional,0.163872,1.571840,0.199680,1.935392
205,traditional,0.161504,1.523712,0.199680,1.884896
206,traditional,0.159680,1.543168,0.199680,1.902528
207,traditional,0.161312,1.526784,0.199680,1.887776
208,traditional,0.161216,1.559552,0.199680,1.920448
209,traditional,0.160352,1.542144,0.199680,1.902176
210,traditional,0.161632,1.611776,0.198656,1.972064
211,traditional,0.168096,1.559552,0.198656,1.926304
212,traditional,0.159968,1.854464,0.207872,2.222304
213,traditional,0.160800,1.560576,0.199680,1.921056
214,traditional,0.160768,1.540096,0.204800,1.905664
215,traditional,0.165536,1.532928,0.198656,1.897120
216,traditional,0.161920,1.562624,0.199680,1.924224
217,traditional,0.165152,1.525760,0.198656,1.889568
218,traditional,0.174176,1.537024,0.200704,1.911904
219,traditional,0.163360,1.555456,0.199680,1.918496
220,traditional,0.162528,1.524736,0.199680,1.886944
221,traditional,0.182688,1.545216,0.199680,1.927584
222,traditional,0.172416,1.543168,0.199680,1.915264
223,traditional,0.165824,1.528832,0.200704,1.895360
224,traditional,0.160032,1.555456,0.199680,1.915168
225,traditional,0.163808,1.554432,0.199680,1.917920
226,traditional,0.162016,1.576960,0.199680,1.938656
227,traditional,0.162912,1.526784,0.198656,1.888352
228,traditional,0.165248,1.585152,0.198656,1.949056
229,traditional,0.160000,1.563648,0.202752,1.926400
230,traditional,0.160576,1.565696,0.198656,1.924928
231,traditional,0.169504,1.586176,0.205824,1.961504
232,traditional,0.161120,1.567744,0.199680,1.928544
233,traditional,0.161568,1.529856,0.200704,1.892128
234,traditional,0.160832,1.550336,0.199680,1.910848
235,traditional,0.166560,1.556480,0.199680,1.922720
236,traditional,0.162592,1.533952,0.199680,1.896224
237,traditional,0.160544,1.546240,0.198656,1.905440
238,traditional,0.184288,1.577984,0.199680,1.961952
239,traditional,0.160128,1.560576,0.199680,1.920384
240,traditional,0.161088,1.587200,0.199680,1.947968
241,traditional,0.160928,1.549312,0.204800,1.915040
242,traditional,0.167424,1.523712,0.199680,1.890816
243,traditional,0.161568,1.537024,0.209920,1.908512
244,traditional,0.165856,1.536000,0.199680,1.901536
245,traditional,0.160096,1.542144,0.199680,1.901920
246,traditional,0.161280,1.541120,0.199680,1.902080
247,traditional,0.160320,1.554432,0.199680,1.914432
248,traditional,0.165280,1.539072,0.199680,1.904032
249,traditional,0.166176,1.539072,0.199680,1.904928
250,traditional,0.166336,1.555456,0.199680,1.921472
251,traditional,0.162272,1.562624,0.200704,1.925600
252,traditional,0.161632,1.576960,0.199680,1.938272
253,traditional,0.165344,1.594368,0.211968,1.971680
254,traditional,0.161664,1.538048,0.199680,1.899392
255,traditional,0.158880,1.841152,0.204800,2.204832
256,traditional,0.163712,1.552384,0.199680,1.915776
257,traditional,0.166464,1.575936,0.202752,1.945152
258,traditional,0.161312,1.558528,0.199680,1.919520
259,traditional,0.186336,1.524736,0.199680,1.910752
260,traditional,0.161280,1.561600,0.199680,1.922560
261,traditional,0.160352,1.552384,0.199680,1.912416
262,traditional,0.168480,1.548288,0.199680,1.916448
263,traditional,0.163648,1.811456,0.203776,2.178880
264,traditional,0.160224,1.602560,0.199680,1.962464
265,traditional,0.164480,1.576960,0.199680,1.941120
266,traditional,0.176576,1.530880,0.199680,1.907136
267,traditional,0.160704,1.557504,0.199680,1.917888
268,traditional,0.172096,1.543168,0.203776,1.919040
269,traditional,0.175232,1.540096,0.200704,1.916032
270,traditional,0.159680,1.563648,0.199680,1.923008
271,traditional,0.164352,1.531904,0.198656,1.894912
272,traditional,0.160288,1.551360,0.199680,1.911328
273,traditional,0.160480,1.532928,0.200704,1.894112
274,traditional,0.160928,1.571840,0.199680,1.932448
275,traditional,0.160736,1.584128,0.199680,1.944544
276,traditional,0.165216,1.538048,0.199680,1.902944
277,traditional,0.162560,1.990656,0.209920,2.363136
278,traditional,0.160768,1.545216,0.199680,1.905664
279,traditional,0.174016,1.584128,0.199680,1.957824
280,traditional,0.161920,1.543168,0.199680,1.904768
281,traditional,0.162336,1.586176,0.199680,1.948192
282,traditional,0.160160,1.591296,0.206848,1.958304
283,traditional,0.160128,1.587200,0.199680,1.947008
284,traditional,0.162368,1.534976,0.198656,1.896000
285,traditional,0.172160,1.566720,0.199680,1.938560
286,traditional,0.160064,1.564672,0.211968,1.936704
287,traditional,0.160928,1.550336,0.199680,1.910944
288,traditional,0.160576,1.544192,0.200704,1.905472
289,traditional,0.160896,1.533952,0.198656,1.893504
290,traditional,0.163872,1.528832,0.204800,1.897504
291,traditional,0.160736,1.542144,0.198656,1.901536
292,traditional,0.162528,1.525760,0.199680,1.887968
293,traditional,0.160672,1.523712,0.199680,1.884064
294,traditional,0.161920,1.523712,0.199680,1.885312
295,traditional,0.159840,1.560576,0.198656,1.919072
296,traditional,0.161728,1.550336,0.199680,1.911744
297,traditional,0.161184,1.539072,0.199680,1.899936
298,traditional,0.165056,1.558528,0.199680,1.923264
299,traditional,0.173728,1.593344,0.199680,1.966752
300,traditional,0.163520,1.585152,0.203776,1.952448
301,traditional,0.158752,1.545216,0.199680,1.903648
302,traditional,0.165312,1.559552,0.198656,1.923520
303,traditional,0.173152,1.550336,0.199680,1.923168
304,traditional,0.185856,1.528832,0.199680,1.914368
305,traditional,0.161216,1.564672,0.199680,1.925568
306,traditional,0.175872,1.545216,0.199680,1.920768
307,traditional,0.163680,1.572864,0.199680,1.936224
308,traditional,0.161536,1.551360,0.199680,1.912576
309,traditional,0.179968,1.546240,0.198656,1.924864
310,traditional,0.169152,1.555456,0.199680,1.924288
311,traditional,0.161088,1.540096,0.198656,1.899840
312,traditional,0.164864,1.533952,0.198656,1.897472
313,traditional,0.181344,1.547264,0.199680,1.928288
314,traditional,0.174048,1.531904,0.199680,1.905632
315,traditional,0.162720,1.550336,0.199680,1.912736
316,traditional,0.165440,1.543168,0.199680,1.908288
317,traditional,0.160896,1.777664,0.205824,2.144384
318,traditional,0.183040,1.534976,0.199680,1.917696
319,traditional,0.162272,1.548288,0.198656,1.909216
320,traditional,0.160416,1.532928,0.199680,1.893024
321,traditional,0.159424,1.545216,0.198656,1.903296
322,traditional,0.160384,1.540096,0.199680,1.900160
323,traditional,0.163840,1.549312,0.199680,1.912832
324,traditional,0.162304,1.556480,0.200704,1.919488
325,traditional,0.165984,1.589248,0.199680,1.954912
326,traditional,0.167168,1.564672,0.199680,1.931520
327,traditional,0.160256,1.565696,0.201728,1.927680
328,traditional,0.160864,1.579008,0.199680,1.939552
329,traditional,0.173600,1.584128,0.199680,1.957408
330,traditional,0.162400,1.550336,0.200704,1.913440
331,traditional,0.160320,1.561600,0.199680,1.921600
332,traditional,0.161216,1.552384,0.199680,1.913280
333,traditional,0.174432,1.848320,0.203776,2.226528
334,traditional,0.168896,1.557504,0.199680,1.926080
335,traditional,0.160256,1.563648,0.199680,1.923584
336,traditional,0.162016,1.567744,0.199680,1.929440
337,traditional,0.161824,1.576960,0.199680,1.938464
338,traditional,0.160512,1.544192,0.199680,1.904384
339,traditional,0.160928,1.593344,0.198656,1.952928
340,traditional,0.161792,1.561600,0.199680,1.923072
341,traditional,0.159872,1.608704,0.199680,1.968256
342,traditional,0.164896,1.830912,0.199680,2.195488
343,traditional,0.165664,1.591296,0.199680,1.956640
344,traditional,0.161664,1.607680,0.199680,1.969024
345,traditional,0.164128,1.580032,0.198656,1.942816
346,traditional,0.160320,1.591296,0.199680,1.951296
347,traditional,0.161760,1.563648,0.199680,1.925088
348,traditional,0.162432,1.573888,0.199680,1.936000
349,traditional,0.163872,1.589248,0.199680,1.952800
350,traditional,0.169056,1.863680,0.199680,2.232416
351,traditional,0.163680,1.596416,0.200704,1.960800
352,traditional,0.163712,1.564672,0.199680,1.928064
353,traditional,0.165664,1.564672,0.199680,1.930016
354,traditional,0.164608,1.576960,0.199680,1.941248
355,traditional,0.163904,1.568768,0.199680,1.932352
356,traditional,0.161696,1.563648,0.198656,1.924000
357,traditional,0.160928,1.571840,0.199680,1.932448
358,traditional,0.178752,1.577984,0.199680,1.956416
359,traditional,0.160704,1.612800,0.199680,1.973184
360,traditional,0.160608,1.579008,0.199680,1.939296
361,traditional,0.159808,1.601536,0.200704,1.962048
362,traditional,0.170336,1.604608,0.198656,1.973600
363,traditional,0.162240,1.558528,0.199680,1.920448
364,traditional,0.161792,1.601536,0.198656,1.961984
365,traditional,0.162624,1.609728,0.203776,1.976128
366,traditional,0.173152,1.605632,0.199680,1.978464
367,traditional,0.163296,1.604608,0.198656,1.966560
368,traditional,0.161984,1.846272,0.199680,2.207936
369,traditional,0.183072,1.601536,0.199680,1.984288
370,traditional,0.160672,1.639424,0.198656,1.998752
371,traditional,0.160800,1.584128,0.198656,1.943584
372,traditional,0.172768,1.563648,0.199680,1.936096
373,traditional,0.163904,1.670144,0.198656,2.032704
374,traditional,0.162048,1.591296,0.199680,1.953024
375,traditional,0.161664,1.830912,0.203776,2.196352
376,traditional,0.167904,1.546240,0.199680,1.913824
377,traditional,0.163680,1.587200,0.198656,1.949536
378,traditional,0.161280,1.554432,0.199680,1.915392
379,traditional,0.163424,1.568768,0.199680,1.931872
380,traditional,0.167264,1.575936,0.198656,1.941856
381,traditional,0.165600,1.570816,0.204800,1.941216
382,traditional,0.162400,1.561600,0.198656,1.922656
383,traditional,0.161248,1.824768,0.202752,2.188768
384,traditional,0.168096,1.563648,0.198656,1.930400
385,traditional,0.160352,1.573888,0.199680,1.933920
386,traditional,0.168640,1.582080,0.198656,1.949376
387,traditional,0.162016,1.596416,0.200704,1.959136
388,traditional,0.172128,1.564672,0.198656,1.935456
389,traditional,0.165920,1.599488,0.199680,1.965088
390,traditional,0.162880,1.577984,0.198656,1.939520
391,traditional,0.168256,1.584128,0.199680,1.952064
392,traditional,0.162560,1.574912,0.198656,1.936128
393,traditional,0.172448,1.616896,0.209920,1.999264
394,traditional,0.161536,1.568768,0.199680,1.929984
395,traditional,0.164896,1.585152,0.198656,1.948704
396,traditional,0.163104,1.864704,0.204800,2.232608
397,traditional,0.161216,1.573888,0.198656,1.933760
398,traditional,0.165152,1.573888,0.199680,1.938720
399,traditional,0.162080,1.570816,0.199680,1.932576
400,traditional,0.167744,1.574912,0.198656,1.941312
401,traditional,0.186240,1.587200,0.199680,1.973120
402,traditional,0.167520,1.592320,0.199680,1.959520
403,traditional,0.161600,1.561600,0.205824,1.929024
404,traditional,0.165888,1.567744,0.199680,1.933312
405,traditional,0.167104,1.562624,0.199680,1.929408
406,traditional,0.161280,1.562624,0.202752,1.926656
407,traditional,0.162752,1.559552,0.199680,1.921984
408,traditional,0.162368,1.548288,0.199680,1.910336
409,traditional,0.160928,1.549312,0.199680,1.909920
410,traditional,0.166720,1.582080,0.199680,1.948480
411,traditional,0.165152,1.571840,0.199680,1.936672
412,traditional,0.163136,1.830912,0.199680,2.193728
413,traditional,0.164256,1.561600,0.199680,1.925536
414,traditional,0.161632,1.562624,0.199680,1.923936
415,traditional,0.169024,1.568768,0.201728,1.939520
416,traditional,0.165920,1.590272,0.199680,1.955872
417,traditional,0.164736,1.566720,0.199680,1.931136
418,traditional,0.164544,1.559552,0.199680,1.923776
419,traditional,0.161280,1.592320,0.200704,1.954304
420,traditional,0.164576,1.568768,0.199680,1.933024
421,traditional,0.161312,1.564672,0.199680,1.925664
422,traditional,0.163744,1.572864,0.199680,1.936288
423,traditional,0.163360,1.615872,0.200704,1.979936
424,traditional,0.164256,1.583104,0.199680,1.947040
425,traditional,0.161952,1.887232,0.203776,2.252960
426,traditional,0.162112,1.597440,0.202752,1.962304
427,traditional,0.164576,1.605632,0.199680,1.969888
428,traditional,0.167168,1.579008,0.199680,1.945856
429,traditional,0.162656,1.588224,0.199680,1.950560
430,traditional,0.168640,1.581056,0.199680,1.949376
431,traditional,0.161920,1.583104,0.209920,1.954944
432,traditional,0.174432,1.594368,0.199680,1.968480
433,traditional,0.162176,1.579008,0.199680,1.940864
434,traditional,0.160096,1.583104,0.199680,1.942880
435,traditional,0.166016,1.576960,0.199680,1.942656
436,traditional,0.173344,1.558528,0.199680,1.931552
437,traditional,0.159936,1.581056,0.199680,1.940672
438,traditional,0.163104,1.568768,0.200704,1.932576
439,traditional,0.161888,1.590272,0.202752,1.954912
440,traditional,0.175232,1.555456,0.199680,1.930368
441,traditional,0.172800,1.576960,0.199680,1.949440
442,traditional,0.162272,1.572864,0.199680,1.934816
443,traditional,0.160448,1.565696,0.199680,1.925824
444,traditional,0.164096,1.580032,0.199680,1.943808
445,traditional,0.161760,1.562624,0.198656,1.923040
446,traditional,0.161024,1.546240,0.200704,1.907968
447,traditional,0.173664,1.568768,0.199680,1.942112
448,traditional,0.172192,1.591296,0.199680,1.963168
449,traditional,0.160672,1.587200,0.199680,1.947552
450,traditional,0.162048,1.541120,0.199680,1.902848
451,traditional,0.173984,1.547264,0.199680,1.920928
452,traditional,0.160288,1.546240,0.199680,1.906208
453,traditional,0.159680,1.529856,0.199680,1.889216
454,traditional,0.165888,1.552384,0.199680,1.917952
455,traditional,0.176064,1.529856,0.199680,1.905600
456,traditional,0.172192,1.581056,0.199680,1.952928
457,traditional,0.162240,1.545216,0.199680,1.907136
458,traditional,0.162176,1.563648,0.199680,1.925504
459,traditional,0.163776,1.565696,0.199680,1.929152
460,traditional,0.159616,1.588224,0.200704,1.948544
461,traditional,0.160192,1.609728,0.200704,1.970624
462,traditional,0.161824,1.552384,0.199680,1.913888
463,traditional,0.163744,1.575936,0.199680,1.939360
464,traditional,0.170144,1.566720,0.199680,1.936544
465,traditional,0.175040,1.799168,0.199680,2.173888
466,traditional,0.168128,1.533952,0.199680,1.901760
467,traditional,0.163328,1.544192,0.199680,1.907200
468,traditional,0.160928,1.583104,0.200704,1.944736
469,traditional,0.166368,1.544192,0.200704,1.911264
470,traditional,0.172608,1.549312,0.199680,1.921600
471,traditional,0.172416,1.561600,0.199680,1.933696
472,traditional,0.172960,1.556480,0.198656,1.928096
473,traditional,0.163296,1.530880,0.199680,1.893856
474,traditional,0.160768,1.611776,0.199680,1.972224
475,traditional,0.171040,1.562624,0.199680,1.933344
476,traditional,0.163360,1.528832,0.198656,1.890848
477,traditional,0.172992,1.556480,0.199680,1.929152
478,traditional,0.161536,1.572864,0.199680,1.934080
479,traditional,0.160288,1.784832,0.203776,2.148896
480,traditional,0.174144,1.548288,0.199680,1.922112
481,traditional,0.167232,1.533952,0.199680,1.900864
482,traditional,0.162144,1.537024,0.199680,1.898848
483,traditional,0.164576,1.555456,0.198656,1.918688
484,traditional,0.161984,1.556480,0.198656,1.917120
485,traditional,0.162752,1.531904,0.199680,1.894336
486,traditional,0.161248,1.531904,0.199680,1.892832
487,traditional,0.165152,1.538048,0.198656,1.901856
488,traditional,0.164288,1.558528,0.199680,1.922496
489,traditional,0.161984,1.541120,0.200704,1.903808
490,traditional,0.164864,1.568768,0.199680,1.933312
491,traditional,0.165152,1.540096,0.199680,1.904928
492,traditional,0.162304,1.595392,0.199680,1.957376
493,traditional,0.164448,1.550336,0.199680,1.914464
494,traditional,0.167456,1.838080,0.214016,2.219552
495,traditional,0.166048,1.560576,0.199680,1.926304
496,traditional,0.160480,1.537024,0.199680,1.897184
497,traditional,0.163104,1.557504,0.198656,1.919264
498,traditional,0.161632,1.526784,0.202752,1.891168
499,traditional,0.165184,1.552384,0.199680,1.917248
500,traditional,0.167264,1.583104,0.202752,1.953120
501,traditional,0.162688,1.794048,0.199680,2.156416
502,traditional,0.166048,1.548288,0.198656,1.912992
503,traditional,0.163840,1.528832,0.199680,1.892352
504,traditional,0.169248,1.771520,0.204800,2.145568
505,traditional,0.163776,1.819648,0.199680,2.183104
506,traditional,0.161120,1.556480,0.200704,1.918304
507,traditional,0.172736,1.757184,0.204800,2.134720
508,traditional,0.167360,1.533952,0.199680,1.900992
509,traditional,0.160320,1.530880,0.199680,1.890880
510,traditional,0.162144,1.530880,0.199680,1.892704
511,traditional,0.185344,1.761280,0.203776,2.150400
512,traditional,0.164608,1.860608,0.198656,2.223872
513,traditional,0.161856,1.572864,0.203776,1.938496
514,traditional,0.162336,1.538048,0.199680,1.900064
515,traditional,0.168608,1.563648,0.203776,1.936032
516,traditional,0.160960,1.795072,0.199680,2.155712
517,traditional,0.183584,1.766400,0.199680,2.149664
518,traditional,0.165024,1.551360,0.206848,1.923232
519,traditional,0.162944,1.794048,0.199680,2.156672
520,traditional,0.174176,1.751040,0.199680,2.124896
521,traditional,0.166496,1.559552,0.199680,1.925728
522,traditional,0.162144,1.546240,0.204800,1.913184
523,traditional,0.160704,1.602560,0.203776,1.967040
524,traditional,0.163744,1.807360,0.199680,2.170784
525,traditional,0.176352,2.007040,0.206848,2.390240
526,traditional,0.189728,1.776640,0.198656,2.165024
527,traditional,0.160672,1.543168,0.200704,1.904544
528,traditional,0.161856,1.534976,0.199680,1.896512
529,traditional,0.164224,1.808384,0.204800,2.177408
530,traditional,0.161472,1.530880,0.199680,1.892032
531,traditional,0.161280,1.532928,0.199680,1.893888
532,traditional,0.170208,1.809408,0.203776,2.183392
533,traditional,0.170144,1.569792,0.199680,1.939616
534,traditional,0.163200,1.534976,0.198656,1.896832
535,traditional,0.165568,1.536000,0.199680,1.901248
536,traditional,0.160608,1.560576,0.203776,1.924960
537,traditional,0.162624,1.550336,0.199680,1.912640
538,traditional,0.164544,1.796096,0.203776,2.164416
539,traditional,0.161632,1.538048,0.199680,1.899360
540,traditional,0.164384,1.804288,0.207872,2.176544
541,traditional,0.162112,1.571840,0.199680,1.933632
542,traditional,0.165472,1.570816,0.199680,1.935968
543,traditional,0.161760,1.533952,0.199680,1.895392
544,traditional,0.167680,1.528832,0.199680,1.896192
545,traditional,0.161088,1.542144,0.199680,1.902912
546,traditional,0.165088,1.529856,0.198656,1.893600
547,traditional,0.165024,1.534976,0.198656,1.898656
548,traditional,0.164160,1.531904,0.200704,1.896768
549,traditional,0.163808,1.544192,0.199680,1.907680
550,traditional,0.161600,1.543168,0.199680,1.904448
551,traditional,0.160608,1.579008,0.199680,1.939296
552,traditional,0.163072,1.529856,0.199680,1.892608
553,traditional,0.164000,1.816576,0.203776,2.184352
554,traditional,0.164192,1.545216,0.199680,1.909088
555,traditional,0.170944,1.533952,0.199680,1.904576
556,traditional,0.170272,1.564672,0.199680,1.934624
557,traditional,0.161248,1.562624,0.199680,1.923552
558,traditional,0.160864,1.543168,0.199680,1.903712
559,traditional,0.163520,1.549312,0.199680,1.912512
560,traditional,0.165344,1.526784,0.199680,1.891808
561,traditional,0.160832,1.564672,0.199680,1.925184
562,traditional,0.161152,1.591296,0.198656,1.951104
563,traditional,0.164480,1.563648,0.199680,1.927808
564,traditional,0.164608,1.574912,0.199680,1.939200
565,traditional,0.186464,1.595392,0.198656,1.980512
566,traditional,0.160800,1.568768,0.199680,1.929248
567,traditional,0.191872,1.589248,0.199680,1.980800
568,traditional,0.171904,1.549312,0.208896,1.930112
569,traditional,0.170816,1.574912,0.199680,1.945408
570,traditional,0.162368,1.565696,0.200704,1.928768
571,traditional,0.180896,1.570816,0.210944,1.962656
572,traditional,0.162304,1.611776,0.208896,1.982976
573,traditional,0.185920,1.598464,0.199680,1.984064
574,traditional,0.165440,1.593344,0.199680,1.958464
575,traditional,0.199904,1.567744,0.199680,1.967328
576,traditional,0.166336,1.604608,0.200704,1.971648
577,traditional,0.165280,1.922048,0.206848,2.294176
578,traditional,0.164128,1.569792,0.198656,1.932576
579,traditional,0.160960,1.624064,0.200704,1.985728
580,traditional,0.161120,1.616896,0.199680,1.977696
581,traditional,0.160288,1.590272,0.198656,1.949216
582,traditional,0.171904,1.603584,0.199680,1.975168
583,traditional,0.184608,1.586176,0.199680,1.970464
584,traditional,0.163616,1.571840,0.199680,1.935136
585,traditional,0.161824,1.604608,0.199680,1.966112
586,traditional,0.163296,1.571840,0.199680,1.934816
587,traditional,0.160480,1.607680,0.199680,1.967840
588,traditional,0.179136,1.573888,0.198656,1.951680
589,traditional,0.162560,1.599488,0.198656,1.960704
590,traditional,0.165216,1.583104,0.199680,1.948000
591,traditional,0.177376,1.596416,0.199680,1.973472
592,traditional,0.173920,1.561600,0.199680,1.935200
593,traditional,0.159776,1.557504,0.198656,1.915936
594,traditional,0.167840,1.866752,0.203776,2.238368
595,traditional,0.161216,1.612800,0.199680,1.973696
596,traditional,0.164672,1.575936,0.199680,1.940288
597,traditional,0.160992,1.569792,0.199680,1.930464
598,traditional,0.166016,1.550336,0.199680,1.916032
599,traditional,0.160480,1.592320,0.199680,1.952480
600,traditional,0.162464,1.552384,0.199680,1.914528
601,traditional,0.173504,1.604608,0.210944,1.989056
602,traditional,0.186400,1.571840,0.199680,1.957920
603,traditional,0.166368,1.641472,0.199680,2.007520
604,traditional,0.163296,1.623040,0.199680,1.986016
605,traditional,0.163552,1.569792,0.199680,1.933024
606,traditional,0.163360,1.601536,0.198656,1.963552
607,traditional,0.161248,1.573888,0.199680,1.934816
608,traditional,0.168160,1.587200,0.198656,1.954016
609,traditional,0.163648,1.576960,0.199680,1.940288
610,traditional,0.182272,1.594368,0.198656,1.975296
611,traditional,0.166560,1.577984,0.199680,1.944224
612,traditional,0.162304,1.571840,0.198656,1.932800
613,traditional,0.161056,1.571840,0.199680,1.932576
614,traditional,0.162368,1.572864,0.200704,1.935936
615,traditional,0.167008,1.557504,0.198656,1.923168
616,traditional,0.161760,1.570816,0.199680,1.932256
617,traditional,0.164736,1.556480,0.198656,1.919872
618,traditional,0.164448,1.585152,0.199680,1.949280
619,traditional,0.171488,1.555456,0.198656,1.925600
620,traditional,0.164352,1.581056,0.198656,1.944064
621,traditional,0.162368,1.582080,0.198656,1.943104
622,traditional,0.161216,1.570816,0.211968,1.944000
623,traditional,0.162560,1.575936,0.198656,1.937152
624,traditional,0.166592,1.550336,0.199680,1.916608
625,traditional,0.169760,1.556480,0.198656,1.924896
626,traditional,0.165568,1.557504,0.198656,1.921728
627,traditional,0.162464,1.565696,0.199680,1.927840
628,traditional,0.164064,1.593344,0.198656,1.956064
629,traditional,0.161632,1.563648,0.199680,1.924960
630,traditional,0.162848,1.564672,0.199680,1.927200
631,traditional,0.162016,1.576960,0.199680,1.938656
632,traditional,0.177216,1.590272,0.199680,1.967168
633,traditional,0.169056,1.583104,0.198656,1.950816
634,traditional,0.164096,1.571840,0.198656,1.934592
635,traditional,0.165344,1.623040,0.205824,1.994208
636,traditional,0.164000,1.559552,0.199680,1.923232
637,traditional,0.164544,1.902592,0.198656,2.265792
638,traditional,0.174560,1.588224,0.199680,1.962464
639,traditional,0.161536,1.600512,0.199680,1.961728
640,traditional,0.161856,1.865728,0.202752,2.230336
641,traditional,0.164672,1.583104,0.199680,1.947456
642,traditional,0.180960,1.608704,0.199680,1.989344
643,traditional,0.173632,1.604608,0.199680,1.977920
644,traditional,0.161504,1.555456,0.198656,1.915616
645,traditional,0.171200,1.556480,0.199680,1.927360
646,traditional,0.161664,1.571840,0.199680,1.933184
647,traditional,0.162592,1.561600,0.220160,1.944352
648,traditional,0.163168,1.560576,0.199680,1.923424
649,traditional,0.161952,1.564672,0.199680,1.926304
650,traditional,0.162112,1.560576,0.198656,1.921344
651,traditional,0.162144,1.574912,0.199680,1.936736
652,traditional,0.166048,1.558528,0.199680,1.924256
653,traditional,0.164672,1.556480,0.198656,1.919808
654,traditional,0.165408,1.577984,0.208896,1.952288
655,traditional,0.162048,1.597440,0.200704,1.960192
656,traditional,0.162912,1.593344,0.199680,1.955936
657,traditional,0.161696,2.088960,0.207872,2.458528
658,traditional,0.161344,1.564672,0.199680,1.925696
659,traditional,0.161472,1.843200,0.204800,2.209472
660,traditional,0.161696,1.826816,0.200704,2.189216
661,traditional,0.174112,1.797120,0.204800,2.176032
662,traditional,0.160768,1.560576,0.199680,1.921024
663,traditional,0.169632,1.613824,0.199680,1.983136
664,traditional,0.163648,1.826816,0.200704,2.191168
665,traditional,0.164960,1.853440,0.200704,2.219104
666,traditional,0.160992,1.626112,0.204800,1.991904
667,traditional,0.170496,1.815552,0.200704,2.186752
668,traditional,0.186080,1.773568,0.199680,2.159328
669,traditional,0.201568,1.611776,0.199680,2.013024
670,traditional,0.161568,1.966080,0.203776,2.331424
671,traditional,0.161024,1.569792,0.199680,1.930496
672,traditional,0.161920,1.807360,0.205824,2.175104
673,traditional,0.183200,1.569792,0.199680,1.952672
674,traditional,0.160512,1.585152,0.199680,1.945344
675,traditional,0.163520,1.569792,0.199680,1.932992
676,traditional,0.163072,1.610752,0.203776,1.977600
677,traditional,0.163232,1.815552,0.200704,2.179488
678,traditional,0.160096,1.840128,0.199680,2.199904
679,traditional,0.161824,1.563648,0.207872,1.933344
680,traditional,0.162496,1.598464,0.199680,1.960640
681,traditional,0.161888,1.777664,0.205824,2.145376
682,traditional,0.181952,1.568768,0.200704,1.951424
683,traditional,0.167840,1.809408,0.203776,2.181024
684,traditional,0.165152,1.558528,0.199680,1.923360
685,traditional,0.165088,1.569792,0.199680,1.934560
686,traditional,0.160704,1.552384,0.199680,1.912768
687,traditional,0.162304,1.560576,0.199680,1.922560
688,traditional,0.166048,1.555456,0.199680,1.921184
689,traditional,0.187904,1.562624,0.203776,1.954304
690,traditional,0.201536,1.587200,0.199680,1.988416
691,traditional,0.160544,1.563648,0.199680,1.923872
692,traditional,0.165728,1.571840,0.199680,1.937248
693,traditional,0.162080,1.561600,0.199680,1.923360
694,traditional,0.166208,1.568768,0.199680,1.934656
695,traditional,0.165952,1.590272,0.199680,1.955904
696,traditional,0.165120,1.585152,0.200704,1.950976
697,traditional,0.160320,1.564672,0.199680,1.924672
698,traditional,0.162688,1.568768,0.198656,1.930112
699,traditional,0.169120,1.597440,0.198656,1.965216
700,traditional,0.162752,1.577984,0.199680,1.940416
701,traditional,0.163808,1.544192,0.199680,1.907680
702,traditional,0.163456,1.540096,0.205824,1.909376
703,traditional,0.159712,1.577984,0.199680,1.937376
704,traditional,0.160768,1.548288,0.199680,1.908736
705,traditional,0.167424,1.597440,0.200704,1.965568
706,traditional,0.190144,1.581056,0.199680,1.970880
707,traditional,0.165152,1.912832,0.199680,2.277664
708,traditional,0.164096,1.582080,0.199680,1.945856
709,traditional,0.162112,1.564672,0.199680,1.926464
710,traditional,0.165952,1.546240,0.199680,1.911872
711,traditional,0.161664,1.563648,0.199680,1.924992
712,traditional,0.163456,1.563648,0.199680,1.926784
713,traditional,0.181024,1.572864,0.199680,1.953568
714,traditional,0.162656,1.629184,0.202752,1.994592
715,traditional,0.161344,1.593344,0.199680,1.954368
716,traditional,0.164512,1.596416,0.199680,1.960608
717,traditional,0.161760,1.545216,0.199680,1.906656
718,traditional,0.167776,1.589248,0.199680,1.956704
719,traditional,0.161184,1.596416,0.199680,1.957280
720,traditional,0.162240,1.539072,0.199680,1.900992
721,traditional,0.162464,1.552384,0.199680,1.914528
722,traditional,0.169408,1.579008,0.199680,1.948096
723,traditional,0.164960,1.830912,0.199680,2.195552
724,traditional,0.163456,1.547264,0.199680,1.910400
725,traditional,0.174048,1.570816,0.199680,1.944544
726,traditional,0.164544,1.580032,0.199680,1.944256
727,traditional,0.166176,1.584128,0.199680,1.949984
728,traditional,0.161632,1.560576,0.199680,1.921888
729,traditional,0.161536,1.577984,0.200704,1.940224
730,traditional,0.164128,1.608704,0.200704,1.973536
731,traditional,0.171360,1.593344,0.200704,1.965408
732,traditional,0.167136,1.571840,0.199680,1.938656
733,traditional,0.176704,1.565696,0.200704,1.943104
734,traditional,0.162912,1.594368,0.201728,1.959008
735,traditional,0.166272,1.603584,0.200704,1.970560
736,traditional,0.173984,1.630208,0.200704,2.004896
737,traditional,0.161984,1.593344,0.199680,1.955008
738,traditional,0.161248,1.550336,0.200704,1.912288
739,traditional,0.164992,1.561600,0.200704,1.927296
740,traditional,0.161728,1.566720,0.199680,1.928128
741,traditional,0.161984,1.541120,0.200704,1.903808
742,traditional,0.160448,1.563648,0.206848,1.930944
743,traditional,0.164512,1.589248,0.200704,1.954464
744,traditional,0.163104,1.555456,0.200704,1.919264
745,traditional,0.162112,1.547264,0.199680,1.909056
746,traditional,0.167776,1.585152,0.199680,1.952608
747,traditional,0.162112,1.826816,0.200704,2.189632
748,traditional,0.161664,1.580032,0.199680,1.941376
749,traditional,0.161152,1.568768,0.200704,1.930624
750,traditional,0.164480,1.559552,0.200704,1.924736
751,traditional,0.184512,1.577984,0.200704,1.963200
752,traditional,0.160544,1.554432,0.200704,1.915680
753,traditional,0.161952,1.548288,0.199680,1.909920
754,traditional,0.171488,1.831936,0.200704,2.204128
755,traditional,0.164416,1.551360,0.200704,1.916480
756,traditional,0.161824,1.603584,0.200704,1.966112
757,traditional,0.162496,1.590272,0.199680,1.952448
758,traditional,0.164352,1.593344,0.200704,1.958400
759,traditional,0.168480,1.564672,0.199680,1.932832
760,traditional,0.161376,1.565696,0.200704,1.927776
761,traditional,0.163104,1.555456,0.200704,1.919264
762,traditional,0.171712,1.560576,0.200704,1.932992
763,traditional,0.161568,1.554432,0.200704,1.916704
764,traditional,0.162592,1.557504,0.200704,1.920800
765,traditional,0.170080,1.559552,0.200704,1.930336
766,traditional,0.166752,1.592320,0.200704,1.959776
767,traditional,0.162880,1.607680,0.200704,1.971264
768,traditional,0.165728,1.551360,0.199680,1.916768
769,traditional,0.166720,1.565696,0.200704,1.933120
770,traditional,0.165792,1.564672,0.199680,1.930144
771,traditional,0.161440,1.549312,0.222208,1.932960
772,traditional,0.161120,1.588224,0.200704,1.950048
773,traditional,0.162464,1.847296,0.199680,2.209440
774,traditional,0.163744,1.575936,0.200704,1.940384
775,traditional,0.161440,1.835008,0.200704,2.197152
776,traditional,0.164000,1.553408,0.200704,1.918112
777,traditional,0.162624,1.552384,0.200704,1.915712
778,traditional,0.163008,1.559552,0.200704,1.923264
779,traditional,0.165600,1.546240,0.200704,1.912544
780,traditional,0.167648,1.551360,0.200704,1.919712
781,traditional,0.161824,1.569792,0.199680,1.931296
782,traditional,0.162368,1.542144,0.200704,1.905216
783,traditional,0.165824,1.587200,0.200704,1.953728
784,traditional,0.167584,1.591296,0.200704,1.959584
785,traditional,0.165152,1.571840,0.200704,1.937696
786,traditional,0.164064,1.557504,0.199680,1.921248
787,traditional,0.179104,1.821696,0.200704,2.201504
788,traditional,0.161376,1.620992,0.199680,1.982048
789,traditional,0.174048,1.591296,0.199680,1.965024
790,traditional,0.165504,1.570816,0.208896,1.945216
791,traditional,0.161632,1.843200,0.200704,2.205536
792,traditional,0.166400,1.563648,0.200704,1.930752
793,traditional,0.162112,1.879040,0.201728,2.242880
794,traditional,0.175328,1.579008,0.200704,1.955040
795,traditional,0.161376,1.555456,0.200704,1.917536
796,traditional,0.169920,1.556480,0.200704,1.927104
797,traditional,0.162368,1.546240,0.200704,1.909312
798,traditional,0.164448,1.564672,0.199680,1.928800
799,traditional,0.162432,1.862656,0.199680,2.224768
800,traditional,0.163488,1.553408,0.200704,1.917600
801,traditional,0.162496,1.572864,0.200704,1.936064
802,traditional,0.177408,1.582080,0.199680,1.959168
803,traditional,0.170816,1.567744,0.201728,1.940288
804,traditional,0.170752,1.571840,0.199680,1.942272
805,traditional,0.162560,1.816576,0.200704,2.179840
806,traditional,0.170592,1.855488,0.200704,2.226784
807,traditional,0.187616,1.808384,0.200704,2.196704
808,traditional,0.164864,1.863680,0.200704,2.229248
809,traditional,0.163968,2.063360,0.205824,2.433152
810,traditional,0.163936,1.573888,0.200704,1.938528
811,traditional,0.165792,1.832960,0.199680,2.198432
812,traditional,0.160384,1.583104,0.200704,1.944192
813,traditional,0.160352,1.603584,0.199680,1.963616
814,traditional,0.162208,1.593344,0.200704,1.956256
815,traditional,0.164544,1.577984,0.199680,1.942208
816,traditional,0.161344,1.610752,0.200704,1.972800
817,traditional,0.161632,1.625088,0.200704,1.987424
818,traditional,0.166048,1.848320,0.204800,2.219168
819,traditional,0.162880,1.809408,0.200704,2.172992
820,traditional,0.170976,1.852416,0.205824,2.229216
821,traditional,0.161056,1.811456,0.200704,2.173216
822,traditional,0.184192,2.036736,0.205824,2.426752
823,traditional,0.181472,1.581056,0.201728,1.964256
824,traditional,0.161920,1.573888,0.200704,1.936512
825,traditional,0.162496,1.582080,0.200704,1.945280
826,traditional,0.163840,1.572864,0.200704,1.937408
827,traditional,0.171552,1.585152,0.200704,1.957408
828,traditional,0.181920,1.789952,0.200704,2.172576
829,traditional,0.168128,1.893376,0.200704,2.262208
830,traditional,0.162752,1.585152,0.200704,1.948608
831,traditional,0.165536,1.584128,0.199680,1.949344
832,traditional,0.160160,1.589248,0.199680,1.949088
833,traditional,0.162592,1.563648,0.199680,1.925920
834,traditional,0.161536,1.599488,0.200704,1.961728
835,traditional,0.163200,1.609728,0.199680,1.972608
836,traditional,0.165312,1.579008,0.199680,1.944000
837,traditional,0.163200,1.553408,0.199680,1.916288
838,traditional,0.172384,1.876992,0.199680,2.249056
839,traditional,0.163008,1.592320,0.199680,1.955008
840,traditional,0.163360,1.551360,0.200704,1.915424
841,traditional,0.163168,1.560576,0.200704,1.924448
842,traditional,0.163520,1.559552,0.199680,1.922752
843,traditional,0.163840,1.618944,0.199680,1.982464
844,traditional,0.163104,1.556480,0.200704,1.920288
845,traditional,0.163488,1.593344,0.199680,1.956512
846,traditional,0.163040,1.579008,0.199680,1.941728
847,traditional,0.161376,1.562624,0.199680,1.923680
848,traditional,0.166016,1.848320,0.199680,2.214016
849,traditional,0.163168,1.567744,0.199680,1.930592
850,traditional,0.166688,1.573888,0.200704,1.941280
851,traditional,0.171104,1.585152,0.199680,1.955936
852,traditional,0.162176,1.582080,0.199680,1.943936
853,traditional,0.165280,1.627136,0.199680,1.992096
854,traditional,0.163136,1.846272,0.199680,2.209088
855,traditional,0.166528,1.587200,0.199680,1.953408
856,traditional,0.165248,1.594368,0.200704,1.960320
857,traditional,0.162976,1.592320,0.203776,1.959072
858,traditional,0.174624,1.616896,0.199680,1.991200
859,traditional,0.176288,1.582080,0.200704,1.959072
860,traditional,0.163136,1.572864,0.199680,1.935680
861,traditional,0.173728,1.577984,0.199680,1.951392
862,traditional,0.163840,1.608704,0.212992,1.985536
863,traditional,0.163488,1.591296,0.204800,1.959584
864,traditional,0.189056,1.596416,0.199680,1.985152
865,traditional,0.181664,1.571840,0.199680,1.953184
866,traditional,0.164160,1.574912,0.199680,1.938752
867,traditional,0.163680,1.566720,0.199680,1.930080
868,traditional,0.162208,1.604608,0.199680,1.966496
869,traditional,0.166464,1.573888,0.199680,1.940032
870,traditional,0.161376,1.592320,0.200704,1.954400
871,traditional,0.166400,1.615872,0.199680,1.981952
872,traditional,0.167296,1.619968,0.200704,1.987968
873,traditional,0.186656,1.575936,0.200704,1.963296
874,traditional,0.162272,1.580032,0.199680,1.941984
875,traditional,0.168032,1.565696,0.199680,1.933408
876,traditional,0.169952,1.626112,0.199680,1.995744
877,traditional,0.166048,1.568768,0.199680,1.934496
878,traditional,0.166496,1.590272,0.202752,1.959520
879,traditional,0.163584,1.584128,0.199680,1.947392
880,traditional,0.177824,1.583104,0.199680,1.960608
881,traditional,0.183648,1.581056,0.200704,1.965408
882,traditional,0.163264,1.584128,0.199680,1.947072
883,traditional,0.178272,1.575936,0.200704,1.954912
884,traditional,0.161088,1.598464,0.199680,1.959232
885,traditional,0.173504,1.570816,0.200704,1.945024
886,traditional,0.162592,1.585152,0.199680,1.947424
887,traditional,0.164256,1.617920,0.199680,1.981856
888,traditional,0.163136,1.587200,0.199680,1.950016
889,traditional,0.161696,1.554432,0.199680,1.915808
890,traditional,0.166560,1.588224,0.200704,1.955488
891,traditional,0.161760,1.571840,0.200704,1.934304
892,traditional,0.165696,1.562624,0.199680,1.928000
893,traditional,0.174016,1.574912,0.199680,1.948608
894,traditional,0.163520,1.574912,0.200704,1.939136
895,traditional,0.173568,1.558528,0.200704,1.932800
896,traditional,0.174464,1.607680,0.199680,1.981824
897,traditional,0.164896,1.570816,0.200704,1.936416
898,traditional,0.178496,1.590272,0.200704,1.969472
899,traditional,0.172128,1.613824,0.199680,1.985632
900,traditional,0.174816,1.611776,0.199680,1.986272
901,traditional,0.172416,1.582080,0.200704,1.955200
902,traditional,0.182464,1.567744,0.201728,1.951936
903,traditional,0.175712,1.587200,0.200704,1.963616
904,traditional,0.177536,1.595392,0.199680,1.972608
905,traditional,0.162176,1.624064,0.199680,1.985920
906,traditional,0.164256,1.573888,0.200704,1.938848
907,traditional,0.194304,1.614848,0.200704,2.009856
908,traditional,0.162176,1.590272,0.199680,1.952128
909,traditional,0.165952,1.611776,0.199680,1.977408
910,traditional,0.174368,1.611776,0.200704,1.986848
911,traditional,0.168960,1.627136,0.203776,1.999872
912,traditional,0.163776,1.598464,0.199680,1.961920
913,traditional,0.163232,1.569792,0.199680,1.932704
914,traditional,0.172992,1.619968,0.199680,1.992640
915,traditional,0.169728,1.593344,0.199680,1.962752
916,traditional,0.161440,1.619968,0.199680,1.981088
917,traditional,0.162176,1.592320,0.203776,1.958272
918,traditional,0.161760,1.633280,0.200704,1.995744
919,traditional,0.162016,1.570816,0.200704,1.933536
920,traditional,0.162912,1.592320,0.200704,1.955936
921,traditional,0.177024,1.574912,0.200704,1.952640
922,traditional,0.167488,1.569792,0.199680,1.936960
923,traditional,0.162720,1.584128,0.199680,1.946528
924,traditional,0.172160,1.599488,0.200704,1.972352
925,traditional,0.190272,1.622016,0.201728,2.014016
926,traditional,0.166208,1.601536,0.200704,1.968448
927,traditional,0.162592,1.593344,0.199680,1.955616
928,traditional,0.186880,1.592320,0.204800,1.984000
929,traditional,0.165696,1.606656,0.200704,1.973056
930,traditional,0.161952,1.585152,0.200704,1.947808
931,traditional,0.166208,1.600512,0.199680,1.966400
932,traditional,0.164928,1.599488,0.200704,1.965120
933,traditional,0.185568,1.591296,0.199680,1.976544
934,traditional,0.160768,1.627136,0.199680,1.987584
935,traditional,0.164832,1.608704,0.199680,1.973216
936,traditional,0.170720,1.640448,0.202752,2.013920
937,traditional,0.161760,1.589248,0.200704,1.951712
938,traditional,0.163808,1.586176,0.199680,1.949664
939,traditional,0.160512,1.569792,0.199680,1.929984
940,traditional,0.161536,1.830912,0.200704,2.193152
941,traditional,0.162816,1.562624,0.199680,1.925120
942,traditional,0.160160,1.615872,0.200704,1.976736
943,traditional,0.165600,1.584128,0.199680,1.949408
944,traditional,0.166176,1.572864,0.199680,1.938720
945,traditional,0.161536,1.596416,0.203776,1.961728
946,traditional,0.162912,1.594368,0.199680,1.956960
947,traditional,0.163104,1.640448,0.200704,2.004256
948,traditional,0.163040,1.866752,0.205824,2.235616
949,traditional,0.161792,1.573888,0.200704,1.936384
950,traditional,0.162080,1.559552,0.200704,1.922336
951,traditional,0.163072,1.555456,0.200704,1.919232
952,traditional,0.166944,1.584128,0.202752,1.953824
953,traditional,0.162080,1.561600,0.200704,1.924384
954,traditional,0.161952,1.582080,0.200704,1.944736
955,traditional,0.160896,1.574912,0.200704,1.936512
956,traditional,0.162016,1.581056,0.200704,1.943776
957,traditional,0.179264,1.572864,0.199680,1.951808
958,traditional,0.164928,1.604608,0.200704,1.970240
959,traditional,0.162112,1.585152,0.207872,1.955136
960,traditional,0.170976,1.579008,0.199680,1.949664
961,traditional,0.162560,1.585152,0.200704,1.948416
962,traditional,0.163296,1.625088,0.199680,1.988064
963,traditional,0.161664,1.594368,0.199680,1.955712
964,traditional,0.170272,1.589248,0.200704,1.960224
965,traditional,0.169792,1.582080,0.204800,1.956672
966,traditional,0.162496,1.615872,0.200704,1.979072
967,traditional,0.166368,1.581056,0.199680,1.947104
968,traditional,0.171168,1.585152,0.199680,1.956000
969,traditional,0.165376,1.582080,0.212992,1.960448
970,traditional,0.173696,1.593344,0.199680,1.966720
971,traditional,0.167968,1.591296,0.200704,1.959968
972,traditional,0.169056,1.588224,0.200704,1.957984
973,traditional,0.162336,1.595392,0.199680,1.957408
974,traditional,0.161920,1.582080,0.199680,1.943680
975,traditional,0.168192,1.599488,0.199680,1.967360
976,traditional,0.161632,1.592320,0.199680,1.953632
977,traditional,0.161216,1.557504,0.200704,1.919424
978,traditional,0.168192,1.567744,0.200704,1.936640
979,traditional,0.161024,1.563648,0.200704,1.925376
980,traditional,0.160736,1.590272,0.199680,1.950688
981,traditional,0.162176,1.566720,0.200704,1.929600
982,traditional,0.162656,1.839104,0.199680,2.201440
983,traditional,0.160928,1.565696,0.199680,1.926304
984,traditional,0.162112,1.560576,0.200704,1.923392
985,traditional,0.161024,1.579008,0.208896,1.948928
986,traditional,0.188256,1.586176,0.199680,1.974112
987,traditional,0.167072,1.571840,0.200704,1.939616
988,traditional,0.162432,1.586176,0.200704,1.949312
989,traditional,0.163904,1.580032,0.200704,1.944640
990,traditional,0.162368,1.571840,0.199680,1.933888
991,traditional,0.161408,1.581056,0.200704,1.943168
992,traditional,0.175136,1.570816,0.199680,1.945632
993,traditional,0.163328,1.599488,0.199680,1.962496
994,traditional,0.163456,1.553408,0.200704,1.917568
995,traditional,0.173248,1.605632,0.199680,1.978560
996,traditional,0.165216,1.607680,0.199680,1.972576
997,traditional,0.161280,1.564672,0.199680,1.925632
998,traditional,0.163456,1.568768,0.199680,1.931904
999,traditional,0.161824,1.568768,0.199680,1.930272
1000,traditional,0.163840,1.602560,0.200704,1.967104
1001,traditional,0.162080,1.856512,0.200704,2.219296
1002,traditional,0.163104,1.570816,0.199680,1.933600
1003,traditional,0.176224,1.575936,0.199680,1.951840
1004,traditional,0.174592,1.583104,0.199680,1.957376
1005,traditional,0.164544,1.608704,0.199680,1.972928
1006,traditional,0.165760,1.572864,0.199680,1.938304
1007,traditional,0.166400,1.599488,0.203776,1.969664
1008,traditional,0.162464,1.577984,0.200704,1.941152
1009,traditional,0.167744,1.913856,0.200704,2.282304
1010,traditional,0.166848,1.610752,0.200704,1.978304
1011,traditional,0.165568,1.573888,0.204800,1.944256
1012,traditional,0.159936,1.592320,0.200704,1.952960
1013,traditional,0.169696,1.576960,0.199680,1.946336
1014,traditional,0.162752,1.799168,0.200704,2.162624
1015,traditional,0.162560,2.064384,0.200704,2.427648
1016,traditional,0.171968,1.759232,0.200704,2.131904
1017,traditional,0.162400,1.579008,0.199680,1.941088
1018,traditional,0.163712,1.598464,0.204800,1.966976
1019,traditional,0.177568,1.564672,0.200704,1.942944
1020,traditional,0.165472,1.631232,0.201728,1.998432
1021,traditional,0.182912,1.783808,0.200704,2.167424
1022,traditional,0.163680,1.566720,0.200704,1.931104
1023,traditional,0.171520,1.566720,0.199680,1.937920
1024,traditional,0.170848,1.606656,0.200704,1.978208
1025,traditional,0.166720,1.868800,0.200704,2.236224
1026,traditional,0.168608,1.565696,0.218112,1.952416
1027,traditional,0.161280,1.581056,0.200704,1.943040
1028,traditional,0.163360,1.565696,0.199680,1.928736
1029,traditional,0.167936,1.822720,0.200704,2.191360
1030,traditional,0.163712,1.572864,0.199680,1.936256
1031,traditional,0.170144,1.564672,0.200704,1.935520
1032,traditional,0.186016,1.576960,0.199680,1.962656
1033,traditional,0.161696,1.572864,0.199680,1.934240
1034,traditional,0.166336,1.778688,0.205824,2.150848
1035,traditional,0.163936,1.617920,0.199680,1.981536
1036,traditional,0.166592,1.573888,0.200704,1.941184
1037,traditional,0.163328,1.566720,0.200704,1.930752
1038,traditional,0.161760,1.557504,0.199680,1.918944
1039,traditional,0.163456,1.803264,0.200704,2.167424
1040,traditional,0.160928,1.796096,0.205824,2.162848
1041,traditional,0.167168,1.811456,0.199680,2.178304
1042,traditional,0.162912,1.594368,0.199680,1.956960
1043,traditional,0.163072,1.585152,0.212992,1.961216
1044,traditional,0.165920,1.833984,0.200704,2.200608
1045,traditional,0.165696,1.604608,0.201728,1.972032
1046,traditional,0.162912,1.593344,0.200704,1.956960
1047,traditional,0.162656,1.584128,0.200704,1.947488
1048,traditional,0.163136,1.585152,0.199680,1.947968
1049,traditional,0.166112,1.620992,0.200704,1.987808
1050,traditional,0.166752,1.842176,0.200704,2.209632
1051,traditional,0.163744,1.615872,0.200704,1.980320
1052,traditional,0.162816,1.583104,0.200704,1.946624
1053,traditional,0.165664,1.581056,0.199680,1.946400
1054,traditional,0.161312,1.610752,0.200704,1.972768
1055,traditional,0.162752,1.618944,0.202752,1.984448
1056,traditional,0.165248,1.585152,0.199680,1.950080
1057,traditional,0.167264,1.586176,0.199680,1.953120
1058,traditional,0.163488,1.585152,0.200704,1.949344
1059,traditional,0.160672,1.585152,0.199680,1.945504
1060,traditional,0.167584,1.584128,0.203776,1.955488
1061,traditional,0.162496,1.605632,0.199680,1.967808
1062,traditional,0.166752,1.586176,0.199680,1.952608
1063,traditional,0.168096,1.579008,0.200704,1.947808
1064,traditional,0.163904,1.588224,0.199680,1.951808
1065,traditional,0.163392,1.650688,0.200704,2.014784
1066,traditional,0.160832,1.588224,0.199680,1.948736
1067,traditional,0.161984,1.625088,0.205824,1.992896
1068,traditional,0.160896,1.574912,0.199680,1.935488
1069,traditional,0.165504,1.552384,0.199680,1.917568
1070,traditional,0.162912,1.800192,0.200704,2.163808
1071,traditional,0.162848,1.551360,0.200704,1.914912
1072,traditional,0.164672,1.553408,0.200704,1.918784
1073,traditional,0.163744,1.612800,0.199680,1.976224
1074,traditional,0.162080,1.575936,0.221184,1.959200
1075,traditional,0.165184,1.586176,0.210944,1.962304
1076,traditional,0.160704,1.598464,0.199680,1.958848
1077,traditional,0.163936,1.592320,0.200704,1.956960
1078,traditional,0.168160,1.592320,0.210944,1.971424
1079,traditional,0.164000,1.556480,0.200704,1.921184
1080,traditional,0.163232,1.568768,0.199680,1.931680
1081,traditional,0.165344,1.575936,0.199680,1.940960
1082,traditional,0.160608,1.601536,0.200704,1.962848
1083,traditional,0.165568,1.592320,0.200704,1.958592
1084,traditional,0.162176,1.586176,0.199680,1.948032
1085,traditional,0.162144,1.567744,0.200704,1.930592
1086,traditional,0.184128,1.611776,0.200704,1.996608
1087,traditional,0.166336,1.592320,0.200704,1.959360
1088,traditional,0.162400,1.596416,0.199680,1.958496
1089,traditional,0.172896,1.571840,0.199680,1.944416
1090,traditional,0.161504,1.575936,0.199680,1.937120
1091,traditional,0.162496,1.570816,0.200704,1.934016
1092,traditional,0.163104,1.589248,0.199680,1.952032
1093,traditional,0.164160,1.572864,0.199680,1.936704
1094,traditional,0.164000,1.595392,0.199680,1.959072
1095,traditional,0.163424,1.554432,0.199680,1.917536
1096,traditional,0.164032,1.856512,0.205824,2.226368
1097,traditional,0.171456,1.595392,0.205824,1.972672
1098,traditional,0.174784,1.589248,0.199680,1.963712
1099,traditional,0.176448,1.596416,0.199680,1.972544
1100,traditional,0.175616,1.582080,0.199680,1.957376
1101,traditional,0.162496,1.580032,0.199680,1.942208
1102,traditional,0.166240,1.848320,0.203776,2.218336
1103,traditional,0.165824,1.547264,0.200704,1.913792
1104,traditional,0.164224,1.551360,0.221184,1.936768
1105,traditional,0.167040,1.567744,0.200704,1.935488
1106,traditional,0.162240,1.567744,0.205824,1.935808
1107,traditional,0.162400,1.576960,0.199680,1.939040
1108,traditional,0.166240,1.618944,0.199680,1.984864
1109,traditional,0.160928,1.622016,0.199680,1.982624
1110,traditional,0.163296,1.568768,0.199680,1.931744
1111,traditional,0.170400,1.831936,0.199680,2.202016
1112,traditional,0.161952,1.585152,0.199680,1.946784
1113,traditional,0.162336,1.563648,0.199680,1.925664
1114,traditional,0.166560,1.618944,0.200704,1.986208
1115,traditional,0.170080,1.583104,0.199680,1.952864
1116,traditional,0.163744,1.599488,0.200704,1.963936
1117,traditional,0.168320,1.575936,0.203776,1.948032
1118,traditional,0.167040,1.573888,0.199680,1.940608
1119,traditional,0.162624,1.845248,0.204800,2.212672
1120,traditional,0.164416,1.601536,0.200704,1.966656
1121,traditional,0.174496,1.609728,0.199680,1.983904
1122,traditional,0.163552,1.605632,0.200704,1.969888
1123,traditional,0.174400,1.587200,0.200704,1.962304
1124,traditional,0.163936,1.639424,0.200704,2.004064
1125,traditional,0.161440,1.609728,0.199680,1.970848
1126,traditional,0.162400,1.582080,0.199680,1.944160
1127,traditional,0.185440,1.570816,0.199680,1.955936
1128,traditional,0.169248,1.591296,0.203776,1.964320
1129,traditional,0.162624,1.601536,0.199680,1.963840
1130,traditional,0.162112,1.606656,0.199680,1.968448
1131,traditional,0.189216,1.565696,0.199680,1.954592
1132,traditional,0.186432,1.563648,0.199680,1.949760
1133,traditional,0.167584,1.579008,0.200704,1.947296
1134,traditional,0.165856,1.579008,0.199680,1.944544
1135,traditional,0.161728,1.596416,0.199680,1.957824
1136,traditional,0.165856,1.861632,0.204800,2.232288
1137,traditional,0.163456,1.799168,0.199680,2.162304
1138,traditional,0.174080,1.863680,0.200704,2.238464
1139,traditional,0.163904,1.814528,0.200704,2.179136
1140,traditional,0.166720,1.855488,0.203776,2.225984
1141,traditional,0.171456,1.580032,0.200704,1.952192
1142,traditional,0.176512,1.600512,0.199680,1.976704
1143,traditional,0.164064,1.605632,0.200704,1.970400
1144,traditional,0.162624,1.575936,0.200704,1.939264
1145,traditional,0.163008,1.603584,0.200704,1.967296
1146,traditional,0.165568,1.616896,0.200704,1.983168
1147,traditional,0.169408,1.576960,0.200704,1.947072
1148,traditional,0.163232,1.830912,0.200704,2.194848
1149,traditional,0.162624,1.592320,0.199680,1.954624
1150,traditional,0.160928,1.810432,0.205824,2.177184
1151,traditional,0.162848,1.776640,0.205824,2.145312
1152,traditional,0.168416,1.802240,0.204800,2.175456
1153,traditional,0.161472,1.827840,0.204800,2.194112
1154,traditional,0.167008,1.882112,0.200704,2.249824
1155,traditional,0.162080,1.797120,0.204800,2.164000
1156,traditional,0.163616,2.054144,0.207872,2.425632
1157,traditional,0.177056,1.592320,0.200704,1.970080
1158,traditional,0.163264,1.601536,0.200704,1.965504
1159,traditional,0.168928,1.803264,0.200704,2.172896
1160,traditional,0.162592,1.586176,0.200704,1.949472
1161,traditional,0.168544,1.825792,0.204800,2.199136
1162,traditional,0.165632,1.608704,0.200704,1.975040
1163,traditional,0.163936,1.586176,0.201728,1.951840
1164,traditional,0.172416,1.863680,0.199680,2.235776
1165,traditional,0.160576,1.803264,0.200704,2.164544
1166,traditional,0.163872,1.822720,0.200704,2.187296
1167,traditional,0.165920,1.611776,0.200704,1.978400
1168,traditional,0.167488,1.625088,0.208896,2.001472
1169,traditional,0.165760,1.570816,0.200704,1.937280
1170,traditional,0.162592,1.574912,0.200704,1.938208
1171,traditional,0.162528,1.587200,0.200704,1.950432
1172,traditional,0.167616,1.787904,0.206848,2.162368
1173,traditional,0.162176,1.599488,0.200704,1.962368
1174,traditional,0.161888,1.584128,0.200704,1.946720
1175,traditional,0.162432,1.582080,0.199680,1.944192
1176,traditional,0.165440,1.865728,0.200704,2.231872
1177,traditional,0.167392,1.591296,0.200704,1.959392
1178,traditional,0.162208,1.602560,0.208896,1.973664
1179,traditional,0.165600,1.587200,0.199680,1.952480
1180,traditional,0.161792,1.602560,0.200704,1.965056
1181,traditional,0.163680,1.599488,0.200704,1.963872
1182,traditional,0.169760,1.569792,0.199680,1.939232
1183,traditional,0.163200,1.605632,0.200704,1.969536
1184,traditional,0.161472,1.607680,0.200704,1.969856
1185,traditional,0.162336,1.590272,0.200704,1.953312
1186,traditional,0.162272,1.587200,0.200704,1.950176
1187,traditional,0.164448,1.611776,0.201728,1.977952
1188,traditional,0.165568,1.565696,0.200704,1.931968
1189,traditional,0.164352,1.581056,0.201728,1.947136
1190,traditional,0.163168,1.574912,0.200704,1.938784
1191,traditional,0.166112,1.607680,0.203776,1.977568
1192,traditional,0.162496,1.567744,0.200704,1.930944
1193,traditional,0.170688,1.602560,0.200704,1.973952
1194,traditional,0.170752,1.848320,0.199680,2.218752
1195,traditional,0.161984,1.577984,0.200704,1.940672
1196,traditional,0.161760,1.563648,0.200704,1.926112
1197,traditional,0.166272,1.593344,0.199680,1.959296
1198,traditional,0.163296,1.567744,0.200704,1.931744
1199,traditional,0.164224,1.587200,0.200704,1.952128
1200,traditional,0.166752,1.586176,0.203776,1.956704
1201,traditional,0.168640,1.577984,0.200704,1.947328
1202,traditional,0.165344,1.567744,0.199680,1.932768
1203,traditional,0.172896,1.903616,0.204800,2.281312
1204,traditional,0.162528,1.594368,0.200704,1.957600
1205,traditional,0.167360,1.635328,0.200704,2.003392
1206,traditional,0.160640,1.586176,0.200704,1.947520
1207,traditional,0.185792,1.569792,0.199680,1.955264
1208,traditional,0.163552,1.612800,0.200704,1.977056
1209,traditional,0.170560,1.581056,0.200704,1.952320
1210,traditional,0.171264,1.590272,0.203776,1.965312
1211,traditional,0.163872,1.564672,0.200704,1.929248
1212,traditional,0.162176,1.581056,0.200704,1.943936
1213,traditional,0.163584,1.589248,0.200704,1.953536
1214,traditional,0.164640,1.562624,0.199680,1.926944
1215,traditional,0.162048,1.562624,0.199680,1.924352
1216,traditional,0.164448,1.603584,0.200704,1.968736
1217,traditional,0.162976,1.601536,0.200704,1.965216
1218,traditional,0.168000,1.584128,0.199680,1.951808
1219,traditional,0.165888,1.588224,0.200704,1.954816
1220,traditional,0.166944,1.898496,0.200704,2.266144
1221,traditional,0.166624,1.614848,0.199680,1.981152
1222,traditional,0.162016,1.583104,0.203776,1.948896
1223,traditional,0.163040,1.600512,0.200704,1.964256
1224,traditional,0.171872,1.581056,0.199680,1.952608
1225,traditional,0.163200,1.582080,0.199680,1.944960
1226,traditional,0.161632,1.861632,0.200704,2.223968
1227,traditional,0.160928,1.600512,0.200704,1.962144
1228,traditional,0.165152,1.579008,0.199680,1.943840
1229,traditional,0.161120,1.614848,0.204800,1.980768
1230,traditional,0.174688,1.807360,0.204800,2.186848
1231,traditional,0.162176,1.826816,0.208896,2.197888
1232,traditional,0.162176,1.854464,0.205824,2.222464
1233,traditional,0.160704,1.820672,0.200704,2.182080
1234,traditional,0.167264,1.833984,0.200704,2.201952
1235,traditional,0.161536,1.568768,0.200704,1.931008
1236,traditional,0.168384,1.573888,0.200704,1.942976
1237,traditional,0.167264,1.810432,0.210944,2.188640
1238,traditional,0.166240,1.794048,0.204800,2.165088
1239,traditional,0.161984,1.826816,0.209920,2.198720
1240,traditional,0.163424,1.835008,0.200704,2.199136
1241,traditional,0.169952,1.846272,0.200704,2.216928
1242,traditional,0.162656,1.595392,0.201728,1.959776
1243,traditional,0.165440,1.815552,0.205824,2.186816
1244,traditional,0.164448,1.801216,0.199680,2.165344
1245,traditional,0.186240,1.593344,0.200704,1.980288
1246,traditional,0.162464,1.579008,0.199680,1.941152
1247,traditional,0.161536,1.579008,0.200704,1.941248
1248,traditional,0.174080,1.814528,0.206848,2.195456
1249,traditional,0.162144,1.573888,0.199680,1.935712
1250,traditional,0.161568,1.565696,0.200704,1.927968
1251,traditional,0.164672,1.604608,0.200704,1.969984
1252,traditional,0.166496,1.887232,0.204800,2.258528
1253,traditional,0.164736,1.598464,0.199680,1.962880
1254,traditional,0.164416,1.609728,0.200704,1.974848
1255,traditional,0.164640,1.617920,0.204800,1.987360
1256,traditional,0.163808,1.588224,0.200704,1.952736
1257,traditional,0.161696,1.604608,0.203776,1.970080
1258,traditional,0.161248,1.586176,0.208896,1.956320
1259,traditional,0.161760,1.583104,0.200704,1.945568
1260,traditional,0.163520,1.571840,0.200704,1.936064
1261,traditional,0.165312,1.600512,0.200704,1.966528
1262,traditional,0.163712,1.598464,0.199680,1.961856
1263,traditional,0.166080,1.572864,0.200704,1.939648
1264,traditional,0.162720,1.885184,0.199680,2.247584
1265,traditional,0.161984,1.586176,0.200704,1.948864
1266,traditional,0.163136,1.565696,0.207872,1.936704
1267,traditional,0.160864,1.569792,0.200704,1.931360
1268,traditional,0.172672,1.604608,0.200704,1.977984
1269,traditional,0.160512,1.588224,0.200704,1.949440
1270,traditional,0.162656,1.845248,0.204800,2.212704
1271,traditional,0.162688,1.577984,0.200704,1.941376
1272,traditional,0.162656,1.577984,0.201728,1.942368
1273,traditional,0.162176,1.620992,0.200704,1.983872
1274,traditional,0.186752,1.606656,0.200704,1.994112
1275,traditional,0.165504,1.586176,0.200704,1.952384
1276,traditional,0.163168,1.586176,0.200704,1.950048
1277,traditional,0.161504,1.570816,0.209920,1.942240
1278,traditional,0.163904,1.615872,0.200704,1.980480
1279,traditional,0.176224,1.875968,0.199680,2.251872
1280,traditional,0.165504,1.589248,0.199680,1.954432
1281,traditional,0.161888,1.646592,0.220160,2.028640
1282,traditional,0.160224,1.584128,0.212992,1.957344
1283,traditional,0.162976,1.618944,0.200704,1.982624
1284,traditional,0.170080,1.611776,0.200704,1.982560
1285,traditional,0.174176,1.605632,0.199680,1.979488
1286,traditional,0.162976,1.612800,0.204800,1.980576
1287,traditional,0.185216,1.865728,0.200704,2.251648
1288,traditional,0.162464,1.602560,0.199680,1.964704
1289,traditional,0.173824,1.600512,0.200704,1.975040
1290,traditional,0.161472,1.632256,0.200704,1.994432
1291,traditional,0.164672,1.585152,0.200704,1.950528
1292,traditional,0.162944,1.573888,0.199680,1.936512
1293,traditional,0.175040,1.613824,0.200704,1.989568
1294,traditional,0.162816,1.583104,0.200704,1.946624
1295,traditional,0.162176,1.628160,0.200704,1.991040
1296,traditional,0.162080,1.585152,0.200704,1.947936
1297,traditional,0.160608,1.604608,0.201728,1.966944
1298,traditional,0.167584,1.622016,0.200704,1.990304
1299,traditional,0.161600,1.618944,0.200704,1.981248
1300,traditional,0.168128,1.586176,0.203776,1.958080
1301,traditional,0.165440,1.594368,0.200704,1.960512
1302,traditional,0.161728,1.581056,0.199680,1.942464
1303,traditional,0.181824,1.564672,0.199680,1.946176
1304,traditional,0.162560,1.562624,0.199680,1.924864
1305,traditional,0.163488,1.610752,0.199680,1.973920
1306,traditional,0.162848,1.567744,0.199680,1.930272
1307,traditional,0.161920,1.608704,0.199680,1.970304
1308,traditional,0.162816,1.561600,0.200704,1.925120
1309,traditional,0.162304,1.579008,0.199680,1.940992
1310,traditional,0.165888,1.598464,0.200704,1.965056
1311,traditional,0.175264,1.588224,0.199680,1.963168
1312,traditional,0.163168,1.594368,0.200704,1.958240
1313,traditional,0.164288,1.594368,0.200704,1.959360
1314,traditional,0.164416,1.601536,0.200704,1.966656
1315,traditional,0.162592,1.572864,0.200704,1.936160
1316,traditional,0.160896,1.577984,0.199680,1.938560
1317,traditional,0.163680,1.566720,0.199680,1.930080
1318,traditional,0.161152,1.579008,0.200704,1.940864
1319,traditional,0.161792,1.576960,0.203776,1.942528
1320,traditional,0.177920,1.584128,0.199680,1.961728
1321,traditional,0.161056,1.575936,0.200704,1.937696
1322,traditional,0.162880,1.594368,0.200704,1.957952
1323,traditional,0.175232,1.591296,0.199680,1.966208
1324,traditional,0.161856,1.588224,0.199680,1.949760
1325,traditional,0.164032,1.560576,0.199680,1.924288
1326,traditional,0.175808,1.572864,0.200704,1.949376
1327,traditional,0.168736,1.595392,0.199680,1.963808
1328,traditional,0.162976,1.584128,0.200704,1.947808
1329,traditional,0.162368,1.603584,0.199680,1.965632
1330,traditional,0.163552,1.626112,0.200704,1.990368
1331,traditional,0.164576,1.574912,0.199680,1.939168
1332,traditional,0.163136,1.613824,0.200704,1.977664
1333,traditional,0.164544,1.565696,0.200704,1.930944
1334,traditional,0.165344,1.583104,0.200704,1.949152
1335,traditional,0.171456,1.809408,0.206848,2.187712
1336,traditional,0.167648,1.559552,0.200704,1.927904
1337,traditional,0.162624,1.582080,0.203776,1.948480
1338,traditional,0.161696,1.568768,0.199680,1.930144
1339,traditional,0.164768,1.575936,0.199680,1.940384
1340,traditional,0.166592,1.583104,0.199680,1.949376
1341,traditional,0.162080,1.568768,0.199680,1.930528
1342,traditional,0.164000,1.575936,0.200704,1.940640
1343,traditional,0.164768,1.587200,0.199680,1.951648
1344,traditional,0.165504,1.552384,0.200704,1.918592
1345,traditional,0.188736,1.550336,0.200704,1.939776
1346,traditional,0.162560,1.594368,0.199680,1.956608
1347,traditional,0.164512,1.597440,0.199680,1.961632
1348,traditional,0.182560,1.608704,0.202752,1.994016
1349,traditional,0.166752,1.798144,0.431104,2.396000
1350,traditional,0.162144,1.774592,0.199680,2.136416
1351,traditional,0.163264,1.615872,0.203776,1.982912
1352,traditional,0.163808,1.619968,0.203776,1.987552
1353,traditional,0.169952,1.630208,0.199680,1.999840
1354,traditional,0.171584,1.789952,0.200704,2.162240
1355,traditional,0.170432,1.607680,0.199680,1.977792
1356,traditional,0.184928,1.600512,0.200704,1.986144
1357,traditional,0.168672,1.574912,0.199680,1.943264
1358,traditional,0.162656,1.572864,0.199680,1.935200
1359,traditional,0.163904,1.629184,0.200704,1.993792
1360,traditional,0.160608,1.586176,0.200704,1.947488
1361,traditional,0.166976,1.588224,0.200704,1.955904
1362,traditional,0.164480,1.803264,0.204800,2.172544
1363,traditional,0.184448,1.794048,0.200704,2.179200
1364,traditional,0.172288,1.551360,0.200704,1.924352
1365,traditional,0.165760,1.581056,0.199680,1.946496
1366,traditional,0.175456,1.803264,0.204800,2.183520
1367,traditional,0.166240,1.574912,0.200704,1.941856
1368,traditional,0.165824,1.573888,0.200704,1.940416
1369,traditional,0.162912,1.574912,0.199680,1.937504
1370,traditional,0.169920,1.594368,0.200704,1.964992
1371,traditional,0.164192,1.579008,0.207872,1.951072
1372,traditional,0.163776,1.631232,0.199680,1.994688
1373,traditional,0.162528,1.808384,0.200704,2.171616
1374,traditional,0.162560,1.788928,0.200704,2.152192
1375,traditional,0.161952,1.574912,0.200704,1.937568
1376,traditional,0.176160,1.574912,0.199680,1.950752
1377,traditional,0.191136,1.603584,0.207872,2.002592
1378,traditional,0.164000,1.581056,0.199680,1.944736
1379,traditional,0.163232,1.861632,0.204800,2.229664
1380,traditional,0.168448,1.831936,0.200704,2.201088
1381,traditional,0.162976,1.583104,0.203776,1.949856
1382,traditional,0.166944,1.568768,0.200704,1.936416
1383,traditional,0.162528,1.630208,0.200704,1.993440
1384,traditional,0.162720,1.857536,0.200704,2.220960
1385,traditional,0.167264,1.567744,0.200704,1.935712
1386,traditional,0.164288,1.576960,0.199680,1.940928
1387,traditional,0.163808,1.582080,0.200704,1.946592
1388,traditional,0.164384,1.587200,0.199680,1.951264
1389,traditional,0.163520,1.560576,0.200704,1.924800
1390,traditional,0.171744,1.570816,0.199680,1.942240
1391,traditional,0.162208,1.593344,0.200704,1.956256
1392,traditional,0.163136,1.557504,0.199680,1.920320
1393,traditional,0.162080,1.567744,0.200704,1.930528
1394,traditional,0.169664,1.584128,0.203776,1.957568
1395,traditional,0.167904,1.565696,0.199680,1.933280
1396,traditional,0.165824,1.585152,0.200704,1.951680
1397,traditional,0.162976,1.573888,0.200704,1.937568
1398,traditional,0.160512,1.567744,0.200704,1.928960
1399,traditional,0.161440,1.562624,0.204800,1.928864
1400,traditional,0.165376,1.573888,0.199680,1.938944
1401,traditional,0.162592,1.568768,0.201728,1.933088
1402,traditional,0.162368,1.562624,0.199680,1.924672
1403,traditional,0.187584,1.579008,0.200704,1.967296
1404,traditional,0.165696,1.606656,0.200704,1.973056
1405,traditional,0.161568,1.577984,0.200704,1.940256
1406,traditional,0.162144,1.572864,0.200704,1.935712
1407,traditional,0.160896,1.587200,0.203776,1.951872
1408,traditional,0.162880,1.604608,0.208896,1.976384
1409,traditional,0.161632,1.562624,0.199680,1.923936
1410,traditional,0.161184,1.563648,0.199680,1.924512
1411,traditional,0.166976,1.571840,0.200704,1.939520
1412,traditional,0.178016,1.568768,0.200704,1.947488
1413,traditional,0.165152,1.568768,0.199680,1.933600
1414,traditional,0.165888,1.602560,0.200704,1.969152
1415,traditional,0.166240,1.584128,0.204800,1.955168
1416,traditional,0.205664,1.591296,0.200704,1.997664
1417,traditional,0.164128,1.576960,0.201728,1.942816
1418,traditional,0.182112,1.965056,0.204800,2.351968
1419,traditional,0.163264,1.580032,0.200704,1.944000
1420,traditional,0.163552,1.605632,0.208896,1.978080
1421,traditional,0.162784,1.842176,0.200704,2.205664
1422,traditional,0.192864,1.800192,0.200704,2.193760
1423,traditional,0.170976,1.808384,0.199680,2.179040
1424,traditional,0.171392,1.793024,0.199680,2.164096
1425,traditional,0.171520,1.576960,0.200704,1.949184
1426,traditional,0.161472,1.798144,0.200704,2.160320
1427,traditional,0.164704,1.577984,0.200704,1.943392
1428,traditional,0.166016,1.604608,0.203776,1.974400
1429,traditional,0.169440,1.579008,0.200704,1.949152
1430,traditional,0.163168,1.566720,0.200704,1.930592
1431,traditional,0.162944,1.865728,0.203776,2.232448
1432,traditional,0.169824,1.853440,0.199680,2.222944
1433,traditional,0.161824,1.583104,0.200704,1.945632
1434,traditional,0.162592,1.632256,0.200704,1.995552
1435,traditional,0.164256,1.796096,0.206848,2.167200
1436,traditional,0.171040,1.848320,0.208896,2.228256
1437,traditional,0.177280,1.584128,0.199680,1.961088
1438,traditional,0.161024,1.582080,0.200704,1.943808
1439,traditional,0.164384,1.612800,0.200704,1.977888
1440,traditional,0.170208,1.879040,0.204800,2.254048
1441,traditional,0.171168,2.091008,0.207872,2.470048
1442,traditional,0.163040,1.576960,0.200704,1.940704
1443,traditional,0.167200,1.561600,0.200704,1.929504
1444,traditional,0.163712,1.576960,0.206848,1.947520
1445,traditional,0.161184,1.856512,0.205824,2.223520
1446,traditional,0.163904,1.614848,0.200704,1.979456
1447,traditional,0.160352,1.572864,0.200704,1.933920
1448,traditional,0.171808,1.828864,0.207872,2.208544
1449,traditional,0.163008,1.567744,0.200704,1.931456
1450,traditional,0.164992,1.585152,0.200704,1.950848
1451,traditional,0.175168,1.602560,0.199680,1.977408
1452,traditional,0.162624,1.613824,0.203776,1.980224
1453,traditional,0.164160,1.570816,0.199680,1.934656
1454,traditional,0.162848,1.576960,0.200704,1.940512
1455,traditional,0.172832,1.837056,0.203776,2.213664
1456,traditional,0.168000,1.586176,0.200704,1.954880
1457,traditional,0.165152,1.581056,0.200704,1.946912
1458,traditional,0.164608,1.607680,0.200704,1.972992
1459,traditional,0.166496,1.559552,0.199680,1.925728
1460,traditional,0.161696,1.589248,0.200704,1.951648
1461,traditional,0.163680,1.563648,0.199680,1.927008
1462,traditional,0.163744,1.569792,0.200704,1.934240
1463,traditional,0.162208,1.581056,0.200704,1.943968
1464,traditional,0.166528,1.580032,0.200704,1.947264
1465,traditional,0.162112,1.608704,0.200704,1.971520
1466,traditional,0.161440,1.583104,0.200704,1.945248
1467,traditional,0.162176,1.583104,0.199680,1.944960
1468,traditional,0.162944,1.583104,0.199680,1.945728
1469,traditional,0.171552,1.623040,0.200704,1.995296
1470,traditional,0.162144,1.642496,0.200704,2.005344
1471,traditional,0.162720,1.570816,0.199680,1.933216
1472,traditional,0.181184,1.812480,0.200704,2.194368
1473,traditional,0.161472,1.584128,0.202752,1.948352
1474,traditional,0.165568,1.906688,0.204800,2.277056
1475,traditional,0.173824,1.568768,0.200704,1.943296
1476,traditional,0.163040,1.845248,0.203776,2.212064
1477,traditional,0.162976,1.577984,0.200704,1.941664
1478,traditional,0.188320,1.605632,0.200704,1.994656
1479,traditional,0.166464,1.581056,0.199680,1.947200
1480,traditional,0.167104,1.568768,0.199680,1.935552
1481,traditional,0.162304,1.795072,0.205824,2.163200
1482,traditional,0.162336,1.590272,0.199680,1.952288
1483,traditional,0.165888,1.587200,0.205824,1.958912
1484,traditional,0.166272,1.575936,0.200704,1.942912
1485,traditional,0.175296,1.574912,0.199680,1.949888
1486,traditional,0.166240,1.564672,0.199680,1.930592
1487,traditional,0.162688,1.844224,0.200704,2.207616
1488,traditional,0.164000,1.560576,0.200704,1.925280
1489,traditional,0.164416,1.809408,0.204800,2.178624
1490,traditional,0.163648,1.808384,0.200704,2.172736
1491,traditional,0.167904,1.602560,0.200704,1.971168
1492,traditional,0.162912,1.609728,0.199680,1.972320
1493,traditional,0.162304,1.572864,0.200704,1.935872
1494,traditional,0.167136,1.586176,0.200704,1.954016
1495,traditional,0.161952,1.572864,0.200704,1.935520
1496,traditional,0.162016,1.843200,0.204800,2.210016
1497,traditional,0.169056,1.849344,0.200704,2.219104
1498,traditional,0.163456,1.807360,0.204800,2.175616
1499,traditional,0.176640,1.837056,0.221184,2.234880
1500,traditional,0.180960,1.816576,0.204800,2.202336
1501,traditional,0.162752,1.570816,0.200704,1.934272
1502,traditional,0.163136,1.592320,0.204800,1.960256
1503,traditional,0.162368,1.851392,0.204800,2.218560
1504,traditional,0.167872,1.600512,0.200704,1.969088
1505,traditional,0.162208,1.585152,0.199680,1.947040
1506,traditional,0.163168,1.584128,0.199680,1.946976
1507,traditional,0.161952,1.573888,0.200704,1.936544
1508,traditional,0.165824,1.570816,0.200704,1.937344
1509,traditional,0.168352,1.567744,0.200704,1.936800
1510,traditional,0.162592,1.580032,0.200704,1.943328
1511,traditional,0.164480,1.572864,0.199680,1.937024
1512,traditional,0.161312,1.575936,0.200704,1.937952
1513,traditional,0.168064,1.571840,0.199680,1.939584
1514,traditional,0.163264,1.590272,0.202752,1.956288
1515,traditional,0.162752,1.929216,0.204800,2.296768
1516,traditional,0.164416,1.569792,0.199680,1.933888
1517,traditional,0.165024,1.587200,0.200704,1.952928
1518,traditional,0.162592,1.566720,0.200704,1.930016
1519,traditional,0.162208,1.587200,0.200704,1.950112
1520,traditional,0.166688,1.565696,0.200704,1.933088
1521,traditional,0.163072,1.584128,0.199680,1.946880
1522,traditional,0.167680,1.840128,0.203776,2.211584
1523,traditional,0.190752,1.601536,0.200704,1.992992
1524,traditional,0.169600,1.610752,0.199680,1.980032
1525,traditional,0.170912,1.862656,0.200704,2.234272
1526,traditional,0.163136,1.888256,0.200704,2.252096
1527,traditional,0.161696,1.611776,0.200704,1.974176
1528,traditional,0.160960,1.839104,0.205824,2.205888
1529,traditional,0.166496,1.830912,0.200704,2.198112
1530,traditional,0.160896,1.658880,0.200704,2.020480
1531,traditional,0.161376,1.634304,0.200704,1.996384
1532,traditional,0.174944,1.859584,0.200704,2.235232
1533,traditional,0.176640,1.837056,0.200704,2.214400
1534,traditional,0.165632,1.871872,0.211968,2.249472
1535,traditional,0.167488,1.594368,0.199680,1.961536
1536,traditional,0.162336,1.864704,0.208896,2.235936
1537,traditional,0.166528,2.104320,0.208896,2.479744
1538,traditional,0.172128,1.615872,0.199680,1.987680
1539,traditional,0.176192,1.588224,0.199680,1.964096
1540,traditional,0.165856,1.781760,0.206848,2.154464
1541,traditional,0.169184,1.794048,0.199680,2.162912
1542,traditional,0.169856,1.857536,0.204800,2.232192
1543,traditional,0.167136,1.797120,0.199680,2.163936
1544,traditional,0.180992,1.565696,0.226304,1.972992
1545,traditional,0.168416,1.587200,0.200704,1.956320
1546,traditional,0.164864,1.804288,0.203776,2.172928
1547,traditional,0.164768,1.557504,0.200704,1.922976
1548,traditional,0.169536,1.570816,0.199680,1.940032
1549,traditional,0.162592,1.583104,0.199680,1.945376
1550,traditional,0.167072,1.567744,0.200704,1.935520
1551,traditional,0.166432,1.869824,0.203776,2.240032
1552,traditional,0.169312,1.843200,0.200704,2.213216
1553,traditional,0.164864,1.579008,0.199680,1.943552
1554,traditional,0.162976,1.572864,0.199680,1.935520
1555,traditional,0.162304,1.554432,0.199680,1.916416
1556,traditional,0.165536,1.607680,0.199680,1.972896
1557,traditional,0.163360,1.598464,0.200704,1.962528
1558,traditional,0.162880,1.835008,0.199680,2.197568
1559,traditional,0.164672,1.589248,0.199680,1.953600
1560,traditional,0.163616,1.598464,0.200704,1.962784
1561,traditional,0.166336,1.571840,0.200704,1.938880
1562,traditional,0.163808,1.571840,0.200704,1.936352
1563,traditional,0.164832,1.582080,0.199680,1.946592
1564,traditional,0.167616,1.589248,0.200704,1.957568
1565,traditional,0.166304,1.848320,0.208896,2.223520
1566,traditional,0.166304,1.583104,0.200704,1.950112
1567,traditional,0.163776,1.592320,0.200704,1.956800
1568,traditional,0.162688,1.563648,0.199680,1.926016
1569,traditional,0.165024,1.555456,0.199680,1.920160
1570,traditional,0.162784,1.550336,0.200704,1.913824
1571,traditional,0.164128,1.564672,0.199680,1.928480
1572,traditional,0.162336,1.562624,0.201728,1.926688
1573,traditional,0.162208,1.825792,0.206848,2.194848
1574,traditional,0.163712,1.572864,0.199680,1.936256
1575,traditional,0.161696,1.602560,0.203776,1.968032
1576,traditional,0.163008,1.564672,0.200704,1.928384
1577,traditional,0.176608,1.563648,0.199680,1.939936
1578,traditional,0.161280,1.554432,0.199680,1.915392
1579,traditional,0.163616,1.556480,0.200704,1.920800
1580,traditional,0.166048,1.531904,0.199680,1.897632
1581,traditional,0.162816,1.560576,0.200704,1.924096
1582,traditional,0.163008,1.825792,0.204800,2.193600
1583,traditional,0.167328,1.532928,0.199680,1.899936
1584,traditional,0.162560,1.533952,0.200704,1.897216
1585,traditional,0.162976,1.547264,0.199680,1.909920
1586,traditional,0.164704,1.579008,0.199680,1.943392
1587,traditional,0.170848,1.561600,0.199680,1.932128
1588,traditional,0.189088,1.577984,0.199680,1.966752
1589,traditional,0.163584,1.599488,0.200704,1.963776
1590,traditional,0.173888,1.561600,0.199680,1.935168
1591,traditional,0.163328,1.873920,0.203776,2.241024
1592,traditional,0.164032,1.595392,0.199680,1.959104
1593,traditional,0.162976,1.616896,0.200704,1.980576
1594,traditional,0.170784,1.859584,0.199680,2.230048
1595,traditional,0.161856,1.559552,0.199680,1.921088
1596,traditional,0.162720,1.830912,0.200704,2.194336
1597,traditional,0.177344,1.837056,0.199680,2.214080
1598,traditional,0.164704,1.591296,0.199680,1.955680
1599,traditional,0.162720,1.575936,0.199680,1.938336
1600,traditional,0.172512,1.568768,0.199680,1.940960
1601,traditional,0.162432,1.588224,0.200704,1.951360
1602,traditional,0.166048,1.583104,0.199680,1.948832
1603,traditional,0.167232,1.570816,0.199680,1.937728
1604,traditional,0.161248,2.039808,0.204800,2.405856
1605,traditional,0.162784,1.577984,0.199680,1.940448
1606,traditional,0.171616,1.591296,0.199680,1.962592
1607,traditional,0.166112,1.584128,0.200704,1.950944
1608,traditional,0.169856,1.835008,0.199680,2.204544
1609,traditional,0.168960,1.584128,0.205824,1.958912
1610,traditional,0.168448,1.563648,0.199680,1.931776
1611,traditional,0.188416,1.831936,0.203776,2.224128
1612,traditional,0.163456,1.807360,0.204800,2.175616
1613,traditional,0.170688,1.824768,0.200704,2.196160
1614,traditional,0.163136,1.589248,0.199680,1.952064
1615,traditional,0.162944,1.571840,0.200704,1.935488
1616,traditional,0.163552,1.566720,0.199680,1.929952
1617,traditional,0.167904,2.006016,0.205824,2.379744
1618,traditional,0.163840,1.850368,0.205824,2.220032
1619,traditional,0.163392,1.611776,0.199680,1.974848
1620,traditional,0.162272,1.565696,0.200704,1.928672
1621,traditional,0.161824,1.566720,0.199680,1.928224
1622,traditional,0.164640,1.582080,0.199680,1.946400
1623,traditional,0.166592,1.577984,0.200704,1.945280
1624,traditional,0.166912,1.584128,0.200704,1.951744
1625,traditional,0.182048,1.573888,0.199680,1.955616
1626,traditional,0.164352,1.595392,0.199680,1.959424
1627,traditional,0.166464,1.626112,0.199680,1.992256
1628,traditional,0.173120,1.590272,0.199680,1.963072
1629,traditional,0.164096,1.575936,0.200704,1.940736
1630,traditional,0.169536,1.561600,0.199680,1.930816
1631,traditional,0.166752,1.563648,0.199680,1.930080
1632,traditional,0.182144,1.561600,0.200704,1.944448
1633,traditional,0.164352,1.612800,0.202752,1.979904
1634,traditional,0.161440,1.566720,0.200704,1.928864
1635,traditional,0.163136,1.590272,0.199680,1.953088
1636,traditional,0.161696,1.576960,0.199680,1.938336
1637,traditional,0.161568,1.569792,0.200704,1.932064
1638,traditional,0.161696,1.580032,0.199680,1.941408
1639,traditional,0.162272,1.576960,0.203776,1.943008
1640,traditional,0.167232,1.568768,0.200704,1.936704
1641,traditional,0.161984,1.602560,0.201728,1.966272
1642,traditional,0.162688,1.626112,0.200704,1.989504
1643,traditional,0.171840,1.633280,0.200704,2.005824
1644,traditional,0.163488,1.593344,0.200704,1.957536
1645,traditional,0.165664,1.591296,0.201728,1.958688
1646,traditional,0.161984,1.616896,0.208896,1.987776
1647,traditional,0.185888,1.591296,0.200704,1.977888
1648,traditional,0.170016,1.598464,0.200704,1.969184
1649,traditional,0.166048,1.857536,0.204800,2.228384
1650,traditional,0.163008,1.579008,0.200704,1.942720
1651,traditional,0.162432,1.602560,0.202752,1.967744
1652,traditional,0.165184,1.574912,0.200704,1.940800
1653,traditional,0.166464,1.584128,0.199680,1.950272
1654,traditional,0.160704,1.574912,0.200704,1.936320
1655,traditional,0.161824,1.594368,0.200704,1.956896
1656,traditional,0.160576,1.581056,0.200704,1.942336
1657,traditional,0.161920,1.563648,0.200704,1.926272
1658,traditional,0.161344,1.583104,0.209920,1.954368
1659,traditional,0.160032,1.558528,0.201728,1.920288
1660,traditional,0.162176,1.575936,0.199680,1.937792
1661,traditional,0.170144,1.570816,0.200704,1.941664
1662,traditional,0.186336,1.634304,0.200704,2.021344
1663,traditional,0.165472,1.571840,0.200704,1.938016
1664,traditional,0.161568,1.598464,0.199680,1.959712
1665,traditional,0.161632,1.838080,0.204800,2.204512
1666,traditional,0.166720,1.604608,0.200704,1.972032
1667,traditional,0.162432,1.597440,0.200704,1.960576
1668,traditional,0.161376,1.583104,0.200704,1.945184
1669,traditional,0.161568,1.633280,0.199680,1.994528
1670,traditional,0.161824,1.619968,0.199680,1.981472
1671,traditional,0.165504,1.647616,0.199680,2.012800
1672,traditional,0.178080,1.591296,0.200704,1.970080
1673,traditional,0.165440,1.560576,0.200704,1.926720
1674,traditional,0.166784,1.568768,0.200704,1.936256
1675,traditional,0.166432,1.566720,0.208896,1.942048
1676,traditional,0.160576,1.561600,0.200704,1.922880
1677,traditional,0.162688,1.850368,0.204800,2.217856
1678,traditional,0.163296,1.562624,0.200704,1.926624
1679,traditional,0.161664,1.581056,0.200704,1.943424
1680,traditional,0.162432,1.569792,0.200704,1.932928
1681,traditional,0.160544,1.558528,0.200704,1.919776
1682,traditional,0.165504,1.818624,0.205824,2.189952
1683,traditional,0.161472,1.609728,0.200704,1.971904
1684,traditional,0.162816,1.570816,0.199680,1.933312
1685,traditional,0.161952,1.558528,0.200704,1.921184
1686,traditional,0.175744,1.573888,0.199680,1.949312
1687,traditional,0.166592,1.609728,0.200704,1.977024
1688,traditional,0.162656,1.555456,0.200704,1.918816
1689,traditional,0.161856,1.583104,0.199680,1.944640
1690,traditional,0.163264,1.844224,0.200704,2.208192
1691,traditional,0.165120,1.557504,0.200704,1.923328
1692,traditional,0.161120,1.559552,0.200704,1.921376
1693,traditional,0.163456,1.559552,0.200704,1.923712
1694,traditional,0.163264,1.604608,0.200704,1.968576
1695,traditional,0.161632,1.603584,0.200704,1.965920
1696,traditional,0.164864,1.576960,0.200704,1.942528
1697,traditional,0.164064,1.594368,0.200704,1.959136
1698,traditional,0.169216,1.567744,0.200704,1.937664
1699,traditional,0.161984,1.617920,0.200704,1.980608
1700,traditional,0.161632,1.576960,0.200704,1.939296
1701,traditional,0.162112,1.572864,0.199680,1.934656
1702,traditional,0.167520,1.607680,0.200704,1.975904
1703,traditional,0.162496,1.594368,0.200704,1.957568
1704,traditional,0.161376,1.595392,0.200704,1.957472
1705,traditional,0.160864,1.566720,0.199680,1.927264
1706,traditional,0.161376,1.575936,0.200704,1.938016
1707,traditional,0.164096,1.596416,0.199680,1.960192
1708,traditional,0.161376,1.573888,0.212992,1.948256
1709,traditional,0.162400,1.574912,0.200704,1.938016
1710,traditional,0.161728,1.586176,0.200704,1.948608
1711,traditional,0.161984,1.597440,0.200704,1.960128
1712,traditional,0.168032,1.555456,0.200704,1.924192
1713,traditional,0.165760,1.584128,0.200704,1.950592
1714,traditional,0.163648,1.579008,0.215040,1.957696
1715,traditional,0.166528,1.894400,0.199680,2.260608
1716,traditional,0.166944,1.600512,0.208896,1.976352
1717,traditional,0.161728,1.584128,0.199680,1.945536
1718,traditional,0.162592,1.575936,0.200704,1.939232
1719,traditional,0.180896,1.561600,0.214016,1.956512
1720,traditional,0.162208,1.576960,0.199680,1.938848
1721,traditional,0.167488,1.565696,0.200704,1.933888
1722,traditional,0.166912,1.567744,0.200704,1.935360
1723,traditional,0.167360,1.562624,0.200704,1.930688
1724,traditional,0.161856,1.566720,0.199680,1.928256
1725,traditional,0.162560,1.579008,0.200704,1.942272
1726,traditional,0.166432,1.590272,0.200704,1.957408
1727,traditional,0.163200,1.831936,0.204800,2.199936
1728,traditional,0.162624,1.802240,0.205824,2.170688
1729,traditional,0.161280,1.828864,0.204800,2.194944
1730,traditional,0.163840,1.615872,0.200704,1.980416
1731,traditional,0.167296,1.788928,0.204800,2.161024
1732,traditional,0.179264,1.576960,0.200704,1.956928
1733,traditional,0.166048,1.589248,0.200704,1.956000
1734,traditional,0.163616,1.572864,0.202752,1.939232
1735,traditional,0.163264,1.845248,0.204800,2.213312
1736,traditional,0.166848,1.826816,0.199680,2.193344
1737,traditional,0.162176,1.596416,0.200704,1.959296
1738,traditional,0.163616,1.567744,0.200704,1.932064
1739,traditional,0.178816,1.561600,0.200704,1.941120
1740,traditional,0.170688,1.828864,0.200704,2.200256
1741,traditional,0.169024,1.559552,0.200704,1.929280
1742,traditional,0.168576,1.797120,0.204800,2.170496
1743,traditional,0.162336,1.814528,0.200704,2.177568
1744,traditional,0.181152,1.582080,0.200704,1.963936
1745,traditional,0.168032,1.582080,0.200704,1.950816
1746,traditional,0.168384,1.847296,0.204800,2.220480
1747,traditional,0.172896,1.591296,0.199680,1.963872
1748,traditional,0.176192,1.600512,0.200704,1.977408
1749,traditional,0.164896,1.615872,0.199680,1.980448
1750,traditional,0.163584,1.599488,0.200704,1.963776
1751,traditional,0.163328,1.563648,0.200704,1.927680
1752,traditional,0.163264,1.580032,0.200704,1.944000
1753,traditional,0.169504,1.577984,0.200704,1.948192
1754,traditional,0.161856,1.576960,0.200704,1.939520
1755,traditional,0.164128,1.593344,0.200704,1.958176
1756,traditional,0.169440,1.559552,0.200704,1.929696
1757,traditional,0.187424,1.569792,0.200704,1.957920
1758,traditional,0.161696,1.561600,0.200704,1.924000
1759,traditional,0.161824,1.588224,0.206848,1.956896
1760,traditional,0.166464,1.604608,0.209920,1.980992
1761,traditional,0.163616,1.582080,0.200704,1.946400
1762,traditional,0.160960,1.584128,0.200704,1.945792
1763,traditional,0.165088,1.612800,0.200704,1.978592
1764,traditional,0.160960,1.589248,0.199680,1.949888
1765,traditional,0.161632,1.599488,0.200704,1.961824
1766,traditional,0.170496,1.616896,0.200704,1.988096
1767,traditional,0.165664,1.574912,0.199680,1.940256
1768,traditional,0.165984,1.584128,0.200704,1.950816
1769,traditional,0.166880,1.571840,0.199680,1.938400
1770,traditional,0.172480,1.572864,0.199680,1.945024
1771,traditional,0.162848,1.624064,0.204800,1.991712
1772,traditional,0.164608,1.602560,0.199680,1.966848
1773,traditional,0.167840,1.605632,0.199680,1.973152
1774,traditional,0.167072,1.613824,0.200704,1.981600
1775,traditional,0.161984,1.581056,0.200704,1.943744
1776,traditional,0.161120,1.620992,0.210944,1.993056
1777,traditional,0.162976,1.606656,0.199680,1.969312
1778,traditional,0.163008,1.618944,0.199680,1.981632
1779,traditional,0.164768,1.588224,0.200704,1.953696
1780,traditional,0.176128,1.879040,0.203776,2.258944
1781,traditional,0.169376,1.567744,0.200704,1.937824
1782,traditional,0.164736,1.591296,0.202752,1.958784
1783,traditional,0.187744,1.584128,0.200704,1.972576
1784,traditional,0.161504,1.563648,0.199680,1.924832
1785,traditional,0.163712,1.565696,0.199680,1.929088
1786,traditional,0.163520,1.570816,0.200704,1.935040
1787,traditional,0.161312,1.563648,0.199680,1.924640
1788,traditional,0.167904,1.577984,0.200704,1.946592
1789,traditional,0.166816,1.582080,0.200704,1.949600
1790,traditional,0.163136,1.601536,0.199680,1.964352
1791,traditional,0.163488,1.587200,0.199680,1.950368
1792,traditional,0.162688,1.608704,0.200704,1.972096
1793,traditional,0.164000,1.601536,0.199680,1.965216
1794,traditional,0.169184,1.596416,0.200704,1.966304
1795,traditional,0.164704,1.575936,0.205824,1.946464
1796,traditional,0.163904,1.912832,0.209920,2.286656
1797,traditional,0.169216,1.584128,0.199680,1.953024
1798,traditional,0.166144,1.601536,0.200704,1.968384
1799,traditional,0.167776,1.611776,0.199680,1.979232
1800,traditional,0.170624,1.570816,0.200704,1.942144
1801,traditional,0.166336,1.587200,0.199680,1.953216
1802,traditional,0.164192,1.574912,0.199680,1.938784
1803,traditional,0.174240,1.856512,0.204800,2.235552
1804,traditional,0.164096,1.568768,0.199680,1.932544
1805,traditional,0.162208,1.576960,0.199680,1.938848
1806,traditional,0.162720,1.594368,0.199680,1.956768
1807,traditional,0.172864,1.560576,0.200704,1.934144
1808,traditional,0.164032,1.564672,0.199680,1.928384
1809,traditional,0.161696,1.555456,0.200704,1.917856
1810,traditional,0.176640,1.566720,0.200704,1.944064
1811,traditional,0.163808,1.568768,0.199680,1.932256
1812,traditional,0.164160,1.571840,0.199680,1.935680
1813,traditional,0.164160,1.550336,0.199680,1.914176
1814,traditional,0.162496,1.536000,0.200704,1.899200
1815,traditional,0.164544,1.559552,0.200704,1.924800
1816,traditional,0.160736,1.539072,0.199680,1.899488
1817,traditional,0.160576,1.792000,0.200704,2.153280
1818,traditional,0.165984,1.551360,0.199680,1.917024
1819,traditional,0.163584,1.536000,0.200704,1.900288
1820,traditional,0.162240,1.534976,0.200704,1.897920
1821,traditional,0.162368,1.530880,0.199680,1.892928
1822,traditional,0.162304,1.525760,0.200704,1.888768
1823,traditional,0.173184,1.529856,0.200704,1.903744
1824,traditional,0.164192,1.533952,0.199680,1.897824
1825,traditional,0.170656,1.531904,0.200704,1.903264
1826,traditional,0.161984,1.802240,0.204800,2.169024
1827,traditional,0.195936,1.567744,0.200704,1.964384
1828,traditional,0.160864,1.562624,0.199680,1.923168
1829,traditional,0.162848,1.589248,0.199680,1.951776
1830,traditional,0.162208,1.562624,0.199680,1.924512
1831,traditional,0.162912,1.582080,0.199680,1.944672
1832,traditional,0.162656,1.544192,0.200704,1.907552
1833,traditional,0.169248,1.562624,0.199680,1.931552
1834,traditional,0.163552,1.537024,0.199680,1.900256
1835,traditional,0.167616,1.817600,0.204800,2.190016
1836,traditional,0.163232,1.541120,0.199680,1.904032
1837,traditional,0.162208,1.598464,0.199680,1.960352
1838,traditional,0.162912,1.581056,0.200704,1.944672
1839,traditional,0.166656,1.561600,0.199680,1.927936
1840,traditional,0.164672,1.562624,0.199680,1.926976
1841,traditional,0.162464,1.554432,0.199680,1.916576
1842,traditional,0.165536,1.542144,0.199680,1.907360
1843,traditional,0.167520,1.569792,0.199680,1.936992
1844,traditional,0.176960,1.800192,0.203776,2.180928
1845,traditional,0.169600,1.571840,0.203776,1.945216
1846,traditional,0.160800,1.566720,0.200704,1.928224
1847,traditional,0.162496,1.575936,0.199680,1.938112
1848,traditional,0.166848,1.564672,0.200704,1.932224
1849,traditional,0.161376,1.569792,0.200704,1.931872
1850,traditional,0.161408,1.547264,0.200704,1.909376
1851,traditional,0.163296,1.582080,0.200704,1.946080
1852,traditional,0.169536,1.560576,0.200704,1.930816
1853,traditional,0.165120,1.806336,0.203776,2.175232
1854,traditional,0.161504,1.581056,0.200704,1.943264
1855,traditional,0.164320,1.568768,0.200704,1.933792
1856,traditional,0.167744,1.589248,0.200704,1.957696
1857,traditional,0.164608,1.568768,0.200704,1.934080
1858,traditional,0.166240,1.559552,0.199680,1.925472
1859,traditional,0.163264,1.555456,0.199680,1.918400
1860,traditional,0.162560,1.569792,0.200704,1.933056
1861,traditional,0.165536,1.566720,0.200704,1.932960
1862,traditional,0.168384,1.859584,0.203776,2.231744
1863,traditional,0.161920,1.591296,0.199680,1.952896
1864,traditional,0.163808,1.588224,0.200704,1.952736
1865,traditional,0.165696,1.569792,0.200704,1.936192
1866,traditional,0.162272,1.563648,0.199680,1.925600
1867,traditional,0.162496,1.591296,0.200704,1.954496
1868,traditional,0.165920,1.572864,0.200704,1.939488
1869,traditional,0.162208,1.569792,0.199680,1.931680
1870,traditional,0.163008,1.587200,0.199680,1.949888
1871,traditional,0.171392,1.853440,0.199680,2.224512
1872,traditional,0.163712,1.561600,0.199680,1.924992
1873,traditional,0.163456,1.596416,0.200704,1.960576
1874,traditional,0.162400,1.586176,0.200704,1.949280
1875,traditional,0.167328,1.618944,0.200704,1.986976
1876,traditional,0.163968,1.608704,0.199680,1.972352
1877,traditional,0.186912,1.590272,0.199680,1.976864
1878,traditional,0.163296,1.568768,0.199680,1.931744
1879,traditional,0.163104,1.609728,0.203776,1.976608
1880,traditional,0.164672,1.840128,0.203776,2.208576
1881,traditional,0.162528,1.589248,0.199680,1.951456
1882,traditional,0.167744,1.568768,0.199680,1.936192
1883,traditional,0.162336,1.574912,0.200704,1.937952
1884,traditional,0.163072,1.574912,0.199680,1.937664
1885,traditional,0.163968,1.574912,0.200704,1.939584
1886,traditional,0.161888,1.568768,0.200704,1.931360
1887,traditional,0.165024,1.579008,0.200704,1.944736
1888,traditional,0.174304,1.574912,0.199680,1.948896
1889,traditional,0.166912,1.583104,0.199680,1.949696
1890,traditional,0.162720,1.569792,0.199680,1.932192
1891,traditional,0.163712,1.594368,0.199680,1.957760
1892,traditional,0.163168,1.561600,0.200704,1.925472
1893,traditional,0.162112,1.561600,0.199680,1.923392
1894,traditional,0.163488,1.591296,0.200704,1.955488
1895,traditional,0.161952,1.597440,0.199680,1.959072
1896,traditional,0.162912,1.573888,0.199680,1.936480
1897,traditional,0.166016,1.593344,0.199680,1.959040
1898,traditional,0.163456,1.575936,0.200704,1.940096
1899,traditional,0.163424,1.593344,0.199680,1.956448
1900,traditional,0.162624,1.579008,0.199680,1.941312
1901,traditional,0.162912,1.598464,0.203776,1.965152
1902,traditional,0.162048,1.565696,0.202752,1.930496
1903,traditional,0.162880,1.591296,0.199680,1.953856
1904,traditional,0.161600,1.561600,0.199680,1.922880
1905,traditional,0.162816,1.596416,0.199680,1.958912
1906,traditional,0.160672,1.560576,0.200704,1.921952
1907,traditional,0.162400,1.558528,0.200704,1.921632
1908,traditional,0.163232,1.554432,0.200704,1.918368
1909,traditional,0.162272,1.568768,0.200704,1.931744
1910,traditional,0.162496,1.552384,0.199680,1.914560
1911,traditional,0.166912,1.587200,0.199680,1.953792
1912,traditional,0.168544,1.570816,0.206848,1.946208
1913,traditional,0.163648,1.604608,0.199680,1.967936
1914,traditional,0.162592,1.627136,0.199680,1.989408
1915,traditional,0.160608,1.583104,0.200704,1.944416
1916,traditional,0.175456,1.623040,0.199680,1.998176
1917,traditional,0.173056,1.594368,0.199680,1.967104
1918,traditional,0.164384,1.596416,0.199680,1.960480
1919,traditional,0.174720,1.570816,0.203776,1.949312
1920,traditional,0.184160,1.597440,0.200704,1.982304
1921,traditional,0.179104,1.617920,0.199680,1.996704
1922,traditional,0.167840,1.588224,0.199680,1.955744
1923,traditional,0.174848,1.584128,0.199680,1.958656
1924,traditional,0.164832,1.577984,0.199680,1.942496
1925,traditional,0.164832,1.585152,0.200704,1.950688
1926,traditional,0.179104,1.612800,0.199680,1.991584
1927,traditional,0.164928,1.580032,0.200704,1.945664
1928,traditional,0.171104,1.567744,0.199680,1.938528
1929,traditional,0.164960,1.618944,0.199680,1.983584
1930,traditional,0.160384,1.596416,0.199680,1.956480
1931,traditional,0.163488,1.601536,0.203776,1.968800
1932,traditional,0.163008,1.554432,0.199680,1.917120
1933,traditional,0.163520,1.838080,0.203776,2.205376
1934,traditional,0.161248,1.593344,0.199680,1.954272
1935,traditional,0.176128,1.591296,0.199680,1.967104
1936,traditional,0.162336,1.592320,0.199680,1.954336
1937,traditional,0.171680,1.568768,0.199680,1.940128
1938,traditional,0.195776,1.617920,0.200704,2.014400
1939,traditional,0.189696,1.592320,0.199680,1.981696
1940,traditional,0.168384,1.602560,0.199680,1.970624
1941,traditional,0.164128,1.616896,0.203776,1.984800
1942,traditional,0.164608,1.556480,0.200704,1.921792
1943,traditional,0.162432,1.569792,0.199680,1.931904
1944,traditional,0.166432,1.581056,0.199680,1.947168
1945,traditional,0.162464,1.561600,0.203776,1.927840
1946,traditional,0.164000,1.564672,0.199680,1.928352
1947,traditional,0.161824,1.564672,0.199680,1.926176
1948,traditional,0.164384,1.565696,0.200704,1.930784
1949,traditional,0.161920,1.566720,0.200704,1.929344
1950,traditional,0.161696,1.599488,0.199680,1.960864
1951,traditional,0.160704,1.582080,0.200704,1.943488
1952,traditional,0.180896,1.562624,0.199680,1.943200
1953,traditional,0.163232,1.616896,0.199680,1.979808
1954,traditional,0.163168,1.569792,0.199680,1.932640
1955,traditional,0.161376,1.610752,0.200704,1.972832
1956,traditional,0.178528,1.595392,0.200704,1.974624
1957,traditional,0.166720,1.580032,0.199680,1.946432
1958,traditional,0.162976,1.582080,0.204800,1.949856
1959,traditional,0.162336,1.570816,0.200704,1.933856
1960,traditional,0.165728,1.587200,0.205824,1.958752
1961,traditional,0.173184,1.591296,0.199680,1.964160
1962,traditional,0.166432,1.882112,0.436224,2.484768
1963,traditional,0.162272,1.562624,0.200704,1.925600
1964,traditional,0.174720,1.584128,0.199680,1.958528
1965,traditional,0.165536,1.560576,0.200704,1.926816
1966,traditional,0.162880,1.823744,0.204800,2.191424
1967,traditional,0.165152,1.606656,0.199680,1.971488
1968,traditional,0.172704,1.832960,0.209920,2.215584
1969,traditional,0.161248,1.577984,0.200704,1.939936
1970,traditional,0.163552,1.597440,0.204800,1.965792
1971,traditional,0.161600,1.613824,0.200704,1.976128
1972,traditional,0.167488,1.608704,0.200704,1.976896
1973,traditional,0.162944,1.647616,0.218112,2.028672
1974,traditional,0.168032,1.609728,0.204800,1.982560
1975,traditional,0.161472,1.585152,0.200704,1.947328
1976,traditional,0.165088,1.603584,0.200704,1.969376
1977,traditional,0.162400,1.616896,0.200704,1.980000
1978,traditional,0.165920,1.588224,0.199680,1.953824
1979,traditional,0.166048,1.581056,0.200704,1.947808
1980,traditional,0.166016,1.636352,0.199680,2.002048
1981,traditional,0.174944,1.589248,0.203776,1.967968
1982,traditional,0.160960,1.604608,0.200704,1.966272
1983,traditional,0.166016,1.601536,0.200704,1.968256
1984,traditional,0.175168,1.588224,0.200704,1.964096
1985,traditional,0.180832,1.639424,0.199680,2.019936
1986,traditional,0.176000,1.593344,0.200704,1.970048
1987,traditional,0.162112,1.618944,0.199680,1.980736
1988,traditional,0.163008,1.620992,0.200704,1.984704
1989,traditional,0.161728,1.582080,0.199680,1.943488
1990,traditional,0.161152,1.601536,0.199680,1.962368
1991,traditional,0.162496,1.605632,0.200704,1.968832
1992,traditional,0.161120,1.553408,0.200704,1.915232
1993,traditional,0.162272,1.559552,0.199680,1.921504
1994,traditional,0.161728,1.583104,0.199680,1.944512
1995,traditional,0.161504,1.900544,0.208896,2.270944
1996,traditional,0.162496,1.574912,0.200704,1.938112
1997,traditional,0.161728,1.587200,0.200704,1.949632
1998,traditional,0.161888,1.588224,0.199680,1.949792
1999,traditional,0.178016,1.587200,0.199680,1.964896
2000,traditional,0.165888,1.564672,0.200704,1.931264
2001,traditional,0.165984,1.570816,0.200704,1.937504
2002,traditional,0.160992,1.587200,0.200704,1.948896
2003,traditional,0.161472,1.563648,0.200704,1.925824
2004,traditional,0.162368,1.566720,0.200704,1.929792
2005,traditional,0.163296,1.555456,0.200704,1.919456
2006,traditional,0.160992,1.579008,0.209920,1.949920
2007,traditional,0.161728,1.636352,0.200704,1.998784
2008,traditional,0.163808,1.566720,0.200704,1.931232
2009,traditional,0.161472,1.564672,0.204800,1.930944
2010,traditional,0.173184,1.583104,0.200704,1.956992
2011,traditional,0.162208,1.581056,0.200704,1.943968
2012,traditional,0.162624,1.588224,0.199680,1.950528
2013,traditional,0.179520,1.861632,0.204800,2.245952
2014,traditional,0.167200,1.558528,0.199680,1.925408
2015,traditional,0.162944,1.613824,0.200704,1.977472
2016,traditional,0.162432,1.588224,0.200704,1.951360
2017,traditional,0.167040,1.579008,0.203776,1.949824
2018,traditional,0.166048,1.574912,0.200704,1.941664
2019,traditional,0.170816,1.592320,0.200704,1.963840
2020,traditional,0.163136,1.576960,0.204800,1.944896
2021,traditional,0.165664,1.585152,0.199680,1.950496
2022,traditional,0.163392,1.853440,0.203776,2.220608
2023,traditional,0.161888,1.616896,0.200704,1.979488
2024,traditional,0.172096,1.560576,0.200704,1.933376
2025,traditional,0.187296,1.570816,0.200704,1.958816
2026,traditional,0.175040,1.559552,0.200704,1.935296
2027,traditional,0.166912,1.641472,0.202752,2.011136
2028,traditional,0.162656,1.588224,0.200704,1.951584
2029,traditional,0.163168,1.565696,0.200704,1.929568
2030,traditional,0.165376,1.587200,0.199680,1.952256
2031,traditional,0.172064,1.907712,0.204800,2.284576
2032,traditional,0.187424,1.603584,0.200704,1.991712
2033,traditional,0.160608,1.582080,0.199680,1.942368
2034,traditional,0.161824,1.577984,0.200704,1.940512
2035,traditional,0.161888,1.554432,0.199680,1.916000
2036,traditional,0.167040,1.571840,0.203776,1.942656
2037,traditional,0.164704,1.577984,0.203776,1.946464
2038,traditional,0.162240,1.571840,0.200704,1.934784
2039,traditional,0.161280,1.556480,0.200704,1.918464
2040,traditional,0.186944,1.851392,0.205824,2.244160
2041,traditional,0.160512,1.579008,0.200704,1.940224
2042,traditional,0.162656,1.560576,0.200704,1.923936
2043,traditional,0.162176,1.574912,0.199680,1.936768
2044,traditional,0.163872,1.565696,0.200704,1.930272
2045,traditional,0.161344,1.598464,0.199680,1.959488
2046,traditional,0.162272,1.587200,0.200704,1.950176
2047,traditional,0.166784,1.591296,0.199680,1.957760
2048,traditional,0.166176,1.600512,0.200704,1.967392
2049,traditional,0.164672,1.587200,0.200704,1.952576
2050,traditional,0.161728,1.583104,0.200704,1.945536
2051,traditional,0.161440,1.563648,0.200704,1.925792
2052,traditional,0.185760,1.565696,0.200704,1.952160
2053,traditional,0.164384,1.603584,0.200704,1.968672
2054,traditional,0.174080,1.586176,0.199680,1.959936
2055,traditional,0.162784,1.594368,0.200704,1.957856
2056,traditional,0.164544,1.573888,0.203776,1.942208
2057,traditional,0.163008,1.637376,0.200704,2.001088
2058,traditional,0.162976,1.596416,0.199680,1.959072
2059,traditional,0.162080,1.558528,0.200704,1.921312
2060,traditional,0.162944,1.556480,0.200704,1.920128
2061,traditional,0.165888,1.568768,0.200704,1.935360
2062,traditional,0.162368,1.599488,0.200704,1.962560
2063,traditional,0.161568,1.576960,0.199680,1.938208
2064,traditional,0.165184,1.620992,0.200704,1.986880
2065,traditional,0.164864,1.585152,0.201728,1.951744
2066,traditional,0.168480,1.612800,0.200704,1.981984
2067,traditional,0.162016,1.586176,0.199680,1.947872
2068,traditional,0.178368,1.609728,0.212992,2.001088
2069,traditional,0.186304,1.609728,0.199680,1.995712
2070,traditional,0.165408,1.610752,0.200704,1.976864
2071,traditional,0.162560,1.575936,0.199680,1.938176
2072,traditional,0.162400,1.557504,0.203776,1.923680
2073,traditional,0.165664,1.556480,0.200704,1.922848
2074,traditional,0.160288,1.559552,0.200704,1.920544
2075,traditional,0.163008,1.580032,0.200704,1.943744
2076,traditional,0.296832,3.089408,0.381952,3.768192
2077,traditional,0.304352,2.558976,0.205824,3.069152
2078,traditional,0.173856,1.565696,0.200704,1.940256
2079,traditional,0.165312,1.561600,0.200704,1.927616
2080,traditional,0.166112,1.556480,0.206848,1.929440
2081,traditional,0.162368,1.592320,0.200704,1.955392
2082,traditional,0.162304,1.575936,0.199680,1.937920
2083,traditional,0.163712,1.571840,0.199680,1.935232
2084,traditional,0.161248,1.594368,0.200704,1.956320
2085,traditional,0.161280,1.556480,0.200704,1.918464
2086,traditional,0.173664,1.622016,0.200704,1.996384
2087,traditional,0.170720,1.571840,0.200704,1.943264
2088,traditional,0.168672,1.608704,0.200704,1.978080
2089,traditional,0.167296,1.564672,0.199680,1.931648
2090,traditional,0.175648,1.600512,0.200704,1.976864
2091,traditional,0.163808,1.580032,0.200704,1.944544
2092,traditional,0.162144,1.593344,0.200704,1.956192
2093,traditional,0.161792,1.560576,0.200704,1.923072
2094,traditional,0.163712,1.653760,0.200704,2.018176
2095,traditional,0.168704,1.880064,0.203776,2.252544
2096,traditional,0.165888,1.580032,0.199680,1.945600
2097,traditional,0.161632,1.596416,0.199680,1.957728
2098,traditional,0.195328,1.577984,0.199680,1.972992
2099,traditional,0.165120,1.582080,0.200704,1.947904
2100,traditional,0.161440,1.596416,0.200704,1.958560
