frame,renderPath,shadowMs,sceneMs,postProcessMs,frameMs
1,traditional,0.078176,1.165312,0.223232,1.466720
2,traditional,0.088672,1.155072,0.221184,1.464928
3,traditional,0.077440,1.169408,0.222208,1.469056
4,traditional,0.078080,1.176576,0.223232,1.477888
5,traditional,0.081856,1.401856,0.228352,1.712064
6,traditional,0.082560,1.141760,0.222208,1.446528
7,traditional,0.077664,1.159168,0.224256,1.461088
8,traditional,0.139360,1.460224,0.229376,1.828960
9,traditional,0.077824,1.137664,0.222208,1.437696
10,traditional,0.076288,1.416192,0.226304,1.718784
11,traditional,0.077888,1.139712,0.221184,1.438784
12,traditional,0.077120,1.141760,0.221184,1.440064
13,traditional,0.081056,1.489920,0.230400,1.801376
14,traditional,0.086400,1.348608,0.221184,1.656192
15,traditional,0.077984,1.154048,0.220160,1.452192
16,traditional,0.079488,1.490944,0.225280,1.795712
17,traditional,0.077024,1.145856,0.221184,1.444064
18,traditional,0.076512,1.130496,0.221184,1.428192
19,traditional,0.093216,1.486848,0.234496,1.814560
20,traditional,0.076320,1.133568,0.221184,1.431072
21,traditional,0.080512,1.581056,0.240640,1.902208
22,traditional,0.076608,1.159168,0.236544,1.472320
23,traditional,0.086048,1.342464,0.221184,1.649696
24,traditional,0.076000,1.200128,0.230400,1.506528
25,traditional,0.083200,1.347584,0.222208,1.652992
26,traditional,0.076064,1.451008,0.227328,1.754400
27,traditional,0.081440,1.387520,0.221184,1.690144
28,traditional,0.075968,1.406976,0.228352,1.711296
29,traditional,0.080416,1.351680,0.221184,1.653280
30,traditional,0.076416,1.136640,0.222208,1.435264
31,traditional,0.076928,1.369088,0.226304,1.672320
32,traditional,0.076864,1.420288,0.228352,1.725504
33,traditional,0.085920,1.366016,0.221184,1.673120
34,traditional,0.080032,1.148928,0.225280,1.454240
35,traditional,0.081024,1.480704,0.230400,1.792128
36,traditional,0.081440,1.347584,0.221184,1.650208
37,traditional,0.081120,1.624064,0.226304,1.931488
38,traditional,0.087808,1.134592,0.221184,1.443584
39,traditional,0.080992,1.531904,0.230400,1.843296
40,traditional,0.080832,1.185792,0.225280,1.491904
41,traditional,0.081184,1.338368,0.229376,1.648928
42,traditional,0.080928,1.410048,0.221184,1.712160
43,traditional,0.080832,1.422336,0.223232,1.726400
44,traditional,0.086080,1.360896,0.225280,1.672256
45,traditional,0.078592,1.425408,0.225280,1.729280
46,traditional,0.081344,1.334272,0.226304,1.641920
47,traditional,0.088576,1.375232,0.224256,1.688064
48,traditional,0.088544,1.488896,0.235520,1.812960
49,traditional,0.077376,1.504256,0.229376,1.811008
50,traditional,0.085280,1.332224,0.221184,1.638688
51,traditional,0.080160,1.362944,0.225280,1.668384
52,traditional,0.083264,1.377280,0.225280,1.685824
53,traditional,0.081024,1.345536,0.222208,1.648768
54,traditional,0.076864,1.171456,0.225280,1.473600
55,traditional,0.104704,1.371136,0.222208,1.698048
56,traditional,0.080992,1.168384,0.225280,1.474656
57,traditional,0.094016,1.330176,0.221184,1.645376
58,traditional,0.075168,1.150976,0.221184,1.447328
59,traditional,0.083392,1.345536,0.221184,1.650112
60,traditional,0.077568,1.148928,0.221184,1.447680
61,traditional,0.077152,1.514496,0.230400,1.822048
62,traditional,0.086496,1.380352,0.225280,1.692128
63,traditional,0.077728,1.486848,0.229376,1.793952
64,traditional,0.085728,1.329152,0.226304,1.641184
65,traditional,0.078240,1.435648,0.225280,1.739168
66,traditional,0.080992,1.327104,0.221184,1.629280
67,traditional,0.080096,1.557504,0.237568,1.875168
68,traditional,0.077536,1.141760,0.225280,1.444576
69,traditional,0.084032,1.405952,0.224256,1.714240
70,traditional,0.077408,1.129472,0.225280,1.432160
71,traditional,0.092384,1.506304,0.229376,1.828064
72,traditional,0.078912,1.503232,0.229376,1.811520
73,traditional,0.080704,1.500160,0.230400,1.811264
74,traditional,0.076224,1.406976,0.224256,1.707456
75,traditional,0.080640,1.359872,0.221184,1.661696
76,traditional,0.075392,1.384448,0.225280,1.685120
77,traditional,0.077376,1.395712,0.224256,1.697344
78,traditional,0.076928,1.433600,0.224256,1.734784
79,traditional,0.081376,1.340416,0.221184,1.642976
80,traditional,0.076832,1.385472,0.231424,1.693728
81,traditional,0.080768,1.358848,0.221184,1.660800
82,traditional,0.079008,1.147904,0.225280,1.452192
83,traditional,0.080608,1.361920,0.225280,1.667808
84,traditional,0.075328,1.144832,0.223232,1.443392
85,traditional,0.081824,1.355776,0.221184,1.658784
86,traditional,0.088192,1.073152,0.203776,1.365120
87,traditional,0.076928,1.233920,0.202752,1.513600
88,traditional,0.074656,1.038336,0.202752,1.315744
89,traditional,0.097952,1.264640,0.205824,1.568416
90,traditional,0.070848,1.048576,0.206848,1.326272
91,traditional,0.083776,1.280000,0.206848,1.570624
92,traditional,0.074816,1.060864,0.201728,1.337408
93,traditional,0.070912,1.374208,0.211968,1.657088
94,traditional,0.075232,1.222656,0.202752,1.500640
95,traditional,0.081152,1.363968,0.216064,1.661184
96,traditional,0.070176,1.027072,0.200704,1.297952
97,traditional,0.070208,1.292288,0.204800,1.567296
98,traditional,0.075328,1.276928,0.204800,1.557056
99,traditional,0.079488,1.225728,0.201728,1.506944
100,traditional,0.070016,1.021952,0.200704,1.292672
101,traditional,0.074496,1.362944,0.214016,1.651456
102,traditional,0.075264,1.220608,0.200704,1.496576
103,traditional,0.069728,1.445888,0.221184,1.736800
104,traditional,0.071360,1.044480,0.201728,1.317568
105,traditional,0.078816,1.355776,0.210944,1.645536
106,traditional,0.078496,1.204224,0.201728,1.484448
107,traditional,0.072736,1.506304,0.219136,1.798176
108,traditional,0.071680,1.024000,0.200704,1.296384
109,traditional,0.082336,1.441792,0.221184,1.745312
110,traditional,0.069952,1.022976,0.199680,1.292608
111,traditional,0.069312,1.462272,0.220160,1.751744
112,traditional,0.071104,1.026048,0.200704,1.297856
113,traditional,0.077664,1.434624,0.219136,1.731424
114,traditional,0.072544,1.070080,0.217088,1.359712
115,traditional,0.075456,1.209344,0.201728,1.486528
116,traditional,0.071328,1.034240,0.203776,1.309344
117,traditional,0.073920,1.246208,0.202752,1.522880
118,traditional,0.069760,1.030144,0.201728,1.301632
119,traditional,0.070720,1.367040,0.218112,1.655872
120,traditional,0.077760,1.050624,0.205824,1.334208
121,traditional,0.076480,1.222656,0.206848,1.505984
122,traditional,0.073888,1.226752,0.206848,1.507488
123,traditional,0.075264,1.382400,0.210944,1.668608
124,traditional,0.069792,1.314816,0.203776,1.588384
125,traditional,0.075648,1.184768,0.200704,1.461120
126,traditional,0.076352,1.039360,0.215040,1.330752
127,traditional,0.074464,1.204224,0.199680,1.478368
128,traditional,0.069504,1.040384,0.199680,1.309568
129,traditional,0.077088,1.445888,0.218112,1.741088
130,traditional,0.080064,1.339392,0.206848,1.626304
131,traditional,0.075072,1.219584,0.200704,1.495360
132,traditional,0.070048,1.268736,0.203776,1.542560
133,traditional,0.073536,1.214464,0.199680,1.487680
134,traditional,0.073152,1.026048,0.202752,1.301952
135,traditional,0.076000,1.350656,0.205824,1.632480
136,traditional,0.077344,1.234944,0.199680,1.511968
137,traditional,0.074400,1.320960,0.203776,1.599136
138,traditional,0.080960,1.063936,0.203776,1.348672
139,traditional,0.075360,1.224704,0.199680,1.499744
140,traditional,0.068768,1.012736,0.203776,1.285280
141,traditional,0.084480,1.257472,0.199680,1.541632
142,traditional,0.079904,1.020928,0.198656,1.299488
143,traditional,0.069088,1.399808,0.218112,1.687008
144,traditional,0.074528,1.070080,0.200704,1.345312
145,traditional,0.075264,1.355776,0.204800,1.635840
146,traditional,0.099328,1.225728,0.200704,1.525760
147,traditional,0.069888,1.355776,0.216064,1.641728
148,traditional,0.070944,1.019904,0.199680,1.290528
149,traditional,0.098624,1.363968,0.216064,1.678656
150,traditional,0.070368,1.026048,0.200704,1.297120
151,traditional,0.082240,1.350656,0.216064,1.648960
152,traditional,0.079008,1.308672,0.204800,1.592480
153,traditional,0.078272,1.239040,0.200704,1.518016
154,traditional,0.069536,1.055744,0.200704,1.325984
155,traditional,0.072704,1.350656,0.208896,1.632256
156,traditional,0.087744,1.234944,0.199680,1.522368
157,traditional,0.071872,1.321984,0.215040,1.608896
158,traditional,0.069760,1.013760,0.199680,1.283200
159,traditional,0.073248,1.459200,0.220160,1.752608
160,traditional,0.070336,1.013760,0.199680,1.283776
161,traditional,0.074176,1.268736,0.203776,1.546688
162,traditional,0.071008,1.020928,0.199680,1.291616
163,traditional,0.085120,1.342464,0.208896,1.636480
164,traditional,0.070400,1.021952,0.203776,1.296128
165,traditional,0.073440,1.283072,0.204800,1.561312
166,traditional,0.070496,1.291264,0.203776,1.565536
167,traditional,0.076992,1.239040,0.201728,1.517760
168,traditional,0.069344,1.300480,0.207872,1.577696
169,traditional,0.074752,1.219584,0.201728,1.496064
170,traditional,0.069856,1.033216,0.202752,1.305824
171,traditional,0.071200,1.360896,0.210944,1.643040
172,traditional,0.098944,1.253376,0.200704,1.553024
173,traditional,0.074272,1.429504,0.218112,1.721888
174,traditional,0.072960,1.042432,0.199680,1.315072
175,traditional,0.074464,1.338368,0.216064,1.628896
176,traditional,0.069312,1.029120,0.203776,1.302208
177,traditional,0.070752,1.379328,0.217088,1.667168
178,traditional,0.074912,1.214464,0.200704,1.490080
179,traditional,0.085184,1.472512,0.218112,1.775808
180,traditional,0.070528,1.013760,0.199680,1.283968
181,traditional,0.074144,1.457152,0.220160,1.751456
182,traditional,0.071936,1.061888,0.207872,1.341696
183,traditional,0.087328,1.219584,0.204800,1.511712
184,traditional,0.075264,1.057792,0.207872,1.340928
185,traditional,0.076512,1.402880,0.216064,1.695456
186,traditional,0.077056,1.264640,0.204800,1.546496
187,traditional,0.078400,1.366016,0.219136,1.663552
188,traditional,0.077760,1.050624,0.208896,1.337280
189,traditional,0.078208,1.240064,0.204800,1.523072
190,traditional,0.069792,1.046528,0.208896,1.325216
191,traditional,0.074592,1.283072,0.207872,1.565536
192,traditional,0.071424,1.053696,0.207872,1.332992
193,traditional,0.077184,1.246208,0.204800,1.528192
194,traditional,0.072960,1.037312,0.203776,1.314048
195,traditional,0.070400,1.475584,0.224256,1.770240
196,traditional,0.071104,1.051648,0.204800,1.327552
197,traditional,0.076416,1.390592,0.212992,1.680000
198,traditional,0.076736,1.228800,0.208896,1.514432
199,traditional,0.070080,1.470464,0.223232,1.763776
200,traditional,0.076832,1.080320,0.204800,1.361952
201,traditional,0.075008,1.383424,0.212992,1.671424
202,traditional,0.074048,1.219584,0.202752,1.496384
203,traditional,0.068768,1.463296,0.221184,1.753248
204,traditional,0.071040,1.048576,0.211968,1.331584
205,traditional,0.074912,1.251328,0.203776,1.530016
206,traditional,0.073760,1.058816,0.206848,1.339424
207,traditional,0.075936,1.226752,0.204800,1.507488
208,traditional,0.068928,1.031168,0.200704,1.300800
209,traditional,0.086080,1.272832,0.204800,1.563712
210,traditional,0.070496,1.318912,0.204800,1.594208
211,traditional,0.081024,1.246208,0.200704,1.527936
212,traditional,0.075584,1.222656,0.201728,1.499968
213,traditional,0.075424,1.217536,0.201728,1.494688
214,traditional,0.088096,1.255424,0.204800,1.548320
215,traditional,0.074624,1.053696,0.200704,1.329024
216,traditional,0.076448,1.244160,0.204800,1.525408
217,traditional,0.069472,1.055744,0.200704,1.325920
218,traditional,0.076192,1.048576,0.200704,1.325472
219,traditional,0.069376,1.034240,0.203776,1.307392
220,traditional,0.077536,1.048576,0.200704,1.326816
221,traditional,0.069344,1.026048,0.203776,1.299168
222,traditional,0.087840,1.056768,0.199680,1.344288
223,traditional,0.070304,1.058816,0.199680,1.328800
224,traditional,0.070848,1.211392,0.205824,1.488064
225,traditional,0.074656,1.231872,0.200704,1.507232
226,traditional,0.085728,1.212416,0.204800,1.502944
227,traditional,0.081984,1.206272,0.200704,1.488960
228,traditional,0.081440,1.230848,0.205824,1.518112
229,traditional,0.069856,1.049600,0.200704,1.320160
230,traditional,0.083072,1.038336,0.200704,1.322112
231,traditional,0.070720,1.061888,0.200704,1.333312
232,traditional,0.100096,1.051648,0.200704,1.352448
233,traditional,0.070304,1.029120,0.200704,1.300128
234,traditional,0.071840,1.046528,0.200704,1.319072
235,traditional,0.075072,1.049600,0.200704,1.325376
236,traditional,0.069824,1.035264,0.200704,1.305792
237,traditional,0.075264,1.018880,0.200704,1.294848
238,traditional,0.070976,1.046528,0.208896,1.326400
239,traditional,0.069952,1.047552,0.200704,1.318208
240,traditional,0.079680,1.059840,0.199680,1.339200
241,traditional,0.075232,1.068032,0.201728,1.344992
242,traditional,0.070496,1.075200,0.201728,1.347424
243,traditional,0.078496,1.029120,0.201728,1.309344
244,traditional,0.069856,1.090560,0.199680,1.360096
245,traditional,0.084352,1.019904,0.199680,1.303936
246,traditional,0.070496,1.040384,0.199680,1.310560
247,traditional,0.070208,1.057792,0.199680,1.327680
248,traditional,0.070176,1.088512,0.200704,1.359392
249,traditional,0.074784,1.030144,0.206848,1.311776
250,traditional,0.070528,1.056768,0.200704,1.328000
251,traditional,0.074336,1.043456,0.200704,1.318496
252,traditional,0.084928,1.042432,0.205824,1.333184
253,traditional,0.077184,1.048576,0.200704,1.326464
254,traditional,0.069696,1.034240,0.199680,1.303616
255,traditional,0.079200,1.027072,0.200704,1.306976
256,traditional,0.070784,1.037312,0.204800,1.312896
257,traditional,0.078112,1.034240,0.201728,1.314080
258,traditional,0.070816,1.013760,0.200704,1.285280
259,traditional,0.074272,1.269760,0.203776,1.547808
260,traditional,0.075392,1.243136,0.200704,1.519232
261,traditional,0.073888,1.274880,0.207872,1.556640
262,traditional,0.079872,1.269760,0.200704,1.550336
263,traditional,0.075104,1.218560,0.200704,1.494368
264,traditional,0.077696,1.232896,0.199680,1.510272
265,traditional,0.086720,1.268736,0.203776,1.559232
266,traditional,0.070240,1.204224,0.200704,1.475168
267,traditional,0.073440,1.181696,0.200704,1.455840
268,traditional,0.075424,1.195008,0.199680,1.470112
269,traditional,0.070816,1.330176,0.202752,1.603744
270,traditional,0.075584,1.227776,0.200704,1.504064
271,traditional,0.069152,1.042432,0.206848,1.318432
272,traditional,0.076736,1.210368,0.200704,1.487808
273,traditional,0.068672,1.021952,0.200704,1.291328
274,traditional,0.074592,1.265664,0.202752,1.543008
275,traditional,0.070208,1.048576,0.206848,1.325632
276,traditional,0.074720,1.215488,0.200704,1.490912
277,traditional,0.069280,1.050624,0.200704,1.320608
278,traditional,0.102560,1.453056,0.219136,1.774752
279,traditional,0.073728,1.021952,0.202752,1.298432
280,traditional,0.081824,1.355776,0.219136,1.656736
281,traditional,0.074976,1.234944,0.201728,1.511648
282,traditional,0.074656,1.403904,0.209920,1.688480
283,traditional,0.077408,1.232896,0.201728,1.512032
284,traditional,0.068256,1.474560,0.218112,1.760928
285,traditional,0.073216,1.040384,0.199680,1.313280
286,traditional,0.068736,1.488896,0.220160,1.777792
287,traditional,0.069792,1.034240,0.200704,1.304736
288,traditional,0.076448,1.392640,0.220160,1.689248
289,traditional,0.083808,1.017856,0.199680,1.301344
290,traditional,0.070688,1.341440,0.217088,1.629216
291,traditional,0.071392,1.045504,0.203776,1.320672
292,traditional,0.070400,1.358848,0.225280,1.654528
293,traditional,0.070688,1.038336,0.203776,1.312800
294,traditional,0.075264,1.391616,0.219136,1.686016
295,traditional,0.071104,1.056768,0.204800,1.332672
296,traditional,0.074560,1.374208,0.220160,1.668928
297,traditional,0.075104,1.076224,0.207872,1.359200
298,traditional,0.075456,1.245184,0.204800,1.525440
299,traditional,0.070048,1.061888,0.204800,1.336736
300,traditional,0.071904,1.348608,0.207872,1.628384
301,traditional,0.072064,1.063936,0.211968,1.347968
302,traditional,0.077440,1.246208,0.203776,1.527424
303,traditional,0.073216,1.033216,0.202752,1.309184
304,traditional,0.070368,1.483776,0.222208,1.776352
305,traditional,0.073952,1.038336,0.206848,1.319136
306,traditional,0.070944,1.396736,0.218112,1.685792
307,traditional,0.072128,1.035264,0.203776,1.311168
308,traditional,0.101312,1.364992,0.211968,1.678272
309,traditional,0.071744,1.311744,0.209920,1.593408
310,traditional,0.075168,1.238016,0.203776,1.516960
311,traditional,0.070304,1.052672,0.203776,1.326752
312,traditional,0.073568,1.309696,0.207872,1.591136
313,traditional,0.077856,1.051648,0.202752,1.332256
314,traditional,0.075488,1.412096,0.211968,1.699552
315,traditional,0.071264,1.034240,0.210944,1.316448
316,traditional,0.070944,1.391616,0.206848,1.669408
317,traditional,0.077312,1.225728,0.201728,1.504768
318,traditional,0.079296,1.391616,0.217088,1.688000
319,traditional,0.073344,1.249280,0.201728,1.524352
320,traditional,0.074720,1.291264,0.206848,1.572832
321,traditional,0.072512,1.261568,0.208896,1.542976
322,traditional,0.081920,1.324032,0.206848,1.612800
323,traditional,0.070240,1.225728,0.206848,1.502816
324,traditional,0.071520,1.319936,0.218112,1.609568
325,traditional,0.078368,1.308672,0.214016,1.601056
326,traditional,0.076800,1.418240,0.227328,1.722368
327,traditional,0.086656,1.100800,0.221184,1.408640
328,traditional,0.079712,1.343488,0.216064,1.639264
329,traditional,0.078240,1.176576,0.218112,1.472928
330,traditional,0.081920,1.311744,0.214016,1.607680
331,traditional,0.074560,1.369088,0.217088,1.660736
332,traditional,0.091328,1.309696,0.214016,1.615040
333,traditional,0.072768,1.369088,0.218112,1.659968
334,traditional,0.078912,1.361920,0.214016,1.654848
335,traditional,0.089024,1.362944,0.217088,1.669056
336,traditional,0.078464,1.306624,0.214016,1.599104
337,traditional,0.072960,1.390592,0.216064,1.679616
338,traditional,0.079424,1.326080,0.212992,1.618496
339,traditional,0.076224,1.396736,0.221184,1.694144
340,traditional,0.087040,1.280000,0.214016,1.581056
341,traditional,0.073120,1.098752,0.217088,1.388960
342,traditional,0.081056,1.359872,0.217088,1.658016
343,traditional,0.076800,1.291264,0.218112,1.586176
344,traditional,0.082080,1.448960,0.222208,1.753248
345,traditional,0.081120,1.388544,0.216064,1.685728
346,traditional,0.075264,1.160192,0.221184,1.456640
347,traditional,0.079392,1.123328,0.217088,1.419808
348,traditional,0.077600,1.129472,0.216064,1.423136
349,traditional,0.090304,1.126400,0.217088,1.433792
350,traditional,0.075776,1.119232,0.221184,1.416192
351,traditional,0.106784,1.130496,0.216064,1.453344
352,traditional,0.080384,1.130496,0.217088,1.427968
353,traditional,0.082752,1.305600,0.214016,1.602368
354,traditional,0.077952,1.368064,0.216064,1.662080
355,traditional,0.086176,1.299456,0.212992,1.598624
356,traditional,0.073664,1.400832,0.216064,1.690560
357,traditional,0.076192,1.445888,0.222208,1.744288
358,traditional,0.078208,1.294336,0.212992,1.585536
359,traditional,0.078880,1.337344,0.212992,1.629216
360,traditional,0.092992,1.396736,0.216064,1.705792
361,traditional,0.074144,1.449984,0.224256,1.748384
362,traditional,0.078176,1.496064,0.224256,1.798496
363,traditional,0.079456,1.400832,0.220160,1.700448
364,traditional,0.078656,1.325056,0.221184,1.624896
365,traditional,0.079904,1.333248,0.216064,1.629216
366,traditional,0.076032,1.159168,0.216064,1.451264
367,traditional,0.076224,1.485824,0.224256,1.786304
368,traditional,0.079872,1.325056,0.217088,1.622016
369,traditional,0.082912,1.563648,0.221184,1.867744
370,traditional,0.080128,1.117184,0.216064,1.413376
371,traditional,0.074656,1.580032,0.232448,1.887136
372,traditional,0.076224,1.116160,0.218112,1.410496
373,traditional,0.074912,1.483776,0.231424,1.790112
374,traditional,0.078720,1.208320,0.231424,1.518464
375,traditional,0.087168,1.342464,0.219136,1.648768
376,traditional,0.078208,1.157120,0.221184,1.456512
377,traditional,0.075552,1.327104,0.221184,1.623840
378,traditional,0.092320,1.337344,0.218112,1.647776
379,traditional,0.084096,1.470464,0.226304,1.780864
380,traditional,0.076704,1.317888,0.217088,1.611680
381,traditional,0.078688,1.448960,0.231424,1.759072
382,traditional,0.074976,1.417216,0.218112,1.710304
383,traditional,0.081184,1.502208,0.223232,1.806624
384,traditional,0.079136,1.372160,0.219136,1.670432
385,traditional,0.078688,1.374208,0.218112,1.671008
386,traditional,0.074912,1.465344,0.222208,1.762464
387,traditional,0.081280,1.482752,0.223232,1.787264
388,traditional,0.083264,1.457152,0.235520,1.775936
389,traditional,0.077184,1.182720,0.220160,1.480064
390,traditional,0.076096,1.335296,0.220160,1.631552
391,traditional,0.079488,1.390592,0.220160,1.690240
392,traditional,0.079648,1.462272,0.224256,1.766176
393,traditional,0.081536,1.389568,0.218112,1.689216
394,traditional,0.092704,1.328128,0.220160,1.640992
395,traditional,0.075936,1.359872,0.217088,1.652896
396,traditional,0.076160,1.467392,0.225280,1.768832
397,traditional,0.078688,1.327104,0.220160,1.625952
398,traditional,0.079584,1.481728,0.228352,1.789664
399,traditional,0.075552,1.332224,0.217088,1.624864
400,traditional,0.074560,1.389568,0.218112,1.682240
401,traditional,0.079296,1.327104,0.214016,1.620416
402,traditional,0.092768,1.498112,0.227328,1.818208
403,traditional,0.075616,1.121280,0.218112,1.415008
404,traditional,0.078080,1.385472,0.216064,1.679616
405,traditional,0.073824,1.299456,0.217088,1.590368
406,traditional,0.078912,1.501184,0.221184,1.801280
407,traditional,0.075008,1.396736,0.216064,1.687808
408,traditional,0.075040,1.467392,0.222208,1.764640
409,traditional,0.077376,1.528832,0.222208,1.828416
410,traditional,0.086272,1.366016,0.214016,1.666304
411,traditional,0.073824,1.146880,0.218112,1.438816
412,traditional,0.074880,1.104896,0.212992,1.392768
413,traditional,0.073248,1.542144,0.231424,1.846816
414,traditional,0.074432,1.099776,0.212992,1.387200
415,traditional,0.073664,1.459200,0.227328,1.760192
416,traditional,0.074912,1.335296,0.226304,1.636512
417,traditional,0.083968,1.425408,0.227328,1.736704
418,traditional,0.073088,1.112064,0.210944,1.396096
419,traditional,0.089824,1.431552,0.218112,1.739488
420,traditional,0.077088,1.274880,0.209920,1.561888
421,traditional,0.077664,1.395712,0.224256,1.697632
422,traditional,0.079648,1.283072,0.214016,1.576736
423,traditional,0.072864,1.390592,0.215040,1.678496
424,traditional,0.075904,1.259520,0.215040,1.550464
425,traditional,0.086048,1.376256,0.214016,1.676320
426,traditional,0.078432,1.287168,0.209920,1.575520
427,traditional,0.073088,1.551360,0.227328,1.851776
428,traditional,0.073664,1.087488,0.209920,1.371072
429,traditional,0.071616,1.508352,0.238592,1.818560
430,traditional,0.072768,1.093632,0.209920,1.376320
431,traditional,0.077184,1.538048,0.226304,1.841536
432,traditional,0.073504,1.093632,0.214016,1.381152
433,traditional,0.077152,1.301504,0.215040,1.593696
434,traditional,0.073280,1.087488,0.206848,1.367616
435,traditional,0.071968,1.345536,0.210944,1.628448
436,traditional,0.075904,1.241088,0.205824,1.522816
437,traditional,0.073024,1.420288,0.221184,1.714496
438,traditional,0.073888,1.366016,0.209920,1.649824
439,traditional,0.072288,1.292288,0.207872,1.572448
440,traditional,0.072640,1.350656,0.211968,1.635264
441,traditional,0.076256,1.277952,0.208896,1.563104
442,traditional,0.072416,1.280000,0.212992,1.565408
443,traditional,0.077184,1.320960,0.211968,1.610112
444,traditional,0.073248,1.070080,0.214016,1.357344
445,traditional,0.073248,1.413120,0.214016,1.700384
446,traditional,0.073056,1.082368,0.216064,1.371488
447,traditional,0.073472,1.267712,0.208896,1.550080
448,traditional,0.074080,1.085440,0.215040,1.374560
449,traditional,0.081760,1.275904,0.209920,1.567584
450,traditional,0.072864,1.073152,0.208896,1.354912
451,traditional,0.080768,1.479680,0.227328,1.787776
452,traditional,0.072576,1.068032,0.208896,1.349504
453,traditional,0.084992,1.406976,0.224256,1.716224
454,traditional,0.077472,1.082368,0.212992,1.372832
455,traditional,0.078336,1.273856,0.209920,1.562112
456,traditional,0.072640,1.076224,0.210944,1.359808
457,traditional,0.080480,1.348608,0.214016,1.643104
458,traditional,0.074112,1.075200,0.216064,1.365376
459,traditional,0.075872,1.422336,0.221184,1.719392
460,traditional,0.078208,1.281024,0.211968,1.571200
461,traditional,0.102240,1.451008,0.224256,1.777504
462,traditional,0.074080,1.080320,0.216064,1.370464
463,traditional,0.075040,1.428480,0.220160,1.723680
464,traditional,0.079392,1.269760,0.211968,1.561120
465,traditional,0.088704,1.415168,0.224256,1.728128
466,traditional,0.073440,1.326080,0.212992,1.612512
467,traditional,0.076960,1.242112,0.209920,1.528992
468,traditional,0.073088,1.065984,0.208896,1.347968
469,traditional,0.073984,1.413120,0.221184,1.708288
470,traditional,0.072864,1.328128,0.214016,1.615008
471,traditional,0.081952,1.281024,0.208896,1.571872
472,traditional,0.071840,1.357824,0.211968,1.641632
473,traditional,0.077952,1.308672,0.208896,1.595520
474,traditional,0.072032,1.340416,0.212992,1.625440
475,traditional,0.074944,1.410048,0.214016,1.699008
476,traditional,0.084160,1.316864,0.212992,1.614016
477,traditional,0.072672,1.290240,0.207872,1.570784
478,traditional,0.071616,1.053696,0.211968,1.337280
479,traditional,0.074048,1.350656,0.211968,1.636672
480,traditional,0.076352,1.247232,0.207872,1.531456
481,traditional,0.072416,1.386496,0.222208,1.681120
482,traditional,0.072000,1.064960,0.210944,1.347904
483,traditional,0.080928,1.374208,0.222208,1.677344
484,traditional,0.072800,1.340416,0.217088,1.630304
485,traditional,0.078208,1.084416,0.210944,1.373568
486,traditional,0.072320,1.327104,0.214016,1.613440
487,traditional,0.082336,1.332224,0.210944,1.625504
488,traditional,0.073408,1.330176,0.215040,1.618624
489,traditional,0.078784,1.269760,0.210944,1.559488
490,traditional,0.073088,1.326080,0.214016,1.613184
491,traditional,0.079136,1.256448,0.210944,1.546528
492,traditional,0.073760,1.072128,0.214016,1.359904
493,traditional,0.077888,1.329152,0.212992,1.620032
494,traditional,0.073344,1.328128,0.212992,1.614464
495,traditional,0.078112,1.251328,0.210944,1.540384
496,traditional,0.077088,1.059840,0.206848,1.343776
497,traditional,0.076960,1.403904,0.216064,1.696928
498,traditional,0.077856,1.250304,0.207872,1.536032
499,traditional,0.072640,1.480704,0.226304,1.779648
500,traditional,0.073376,1.061888,0.206848,1.342112
501,traditional,0.085312,1.297408,0.210944,1.593664
502,traditional,0.076800,1.067008,0.211968,1.355776
503,traditional,0.075232,1.388544,0.217088,1.680864
504,traditional,0.081920,1.268736,0.212992,1.563648
505,traditional,0.080704,1.507328,0.229376,1.817408
506,traditional,0.074304,1.081344,0.214016,1.369664
507,traditional,0.078528,1.429504,0.221184,1.729216
508,traditional,0.079360,1.275904,0.212992,1.568256
509,traditional,0.073696,1.536000,0.224256,1.833952
510,traditional,0.074272,1.080320,0.211968,1.366560
511,traditional,0.077568,1.497088,0.230400,1.805056
512,traditional,0.074816,1.086464,0.212992,1.374272
513,traditional,0.073536,1.524736,0.231424,1.829696
514,traditional,0.076768,1.059840,0.208896,1.345504
515,traditional,0.077632,1.401856,0.217088,1.696576
516,traditional,0.078144,1.294336,0.208896,1.581376
517,traditional,0.080128,1.348608,0.211968,1.640704
518,traditional,0.074752,1.332224,0.217088,1.624064
519,traditional,0.080288,1.292288,0.208896,1.581472
520,traditional,0.071968,1.099776,0.212992,1.384736
521,traditional,0.077664,1.303552,0.208896,1.590112
522,traditional,0.072448,1.079296,0.208896,1.360640
523,traditional,0.083392,1.569792,0.226304,1.879488
524,traditional,0.072928,1.091584,0.207872,1.372384
525,traditional,0.072448,1.526784,0.226304,1.825536
526,traditional,0.076480,1.061888,0.208896,1.347264
527,traditional,0.072032,1.508352,0.226304,1.806688
528,traditional,0.072832,1.102848,0.208896,1.384576
529,traditional,0.088224,1.496064,0.243712,1.828000
530,traditional,0.073920,1.068032,0.212992,1.354944
531,traditional,0.079360,1.380352,0.219136,1.678848
532,traditional,0.074816,1.370112,0.221184,1.666112
533,traditional,0.079072,1.278976,0.212992,1.571040
534,traditional,0.084096,1.107968,0.212992,1.405056
535,traditional,0.079232,1.558528,0.248832,1.886592
536,traditional,0.077504,1.399808,0.228352,1.705664
537,traditional,0.079520,1.337344,0.222208,1.639072
538,traditional,0.076224,1.371136,0.225280,1.672640
539,traditional,0.081856,1.375232,0.224256,1.681344
540,traditional,0.076832,1.132544,0.225280,1.434656
541,traditional,0.081888,1.313792,0.220160,1.615840
542,traditional,0.076032,1.120256,0.219136,1.415424
543,traditional,0.081024,1.491968,0.228352,1.801344
544,traditional,0.076672,1.396736,0.223232,1.696640
545,traditional,0.080288,1.317888,0.220160,1.618336
546,traditional,0.083136,1.337344,0.223232,1.643712
547,traditional,0.076896,1.412096,0.223232,1.712224
548,traditional,0.080384,1.340416,0.219136,1.639936
549,traditional,0.084352,1.640448,0.233472,1.958272
550,traditional,0.080256,1.118208,0.219136,1.417600
551,traditional,0.100960,1.522688,0.228352,1.852000
552,traditional,0.086688,1.332224,0.221184,1.640096
553,traditional,0.082080,1.593344,0.236544,1.911968
554,traditional,0.076608,1.133568,0.227328,1.437504
555,traditional,0.077056,1.124352,0.220160,1.421568
556,traditional,0.098080,1.127424,0.225280,1.450784
557,traditional,0.080800,1.355776,0.221184,1.657760
558,traditional,0.082272,1.142784,0.221184,1.446240
559,traditional,0.077568,1.476608,0.229376,1.783552
560,traditional,0.082240,1.348608,0.227328,1.658176
561,traditional,0.080704,1.587200,0.225280,1.893184
562,traditional,0.077344,1.157120,0.236544,1.471008
563,traditional,0.081120,1.516544,0.229376,1.827040
564,traditional,0.075776,1.408000,0.223232,1.707008
565,traditional,0.092256,1.384448,0.233472,1.710176
566,traditional,0.078208,1.173504,0.224256,1.475968
567,traditional,0.078624,1.383424,0.220160,1.682208
568,traditional,0.088832,1.163264,0.224256,1.476352
569,traditional,0.081952,1.333248,0.221184,1.636384
570,traditional,0.078688,1.132544,0.220160,1.431392
571,traditional,0.081728,1.509376,0.229376,1.820480
572,traditional,0.076128,1.355776,0.220160,1.652064
573,traditional,0.083872,1.515520,0.229376,1.828768
574,traditional,0.076640,1.154048,0.224256,1.454944
575,traditional,0.078816,1.548288,0.238592,1.865696
576,traditional,0.080736,1.356800,0.220160,1.657696
577,traditional,0.081120,1.368064,0.223232,1.672416
578,traditional,0.092928,1.360896,0.220160,1.673984
579,traditional,0.086432,1.475584,0.232448,1.794464
580,traditional,0.088768,1.345536,0.226304,1.660608
581,traditional,0.077472,1.454080,0.226304,1.757856
582,traditional,0.081888,1.417216,0.227328,1.726432
583,traditional,0.077536,1.396736,0.225280,1.699552
584,traditional,0.076704,1.430528,0.225280,1.732512
585,traditional,0.080384,1.504256,0.231424,1.816064
586,traditional,0.085792,1.369088,0.229376,1.684256
587,traditional,0.080544,1.383424,0.227328,1.691296
588,traditional,0.091424,1.392640,0.222208,1.706272
589,traditional,0.080640,1.403904,0.222208,1.706752
590,traditional,0.075808,1.405952,0.225280,1.707040
591,traditional,0.093952,1.377280,0.221184,1.692416
592,traditional,0.078368,1.424384,0.224256,1.727008
593,traditional,0.084928,1.344512,0.221184,1.650624
594,traditional,0.077376,1.147904,0.225280,1.450560
595,traditional,0.076320,1.327104,0.220160,1.623584
596,traditional,0.075776,1.149952,0.220160,1.445888
597,traditional,0.081312,1.362944,0.221184,1.665440
598,traditional,0.080224,1.167360,0.224256,1.471840
599,traditional,0.080960,1.347584,0.220160,1.648704
600,traditional,0.075808,1.157120,0.226304,1.459232
601,traditional,0.088416,1.468416,0.235520,1.792352
602,traditional,0.077216,1.345536,0.226304,1.649056
603,traditional,0.077664,1.437696,0.225280,1.740640
604,traditional,0.082144,1.402880,0.226304,1.711328
605,traditional,0.077280,1.505280,0.230400,1.812960
606,traditional,0.082848,1.326080,0.222208,1.631136
607,traditional,0.081728,1.528832,0.230400,1.840960
608,traditional,0.080544,1.346560,0.226304,1.653408
609,traditional,0.081504,1.427456,0.224256,1.733216
610,traditional,0.077408,1.344512,0.226304,1.648224
611,traditional,0.077760,1.473536,0.226304,1.777600
612,traditional,0.084416,1.351680,0.226304,1.662400
613,traditional,0.080512,1.477632,0.233472,1.791616
614,traditional,0.082112,1.368064,0.226304,1.676480
615,traditional,0.077056,1.446912,0.225280,1.749248
616,traditional,0.082912,1.351680,0.226304,1.660896
617,traditional,0.082592,1.413120,0.225280,1.720992
618,traditional,0.077312,1.164288,0.226304,1.467904
619,traditional,0.082592,1.332224,0.222208,1.637024
620,traditional,0.076256,1.138688,0.225280,1.440224
621,traditional,0.077408,1.422336,0.226304,1.726048
622,traditional,0.081760,1.335296,0.222208,1.639264
623,traditional,0.077984,1.641472,0.234496,1.953952
624,traditional,0.081472,1.143808,0.222208,1.447488
625,traditional,0.076416,1.576960,0.238592,1.891968
626,traditional,0.077344,1.110016,0.216064,1.403424
627,traditional,0.073696,1.426432,0.220160,1.720288
628,traditional,0.075168,1.140736,0.220160,1.436064
629,traditional,0.076064,1.382400,0.219136,1.677600
630,traditional,0.074592,1.455104,0.228352,1.758048
631,traditional,0.092960,1.354752,0.218112,1.665824
632,traditional,0.074336,1.435648,0.221184,1.731168
633,traditional,0.077856,1.504256,0.225280,1.807392
634,traditional,0.076416,1.530880,0.226304,1.833600
635,traditional,0.076512,1.460224,0.225280,1.762016
636,traditional,0.080064,1.482752,0.239616,1.802432
637,traditional,0.081152,1.421312,0.219136,1.721600
638,traditional,0.078784,1.515520,0.222208,1.816512
639,traditional,0.080160,1.311744,0.211968,1.603872
640,traditional,0.073440,1.372160,0.216064,1.661664
641,traditional,0.074528,1.165312,0.211968,1.451808
642,traditional,0.080576,1.360896,0.216064,1.657536
643,traditional,0.074272,1.099776,0.217088,1.391136
644,traditional,0.074528,1.301504,0.221184,1.597216
645,traditional,0.079872,1.287168,0.211968,1.579008
646,traditional,0.082688,1.453056,0.226304,1.762048
647,traditional,0.077184,1.334272,0.214016,1.625472
648,traditional,0.074112,1.356800,0.214016,1.644928
649,traditional,0.073824,1.380352,0.212992,1.667168
650,traditional,0.080512,1.276928,0.211968,1.569408
651,traditional,0.073280,1.344512,0.215040,1.632832
652,traditional,0.074624,1.433600,0.219136,1.727360
653,traditional,0.078368,1.265664,0.211968,1.556000
654,traditional,0.073792,1.318912,0.210944,1.603648
655,traditional,0.083744,1.315840,0.215040,1.614624
656,traditional,0.082016,1.315840,0.210944,1.608800
657,traditional,0.072864,1.347584,0.218112,1.638560
658,traditional,0.081856,1.321984,0.210944,1.614784
659,traditional,0.076128,1.075200,0.209920,1.361248
660,traditional,0.080928,1.418240,0.219136,1.718304
661,traditional,0.084064,1.285120,0.210944,1.580128
662,traditional,0.072512,1.414144,0.220160,1.706816
663,traditional,0.089920,1.287168,0.209920,1.587008
664,traditional,0.078720,1.319936,0.212992,1.611648
665,traditional,0.072608,1.292288,0.215040,1.579936
666,traditional,0.078880,1.334272,0.212992,1.626144
667,traditional,0.074240,1.473536,0.223232,1.771008
668,traditional,0.079392,1.440768,0.223232,1.743392
669,traditional,0.078880,1.453056,0.222208,1.754144
670,traditional,0.079392,1.467392,0.223232,1.770016
671,traditional,0.074688,1.363968,0.217088,1.655744
672,traditional,0.075136,1.455104,0.219136,1.749376
673,traditional,0.079232,1.329152,0.222208,1.630592
674,traditional,0.079776,1.314816,0.217088,1.611680
675,traditional,0.073440,1.116160,0.218112,1.407712
676,traditional,0.077440,1.321984,0.211968,1.611392
677,traditional,0.073088,1.082368,0.214016,1.369472
678,traditional,0.076384,1.356800,0.214016,1.647200
679,traditional,0.075904,1.293312,0.216064,1.585280
680,traditional,0.080992,1.353728,0.223232,1.657952
681,traditional,0.082528,1.289216,0.211968,1.583712
682,traditional,0.079072,1.260544,0.211968,1.551584
683,traditional,0.073376,1.333248,0.215040,1.621664
684,traditional,0.073088,1.439744,0.220160,1.732992
685,traditional,0.082144,1.434624,0.220160,1.736928
686,traditional,0.074208,1.364992,0.212992,1.652192
687,traditional,0.078848,1.413120,0.219136,1.711104
688,traditional,0.076640,1.272832,0.210944,1.560416
689,traditional,0.071968,1.082368,0.214016,1.368352
690,traditional,0.076640,1.273856,0.209920,1.560416
691,traditional,0.074752,1.081344,0.209920,1.366016
692,traditional,0.078304,1.464320,0.231424,1.774048
693,traditional,0.073376,1.127424,0.218112,1.418912
694,traditional,0.089632,1.107968,0.217088,1.414688
695,traditional,0.075104,1.382400,0.219136,1.676640
696,traditional,0.075808,1.442816,0.221184,1.739808
697,traditional,0.091456,1.530880,0.225280,1.847616
698,traditional,0.074912,1.457152,0.224256,1.756320
699,traditional,0.080704,1.507328,0.225280,1.813312
700,traditional,0.075328,1.428480,0.221184,1.724992
701,traditional,0.091968,1.340416,0.220160,1.652544
702,traditional,0.080704,1.358848,0.216064,1.655616
703,traditional,0.073792,1.110016,0.216064,1.399872
704,traditional,0.075968,1.295360,0.214016,1.585344
705,traditional,0.089728,1.344512,0.214016,1.648256
706,traditional,0.074176,1.089536,0.212992,1.376704
707,traditional,0.074560,1.384448,0.218112,1.677120
708,traditional,0.081536,1.312768,0.214016,1.608320
709,traditional,0.074144,1.135616,0.218112,1.427872
710,traditional,0.089472,1.350656,0.214016,1.654144
711,traditional,0.082624,1.115136,0.217088,1.414848
712,traditional,0.079424,1.302528,0.214016,1.595968
713,traditional,0.073376,1.103872,0.212992,1.390240
714,traditional,0.089376,1.386496,0.217088,1.692960
715,traditional,0.082912,1.391616,0.217088,1.691616
716,traditional,0.079456,1.328128,0.214016,1.621600
717,traditional,0.077216,1.406976,0.217088,1.701280
718,traditional,0.079968,1.315840,0.214016,1.609824
719,traditional,0.073728,1.370112,0.217088,1.660928
720,traditional,0.079968,1.292288,0.220160,1.592416
721,traditional,0.076096,1.369088,0.226304,1.671488
722,traditional,0.081248,1.335296,0.220160,1.636704
723,traditional,0.079392,1.121280,0.224256,1.424928
724,traditional,0.076736,1.329152,0.220160,1.626048
725,traditional,0.075968,1.137664,0.223232,1.436864
726,traditional,0.092704,1.425408,0.222208,1.740320
727,traditional,0.076288,1.339392,0.226304,1.641984
728,traditional,0.092640,1.479680,0.232448,1.804768
729,traditional,0.087488,1.361920,0.223232,1.672640
730,traditional,0.076288,1.340416,0.220160,1.636864
731,traditional,0.075712,1.124352,0.223232,1.423296
732,traditional,0.081728,1.315840,0.219136,1.616704
733,traditional,0.075616,1.138688,0.229376,1.443680
734,traditional,0.079168,1.451008,0.232448,1.762624
735,traditional,0.092352,1.394688,0.225280,1.712320
736,traditional,0.086592,1.428480,0.228352,1.743424
737,traditional,0.084640,1.387520,0.232448,1.704608
738,traditional,0.086016,1.395712,0.225280,1.707008
739,traditional,0.076704,1.183744,0.232448,1.492896
740,traditional,0.083392,1.370112,0.225280,1.678784
741,traditional,0.077408,1.174528,0.224256,1.476192
742,traditional,0.092608,1.593344,0.240640,1.926592
743,traditional,0.077472,1.134592,0.226304,1.438368
744,traditional,0.084256,1.342464,0.226304,1.653024
745,traditional,0.077216,1.384448,0.222208,1.683872
746,traditional,0.083200,1.570816,0.238592,1.892608
747,traditional,0.077504,1.162240,0.232448,1.472192
748,traditional,0.081760,1.396736,0.225280,1.703776
749,traditional,0.076704,1.489920,0.234496,1.801120
750,traditional,0.078976,1.509376,0.230400,1.818752
751,traditional,0.081760,1.391616,0.225280,1.698656
752,traditional,0.077536,1.442816,0.225280,1.745632
753,traditional,0.076544,1.408000,0.225280,1.709824
754,traditional,0.076928,1.489920,0.242688,1.809536
755,traditional,0.080768,1.366016,0.222208,1.668992
756,traditional,0.082080,1.372160,0.225280,1.679520
757,traditional,0.095200,1.399808,0.229376,1.724384
758,traditional,0.106272,1.361920,0.222208,1.690400
759,traditional,0.080448,1.425408,0.225280,1.731136
760,traditional,0.080544,1.347584,0.222208,1.650336
761,traditional,0.077536,1.144832,0.226304,1.448672
762,traditional,0.081920,1.336320,0.223232,1.641472
763,traditional,0.080160,1.341440,0.221184,1.642784
764,traditional,0.081600,1.391616,0.223232,1.696448
765,traditional,0.075520,1.380352,0.225280,1.681152
766,traditional,0.076896,1.394688,0.223232,1.694816
767,traditional,0.078624,1.488896,0.232448,1.799968
768,traditional,0.084480,1.490944,0.229376,1.804800
769,traditional,0.080864,1.385472,0.225280,1.691616
770,traditional,0.080608,1.351680,0.221184,1.653472
771,traditional,0.075936,1.164288,0.225280,1.465504
772,traditional,0.078496,1.145856,0.225280,1.449632
773,traditional,0.079072,1.504256,0.241664,1.824992
774,traditional,0.098592,1.402880,0.229376,1.730848
775,traditional,0.082560,1.403904,0.225280,1.711744
776,traditional,0.081536,1.481728,0.227328,1.790592
777,traditional,0.088160,1.371136,0.225280,1.684576
778,traditional,0.077536,1.440768,0.228352,1.746656
779,traditional,0.081792,1.364992,0.225280,1.672064
780,traditional,0.081312,1.406976,0.222208,1.710496
781,traditional,0.076800,1.499136,0.227328,1.803264
782,traditional,0.084384,1.343488,0.220160,1.648032
783,traditional,0.081440,1.341440,0.223232,1.646112
784,traditional,0.083104,1.368064,0.224256,1.675424
785,traditional,0.080032,1.320960,0.220160,1.621152
786,traditional,0.078816,1.334272,0.225280,1.638368
787,traditional,0.082368,1.335296,0.219136,1.636800
788,traditional,0.077952,1.125376,0.219136,1.422464
789,traditional,0.082336,1.485824,0.232448,1.800608
790,traditional,0.077248,1.446912,0.226304,1.750464
791,traditional,0.077632,1.141760,0.223232,1.442624
792,traditional,0.079712,1.429504,0.226304,1.735520
793,traditional,0.085504,1.342464,0.224256,1.652224
794,traditional,0.077856,1.367040,0.224256,1.669152
795,traditional,0.082944,1.348608,0.223232,1.654784
796,traditional,0.076672,1.387520,0.228352,1.692544
797,traditional,0.088000,1.347584,0.223232,1.658816
798,traditional,0.077376,1.425408,0.226304,1.729088
799,traditional,0.081728,1.366016,0.222208,1.669952
800,traditional,0.076256,1.184768,0.225280,1.486304
801,traditional,0.087840,1.398784,0.229376,1.716000
802,traditional,0.080576,1.155072,0.226304,1.461952
803,traditional,0.082688,1.367040,0.226304,1.676032
804,traditional,0.086656,1.387520,0.226304,1.700480
805,traditional,0.082144,1.465344,0.225280,1.772768
806,traditional,0.082272,1.195008,0.222208,1.499488
807,traditional,0.077472,1.335296,0.221184,1.633952
808,traditional,0.076416,1.152000,0.226304,1.454720
809,traditional,0.080896,1.375232,0.222208,1.678336
810,traditional,0.076384,1.148928,0.222208,1.447520
811,traditional,0.097280,1.504256,0.237568,1.839104
812,traditional,0.077536,1.434624,0.225280,1.737440
813,traditional,0.078784,1.584128,0.230400,1.893312
814,traditional,0.089728,1.550336,0.230400,1.870464
815,traditional,0.082432,1.572864,0.223232,1.878528
816,traditional,0.076480,1.453056,0.224256,1.753792
817,traditional,0.077664,1.507328,0.229376,1.814368
818,traditional,0.081984,1.362944,0.231424,1.676352
819,traditional,0.083488,1.441792,0.227328,1.752608
820,traditional,0.080416,1.427456,0.220160,1.728032
821,traditional,0.080704,1.368064,0.217088,1.665856
822,traditional,0.079488,1.410048,0.220160,1.709696
823,traditional,0.081888,1.372160,0.219136,1.673184
824,traditional,0.074464,1.404928,0.220160,1.699552
825,traditional,0.075104,1.325056,0.217088,1.617248
826,traditional,0.075008,1.359872,0.220160,1.655040
827,traditional,0.082176,1.346560,0.217088,1.645824
828,traditional,0.075648,1.401856,0.220160,1.697664
829,traditional,0.077504,1.459200,0.219136,1.755840
830,traditional,0.077888,1.474560,0.226304,1.778752
831,traditional,0.079680,1.301504,0.215040,1.596224
832,traditional,0.073952,1.124352,0.217088,1.415392
833,traditional,0.074784,1.115136,0.214016,1.403936
834,traditional,0.076896,1.510400,0.227328,1.814624
835,traditional,0.074624,1.294336,0.214016,1.582976
836,traditional,0.073600,1.439744,0.217088,1.730432
837,traditional,0.074976,1.419264,0.219136,1.713376
838,traditional,0.092704,1.307648,0.211968,1.612320
839,traditional,0.077504,1.334272,0.220160,1.631936
840,traditional,0.076800,1.412096,0.220160,1.709056
841,traditional,0.079904,1.324032,0.220160,1.624096
842,traditional,0.078656,1.546240,0.232448,1.857344
843,traditional,0.075872,1.113088,0.219136,1.408096
844,traditional,0.087040,1.339392,0.216064,1.642496
845,traditional,0.074816,1.106944,0.228352,1.410112
846,traditional,0.079008,1.481728,0.226304,1.787040
847,traditional,0.086176,1.312768,0.216064,1.615008
848,traditional,0.082784,1.460224,0.225280,1.768288
849,traditional,0.074784,1.368064,0.216064,1.658912
850,traditional,0.090208,1.272832,0.211968,1.575008
851,traditional,0.073344,1.311744,0.216064,1.601152
852,traditional,0.088768,1.354752,0.215040,1.658560
853,traditional,0.078432,1.377280,0.216064,1.671776
854,traditional,0.079616,1.305600,0.214016,1.599232
855,traditional,0.073024,1.325056,0.212992,1.611072
856,traditional,0.082272,1.468416,0.220160,1.770848
857,traditional,0.077280,1.287168,0.214016,1.578464
858,traditional,0.079552,1.444864,0.220160,1.744576
859,traditional,0.101856,1.295360,0.212992,1.610208
860,traditional,0.077216,1.525760,0.228352,1.831328
861,traditional,0.074176,1.089536,0.212992,1.376704
862,traditional,0.077952,1.426432,0.226304,1.730688
863,traditional,0.077888,1.381376,0.217088,1.676352
864,traditional,0.078336,1.362944,0.216064,1.657344
865,traditional,0.080992,1.289216,0.217088,1.587296
866,traditional,0.075072,1.383424,0.221184,1.679680
867,traditional,0.081408,1.312768,0.214016,1.608192
868,traditional,0.090912,1.478656,0.223232,1.792800
869,traditional,0.074592,1.126400,0.218112,1.419104
870,traditional,0.080704,1.343488,0.215040,1.639232
871,traditional,0.077184,1.104896,0.218112,1.400192
872,traditional,0.074496,1.333248,0.218112,1.625856
873,traditional,0.078432,1.106944,0.218112,1.403488
874,traditional,0.078240,1.336320,0.217088,1.631648
875,traditional,0.074144,1.130496,0.218112,1.422752
876,traditional,0.076480,1.447936,0.221184,1.745600
877,traditional,0.085696,1.304576,0.212992,1.603264
878,traditional,0.082720,1.495040,0.224256,1.802016
879,traditional,0.077696,1.296384,0.217088,1.591168
880,traditional,0.077952,1.486848,0.223232,1.788032
881,traditional,0.082144,1.299456,0.212992,1.594592
882,traditional,0.077984,1.443840,0.226304,1.748128
883,traditional,0.074112,1.120256,0.216064,1.410432
884,traditional,0.079168,1.349632,0.215040,1.643840
885,traditional,0.078272,1.376256,0.216064,1.670592
886,traditional,0.079232,1.319936,0.212992,1.612160
887,traditional,0.073248,1.349632,0.217088,1.639968
888,traditional,0.077632,1.292288,0.212992,1.582912
889,traditional,0.073792,1.094656,0.216064,1.384512
890,traditional,0.079232,1.302528,0.212992,1.594752
891,traditional,0.073472,1.091584,0.212992,1.378048
892,traditional,0.073568,1.510400,0.230400,1.814368
893,traditional,0.073504,1.125376,0.217088,1.415968
894,traditional,0.078272,1.298432,0.212992,1.589696
895,traditional,0.085504,1.089536,0.211968,1.387008
896,traditional,0.076704,1.470464,0.226304,1.773472
897,traditional,0.075712,1.117184,0.212992,1.405888
898,traditional,0.079040,1.523712,0.229376,1.832128
899,traditional,0.073792,1.097728,0.211968,1.383488
900,traditional,0.082368,1.521664,0.221184,1.825216
901,traditional,0.078368,1.297408,0.212992,1.588768
902,traditional,0.077632,1.447936,0.226304,1.751872
903,traditional,0.074304,1.290240,0.214016,1.578560
904,traditional,0.081312,1.422336,0.222208,1.725856
905,traditional,0.078496,1.302528,0.217088,1.598112
906,traditional,0.078080,1.441792,0.224256,1.744128
907,traditional,0.074208,1.300480,0.218112,1.592800
908,traditional,0.075008,1.386496,0.217088,1.678592
909,traditional,0.081120,1.283072,0.212992,1.577184
910,traditional,0.104576,1.356800,0.215040,1.676416
911,traditional,0.074432,1.123328,0.217088,1.414848
912,traditional,0.078848,1.312768,0.212992,1.604608
913,traditional,0.072800,1.088512,0.212992,1.374304
914,traditional,0.078784,1.488896,0.222208,1.789888
915,traditional,0.075264,1.412096,0.218112,1.705472
916,traditional,0.082752,1.313792,0.216064,1.612608
917,traditional,0.076000,1.385472,0.219136,1.680608
918,traditional,0.079264,1.309696,0.216064,1.605024
919,traditional,0.078240,1.152000,0.219136,1.449376
920,traditional,0.075040,1.125376,0.216064,1.416480
921,traditional,0.074080,1.116160,0.215040,1.405280
922,traditional,0.077504,1.442816,0.229376,1.749696
923,traditional,0.073888,1.357824,0.218112,1.649824
924,traditional,0.074688,1.286144,0.214016,1.574848
925,traditional,0.077440,1.099776,0.214016,1.391232
926,traditional,0.095392,1.447936,0.223232,1.766560
927,traditional,0.089568,1.297408,0.215040,1.602016
928,traditional,0.078176,1.293312,0.215040,1.586528
929,traditional,0.073664,1.089536,0.217088,1.380288
930,traditional,0.078880,1.473536,0.223232,1.775648
931,traditional,0.078048,1.318912,0.222208,1.619168
932,traditional,0.082240,1.432576,0.227328,1.742144
933,traditional,0.078720,1.420288,0.219136,1.718144
934,traditional,0.078912,1.320960,0.217088,1.616960
935,traditional,0.074752,1.335296,0.220160,1.630208
936,traditional,0.080384,1.310720,0.217088,1.608192
937,traditional,0.076544,1.111040,0.216064,1.403648
938,traditional,0.078272,1.495040,0.225280,1.798592
939,traditional,0.076864,1.408000,0.228352,1.713216
940,traditional,0.076480,1.456128,0.224256,1.756864
941,traditional,0.079232,1.346560,0.220160,1.645952
942,traditional,0.077728,1.374208,0.219136,1.671072
943,traditional,0.074528,1.369088,0.218112,1.661728
944,traditional,0.078112,1.112064,0.215040,1.405216
945,traditional,0.090208,1.373184,0.218112,1.681504
946,traditional,0.085856,1.328128,0.219136,1.633120
947,traditional,0.091104,1.363968,0.219136,1.674208
948,traditional,0.081856,1.344512,0.215040,1.641408
949,traditional,0.091904,1.395712,0.218112,1.705728
950,traditional,0.073568,1.451008,0.226304,1.750880
951,traditional,0.079840,1.382400,0.217088,1.679328
952,traditional,0.078688,1.283072,0.211968,1.573728
953,traditional,0.073984,1.444864,0.219136,1.737984
954,traditional,0.075936,1.080320,0.227328,1.383584
955,traditional,0.077536,1.474560,0.220160,1.772256
956,traditional,0.078912,1.320960,0.216064,1.615936
957,traditional,0.078176,1.298432,0.211968,1.588576
958,traditional,0.084224,1.356800,0.214016,1.655040
959,traditional,0.077024,1.276928,0.210944,1.564896
960,traditional,0.080320,1.348608,0.216064,1.644992
961,traditional,0.078528,1.317888,0.215040,1.611456
962,traditional,0.079200,1.374208,0.218112,1.671520
963,traditional,0.079040,1.314816,0.219136,1.612992
964,traditional,0.083040,1.381376,0.219136,1.683552
965,traditional,0.078592,1.325056,0.216064,1.619712
966,traditional,0.074816,1.401856,0.219136,1.695808
967,traditional,0.084288,1.312768,0.216064,1.613120
968,traditional,0.098176,1.315840,0.219136,1.633152
969,traditional,0.075168,1.278976,0.215040,1.569184
970,traditional,0.077408,1.398784,0.217088,1.693280
971,traditional,0.075488,1.424384,0.245760,1.745632
972,traditional,0.091520,1.466368,0.222208,1.780096
973,traditional,0.078176,1.297408,0.212992,1.588576
974,traditional,0.073056,1.455104,0.227328,1.755488
975,traditional,0.073632,1.086464,0.211968,1.372064
976,traditional,0.081568,1.481728,0.221184,1.784480
977,traditional,0.078368,1.315840,0.214016,1.608224
978,traditional,0.077056,1.459200,0.226304,1.762560
979,traditional,0.080224,1.330176,0.220160,1.630560
980,traditional,0.090208,1.400832,0.219136,1.710176
981,traditional,0.077696,1.427456,0.220160,1.725312
982,traditional,0.083904,1.306624,0.217088,1.607616
983,traditional,0.074912,1.142784,0.221184,1.438880
984,traditional,0.080064,1.292288,0.224256,1.596608
985,traditional,0.074816,1.362944,0.220160,1.657920
986,traditional,0.079040,1.454080,0.225280,1.758400
987,traditional,0.079872,1.326080,0.217088,1.623040
988,traditional,0.079040,1.453056,0.227328,1.759424
989,traditional,0.073568,1.321984,0.218112,1.613664
990,traditional,0.098176,1.311744,0.212992,1.622912
991,traditional,0.073120,1.374208,0.217088,1.664416
992,traditional,0.082272,1.289216,0.212992,1.584480
993,traditional,0.072864,1.391616,0.216064,1.680544
994,traditional,0.078624,1.290240,0.219136,1.588000
995,traditional,0.078272,1.419264,0.216064,1.713600
996,traditional,0.078048,1.337344,0.212992,1.628384
997,traditional,0.072992,1.373184,0.216064,1.662240
998,traditional,0.075872,1.466368,0.221184,1.763424
999,traditional,0.080320,1.346560,0.218112,1.644992
1000,traditional,0.073472,1.328128,0.215040,1.616640
1001,traditional,0.073952,1.370112,0.216064,1.660128
1002,traditional,0.076192,1.439744,0.217088,1.733024
1003,traditional,0.078464,1.321984,0.217088,1.617536
1004,traditional,0.078624,1.340416,0.216064,1.635104
1005,traditional,0.074464,1.466368,0.222208,1.763040
1006,traditional,0.078496,1.455104,0.225280,1.758880
1007,traditional,0.075584,1.441792,0.234496,1.751872
1008,traditional,0.077856,1.473536,0.231424,1.782816
1009,traditional,0.083168,1.389568,0.231424,1.704160
1010,traditional,0.083712,1.369088,0.227328,1.680128
1011,traditional,0.077824,1.159168,0.231424,1.468416
1012,traditional,0.087456,1.550336,0.234496,1.872288
1013,traditional,0.082112,1.424384,0.230400,1.736896
1014,traditional,0.079200,1.355776,0.227328,1.662304
1015,traditional,0.077632,1.435648,0.230400,1.743680
1016,traditional,0.079136,1.512448,0.238592,1.830176
1017,traditional,0.086368,1.357824,0.228352,1.672544
1018,traditional,0.084544,1.399808,0.232448,1.716800
1019,traditional,0.109504,1.388544,0.233472,1.731520
1020,traditional,0.083680,1.179648,0.228352,1.491680
1021,traditional,0.082336,1.363968,0.229376,1.675680
1022,traditional,0.083008,1.372160,0.228352,1.683520
1023,traditional,0.078176,1.523712,0.229376,1.831264
1024,traditional,0.082752,1.362944,0.228352,1.674048
1025,traditional,0.078560,1.451008,0.230400,1.759968
1026,traditional,0.081376,1.691648,0.238592,2.011616
1027,traditional,0.083104,1.427456,0.227328,1.737888
1028,traditional,0.082688,1.345536,0.225280,1.653504
1029,traditional,0.087136,1.500160,0.227328,1.814624
1030,traditional,0.095232,1.347584,0.225280,1.668096
1031,traditional,0.076832,1.361920,0.225280,1.664032
1032,traditional,0.082240,1.350656,0.225280,1.658176
1033,traditional,0.077344,1.375232,0.240640,1.693216
1034,traditional,0.077856,1.545216,0.232448,1.855520
1035,traditional,0.076960,1.433600,0.227328,1.737888
1036,traditional,0.078400,1.548288,0.238592,1.865280
1037,traditional,0.086400,1.392640,0.231424,1.710464
1038,traditional,0.087872,1.425408,0.235520,1.748800
1039,traditional,0.082976,1.390592,0.235520,1.709088
1040,traditional,0.087808,1.396736,0.230400,1.714944
1041,traditional,0.081568,1.213440,0.234496,1.529504
1042,traditional,0.080640,1.566720,0.238592,1.885952
1043,traditional,0.079808,1.502208,0.233472,1.815488
1044,traditional,0.079712,1.420288,0.231424,1.731424
1045,traditional,0.079328,1.496064,0.234496,1.809888
1046,traditional,0.080288,1.562624,0.237568,1.880480
1047,traditional,0.083872,1.561600,0.231424,1.876896
1048,traditional,0.091424,1.396736,0.230400,1.718560
1049,traditional,0.081024,1.479680,0.230400,1.791104
1050,traditional,0.085248,1.410048,0.233472,1.728768
1051,traditional,0.080544,1.494016,0.232448,1.807008
1052,traditional,0.083808,1.388544,0.229376,1.701728
1053,traditional,0.081280,1.199104,0.229376,1.509760
1054,traditional,0.083360,1.400832,0.233472,1.717664
1055,traditional,0.078560,1.468416,0.232448,1.779424
1056,traditional,0.085344,1.385472,0.228352,1.699168
1057,traditional,0.078304,1.421312,0.232448,1.732064
1058,traditional,0.079680,1.413120,0.232448,1.725248
1059,traditional,0.093568,1.437696,0.250880,1.782144
1060,traditional,0.082528,1.649664,0.238592,1.970784
1061,traditional,0.078944,1.231872,0.233472,1.544288
1062,traditional,0.083520,1.390592,0.229376,1.703488
1063,traditional,0.081152,1.180672,0.228352,1.490176
1064,traditional,0.079680,1.434624,0.230400,1.744704
1065,traditional,0.079264,1.463296,0.233472,1.776032
1066,traditional,0.084160,1.431552,0.231424,1.747136
1067,traditional,0.079488,1.431552,0.230400,1.741440
1068,traditional,0.084576,1.411072,0.231424,1.727072
1069,traditional,0.080064,1.435648,0.234496,1.750208
1070,traditional,0.081536,1.486848,0.234496,1.802880
1071,traditional,0.085600,1.418240,0.234496,1.738336
1072,traditional,0.080960,1.443840,0.232448,1.757248
1073,traditional,0.081952,1.585152,0.238592,1.905696
1074,traditional,0.084768,1.555456,0.229376,1.869600
1075,traditional,0.083168,1.459200,0.231424,1.773792
1076,traditional,0.080064,1.437696,0.229376,1.747136
1077,traditional,0.082912,1.564672,0.236544,1.884128
1078,traditional,0.083200,1.440768,0.229376,1.753344
1079,traditional,0.083488,1.538048,0.235520,1.857056
1080,traditional,0.081440,1.473536,0.231424,1.786400
1081,traditional,0.086400,1.422336,0.228352,1.737088
1082,traditional,0.083168,1.395712,0.227328,1.706208
1083,traditional,0.078144,1.460224,0.230400,1.768768
1084,traditional,0.079520,1.519616,0.234496,1.833632
1085,traditional,0.086016,1.356800,0.226304,1.669120
1086,traditional,0.083648,1.389568,0.233472,1.706688
1087,traditional,0.078080,1.563648,0.234496,1.876224
1088,traditional,0.078336,1.451008,0.230400,1.759744
1089,traditional,0.081824,1.405952,0.222208,1.709984
1090,traditional,0.083840,1.374208,0.226304,1.684352
1091,traditional,0.077536,1.533952,0.230400,1.841888
1092,traditional,0.089408,1.468416,0.230400,1.788224
1093,traditional,0.085376,1.400832,0.230400,1.716608
1094,traditional,0.079328,1.560576,0.234496,1.874400
1095,traditional,0.078784,1.196032,0.229376,1.504192
1096,traditional,0.083456,1.395712,0.227328,1.706496
1097,traditional,0.077856,1.176576,0.225280,1.479712
1098,traditional,0.094720,1.609728,0.243712,1.948160
1099,traditional,0.078208,1.156096,0.230400,1.464704
1100,traditional,0.082496,1.570816,0.234496,1.887808
1101,traditional,0.077728,1.190912,0.231424,1.500064
1102,traditional,0.086432,1.380352,0.228352,1.695136
1103,traditional,0.077664,1.203200,0.232448,1.513312
1104,traditional,0.090464,1.377280,0.229376,1.697120
1105,traditional,0.078848,1.186816,0.227328,1.492992
1106,traditional,0.084768,1.567744,0.239616,1.892128
1107,traditional,0.085600,1.413120,0.226304,1.725024
1108,traditional,0.079936,1.464320,0.226304,1.770560
1109,traditional,0.080768,1.350656,0.227328,1.658752
1110,traditional,0.082816,1.347584,0.223232,1.653632
1111,traditional,0.085248,1.368064,0.223232,1.676544
1112,traditional,0.084512,1.627136,0.236544,1.948192
1113,traditional,0.076864,1.152000,0.222208,1.451072
1114,traditional,0.081216,1.511424,0.236544,1.829184
1115,traditional,0.078208,1.347584,0.224256,1.650048
1116,traditional,0.089536,1.495040,0.229376,1.813952
1117,traditional,0.076128,1.424384,0.222208,1.722720
1118,traditional,0.086752,1.491968,0.229376,1.808096
1119,traditional,0.084096,1.328128,0.220160,1.632384
1120,traditional,0.083680,1.351680,0.224256,1.659616
1121,traditional,0.084064,1.360896,0.224256,1.669216
1122,traditional,0.083264,1.344512,0.220160,1.647936
1123,traditional,0.078048,1.507328,0.235520,1.820896
1124,traditional,0.079584,1.750016,0.223232,2.052832
1125,traditional,0.087008,1.124352,0.219136,1.430496
1126,traditional,0.093216,1.564672,0.232448,1.890336
1127,traditional,0.076352,1.140736,0.219136,1.436224
1128,traditional,0.081312,1.374208,0.221184,1.676704
1129,traditional,0.075648,1.356800,0.222208,1.654656
1130,traditional,0.076864,1.433600,0.223232,1.733696
1131,traditional,0.083200,1.326080,0.218112,1.627392
1132,traditional,0.075264,1.586176,0.235520,1.896960
1133,traditional,0.077184,1.142784,0.224256,1.444224
1134,traditional,0.080928,1.489920,0.228352,1.799200
1135,traditional,0.085152,1.329152,0.220160,1.634464
1136,traditional,0.082016,1.384448,0.223232,1.689696
1137,traditional,0.076928,1.354752,0.224256,1.655936
1138,traditional,0.080416,1.437696,0.225280,1.743392
1139,traditional,0.080736,1.336320,0.221184,1.638240
1140,traditional,0.081184,1.516544,0.228352,1.826080
1141,traditional,0.077344,1.337344,0.221184,1.635872
1142,traditional,0.079840,1.562624,0.232448,1.874912
1143,traditional,0.076352,1.126400,0.218112,1.420864
1144,traditional,0.081056,1.476608,0.227328,1.784992
1145,traditional,0.080256,1.349632,0.219136,1.649024
1146,traditional,0.086368,1.464320,0.232448,1.783136
1147,traditional,0.078368,1.147904,0.223232,1.449504
1148,traditional,0.080896,1.349632,0.219136,1.649664
1149,traditional,0.075488,1.136640,0.220160,1.432288
1150,traditional,0.080448,1.532928,0.229376,1.842752
1151,traditional,0.082912,1.331200,0.219136,1.633248
1152,traditional,0.091936,1.390592,0.222208,1.704736
1153,traditional,0.077184,1.425408,0.223232,1.725824
1154,traditional,0.081760,1.333248,0.221184,1.636192
1155,traditional,0.076032,1.125376,0.224256,1.425664
1156,traditional,0.081664,1.526784,0.227328,1.835776
1157,traditional,0.076480,1.359872,0.224256,1.660608
1158,traditional,0.081248,1.552384,0.235520,1.869152
1159,traditional,0.075712,1.390592,0.225280,1.691584
1160,traditional,0.086560,1.336320,0.220160,1.643040
1161,traditional,0.075616,1.344512,0.225280,1.645408
1162,traditional,0.080832,1.487872,0.228352,1.797056
1163,traditional,0.076032,1.409024,0.223232,1.708288
1164,traditional,0.079520,1.313792,0.220160,1.613472
1165,traditional,0.076640,1.332224,0.224256,1.633120
1166,traditional,0.081792,1.317888,0.220160,1.619840
1167,traditional,0.075104,1.331200,0.219136,1.625440
1168,traditional,0.086944,1.550336,0.235520,1.872800
1169,traditional,0.104896,1.135616,0.220160,1.460672
1170,traditional,0.080032,1.336320,0.220160,1.636512
1171,traditional,0.079264,1.141760,0.220160,1.441184
1172,traditional,0.080960,1.513472,0.228352,1.822784
1173,traditional,0.075712,1.395712,0.222208,1.693632
1174,traditional,0.086368,1.327104,0.220160,1.633632
1175,traditional,0.074976,1.339392,0.223232,1.637600
1176,traditional,0.076544,1.519616,0.227328,1.823488
1177,traditional,0.076704,1.388544,0.221184,1.686432
1178,traditional,0.079712,1.313792,0.219136,1.612640
1179,traditional,0.074656,1.339392,0.224256,1.638304
1180,traditional,0.081408,1.315840,0.219136,1.616384
1181,traditional,0.079808,1.333248,0.219136,1.632192
1182,traditional,0.083840,1.372160,0.222208,1.678208
1183,traditional,0.075680,1.388544,0.222208,1.686432
1184,traditional,0.080704,1.306624,0.219136,1.606464
1185,traditional,0.079712,1.390592,0.222208,1.692512
1186,traditional,0.081088,1.310720,0.220160,1.611968
1187,traditional,0.076768,1.394688,0.226304,1.697760
1188,traditional,0.079936,1.492992,0.223232,1.796160
1189,traditional,0.080448,1.153024,0.223232,1.456704
1190,traditional,0.082336,1.323008,0.219136,1.624480
1191,traditional,0.076544,1.128448,0.220160,1.425152
1192,traditional,0.078880,1.527808,0.227328,1.834016
1193,traditional,0.079840,1.323008,0.220160,1.623008
1194,traditional,0.080160,1.380352,0.222208,1.682720
1195,traditional,0.075712,1.158144,0.223232,1.457088
1196,traditional,0.079168,1.321984,0.224256,1.625408
1197,traditional,0.083264,1.323008,0.220160,1.626432
1198,traditional,0.077824,1.446912,0.232448,1.757184
1199,traditional,0.076512,1.120256,0.220160,1.416928
1200,traditional,0.081152,1.418240,0.224256,1.723648
1201,traditional,0.076896,1.138688,0.225280,1.440864
1202,traditional,0.080576,1.412096,0.223232,1.715904
1203,traditional,0.077568,1.125376,0.221184,1.424128
1204,traditional,0.081408,1.343488,0.220160,1.645056
1205,traditional,0.090944,1.157120,0.225280,1.473344
1206,traditional,0.077952,1.511424,0.229376,1.818752
1207,traditional,0.075744,1.328128,0.224256,1.628128
1208,traditional,0.080960,1.576960,0.252928,1.910848
1209,traditional,0.076576,1.132544,0.219136,1.428256
1210,traditional,0.080320,1.445888,0.232448,1.758656
1211,traditional,0.075680,1.143808,0.225280,1.444768
1212,traditional,0.078848,1.333248,0.223232,1.635328
1213,traditional,0.079168,1.327104,0.219136,1.625408
1214,traditional,0.081888,1.474560,0.232448,1.788896
1215,traditional,0.082784,1.315840,0.219136,1.617760
1216,traditional,0.081344,1.556480,0.235520,1.873344
1217,traditional,0.078656,1.138688,0.226304,1.443648
1218,traditional,0.076640,1.343488,0.223232,1.643360
1219,traditional,0.080000,1.378304,0.222208,1.680512
1220,traditional,0.094816,1.529856,0.234496,1.859168
1221,traditional,0.077984,1.471488,0.225280,1.774752
1222,traditional,0.086016,1.369088,0.229376,1.684480
1223,traditional,0.076096,1.417216,0.236544,1.729856
1224,traditional,0.082272,1.348608,0.222208,1.653088
1225,traditional,0.075840,1.436672,0.225280,1.737792
1226,traditional,0.081792,1.332224,0.222208,1.636224
1227,traditional,0.076576,1.447936,0.241664,1.766176
1228,traditional,0.080224,1.332224,0.216064,1.628512
1229,traditional,0.074688,1.389568,0.219136,1.683392
1230,traditional,0.079744,1.325056,0.216064,1.620864
1231,traditional,0.077280,1.113088,0.220160,1.410528
1232,traditional,0.079072,1.289216,0.217088,1.585376
1233,traditional,0.075296,1.102848,0.216064,1.394208
1234,traditional,0.079872,1.474560,0.224256,1.778688
1235,traditional,0.076128,1.376256,0.249856,1.702240
1236,traditional,0.080128,1.326080,0.217088,1.623296
1237,traditional,0.077152,1.393664,0.220160,1.690976
1238,traditional,0.078880,1.301504,0.221184,1.601568
1239,traditional,0.087712,1.159168,0.224256,1.471136
1240,traditional,0.077376,1.408000,0.225280,1.710656
1241,traditional,0.098720,1.325056,0.221184,1.644960
1242,traditional,0.080128,1.375232,0.224256,1.679616
1243,traditional,0.076224,1.343488,0.224256,1.643968
1244,traditional,0.076960,1.428480,0.228352,1.733792
1245,traditional,0.079904,1.327104,0.221184,1.628192
1246,traditional,0.081280,1.502208,0.228352,1.811840
1247,traditional,0.076640,1.143808,0.223232,1.443680
1248,traditional,0.077120,1.476608,0.227328,1.781056
1249,traditional,0.076096,1.391616,0.222208,1.689920
1250,traditional,0.081152,1.314816,0.220160,1.616128
1251,traditional,0.078976,1.362944,0.223232,1.665152
1252,traditional,0.077888,1.342464,0.223232,1.643584
1253,traditional,0.079968,1.332224,0.223232,1.635424
1254,traditional,0.080288,1.474560,0.230400,1.785248
1255,traditional,0.075648,1.140736,0.223232,1.439616
1256,traditional,0.088480,1.338368,0.223232,1.650080
1257,traditional,0.083136,1.327104,0.231424,1.641664
1258,traditional,0.076064,1.591296,0.234496,1.901856
1259,traditional,0.077632,1.126400,0.226304,1.430336
1260,traditional,0.091520,1.370112,0.232448,1.694080
1261,traditional,0.075264,1.477632,0.227328,1.780224
1262,traditional,0.082336,1.478656,0.226304,1.787296
1263,traditional,0.075776,1.128448,0.223232,1.427456
1264,traditional,0.080800,1.313792,0.220160,1.614752
1265,traditional,0.075104,1.326080,0.220160,1.621344
1266,traditional,0.080480,1.511424,0.227328,1.819232
1267,traditional,0.075584,1.114112,0.225280,1.414976
1268,traditional,0.081216,1.319936,0.218112,1.619264
1269,traditional,0.080320,1.141760,0.218112,1.440192
1270,traditional,0.080416,1.502208,0.229376,1.812000
1271,traditional,0.075136,1.118208,0.222208,1.415552
1272,traditional,0.080544,1.482752,0.226304,1.789600
1273,traditional,0.077120,1.343488,0.218112,1.638720
1274,traditional,0.081440,1.471488,0.226304,1.779232
1275,traditional,0.075840,1.149952,0.222208,1.448000
1276,traditional,0.076544,1.397760,0.223232,1.697536
1277,traditional,0.084640,1.318912,0.219136,1.622688
1278,traditional,0.080800,1.398784,0.222208,1.701792
1279,traditional,0.075264,1.334272,0.223232,1.632768
1280,traditional,0.077056,1.422336,0.223232,1.722624
1281,traditional,0.079776,1.331200,0.248832,1.659808
1282,traditional,0.081792,1.346560,0.219136,1.647488
1283,traditional,0.075936,1.132544,0.219136,1.427616
1284,traditional,0.105120,1.512448,0.228352,1.845920
1285,traditional,0.076928,1.332224,0.220160,1.629312
1286,traditional,0.080096,1.579008,0.235520,1.894624
1287,traditional,0.077536,1.136640,0.224256,1.438432
1288,traditional,0.078528,1.424384,0.223232,1.726144
1289,traditional,0.080000,1.356800,0.219136,1.655936
1290,traditional,0.081152,1.482752,0.227328,1.791232
1291,traditional,0.079776,1.358848,0.220160,1.658784
1292,traditional,0.080384,1.471488,0.230400,1.782272
1293,traditional,0.078752,1.341440,0.223232,1.643424
1294,traditional,0.080160,1.423360,0.223232,1.726752
1295,traditional,0.095872,1.347584,0.219136,1.662592
1296,traditional,0.076576,1.576960,0.235520,1.889056
1297,traditional,0.076864,1.154048,0.220160,1.451072
1298,traditional,0.080992,1.517568,0.229376,1.827936
1299,traditional,0.077024,1.331200,0.221184,1.629408
1300,traditional,0.076256,1.561600,0.234496,1.872352
1301,traditional,0.077312,1.129472,0.221184,1.427968
1302,traditional,0.085504,1.568768,0.236544,1.890816
1303,traditional,0.076352,1.136640,0.225280,1.438272
1304,traditional,0.080128,1.372160,0.226304,1.678592
1305,traditional,0.079488,1.131520,0.216064,1.427072
1306,traditional,0.082336,1.389568,0.224256,1.696160
1307,traditional,0.078912,1.172480,0.231424,1.482816
1308,traditional,0.080064,1.460224,0.231424,1.771712
1309,traditional,0.082272,1.359872,0.227328,1.669472
1310,traditional,0.083264,1.526784,0.234496,1.844544
1311,traditional,0.078592,1.216512,0.231424,1.526528
1312,traditional,0.083776,1.393664,0.227328,1.704768
1313,traditional,0.078112,1.158144,0.227328,1.463584
1314,traditional,0.083488,1.542144,0.235520,1.861152
1315,traditional,0.077920,1.159168,0.226304,1.463392
1316,traditional,0.093472,1.428480,0.228352,1.750304
1317,traditional,0.082368,1.466368,0.227328,1.776064
1318,traditional,0.081856,1.361920,0.224256,1.668032
1319,traditional,0.076672,1.366016,0.227328,1.670016
1320,traditional,0.081888,1.345536,0.223232,1.650656
1321,traditional,0.076640,1.148928,0.227328,1.452896
1322,traditional,0.082240,1.511424,0.232448,1.826112
1323,traditional,0.077056,1.145856,0.230400,1.453312
1324,traditional,0.081312,1.446912,0.222208,1.750432
1325,traditional,0.080864,1.347584,0.225280,1.653728
1326,traditional,0.090880,1.610752,0.239616,1.941248
1327,traditional,0.078816,1.148928,0.228352,1.456096
1328,traditional,0.098304,1.409024,0.227328,1.734656
1329,traditional,0.080640,1.538048,0.233472,1.852160
1330,traditional,0.083008,1.402880,0.226304,1.712192
1331,traditional,0.083072,1.385472,0.228352,1.696896
1332,traditional,0.082688,1.346560,0.225280,1.654528
1333,traditional,0.077792,1.536000,0.228352,1.842144
1334,traditional,0.082720,1.356800,0.225280,1.664800
1335,traditional,0.080992,1.145856,0.225280,1.452128
1336,traditional,0.083072,1.509376,0.232448,1.824896
1337,traditional,0.079040,1.353728,0.225280,1.658048
1338,traditional,0.079648,1.474560,0.235520,1.789728
1339,traditional,0.079584,1.350656,0.225280,1.655520
1340,traditional,0.081184,1.585152,0.230400,1.896736
1341,traditional,0.082016,1.139712,0.225280,1.447008
1342,traditional,0.081856,1.488896,0.237568,1.808320
1343,traditional,0.087968,1.347584,0.232448,1.668000
1344,traditional,0.080448,1.466368,0.232448,1.779264
1345,traditional,0.081824,1.398784,0.228352,1.708960
1346,traditional,0.082336,1.426432,0.231424,1.740192
1347,traditional,0.079040,1.443840,0.231424,1.754304
1348,traditional,0.083776,1.390592,0.229376,1.703744
1349,traditional,0.079968,1.454080,0.231424,1.765472
1350,traditional,0.095264,1.386496,0.229376,1.711136
1351,traditional,0.084928,1.446912,0.231424,1.763264
1352,traditional,0.081984,1.544192,0.235520,1.861696
1353,traditional,0.080160,1.532928,0.235520,1.848608
1354,traditional,0.083360,1.457152,0.228352,1.768864
1355,traditional,0.081600,1.400832,0.228352,1.710784
1356,traditional,0.077728,1.463296,0.228352,1.769376
1357,traditional,0.077600,1.152000,0.228352,1.457952
1358,traditional,0.077984,1.451008,0.227328,1.756320
1359,traditional,0.083168,1.354752,0.225280,1.663200
1360,traditional,0.082752,1.601536,0.237568,1.921856
1361,traditional,0.078272,1.160192,0.224256,1.462720
1362,traditional,0.083136,1.486848,0.237568,1.807552
1363,traditional,0.078496,1.384448,0.230400,1.693344
1364,traditional,0.078720,1.497088,0.229376,1.805184
1365,traditional,0.083552,1.387520,0.238592,1.709664
1366,traditional,0.082304,1.510400,0.232448,1.825152
1367,traditional,0.081696,1.391616,0.226304,1.699616
1368,traditional,0.082656,1.623040,0.230400,1.936096
1369,traditional,0.077952,1.179648,0.226304,1.483904
1370,traditional,0.077888,1.634304,0.240640,1.952832
1371,traditional,0.103008,1.220608,0.226304,1.549920
1372,traditional,0.083456,1.507328,0.238592,1.829376
1373,traditional,0.078144,1.394688,0.230400,1.703232
1374,traditional,0.078144,1.461248,0.229376,1.768768
1375,traditional,0.081952,1.410048,0.226304,1.718304
1376,traditional,0.081888,1.596416,0.242688,1.920992
1377,traditional,0.080064,1.178624,0.226304,1.484992
1378,traditional,0.081888,1.604608,0.266240,1.952736
1379,traditional,0.078720,1.461248,0.229376,1.769344
1380,traditional,0.083232,1.360896,0.227328,1.671456
1381,traditional,0.077952,1.419264,0.230400,1.727616
1382,traditional,0.086624,1.439744,0.226304,1.752672
1383,traditional,0.077440,1.204224,0.230400,1.512064
1384,traditional,0.082880,1.381376,0.226304,1.690560
1385,traditional,0.077920,1.174528,0.229376,1.481824
1386,traditional,0.079392,1.387520,0.230400,1.697312
1387,traditional,0.079904,1.169408,0.233472,1.482784
1388,traditional,0.082624,1.439744,0.229376,1.751744
1389,traditional,0.077760,1.549312,0.236544,1.863616
1390,traditional,0.079264,1.468416,0.243712,1.791392
1391,traditional,0.085792,1.390592,0.231424,1.707808
1392,traditional,0.083072,1.371136,0.227328,1.681536
1393,traditional,0.077600,1.402880,0.231424,1.711904
1394,traditional,0.083552,1.464320,0.230400,1.778272
1395,traditional,0.077632,1.198080,0.230400,1.506112
1396,traditional,0.084128,1.444864,0.228352,1.757344
1397,traditional,0.082592,1.436672,0.229376,1.748640
1398,traditional,0.084160,1.394688,0.226304,1.705152
1399,traditional,0.078464,1.460224,0.230400,1.769088
1400,traditional,0.084832,1.380352,0.228352,1.693536
1401,traditional,0.077152,1.435648,0.229376,1.742176
1402,traditional,0.080608,1.353728,0.222208,1.656544
1403,traditional,0.076224,1.375232,0.227328,1.678784
1404,traditional,0.077568,1.432576,0.227328,1.737472
1405,traditional,0.085504,1.380352,0.226304,1.692160
1406,traditional,0.086240,1.399808,0.226304,1.712352
1407,traditional,0.077632,1.154048,0.227328,1.459008
1408,traditional,0.080896,1.400832,0.223232,1.704960
1409,traditional,0.076448,1.157120,0.232448,1.466016
1410,traditional,0.082496,1.408000,0.230400,1.720896
1411,traditional,0.075840,1.127424,0.224256,1.427520
1412,traditional,0.084864,1.397760,0.224256,1.706880
1413,traditional,0.075840,1.129472,0.224256,1.429568
1414,traditional,0.079680,1.478656,0.232448,1.790784
1415,traditional,0.081152,1.131520,0.224256,1.436928
1416,traditional,0.077440,1.424384,0.224256,1.726080
1417,traditional,0.076960,1.327104,0.220160,1.624224
1418,traditional,0.088800,1.594368,0.235520,1.918688
1419,traditional,0.077184,1.124352,0.226304,1.427840
1420,traditional,0.090112,1.480704,0.226304,1.797120
1421,traditional,0.076704,1.321984,0.218112,1.616800
1422,traditional,0.080800,1.573888,0.233472,1.888160
1423,traditional,0.075936,1.169408,0.218112,1.463456
1424,traditional,0.075456,1.153024,0.217088,1.445568
1425,traditional,0.087328,1.381376,0.222208,1.690912
1426,traditional,0.080000,1.305600,0.218112,1.603712
1427,traditional,0.075968,1.156096,0.222208,1.454272
1428,traditional,0.084096,1.328128,0.219136,1.631360
1429,traditional,0.075264,1.144832,0.232448,1.452544
1430,traditional,0.079616,1.381376,0.221184,1.682176
1431,traditional,0.079136,1.418240,0.220160,1.717536
1432,traditional,0.080128,1.316864,0.216064,1.613056
1433,traditional,0.083232,1.402880,0.220160,1.706272
1434,traditional,0.075040,1.463296,0.225280,1.763616
1435,traditional,0.082528,1.333248,0.216064,1.631840
1436,traditional,0.075936,1.316864,0.221184,1.613984
1437,traditional,0.078432,1.350656,0.222208,1.651296
1438,traditional,0.092256,1.388544,0.221184,1.701984
1439,traditional,0.075872,1.142784,0.225280,1.443936
1440,traditional,0.078592,1.339392,0.221184,1.639168
1441,traditional,0.075648,1.426432,0.232448,1.734528
1442,traditional,0.081088,1.324032,0.221184,1.626304
1443,traditional,0.075552,1.132544,0.224256,1.432352
1444,traditional,0.081920,1.341440,0.221184,1.644544
1445,traditional,0.075584,1.461248,0.228352,1.765184
1446,traditional,0.084416,1.161216,0.219136,1.464768
1447,traditional,0.103936,1.389568,0.228352,1.721856
1448,traditional,0.079968,1.330176,0.219136,1.629280
1449,traditional,0.080064,1.324032,0.220160,1.624256
1450,traditional,0.084128,1.416192,0.222208,1.722528
1451,traditional,0.076512,1.359872,0.222208,1.658592
1452,traditional,0.081344,1.378304,0.227328,1.686976
1453,traditional,0.079584,1.508352,0.227328,1.815264
1454,traditional,0.085248,1.325056,0.223232,1.633536
1455,traditional,0.074816,1.133568,0.223232,1.431616
1456,traditional,0.076192,1.121280,0.219136,1.416608
1457,traditional,0.086496,1.466368,0.232448,1.785312
1458,traditional,0.076000,1.314816,0.220160,1.610976
1459,traditional,0.083072,1.569792,0.231424,1.884288
1460,traditional,0.078176,1.106944,0.225280,1.410400
1461,traditional,0.080224,1.340416,0.217088,1.637728
1462,traditional,0.079872,1.125376,0.221184,1.426432
1463,traditional,0.093536,1.468416,0.225280,1.787232
1464,traditional,0.077856,1.321984,0.226304,1.626144
1465,traditional,0.079200,1.540096,0.224256,1.843552
1466,traditional,0.075328,1.112064,0.216064,1.403456
1467,traditional,0.074688,1.560576,0.233472,1.868736
1468,traditional,0.074912,1.120256,0.215040,1.410208
1469,traditional,0.082880,1.542144,0.231424,1.856448
1470,traditional,0.075264,1.112064,0.215040,1.402368
1471,traditional,0.078944,1.446912,0.223232,1.749088
1472,traditional,0.080288,1.295360,0.215040,1.590688
1473,traditional,0.079936,1.473536,0.227328,1.780800
1474,traditional,0.077568,1.316864,0.215040,1.609472
1475,traditional,0.074848,1.588224,0.234496,1.897568
1476,traditional,0.075168,1.129472,0.220160,1.424800
1477,traditional,0.079296,1.308672,0.216064,1.604032
1478,traditional,0.078944,1.117184,0.214016,1.410144
1479,traditional,0.084512,1.538048,0.231424,1.853984
1480,traditional,0.075072,1.112064,0.219136,1.406272
1481,traditional,0.084256,1.531904,0.232448,1.848608
1482,traditional,0.079104,1.150976,0.219136,1.449216
1483,traditional,0.079552,1.282048,0.216064,1.577664
1484,traditional,0.076672,1.108992,0.216064,1.401728
1485,traditional,0.074848,1.557504,0.233472,1.865824
1486,traditional,0.087968,1.148928,0.221184,1.458080
1487,traditional,0.085888,1.503232,0.225280,1.814400
1488,traditional,0.079104,1.320960,0.217088,1.617152
1489,traditional,0.077952,1.497088,0.224256,1.799296
1490,traditional,0.087296,1.370112,0.219136,1.676544
1491,traditional,0.081280,1.321984,0.217088,1.620352
1492,traditional,0.074912,1.135616,0.220160,1.430688
1493,traditional,0.082112,1.358848,0.217088,1.658048
1494,traditional,0.078944,1.114112,0.217088,1.410144
1495,traditional,0.079520,1.441792,0.230400,1.751712
1496,traditional,0.075584,1.439744,0.257024,1.772352
1497,traditional,0.085792,1.429504,0.237568,1.752864
1498,traditional,0.081376,1.476608,0.244736,1.802720
1499,traditional,0.097472,1.427456,0.236544,1.761472
1500,traditional,0.081440,1.451008,0.240640,1.773088
1501,traditional,0.085696,1.418240,0.237568,1.741504
1502,traditional,0.081248,1.429504,0.241664,1.752416
1503,traditional,0.090112,1.498112,0.239616,1.827840
1504,traditional,0.082976,1.448960,0.241664,1.773600
1505,traditional,0.083008,1.550336,0.250880,1.884224
1506,traditional,0.085280,1.505280,0.251904,1.842464
1507,traditional,0.091584,1.472512,0.252928,1.817024
1508,traditional,0.085632,1.520640,0.506880,2.113152
1509,traditional,0.085600,1.534976,0.249856,1.870432
1510,traditional,0.092160,1.664000,0.254976,2.011136
1511,traditional,0.090016,1.542144,0.537600,2.169760
1512,traditional,0.089472,1.738752,0.259072,2.087296
1513,traditional,0.085184,1.267712,0.247808,1.600704
1514,traditional,0.084256,1.290240,0.576512,1.951008
1515,traditional,0.083296,1.271808,0.249856,1.604960
1516,traditional,0.093888,1.722368,0.257024,2.073280
1517,traditional,0.085632,1.270784,0.251904,1.608320
1518,traditional,0.088480,1.469440,0.245760,1.803680
1519,traditional,0.084160,1.519616,0.527360,2.131136
1520,traditional,0.084672,1.526784,0.251904,1.863360
1521,traditional,0.090176,1.579008,0.247808,1.916992
1522,traditional,0.084320,1.657856,0.436224,2.178400
1523,traditional,0.086240,1.695744,0.252928,2.034912
1524,traditional,0.087200,1.662976,0.436224,2.186400
1525,traditional,0.089376,1.672192,0.251904,2.013472
1526,traditional,0.089440,1.545216,0.245760,1.880416
1527,traditional,0.089920,1.567744,0.251904,1.909568
1528,traditional,0.096352,1.654784,0.252928,2.004064
1529,traditional,0.090144,1.649664,0.436224,2.176032
1530,traditional,0.084256,1.262592,0.245760,1.592608
1531,traditional,0.097856,1.671168,0.535552,2.304576
1532,traditional,0.091392,1.509376,0.245760,1.846528
1533,traditional,0.098144,1.822720,0.250880,2.171744
1534,traditional,0.085088,1.292288,0.273408,1.650784
1535,traditional,0.091936,1.565696,0.247808,1.905440
1536,traditional,0.088256,1.661952,0.252928,2.003136
1537,traditional,0.086112,1.553408,0.537600,2.177120
1538,traditional,0.090144,1.694720,0.251904,2.036768
1539,traditional,0.085344,1.272832,0.269312,1.627488
1540,traditional,0.094496,1.584128,0.247808,1.926432
1541,traditional,0.084384,1.307648,0.248832,1.640864
1542,traditional,0.084544,1.538048,0.246784,1.869376
1543,traditional,0.085440,1.708032,0.251904,2.045376
1544,traditional,0.097728,1.707008,0.254976,2.059712
1545,traditional,0.087936,1.506304,0.600064,2.194304
1546,traditional,0.090976,1.522688,0.245760,1.859424
1547,traditional,0.083744,1.342464,0.683008,2.109216
1548,traditional,0.085120,1.292288,0.248832,1.626240
1549,traditional,0.087744,1.483776,0.241664,1.813184
1550,traditional,0.086336,1.460224,0.544768,2.091328
1551,traditional,0.091168,1.475584,0.242688,1.809440
1552,traditional,0.081952,1.243136,0.245760,1.570848
1553,traditional,0.092192,1.510400,0.242688,1.845280
1554,traditional,0.089600,1.526784,0.243712,1.860096
1555,traditional,0.083232,1.618944,0.249856,1.952032
1556,traditional,0.094016,1.443840,0.241664,1.779520
1557,traditional,0.089888,1.561600,0.245760,1.897248
1558,traditional,0.086272,1.481728,0.525312,2.093312
1559,traditional,0.083072,1.490944,0.242688,1.816704
1560,traditional,0.103712,1.633280,0.247808,1.984800
1561,traditional,0.092608,1.451008,0.239616,1.783232
1562,traditional,0.082432,1.289216,0.563200,1.934848
1563,traditional,0.082752,1.251328,0.243712,1.577792
1564,traditional,0.083328,1.552384,0.244736,1.880448
1565,traditional,0.086944,1.473536,0.502784,2.063264
1566,traditional,0.094080,1.536000,0.242688,1.872768
1567,traditional,0.095904,1.640448,0.247808,1.984160
1568,traditional,0.086560,1.468416,0.239616,1.794592
1569,traditional,0.086752,1.523712,0.242688,1.853152
1570,traditional,0.083360,1.596416,0.247808,1.927584
1571,traditional,0.085600,1.632256,0.241664,1.959520
1572,traditional,0.082816,1.235968,0.239616,1.558400
1573,traditional,0.082400,1.691648,0.251904,2.025952
1574,traditional,0.105696,1.239040,0.241664,1.586400
1575,traditional,0.089824,1.631232,0.249856,1.970912
1576,traditional,0.089728,1.435648,0.447488,1.972864
1577,traditional,0.087328,1.538048,0.246784,1.872160
1578,traditional,0.084800,1.443840,0.245760,1.774400
1579,traditional,0.084288,1.548288,0.252928,1.885504
1580,traditional,0.089632,1.470464,0.515072,2.075168
1581,traditional,0.091872,1.641472,0.252928,1.986272
1582,traditional,0.083744,1.274880,0.245760,1.604384
1583,traditional,0.101504,1.461248,0.245760,1.808512
1584,traditional,0.084128,1.500160,0.504832,2.089120
1585,traditional,0.087232,1.517568,0.247808,1.852608
1586,traditional,0.091488,1.640448,0.258048,1.989984
1587,traditional,0.098784,1.532928,0.218112,1.849824
1588,traditional,0.091840,1.417216,0.219136,1.728192
1589,traditional,0.079904,1.323008,0.215040,1.617952
1590,traditional,0.078560,1.362944,0.218112,1.659616
1591,traditional,0.081888,1.286144,0.216064,1.584096
1592,traditional,0.086144,1.415168,0.218112,1.719424
1593,traditional,0.078912,1.310720,0.215040,1.604672
1594,traditional,0.077088,1.362944,0.218112,1.658144
1595,traditional,0.079200,1.291264,0.207872,1.578336
1596,traditional,0.071648,1.113088,0.210944,1.395680
1597,traditional,0.074496,1.276928,0.208896,1.560320
1598,traditional,0.071328,1.353728,0.215040,1.640096
1599,traditional,0.076160,1.271808,0.207872,1.555840
1600,traditional,0.070848,1.078272,0.210944,1.360064
1601,traditional,0.076960,1.294336,0.206848,1.578144
1602,traditional,0.077632,1.093632,0.211968,1.383232
1603,traditional,0.079424,1.246208,0.212992,1.538624
1604,traditional,0.076384,1.245184,0.207872,1.529440
1605,traditional,0.077280,1.485824,0.224256,1.787360
1606,traditional,0.072608,1.058816,0.210944,1.342368
1607,traditional,0.080160,1.259520,0.206848,1.546528
1608,traditional,0.072256,1.068032,0.206848,1.347136
1609,traditional,0.079136,1.485824,0.225280,1.790240
1610,traditional,0.073632,1.057792,0.206848,1.338272
1611,traditional,0.075552,1.436672,0.217088,1.729312
1612,traditional,0.076608,1.245184,0.206848,1.528640
1613,traditional,0.077600,1.402880,0.216064,1.696544
1614,traditional,0.088704,1.258496,0.207872,1.555072
1615,traditional,0.071968,1.504256,0.221184,1.797408
1616,traditional,0.075936,1.050624,0.204800,1.331360
1617,traditional,0.075392,1.394688,0.229376,1.699456
1618,traditional,0.074144,1.047552,0.204800,1.326496
1619,traditional,0.072640,1.328128,0.208896,1.609664
1620,traditional,0.072320,1.060864,0.209920,1.343104
1621,traditional,0.080736,1.248256,0.205824,1.534816
1622,traditional,0.070880,1.059840,0.204800,1.335520
1623,traditional,0.075296,1.293312,0.208896,1.577504
1624,traditional,0.071232,1.065984,0.209920,1.347136
1625,traditional,0.073856,1.294336,0.212992,1.581184
1626,traditional,0.076512,1.291264,0.209920,1.577696
1627,traditional,0.074624,1.324032,0.208896,1.607552
1628,traditional,0.075072,1.427456,0.215040,1.717568
1629,traditional,0.079328,1.330176,0.209920,1.619424
1630,traditional,0.078624,1.284096,0.209920,1.572640
1631,traditional,0.079200,1.283072,0.206848,1.569120
1632,traditional,0.075264,1.069056,0.204800,1.349120
1633,traditional,0.071488,1.539072,0.223232,1.833792
1634,traditional,0.130432,2.403328,0.398336,2.932096
1635,traditional,0.132384,2.463744,0.207872,2.804000
1636,traditional,0.075616,1.385472,0.209920,1.671008
1637,traditional,0.071168,1.043456,0.202752,1.317376
1638,traditional,0.082144,1.508352,0.221184,1.811680
1639,traditional,0.071712,1.059840,0.203776,1.335328
1640,traditional,0.070688,1.396736,0.218112,1.685536
1641,traditional,0.071104,1.050624,0.215040,1.336768
1642,traditional,0.095296,1.405952,0.220160,1.721408
1643,traditional,0.078592,1.281024,0.216064,1.575680
1644,traditional,0.081344,1.442816,0.220160,1.744320
1645,traditional,0.133344,2.494464,0.405504,3.033312
1646,traditional,0.133888,1.729536,0.387072,2.250496
1647,traditional,0.085440,1.463296,0.220160,1.768896
1648,traditional,0.083936,1.306624,0.210944,1.601504
1649,traditional,0.078624,1.266688,0.211968,1.557280
1650,traditional,0.078176,1.393664,0.214016,1.685856
1651,traditional,0.080032,1.468416,0.222208,1.770656
1652,traditional,0.076960,1.357824,0.211968,1.646752
1653,traditional,0.076576,1.440768,0.216064,1.733408
1654,traditional,0.147936,2.686976,0.414720,3.249632
1655,traditional,0.135936,2.137088,0.208896,2.481920
1656,traditional,0.078368,1.330176,0.211968,1.620512
1657,traditional,0.080320,1.277952,0.207872,1.566144
1658,traditional,0.072224,1.105920,0.218112,1.396256
1659,traditional,0.079744,1.256448,0.207872,1.544064
1660,traditional,0.071648,1.072128,0.207872,1.351648
1661,traditional,0.089152,1.395712,0.217088,1.701952
1662,traditional,0.073248,1.127424,0.212992,1.413664
1663,traditional,0.087136,1.280000,0.208896,1.576032
1664,traditional,0.077024,1.114112,0.210944,1.402080
1665,traditional,0.079328,1.281024,0.207872,1.568224
1666,traditional,0.088224,1.071104,0.206848,1.366176
1667,traditional,0.077120,1.490944,0.225280,1.793344
1668,traditional,0.132640,2.458624,0.405504,2.996768
1669,traditional,0.134144,2.500608,0.216064,2.850816
1670,traditional,0.075776,1.452032,0.217088,1.744896
1671,traditional,0.074048,1.087488,0.210944,1.372480
1672,traditional,0.077216,1.444864,0.217088,1.739168
1673,traditional,0.077248,1.266688,0.208896,1.552832
1674,traditional,0.076576,1.539072,0.224256,1.839904
1675,traditional,0.072256,1.092608,0.208896,1.373760
1676,traditional,0.075328,1.403904,0.222208,1.701440
1677,traditional,0.131104,2.429952,0.400384,2.961440
1678,traditional,0.140544,1.744896,0.461824,2.347264
1679,traditional,0.088672,1.475584,0.215040,1.779296
1680,traditional,0.079136,1.891328,0.713728,2.684192
1681,traditional,0.132800,2.734080,0.210944,3.077824
1682,traditional,0.083200,1.271808,0.214016,1.569024
1683,traditional,0.084160,1.275904,0.214016,1.574080
1684,traditional,0.084384,1.099776,0.209920,1.394080
1685,traditional,0.072768,1.263616,0.210944,1.547328
1686,traditional,0.078112,1.492992,0.444416,2.015520
1687,traditional,0.156864,3.582976,0.481280,4.221120
1688,traditional,0.085152,1.541120,0.431104,2.057376
1689,traditional,0.084640,1.701888,0.253952,2.040480
1690,traditional,0.093664,1.502208,0.251904,1.847776
1691,traditional,0.088416,1.548288,0.249856,1.886560
1692,traditional,0.085216,1.667072,0.442368,2.194656
1693,traditional,0.092000,1.656832,0.254976,2.003808
1694,traditional,0.085760,1.293312,0.254976,1.634048
1695,traditional,0.088224,1.802240,0.451584,2.342048
1696,traditional,0.087456,1.331200,0.259072,1.677728
1697,traditional,0.088288,1.631232,0.259072,1.978592
1698,traditional,0.091136,1.552384,0.687104,2.330624
1699,traditional,0.094368,1.611776,0.257024,1.963168
1700,traditional,0.103232,1.725440,0.263168,2.091840
1701,traditional,0.087456,1.523712,0.467968,2.079136
1702,traditional,0.087456,1.673216,0.257024,2.017696
1703,traditional,0.096544,1.645568,0.256000,1.998112
1704,traditional,0.093792,1.523712,0.252928,1.870432
1705,traditional,0.086048,1.560576,0.516096,2.162720
1706,traditional,0.087424,1.572864,0.254976,1.915264
1707,traditional,0.089888,1.705984,0.260096,2.055968
1708,traditional,0.090176,1.519616,0.465920,2.075712
1709,traditional,0.090144,1.796096,0.265216,2.151456
1710,traditional,0.090560,1.329152,0.257024,1.676736
1711,traditional,0.086944,1.586176,0.256000,1.929120
1712,traditional,0.090592,1.653760,0.254976,1.999328
1713,traditional,0.088320,1.551360,0.536576,2.176256
1714,traditional,0.089184,1.697792,0.253952,2.040928
1715,traditional,0.092704,1.278976,0.246784,1.618464
1716,traditional,0.085024,1.773568,0.263168,2.121760
1717,traditional,0.089536,1.281024,0.247808,1.618368
1718,traditional,0.092416,1.631232,0.257024,1.980672
1719,traditional,0.085120,1.503232,0.251904,1.840256
1720,traditional,0.085824,1.521664,0.247808,1.855296
1721,traditional,0.088128,1.515520,0.507904,2.111552
1722,traditional,0.097056,1.541120,0.246784,1.884960
1723,traditional,0.091424,1.530880,0.246784,1.869088
1724,traditional,0.088160,1.549312,0.248832,1.886304
1725,traditional,0.088704,1.505280,0.246784,1.840768
1726,traditional,0.083776,1.631232,0.439296,2.154304
1727,traditional,0.087552,1.664000,0.253952,2.005504
1728,traditional,0.087392,1.474560,0.451584,2.013536
1729,traditional,0.092736,1.685504,0.252928,2.031168
1730,traditional,0.086976,1.481728,0.594944,2.163648
1731,traditional,0.087264,1.647616,0.248832,1.983712
1732,traditional,0.084160,1.526784,0.245760,1.856704
1733,traditional,0.086816,1.458176,0.242688,1.787680
1734,traditional,0.082560,1.479680,0.242688,1.804928
1735,traditional,0.086752,1.458176,0.241664,1.786592
1736,traditional,0.083168,1.527808,0.244736,1.855712
1737,traditional,0.111392,1.446912,0.242688,1.800992
1738,traditional,0.083264,1.480704,0.496640,2.060608
1739,traditional,0.084192,1.550336,0.247808,1.882336
1740,traditional,0.086304,1.648640,0.253952,1.988896
1741,traditional,0.085600,1.484800,0.455680,2.026080
1742,traditional,0.088864,1.654784,0.278528,2.022176
1743,traditional,0.083840,1.548288,0.248832,1.880960
1744,traditional,0.084256,1.665024,0.435200,2.184480
1745,traditional,0.084832,1.662976,0.253952,2.001760
1746,traditional,0.084128,1.666048,0.252928,2.003104
1747,traditional,0.088672,1.470464,0.598016,2.157152
1748,traditional,0.088672,1.651712,0.252928,1.993312
1749,traditional,0.091136,1.567744,0.253952,1.912832
1750,traditional,0.100800,1.471488,0.245760,1.818048
1751,traditional,0.087104,1.560576,0.247808,1.895488
1752,traditional,0.089088,1.478656,0.245760,1.813504
1753,traditional,0.085472,1.636352,0.435200,2.157024
1754,traditional,0.086304,1.659904,0.253952,2.000160
1755,traditional,0.090048,1.526784,0.535552,2.152384
1756,traditional,0.089280,1.492992,0.248832,1.831104
1757,traditional,0.088704,1.674240,0.257024,2.019968
1758,traditional,0.084800,1.492992,0.252928,1.830720
1759,traditional,0.088352,1.478656,0.246784,1.813792
1760,traditional,0.087072,1.522688,0.505856,2.115616
1761,traditional,0.084096,1.552384,0.248832,1.885312
1762,traditional,0.085536,1.682432,0.253952,2.021920
1763,traditional,0.087168,1.476608,0.454656,2.018432
1764,traditional,0.083712,1.751040,0.258048,2.092800
1765,traditional,0.084704,1.294336,0.252928,1.631968
1766,traditional,0.084768,1.565696,0.247808,1.898272
1767,traditional,0.088224,1.573888,0.248832,1.910944
1768,traditional,0.088416,1.482752,0.245760,1.816928
1769,traditional,0.084192,1.509376,0.500736,2.094304
1770,traditional,0.086656,1.556480,0.254976,1.898112
1771,traditional,0.084480,1.491968,0.248832,1.825280
1772,traditional,0.085920,1.496064,0.245760,1.827744
1773,traditional,0.093504,1.734656,0.261120,2.089280
1774,traditional,0.078592,1.122304,0.223232,1.424128
1775,traditional,0.080032,1.397760,0.218112,1.695904
1776,traditional,0.075040,1.152000,0.219136,1.446176
1777,traditional,0.080032,1.321984,0.215040,1.617056
1778,traditional,0.086400,1.128448,0.215040,1.429888
1779,traditional,0.081472,1.495040,0.223232,1.799744
1780,traditional,0.104832,1.297408,0.216064,1.618304
1781,traditional,0.078976,1.420288,0.218112,1.717376
1782,traditional,0.078240,1.307648,0.220160,1.606048
1783,traditional,0.085952,1.397760,0.211968,1.695680
1784,traditional,0.075232,1.272832,0.206848,1.554912
1785,traditional,0.091616,1.402880,0.224256,1.718752
1786,traditional,0.071776,1.348608,0.210944,1.631328
1787,traditional,0.073184,1.333248,0.211968,1.618400
1788,traditional,0.077536,1.265664,0.210944,1.554144
1789,traditional,0.077984,1.324032,0.210944,1.612960
1790,traditional,0.071840,1.082368,0.210944,1.365152
1791,traditional,0.075648,1.258496,0.212992,1.547136
1792,traditional,0.076128,1.238016,0.203776,1.517920
1793,traditional,0.088768,1.434624,0.222208,1.745600
1794,traditional,0.072000,1.239040,0.206848,1.517888
1795,traditional,0.088640,1.302528,0.208896,1.600064
1796,traditional,0.071424,1.046528,0.204800,1.322752
1797,traditional,0.077632,1.401856,0.217088,1.696576
1798,traditional,0.076320,1.246208,0.205824,1.528352
1799,traditional,0.073184,1.347584,0.207872,1.628640
1800,traditional,0.075552,1.317888,0.208896,1.602336
1801,traditional,0.071776,1.382400,0.215040,1.669216
1802,traditional,0.078240,1.406976,0.212992,1.698208
1803,traditional,0.090368,1.381376,0.212992,1.684736
1804,traditional,0.075680,1.260544,0.204800,1.541024
1805,traditional,0.072768,1.228800,0.208896,1.510464
1806,traditional,0.077472,1.245184,0.207872,1.530528
1807,traditional,0.077920,1.307648,0.204800,1.590368
1808,traditional,0.082752,1.041408,0.203776,1.327936
1809,traditional,0.086528,1.379328,0.242688,1.708544
1810,traditional,0.073760,1.315840,0.207872,1.597472
1811,traditional,0.075584,1.223680,0.205824,1.505088
1812,traditional,0.070880,1.289216,0.221184,1.581280
1813,traditional,0.080864,1.229824,0.204800,1.515488
1814,traditional,0.070912,1.047552,0.204800,1.323264
1815,traditional,0.073920,1.394688,0.257024,1.725632
1816,traditional,0.078272,1.172480,0.386048,1.636800
1817,traditional,0.129184,2.681856,0.390144,3.201184
1818,traditional,0.128448,1.686528,0.203776,2.018752
1819,traditional,0.283072,1.274880,0.210944,1.768896
1820,traditional,0.075104,1.381376,0.210944,1.667424
1821,traditional,0.132064,2.294784,0.390144,2.816992
1822,traditional,0.133024,2.396160,0.207872,2.737056
1823,traditional,0.072160,1.238016,0.208896,1.519072
1824,traditional,0.083232,1.259520,0.209920,1.552672
1825,traditional,0.085088,1.235968,0.209920,1.530976
1826,traditional,0.080480,1.479680,0.225280,1.785440
1827,traditional,0.071680,1.034240,0.205824,1.311744
1828,traditional,0.076064,1.370112,0.220160,1.666336
1829,traditional,0.072160,1.064960,0.205824,1.342944
1830,traditional,0.075968,1.110016,0.212992,1.398976
1831,traditional,0.077504,1.397760,0.216064,1.691328
1832,traditional,0.082048,1.277952,0.214016,1.574016
1833,traditional,0.084480,1.383424,0.216064,1.683968
1834,traditional,0.091424,1.323008,0.214016,1.628448
1835,traditional,0.086080,1.288192,0.216064,1.590336
1836,traditional,0.080416,1.363968,0.216064,1.660448
1837,traditional,0.074944,1.360896,0.217088,1.652928
1838,traditional,0.078464,1.291264,0.214016,1.583744
1839,traditional,0.072896,1.358848,0.216064,1.647808
1840,traditional,0.092672,1.299456,0.212992,1.605120
1841,traditional,0.076064,1.110016,0.217088,1.403168
1842,traditional,0.080512,1.459200,0.225280,1.764992
1843,traditional,0.078592,1.088512,0.217088,1.384192
1844,traditional,0.090944,1.338368,0.215040,1.644352
1845,traditional,0.073568,1.115136,0.217088,1.405792
1846,traditional,0.092352,1.702912,0.407552,2.202816
1847,traditional,0.133472,2.442240,0.397312,2.973024
1848,traditional,0.131072,1.810432,0.208896,2.150400
1849,traditional,0.083584,1.424384,0.214016,1.721984
1850,traditional,0.076576,1.270784,0.207872,1.555232
1851,traditional,0.083488,1.333248,0.210944,1.627680
1852,traditional,0.072704,1.078272,0.215040,1.366016
1853,traditional,0.080832,1.072128,0.210944,1.363904
1854,traditional,0.076320,1.082368,0.210944,1.369632
1855,traditional,0.076288,1.076224,0.206848,1.359360
1856,traditional,0.072736,1.045504,0.206848,1.325088
1857,traditional,0.076192,1.294336,0.209920,1.580448
1858,traditional,0.072608,2.044928,0.625664,2.743200
1859,traditional,0.134432,2.617344,0.391168,3.142944
1860,traditional,0.130144,1.421312,0.210944,1.762400
1861,traditional,0.073344,1.327104,0.209920,1.610368
1862,traditional,0.075680,1.582080,0.399360,2.057120
1863,traditional,0.128704,2.702336,0.620544,3.451584
1864,traditional,0.132512,1.574912,0.206848,1.914272
1865,traditional,0.071584,1.458176,0.214016,1.743776
1866,traditional,0.076480,1.244160,0.256000,1.576640
1867,traditional,0.087552,1.359872,0.259072,1.706496
1868,traditional,0.089216,1.717248,0.271360,2.077824
1869,traditional,0.089536,1.612800,0.264192,1.966528
1870,traditional,0.089440,2.000896,0.270336,2.360672
1871,traditional,0.096864,1.568768,0.260096,1.925728
1872,traditional,0.095744,1.565696,0.260096,1.921536
1873,traditional,0.088864,1.574912,0.531456,2.195232
1874,traditional,0.091744,1.619968,0.262144,1.973856
1875,traditional,0.093568,1.764352,0.271360,2.129280
1876,traditional,0.092064,1.774592,0.264192,2.130848
1877,traditional,0.088032,1.865728,0.265216,2.218976
1878,traditional,0.092736,1.359872,0.261120,1.713728
1879,traditional,0.093280,1.861632,0.266240,2.221152
1880,traditional,0.088704,1.655808,0.262144,2.006656
1881,traditional,0.093088,1.576960,0.260096,1.930144
1882,traditional,0.088960,1.884160,0.267264,2.240384
1883,traditional,0.098432,1.759232,0.266240,2.123904
1884,traditional,0.091776,1.925120,0.263168,2.280064
1885,traditional,0.089568,1.397760,0.259072,1.746400
1886,traditional,0.090528,1.740800,0.265216,2.096544
1887,traditional,0.092288,1.551360,0.626688,2.270336
1888,traditional,0.093184,1.732608,0.260096,2.085888
1889,traditional,0.088928,1.348608,0.262144,1.699680
1890,traditional,0.094368,2.013184,0.263168,2.370720
1891,traditional,0.091488,1.581056,0.262144,1.934688
1892,traditional,0.095680,1.566720,0.258048,1.920448
1893,traditional,0.097472,1.625088,0.258048,1.980608
1894,traditional,0.096032,1.550336,0.257024,1.903392
1895,traditional,0.087104,1.589248,0.523264,2.199616
1896,traditional,0.089344,1.625088,0.258048,1.972480
1897,traditional,0.092608,1.781760,0.263168,2.137536
1898,traditional,0.088288,1.746944,0.261120,2.096352
1899,traditional,0.091008,1.890304,0.260096,2.241408
1900,traditional,0.087712,1.334272,0.260096,1.682080
1901,traditional,0.094368,1.619968,0.259072,1.973408
1902,traditional,0.090368,1.765376,0.267264,2.123008
1903,traditional,0.096608,1.792000,0.264192,2.152800
1904,traditional,0.088544,1.724416,0.268288,2.081248
1905,traditional,0.092960,1.568768,0.265216,1.926944
1906,traditional,0.104800,2.080768,0.270336,2.455904
1907,traditional,0.091360,1.639424,0.262144,1.992928
1908,traditional,0.094400,1.558528,0.261120,1.914048
1909,traditional,0.115392,1.673216,0.262144,2.050752
1910,traditional,0.095616,1.553408,0.257024,1.906048
1911,traditional,0.101696,1.595392,0.260096,1.957184
1912,traditional,0.092128,1.536000,0.257024,1.885152
1913,traditional,0.091872,1.619968,0.259072,1.970912
1914,traditional,0.088224,1.609728,0.555008,2.252960
1915,traditional,0.093344,1.718272,0.262144,2.073760
1916,traditional,0.089632,1.935360,0.264192,2.289184
1917,traditional,0.095712,1.718272,0.263168,2.077152
1918,traditional,0.098272,1.588224,0.561152,2.247648
1919,traditional,0.107040,1.563648,0.253952,1.924640
1920,traditional,0.086912,1.837056,0.266240,2.190208
1921,traditional,0.086368,1.330176,0.258048,1.674592
1922,traditional,0.092544,1.608704,0.257024,1.958272
1923,traditional,0.088224,1.764352,0.261120,2.113696
1924,traditional,0.087040,1.903616,0.259072,2.249728
1925,traditional,0.102144,1.741824,0.260096,2.104064
1926,traditional,0.087200,1.761280,0.253952,2.102432
1927,traditional,0.086208,1.809408,0.265216,2.160832
1928,traditional,0.088096,1.335296,0.252928,1.676320
1929,traditional,0.090016,1.787904,0.262144,2.140064
1930,traditional,0.086848,1.299456,0.257024,1.643328
1931,traditional,0.098080,1.656832,0.261120,2.016032
1932,traditional,0.093536,1.595392,0.258048,1.946976
1933,traditional,0.086176,1.701888,0.548864,2.336928
1934,traditional,0.094400,1.579008,0.256000,1.929408
1935,traditional,0.095936,1.733632,0.265216,2.094784
1936,traditional,0.090688,1.656832,0.262144,2.009664
1937,traditional,0.086944,1.543168,0.257024,1.887136
1938,traditional,0.087040,1.646592,0.550912,2.284544
1939,traditional,0.090176,1.592320,0.256000,1.938496
1940,traditional,0.091584,1.520640,0.253952,1.866176
1941,traditional,0.085184,1.314816,0.256000,1.656000
1942,traditional,0.090560,1.517568,0.253952,1.862080
1943,traditional,0.087328,1.556480,0.516096,2.159904
1944,traditional,0.089152,1.560576,0.254976,1.904704
1945,traditional,0.093952,1.701888,0.259072,2.054912
1946,traditional,0.087392,1.568768,0.546816,2.202976
1947,traditional,0.100672,1.700864,0.261120,2.062656
1948,traditional,0.087488,1.498112,0.465920,2.051520
1949,traditional,0.088704,1.765376,0.263168,2.117248
1950,traditional,0.089568,1.313792,0.256000,1.659360
1951,traditional,0.094400,1.517568,0.252928,1.864896
1952,traditional,0.086592,1.547264,0.536576,2.170432
1953,traditional,0.086656,1.698816,0.260096,2.045568
1954,traditional,0.087136,1.586176,0.254976,1.928288
1955,traditional,0.094912,1.508352,0.251904,1.855168
1956,traditional,0.085920,1.527808,0.510976,2.124704
1957,traditional,0.085856,1.563648,0.254976,1.904480
1958,traditional,0.097248,1.610752,0.253952,1.961952
1959,traditional,0.091232,1.508352,0.250880,1.850464
1960,traditional,0.089792,1.683456,0.259072,2.032320
1961,traditional,0.089536,1.527808,0.253952,1.871296
1962,traditional,0.089760,1.487872,0.220160,1.797792
1963,traditional,0.078496,1.332224,0.212992,1.623712
1964,traditional,0.077376,1.406976,0.220160,1.704512
1965,traditional,0.082272,1.318912,0.218112,1.619296
1966,traditional,0.074496,1.456128,0.237568,1.768192
1967,traditional,0.078752,1.143808,0.216064,1.438624
1968,traditional,0.080320,1.478656,0.228352,1.787328
1969,traditional,0.082464,1.294336,0.217088,1.593888
1970,traditional,0.079040,1.497088,0.224256,1.800384
1971,traditional,0.075872,1.332224,0.218112,1.626208
1972,traditional,0.080064,1.588224,0.226304,1.894592
1973,traditional,0.072480,1.059840,0.224256,1.356576
1974,traditional,0.078720,1.547264,0.225280,1.851264
1975,traditional,0.072672,1.071104,0.206848,1.350624
1976,traditional,0.075968,1.408000,0.216064,1.700032
1977,traditional,0.088480,1.254400,0.207872,1.550752
1978,traditional,0.076032,1.421312,0.220160,1.717504
1979,traditional,0.072768,1.274880,0.207872,1.555520
1980,traditional,0.076800,1.409024,0.217088,1.702912
1981,traditional,0.073920,1.342464,0.209920,1.626304
1982,traditional,0.077408,1.263616,0.206848,1.547872
1983,traditional,0.071648,1.311744,0.209920,1.593312
1984,traditional,0.080000,1.274880,0.206848,1.561728
1985,traditional,0.071328,1.077248,0.209920,1.358496
1986,traditional,0.073440,1.349632,0.210944,1.634016
1987,traditional,0.079904,1.260544,0.206848,1.547296
1988,traditional,0.071424,1.524736,0.222208,1.818368
1989,traditional,0.071584,1.067008,0.205824,1.344416
1990,traditional,0.072992,1.491968,0.225280,1.790240
1991,traditional,0.074176,1.062912,0.203776,1.340864
1992,traditional,0.070848,1.495040,0.222208,1.788096
1993,traditional,0.072096,1.086464,0.204800,1.363360
1994,traditional,0.083232,1.477632,0.223232,1.784096
1995,traditional,0.071680,1.058816,0.205824,1.336320
1996,traditional,0.079456,1.485824,0.223232,1.788512
1997,traditional,0.070624,1.073152,0.204800,1.348576
1998,traditional,0.077824,1.352704,0.207872,1.638400
1999,traditional,0.076064,1.290240,0.208896,1.575200
2000,traditional,0.078720,1.319936,0.206848,1.605504
2001,traditional,0.074688,1.245184,0.205824,1.525696
2002,traditional,0.083360,1.504256,0.217088,1.804704
2003,traditional,0.070688,1.051648,0.203776,1.326112
2004,traditional,0.079488,1.431552,0.218112,1.729152
2005,traditional,0.128000,2.394112,0.391168,2.913280
2006,traditional,0.130720,2.460672,0.208896,2.800288
2007,traditional,0.075872,1.383424,0.209920,1.669216
2008,traditional,0.095744,1.044480,0.203776,1.344000
2009,traditional,0.070272,1.498112,0.221184,1.789568
2010,traditional,0.071840,1.070080,0.203776,1.345696
2011,traditional,0.072928,1.505280,0.222208,1.800416
2012,traditional,0.129600,2.406400,0.392192,2.928192
2013,traditional,0.129920,1.682432,0.204800,2.017152
2014,traditional,0.071872,1.337344,0.206848,1.616064
2015,traditional,0.079104,1.255424,0.203776,1.538304
2016,traditional,0.070464,1.338368,0.219136,1.627968
2017,traditional,0.079200,1.246208,0.204800,1.530208
2018,traditional,0.077024,1.080320,0.217088,1.374432
2019,traditional,0.071520,1.241088,0.203776,1.516384
2020,traditional,0.070976,1.335296,0.390144,1.796416
2021,traditional,0.128992,2.707456,0.392192,3.228640
2022,traditional,0.128736,1.750016,0.209920,2.088672
2023,traditional,0.078176,1.246208,0.203776,1.528160
2024,traditional,0.073984,1.369088,0.211968,1.655040
2025,traditional,0.141184,2.340864,0.388096,2.870144
2026,traditional,0.133984,2.562048,0.204800,2.900832
2027,traditional,0.073696,1.418240,0.205824,1.697760
2028,traditional,0.076704,1.277952,0.203776,1.558432
2029,traditional,0.080736,2.302976,0.593920,2.977632
2030,traditional,0.128416,2.451456,0.207872,2.787744
2031,traditional,0.074816,1.389568,0.212992,1.677376
2032,traditional,0.072320,1.278976,0.208896,1.560192
2033,traditional,0.072448,1.330176,0.209920,1.612544
2034,traditional,0.075936,1.254400,0.204800,1.535136
2035,traditional,0.076256,1.424384,0.230400,1.731040
2036,traditional,0.079872,2.654208,0.412672,3.146752
2037,traditional,0.134368,2.447360,0.218112,2.799840
2038,traditional,0.079904,1.445888,0.218112,1.743904
2039,traditional,0.072800,1.088512,0.212992,1.374304
2040,traditional,0.079584,1.439744,0.233472,1.752800
2041,traditional,0.078304,1.300480,0.212992,1.591776
2042,traditional,0.073920,1.457152,0.226304,1.757376
2043,traditional,0.078016,1.321984,0.216064,1.616064
2044,traditional,0.078016,1.283072,0.216064,1.577152
2045,traditional,0.077216,1.309696,0.211968,1.598880
2046,traditional,0.085600,1.459200,0.226304,1.771104
2047,traditional,0.133216,2.443264,0.406528,2.983008
2048,traditional,0.134656,2.495488,0.211968,2.842112
2049,traditional,0.073248,1.441792,0.217088,1.732128
2050,traditional,0.073472,1.438720,0.220160,1.732352
2051,traditional,0.081760,1.371136,0.212992,1.665888
2052,traditional,0.081760,1.290240,0.211968,1.583968
2053,traditional,0.079008,1.488896,0.249856,1.817760
2054,traditional,0.085600,1.444864,0.242688,1.773152
2055,traditional,0.085696,1.571840,0.243712,1.901248
2056,traditional,0.100832,1.476608,0.242688,1.820128
2057,traditional,0.086720,1.585152,0.522240,2.194112
2058,traditional,0.084768,1.458176,0.241664,1.784608
2059,traditional,0.088320,1.561600,0.241664,1.891584
2060,traditional,0.086496,1.494016,0.245760,1.826272
2061,traditional,0.085856,1.481728,0.238592,1.806176
2062,traditional,0.081824,1.256448,0.242688,1.580960
2063,traditional,0.081664,1.467392,0.241664,1.790720
2064,traditional,0.083168,1.282048,0.508928,1.874144
2065,traditional,0.082784,1.541120,0.243712,1.867616
2066,traditional,0.083232,1.646592,0.249856,1.979680
2067,traditional,0.084928,1.518592,0.528384,2.131904
2068,traditional,0.086112,1.643520,0.249856,1.979488
2069,traditional,0.089408,1.460224,0.242688,1.792320
2070,traditional,0.082912,1.285120,0.669696,2.037728
2071,traditional,0.083264,1.252352,0.243712,1.579328
2072,traditional,0.086752,1.759232,0.252928,2.098912
2073,traditional,0.087040,1.286144,0.245760,1.618944
2074,traditional,0.086784,1.570816,0.248832,1.906432
2075,traditional,0.088704,1.487872,0.245760,1.822336
2076,traditional,0.086880,1.632256,0.250880,1.970016
2077,traditional,0.087104,1.489920,0.245760,1.822784
2078,traditional,0.083392,1.614848,0.539648,2.237888
2079,traditional,0.091296,1.490944,0.245760,1.828000
2080,traditional,0.084640,1.550336,0.244736,1.879712
2081,traditional,0.087488,1.526784,0.503808,2.118080
2082,traditional,0.083040,1.506304,0.243712,1.833056
2083,traditional,0.092096,1.657856,0.250880,2.000832
2084,traditional,0.082880,1.565696,0.244736,1.893312
2085,traditional,0.089760,1.512448,0.492544,2.094752
2086,traditional,0.083872,1.499136,0.242688,1.825696
2087,traditional,0.084384,1.624064,0.247808,1.956256
2088,traditional,0.083648,1.469440,0.239616,1.792704
2089,traditional,0.089760,1.584128,0.248832,1.922720
2090,traditional,0.083968,1.471488,0.242688,1.798144
2091,traditional,0.085856,1.431552,0.238592,1.756000
2092,traditional,0.081824,1.474560,0.253952,1.810336
2093,traditional,0.086304,1.458176,0.238592,1.783072
2094,traditional,0.081984,1.487872,0.512000,2.081856
2095,traditional,0.086400,1.617920,0.245760,1.950080
2096,traditional,0.082016,1.498112,0.241664,1.821792
2097,traditional,0.081632,1.604608,0.246784,1.933024
2098,traditional,0.089472,1.453056,0.238592,1.781120
2099,traditional,0.087616,1.568768,0.243712,1.900096
2100,traditional,0.090240,1.520640,0.498688,2.109568
