frame,renderPath,shadowMs,sceneMs,postProcessMs,frameMs
1,traditional,0.190592,1.809408,0.223232,2.223232
2,traditional,0.187424,1.848320,0.226304,2.262048
3,traditional,0.180736,1.722368,0.224256,2.127360
4,traditional,0.186624,2.473984,0.229376,2.889984
5,traditional,0.180000,1.958912,0.228352,2.367264
6,traditional,0.177760,1.771520,0.465920,2.415200
7,traditional,0.193504,1.722368,0.221184,2.137056
8,traditional,0.177792,1.705984,0.221184,2.104960
9,traditional,0.176480,1.731584,0.221184,2.129248
10,traditional,0.180128,1.716224,0.223232,2.119584
11,traditional,0.191680,2.024448,0.227328,2.443456
12,traditional,0.189376,1.740800,0.221184,2.151360
13,traditional,0.182400,1.738752,0.221184,2.142336
14,traditional,0.175360,1.758208,0.225280,2.158848
15,traditional,0.183488,1.722368,0.231424,2.137280
16,traditional,0.180576,1.703936,0.222208,2.106720
17,traditional,0.178176,1.742848,0.221184,2.142208
18,traditional,0.176544,1.703936,0.221184,2.101664
19,traditional,0.176608,1.723392,0.221184,2.121184
20,traditional,0.180352,1.765376,0.224256,2.169984
21,traditional,0.178336,1.768448,0.221184,2.167968
22,traditional,0.176128,1.738752,0.222208,2.137088
23,traditional,0.177216,1.716224,0.221184,2.114624
24,traditional,0.186176,1.763328,0.221184,2.170688
25,traditional,0.183616,1.716224,0.221184,2.121024
26,traditional,0.177152,1.725440,0.222208,2.124800
27,traditional,0.178560,1.737728,0.222208,2.138496
28,traditional,0.178240,1.695744,0.221184,2.095168
29,traditional,0.186976,1.777664,0.223232,2.187872
30,traditional,0.185824,1.755136,0.460800,2.401760
31,traditional,0.204096,1.736704,0.221184,2.161984
32,traditional,0.194112,1.756160,0.223232,2.173504
33,traditional,0.194592,1.763328,0.221184,2.179104
34,traditional,0.185632,1.727488,0.221184,2.134304
35,traditional,0.206720,1.730560,0.221184,2.158464
36,traditional,0.178720,1.720320,0.222208,2.121248
37,traditional,0.186048,1.744896,0.222208,2.153152
38,traditional,0.185024,1.758208,0.221184,2.164416
39,traditional,0.179936,1.731584,0.221184,2.132704
40,traditional,0.190368,1.719296,0.221184,2.130848
41,traditional,0.203776,1.746944,0.221184,2.171904
42,traditional,0.201920,1.785856,0.221184,2.208960
43,traditional,0.177344,1.716224,0.223232,2.116800
44,traditional,0.195808,1.723392,0.221184,2.140384
45,traditional,0.191072,1.726464,0.228352,2.145888
46,traditional,0.189568,1.710080,0.221184,2.120832
47,traditional,0.204896,1.741824,0.221184,2.167904
48,traditional,0.177376,1.713152,0.222208,2.112736
49,traditional,0.178720,1.711104,0.455680,2.345504
50,traditional,0.194240,1.708032,0.220160,2.122432
51,traditional,0.175264,1.729536,0.222208,2.127008
52,traditional,0.177184,1.712128,0.222208,2.111520
53,traditional,0.195552,1.702912,0.221184,2.119648
54,traditional,0.179840,1.717248,0.221184,2.118272
55,traditional,0.179584,1.703936,0.221184,2.104704
56,traditional,0.177216,1.711104,0.221184,2.109504
57,traditional,0.204928,1.712128,0.221184,2.138240
58,traditional,0.201472,1.720320,0.221184,2.142976
59,traditional,0.178944,1.726464,0.460800,2.366208
60,traditional,0.190720,1.755136,0.221184,2.167040
61,traditional,0.178240,1.702912,0.222208,2.103360
62,traditional,0.175232,1.576960,0.198656,1.950848
63,traditional,0.174336,1.550336,0.198656,1.923328
64,traditional,0.161152,1.528832,0.198656,1.888640
65,traditional,0.176704,1.573888,0.199680,1.950272
66,traditional,0.160064,1.551360,0.199680,1.911104
67,traditional,0.185376,1.542144,0.199680,1.927200
68,traditional,0.204384,1.593344,0.198656,1.996384
69,traditional,0.195584,1.531904,0.198656,1.926144
70,traditional,0.177952,1.590272,0.202752,1.970976
71,traditional,0.165504,1.557504,0.198656,1.921664
72,traditional,0.162848,1.559552,0.199680,1.922080
73,traditional,0.178400,1.527808,0.199680,1.905888
74,traditional,0.170848,1.521664,0.198656,1.891168
75,traditional,0.163264,1.546240,0.198656,1.908160
76,traditional,0.162688,1.559552,0.198656,1.920896
77,traditional,0.160192,1.577984,0.199680,1.937856
78,traditional,0.174656,1.562624,0.198656,1.935936
79,traditional,0.161792,1.528832,0.198656,1.889280
80,traditional,0.188160,1.599488,0.199680,1.987328
81,traditional,0.164864,1.534976,0.199680,1.899520
82,traditional,0.162944,1.559552,0.199680,1.922176
83,traditional,0.164960,1.525760,0.198656,1.889376
84,traditional,0.164736,1.524736,0.199680,1.889152
85,traditional,0.169632,1.543168,0.199680,1.912480
86,traditional,0.163008,1.542144,0.199680,1.904832
87,traditional,0.162368,1.540096,0.199680,1.902144
88,traditional,0.164416,1.551360,0.198656,1.914432
89,traditional,0.179968,1.532928,0.198656,1.911552
90,traditional,0.182112,1.575936,0.199680,1.957728
91,traditional,0.172192,1.537024,0.210944,1.920160
92,traditional,0.168416,1.546240,0.208896,1.923552
93,traditional,0.164288,1.527808,0.199680,1.891776
94,traditional,0.183968,1.554432,0.199680,1.938080
95,traditional,0.165184,1.555456,0.199680,1.920320
96,traditional,0.160704,1.571840,0.198656,1.931200
97,traditional,0.162144,1.525760,0.199680,1.887584
98,traditional,0.163712,1.534976,0.199680,1.898368
99,traditional,0.172224,1.579008,0.199680,1.950912
100,traditional,0.165824,1.541120,0.199680,1.906624
101,traditional,0.161024,1.524736,0.211968,1.897728
102,traditional,0.165376,1.527808,0.198656,1.891840
103,traditional,0.162176,1.521664,0.199680,1.883520
104,traditional,0.162432,1.531904,0.199680,1.894016
105,traditional,0.163232,1.530880,0.198656,1.892768
106,traditional,0.161440,1.527808,0.199680,1.888928
107,traditional,0.174400,1.525760,0.199680,1.899840
108,traditional,0.162304,1.545216,0.199680,1.907200
109,traditional,0.160256,1.559552,0.224256,1.944064
110,traditional,0.159520,1.543168,0.198656,1.901344
111,traditional,0.160800,1.559552,0.199680,1.920032
112,traditional,0.160480,1.532928,0.199680,1.893088
113,traditional,0.161952,1.556480,0.199680,1.918112
114,traditional,0.161952,1.543168,0.198656,1.903776
115,traditional,0.163872,1.527808,0.199680,1.891360
116,traditional,0.164032,1.523712,0.199680,1.887424
117,traditional,0.174272,1.537024,0.200704,1.912000
118,traditional,0.163712,1.559552,0.211968,1.935232
119,traditional,0.176448,1.561600,0.200704,1.938752
120,traditional,0.159232,1.554432,0.203776,1.917440
121,traditional,0.174976,1.588224,0.200704,1.963904
122,traditional,0.165440,1.546240,0.199680,1.911360
123,traditional,0.166016,1.539072,0.199680,1.904768
124,traditional,0.175104,1.530880,0.199680,1.905664
125,traditional,0.160480,1.537024,0.199680,1.897184
126,traditional,0.160576,1.541120,0.200704,1.902400
127,traditional,0.185824,1.559552,0.199680,1.945056
128,traditional,0.160832,1.524736,0.199680,1.885248
129,traditional,0.170240,1.616896,0.199680,1.986816
130,traditional,0.165088,1.582080,0.222208,1.969376
131,traditional,0.160832,1.562624,0.199680,1.923136
132,traditional,0.163136,1.549312,0.199680,1.912128
133,traditional,0.174688,1.569792,0.200704,1.945184
134,traditional,0.160896,1.601536,0.199680,1.962112
135,traditional,0.184928,1.524736,0.199680,1.909344
136,traditional,0.160992,1.557504,0.200704,1.919200
137,traditional,0.173344,1.566720,0.199680,1.939744
138,traditional,0.167264,1.552384,0.199680,1.919328
139,traditional,0.162304,1.573888,0.200704,1.936896
140,traditional,0.168736,1.569792,0.199680,1.938208
141,traditional,0.160352,1.560576,0.199680,1.920608
142,traditional,0.161664,1.583104,0.202752,1.947520
143,traditional,0.161600,1.574912,0.199680,1.936192
144,traditional,0.167712,1.580032,0.199680,1.947424
145,traditional,0.161088,1.531904,0.209920,1.902912
146,traditional,0.171872,1.560576,0.202752,1.935200
147,traditional,0.172576,1.549312,0.199680,1.921568
148,traditional,0.166464,1.574912,0.199680,1.941056
149,traditional,0.164800,1.576960,0.199680,1.941440
150,traditional,0.165568,1.564672,0.199680,1.929920
151,traditional,0.161888,1.560576,0.199680,1.922144
152,traditional,0.160032,1.560576,0.199680,1.920288
153,traditional,0.161120,1.548288,0.199680,1.909088
154,traditional,0.164800,1.603584,0.199680,1.968064
155,traditional,0.172032,1.549312,0.199680,1.921024
156,traditional,0.163520,1.558528,0.200704,1.922752
157,traditional,0.163776,1.606656,0.200704,1.971136
158,traditional,0.164352,1.569792,0.199680,1.933824
159,traditional,0.168736,1.570816,0.199680,1.939232
160,traditional,0.163456,1.549312,0.199680,1.912448
161,traditional,0.163904,1.527808,0.199680,1.891392
162,traditional,0.160800,1.545216,0.199680,1.905696
163,traditional,0.162016,1.527808,0.199680,1.889504
164,traditional,0.161856,1.530880,0.200704,1.893440
165,traditional,0.161056,1.539072,0.199680,1.899808
166,traditional,0.160576,1.533952,0.200704,1.895232
167,traditional,0.161792,1.558528,0.199680,1.920000
168,traditional,0.172640,1.536000,0.199680,1.908320
169,traditional,0.176032,1.553408,0.199680,1.929120
170,traditional,0.162432,1.530880,0.199680,1.892992
171,traditional,0.173024,1.556480,0.199680,1.929184
172,traditional,0.173920,1.552384,0.200704,1.927008
173,traditional,0.181312,1.542144,0.199680,1.923136
174,traditional,0.180032,1.546240,0.200704,1.926976
175,traditional,0.191328,1.553408,0.199680,1.944416
176,traditional,0.164128,1.594368,0.199680,1.958176
177,traditional,0.162144,1.563648,0.200704,1.926496
178,traditional,0.189728,1.554432,0.200704,1.944864
179,traditional,0.175392,1.574912,0.199680,1.949984
180,traditional,0.177568,1.546240,0.199680,1.923488
181,traditional,0.161984,1.540096,0.199680,1.901760
182,traditional,0.175520,1.542144,0.199680,1.917344
183,traditional,0.176256,1.573888,0.211968,1.962112
184,traditional,0.190176,1.588224,0.200704,1.979104
185,traditional,0.160160,1.538048,0.199680,1.897888
186,traditional,0.177664,1.564672,0.199680,1.942016
187,traditional,0.161472,1.536000,0.199680,1.897152
188,traditional,0.166016,1.543168,0.199680,1.908864
189,traditional,0.171968,1.545216,0.202752,1.919936
190,traditional,0.162240,1.582080,0.199680,1.944000
191,traditional,0.161312,1.551360,0.200704,1.913376
192,traditional,0.164864,1.524736,0.199680,1.889280
193,traditional,0.172768,1.561600,0.199680,1.934048
194,traditional,0.161632,1.548288,0.199680,1.909600
195,traditional,0.162336,1.527808,0.208896,1.899040
196,traditional,0.159936,1.546240,0.202752,1.908928
197,traditional,0.167232,1.546240,0.199680,1.913152
198,traditional,0.161440,1.540096,0.199680,1.901216
199,traditional,0.164512,1.527808,0.200704,1.893024
200,traditional,0.163104,1.524736,0.199680,1.887520
201,traditional,0.163968,1.522688,0.199680,1.886336
202,traditional,0.184384,1.552384,0.198656,1.935424
203,traditional,0.162688,1.536000,0.203776,1.902464
204,traditional,0.162976,1.545216,0.200704,1.908896
205,traditional,0.165728,1.565696,0.199680,1.931104
206,traditional,0.162880,1.591296,0.199680,1.953856
207,traditional,0.160928,1.538048,0.199680,1.898656
208,traditional,0.161472,1.556480,0.199680,1.917632
209,traditional,0.163968,1.541120,0.198656,1.903744
210,traditional,0.165088,1.545216,0.200704,1.911008
211,traditional,0.172416,1.537024,0.199680,1.909120
212,traditional,0.165056,1.600512,0.199680,1.965248
213,traditional,0.160320,1.568768,0.199680,1.928768
214,traditional,0.161760,1.540096,0.199680,1.901536
215,traditional,0.165376,1.571840,0.199680,1.936896
216,traditional,0.164160,1.530880,0.199680,1.894720
217,traditional,0.173248,1.533952,0.199680,1.906880
218,traditional,0.163360,1.582080,0.199680,1.945120
219,traditional,0.160192,1.538048,0.199680,1.897920
220,traditional,0.160736,1.543168,0.200704,1.904608
221,traditional,0.160352,1.556480,0.200704,1.917536
222,traditional,0.161440,1.558528,0.199680,1.919648
223,traditional,0.162752,1.545216,0.200704,1.908672
224,traditional,0.163552,1.541120,0.199680,1.904352
225,traditional,0.163488,1.580032,0.199680,1.943200
226,traditional,0.164608,1.553408,0.199680,1.917696
227,traditional,0.188608,1.569792,0.199680,1.958080
228,traditional,0.194400,1.561600,0.199680,1.955680
229,traditional,0.172640,1.551360,0.199680,1.923680
230,traditional,0.174368,1.536000,0.199680,1.910048
231,traditional,0.169952,1.563648,0.199680,1.933280
232,traditional,0.162848,1.532928,0.225280,1.921056
233,traditional,0.160832,1.565696,0.200704,1.927232
234,traditional,0.175168,1.543168,0.200704,1.919040
235,traditional,0.163072,1.555456,0.199680,1.918208
236,traditional,0.175168,1.532928,0.205824,1.913920
237,traditional,0.162560,1.521664,0.200704,1.884928
238,traditional,0.163168,1.546240,0.200704,1.910112
239,traditional,0.175744,1.533952,0.199680,1.909376
240,traditional,0.173056,1.553408,0.199680,1.926144
241,traditional,0.164224,1.531904,0.200704,1.896832
242,traditional,0.160832,1.536000,0.199680,1.896512
243,traditional,0.164672,1.547264,0.199680,1.911616
244,traditional,0.163712,1.561600,0.199680,1.924992
245,traditional,0.187424,1.574912,0.199680,1.962016
246,traditional,0.163776,1.533952,0.199680,1.897408
247,traditional,0.162432,1.536000,0.199680,1.898112
248,traditional,0.162176,1.525760,0.199680,1.887616
249,traditional,0.162816,1.543168,0.199680,1.905664
250,traditional,0.159840,1.581056,0.199680,1.940576
251,traditional,0.164000,1.558528,0.199680,1.922208
252,traditional,0.175936,1.542144,0.199680,1.917760
253,traditional,0.171904,1.546240,0.200704,1.918848
254,traditional,0.170752,1.539072,0.200704,1.910528
255,traditional,0.178592,1.563648,0.200704,1.942944
256,traditional,0.161536,1.561600,0.199680,1.922816
257,traditional,0.163232,1.545216,0.199680,1.908128
258,traditional,0.161888,1.580032,0.199680,1.941600
259,traditional,0.162624,1.558528,0.223232,1.944384
260,traditional,0.161696,1.552384,0.199680,1.913760
261,traditional,0.161792,1.557504,0.200704,1.920000
262,traditional,0.172064,1.545216,0.199680,1.916960
263,traditional,0.163904,1.559552,0.203776,1.927232
264,traditional,0.175680,1.603584,0.200704,1.979968
265,traditional,0.178048,1.560576,0.199680,1.938304
266,traditional,0.173536,1.547264,0.200704,1.921504
267,traditional,0.181376,1.590272,0.199680,1.971328
268,traditional,0.178368,1.547264,0.199680,1.925312
269,traditional,0.187552,1.612800,0.200704,2.001056
270,traditional,0.164256,1.547264,0.199680,1.911200
271,traditional,0.160128,1.543168,0.199680,1.902976
272,traditional,0.162528,1.568768,0.200704,1.932000
273,traditional,0.162560,1.532928,0.199680,1.895168
274,traditional,0.162784,1.546240,0.200704,1.909728
275,traditional,0.162464,1.563648,0.199680,1.925792
276,traditional,0.160832,1.544192,0.199680,1.904704
277,traditional,0.165312,1.541120,0.199680,1.906112
278,traditional,0.164544,1.530880,0.200704,1.896128
279,traditional,0.164224,1.532928,0.199680,1.896832
280,traditional,0.162944,1.549312,0.200704,1.912960
281,traditional,0.166624,1.533952,0.200704,1.901280
282,traditional,0.161536,1.555456,0.199680,1.916672
283,traditional,0.161696,1.530880,0.200704,1.893280
284,traditional,0.162784,1.546240,0.214016,1.923040
285,traditional,0.165216,1.532928,0.200704,1.898848
286,traditional,0.175008,1.537024,0.200704,1.912736
287,traditional,0.162752,1.554432,0.200704,1.917888
288,traditional,0.164352,1.534976,0.199680,1.899008
289,traditional,0.165216,1.546240,0.200704,1.912160
290,traditional,0.161792,1.530880,0.200704,1.893376
291,traditional,0.172672,1.529856,0.200704,1.903232
292,traditional,0.165088,1.527808,0.202752,1.895648
293,traditional,0.160576,1.543168,0.200704,1.904448
294,traditional,0.160384,1.527808,0.200704,1.888896
295,traditional,0.160640,1.553408,0.200704,1.914752
296,traditional,0.164768,1.528832,0.200704,1.894304
297,traditional,0.162816,1.555456,0.200704,1.918976
298,traditional,0.160352,1.538048,0.200704,1.899104
299,traditional,0.166304,1.549312,0.200704,1.916320
300,traditional,0.161536,1.542144,0.199680,1.903360
301,traditional,0.161504,1.553408,0.203776,1.918688
302,traditional,0.162144,1.532928,0.200704,1.895776
303,traditional,0.161984,1.568768,0.200704,1.931456
304,traditional,0.174080,1.573888,0.200704,1.948672
305,traditional,0.161632,1.546240,0.200704,1.908576
306,traditional,0.163968,1.574912,0.200704,1.939584
307,traditional,0.160800,1.573888,0.200704,1.935392
308,traditional,0.161824,1.563648,0.200704,1.926176
309,traditional,0.172608,1.530880,0.200704,1.904192
310,traditional,0.171776,1.556480,0.199680,1.927936
311,traditional,0.176032,1.555456,0.200704,1.932192
312,traditional,0.160928,1.586176,0.200704,1.947808
313,traditional,0.162432,1.572864,0.215040,1.950336
314,traditional,0.162112,1.564672,0.200704,1.927488
315,traditional,0.161952,1.545216,0.199680,1.906848
316,traditional,0.194624,1.568768,0.209920,1.973312
317,traditional,0.167392,1.551360,0.200704,1.919456
318,traditional,0.190656,1.554432,0.199680,1.944768
319,traditional,0.175328,1.549312,0.201728,1.926368
320,traditional,0.195456,1.596416,0.200704,1.992576
321,traditional,0.163136,1.585152,0.200704,1.948992
322,traditional,0.161440,1.571840,0.199680,1.932960
323,traditional,0.186528,1.573888,0.201728,1.962144
324,traditional,0.176064,1.586176,0.200704,1.962944
325,traditional,0.178592,1.580032,0.199680,1.958304
326,traditional,0.174368,1.565696,0.200704,1.940768
327,traditional,0.161472,1.550336,0.199680,1.911488
328,traditional,0.177920,1.561600,0.200704,1.940224
329,traditional,0.163040,1.542144,0.200704,1.905888
330,traditional,0.162016,1.572864,0.200704,1.935584
331,traditional,0.162240,1.588224,0.199680,1.950144
332,traditional,0.163488,1.554432,0.200704,1.918624
333,traditional,0.175168,1.583104,0.200704,1.958976
334,traditional,0.175328,1.549312,0.200704,1.925344
335,traditional,0.173216,1.562624,0.200704,1.936544
336,traditional,0.161568,1.626112,0.200704,1.988384
337,traditional,0.179584,1.604608,0.202752,1.986944
338,traditional,0.178784,1.574912,0.199680,1.953376
339,traditional,0.176832,1.565696,0.199680,1.942208
340,traditional,0.164704,1.551360,0.200704,1.916768
341,traditional,0.160320,1.600512,0.200704,1.961536
342,traditional,0.174912,1.554432,0.200704,1.930048
343,traditional,0.165152,1.605632,0.199680,1.970464
344,traditional,0.168960,1.559552,0.200704,1.929216
345,traditional,0.161824,1.594368,0.200704,1.956896
346,traditional,0.164704,1.577984,0.200704,1.943392
347,traditional,0.162112,1.576960,0.200704,1.939776
348,traditional,0.166688,1.576960,0.203776,1.947424
349,traditional,0.168928,1.591296,0.200704,1.960928
350,traditional,0.166560,1.563648,0.200704,1.930912
351,traditional,0.165152,1.620992,0.200704,1.986848
352,traditional,0.173632,1.570816,0.200704,1.945152
353,traditional,0.163680,1.600512,0.200704,1.964896
354,traditional,0.161152,1.558528,0.203776,1.923456
355,traditional,0.163744,1.557504,0.200704,1.921952
356,traditional,0.167520,1.601536,0.199680,1.968736
357,traditional,0.162400,1.571840,0.200704,1.934944
358,traditional,0.174016,1.626112,0.200704,2.000832
359,traditional,0.168320,1.571840,0.200704,1.940864
360,traditional,0.162464,1.572864,0.199680,1.935008
361,traditional,0.161792,2.583552,0.377856,3.123200
362,traditional,0.299200,3.003392,0.210944,3.513536
363,traditional,0.174432,2.102272,0.202752,2.479456
364,traditional,0.173920,1.790976,0.216064,2.180960
365,traditional,0.178560,1.633280,0.202752,2.014592
366,traditional,0.181824,1.590272,0.200704,1.972800
367,traditional,0.163552,1.613824,0.200704,1.978080
368,traditional,0.177824,1.599488,0.199680,1.976992
369,traditional,0.165504,2.749440,0.384000,3.298944
370,traditional,0.309856,3.034112,0.206848,3.550816
371,traditional,0.165600,2.145280,0.205824,2.516704
372,traditional,0.166688,1.830912,0.207872,2.205472
373,traditional,0.168352,1.602560,0.204800,1.975712
374,traditional,0.167136,1.613824,0.202752,1.983712
375,traditional,0.165376,1.634304,0.202752,2.002432
376,traditional,0.167424,1.577984,0.202752,1.948160
377,traditional,0.167264,1.660928,0.222208,2.050400
378,traditional,0.177632,1.763328,0.222208,2.163168
379,traditional,0.197056,1.777664,0.458752,2.433472
380,traditional,0.196992,1.770496,0.222208,2.189696
381,traditional,0.181440,1.741824,0.222208,2.145472
382,traditional,0.179392,1.742848,0.221184,2.143424
383,traditional,0.190080,1.757184,0.222208,2.169472
384,traditional,0.182048,1.741824,0.228352,2.152224
385,traditional,0.205504,1.745920,0.222208,2.173632
386,traditional,0.206176,1.756160,0.222208,2.184544
387,traditional,0.181984,2.009088,0.225280,2.416352
388,traditional,0.193664,1.782784,0.221184,2.197632
389,traditional,0.192704,1.801216,0.222208,2.216128
390,traditional,0.186560,1.829888,0.475136,2.491584
391,traditional,0.195744,1.790976,0.223232,2.209952
392,traditional,0.192192,1.824768,0.224256,2.241216
393,traditional,0.193920,1.785856,0.223232,2.203008
394,traditional,0.192128,1.762304,0.223232,2.177664
395,traditional,0.214240,1.810432,0.229376,2.254048
396,traditional,0.196576,1.774592,0.223232,2.194400
397,traditional,0.184096,1.776640,0.223232,2.183968
398,traditional,0.192576,1.799168,0.223232,2.214976
399,traditional,0.182336,2.013184,0.227328,2.422848
400,traditional,0.210656,1.824768,0.222208,2.257632
401,traditional,0.195968,1.810432,0.462848,2.469248
402,traditional,0.191968,1.754112,0.225280,2.171360
403,traditional,0.184000,1.751040,0.226304,2.161344
404,traditional,0.195456,1.821696,0.226304,2.243456
405,traditional,0.207648,1.806336,0.227328,2.241312
406,traditional,0.193952,1.795072,0.226304,2.215328
407,traditional,0.183136,1.779712,0.226304,2.189152
408,traditional,0.196512,1.786880,0.223232,2.206624
409,traditional,0.195424,1.774592,0.231424,2.201440
410,traditional,0.195744,1.757184,0.223232,2.176160
411,traditional,0.193888,1.784832,0.466944,2.445664
412,traditional,0.193952,1.758208,0.223232,2.175392
413,traditional,0.178368,1.747968,0.222208,2.148544
414,traditional,0.178624,1.756160,0.222208,2.156992
415,traditional,0.181888,1.796096,0.222208,2.200192
416,traditional,0.179296,1.769472,0.222208,2.170976
417,traditional,0.205344,1.756160,0.222208,2.183712
418,traditional,0.184864,1.787904,0.222208,2.194976
419,traditional,0.194496,1.821696,0.215040,2.231232
420,traditional,0.172544,1.722368,0.448512,2.343424
421,traditional,0.204224,1.708032,0.215040,2.127296
422,traditional,0.175040,1.712128,0.220160,2.107328
423,traditional,0.199328,1.708032,0.215040,2.122400
424,traditional,0.175872,1.713152,0.215040,2.104064
425,traditional,0.198176,1.709056,0.216064,2.123296
426,traditional,0.204160,1.745920,0.221184,2.171264
427,traditional,0.184192,1.752064,0.221184,2.157440
428,traditional,0.184928,1.742848,0.221184,2.148960
429,traditional,0.179104,1.783808,0.221184,2.184096
430,traditional,0.189408,1.766400,0.221184,2.176992
431,traditional,0.176992,1.741824,0.219136,2.137952
432,traditional,0.187360,1.733632,0.220160,2.141152
433,traditional,0.177792,1.771520,0.219136,2.168448
434,traditional,0.180096,1.747968,0.219136,2.147200
435,traditional,0.181696,1.751040,0.220160,2.152896
436,traditional,0.192704,1.745920,0.220160,2.158784
437,traditional,0.190304,1.738752,0.235520,2.164576
438,traditional,0.176416,1.731584,0.218112,2.126112
439,traditional,0.174080,1.709056,0.219136,2.102272
440,traditional,0.198848,1.733632,0.449536,2.382016
441,traditional,0.201568,1.744896,0.217088,2.163552
442,traditional,0.175872,1.710080,0.218112,2.104064
443,traditional,0.181088,1.636352,0.204800,2.022240
444,traditional,0.169888,1.592320,0.205824,1.968032
445,traditional,0.179872,1.615872,0.203776,1.999520
446,traditional,0.170144,1.587200,0.204800,1.962144
447,traditional,0.166624,1.583104,0.203776,1.953504
448,traditional,0.178656,1.573888,0.203776,1.956320
449,traditional,0.171200,1.594368,0.202752,1.968320
450,traditional,0.172128,1.549312,0.208896,1.930336
451,traditional,0.164288,1.587200,0.200704,1.952192
452,traditional,0.165344,1.570816,0.199680,1.935840
453,traditional,0.163680,1.552384,0.200704,1.916768
454,traditional,0.163552,1.534976,0.200704,1.899232
455,traditional,0.160928,1.541120,0.200704,1.902752
456,traditional,0.164384,1.542144,0.200704,1.907232
457,traditional,0.166208,1.580032,0.200704,1.946944
458,traditional,0.183232,1.538048,0.199680,1.920960
459,traditional,0.178720,1.556480,0.199680,1.934880
460,traditional,0.165824,1.538048,0.199680,1.903552
461,traditional,0.164128,1.558528,0.200704,1.923360
462,traditional,0.176448,1.585152,0.200704,1.962304
463,traditional,0.162432,1.540096,0.200704,1.903232
464,traditional,0.165536,1.557504,0.199680,1.922720
465,traditional,0.167552,1.616896,0.200704,1.985152
466,traditional,0.164704,1.608704,0.199680,1.973088
467,traditional,0.194400,1.564672,0.202752,1.961824
468,traditional,0.161760,1.546240,0.200704,1.908704
469,traditional,0.160928,1.538048,0.200704,1.899680
470,traditional,0.162336,1.549312,0.200704,1.912352
471,traditional,0.162464,1.574912,0.200704,1.938080
472,traditional,0.166240,1.567744,0.199680,1.933664
473,traditional,0.174624,1.560576,0.199680,1.934880
474,traditional,0.172960,1.536000,0.200704,1.909664
475,traditional,0.162880,1.534976,0.199680,1.897536
476,traditional,0.162912,1.572864,0.200704,1.936480
477,traditional,0.161216,1.538048,0.200704,1.899968
478,traditional,0.162848,1.558528,0.199680,1.921056
479,traditional,0.162368,1.565696,0.199680,1.927744
480,traditional,0.187072,1.569792,0.200704,1.957568
481,traditional,0.164704,1.564672,0.200704,1.930080
482,traditional,0.180832,1.549312,0.200704,1.930848
483,traditional,0.162880,1.563648,0.199680,1.926208
484,traditional,0.161856,1.557504,0.200704,1.920064
485,traditional,0.175328,1.572864,0.200704,1.948896
486,traditional,0.179264,1.552384,0.199680,1.931328
487,traditional,0.165632,1.553408,0.200704,1.919744
488,traditional,0.162048,1.591296,0.200704,1.954048
489,traditional,0.195328,1.579008,0.200704,1.975040
490,traditional,0.179584,1.595392,0.200704,1.975680
491,traditional,0.189696,1.594368,0.200704,1.984768
492,traditional,0.167424,1.566720,0.199680,1.933824
493,traditional,0.161824,1.552384,0.199680,1.913888
494,traditional,0.171968,1.557504,0.199680,1.929152
495,traditional,0.164416,1.568768,0.199680,1.932864
496,traditional,0.163520,1.547264,0.200704,1.911488
497,traditional,0.162304,1.537024,0.200704,1.900032
498,traditional,0.166880,1.571840,0.200704,1.939424
499,traditional,0.162336,1.536000,0.199680,1.898016
500,traditional,0.162336,1.539072,0.200704,1.902112
501,traditional,0.163808,1.558528,0.200704,1.923040
502,traditional,0.163328,1.566720,0.200704,1.930752
503,traditional,0.163168,1.546240,0.199680,1.909088
504,traditional,0.163360,1.533952,0.200704,1.898016
505,traditional,0.161792,1.531904,0.201728,1.895424
506,traditional,0.162336,1.583104,0.200704,1.946144
507,traditional,0.161952,1.540096,0.199680,1.901728
508,traditional,0.178656,1.573888,0.199680,1.952224
509,traditional,0.163264,1.538048,0.200704,1.902016
510,traditional,0.166592,1.534976,0.199680,1.901248
511,traditional,0.161760,1.544192,0.201728,1.907680
512,traditional,0.172672,1.545216,0.200704,1.918592
513,traditional,0.166784,1.561600,0.200704,1.929088
514,traditional,0.178176,1.529856,0.200704,1.908736
515,traditional,0.164480,1.547264,0.199680,1.911424
516,traditional,0.164544,1.552384,0.199680,1.916608
517,traditional,0.174240,1.576960,0.224256,1.975456
518,traditional,0.160896,1.530880,0.199680,1.891456
519,traditional,0.173472,1.584128,0.200704,1.958304
520,traditional,0.166656,1.588224,0.199680,1.954560
521,traditional,0.166176,1.562624,0.200704,1.929504
522,traditional,0.164960,1.562624,0.206848,1.934432
523,traditional,0.170816,1.564672,0.201728,1.937216
524,traditional,0.174176,1.574912,0.199680,1.948768
525,traditional,0.174816,1.545216,0.199680,1.919712
526,traditional,0.162048,1.565696,0.200704,1.928448
527,traditional,0.162688,1.556480,0.200704,1.919872
528,traditional,0.168800,2.362368,0.377856,2.909024
529,traditional,0.303744,3.016704,0.203776,3.524224
530,traditional,0.166848,1.973248,0.200704,2.340800
531,traditional,0.182688,1.637376,0.201728,2.021792
532,traditional,0.167296,1.582080,0.200704,1.950080
533,traditional,0.180736,1.585152,0.204800,1.970688
534,traditional,0.165152,1.607680,0.204800,1.977632
535,traditional,0.165888,1.626112,0.204800,1.996800
536,traditional,0.165024,1.571840,0.204800,1.941664
537,traditional,0.201888,1.636352,0.204800,2.043040
538,traditional,0.172832,1.613824,0.204800,1.991456
539,traditional,0.164352,2.681856,0.382976,3.229184
540,traditional,0.302976,2.912256,0.202752,3.417984
541,traditional,0.178304,1.831936,0.206848,2.217088
542,traditional,0.185984,1.807360,0.205824,2.199168
543,traditional,0.163360,1.627136,0.201728,1.992224
544,traditional,0.170720,1.589248,0.201728,1.961696
545,traditional,0.164544,2.856960,0.382976,3.404480
546,traditional,0.298720,2.763776,0.205824,3.268320
547,traditional,0.166336,2.162688,0.205824,2.534848
548,traditional,0.205408,1.866752,0.210944,2.283104
549,traditional,0.169632,1.594368,0.208896,1.972896
550,traditional,0.178432,1.642496,0.208896,2.029824
551,traditional,0.180032,1.629184,0.206848,2.016064
552,traditional,0.192160,1.579008,0.202752,1.973920
553,traditional,0.169568,1.575936,0.201728,1.947232
554,traditional,0.183648,1.567744,0.201728,1.953120
555,traditional,0.163712,1.553408,0.201728,1.918848
556,traditional,0.166560,2.269184,0.382976,2.818720
557,traditional,0.301152,2.919424,0.201728,3.422304
558,traditional,0.172992,1.787904,0.204800,2.165696
559,traditional,0.185312,2.333696,0.382976,2.901984
560,traditional,0.303648,3.172352,0.218112,3.694112
561,traditional,0.381504,1.758208,0.199680,2.339392
562,traditional,0.180160,1.602560,0.200704,1.983424
563,traditional,0.161984,1.556480,0.199680,1.918144
564,traditional,0.164000,1.622016,0.240640,2.026656
565,traditional,0.193760,1.907712,0.241664,2.343136
566,traditional,0.201696,1.898496,0.240640,2.340832
567,traditional,0.210656,1.905664,0.244736,2.361056
568,traditional,0.196928,1.917952,0.243712,2.358592
569,traditional,0.192992,1.893376,0.241664,2.328032
570,traditional,0.211232,2.074624,0.233472,2.519328
571,traditional,0.185280,2.100224,0.436224,2.721728
572,traditional,0.214496,2.097152,0.437248,2.748896
573,traditional,0.212160,2.112512,0.455680,2.780352
574,traditional,0.191264,2.104320,0.234496,2.530080
575,traditional,0.185344,2.117632,0.234496,2.537472
576,traditional,0.203712,1.846272,0.236544,2.286528
577,traditional,0.213696,1.879040,0.234496,2.327232
578,traditional,0.219904,1.868800,0.233472,2.322176
579,traditional,0.185088,1.839104,0.233472,2.257664
580,traditional,0.213408,1.875968,0.234496,2.323872
581,traditional,0.192352,1.828864,0.232448,2.253664
582,traditional,0.205888,1.830912,0.231424,2.268224
583,traditional,0.185696,1.868800,0.232448,2.286944
584,traditional,0.184832,1.844224,0.232448,2.261504
585,traditional,0.202368,1.839104,0.232448,2.273920
586,traditional,0.187872,1.850368,0.232448,2.270688
587,traditional,0.203392,1.928192,0.232448,2.364032
588,traditional,0.186720,1.812480,0.231424,2.230624
589,traditional,0.186048,1.824768,0.228352,2.239168
590,traditional,0.184512,1.815552,0.229376,2.229440
591,traditional,0.184928,1.794048,0.228352,2.207328
592,traditional,0.181664,1.804288,0.229376,2.215328
593,traditional,0.196128,1.850368,0.234496,2.280992
594,traditional,0.200736,1.821696,0.225280,2.247712
595,traditional,0.195232,1.785856,0.225280,2.206368
596,traditional,0.198624,1.814528,0.225280,2.238432
597,traditional,0.192896,1.775616,0.225280,2.193792
598,traditional,0.195232,1.787904,0.225280,2.208416
599,traditional,0.180672,1.780736,0.225280,2.186688
600,traditional,0.192928,1.762304,0.225280,2.180512
601,traditional,0.199392,1.778688,0.225280,2.203360
602,traditional,0.179136,1.763328,0.224256,2.166720
603,traditional,0.186176,1.780736,0.225280,2.192192
604,traditional,0.199360,1.775616,0.226304,2.201280
605,traditional,0.204064,1.802240,0.225280,2.231584
606,traditional,0.206816,1.821696,0.465920,2.494432
607,traditional,0.182144,1.750016,0.223232,2.155392
608,traditional,0.185664,1.755136,0.224256,2.165056
609,traditional,0.195584,1.757184,0.223232,2.176000
610,traditional,0.200160,1.756160,0.223232,2.179552
611,traditional,0.195360,1.756160,0.224256,2.175776
612,traditional,0.183232,1.763328,0.223232,2.169792
613,traditional,0.199936,1.809408,0.230400,2.239744
614,traditional,0.197376,1.835008,0.242688,2.275072
615,traditional,0.194336,1.817600,0.231424,2.243360
616,traditional,0.205536,1.833984,0.251904,2.291424
617,traditional,0.187360,1.858560,0.230400,2.276320
618,traditional,0.188384,1.820672,0.230400,2.239456
619,traditional,0.202624,1.845248,0.231424,2.279296
620,traditional,0.199104,1.832960,0.229376,2.261440
621,traditional,0.187968,1.801216,0.229376,2.218560
622,traditional,0.185440,1.817600,0.229376,2.232416
623,traditional,0.182656,1.840128,0.229376,2.252160
624,traditional,0.186688,1.821696,0.229376,2.237760
625,traditional,0.202816,1.695744,0.208896,2.107456
626,traditional,0.173184,1.655808,0.208896,2.037888
627,traditional,0.179904,1.688576,0.208896,2.077376
628,traditional,0.176800,1.692672,0.209920,2.079392
629,traditional,0.184544,1.737728,0.210944,2.133216
630,traditional,0.171456,1.684480,0.200704,2.056640
631,traditional,0.190976,1.606656,0.200704,1.998336
632,traditional,0.174240,1.610752,0.201728,1.986720
633,traditional,0.182560,1.583104,0.200704,1.966368
634,traditional,0.163648,1.624064,0.200704,1.988416
635,traditional,0.163584,1.577984,0.200704,1.942272
636,traditional,0.161824,1.565696,0.200704,1.928224
637,traditional,0.174944,1.587200,0.200704,1.962848
638,traditional,0.176000,1.609728,0.200704,1.986432
639,traditional,0.165984,1.609728,0.203776,1.979488
640,traditional,0.164192,1.582080,0.200704,1.946976
641,traditional,0.165984,1.585152,0.200704,1.951840
642,traditional,0.176352,1.590272,0.202752,1.969376
643,traditional,0.169024,1.610752,0.201728,1.981504
644,traditional,0.164992,1.619968,0.201728,1.986688
645,traditional,0.165792,1.586176,0.199680,1.951648
646,traditional,0.173440,1.554432,0.200704,1.928576
647,traditional,0.161536,1.564672,0.199680,1.925888
648,traditional,0.163616,1.559552,0.200704,1.923872
649,traditional,0.166784,1.580032,0.200704,1.947520
650,traditional,0.163360,1.579008,0.200704,1.943072
651,traditional,0.171808,1.586176,0.201728,1.959712
652,traditional,0.180704,1.572864,0.201728,1.955296
653,traditional,0.164448,1.568768,0.200704,1.933920
654,traditional,0.163776,1.601536,0.200704,1.966016
655,traditional,0.163360,1.579008,0.200704,1.943072
656,traditional,0.167520,1.559552,0.201728,1.928800
657,traditional,0.164256,1.583104,0.200704,1.948064
658,traditional,0.163744,1.592320,0.199680,1.955744
659,traditional,0.164544,1.564672,0.200704,1.929920
660,traditional,0.164864,2.679808,0.378880,3.223552
661,traditional,0.299136,2.893824,0.201728,3.394688
662,traditional,0.177760,1.820672,0.203776,2.202208
663,traditional,0.161920,1.787904,0.203776,2.153600
664,traditional,0.175904,1.601536,0.200704,1.978144
665,traditional,0.166304,1.577984,0.200704,1.944992
666,traditional,0.165856,1.570816,0.200704,1.937376
667,traditional,0.168672,1.572864,0.200704,1.942240
668,traditional,0.163904,2.813952,0.378880,3.356736
669,traditional,0.300192,2.772992,0.202752,3.275936
670,traditional,0.180224,1.855488,0.206848,2.242560
671,traditional,0.181312,3.102720,0.384000,3.668032
672,traditional,0.307392,2.661376,0.203776,3.172544
673,traditional,0.178336,1.881088,0.205824,2.265248
674,traditional,0.189600,1.614848,0.207872,2.012320
675,traditional,0.190816,1.625088,0.206848,2.022752
676,traditional,0.168768,1.618944,0.206848,1.994560
677,traditional,0.170592,1.646592,0.206848,2.024032
678,traditional,0.170720,1.643520,0.206848,2.021088
679,traditional,0.177248,1.604608,0.204800,1.986656
680,traditional,0.173216,1.623040,0.204800,2.001056
681,traditional,0.164544,1.614848,0.204800,1.984192
682,traditional,0.165120,1.588224,0.204800,1.958144
683,traditional,0.164128,1.634304,0.203776,2.002208
684,traditional,0.165472,1.610752,0.202752,1.978976
685,traditional,0.187424,1.600512,0.203776,1.991712
686,traditional,0.193600,1.617920,0.203776,2.015296
687,traditional,0.178272,1.561600,0.200704,1.940576
688,traditional,0.166912,1.557504,0.199680,1.924096
689,traditional,0.161600,1.614848,0.200704,1.977152
690,traditional,0.173536,1.572864,0.200704,1.947104
691,traditional,0.160416,2.682880,0.380928,3.224224
692,traditional,0.304256,2.888704,0.201728,3.394688
693,traditional,0.167424,2.171904,0.215040,2.554368
694,traditional,0.174880,1.952768,0.214016,2.341664
695,traditional,0.188896,1.671168,0.214016,2.074080
696,traditional,0.209088,1.655808,0.212992,2.077888
697,traditional,0.190048,1.659904,0.212992,2.062944
698,traditional,0.176768,1.662976,0.214016,2.053760
699,traditional,0.182208,1.683456,0.212992,2.078656
700,traditional,0.176288,1.694720,0.440320,2.311328
701,traditional,0.180064,1.667072,0.212992,2.060128
702,traditional,0.171232,1.650688,0.214016,2.035936
703,traditional,0.185024,1.673216,0.212992,2.071232
704,traditional,0.172672,1.672192,0.223232,2.068096
705,traditional,0.179424,1.764352,0.223232,2.167008
706,traditional,0.183776,1.734656,0.224256,2.142688
707,traditional,0.187488,1.759232,0.220160,2.166880
708,traditional,0.192096,1.754112,0.220160,2.166368
709,traditional,0.177280,1.710080,0.220160,2.107520
710,traditional,0.215008,1.743872,0.459776,2.418656
711,traditional,0.175456,1.719296,0.222208,2.116960
712,traditional,0.184608,1.756160,0.222208,2.162976
713,traditional,0.179200,1.695744,0.215040,2.089984
714,traditional,0.196448,1.709056,0.216064,2.121568
715,traditional,0.175104,1.707008,0.215040,2.097152
716,traditional,0.189920,1.717248,0.215040,2.122208
717,traditional,0.172832,1.681408,0.216064,2.070304
718,traditional,0.177664,1.674240,0.220160,2.072064
719,traditional,0.176352,1.691648,0.214016,2.082016
720,traditional,0.190592,1.710080,0.445440,2.346112
721,traditional,0.175040,1.686528,0.215040,2.076608
722,traditional,0.187392,1.669120,0.214016,2.070528
723,traditional,0.176544,1.694720,0.214016,2.085280
724,traditional,0.175872,1.687552,0.215040,2.078464
725,traditional,0.201472,1.709056,0.215040,2.125568
726,traditional,0.189664,1.715200,0.214016,2.118880
727,traditional,0.179040,1.693696,0.215040,2.087776
728,traditional,0.172000,1.684480,0.217088,2.073568
729,traditional,0.187424,1.666048,0.212992,2.066464
730,traditional,0.210432,1.705984,0.214016,2.130432
731,traditional,0.185376,1.685504,0.212992,2.083872
732,traditional,0.176192,1.701888,0.212992,2.091072
733,traditional,0.173440,1.656832,0.211968,2.042240
734,traditional,0.171840,1.684480,0.212992,2.069312
735,traditional,0.185696,1.677312,0.212992,2.076000
736,traditional,0.175232,1.676288,0.239616,2.091136
737,traditional,0.183936,1.665024,0.214016,2.062976
738,traditional,0.171968,1.665024,0.214016,2.051008
739,traditional,0.176576,1.670144,0.214016,2.060736
740,traditional,0.172160,1.690624,0.215040,2.077824
741,traditional,0.171712,1.713152,0.444416,2.329280
742,traditional,0.183744,1.692672,0.216064,2.092480
743,traditional,0.177152,1.670144,0.215040,2.062336
744,traditional,0.172064,1.679360,0.214016,2.065440
745,traditional,0.173088,1.684480,0.212992,2.070560
746,traditional,0.180704,1.681408,0.212992,2.075104
747,traditional,0.174432,1.668096,0.212992,2.055520
748,traditional,0.175136,1.666048,0.212992,2.054176
749,traditional,0.174400,1.659904,0.212992,2.047296
750,traditional,0.172192,1.653760,0.212992,2.038944
751,traditional,0.171232,1.647616,0.212992,2.031840
752,traditional,0.183808,1.650688,0.439296,2.273792
753,traditional,0.171328,1.650688,0.212992,2.035008
754,traditional,0.175168,1.653760,0.208896,2.037824
755,traditional,0.176096,1.661952,0.208896,2.046944
756,traditional,0.167744,1.662976,0.208896,2.039616
757,traditional,0.170016,1.647616,0.208896,2.026528
758,traditional,0.173696,1.625088,0.208896,2.007680
759,traditional,0.168576,1.651712,0.208896,2.029184
760,traditional,0.172448,1.636352,0.208896,2.017696
761,traditional,0.180576,1.632256,0.208896,2.021728
762,traditional,0.194368,1.648640,0.208896,2.051904
763,traditional,0.180384,1.616896,0.208896,2.006176
764,traditional,0.168160,1.634304,0.208896,2.011360
765,traditional,0.171264,1.591296,0.203776,1.966336
766,traditional,0.164000,1.597440,0.203776,1.965216
767,traditional,0.167968,1.589248,0.203776,1.960992
768,traditional,0.177696,1.598464,0.206848,1.983008
769,traditional,0.166080,1.652736,0.210944,2.029760
770,traditional,0.166592,1.620992,0.206848,1.994432
771,traditional,0.179872,1.626112,0.206848,2.012832
772,traditional,0.168576,1.640448,0.433152,2.242176
773,traditional,0.194080,1.631232,0.206848,2.032160
774,traditional,0.198080,1.684480,0.206848,2.089408
775,traditional,0.216768,1.613824,0.206848,2.037440
776,traditional,0.173664,1.611776,0.206848,1.992288
777,traditional,0.181056,1.636352,0.207872,2.025280
778,traditional,0.172448,1.616896,0.206848,1.996192
779,traditional,0.179936,1.647616,0.207872,2.035424
780,traditional,0.169216,1.622016,0.205824,1.997056
781,traditional,0.178272,1.636352,0.206848,2.021472
782,traditional,0.179584,1.602560,0.206848,1.988992
783,traditional,0.176928,1.649664,0.206848,2.033440
784,traditional,0.172384,1.603584,0.204800,1.980768
785,traditional,0.165056,1.616896,0.204800,1.986752
786,traditional,0.182112,1.593344,0.204800,1.980256
787,traditional,0.166112,1.589248,0.205824,1.961184
788,traditional,0.167776,1.614848,0.205824,1.988448
789,traditional,0.167296,1.593344,0.204800,1.965440
790,traditional,0.173888,1.546240,0.199680,1.919808
791,traditional,0.185568,1.567744,0.200704,1.954016
792,traditional,0.166208,1.574912,0.200704,1.941824
793,traditional,0.162592,1.549312,0.200704,1.912608
794,traditional,0.163488,1.556480,0.200704,1.920672
795,traditional,0.161344,1.564672,0.208896,1.934912
796,traditional,0.169568,1.609728,0.208896,1.988192
797,traditional,0.172576,1.660928,0.208896,2.042400
798,traditional,0.168832,1.616896,0.208896,1.994624
799,traditional,0.166752,1.627136,0.212992,2.006880
800,traditional,0.167616,1.644544,0.208896,2.021056
801,traditional,0.195712,1.647616,0.431104,2.274432
802,traditional,0.211776,1.654784,0.207872,2.074432
803,traditional,0.167520,1.676288,0.220160,2.063968
804,traditional,0.170752,1.618944,0.207872,1.997568
805,traditional,0.168928,1.648640,0.221184,2.038752
806,traditional,0.184352,1.638400,0.207872,2.030624
807,traditional,0.170272,1.635328,0.206848,2.012448
808,traditional,0.167392,1.618944,0.207872,1.994208
809,traditional,0.169696,1.623040,0.207872,2.000608
810,traditional,0.167776,1.640448,0.207872,2.016096
811,traditional,0.193472,1.646592,0.211968,2.052032
812,traditional,0.198944,1.666048,0.207872,2.072864
813,traditional,0.168832,1.634304,0.207872,2.011008
814,traditional,0.178432,1.667072,0.209920,2.055424
815,traditional,0.169856,1.674240,0.208896,2.052992
816,traditional,0.168160,1.652736,0.208896,2.029792
817,traditional,0.168768,1.656832,0.208896,2.034496
818,traditional,0.174432,1.657856,0.209920,2.042208
819,traditional,0.174880,1.655808,0.209920,2.040608
820,traditional,0.170656,1.650688,0.208896,2.030240
821,traditional,0.171616,1.670144,0.209920,2.051680
822,traditional,0.168512,1.659904,0.209920,2.038336
823,traditional,0.175712,1.646592,0.209920,2.032224
824,traditional,0.172000,1.656832,0.209920,2.038752
825,traditional,0.168864,1.627136,0.207872,2.003872
826,traditional,0.178208,1.634304,0.207872,2.020384
827,traditional,0.184320,1.613824,0.207872,2.006016
828,traditional,0.167008,1.642496,0.207872,2.017376
829,traditional,0.170080,1.665024,0.211968,2.047072
830,traditional,0.171392,1.674240,0.211968,2.057600
831,traditional,0.171552,1.689600,0.210944,2.072096
832,traditional,0.171456,1.671168,0.211968,2.054592
833,traditional,0.171104,1.708032,0.441344,2.320480
834,traditional,0.169792,1.626112,0.207872,2.003776
835,traditional,0.170816,1.630208,0.207872,2.008896
836,traditional,0.169280,1.620992,0.207872,1.998144
837,traditional,0.172256,1.661952,0.207872,2.042080
838,traditional,0.166688,1.665024,0.207872,2.039584
839,traditional,0.170368,1.624064,0.206848,2.001280
840,traditional,0.182720,1.648640,0.206848,2.038208
841,traditional,0.176032,1.651712,0.207872,2.035616
842,traditional,0.169536,1.644544,0.206848,2.020928
843,traditional,0.167552,1.617920,0.207872,1.993344
844,traditional,0.171584,1.632256,0.206848,2.010688
845,traditional,0.171904,1.631232,0.206848,2.009984
846,traditional,0.168480,1.613824,0.210944,1.993248
847,traditional,0.193056,1.614848,0.206848,2.014752
848,traditional,0.168000,1.625088,0.206848,1.999936
849,traditional,0.181824,1.644544,0.207872,2.034240
850,traditional,0.182112,1.640448,0.206848,2.029408
851,traditional,0.172672,1.631232,0.206848,2.010752
852,traditional,0.192544,1.620992,0.206848,2.020384
853,traditional,0.183456,1.636352,0.206848,2.026656
854,traditional,0.168640,1.665024,0.206848,2.040512
855,traditional,0.167008,1.627136,0.206848,2.000992
856,traditional,0.169920,1.662976,0.428032,2.260928
857,traditional,0.185376,1.636352,0.232448,2.054176
858,traditional,0.186080,1.647616,0.210944,2.044640
859,traditional,0.184512,1.656832,0.209920,2.051264
860,traditional,0.186592,1.652736,0.209920,2.049248
861,traditional,0.184352,1.673216,0.209920,2.067488
862,traditional,0.170400,1.662976,0.209920,2.043296
863,traditional,0.181728,1.655808,0.210944,2.048480
864,traditional,0.185600,1.677312,0.209920,2.072832
865,traditional,0.185056,1.662976,0.211968,2.060000
866,traditional,0.176096,1.707008,0.211968,2.095072
867,traditional,0.174112,1.687552,0.210944,2.072608
868,traditional,0.177152,1.664000,0.210944,2.052096
869,traditional,0.191136,1.676288,0.211968,2.079392
870,traditional,0.175456,1.664000,0.210944,2.050400
871,traditional,0.170432,1.668096,0.208896,2.047424
872,traditional,0.180928,1.676288,0.208896,2.066112
873,traditional,0.169600,1.658880,0.208896,2.037376
874,traditional,0.187552,1.678336,0.208896,2.074784
875,traditional,0.184384,1.690624,0.221184,2.096192
876,traditional,0.177056,1.653760,0.209920,2.040736
877,traditional,0.192576,1.911808,0.238592,2.342976
878,traditional,0.203840,1.922048,0.237568,2.363456
879,traditional,0.192736,1.897472,0.237568,2.327776
880,traditional,0.213536,1.945600,0.237568,2.396704
881,traditional,0.191136,1.898496,0.237568,2.327200
882,traditional,0.220000,1.917952,0.237568,2.375520
883,traditional,0.199008,2.166784,0.245760,2.611552
884,traditional,0.203840,1.926144,0.238592,2.368576
885,traditional,0.205664,1.950720,0.236544,2.392928
886,traditional,0.188512,1.863680,0.237568,2.289760
887,traditional,0.209408,1.922048,0.237568,2.369024
888,traditional,0.205120,1.973248,0.244736,2.423104
889,traditional,0.197440,1.927168,0.245760,2.370368
890,traditional,0.197184,1.960960,0.245760,2.403904
891,traditional,0.210400,1.941504,0.247808,2.399712
892,traditional,0.214816,1.953792,0.247808,2.416416
893,traditional,0.223200,1.957888,0.247808,2.428896
894,traditional,0.224576,1.982464,0.247808,2.454848
895,traditional,0.213856,1.976320,0.246784,2.436960
896,traditional,0.210112,1.972224,0.246784,2.429120
897,traditional,0.200576,1.964032,0.248832,2.413440
898,traditional,0.216896,1.991680,0.248832,2.457408
899,traditional,0.215360,1.992704,0.248832,2.456896
900,traditional,0.202592,1.981440,0.249856,2.433888
901,traditional,0.215008,2.040832,0.248832,2.504672
902,traditional,0.237920,1.953792,0.247808,2.439520
903,traditional,0.199744,1.972224,0.247808,2.419776
904,traditional,0.206144,2.207744,0.250880,2.664768
905,traditional,0.223360,2.007040,0.247808,2.478208
906,traditional,0.200224,1.945600,0.247808,2.393632
907,traditional,0.223936,1.992704,0.247808,2.464448
908,traditional,0.195456,1.964032,0.245760,2.405248
909,traditional,0.212288,1.971200,0.245760,2.429248
910,traditional,0.212864,1.968128,0.245760,2.426752
911,traditional,0.228928,1.949696,0.245760,2.424384
912,traditional,0.210304,1.985536,0.245760,2.441600
913,traditional,0.220768,1.971200,0.245760,2.437728
914,traditional,0.207968,1.976320,0.245760,2.430048
915,traditional,0.198688,2.155520,0.245760,2.599968
916,traditional,0.198368,2.166784,0.249856,2.615008
917,traditional,0.218592,1.959936,0.245760,2.424288
918,traditional,0.210848,1.989632,0.245760,2.446240
919,traditional,0.197408,1.941504,0.245760,2.384672
920,traditional,0.208256,1.942528,0.245760,2.396544
921,traditional,0.195616,1.936384,0.245760,2.377760
922,traditional,0.195776,1.939456,0.245760,2.380992
923,traditional,0.195392,1.928192,0.245760,2.369344
924,traditional,0.195008,1.932288,0.245760,2.373056
925,traditional,0.202912,1.950720,0.245760,2.399392
926,traditional,0.207840,1.935360,0.245760,2.388960
927,traditional,0.207520,1.980416,0.245760,2.433696
928,traditional,0.204576,1.926144,0.240640,2.371360
929,traditional,0.205504,1.887232,0.240640,2.333376
930,traditional,0.205664,1.914880,0.240640,2.361184
931,traditional,0.204608,1.890304,0.240640,2.335552
932,traditional,0.194336,1.982464,0.245760,2.422560
933,traditional,0.192608,1.935360,0.243712,2.371680
934,traditional,0.215968,1.922048,0.244736,2.382752
935,traditional,0.206624,1.985536,0.243712,2.435872
936,traditional,0.210240,1.982464,0.256000,2.448704
937,traditional,0.199296,1.961984,0.244736,2.406016
938,traditional,0.206496,1.907712,0.244736,2.358944
939,traditional,0.212704,2.016256,0.244736,2.473696
940,traditional,0.198304,1.942528,0.243712,2.384544
941,traditional,0.194656,1.933312,0.243712,2.371680
942,traditional,0.195840,1.937408,0.243712,2.376960
943,traditional,0.197440,1.910784,0.243712,2.351936
944,traditional,0.221920,1.944576,0.244736,2.411232
945,traditional,0.193568,1.925120,0.243712,2.362400
946,traditional,0.197632,1.952768,0.243712,2.394112
947,traditional,0.217568,1.953792,0.243712,2.415072
948,traditional,0.210688,1.781760,0.218112,2.210560
949,traditional,0.196352,1.675264,0.214016,2.085632
950,traditional,0.183872,1.709056,0.214016,2.106944
951,traditional,0.179392,1.702912,0.201728,2.084032
952,traditional,0.185280,1.606656,0.209920,2.001856
953,traditional,0.167296,1.577984,0.200704,1.945984
954,traditional,0.191296,1.606656,0.200704,1.998656
955,traditional,0.162880,1.603584,0.200704,1.967168
956,traditional,0.162368,1.563648,0.200704,1.926720
957,traditional,0.163328,1.565696,0.199680,1.928704
958,traditional,0.160864,1.556480,0.200704,1.918048
959,traditional,0.171744,1.586176,0.200704,1.958624
960,traditional,0.174144,1.601536,0.200704,1.976384
961,traditional,0.161888,1.573888,0.200704,1.936480
962,traditional,0.179552,1.558528,0.200704,1.938784
963,traditional,0.165824,1.564672,0.200704,1.931200
964,traditional,0.173312,1.586176,0.199680,1.959168
965,traditional,0.161344,1.618944,0.200704,1.980992
966,traditional,0.162528,1.565696,0.202752,1.930976
967,traditional,0.161120,1.606656,0.212992,1.980768
968,traditional,0.162592,1.554432,0.199680,1.916704
969,traditional,0.166304,1.607680,0.200704,1.974688
970,traditional,0.165728,1.589248,0.199680,1.954656
971,traditional,0.165536,1.568768,0.200704,1.935008
972,traditional,0.161696,1.551360,0.199680,1.912736
973,traditional,0.161760,1.612800,0.200704,1.975264
974,traditional,0.162688,1.591296,0.200704,1.954688
975,traditional,0.161952,1.575936,0.199680,1.937568
976,traditional,0.167808,1.585152,0.200704,1.953664
977,traditional,0.164512,1.567744,0.200704,1.932960
978,traditional,0.185888,1.567744,0.199680,1.953312
979,traditional,0.163904,1.551360,0.199680,1.914944
980,traditional,0.174112,1.583104,0.199680,1.956896
981,traditional,0.165504,1.568768,0.203776,1.938048
982,traditional,0.165088,1.576960,0.199680,1.941728
983,traditional,0.161984,1.552384,0.201728,1.916096
984,traditional,0.181600,1.591296,0.199680,1.972576
985,traditional,0.187744,1.567744,0.199680,1.955168
986,traditional,0.165344,1.555456,0.199680,1.920480
987,traditional,0.163840,1.581056,0.200704,1.945600
988,traditional,0.160928,1.932288,0.378880,2.472096
989,traditional,0.308032,3.400704,0.200704,3.909440
990,traditional,0.160320,1.911808,0.202752,2.274880
991,traditional,0.188128,2.555904,0.378880,3.122912
992,traditional,0.297312,3.040256,0.201728,3.539296
993,traditional,0.164128,2.130944,0.205824,2.500896
994,traditional,0.193824,1.876992,0.217088,2.287904
995,traditional,0.170656,1.625088,0.204800,2.000544
996,traditional,0.164832,1.622016,0.207872,1.994720
997,traditional,0.175136,1.624064,0.204800,2.004000
998,traditional,0.185824,1.618944,0.206848,2.011616
999,traditional,0.191200,2.146304,0.387072,2.724576
1000,traditional,0.329120,2.610176,0.204800,3.144096
1001,traditional,0.178112,1.602560,0.204800,1.985472
1002,traditional,0.178976,1.620992,0.204800,2.004768
1003,traditional,0.190912,1.605632,0.204800,2.001344
1004,traditional,0.165504,1.633280,0.204800,2.003584
1005,traditional,0.190816,1.629184,0.204800,2.024800
1006,traditional,0.169824,1.620992,0.206848,1.997664
1007,traditional,0.177280,1.592320,0.204800,1.974400
1008,traditional,0.170688,1.623040,0.217088,2.010816
1009,traditional,0.163040,1.640448,0.204800,2.008288
1010,traditional,0.165024,1.720320,0.231424,2.116768
1011,traditional,0.191712,1.808384,0.474112,2.474208
1012,traditional,0.210272,1.838080,0.231424,2.279776
1013,traditional,0.187168,1.842176,0.231424,2.260768
1014,traditional,0.183680,1.800192,0.229376,2.213248
1015,traditional,0.208640,1.796096,0.230400,2.235136
1016,traditional,0.207712,1.809408,0.226304,2.243424
1017,traditional,0.206784,1.786880,0.226304,2.219968
1018,traditional,0.195488,1.826816,0.227328,2.249632
1019,traditional,0.191488,1.810432,0.232448,2.234368
1020,traditional,0.202496,1.845248,0.232448,2.280192
1021,traditional,0.210848,1.889280,0.232448,2.332576
1022,traditional,0.209792,1.859584,0.232448,2.301824
1023,traditional,0.211488,1.866752,0.233472,2.311712
1024,traditional,0.196640,1.855488,0.235520,2.287648
1025,traditional,0.191392,1.848320,0.236544,2.276256
1026,traditional,0.194080,1.903616,0.236544,2.334240
1027,traditional,0.202624,1.879040,0.236544,2.318208
1028,traditional,0.213184,1.872896,0.237568,2.323648
1029,traditional,0.190048,1.869824,0.236544,2.296416
1030,traditional,0.196000,1.863680,0.236544,2.296224
1031,traditional,0.189376,1.884160,0.235520,2.309056
1032,traditional,0.206816,1.924096,0.235520,2.366432
1033,traditional,0.204864,1.904640,0.236544,2.346048
1034,traditional,0.208512,1.870848,0.236544,2.315904
1035,traditional,0.201856,1.868800,0.236544,2.307200
1036,traditional,0.197728,1.853440,0.235520,2.286688
1037,traditional,0.209600,1.874944,0.232448,2.316992
1038,traditional,0.208032,1.886208,0.232448,2.326688
1039,traditional,0.207776,1.821696,0.232448,2.261920
1040,traditional,0.210624,1.835008,0.232448,2.278080
1041,traditional,0.201312,1.846272,0.231424,2.279008
1042,traditional,0.198976,1.880064,0.232448,2.311488
1043,traditional,0.199872,1.894400,0.231424,2.325696
1044,traditional,0.192704,1.832960,0.231424,2.257088
1045,traditional,0.184864,1.830912,0.231424,2.247200
1046,traditional,0.223840,1.865728,0.230400,2.319968
1047,traditional,0.198432,1.849344,0.231424,2.279200
1048,traditional,0.227296,1.879040,0.231424,2.337760
1049,traditional,0.183296,1.849344,0.232448,2.265088
1050,traditional,0.200672,1.892352,0.234496,2.327520
1051,traditional,0.212704,1.867776,0.234496,2.314976
1052,traditional,0.200448,1.853440,0.234496,2.288384
1053,traditional,0.213952,1.922048,0.234496,2.370496
1054,traditional,0.198048,1.880064,0.234496,2.312608
1055,traditional,0.194176,1.870848,0.233472,2.298496
1056,traditional,0.201376,1.852416,0.233472,2.287264
1057,traditional,0.224256,1.837056,0.232448,2.293760
1058,traditional,0.209856,1.902592,0.232448,2.344896
1059,traditional,0.202464,1.839104,0.232448,2.274016
1060,traditional,0.190464,1.855488,0.232448,2.278400
1061,traditional,0.198464,1.893376,0.232448,2.324288
1062,traditional,0.184768,1.849344,0.232448,2.266560
1063,traditional,0.183488,1.822720,0.231424,2.237632
1064,traditional,0.189088,1.824768,0.230400,2.244256
1065,traditional,0.188192,1.818624,0.237568,2.244384
1066,traditional,0.197792,1.883136,0.231424,2.312352
1067,traditional,0.188064,1.833984,0.231424,2.253472
1068,traditional,0.191136,1.837056,0.230400,2.258592
1069,traditional,0.184608,1.810432,0.230400,2.225440
1070,traditional,0.197984,1.809408,0.230400,2.237792
1071,traditional,0.185408,1.849344,0.230400,2.265152
1072,traditional,0.194752,1.701888,0.451584,2.348224
1073,traditional,0.183296,1.649664,0.208896,2.041856
1074,traditional,0.183744,1.666048,0.207872,2.057664
1075,traditional,0.181056,1.580032,0.200704,1.961792
1076,traditional,0.188032,1.642496,0.199680,2.030208
1077,traditional,0.185184,1.584128,0.200704,1.970016
1078,traditional,0.170944,1.575936,0.200704,1.947584
1079,traditional,0.164256,1.562624,0.200704,1.927584
1080,traditional,0.164320,1.582080,0.199680,1.946080
1081,traditional,0.166400,1.597440,0.203776,1.967616
1082,traditional,0.165632,1.618944,0.200704,1.985280
1083,traditional,0.177760,1.589248,0.200704,1.967712
1084,traditional,0.167200,1.592320,0.199680,1.959200
1085,traditional,0.167424,1.582080,0.200704,1.950208
1086,traditional,0.161152,1.590272,0.199680,1.951104
1087,traditional,0.176224,1.574912,0.199680,1.950816
1088,traditional,0.162080,1.561600,0.200704,1.924384
1089,traditional,0.165248,1.586176,0.199680,1.951104
1090,traditional,0.163360,1.574912,0.200704,1.938976
1091,traditional,0.167072,1.558528,0.199680,1.925280
1092,traditional,0.185792,1.582080,0.199680,1.967552
1093,traditional,0.178272,1.629184,0.407552,2.215008
1094,traditional,0.194528,1.602560,0.200704,1.997792
1095,traditional,0.162336,1.579008,0.199680,1.941024
1096,traditional,0.187520,3.074048,0.377856,3.639424
1097,traditional,0.306880,2.460672,0.204800,2.972352
1098,traditional,0.201280,1.801216,0.204800,2.207296
1099,traditional,0.176992,1.809408,0.203776,2.190176
1100,traditional,0.163296,1.577984,0.199680,1.940960
1101,traditional,0.163040,1.573888,0.199680,1.936608
1102,traditional,0.165184,1.607680,0.199680,1.972544
1103,traditional,0.181248,1.558528,0.199680,1.939456
1104,traditional,0.163744,1.594368,0.212992,1.971104
1105,traditional,0.165312,1.581056,0.201728,1.948096
1106,traditional,0.183232,1.608704,0.202752,1.994688
1107,traditional,0.192224,1.632256,0.200704,2.025184
1108,traditional,0.192896,1.642496,0.200704,2.036096
1109,traditional,0.163200,1.583104,0.200704,1.947008
1110,traditional,0.168928,1.603584,0.200704,1.973216
1111,traditional,0.174720,1.583104,0.199680,1.957504
1112,traditional,0.162912,2.591744,0.377856,3.132512
1113,traditional,0.297248,3.065856,0.200704,3.563808
1114,traditional,0.177824,1.857536,0.203776,2.239136
1115,traditional,0.175136,3.066880,0.379904,3.621920
1116,traditional,0.303904,2.684928,0.201728,3.190560
1117,traditional,0.188704,1.841152,0.205824,2.235680
1118,traditional,0.163264,3.345408,0.380928,3.889600
1119,traditional,0.300384,2.394112,0.201728,2.896224
1120,traditional,0.178976,1.793024,0.204800,2.176800
1121,traditional,0.164384,1.647616,0.209920,2.021920
1122,traditional,0.173088,1.646592,0.208896,2.028576
1123,traditional,0.173248,1.681408,0.209920,2.064576
1124,traditional,0.168192,3.274752,0.404480,3.847424
1125,traditional,0.321280,2.588672,0.210944,3.120896
1126,traditional,0.184960,1.900544,0.212992,2.298496
1127,traditional,0.185472,1.871872,0.214016,2.271360
1128,traditional,0.170816,1.647616,0.211968,2.030400
1129,traditional,0.168640,1.637376,0.209920,2.015936
1130,traditional,0.193216,1.633280,0.209920,2.036416
1131,traditional,0.169120,1.635328,0.208896,2.013344
1132,traditional,0.170432,1.917952,0.239616,2.328000
1133,traditional,0.191840,1.871872,0.239616,2.303328
1134,traditional,0.218272,1.908736,0.239616,2.366624
1135,traditional,0.210240,1.881088,0.237568,2.328896
1136,traditional,0.216640,1.881088,0.237568,2.335296
1137,traditional,0.204192,1.911808,0.237568,2.353568
1138,traditional,0.201600,1.858560,0.235520,2.295680
1139,traditional,0.193216,1.852416,0.236544,2.282176
1140,traditional,0.201536,1.865728,0.236544,2.303808
1141,traditional,0.218944,1.912832,0.236544,2.368320
1142,traditional,0.207168,1.882112,0.237568,2.326848
1143,traditional,0.205056,1.887232,0.237568,2.329856
1144,traditional,0.203840,1.980416,0.236544,2.420800
1145,traditional,0.205408,1.898496,0.236544,2.340448
1146,traditional,0.218432,1.872896,0.235520,2.326848
1147,traditional,0.211872,1.934336,0.237568,2.383776
1148,traditional,0.200128,1.885184,0.235520,2.320832
1149,traditional,0.202912,1.890304,0.236544,2.329760
1150,traditional,0.200640,1.874944,0.236544,2.312128
1151,traditional,0.204992,1.875968,0.235520,2.316480
1152,traditional,0.215360,1.922048,0.235520,2.372928
1153,traditional,0.199616,1.887232,0.236544,2.323392
1154,traditional,0.201888,1.895424,0.236544,2.333856
1155,traditional,0.191744,1.868800,0.236544,2.297088
1156,traditional,0.205280,1.874944,0.235520,2.315744
1157,traditional,0.200672,1.888256,0.235520,2.324448
1158,traditional,0.204992,1.892352,0.236544,2.333888
1159,traditional,0.206624,1.910784,0.236544,2.353952
1160,traditional,0.203072,1.871872,0.235520,2.310464
1161,traditional,0.206880,1.889280,0.236544,2.332704
1162,traditional,0.207808,1.905664,0.236544,2.350016
1163,traditional,0.208128,1.903616,0.236544,2.348288
1164,traditional,0.210368,1.872896,0.237568,2.320832
1165,traditional,0.216608,1.955840,0.237568,2.410016
1166,traditional,0.203488,1.949696,0.237568,2.390752
1167,traditional,0.192192,1.892352,0.237568,2.322112
1168,traditional,0.201184,1.865728,0.237568,2.304480
1169,traditional,0.208544,1.890304,0.236544,2.335392
1170,traditional,0.223328,1.889280,0.237568,2.350176
1171,traditional,0.208864,1.909760,0.240640,2.359264
1172,traditional,0.204608,1.886208,0.237568,2.328384
1173,traditional,0.215488,1.890304,0.237568,2.343360
1174,traditional,0.203072,1.915904,0.238592,2.357568
1175,traditional,0.203520,1.917952,0.240640,2.362112
1176,traditional,0.216736,1.935360,0.237568,2.389664
1177,traditional,0.202560,1.897472,0.237568,2.337600
1178,traditional,0.211776,1.928192,0.236544,2.376512
1179,traditional,0.202112,1.894400,0.236544,2.333056
1180,traditional,0.194592,1.871872,0.237568,2.304032
1181,traditional,0.214560,1.918976,0.238592,2.372128
1182,traditional,0.195360,1.886208,0.237568,2.319136
1183,traditional,0.203136,1.891328,0.236544,2.331008
1184,traditional,0.204896,1.876992,0.237568,2.319456
1185,traditional,0.215776,1.915904,0.236544,2.368224
1186,traditional,0.217376,1.954816,0.237568,2.409760
1187,traditional,0.201600,1.907712,0.249856,2.359168
1188,traditional,0.203584,1.903616,0.237568,2.344768
1189,traditional,0.214720,1.881088,0.237568,2.333376
1190,traditional,0.205920,1.904640,0.237568,2.348128
1191,traditional,0.237184,1.915904,0.236544,2.389632
1192,traditional,0.191008,1.866752,0.237568,2.295328
1193,traditional,0.208416,1.887232,0.237568,2.333216
1194,traditional,0.205024,1.898496,0.236544,2.340064
1195,traditional,0.232032,1.904640,0.248832,2.385504
1196,traditional,0.217920,1.905664,0.237568,2.361152
1197,traditional,0.204736,1.925120,0.236544,2.366400
1198,traditional,0.212224,1.947648,0.227328,2.387200
1199,traditional,0.186624,1.674240,0.210944,2.071808
1200,traditional,0.185536,1.676288,0.211968,2.073792
1201,traditional,0.188768,1.714176,0.210944,2.113888
1202,traditional,0.173952,1.684480,0.211968,2.070400
1203,traditional,0.188288,1.677312,0.210944,2.076544
1204,traditional,0.196256,1.696768,0.208896,2.101920
1205,traditional,0.178944,1.623040,0.203776,2.005760
1206,traditional,0.166240,1.613824,0.230400,2.010464
1207,traditional,0.176736,1.605632,0.205824,1.988192
1208,traditional,0.183072,1.610752,0.204800,1.998624
1209,traditional,0.177760,1.619968,0.203776,2.001504
1210,traditional,0.188864,1.599488,0.202752,1.991104
1211,traditional,0.164064,1.594368,0.205824,1.964256
1212,traditional,0.163392,1.602560,0.202752,1.968704
1213,traditional,0.184608,1.624064,0.203776,2.012448
1214,traditional,0.191520,1.632256,0.204800,2.028576
1215,traditional,0.164448,1.597440,0.205824,1.967712
1216,traditional,0.179008,1.602560,0.201728,1.983296
1217,traditional,0.163072,1.612800,0.200704,1.976576
1218,traditional,0.177568,1.588224,0.200704,1.966496
1219,traditional,0.189280,1.568768,0.201728,1.959776
1220,traditional,0.164736,1.561600,0.200704,1.927040
1221,traditional,0.190848,1.665024,0.200704,2.056576
1222,traditional,0.163552,1.573888,0.200704,1.938144
1223,traditional,0.180992,1.569792,0.202752,1.953536
1224,traditional,0.176928,1.567744,0.200704,1.945376
1225,traditional,0.175840,2.239488,0.378880,2.794208
1226,traditional,0.297696,3.334144,0.201728,3.833568
1227,traditional,0.479008,1.816576,0.200704,2.496288
1228,traditional,0.193504,3.128320,0.385024,3.706848
1229,traditional,0.302496,2.505728,0.203776,3.012000
1230,traditional,0.177856,1.856512,0.205824,2.240192
1231,traditional,0.180128,1.872896,0.202752,2.255776
1232,traditional,0.165536,1.666048,0.201728,2.033312
1233,traditional,0.162528,1.608704,0.201728,1.972960
1234,traditional,0.163008,2.892800,0.384000,3.439808
1235,traditional,0.303328,2.812928,0.208896,3.325152
1236,traditional,0.183136,1.928192,0.209920,2.321248
1237,traditional,0.181248,1.903616,0.210944,2.295808
1238,traditional,0.185696,1.631232,0.207872,2.024800
1239,traditional,0.185824,1.691648,0.433152,2.310624
1240,traditional,0.181536,1.648640,0.210944,2.041120
1241,traditional,0.166944,1.600512,0.204800,1.972256
1242,traditional,0.169440,1.599488,0.204800,1.973728
1243,traditional,0.167296,1.609728,0.203776,1.980800
1244,traditional,0.165824,1.599488,0.203776,1.969088
1245,traditional,0.164640,1.599488,0.204800,1.968928
1246,traditional,0.167104,1.596416,0.203776,1.967296
1247,traditional,0.164672,1.579008,0.202752,1.946432
1248,traditional,0.163008,2.363392,0.384000,2.910400
1249,traditional,0.299552,3.214336,0.202752,3.716640
1250,traditional,0.460576,1.862656,0.201728,2.524960
1251,traditional,0.189408,2.658304,0.384000,3.231712
1252,traditional,0.313728,2.991104,0.202752,3.507584
1253,traditional,0.167328,2.084864,0.202752,2.454944
1254,traditional,0.168544,2.882560,0.382976,3.434080
1255,traditional,0.305280,3.204096,0.202752,3.712128
1256,traditional,0.179264,1.859584,0.204800,2.243648
1257,traditional,0.165952,3.323904,0.386048,3.875904
1258,traditional,0.304192,2.807808,0.204800,3.316800
1259,traditional,0.182144,1.891328,0.206848,2.280320
1260,traditional,0.180832,1.668096,0.203776,2.052704
1261,traditional,0.364800,3.836928,0.474112,4.675840
1262,traditional,0.276096,2.438144,0.246784,2.961024
1263,traditional,0.208192,2.208768,0.245760,2.662720
1264,traditional,0.193984,1.978368,0.245760,2.418112
1265,traditional,0.195936,1.946624,0.245760,2.388320
1266,traditional,0.198784,1.940480,0.245760,2.385024
1267,traditional,0.212416,1.951744,0.245760,2.409920
1268,traditional,0.197344,2.214912,0.253952,2.666208
1269,traditional,0.212096,1.928192,0.236544,2.376832
1270,traditional,0.207424,1.871872,0.236544,2.315840
1271,traditional,0.187488,1.896448,0.236544,2.320480
1272,traditional,0.190496,1.902592,0.235520,2.328608
1273,traditional,0.197504,1.858560,0.236544,2.292608
1274,traditional,0.202720,1.867776,0.236544,2.307040
1275,traditional,0.212992,1.866752,0.231424,2.311168
1276,traditional,0.212512,1.859584,0.231424,2.303520
1277,traditional,0.211360,1.892352,0.231424,2.335136
1278,traditional,0.190304,1.855488,0.231424,2.277216
1279,traditional,0.211136,1.857536,0.231424,2.300096
1280,traditional,0.205600,1.852416,0.232448,2.290464
1281,traditional,0.203456,1.862656,0.232448,2.298560
1282,traditional,0.201408,1.864704,0.238592,2.304704
1283,traditional,0.190592,1.904640,0.237568,2.332800
1284,traditional,0.204096,1.901568,0.238592,2.344256
1285,traditional,0.203424,1.897472,0.236544,2.337440
1286,traditional,0.207264,1.914880,0.237568,2.359712
1287,traditional,0.197280,2.169856,0.237568,2.604704
1288,traditional,0.207744,1.917952,0.235520,2.361216
1289,traditional,0.216448,1.899520,0.236544,2.352512
1290,traditional,0.219136,1.902592,0.235520,2.357248
1291,traditional,0.202560,1.900544,0.236544,2.339648
1292,traditional,0.203872,1.897472,0.243712,2.345056
1293,traditional,0.188064,1.916928,0.236544,2.341536
1294,traditional,0.205728,1.887232,0.235520,2.328480
1295,traditional,0.202592,1.883136,0.235520,2.321248
1296,traditional,0.214752,1.933312,0.237568,2.385632
1297,traditional,0.203488,1.954816,0.237568,2.395872
1298,traditional,0.188384,1.871872,0.237568,2.297824
1299,traditional,0.201024,1.908736,0.237568,2.347328
1300,traditional,0.201600,1.899520,0.236544,2.337664
1301,traditional,0.206944,1.884160,0.247808,2.338912
1302,traditional,0.202240,1.860608,0.235520,2.298368
1303,traditional,0.200288,1.866752,0.235520,2.302560
1304,traditional,0.204992,1.902592,0.235520,2.343104
1305,traditional,0.206432,1.856512,0.234496,2.297440
1306,traditional,0.203104,1.850368,0.235520,2.288992
1307,traditional,0.205152,1.896448,0.247808,2.349408
1308,traditional,0.189600,1.903616,0.235520,2.328736
1309,traditional,0.206880,1.875968,0.235520,2.318368
1310,traditional,0.232416,1.864704,0.235520,2.332640
1311,traditional,0.206336,1.874944,0.235520,2.316800
1312,traditional,0.211200,1.893376,0.235520,2.340096
1313,traditional,0.204512,1.853440,0.235520,2.293472
1314,traditional,0.203584,1.885184,0.235520,2.324288
1315,traditional,0.217088,1.878016,0.235520,2.330624
1316,traditional,0.190368,2.114560,0.239616,2.544544
1317,traditional,0.214432,1.932288,0.235520,2.382240
1318,traditional,0.212640,1.882112,0.235520,2.330272
1319,traditional,0.228704,1.874944,0.234496,2.338144
1320,traditional,0.200576,1.872896,0.233472,2.306944
1321,traditional,0.215168,1.865728,0.233472,2.314368
1322,traditional,0.210592,1.837056,0.209920,2.257568
1323,traditional,0.173280,1.686528,0.208896,2.068704
1324,traditional,0.171552,1.647616,0.210944,2.030112
1325,traditional,0.179808,1.665024,0.209920,2.054752
1326,traditional,0.196384,1.649664,0.210944,2.056992
1327,traditional,0.181760,1.671168,0.209920,2.062848
1328,traditional,0.165568,1.619968,0.203776,1.989312
1329,traditional,0.178912,1.617920,0.204800,2.001632
1330,traditional,0.178912,1.615872,0.202752,1.997536
1331,traditional,0.184320,1.622016,0.203776,2.010112
1332,traditional,0.184448,1.608704,0.205824,1.998976
1333,traditional,0.166400,1.591296,0.200704,1.958400
1334,traditional,0.166432,1.622016,0.200704,1.989152
1335,traditional,0.176608,1.579008,0.202752,1.958368
1336,traditional,0.165152,1.566720,0.199680,1.931552
1337,traditional,0.176224,1.617920,0.200704,1.994848
1338,traditional,0.164416,1.570816,0.200704,1.935936
1339,traditional,0.161760,1.549312,0.199680,1.910752
1340,traditional,0.175904,1.567744,0.200704,1.944352
1341,traditional,0.166400,1.546240,0.200704,1.913344
1342,traditional,0.181632,1.568768,0.200704,1.951104
1343,traditional,0.162048,1.545216,0.199680,1.906944
1344,traditional,0.192416,1.537024,0.199680,1.929120
1345,traditional,0.163520,1.603584,0.199680,1.966784
1346,traditional,0.162912,1.541120,0.199680,1.903712
1347,traditional,0.160928,1.546240,0.200704,1.907872
1348,traditional,0.161888,1.551360,0.200704,1.913952
1349,traditional,0.194528,1.571840,0.199680,1.966048
1350,traditional,0.165888,1.581056,0.199680,1.946624
1351,traditional,0.181312,2.642944,0.377856,3.202112
1352,traditional,0.297792,2.976768,0.201728,3.476288
1353,traditional,0.161888,2.101248,0.201728,2.464864
1354,traditional,0.186304,2.952192,0.379904,3.518400
1355,traditional,0.299520,2.741248,0.201728,3.242496
1356,traditional,0.161472,2.126848,0.201728,2.490048
1357,traditional,0.179072,2.993152,0.378880,3.551104
1358,traditional,0.309216,2.623488,0.205824,3.138528
1359,traditional,0.182720,1.933312,0.208896,2.324928
1360,traditional,0.179072,3.400704,0.387072,3.966848
1361,traditional,0.307488,2.428928,0.205824,2.942240
1362,traditional,0.184704,1.811456,0.204800,2.200960
1363,traditional,0.167904,1.857536,0.216064,2.241504
1364,traditional,0.174720,1.691648,0.209920,2.076288
1365,traditional,0.171584,1.669120,0.223232,2.063936
1366,traditional,0.175520,1.656832,0.210944,2.043296
1367,traditional,0.170944,1.641472,0.210944,2.023360
1368,traditional,0.189152,1.684480,0.210944,2.084576
1369,traditional,0.187648,2.137088,0.396288,2.721024
1370,traditional,0.318240,3.408896,0.214016,3.941152
1371,traditional,0.178592,1.958912,0.212992,2.350496
1372,traditional,0.169632,1.632256,0.209920,2.011808
1373,traditional,0.186016,1.675264,0.436224,2.297504
1374,traditional,0.182432,1.687552,0.209920,2.079904
1375,traditional,0.170496,1.641472,0.209920,2.021888
1376,traditional,0.170752,1.639424,0.208896,2.019072
1377,traditional,0.197664,1.660928,0.209920,2.068512
1378,traditional,0.196032,1.679360,0.208896,2.084288
1379,traditional,0.195424,1.662976,0.209920,2.068320
1380,traditional,0.182176,1.660928,0.205824,2.048928
1381,traditional,0.169856,1.629184,0.206848,2.005888
1382,traditional,0.182208,1.631232,0.206848,2.020288
1383,traditional,0.186368,2.011136,0.389120,2.586624
1384,traditional,0.348032,3.678208,0.245760,4.272000
1385,traditional,0.191040,2.249728,0.230400,2.671168
1386,traditional,0.199808,2.021376,0.230400,2.451584
1387,traditional,0.193312,2.041856,0.230400,2.465568
1388,traditional,0.217408,1.835008,0.237568,2.289984
1389,traditional,0.203456,1.872896,0.237568,2.313920
1390,traditional,0.218368,2.009088,0.236544,2.464000
1391,traditional,0.193312,1.895424,0.239616,2.328352
1392,traditional,0.220608,1.875968,0.237568,2.334144
1393,traditional,0.204864,1.903616,0.236544,2.345024
1394,traditional,0.214336,1.943552,0.235520,2.393408
1395,traditional,0.203104,1.867776,0.235520,2.306400
1396,traditional,0.189696,1.863680,0.236544,2.289920
1397,traditional,0.186528,1.859584,0.235520,2.281632
1398,traditional,0.201920,1.889280,0.238592,2.329792
1399,traditional,0.214560,1.909760,0.235520,2.359840
1400,traditional,0.205888,1.867776,0.239616,2.313280
1401,traditional,0.186304,1.830912,0.233472,2.250688
1402,traditional,0.211872,1.828864,0.232448,2.273184
1403,traditional,0.202272,1.847296,0.232448,2.282016
1404,traditional,0.200384,1.843200,0.232448,2.276032
1405,traditional,0.222592,1.832960,0.232448,2.288000
1406,traditional,0.203712,1.857536,0.232448,2.293696
1407,traditional,0.214496,1.842176,0.233472,2.290144
1408,traditional,0.209152,1.831936,0.232448,2.273536
1409,traditional,0.211392,1.832960,0.229376,2.273728
1410,traditional,0.185920,1.799168,0.230400,2.215488
1411,traditional,0.198400,1.812480,0.229376,2.240256
1412,traditional,0.197472,1.846272,0.229376,2.273120
1413,traditional,0.185088,1.823744,0.231424,2.240256
1414,traditional,0.204896,1.885184,0.231424,2.321504
1415,traditional,0.198208,1.861632,0.230400,2.290240
1416,traditional,0.198816,1.855488,0.231424,2.285728
1417,traditional,0.202592,1.861632,0.230400,2.294624
1418,traditional,0.204256,1.890304,0.230400,2.324960
1419,traditional,0.189600,1.830912,0.228352,2.248864
1420,traditional,0.183456,1.811456,0.229376,2.224288
1421,traditional,0.197216,1.801216,0.231424,2.229856
1422,traditional,0.184512,1.800192,0.228352,2.213056
1423,traditional,0.184448,1.828864,0.228352,2.241664
1424,traditional,0.187776,1.818624,0.470016,2.476416
1425,traditional,0.190592,1.802240,0.226304,2.219136
1426,traditional,0.185696,1.804288,0.226304,2.216288
1427,traditional,0.183040,1.800192,0.226304,2.209536
1428,traditional,0.198560,1.799168,0.226304,2.224032
1429,traditional,0.181984,1.781760,0.227328,2.191072
1430,traditional,0.181152,1.723392,0.219136,2.123680
1431,traditional,0.180416,1.743872,0.223232,2.147520
1432,traditional,0.182400,1.775616,0.220160,2.178176
1433,traditional,0.192928,1.730560,0.220160,2.143648
1434,traditional,0.194240,1.727488,0.220160,2.141888
1435,traditional,0.179968,1.742848,0.219136,2.141952
1436,traditional,0.177600,1.734656,0.219136,2.131392
1437,traditional,0.178688,1.775616,0.220160,2.174464
1438,traditional,0.191552,1.747968,0.219136,2.158656
1439,traditional,0.178272,1.719296,0.220160,2.117728
1440,traditional,0.182176,1.796096,0.220160,2.198432
1441,traditional,0.191168,1.746944,0.222208,2.160320
1442,traditional,0.180896,1.764352,0.222208,2.167456
1443,traditional,0.182144,1.768448,0.223232,2.173824
1444,traditional,0.181248,1.735680,0.231424,2.148352
1445,traditional,0.180576,1.734656,0.222208,2.137440
1446,traditional,0.182848,1.728512,0.222208,2.133568
1447,traditional,0.178816,1.740800,0.220160,2.139776
1448,traditional,0.175424,1.728512,0.216064,2.120000
1449,traditional,0.179168,1.708032,0.217088,2.104288
1450,traditional,0.178016,1.722368,0.220160,2.120544
1451,traditional,0.178656,1.723392,0.217088,2.119136
1452,traditional,0.174912,1.718272,0.216064,2.109248
1453,traditional,0.179008,1.697792,0.217088,2.093888
1454,traditional,0.188416,1.728512,0.216064,2.132992
1455,traditional,0.176320,1.687552,0.219136,2.083008
1456,traditional,0.180032,1.720320,0.215040,2.115392
1457,traditional,0.174752,1.723392,0.215040,2.113184
1458,traditional,0.175328,1.700864,0.215040,2.091232
1459,traditional,0.172800,1.740800,0.215040,2.128640
1460,traditional,0.174656,1.687552,0.215040,2.077248
1461,traditional,0.170880,1.682432,0.214016,2.067328
1462,traditional,0.171584,1.679360,0.214016,2.064960
1463,traditional,0.176896,1.678336,0.215040,2.070272
1464,traditional,0.181024,1.740800,0.446464,2.368288
1465,traditional,0.193312,1.687552,0.215040,2.095904
1466,traditional,0.187424,1.719296,0.215040,2.121760
1467,traditional,0.191296,1.739776,0.215040,2.146112
1468,traditional,0.190784,1.720320,0.215040,2.126144
1469,traditional,0.189056,1.756160,0.215040,2.160256
1470,traditional,0.188096,1.703936,0.215040,2.107072
1471,traditional,0.191776,1.725440,0.216064,2.133280
1472,traditional,0.174688,1.692672,0.217088,2.084448
1473,traditional,0.178144,1.739776,0.221184,2.139104
1474,traditional,0.179488,1.744896,0.220160,2.144544
1475,traditional,0.182880,1.782784,0.220160,2.185824
1476,traditional,0.177984,1.755136,0.220160,2.153280
1477,traditional,0.183840,1.771520,0.221184,2.176544
1478,traditional,0.179328,1.739776,0.221184,2.140288
1479,traditional,0.181152,1.731584,0.218112,2.130848
1480,traditional,0.175840,1.734656,0.218112,2.128608
1481,traditional,0.178752,1.726464,0.218112,2.123328
1482,traditional,0.180832,1.737728,0.218112,2.136672
1483,traditional,0.175648,1.711104,0.218112,2.104864
1484,traditional,0.177440,1.724416,0.218112,2.119968
1485,traditional,0.192320,1.694720,0.217088,2.104128
1486,traditional,0.181152,1.708032,0.218112,2.107296
1487,traditional,0.177792,1.710080,0.216064,2.103936
1488,traditional,0.174624,1.729536,0.217088,2.121248
1489,traditional,0.178304,1.720320,0.217088,2.115712
1490,traditional,0.175680,1.702912,0.217088,2.095680
1491,traditional,0.188608,1.731584,0.215040,2.135232
1492,traditional,0.200576,1.732608,0.215040,2.148224
1493,traditional,0.201216,1.737728,0.216064,2.155008
1494,traditional,0.177312,1.727488,0.214016,2.118816
1495,traditional,0.189472,1.764352,0.452608,2.406432
1496,traditional,0.189056,1.729536,0.215040,2.133632
1497,traditional,0.191584,1.757184,0.215040,2.163808
1498,traditional,0.208832,1.809408,0.216064,2.234304
1499,traditional,0.188960,1.744896,0.217088,2.150944
1500,traditional,0.190144,1.687552,0.215040,2.092736
1501,traditional,0.202720,1.771520,0.214016,2.188256
1502,traditional,0.191712,1.734656,0.218112,2.144480
1503,traditional,0.181376,1.722368,0.214016,2.117760
1504,traditional,0.174624,1.702912,0.215040,2.092576
1505,traditional,0.190784,1.745920,0.449536,2.386240
1506,traditional,0.175968,1.727488,0.218112,2.121568
1507,traditional,0.178048,1.751040,0.218112,2.147200
1508,traditional,0.173728,1.741824,0.218112,2.133664
1509,traditional,0.188672,1.712128,0.218112,2.118912
1510,traditional,0.176000,1.723392,0.216064,2.115456
1511,traditional,0.180768,1.698816,0.217088,2.096672
1512,traditional,0.176704,1.751040,0.217088,2.144832
1513,traditional,0.196000,1.738752,0.216064,2.150816
1514,traditional,0.190112,1.730560,0.217088,2.137760
1515,traditional,0.188992,1.751040,0.445440,2.385472
1516,traditional,0.173632,1.952768,0.218112,2.344512
1517,traditional,0.172448,1.685504,0.215040,2.072992
1518,traditional,0.173920,1.697792,0.214016,2.085728
1519,traditional,0.176416,1.678336,0.214016,2.068768
1520,traditional,0.190816,1.694720,0.214016,2.099552
1521,traditional,0.189632,1.728512,0.214016,2.132160
1522,traditional,0.196384,1.752064,0.218112,2.166560
1523,traditional,0.175104,1.761280,0.218112,2.154496
1524,traditional,0.176608,1.724416,0.218112,2.119136
1525,traditional,0.196928,1.757184,0.220160,2.174272
1526,traditional,0.189696,1.794048,0.217088,2.200832
1527,traditional,0.176544,1.759232,0.218112,2.153888
1528,traditional,0.191520,1.731584,0.220160,2.143264
1529,traditional,0.190784,1.736704,0.219136,2.146624
1530,traditional,0.180544,1.735680,0.219136,2.135360
1531,traditional,0.190816,1.782784,0.220160,2.193760
1532,traditional,0.181056,1.751040,0.219136,2.151232
1533,traditional,0.182944,1.754112,0.219136,2.156192
1534,traditional,0.184480,1.768448,0.219136,2.172064
1535,traditional,0.201088,1.752064,0.219136,2.172288
1536,traditional,0.202944,1.776640,0.219136,2.198720
1537,traditional,0.202176,1.753088,0.219136,2.174400
1538,traditional,0.191200,1.757184,0.219136,2.167520
1539,traditional,0.181632,1.741824,0.219136,2.142592
1540,traditional,0.202400,1.734656,0.219136,2.156192
1541,traditional,0.192256,1.779712,0.220160,2.192128
1542,traditional,0.177568,1.719296,0.219136,2.116000
1543,traditional,0.178336,1.715200,0.219136,2.112672
1544,traditional,0.190592,1.715200,0.219136,2.124928
1545,traditional,0.192928,1.723392,0.219136,2.135456
1546,traditional,0.203872,1.734656,0.219136,2.157664
1547,traditional,0.178368,1.726464,0.220160,2.124992
1548,traditional,0.191040,1.724416,0.453632,2.369088
1549,traditional,0.205856,1.730560,0.220160,2.156576
1550,traditional,0.204096,1.740800,0.220160,2.165056
1551,traditional,0.192192,1.743872,0.227328,2.163392
1552,traditional,0.190528,1.739776,0.220160,2.150464
1553,traditional,0.180064,1.726464,0.220160,2.126688
1554,traditional,0.179264,1.724416,0.221184,2.124864
1555,traditional,0.178080,1.720320,0.222208,2.120608
1556,traditional,0.190528,1.755136,0.220160,2.165824
1557,traditional,0.178592,1.765376,0.220160,2.164128
1558,traditional,0.177280,1.739776,0.220160,2.137216
1559,traditional,0.193952,1.754112,0.454656,2.402720
1560,traditional,0.194848,1.743872,0.220160,2.158880
1561,traditional,0.177408,1.762304,0.221184,2.160896
1562,traditional,0.183584,1.767424,0.221184,2.172192
1563,traditional,0.204800,1.731584,0.220160,2.156544
1564,traditional,0.191104,1.774592,0.220160,2.185856
1565,traditional,0.195552,1.727488,0.219136,2.142176
1566,traditional,0.202784,1.744896,0.224256,2.171936
1567,traditional,0.181760,1.763328,0.220160,2.165248
1568,traditional,0.196064,1.741824,0.220160,2.158048
1569,traditional,0.192736,1.773568,0.220160,2.186464
1570,traditional,0.177728,1.727488,0.456704,2.361920
1571,traditional,0.192768,1.796096,0.219136,2.208000
1572,traditional,0.177984,1.765376,0.218112,2.161472
1573,traditional,0.193216,1.729536,0.218112,2.140864
1574,traditional,0.191136,1.720320,0.219136,2.130592
1575,traditional,0.194208,1.718272,0.219136,2.131616
1576,traditional,0.194816,1.727488,0.219136,2.141440
1577,traditional,0.176640,1.696768,0.219136,2.092544
1578,traditional,0.179968,1.714176,0.219136,2.113280
1579,traditional,0.205728,1.703936,0.220160,2.129824
1580,traditional,0.206240,1.704960,0.220160,2.131360
1581,traditional,0.207488,1.716224,0.220160,2.143872
1582,traditional,0.177824,1.719296,0.220160,2.117280
1583,traditional,0.177568,1.745920,0.220160,2.143648
1584,traditional,0.182400,1.745920,0.220160,2.148480
1585,traditional,0.193984,1.710080,0.219136,2.123200
1586,traditional,0.174080,1.698816,0.216064,2.088960
1587,traditional,0.179008,1.708032,0.215040,2.102080
1588,traditional,0.206368,1.721344,0.216064,2.143776
1589,traditional,0.180736,1.694720,0.239616,2.115072
1590,traditional,0.187616,1.685504,0.444416,2.317536
1591,traditional,0.173280,1.676288,0.212992,2.062560
1592,traditional,0.173152,1.674240,0.211968,2.059360
1593,traditional,0.186208,1.658880,0.211968,2.057056
1594,traditional,0.181184,1.639424,0.211968,2.032576
1595,traditional,0.175616,1.658880,0.211968,2.046464
1596,traditional,0.173632,1.687552,0.211968,2.073152
1597,traditional,0.174720,1.678336,0.214016,2.067072
1598,traditional,0.174880,1.716224,0.215040,2.106144
1599,traditional,0.174944,1.685504,0.215040,2.075488
1600,traditional,0.173568,1.690624,0.215040,2.079232
1601,traditional,0.179904,1.680384,0.215040,2.075328
1602,traditional,0.184320,1.694720,0.214016,2.093056
1603,traditional,0.174176,1.666048,0.214016,2.054240
1604,traditional,0.186816,1.672192,0.214016,2.073024
1605,traditional,0.175424,1.659904,0.212992,2.048320
1606,traditional,0.174048,1.669120,0.212992,2.056160
1607,traditional,0.172448,1.674240,0.212992,2.059680
1608,traditional,0.172512,1.666048,0.214016,2.052576
1609,traditional,0.174016,1.677312,0.214016,2.065344
1610,traditional,0.190048,1.696768,0.212992,2.099808
1611,traditional,0.174144,1.674240,0.214016,2.062400
1612,traditional,0.174144,1.712128,0.212992,2.099264
1613,traditional,0.174976,1.674240,0.212992,2.062208
1614,traditional,0.174656,1.684480,0.215040,2.074176
1615,traditional,0.184448,1.678336,0.214016,2.076800
1616,traditional,0.173344,1.689600,0.214016,2.076960
1617,traditional,0.186400,1.710080,0.212992,2.109472
1618,traditional,0.200256,1.709056,0.212992,2.122304
1619,traditional,0.182624,1.688576,0.212992,2.084192
1620,traditional,0.185856,1.730560,0.441344,2.357760
1621,traditional,0.188352,1.701888,0.214016,2.104256
1622,traditional,0.199104,1.744896,0.212992,2.156992
1623,traditional,0.194688,1.693696,0.214016,2.102400
1624,traditional,0.197888,1.715200,0.214016,2.127104
1625,traditional,0.170976,1.678336,0.214016,2.063328
1626,traditional,0.181568,1.722368,0.214016,2.117952
1627,traditional,0.187232,1.692672,0.215040,2.094944
1628,traditional,0.200704,1.719296,0.219136,2.139136
1629,traditional,0.176608,1.720320,0.217088,2.114016
1630,traditional,0.196352,1.703936,0.218112,2.118400
1631,traditional,0.193952,1.712128,0.217088,2.123168
1632,traditional,0.185792,1.721344,0.217088,2.124224
1633,traditional,0.177344,1.736704,0.218112,2.132160
1634,traditional,0.182336,1.754112,0.222208,2.158656
1635,traditional,0.198688,1.772544,0.221184,2.192416
1636,traditional,0.207040,1.783808,0.220160,2.211008
1637,traditional,0.193280,1.755136,0.221184,2.169600
1638,traditional,0.201856,1.817600,0.233472,2.252928
1639,traditional,0.178592,1.735680,0.222208,2.136480
1640,traditional,0.191808,1.743872,0.218112,2.153792
1641,traditional,0.189184,1.734656,0.218112,2.141952
1642,traditional,0.194400,1.721344,0.218112,2.133856
1643,traditional,0.185472,1.754112,0.217088,2.156672
1644,traditional,0.185792,1.718272,0.218112,2.122176
1645,traditional,0.201312,1.763328,0.218112,2.182752
1646,traditional,0.202656,1.722368,0.216064,2.141088
1647,traditional,0.192736,1.698816,0.216064,2.107616
1648,traditional,0.186336,1.765376,0.217088,2.168800
1649,traditional,0.173472,1.731584,0.216064,2.121120
1650,traditional,0.214400,1.716224,0.219136,2.149760
1651,traditional,0.189184,1.755136,0.217088,2.161408
1652,traditional,0.213536,1.692672,0.217088,2.123296
1653,traditional,0.200448,1.775616,0.220160,2.196224
1654,traditional,0.189280,1.741824,0.221184,2.152288
1655,traditional,0.176672,1.739776,0.219136,2.135584
1656,traditional,0.190816,1.723392,0.219136,2.133344
1657,traditional,0.202944,1.752064,0.220160,2.175168
1658,traditional,0.195264,1.761280,0.222208,2.178752
1659,traditional,0.181344,1.731584,0.219136,2.132064
1660,traditional,0.192992,1.727488,0.219136,2.139616
1661,traditional,0.192960,1.779712,0.219136,2.191808
1662,traditional,0.188672,1.744896,0.219136,2.152704
1663,traditional,0.200000,1.726464,0.220160,2.146624
1664,traditional,0.180800,1.747968,0.455680,2.384448
1665,traditional,0.174976,1.721344,0.222208,2.118528
1666,traditional,0.203392,1.793024,0.226304,2.222720
1667,traditional,0.194880,1.809408,0.226304,2.230592
1668,traditional,0.203520,1.804288,0.226304,2.234112
1669,traditional,0.185856,1.789952,0.226304,2.202112
1670,traditional,0.193440,1.858560,0.226304,2.278304
1671,traditional,0.196384,1.782784,0.226304,2.205472
1672,traditional,0.178752,1.757184,0.222208,2.158144
1673,traditional,0.190176,1.795072,0.222208,2.207456
1674,traditional,0.192640,1.744896,0.222208,2.159744
1675,traditional,0.193120,1.746944,0.222208,2.162272
1676,traditional,0.196576,1.748992,0.222208,2.167776
1677,traditional,0.191968,1.742848,0.224256,2.159072
1678,traditional,0.176896,1.732608,0.220160,2.129664
1679,traditional,0.175392,1.748992,0.219136,2.143520
1680,traditional,0.179296,1.724416,0.219136,2.122848
1681,traditional,0.185600,1.731584,0.219136,2.136320
1682,traditional,0.174656,1.740800,0.220160,2.135616
1683,traditional,0.180224,1.773568,0.457728,2.411520
1684,traditional,0.181824,1.745920,0.218112,2.145856
1685,traditional,0.178432,1.735680,0.220160,2.134272
1686,traditional,0.186592,1.760256,0.219136,2.165984
1687,traditional,0.176192,1.704960,0.214016,2.095168
1688,traditional,0.196128,1.724416,0.216064,2.136608
1689,traditional,0.174656,1.681408,0.214016,2.070080
1690,traditional,0.173920,1.675264,0.225280,2.074464
1691,traditional,0.177824,1.734656,0.216064,2.128544
1692,traditional,0.179008,1.700864,0.216064,2.095936
1693,traditional,0.176768,1.711104,0.216064,2.103936
1694,traditional,0.182816,2.010112,0.224256,2.417184
1695,traditional,0.175968,1.702912,0.215040,2.093920
1696,traditional,0.200768,1.700864,0.215040,2.116672
1697,traditional,0.174624,1.692672,0.216064,2.083360
1698,traditional,0.204480,1.688576,0.215040,2.108096
1699,traditional,0.187360,1.735680,0.216064,2.139104
1700,traditional,0.189440,1.725440,0.215040,2.129920
1701,traditional,0.189056,1.704960,0.215040,2.109056
1702,traditional,0.195200,1.718272,0.217088,2.130560
1703,traditional,0.185184,1.712128,0.218112,2.115424
1704,traditional,0.174592,1.703936,0.454656,2.333184
1705,traditional,0.188416,1.698816,0.216064,2.103296
1706,traditional,0.174752,1.701888,0.216064,2.092704
1707,traditional,0.174656,1.710080,0.216064,2.100800
1708,traditional,0.175424,1.674240,0.212992,2.062656
1709,traditional,0.171776,1.715200,0.215040,2.102016
1710,traditional,0.178560,1.692672,0.214016,2.085248
1711,traditional,0.176768,1.671168,0.214016,2.061952
1712,traditional,0.184800,1.686528,0.214016,2.085344
1713,traditional,0.178240,1.691648,0.214016,2.083904
1714,traditional,0.175232,1.695744,0.214016,2.084992
1715,traditional,0.187968,1.685504,0.214016,2.087488
1716,traditional,0.172960,1.669120,0.214016,2.056096
1717,traditional,0.185024,1.696768,0.212992,2.094784
1718,traditional,0.172512,1.674240,0.212992,2.059744
1719,traditional,0.182720,1.685504,0.212992,2.081216
1720,traditional,0.172832,1.680384,0.212992,2.066208
1721,traditional,0.187648,1.682432,0.212992,2.083072
1722,traditional,0.186144,1.697792,0.212992,2.096928
1723,traditional,0.171360,1.666048,0.212992,2.050400
1724,traditional,0.174496,1.680384,0.212992,2.067872
1725,traditional,0.172192,1.704960,0.472064,2.349216
1726,traditional,0.184896,1.702912,0.212992,2.100800
1727,traditional,0.171456,1.685504,0.209920,2.066880
1728,traditional,0.168032,1.653760,0.220160,2.041952
1729,traditional,0.182976,1.645568,0.208896,2.037440
1730,traditional,0.174464,1.645568,0.209920,2.029952
1731,traditional,0.170432,1.640448,0.212992,2.023872
1732,traditional,0.176640,1.655808,0.209920,2.042368
1733,traditional,0.286080,3.250176,0.398336,3.934592
1734,traditional,0.571744,2.063360,0.208896,2.844000
1735,traditional,0.183936,1.925120,0.212992,2.322048
1736,traditional,0.185856,1.893376,0.212992,2.292224
1737,traditional,0.169824,1.675264,0.210944,2.056032
1738,traditional,0.180064,1.686528,0.208896,2.075488
1739,traditional,0.187008,1.708032,0.215040,2.110080
1740,traditional,0.177312,1.716224,0.215040,2.108576
1741,traditional,0.176000,1.730560,0.225280,2.131840
1742,traditional,0.173792,1.717248,0.215040,2.106080
1743,traditional,0.173184,1.691648,0.215040,2.079872
1744,traditional,0.177664,1.760256,0.445440,2.383360
1745,traditional,0.184448,1.717248,0.215040,2.116736
1746,traditional,0.173440,1.696768,0.215040,2.085248
1747,traditional,0.199840,1.736704,0.207872,2.144416
1748,traditional,0.190208,1.760256,0.207872,2.158336
1749,traditional,0.188672,1.644544,0.207872,2.041088
1750,traditional,0.180736,1.691648,0.219136,2.091520
1751,traditional,0.184448,1.669120,0.204800,2.058368
1752,traditional,0.184000,1.652736,0.204800,2.041536
1753,traditional,0.174816,1.674240,0.204800,2.053856
1754,traditional,0.167840,1.654784,0.205824,2.028448
1755,traditional,0.165856,1.605632,0.206848,1.978336
1756,traditional,0.167680,1.610752,0.205824,1.984256
1757,traditional,0.185824,1.630208,0.205824,2.021856
1758,traditional,0.169952,1.636352,0.205824,2.012128
1759,traditional,0.171424,1.644544,0.206848,2.022816
1760,traditional,0.167616,1.629184,0.205824,2.002624
1761,traditional,0.166496,1.640448,0.206848,2.013792
1762,traditional,0.168448,1.650688,0.205824,2.024960
1763,traditional,0.185536,1.671168,0.438272,2.294976
1764,traditional,0.184224,1.729536,0.205824,2.119584
1765,traditional,0.170048,1.644544,0.205824,2.020416
1766,traditional,0.167328,1.633280,0.205824,2.006432
1767,traditional,0.173632,1.647616,0.205824,2.027072
1768,traditional,0.175072,1.647616,0.206848,2.029536
1769,traditional,0.166816,1.640448,0.205824,2.013088
1770,traditional,0.171808,1.610752,0.205824,1.988384
1771,traditional,0.175040,1.651712,0.205824,2.032576
1772,traditional,0.167488,1.623040,0.205824,1.996352
1773,traditional,0.167584,1.653760,0.208896,2.030240
1774,traditional,0.182848,2.895872,0.397312,3.476032
1775,traditional,0.313568,2.843648,0.208896,3.366112
1776,traditional,0.170560,1.892352,0.212992,2.275904
1777,traditional,0.171456,1.661952,0.208896,2.042304
1778,traditional,0.173152,1.665024,0.208896,2.047072
1779,traditional,0.174432,1.684480,0.211968,2.070880
1780,traditional,0.177504,1.676288,0.212992,2.066784
1781,traditional,0.172032,1.674240,0.211968,2.058240
1782,traditional,0.174304,1.664000,0.211968,2.050272
1783,traditional,0.177152,1.659904,0.437248,2.274304
1784,traditional,0.178976,1.666048,0.215040,2.060064
1785,traditional,0.178272,1.669120,0.211968,2.059360
1786,traditional,0.175072,2.448384,0.405504,3.028960
1787,traditional,0.320256,3.338240,0.217088,3.875584
1788,traditional,0.184864,2.221056,0.214016,2.619936
1789,traditional,0.194624,1.892352,0.216064,2.303040
1790,traditional,0.187136,1.684480,0.214016,2.085632
1791,traditional,0.177696,1.719296,0.216064,2.113056
1792,traditional,0.200704,1.723392,0.212992,2.137088
1793,traditional,0.172800,1.699840,0.458752,2.331392
1794,traditional,0.200448,1.677312,0.220160,2.097920
1795,traditional,0.185344,1.705984,0.214016,2.105344
1796,traditional,0.191264,1.675264,0.214016,2.080544
1797,traditional,0.179328,1.688576,0.211968,2.079872
1798,traditional,0.200480,1.708032,0.212992,2.121504
1799,traditional,0.191104,1.738752,0.212992,2.142848
1800,traditional,0.209952,1.700864,0.211968,2.122784
1801,traditional,0.172224,1.673216,0.212992,2.058432
1802,traditional,0.171776,1.673216,0.211968,2.056960
1803,traditional,0.172704,1.671168,0.211968,2.055840
1804,traditional,0.191040,1.696768,0.440320,2.328128
1805,traditional,0.187712,2.845696,0.404480,3.437888
1806,traditional,0.329408,2.939904,0.212992,3.482304
1807,traditional,0.171648,2.233344,0.214016,2.619008
1808,traditional,0.187648,1.952768,0.214016,2.354432
1809,traditional,0.174080,1.992704,0.218112,2.384896
1810,traditional,0.187296,1.966080,0.217088,2.370464
1811,traditional,0.201024,1.700864,0.214016,2.115904
1812,traditional,0.176864,1.696768,0.214016,2.087648
1813,traditional,0.186336,2.794496,0.407552,3.388384
1814,traditional,0.319520,2.998272,0.214016,3.531808
1815,traditional,0.200576,1.935360,0.217088,2.353024
1816,traditional,0.177792,1.879040,0.221184,2.278016
1817,traditional,0.193120,1.684480,0.217088,2.094688
1818,traditional,0.174752,1.693696,0.217088,2.085536
1819,traditional,0.200352,1.667072,0.217088,2.084512
1820,traditional,0.177600,1.668096,0.217088,2.062784
1821,traditional,0.177984,1.695744,0.218112,2.091840
1822,traditional,0.190272,1.801216,0.236544,2.228032
1823,traditional,0.207456,1.864704,0.235520,2.307680
1824,traditional,0.211264,1.845248,0.236544,2.293056
1825,traditional,0.194304,1.842176,0.236544,2.273024
1826,traditional,0.202208,1.836032,0.236544,2.274784
1827,traditional,0.207232,1.875968,0.236544,2.319744
1828,traditional,0.205600,1.851392,0.236544,2.293536
1829,traditional,0.202112,1.881088,0.236544,2.319744
1830,traditional,0.188864,1.838080,0.237568,2.264512
1831,traditional,0.189728,1.869824,0.236544,2.296096
1832,traditional,0.204928,1.853440,0.236544,2.294912
1833,traditional,0.206560,1.845248,0.236544,2.288352
1834,traditional,0.209216,1.847296,0.236544,2.293056
1835,traditional,0.210720,1.870848,0.238592,2.320160
1836,traditional,0.205888,1.884160,0.238592,2.328640
1837,traditional,0.198976,1.876992,0.237568,2.313536
1838,traditional,0.189632,2.094080,0.242688,2.526400
1839,traditional,0.192544,2.213888,0.241664,2.648096
1840,traditional,0.208384,2.170880,0.242688,2.621952
1841,traditional,0.207136,1.901568,0.241664,2.350368
1842,traditional,0.208096,1.903616,0.241664,2.353376
1843,traditional,0.208928,1.930240,0.241664,2.380832
1844,traditional,0.204416,2.145280,0.245760,2.595456
1845,traditional,0.209504,1.890304,0.241664,2.341472
1846,traditional,0.218304,1.940480,0.241664,2.400448
1847,traditional,0.219360,1.916928,0.241664,2.377952
1848,traditional,0.208256,1.916928,0.246784,2.371968
1849,traditional,0.214720,1.965056,0.247808,2.427584
1850,traditional,0.217600,1.954816,0.247808,2.420224
1851,traditional,0.220800,1.969152,0.246784,2.436736
1852,traditional,0.210784,1.947648,0.260096,2.418528
1853,traditional,0.209632,1.969152,0.247808,2.426592
1854,traditional,0.215712,1.989632,0.243712,2.449056
1855,traditional,0.209376,1.942528,0.243712,2.395616
1856,traditional,0.209152,1.957888,0.243712,2.410752
1857,traditional,0.213760,1.937408,0.243712,2.394880
1858,traditional,0.199168,1.930240,0.243712,2.373120
1859,traditional,0.219680,1.984512,0.243712,2.447904
1860,traditional,0.211424,1.951744,0.241664,2.404832
1861,traditional,0.218144,1.977344,0.241664,2.437152
1862,traditional,0.207456,1.920000,0.241664,2.369120
1863,traditional,0.209472,1.930240,0.241664,2.381376
1864,traditional,0.206816,1.989632,0.241664,2.438112
1865,traditional,0.209056,1.903616,0.241664,2.354336
1866,traditional,0.207968,1.911808,0.241664,2.361440
1867,traditional,0.210752,2.198528,0.242688,2.651968
1868,traditional,0.209152,1.933312,0.241664,2.384128
1869,traditional,0.205888,1.969152,0.247808,2.422848
1870,traditional,0.192448,1.911808,0.242688,2.346944
1871,traditional,0.219488,1.934336,0.241664,2.395488
1872,traditional,0.212448,1.941504,0.242688,2.396640
1873,traditional,0.209152,1.942528,0.245760,2.397440
1874,traditional,0.211392,1.932288,0.242688,2.386368
1875,traditional,0.210944,1.966080,0.243712,2.420736
1876,traditional,0.210720,1.941504,0.243712,2.395936
1877,traditional,0.207328,1.933312,0.243712,2.384352
1878,traditional,0.212960,2.211840,0.247808,2.672608
1879,traditional,0.226176,2.018304,0.243712,2.488192
1880,traditional,0.209408,1.958912,0.242688,2.411008
1881,traditional,0.211520,1.994752,0.245760,2.452032
1882,traditional,0.211744,1.934336,0.245760,2.391840
1883,traditional,0.213088,1.941504,0.245760,2.400352
1884,traditional,0.210400,1.967104,0.245760,2.423264
1885,traditional,0.210656,1.938432,0.257024,2.406112
1886,traditional,0.210816,1.698816,0.215040,2.124672
1887,traditional,0.187968,1.690624,0.215040,2.093632
1888,traditional,0.174656,1.719296,0.216064,2.110016
1889,traditional,0.201344,1.708032,0.215040,2.124416
1890,traditional,0.174208,1.696768,0.216064,2.087040
1891,traditional,0.184896,1.681408,0.215040,2.081344
1892,traditional,0.174400,1.632256,0.204800,2.011456
1893,traditional,0.166208,1.602560,0.204800,1.973568
1894,traditional,0.166304,1.620992,0.203776,1.991072
1895,traditional,0.165120,1.584128,0.204800,1.954048
1896,traditional,0.165120,1.602560,0.203776,1.971456
1897,traditional,0.166976,1.609728,0.203776,1.980480
1898,traditional,0.166592,1.611776,0.203776,1.982144
1899,traditional,0.163104,1.573888,0.199680,1.936672
1900,traditional,0.163872,1.554432,0.200704,1.919008
1901,traditional,0.163616,1.556480,0.200704,1.920800
1902,traditional,0.164128,1.599488,0.199680,1.963296
1903,traditional,0.163360,1.562624,0.199680,1.925664
1904,traditional,0.169376,1.570816,0.200704,1.940896
1905,traditional,0.161184,1.555456,0.199680,1.916320
1906,traditional,0.161760,1.567744,0.200704,1.930208
1907,traditional,0.184128,1.558528,0.199680,1.942336
1908,traditional,0.161984,1.568768,0.199680,1.930432
1909,traditional,0.164832,1.560576,0.199680,1.925088
1910,traditional,0.163136,1.571840,0.202752,1.937728
1911,traditional,0.163328,1.590272,0.199680,1.953280
1912,traditional,0.162208,1.564672,0.199680,1.926560
1913,traditional,0.162112,1.586176,0.199680,1.947968
1914,traditional,0.163328,1.567744,0.205824,1.936896
1915,traditional,0.165952,1.573888,0.200704,1.940544
1916,traditional,0.167584,2.043904,0.377856,2.589344
1917,traditional,0.323872,2.880512,0.200704,3.405088
1918,traditional,0.160480,1.795072,0.203776,2.159328
1919,traditional,0.179840,2.096128,0.377856,2.653824
1920,traditional,0.313056,2.944000,0.200704,3.457760
1921,traditional,0.166400,2.020352,0.204800,2.391552
1922,traditional,0.175968,2.190336,0.382976,2.749280
1923,traditional,0.316000,3.000320,0.201728,3.518048
1924,traditional,0.166368,1.972224,0.202752,2.341344
1925,traditional,0.177664,2.065408,0.386048,2.629120
1926,traditional,0.306848,3.130368,0.251904,3.689120
1927,traditional,0.163872,2.023424,0.202752,2.390048
1928,traditional,0.175456,1.988608,0.381952,2.546016
1929,traditional,0.315712,2.964480,0.201728,3.481920
1930,traditional,0.162176,2.021376,0.203776,2.387328
1931,traditional,0.167392,2.265088,0.401408,2.833888
1932,traditional,0.317664,2.964480,0.211968,3.494112
1933,traditional,0.170432,2.102272,0.217088,2.489792
1934,traditional,0.171584,2.503680,0.401408,3.076672
1935,traditional,0.317696,3.398656,0.212992,3.929344
1936,traditional,0.171360,2.195456,0.212992,2.579808
1937,traditional,0.190528,1.873920,0.209920,2.274368
1938,traditional,0.187072,1.885184,0.214016,2.286272
1939,traditional,0.185504,1.658880,0.209920,2.054304
1940,traditional,0.171520,1.652736,0.212992,2.037248
1941,traditional,0.172352,1.673216,0.211968,2.057536
1942,traditional,0.172960,3.140608,0.405504,3.719072
1943,traditional,0.319648,2.617344,0.212992,3.149984
1944,traditional,0.187584,1.989632,0.216064,2.393280
1945,traditional,0.169408,1.642496,0.206848,2.018752
1946,traditional,0.181728,1.638400,0.206848,2.026976
1947,traditional,0.171072,1.624064,0.206848,2.001984
1948,traditional,0.169792,1.620992,0.206848,1.997632
1949,traditional,0.171296,2.401280,0.394240,2.966816
1950,traditional,0.317024,3.306496,0.217088,3.840608
1951,traditional,0.174176,2.213888,0.217088,2.605152
1952,traditional,0.207744,1.930240,0.220160,2.358144
1953,traditional,0.173280,1.724416,0.225280,2.122976
1954,traditional,0.173600,1.690624,0.216064,2.080288
1955,traditional,0.203040,1.730560,0.216064,2.149664
1956,traditional,0.189504,1.713152,0.217088,2.119744
1957,traditional,0.175936,2.282496,0.411648,2.870080
1958,traditional,0.321984,3.764224,0.226304,4.312512
1959,traditional,0.178272,2.302976,0.222208,2.703456
1960,traditional,0.195424,1.992704,0.228352,2.416480
1961,traditional,0.178432,1.781760,0.222208,2.182400
1962,traditional,0.180032,1.740800,0.225280,2.146112
1963,traditional,0.187808,1.748992,0.233472,2.170272
1964,traditional,0.180192,1.784832,0.225280,2.190304
1965,traditional,0.208672,1.826816,0.226304,2.261792
1966,traditional,0.198880,1.828864,0.226304,2.254048
1967,traditional,0.181632,1.769472,0.239616,2.190720
1968,traditional,0.208032,1.803264,0.226304,2.237600
1969,traditional,0.181696,1.753088,0.223232,2.158016
1970,traditional,0.193664,1.750016,0.224256,2.167936
1971,traditional,0.196736,1.788928,0.224256,2.209920
1972,traditional,0.180256,1.786880,0.222208,2.189344
1973,traditional,0.192832,1.792000,0.223232,2.208064
1974,traditional,0.184064,1.740800,0.223232,2.148096
1975,traditional,0.185472,1.774592,0.221184,2.181248
1976,traditional,0.188448,1.725440,0.219136,2.133024
1977,traditional,0.176928,1.710080,0.219136,2.106144
1978,traditional,0.189152,1.742848,0.452608,2.384608
1979,traditional,0.189664,1.719296,0.219136,2.128096
1980,traditional,0.196384,1.726464,0.219136,2.141984
1981,traditional,0.177152,1.728512,0.219136,2.124800
1982,traditional,0.189184,1.739776,0.220160,2.149120
1983,traditional,0.177376,1.784832,0.220160,2.182368
1984,traditional,0.177024,1.748992,0.220160,2.146176
1985,traditional,0.178720,1.741824,0.221184,2.141728
1986,traditional,0.184000,1.742848,0.220160,2.147008
1987,traditional,0.195936,1.768448,0.220160,2.184544
1988,traditional,0.192992,1.800192,0.230400,2.223584
1989,traditional,0.187552,1.743872,0.220160,2.151584
1990,traditional,0.193280,1.760256,0.220160,2.173696
1991,traditional,0.188224,1.736704,0.220160,2.145088
1992,traditional,0.191040,1.746944,0.221184,2.159168
1993,traditional,0.177376,1.746944,0.217088,2.141408
1994,traditional,0.177056,1.697792,0.217088,2.091936
1995,traditional,0.214464,1.723392,0.217088,2.154944
1996,traditional,0.191520,1.726464,0.219136,2.137120
1997,traditional,0.195616,1.744896,0.218112,2.158624
1998,traditional,0.176000,1.738752,0.219136,2.133888
1999,traditional,0.190944,1.744896,0.452608,2.388448
2000,traditional,0.194976,1.726464,0.219136,2.140576
2001,traditional,0.180064,1.736704,0.225280,2.142048
2002,traditional,0.192256,1.755136,0.222208,2.169600
2003,traditional,0.181216,1.741824,0.221184,2.144224
2004,traditional,0.199744,1.766400,0.221184,2.187328
2005,traditional,0.183808,1.771520,0.221184,2.176512
2006,traditional,0.210784,1.785856,0.222208,2.218848
2007,traditional,0.194528,1.776640,0.219136,2.190304
2008,traditional,0.190560,1.734656,0.219136,2.144352
2009,traditional,0.205600,1.777664,0.219136,2.202400
2010,traditional,0.190304,1.724416,0.454656,2.369376
2011,traditional,0.193696,1.776640,0.219136,2.189472
2012,traditional,0.194912,1.779712,0.233472,2.208096
2013,traditional,0.186048,1.729536,0.220160,2.135744
2014,traditional,0.176768,1.729536,0.221184,2.127488
2015,traditional,0.186240,1.781760,0.220160,2.188160
2016,traditional,0.193760,1.752064,0.220160,2.165984
2017,traditional,0.193472,1.815552,0.220160,2.229184
2018,traditional,0.205984,1.773568,0.221184,2.200736
2019,traditional,0.203840,1.763328,0.221184,2.188352
2020,traditional,0.177568,2.150400,0.223232,2.551200
2021,traditional,0.191136,1.742848,0.219136,2.153120
2022,traditional,0.175904,1.744896,0.220160,2.140960
2023,traditional,0.188288,1.714176,0.219136,2.121600
2024,traditional,0.177248,1.710080,0.219136,2.106464
2025,traditional,0.198880,1.718272,0.219136,2.136288
2026,traditional,0.176448,1.744896,0.219136,2.140480
2027,traditional,0.191424,1.776640,0.219136,2.187200
2028,traditional,0.178720,1.729536,0.219136,2.127392
2029,traditional,0.190400,1.741824,0.230400,2.162624
2030,traditional,0.188448,1.719296,0.219136,2.126880
2031,traditional,0.193728,1.773568,0.452608,2.419904
2032,traditional,0.188800,1.770496,0.219136,2.178432
2033,traditional,0.180448,1.748992,0.221184,2.150624
2034,traditional,0.205056,1.760256,0.225280,2.190592
2035,traditional,0.185888,1.764352,0.221184,2.171424
2036,traditional,0.193504,1.794048,0.221184,2.208736
2037,traditional,0.194528,1.768448,0.222208,2.185184
2038,traditional,0.182240,1.768448,0.222208,2.172896
2039,traditional,0.184192,1.760256,0.220160,2.164608
2040,traditional,0.192160,1.748992,0.220160,2.161312
2041,traditional,0.204288,1.732608,0.221184,2.158080
2042,traditional,0.177824,1.824768,0.467968,2.470560
2043,traditional,0.177280,1.756160,0.222208,2.155648
2044,traditional,0.195424,1.750016,0.244736,2.190176
2045,traditional,0.193376,1.727488,0.220160,2.141024
2046,traditional,0.181056,1.727488,0.221184,2.129728
2047,traditional,0.193728,1.814528,0.221184,2.229440
2048,traditional,0.188128,1.802240,0.220160,2.210528
2049,traditional,0.178208,1.725440,0.221184,2.124832
2050,traditional,0.189152,1.753088,0.222208,2.164448
2051,traditional,0.191488,1.732608,0.220160,2.144256
2052,traditional,0.182208,1.725440,0.453632,2.361280
2053,traditional,0.195648,1.726464,0.220160,2.142272
2054,traditional,0.194688,1.728512,0.221184,2.144384
2055,traditional,0.178528,1.727488,0.221184,2.127200
2056,traditional,0.187744,1.725440,0.221184,2.134368
2057,traditional,0.174848,1.727488,0.219136,2.121472
2058,traditional,0.182080,1.715200,0.220160,2.117440
2059,traditional,0.177312,1.708032,0.216064,2.101408
2060,traditional,0.177984,1.692672,0.216064,2.086720
2061,traditional,0.181152,1.698816,0.216064,2.096032
2062,traditional,0.196000,1.695744,0.216064,2.107808
2063,traditional,0.173600,1.721344,0.220160,2.115104
2064,traditional,0.178784,1.733632,0.232448,2.144864
2065,traditional,0.178912,1.738752,0.220160,2.137824
2066,traditional,0.177728,1.736704,0.220160,2.134592
2067,traditional,0.176000,1.754112,0.220160,2.150272
2068,traditional,0.181504,1.747968,0.220160,2.149632
2069,traditional,0.190784,1.684480,0.217088,2.092352
2070,traditional,0.181376,1.739776,0.215040,2.136192
2071,traditional,0.178400,1.695744,0.445440,2.319584
2072,traditional,0.192320,1.721344,0.215040,2.128704
2073,traditional,0.172672,1.686528,0.225280,2.084480
2074,traditional,0.186272,1.678336,0.215040,2.079648
2075,traditional,0.166112,1.580032,0.202752,1.948896
2076,traditional,0.164704,1.588224,0.201728,1.954656
2077,traditional,0.164992,1.577984,0.201728,1.944704
2078,traditional,0.178656,1.595392,0.203776,1.977824
2079,traditional,0.203488,1.615872,0.202752,2.022112
2080,traditional,0.174048,1.608704,0.201728,1.984480
2081,traditional,0.180000,1.634304,0.204800,2.019104
2082,traditional,0.177344,1.600512,0.199680,1.977536
2083,traditional,0.182752,1.591296,0.200704,1.974752
2084,traditional,0.161920,1.813504,0.377856,2.353280
2085,traditional,0.301600,2.971648,0.199680,3.472928
2086,traditional,0.163328,1.994752,0.201728,2.359808
2087,traditional,0.161024,2.214912,0.384000,2.759936
2088,traditional,0.309728,2.804736,0.202752,3.317216
2089,traditional,0.164256,1.933312,0.206848,2.304416
2090,traditional,0.196384,2.938880,0.384000,3.519264
2091,traditional,0.309600,2.689024,0.202752,3.201376
2092,traditional,0.192224,1.878016,0.204800,2.275040
2093,traditional,0.180000,3.265536,0.384000,3.829536
2094,traditional,0.301696,2.519040,0.201728,3.022464
2095,traditional,0.179328,1.817600,0.207872,2.204800
2096,traditional,0.163808,2.804736,0.382976,3.351520
2097,traditional,0.302528,3.646464,0.613376,4.562368
2098,traditional,0.309024,2.649088,0.202752,3.160864
2099,traditional,0.178432,1.842176,0.205824,2.226432
2100,traditional,0.299968,3.105792,0.382976,3.788736
