frame,renderPath,shadowMs,sceneMs,postProcessMs,frameMs
1,traditional,0.077536,1.132544,0.266240,1.476320
2,traditional,0.079552,1.168384,0.332800,1.580736
3,traditional,0.078720,1.163264,0.334848,1.576832
4,traditional,0.082304,1.175552,0.335872,1.593728
5,traditional,0.080128,1.695744,0.336896,2.112768
6,traditional,0.078464,1.144832,0.337920,1.561216
7,traditional,0.082816,0.358400,0.180224,0.621440
8,traditional,0.077760,0.356352,0.180224,0.614336
9,traditional,0.077248,0.562176,0.181248,0.820672
10,traditional,0.102048,0.362496,0.178176,0.642720
11,traditional,0.081504,0.361472,0.179200,0.622176
12,traditional,0.076640,0.351232,0.199680,0.627552
13,traditional,0.078656,0.349184,0.184320,0.612160
14,traditional,0.081248,0.364544,0.201728,0.647520
15,traditional,0.077056,0.358400,0.180224,0.615680
16,traditional,0.078368,0.349184,0.178176,0.605728
17,traditional,0.087680,0.354304,0.179200,0.621184
18,traditional,0.077120,0.354304,0.183296,0.614720
19,traditional,0.077024,0.350208,0.179200,0.606432
20,traditional,0.081792,0.358400,0.192512,0.632704
21,traditional,0.080320,0.384000,0.191488,0.655808
22,traditional,0.077248,0.363520,0.179200,0.619968
23,traditional,0.082592,0.411648,0.180224,0.674464
24,traditional,0.076608,0.349184,0.178176,0.603968
25,traditional,0.075808,0.366592,0.185344,0.627744
26,traditional,0.088736,0.360448,0.186368,0.635552
27,traditional,0.079392,0.364544,0.181248,0.625184
28,traditional,0.076960,0.347136,0.179200,0.603296
29,traditional,0.081504,0.371712,0.195584,0.648800
30,traditional,0.083584,0.375808,0.179200,0.638592
31,traditional,0.077120,0.364544,0.182272,0.623936
32,traditional,0.076224,0.356352,0.179200,0.611776
33,traditional,0.089984,0.348160,0.180224,0.618368
34,traditional,0.077024,0.649216,0.187392,0.913632
35,traditional,0.079648,0.566272,0.193536,0.839456
36,traditional,0.082432,0.369664,0.179200,0.631296
37,traditional,0.076896,0.555008,0.195584,0.827488
38,traditional,0.076384,0.388096,0.191488,0.655968
39,traditional,0.082624,0.357376,0.184320,0.624320
40,traditional,0.079840,0.358400,0.208896,0.647136
41,traditional,0.077888,0.350208,0.180224,0.608320
42,traditional,0.076928,0.359424,0.179200,0.615552
43,traditional,0.076608,0.365568,0.182272,0.624448
44,traditional,0.077120,0.353280,0.191488,0.621888
45,traditional,0.076544,0.368640,0.179200,0.624384
46,traditional,0.076768,0.347136,0.179200,0.603104
47,traditional,0.078336,0.371712,0.191488,0.641536
48,traditional,0.077248,0.359424,0.179200,0.615872
49,traditional,0.076640,0.384000,0.178176,0.638816
50,traditional,0.089344,0.362496,0.179200,0.631040
51,traditional,0.078432,0.352256,0.227328,0.658016
52,traditional,0.076800,0.357376,0.182272,0.616448
53,traditional,0.076896,0.351232,0.180224,0.608352
54,traditional,0.085792,0.382976,0.182272,0.651040
55,traditional,0.081792,0.368640,0.184320,0.634752
56,traditional,0.078272,0.362496,0.212992,0.653760
57,traditional,0.077760,0.347136,0.178176,0.603072
58,traditional,0.076320,0.362496,0.182272,0.621088
59,traditional,0.087872,0.355328,0.189440,0.632640
60,traditional,0.078528,0.364544,0.178176,0.621248
61,traditional,0.075968,0.358400,0.191488,0.625856
62,traditional,0.084864,0.368640,0.179200,0.632704
63,traditional,0.075488,0.367616,0.191488,0.634592
64,traditional,0.076800,0.357376,0.195584,0.629760
65,traditional,0.076704,0.631808,0.196608,0.905120
66,traditional,0.076800,0.544768,0.211968,0.833536
67,traditional,0.077120,0.357376,0.180224,0.614720
68,traditional,0.088992,0.367616,0.179200,0.635808
69,traditional,0.075904,0.353280,0.207872,0.637056
70,traditional,0.080416,0.351232,0.176128,0.607776
71,traditional,0.076128,0.347136,0.176128,0.599392
72,traditional,0.075872,0.354304,0.188416,0.618592
73,traditional,0.074496,0.351232,0.179200,0.604928
74,traditional,0.079488,0.339968,0.175104,0.594560
75,traditional,0.075584,0.343040,0.176128,0.594752
76,traditional,0.074560,0.635904,0.194560,0.905024
77,traditional,0.074816,0.345088,0.196608,0.616512
78,traditional,0.075264,0.373760,0.204800,0.653824
79,traditional,0.078112,0.365568,0.176128,0.619808
80,traditional,0.075744,0.351232,0.176128,0.603104
81,traditional,0.074560,0.340992,0.177152,0.592704
82,traditional,0.074720,0.339968,0.175104,0.589792
83,traditional,0.078752,0.358400,0.187392,0.624544
84,traditional,0.076960,0.344064,0.186368,0.607392
85,traditional,0.074784,0.354304,0.176128,0.605216
86,traditional,0.080960,0.350208,0.181248,0.612416
87,traditional,0.075808,0.648192,0.183296,0.907296
88,traditional,0.078016,0.344064,0.185344,0.607424
89,traditional,0.085984,0.355328,0.176128,0.617440
90,traditional,0.088160,0.356352,0.176128,0.620640
91,traditional,0.075136,0.347136,0.176128,0.598400
92,traditional,0.087136,0.340992,0.179200,0.607328
93,traditional,0.076000,0.363520,0.184320,0.623840
94,traditional,0.075456,0.357376,0.179200,0.612032
95,traditional,0.076576,0.353280,0.176128,0.605984
96,traditional,0.079712,0.362496,0.176128,0.618336
97,traditional,0.076064,0.345088,0.176128,0.597280
98,traditional,0.077056,0.340992,0.176128,0.594176
99,traditional,0.075200,0.348160,0.176128,0.599488
100,traditional,0.074976,0.370688,0.176128,0.621792
101,traditional,0.075840,0.347136,0.176128,0.599104
102,traditional,0.075424,0.355328,0.179200,0.609952
103,traditional,0.075328,0.347136,0.179200,0.601664
104,traditional,0.074304,0.358400,0.179200,0.611904
105,traditional,0.076128,0.347136,0.175104,0.598368
106,traditional,0.076512,0.350208,0.179200,0.605920
107,traditional,0.078432,0.345088,0.176128,0.599648
108,traditional,0.075744,0.346112,0.176128,0.597984
109,traditional,0.076544,0.349184,0.188416,0.614144
110,traditional,0.091904,0.361472,0.177152,0.630528
111,traditional,0.075264,0.350208,0.176128,0.601600
112,traditional,0.074720,0.340992,0.178176,0.593888
113,traditional,0.075584,0.350208,0.179200,0.604992
114,traditional,0.075136,0.343040,0.188416,0.606592
115,traditional,0.075552,0.348160,0.181248,0.604960
116,traditional,0.081984,0.340992,0.179200,0.602176
117,traditional,0.076448,0.342016,0.179200,0.597664
118,traditional,0.075520,0.356352,0.179200,0.611072
119,traditional,0.078048,0.359424,0.176128,0.613600
120,traditional,0.075744,0.352256,0.188416,0.616416
121,traditional,0.077248,0.351232,0.176128,0.604608
122,traditional,0.077920,0.349184,0.175104,0.602208
123,traditional,0.074592,0.345088,0.176128,0.595808
124,traditional,0.086624,0.347136,0.175104,0.608864
125,traditional,0.075712,0.345088,0.179200,0.600000
126,traditional,0.075808,0.365568,0.176128,0.617504
127,traditional,0.075168,0.354304,0.176128,0.605600
128,traditional,0.076096,0.369664,0.176128,0.621888
129,traditional,0.069920,0.325632,0.161792,0.557344
130,traditional,0.069664,0.312320,0.174080,0.556064
131,traditional,0.081216,0.312320,0.370688,0.764224
132,traditional,0.077280,0.329728,0.162816,0.569824
133,traditional,0.085600,0.325632,0.185344,0.596576
134,traditional,0.069792,0.316416,0.161792,0.548000
135,traditional,0.077120,0.345088,0.166912,0.589120
136,traditional,0.078048,0.342016,0.165888,0.585952
137,traditional,0.080928,0.324608,0.165888,0.571424
138,traditional,0.080384,0.336896,0.161792,0.579072
139,traditional,0.069792,0.313344,0.162816,0.545952
140,traditional,0.070112,0.319488,0.161792,0.551392
141,traditional,0.068928,0.321536,0.161792,0.552256
142,traditional,0.073600,0.326656,0.186368,0.586624
143,traditional,0.069248,0.317440,0.162816,0.549504
144,traditional,0.068928,0.321536,0.162816,0.553280
145,traditional,0.077472,0.315392,0.165888,0.558752
146,traditional,0.069632,0.340992,0.161792,0.572416
147,traditional,0.081952,0.313344,0.162816,0.558112
148,traditional,0.069984,0.328704,0.161792,0.560480
149,traditional,0.072832,0.330752,0.164864,0.568448
150,traditional,0.069728,0.332800,0.161792,0.564320
151,traditional,0.070688,0.322560,0.161792,0.555040
152,traditional,0.071648,0.321536,0.161792,0.554976
153,traditional,0.068576,0.310272,0.162816,0.541664
154,traditional,0.075680,0.325632,0.161792,0.563104
155,traditional,0.069824,0.325632,0.164864,0.560320
156,traditional,0.081568,0.311296,0.164864,0.557728
157,traditional,0.071968,0.309248,0.162816,0.544032
158,traditional,0.070112,0.331776,0.161792,0.563680
159,traditional,0.069056,0.332800,0.162816,0.564672
160,traditional,0.068864,0.337920,0.164864,0.571648
161,traditional,0.069312,0.310272,0.161792,0.541376
162,traditional,0.075712,0.312320,0.162816,0.550848
163,traditional,0.068768,0.332800,0.164864,0.566432
164,traditional,0.071648,0.311296,0.172032,0.554976
165,traditional,0.069152,0.321536,0.161792,0.552480
166,traditional,0.069472,0.335872,0.161792,0.567136
167,traditional,0.078816,0.316416,0.164864,0.560096
168,traditional,0.068960,0.330752,0.368640,0.768352
169,traditional,0.077472,0.325632,0.161792,0.564896
170,traditional,0.073248,0.325632,0.172032,0.570912
171,traditional,0.069440,0.309248,0.175104,0.553792
172,traditional,0.071008,0.317440,0.162816,0.551264
173,traditional,0.099616,0.327680,0.173056,0.600352
174,traditional,0.079840,0.322560,0.161792,0.564192
175,traditional,0.069664,0.354304,0.162816,0.586784
176,traditional,0.072896,0.323584,0.165888,0.562368
177,traditional,0.078528,0.322560,0.167936,0.569024
178,traditional,0.079968,0.324608,0.165888,0.570464
179,traditional,0.068864,0.323584,0.165888,0.558336
180,traditional,0.071488,0.334848,0.161792,0.568128
181,traditional,0.070496,0.316416,0.165888,0.552800
182,traditional,0.071072,0.311296,0.162816,0.545184
183,traditional,0.082752,0.327680,0.162816,0.573248
184,traditional,0.070400,0.349184,0.161792,0.581376
185,traditional,0.068864,0.337920,0.175104,0.581888
186,traditional,0.068576,0.325632,0.175104,0.569312
187,traditional,0.075488,0.314368,0.161792,0.551648
188,traditional,0.082816,0.319488,0.162816,0.565120
189,traditional,0.069344,0.316416,0.161792,0.547552
190,traditional,0.068832,0.324608,0.161792,0.555232
191,traditional,0.081920,0.344064,0.162816,0.588800
192,traditional,0.069824,0.321536,0.372736,0.764096
193,traditional,0.070592,0.348160,0.162816,0.581568
194,traditional,0.081408,0.312320,0.169984,0.563712
195,traditional,0.070368,0.320512,0.177152,0.568032
196,traditional,0.069344,0.312320,0.161792,0.543456
197,traditional,0.070496,0.332800,0.162816,0.566112
198,traditional,0.070816,0.330752,0.175104,0.576672
199,traditional,0.073632,0.337920,0.187392,0.598944
200,traditional,0.069664,0.311296,0.176128,0.557088
201,traditional,0.069024,0.322560,0.162816,0.554400
202,traditional,0.069216,0.329728,0.161792,0.560736
203,traditional,0.073248,0.314368,0.163840,0.551456
204,traditional,0.072448,0.323584,0.162816,0.558848
205,traditional,0.070624,0.320512,0.161792,0.552928
206,traditional,0.069728,0.317440,0.162816,0.549984
207,traditional,0.086176,0.320512,0.188416,0.595104
208,traditional,0.069600,0.321536,0.165888,0.557024
209,traditional,0.069920,0.313344,0.165888,0.549152
210,traditional,0.069408,0.338944,0.162816,0.571168
211,traditional,0.081888,0.322560,0.175104,0.579552
212,traditional,0.094816,0.335872,0.161792,0.592480
213,traditional,0.069568,0.344064,0.162816,0.576448
214,traditional,0.069216,0.337920,0.161792,0.568928
215,traditional,0.070688,0.328704,0.175104,0.574496
216,traditional,0.069248,0.321536,0.165888,0.556672
217,traditional,0.069088,0.329728,0.165888,0.564704
218,traditional,0.071264,0.322560,0.165888,0.559712
219,traditional,0.073024,0.345088,0.162816,0.580928
220,traditional,0.069568,0.329728,0.162816,0.562112
221,traditional,0.069696,0.329728,0.165888,0.565312
222,traditional,0.069472,0.324608,0.162816,0.556896
223,traditional,0.076000,0.332800,0.166912,0.575712
224,traditional,0.070496,0.312320,0.175104,0.557920
225,traditional,0.080416,0.316416,0.164864,0.561696
226,traditional,0.073632,0.335872,0.175104,0.584608
227,traditional,0.069184,0.335872,0.162816,0.567872
228,traditional,0.074528,0.498688,0.188416,0.761632
229,traditional,0.069120,0.313344,0.161792,0.544256
230,traditional,0.071776,0.334848,0.162816,0.569440
231,traditional,0.070432,0.329728,0.164864,0.565024
232,traditional,0.073984,0.322560,0.185344,0.581888
233,traditional,0.068576,0.311296,0.162816,0.542688
234,traditional,0.068864,0.312320,0.161792,0.542976
235,traditional,0.070176,0.346112,0.163840,0.580128
236,traditional,0.068768,0.333824,0.161792,0.564384
237,traditional,0.081760,0.326656,0.166912,0.575328
238,traditional,0.068832,0.310272,0.161792,0.540896
239,traditional,0.069472,0.311296,0.175104,0.555872
240,traditional,0.073152,0.314368,0.165888,0.553408
241,traditional,0.069760,0.310272,0.175104,0.555136
242,traditional,0.072352,0.330752,0.378880,0.781984
243,traditional,0.069792,0.329728,0.185344,0.584864
244,traditional,0.077856,0.335872,0.165888,0.579616
245,traditional,0.069600,0.315392,0.187392,0.572384
246,traditional,0.069056,0.311296,0.162816,0.543168
247,traditional,0.076224,0.320512,0.172032,0.568768
248,traditional,0.073664,0.321536,0.164864,0.560064
249,traditional,0.082656,0.317440,0.174080,0.574176
250,traditional,0.069152,0.317440,0.164864,0.551456
251,traditional,0.081216,0.312320,0.165888,0.559424
252,traditional,0.072864,0.338944,0.162816,0.574624
253,traditional,0.081792,0.329728,0.167936,0.579456
254,traditional,0.070112,0.313344,0.164864,0.548320
255,traditional,0.071936,0.315392,0.161792,0.549120
256,traditional,0.070784,0.329728,0.165888,0.566400
257,traditional,0.078560,0.326656,0.162816,0.568032
258,traditional,0.069376,0.311296,0.161792,0.542464
259,traditional,0.082624,0.325632,0.162816,0.571072
260,traditional,0.077664,0.351232,0.188416,0.617312
261,traditional,0.069472,0.331776,0.162816,0.564064
262,traditional,0.074272,0.352256,0.162816,0.589344
263,traditional,0.069088,0.322560,0.369664,0.761312
264,traditional,0.072864,0.336896,0.166912,0.576672
265,traditional,0.070144,0.328704,0.161792,0.560640
266,traditional,0.072128,0.324608,0.161792,0.558528
267,traditional,0.074112,0.331776,0.365568,0.771456
268,traditional,0.070304,0.322560,0.161792,0.554656
269,traditional,0.070048,0.319488,0.162816,0.552352
270,traditional,0.073504,0.353280,0.185344,0.612128
271,traditional,0.073344,0.321536,0.162816,0.557696
272,traditional,0.073280,0.343040,0.165888,0.582208
273,traditional,0.071552,0.329728,0.162816,0.564096
274,traditional,0.074784,0.320512,0.184320,0.579616
275,traditional,0.074976,0.377856,0.196608,0.649440
276,traditional,0.069920,0.323584,0.161792,0.555296
277,traditional,0.069984,0.331776,0.174080,0.575840
278,traditional,0.081664,0.322560,0.161792,0.566016
279,traditional,0.070880,0.343040,0.177152,0.591072
280,traditional,0.080896,0.337920,0.161792,0.580608
281,traditional,0.071968,0.538624,0.176128,0.786720
282,traditional,0.074016,0.311296,0.162816,0.548128
283,traditional,0.069344,0.339968,0.161792,0.571104
284,traditional,0.079200,0.342016,0.163840,0.585056
285,traditional,0.079776,0.338944,0.162816,0.581536
286,traditional,0.074400,0.332800,0.161792,0.568992
287,traditional,0.069920,0.330752,0.162816,0.563488
288,traditional,0.068480,0.320512,0.174080,0.563072
289,traditional,0.069856,0.333824,0.350208,0.753888
290,traditional,0.080064,0.327680,0.180224,0.587968
291,traditional,0.078176,0.349184,0.162816,0.590176
292,traditional,0.073280,0.356352,0.168960,0.598592
293,traditional,0.069632,0.333824,0.162816,0.566272
294,traditional,0.072256,0.498688,0.166912,0.737856
295,traditional,0.069120,0.313344,0.162816,0.545280
296,traditional,0.069312,0.353280,0.161792,0.584384
297,traditional,0.068768,0.328704,0.167936,0.565408
298,traditional,0.068608,0.342016,0.161792,0.572416
299,traditional,0.074592,0.329728,0.163840,0.568160
300,traditional,0.073856,0.332800,0.161792,0.568448
301,traditional,0.093248,0.333824,0.162816,0.589888
302,traditional,0.073792,0.321536,0.174080,0.569408
303,traditional,0.069056,0.315392,0.165888,0.550336
304,traditional,0.073664,0.324608,0.161792,0.560064
305,traditional,0.069568,0.328704,0.162816,0.561088
306,traditional,0.069312,0.312320,0.161792,0.543424
307,traditional,0.069856,0.331776,0.162816,0.564448
308,traditional,0.069056,0.316416,0.161792,0.547264
309,traditional,0.073600,0.317440,0.162816,0.553856
310,traditional,0.069152,0.334848,0.168960,0.572960
311,traditional,0.091360,0.330752,0.162816,0.584928
312,traditional,0.069536,0.317440,0.161792,0.548768
313,traditional,0.069760,0.328704,0.162816,0.561280
314,traditional,0.070016,0.324608,0.162816,0.557440
315,traditional,0.071968,0.349184,0.161792,0.582944
316,traditional,0.076032,0.325632,0.162816,0.564480
317,traditional,0.070368,0.332800,0.162816,0.565984
318,traditional,0.070912,0.311296,0.162816,0.545024
319,traditional,0.069408,0.325632,0.162816,0.557856
320,traditional,0.080928,0.313344,0.161792,0.556064
321,traditional,0.069056,0.313344,0.167936,0.550336
322,traditional,0.069920,0.334848,0.173056,0.577824
323,traditional,0.073536,0.331776,0.161792,0.567104
324,traditional,0.069536,0.313344,0.175104,0.557984
325,traditional,0.070240,0.314368,0.164864,0.549472
326,traditional,0.069920,0.333824,0.162816,0.566560
327,traditional,0.069824,0.331776,0.175104,0.576704
328,traditional,0.082304,0.332800,0.174080,0.589184
329,traditional,0.070464,0.324608,0.162816,0.557888
330,traditional,0.078912,0.325632,0.165888,0.570432
331,traditional,0.075264,0.336896,0.162816,0.574976
332,traditional,0.069760,0.322560,0.175104,0.567424
333,traditional,0.081792,0.311296,0.165888,0.558976
334,traditional,0.080480,0.329728,0.162816,0.573024
335,traditional,0.070144,0.324608,0.162816,0.557568
336,traditional,0.068672,0.311296,0.162816,0.542784
337,traditional,0.068256,0.318464,0.162816,0.549536
338,traditional,0.074720,0.339968,0.186368,0.601056
339,traditional,0.070624,0.311296,0.162816,0.544736
340,traditional,0.069440,0.312320,0.165888,0.547648
341,traditional,0.069472,0.325632,0.163840,0.558944
342,traditional,0.069760,0.329728,0.371712,0.771200
343,traditional,0.070208,0.319488,0.162816,0.552512
344,traditional,0.071552,0.324608,0.169984,0.566144
345,traditional,0.069024,0.333824,0.175104,0.577952
346,traditional,0.069312,0.321536,0.162816,0.553664
347,traditional,0.076224,0.323584,0.161792,0.561600
348,traditional,0.069440,0.328704,0.161792,0.559936
349,traditional,0.069056,0.327680,0.161792,0.558528
350,traditional,0.069920,0.326656,0.161792,0.558368
351,traditional,0.069088,0.321536,0.174080,0.564704
352,traditional,0.081792,0.322560,0.444416,0.848768
353,traditional,0.070816,0.325632,0.162816,0.559264
354,traditional,0.079584,0.344064,0.174080,0.597728
355,traditional,0.069024,0.315392,0.162816,0.547232
356,traditional,0.075552,0.349184,0.177152,0.601888
357,traditional,0.072032,0.325632,0.166912,0.564576
358,traditional,0.073280,0.330752,0.161792,0.565824
359,traditional,0.069472,0.315392,0.161792,0.546656
360,traditional,0.069760,0.319488,0.161792,0.551040
361,traditional,0.069728,0.319488,0.161792,0.551008
362,traditional,0.076416,0.486400,0.184320,0.747136
363,traditional,0.068832,0.325632,0.187392,0.581856
364,traditional,0.078784,0.327680,0.161792,0.568256
365,traditional,0.070240,0.322560,0.161792,0.554592
366,traditional,0.081120,0.323584,0.161792,0.566496
367,traditional,0.069920,0.321536,0.161792,0.553248
368,traditional,0.072768,0.336896,0.161792,0.571456
369,traditional,0.072064,0.318464,0.161792,0.552320
370,traditional,0.082784,0.320512,0.161792,0.565088
371,traditional,0.069408,0.318464,0.184320,0.572192
372,traditional,0.068928,0.320512,0.161792,0.551232
373,traditional,0.073120,0.335872,0.161792,0.570784
374,traditional,0.069280,0.345088,0.161792,0.576160
375,traditional,0.083424,0.309248,0.161792,0.554464
376,traditional,0.069536,0.339968,0.161792,0.571296
377,traditional,0.068704,0.313344,0.162816,0.544864
378,traditional,0.070208,0.309248,0.171008,0.550464
379,traditional,0.069952,0.324608,0.162816,0.557376
380,traditional,0.070336,0.332800,0.161792,0.564928
381,traditional,0.082336,0.308224,0.161792,0.552352
382,traditional,0.080576,0.319488,0.161792,0.561856
383,traditional,0.069312,0.317440,0.165888,0.552640
384,traditional,0.069056,0.316416,0.160768,0.546240
385,traditional,0.068544,0.318464,0.175104,0.562112
386,traditional,0.070816,0.331776,0.162816,0.565408
387,traditional,0.070368,0.328704,0.175104,0.574176
388,traditional,0.069696,0.312320,0.161792,0.543808
389,traditional,0.070016,0.312320,0.161792,0.544128
390,traditional,0.072160,0.314368,0.161792,0.548320
391,traditional,0.073184,0.313344,0.161792,0.548320
392,traditional,0.069696,0.327680,0.164864,0.562240
393,traditional,0.069152,0.312320,0.165888,0.547360
394,traditional,0.068512,0.322560,0.164864,0.555936
395,traditional,0.070240,0.320512,0.171008,0.561760
396,traditional,0.069664,0.311296,0.164864,0.545824
397,traditional,0.069440,0.322560,0.161792,0.553792
398,traditional,0.069696,0.317440,0.174080,0.561216
399,traditional,0.080448,0.319488,0.173056,0.572992
400,traditional,0.081408,0.348160,0.161792,0.591360
401,traditional,0.069376,0.314368,0.161792,0.545536
402,traditional,0.070208,0.321536,0.164864,0.556608
403,traditional,0.074112,0.324608,0.161792,0.560512
404,traditional,0.087616,0.328704,0.161792,0.578112
405,traditional,0.069024,0.311296,0.175104,0.555424
406,traditional,0.070496,0.311296,0.164864,0.546656
407,traditional,0.071104,0.319488,0.165888,0.556480
408,traditional,0.069472,0.319488,0.165888,0.554848
409,traditional,0.069600,0.335872,0.162816,0.568288
410,traditional,0.073888,0.351232,0.162816,0.587936
411,traditional,0.081152,0.332800,0.191488,0.605440
412,traditional,0.099584,0.323584,0.163840,0.587008
413,traditional,0.087392,0.337920,0.166912,0.592224
414,traditional,0.070112,0.497664,0.168960,0.736736
415,traditional,0.069536,0.329728,0.162816,0.562080
416,traditional,0.074720,0.318464,0.162816,0.556000
417,traditional,0.069280,0.354304,0.161792,0.585376
418,traditional,0.081280,0.322560,0.162816,0.566656
419,traditional,0.071648,0.330752,0.176128,0.578528
420,traditional,0.072064,0.334848,0.162816,0.569728
421,traditional,0.082720,0.325632,0.176128,0.584480
422,traditional,0.071776,0.312320,0.166912,0.551008
423,traditional,0.070432,0.330752,0.162816,0.564000
424,traditional,0.072864,0.346112,0.164864,0.583840
425,traditional,0.069760,0.321536,0.162816,0.554112
426,traditional,0.072608,0.319488,0.165888,0.557984
427,traditional,0.068832,0.311296,0.162816,0.542944
428,traditional,0.071360,0.324608,0.162816,0.558784
429,traditional,0.069568,0.326656,0.162816,0.559040
430,traditional,0.068352,0.311296,0.161792,0.541440
431,traditional,0.068768,0.313344,0.431104,0.813216
432,traditional,0.070720,0.314368,0.164864,0.549952
433,traditional,0.068384,0.311296,0.176128,0.555808
434,traditional,0.078592,0.330752,0.186368,0.595712
435,traditional,0.082240,0.315392,0.161792,0.559424
436,traditional,0.069216,0.319488,0.164864,0.553568
437,traditional,0.069696,0.336896,0.162816,0.569408
438,traditional,0.070144,0.325632,0.161792,0.557568
439,traditional,0.069568,0.312320,0.161792,0.543680
440,traditional,0.075136,0.337920,0.188416,0.601472
441,traditional,0.070880,0.311296,0.162816,0.544992
442,traditional,0.069152,0.316416,0.161792,0.547360
443,traditional,0.082208,0.315392,0.434176,0.831776
444,traditional,0.070368,0.314368,0.162816,0.547552
445,traditional,0.069632,0.346112,0.174080,0.589824
446,traditional,0.073280,0.317440,0.165888,0.556608
447,traditional,0.068608,0.323584,0.165888,0.558080
448,traditional,0.069440,0.326656,0.167936,0.564032
449,traditional,0.070016,0.325632,0.163840,0.559488
450,traditional,0.074432,0.318464,0.197632,0.590528
451,traditional,0.080608,0.539648,0.165888,0.786144
452,traditional,0.069792,0.318464,0.162816,0.551072
453,traditional,0.081888,0.332800,0.161792,0.576480
454,traditional,0.069088,0.328704,0.162816,0.560608
455,traditional,0.073088,0.323584,0.435200,0.831872
456,traditional,0.071520,0.352256,0.175104,0.598880
457,traditional,0.070304,0.322560,0.174080,0.566944
458,traditional,0.085216,0.323584,0.174080,0.582880
459,traditional,0.073024,0.309248,0.165888,0.548160
460,traditional,0.069472,0.322560,0.165888,0.557920
461,traditional,0.073888,0.311296,0.163840,0.549024
462,traditional,0.070144,0.356352,0.161792,0.588288
463,traditional,0.069504,0.334848,0.162816,0.567168
464,traditional,0.077120,0.317440,0.175104,0.569664
465,traditional,0.068832,0.359424,0.161792,0.590048
466,traditional,0.069792,0.319488,0.167936,0.557216
467,traditional,0.069888,0.323584,0.175104,0.568576
468,traditional,0.070432,0.334848,0.184320,0.589600
469,traditional,0.070144,0.312320,0.165888,0.548352
470,traditional,0.070048,0.331776,0.162816,0.564640
471,traditional,0.069088,0.328704,0.161792,0.559584
472,traditional,0.068704,0.314368,0.174080,0.557152
473,traditional,0.070496,0.351232,0.163840,0.585568
474,traditional,0.073312,0.333824,0.185344,0.592480
475,traditional,0.074592,0.329728,0.163840,0.568160
476,traditional,0.079776,0.358400,0.162816,0.600992
477,traditional,0.068928,0.346112,0.162816,0.577856
478,traditional,0.069696,0.335872,0.165888,0.571456
479,traditional,0.072320,0.319488,0.166912,0.558720
480,traditional,0.082656,0.316416,0.161792,0.560864
481,traditional,0.070400,0.333824,0.161792,0.566016
482,traditional,0.069824,0.345088,0.161792,0.576704
483,traditional,0.068832,0.321536,0.162816,0.553184
484,traditional,0.069760,0.338944,0.161792,0.570496
485,traditional,0.068192,0.315392,0.162816,0.546400
486,traditional,0.070368,0.329728,0.163840,0.563936
487,traditional,0.069824,0.314368,0.162816,0.547008
488,traditional,0.079904,0.324608,0.161792,0.566304
489,traditional,0.075040,0.331776,0.163840,0.570656
490,traditional,0.069248,0.323584,0.164864,0.557696
491,traditional,0.069600,0.335872,0.162816,0.568288
492,traditional,0.077120,0.351232,0.172032,0.600384
493,traditional,0.070304,0.325632,0.162816,0.558752
494,traditional,0.070304,0.323584,0.161792,0.555680
495,traditional,0.068800,0.310272,0.175104,0.554176
496,traditional,0.082240,0.327680,0.163840,0.573760
497,traditional,0.068992,0.330752,0.196608,0.596352
498,traditional,0.069152,0.311296,0.162816,0.543264
499,traditional,0.072192,0.336896,0.165888,0.574976
500,traditional,0.070016,0.333824,0.162816,0.566656
501,traditional,0.070016,0.321536,0.163840,0.555392
502,traditional,0.078592,0.344064,0.174080,0.596736
503,traditional,0.069664,0.327680,0.174080,0.571424
504,traditional,0.073856,0.311296,0.162816,0.547968
505,traditional,0.068864,0.311296,0.161792,0.541952
506,traditional,0.070080,0.314368,0.162816,0.547264
507,traditional,0.070336,0.347136,0.168960,0.586432
508,traditional,0.081728,0.316416,0.165888,0.564032
509,traditional,0.070848,0.344064,0.163840,0.578752
510,traditional,0.069504,0.320512,0.171008,0.561024
511,traditional,0.077728,0.323584,0.169984,0.571296
512,traditional,0.069216,0.327680,0.161792,0.558688
513,traditional,0.069216,0.321536,0.188416,0.579168
514,traditional,0.070464,0.311296,0.161792,0.543552
515,traditional,0.072672,0.311296,0.161792,0.545760
516,traditional,0.080352,0.321536,0.162816,0.564704
517,traditional,0.072224,0.311296,0.161792,0.545312
518,traditional,0.069792,0.340992,0.162816,0.573600
519,traditional,0.069632,0.320512,0.162816,0.552960
520,traditional,0.069088,0.329728,0.165888,0.564704
521,traditional,0.069600,0.314368,0.169984,0.553952
522,traditional,0.069088,0.310272,0.174080,0.553440
523,traditional,0.070592,0.328704,0.175104,0.574400
524,traditional,0.069376,0.329728,0.374784,0.773888
525,traditional,0.069600,0.326656,0.175104,0.571360
526,traditional,0.081504,0.338944,0.172032,0.592480
527,traditional,0.082240,0.321536,0.162816,0.566592
528,traditional,0.069344,0.334848,0.162816,0.567008
529,traditional,0.073472,0.320512,0.162816,0.556800
530,traditional,0.071520,0.471040,0.171008,0.713568
531,traditional,0.081952,0.333824,0.163840,0.579616
532,traditional,0.075808,0.324608,0.162816,0.563232
533,traditional,0.070112,0.348160,0.162816,0.581088
534,traditional,0.069504,0.328704,0.168960,0.567168
535,traditional,0.080544,0.318464,0.161792,0.560800
536,traditional,0.075232,0.329728,0.163840,0.568800
537,traditional,0.070144,0.323584,0.162816,0.556544
538,traditional,0.068992,0.325632,0.161792,0.556416
539,traditional,0.073568,0.310272,0.162816,0.546656
540,traditional,0.073696,0.353280,0.161792,0.588768
541,traditional,0.068992,0.321536,0.162816,0.553344
542,traditional,0.077536,0.348160,0.162816,0.588512
543,traditional,0.081184,0.313344,0.166912,0.561440
544,traditional,0.072480,0.334848,0.161792,0.569120
545,traditional,0.069632,0.324608,0.166912,0.561152
546,traditional,0.069696,0.344064,0.161792,0.575552
547,traditional,0.070816,0.323584,0.162816,0.557216
548,traditional,0.068960,0.323584,0.384000,0.776544
549,traditional,0.070016,0.330752,0.176128,0.576896
550,traditional,0.076864,0.324608,0.161792,0.563264
551,traditional,0.078720,0.337920,0.172032,0.588672
552,traditional,0.081248,0.330752,0.165888,0.577888
553,traditional,0.070944,0.348160,0.165888,0.584992
554,traditional,0.069312,0.323584,0.174080,0.566976
555,traditional,0.087232,0.374784,0.207872,0.669888
556,traditional,0.071200,0.332800,0.161792,0.565792
557,traditional,0.076928,0.313344,0.174080,0.564352
558,traditional,0.069792,0.526336,0.177152,0.773280
559,traditional,0.073632,0.311296,0.176128,0.561056
560,traditional,0.075040,0.346112,0.177152,0.598304
561,traditional,0.069024,0.328704,0.166912,0.564640
562,traditional,0.069024,0.324608,0.166912,0.560544
563,traditional,0.086240,0.344064,0.188416,0.618720
564,traditional,0.069920,0.319488,0.185344,0.574752
565,traditional,0.069120,0.317440,0.369664,0.756224
566,traditional,0.077824,0.338944,0.162816,0.579584
567,traditional,0.068352,0.331776,0.164864,0.564992
568,traditional,0.073664,0.345088,0.166912,0.585664
569,traditional,0.068640,0.326656,0.162816,0.558112
570,traditional,0.069152,0.349184,0.161792,0.580128
571,traditional,0.068256,0.315392,0.162816,0.546464
572,traditional,0.071712,0.321536,0.163840,0.557088
573,traditional,0.068928,0.329728,0.181248,0.579904
574,traditional,0.078272,0.338944,0.174080,0.591296
575,traditional,0.068896,0.336896,0.162816,0.568608
576,traditional,0.078304,0.538624,0.199680,0.816608
577,traditional,0.074016,0.324608,0.189440,0.588064
578,traditional,0.069056,0.326656,0.162816,0.558528
579,traditional,0.069504,0.323584,0.165888,0.558976
580,traditional,0.077664,0.319488,0.162816,0.559968
581,traditional,0.069632,0.337920,0.163840,0.571392
582,traditional,0.068480,0.320512,0.162816,0.551808
583,traditional,0.070976,0.523264,0.189440,0.783680
584,traditional,0.080704,0.319488,0.162816,0.563008
585,traditional,0.068512,0.326656,0.162816,0.557984
586,traditional,0.069344,0.312320,0.161792,0.543456
587,traditional,0.072672,0.319488,0.162816,0.554976
588,traditional,0.068992,0.331776,0.161792,0.562560
589,traditional,0.070080,0.326656,0.162816,0.559552
590,traditional,0.069120,0.329728,0.162816,0.561664
591,traditional,0.069600,0.309248,0.162816,0.541664
592,traditional,0.069376,0.310272,0.174080,0.553728
593,traditional,0.073920,0.317440,0.162816,0.554176
594,traditional,0.068992,0.317440,0.162816,0.549248
595,traditional,0.070048,0.325632,0.175104,0.570784
596,traditional,0.072928,0.316416,0.174080,0.563424
597,traditional,0.078976,0.315392,0.164864,0.559232
598,traditional,0.069792,0.314368,0.160768,0.544928
599,traditional,0.070208,0.328704,0.162816,0.561728
600,traditional,0.068960,0.316416,0.161792,0.547168
601,traditional,0.069280,0.342016,0.161792,0.573088
602,traditional,0.079744,0.316416,0.161792,0.557952
603,traditional,0.069344,0.326656,0.161792,0.557792
604,traditional,0.070432,0.328704,0.161792,0.560928
605,traditional,0.092896,0.315392,0.161792,0.570080
606,traditional,0.073824,0.310272,0.169984,0.554080
607,traditional,0.069920,0.328704,0.164864,0.563488
608,traditional,0.074752,0.316416,0.161792,0.552960
609,traditional,0.069440,0.320512,0.161792,0.551744
610,traditional,0.069760,0.321536,0.161792,0.553088
611,traditional,0.069504,0.313344,0.162816,0.545664
612,traditional,0.069760,0.309248,0.174080,0.553088
613,traditional,0.070304,0.334848,0.161792,0.566944
614,traditional,0.070432,0.310272,0.161792,0.542496
615,traditional,0.069376,0.322560,0.162816,0.554752
616,traditional,0.070048,0.317440,0.161792,0.549280
617,traditional,0.093536,0.314368,0.164864,0.572768
618,traditional,0.074560,0.381952,0.192512,0.649024
619,traditional,0.075648,0.311296,0.161792,0.548736
620,traditional,0.069760,0.310272,0.175104,0.555136
621,traditional,0.069600,0.316416,0.160768,0.546784
622,traditional,0.068960,0.317440,0.165888,0.552288
623,traditional,0.073568,0.314368,0.161792,0.549728
624,traditional,0.069856,0.326656,0.167936,0.564448
625,traditional,0.070400,0.309248,0.156672,0.536320
626,traditional,0.068640,0.315392,0.161792,0.545824
627,traditional,0.069952,0.311296,0.162816,0.544064
628,traditional,0.073088,0.317440,0.161792,0.552320
629,traditional,0.068544,0.318464,0.161792,0.548800
630,traditional,0.069728,0.335872,0.160768,0.566368
631,traditional,0.069952,0.322560,0.161792,0.554304
632,traditional,0.069344,0.322560,0.161792,0.553696
633,traditional,0.069696,0.321536,0.161792,0.553024
634,traditional,0.069568,0.325632,0.161792,0.556992
635,traditional,0.080064,0.328704,0.157696,0.566464
636,traditional,0.073152,0.312320,0.161792,0.547264
637,traditional,0.069696,0.319488,0.165888,0.555072
638,traditional,0.069312,0.349184,0.160768,0.579264
639,traditional,0.069280,0.331776,0.162816,0.563872
640,traditional,0.079200,0.595968,0.167936,0.843104
641,traditional,0.072928,0.353280,0.175104,0.601312
642,traditional,0.069888,0.346112,0.187392,0.603392
643,traditional,0.069152,0.553984,0.165888,0.789024
644,traditional,0.070784,0.312320,0.161792,0.544896
645,traditional,0.072000,0.332800,0.208896,0.613696
646,traditional,0.080384,0.329728,0.161792,0.571904
647,traditional,0.069152,0.318464,0.174080,0.561696
648,traditional,0.081920,0.334848,0.161792,0.578560
649,traditional,0.069696,0.328704,0.174080,0.572480
650,traditional,0.068224,0.322560,0.175104,0.565888
651,traditional,0.070144,0.338944,0.168960,0.578048
652,traditional,0.093760,0.325632,0.161792,0.581184
653,traditional,0.070592,0.311296,0.163840,0.545728
654,traditional,0.070688,0.319488,0.172032,0.562208
655,traditional,0.070208,0.336896,0.175104,0.582208
656,traditional,0.082656,0.338944,0.163840,0.585440
657,traditional,0.071904,0.323584,0.169984,0.565472
658,traditional,0.070336,0.324608,0.377856,0.772800
659,traditional,0.070016,0.319488,0.178176,0.567680
660,traditional,0.069568,0.311296,0.165888,0.546752
661,traditional,0.068928,0.334848,0.165888,0.569664
662,traditional,0.068640,0.314368,0.162816,0.545824
663,traditional,0.075008,0.315392,0.163840,0.554240
664,traditional,0.069920,0.324608,0.190464,0.584992
665,traditional,0.075936,0.348160,0.163840,0.587936
666,traditional,0.070336,0.319488,0.165888,0.555712
667,traditional,0.070176,0.315392,0.165888,0.551456
668,traditional,0.080992,0.316416,0.162816,0.560224
669,traditional,0.081216,0.325632,0.172032,0.578880
670,traditional,0.069952,0.321536,0.165888,0.557376
671,traditional,0.068192,0.335872,0.161792,0.565856
672,traditional,0.079968,0.324608,0.475136,0.879712
673,traditional,0.069696,0.315392,0.163840,0.548928
674,traditional,0.069216,0.311296,0.162816,0.543328
675,traditional,0.076704,0.315392,0.162816,0.554912
676,traditional,0.068608,0.321536,0.162816,0.552960
677,traditional,0.081120,0.325632,0.161792,0.568544
678,traditional,0.071520,0.332800,0.166912,0.571232
679,traditional,0.069280,0.318464,0.162816,0.550560
680,traditional,0.069824,0.322560,0.177152,0.569536
681,traditional,0.069920,0.338944,0.163840,0.572704
682,traditional,0.069696,0.323584,0.165888,0.559168
683,traditional,0.074432,0.314368,0.379904,0.768704
684,traditional,0.079520,0.334848,0.172032,0.586400
685,traditional,0.077568,0.320512,0.186368,0.584448
686,traditional,0.069632,0.319488,0.370688,0.759808
687,traditional,0.074144,0.330752,0.163840,0.568736
688,traditional,0.069984,0.319488,0.162816,0.552288
689,traditional,0.068416,0.325632,0.162816,0.556864
690,traditional,0.071328,0.314368,0.162816,0.548512
691,traditional,0.070880,0.337920,0.162816,0.571616
692,traditional,0.071424,0.329728,0.197632,0.598784
693,traditional,0.071968,0.311296,0.165888,0.549152
694,traditional,0.072992,0.320512,0.162816,0.556320
695,traditional,0.071072,0.327680,0.176128,0.574880
696,traditional,0.069536,0.310272,0.161792,0.541600
697,traditional,0.073440,0.338944,0.179200,0.591584
698,traditional,0.070720,0.328704,0.176128,0.575552
699,traditional,0.068736,0.323584,0.163840,0.556160
700,traditional,0.080512,0.331776,0.161792,0.574080
701,traditional,0.069984,0.322560,0.161792,0.554336
702,traditional,0.069760,0.315392,0.161792,0.546944
703,traditional,0.069568,0.320512,0.165888,0.555968
704,traditional,0.076352,0.322560,0.162816,0.561728
705,traditional,0.069824,0.321536,0.165888,0.557248
706,traditional,0.080608,0.333824,0.162816,0.577248
707,traditional,0.080896,0.313344,0.174080,0.568320
708,traditional,0.076192,0.329728,0.166912,0.572832
709,traditional,0.070144,0.328704,0.161792,0.560640
710,traditional,0.071104,0.328704,0.165888,0.565696
711,traditional,0.072064,0.324608,0.173056,0.569728
712,traditional,0.070752,0.314368,0.174080,0.559200
713,traditional,0.069856,0.323584,0.162816,0.556256
714,traditional,0.070112,0.339968,0.164864,0.574944
715,traditional,0.072608,0.322560,0.165888,0.561056
716,traditional,0.074432,0.318464,0.161792,0.554688
717,traditional,0.069664,0.313344,0.162816,0.545824
718,traditional,0.069984,0.342016,0.167936,0.579936
719,traditional,0.069664,0.323584,0.175104,0.568352
720,traditional,0.068960,0.328704,0.163840,0.561504
721,traditional,0.070592,0.316416,0.161792,0.548800
722,traditional,0.071520,0.317440,0.162816,0.551776
723,traditional,0.070016,0.328704,0.162816,0.561536
724,traditional,0.080480,0.310272,0.179200,0.569952
725,traditional,0.077024,0.340992,0.162816,0.580832
726,traditional,0.069792,0.330752,0.162816,0.563360
727,traditional,0.069760,0.332800,0.162816,0.565376
728,traditional,0.069856,0.328704,0.161792,0.560352
729,traditional,0.073248,0.354304,0.162816,0.590368
730,traditional,0.076896,0.315392,0.162816,0.555104
731,traditional,0.069984,0.338944,0.162816,0.571744
732,traditional,0.071520,0.310272,0.162816,0.544608
733,traditional,0.069792,0.316416,0.174080,0.560288
734,traditional,0.070176,0.313344,0.445440,0.828960
735,traditional,0.070432,0.318464,0.174080,0.562976
736,traditional,0.075840,0.329728,0.162816,0.568384
737,traditional,0.070368,0.328704,0.439296,0.838368
738,traditional,0.069664,0.329728,0.161792,0.561184
739,traditional,0.069760,0.310272,0.161792,0.541824
740,traditional,0.080800,0.317440,0.163840,0.562080
741,traditional,0.068960,0.328704,0.210944,0.608608
742,traditional,0.083424,0.328704,0.171008,0.583136
743,traditional,0.073216,0.309248,0.167936,0.550400
744,traditional,0.069056,0.310272,0.373760,0.753088
745,traditional,0.080096,0.323584,0.162816,0.566496
746,traditional,0.071744,0.319488,0.161792,0.553024
747,traditional,0.068928,0.317440,0.165888,0.552256
748,traditional,0.069728,0.311296,0.161792,0.542816
749,traditional,0.069408,0.337920,0.162816,0.570144
750,traditional,0.068576,0.311296,0.162816,0.542688
751,traditional,0.072288,0.317440,0.177152,0.566880
752,traditional,0.072064,0.318464,0.162816,0.553344
753,traditional,0.094016,0.313344,0.162816,0.570176
754,traditional,0.071136,0.324608,0.162816,0.558560
755,traditional,0.069408,0.323584,0.162816,0.555808
756,traditional,0.074816,0.323584,0.163840,0.562240
757,traditional,0.070368,0.327680,0.185344,0.583392
758,traditional,0.069984,0.346112,0.168960,0.585056
759,traditional,0.072704,0.317440,0.165888,0.556032
760,traditional,0.069088,0.323584,0.161792,0.554464
761,traditional,0.078400,0.543744,0.189440,0.811584
762,traditional,0.070080,0.327680,0.161792,0.559552
763,traditional,0.080864,0.320512,0.395264,0.796640
764,traditional,0.077728,0.333824,0.162816,0.574368
765,traditional,0.081088,0.339968,0.165888,0.586944
766,traditional,0.069664,0.347136,0.161792,0.578592
767,traditional,0.069312,0.322560,0.171008,0.562880
768,traditional,0.069728,0.334848,0.164864,0.569440
769,traditional,0.069856,0.317440,0.175104,0.562400
770,traditional,0.074144,0.325632,0.161792,0.561568
771,traditional,0.069216,0.332800,0.161792,0.563808
772,traditional,0.071904,0.324608,0.162816,0.559328
773,traditional,0.084736,0.312320,0.173056,0.570112
774,traditional,0.072704,0.347136,0.161792,0.581632
775,traditional,0.070240,0.318464,0.162816,0.551520
776,traditional,0.072576,0.319488,0.161792,0.553856
777,traditional,0.068800,0.328704,0.162816,0.560320
778,traditional,0.069888,0.314368,0.161792,0.546048
779,traditional,0.081056,0.314368,0.162816,0.558240
780,traditional,0.069600,0.332800,0.174080,0.576480
781,traditional,0.069632,0.322560,0.175104,0.567296
782,traditional,0.093472,0.325632,0.161792,0.580896
783,traditional,0.076576,0.344064,0.162816,0.583456
784,traditional,0.079840,0.326656,0.169984,0.576480
785,traditional,0.069344,0.324608,0.162816,0.556768
786,traditional,0.080928,0.328704,0.161792,0.571424
787,traditional,0.069440,0.318464,0.174080,0.561984
788,traditional,0.069632,0.334848,0.162816,0.567296
789,traditional,0.068672,0.340992,0.172032,0.581696
790,traditional,0.082496,0.367616,0.174080,0.624192
791,traditional,0.076832,0.320512,0.162816,0.560160
792,traditional,0.069376,0.328704,0.196608,0.594688
793,traditional,0.069824,0.324608,0.380928,0.775360
794,traditional,0.073440,0.327680,0.169984,0.571104
795,traditional,0.074944,0.336896,0.185344,0.597184
796,traditional,0.070016,0.504832,0.164864,0.739712
797,traditional,0.074272,0.337920,0.178176,0.590368
798,traditional,0.069408,0.359424,0.175104,0.603936
799,traditional,0.068832,0.329728,0.162816,0.561376
800,traditional,0.104736,0.349184,0.179200,0.633120
801,traditional,0.069728,0.332800,0.163840,0.566368
802,traditional,0.072832,0.324608,0.165888,0.563328
803,traditional,0.087008,0.519168,0.185344,0.791520
804,traditional,0.069760,0.329728,0.167936,0.567424
805,traditional,0.070016,0.324608,0.169984,0.564608
806,traditional,0.068832,0.343040,0.165888,0.577760
807,traditional,0.074464,0.338944,0.163840,0.577248
808,traditional,0.069632,0.321536,0.161792,0.552960
809,traditional,0.068800,0.334848,0.449536,0.853184
810,traditional,0.070240,0.332800,0.374784,0.777824
811,traditional,0.070080,0.318464,0.165888,0.554432
812,traditional,0.069472,0.326656,0.162816,0.558944
813,traditional,0.070272,0.329728,0.188416,0.588416
814,traditional,0.073152,0.350208,0.162816,0.586176
815,traditional,0.080928,0.366592,0.191488,0.639008
816,traditional,0.068960,0.316416,0.386048,0.771424
817,traditional,0.074080,0.330752,0.168960,0.573792
818,traditional,0.069152,0.337920,0.172032,0.579104
819,traditional,0.069632,0.323584,0.166912,0.560128
820,traditional,0.069728,0.328704,0.166912,0.565344
821,traditional,0.069600,0.319488,0.162816,0.551904
822,traditional,0.081824,0.322560,0.162816,0.567200
823,traditional,0.069440,0.322560,0.165888,0.557888
824,traditional,0.069536,0.330752,0.173056,0.573344
825,traditional,0.073440,0.311296,0.165888,0.550624
826,traditional,0.075840,0.330752,0.189440,0.596032
827,traditional,0.082784,0.325632,0.163840,0.572256
828,traditional,0.081312,0.330752,0.181248,0.593312
829,traditional,0.069312,0.310272,0.166912,0.546496
830,traditional,0.072992,0.325632,0.165888,0.564512
831,traditional,0.069248,0.324608,0.161792,0.555648
832,traditional,0.093856,0.319488,0.161792,0.575136
833,traditional,0.072832,0.310272,0.161792,0.544896
834,traditional,0.069056,0.313344,0.161792,0.544192
835,traditional,0.070336,0.329728,0.165888,0.565952
836,traditional,0.071520,0.318464,0.160768,0.550752
837,traditional,0.071872,0.320512,0.161792,0.554176
838,traditional,0.070176,0.312320,0.162816,0.545312
839,traditional,0.069760,0.312320,0.162816,0.544896
840,traditional,0.070240,0.321536,0.174080,0.565856
841,traditional,0.069792,0.320512,0.161792,0.552096
842,traditional,0.069824,0.319488,0.157696,0.547008
843,traditional,0.069760,0.324608,0.174080,0.568448
844,traditional,0.073152,0.322560,0.164864,0.560576
845,traditional,0.070432,0.333824,0.175104,0.579360
846,traditional,0.070624,0.335872,0.173056,0.579552
847,traditional,0.069824,0.325632,0.162816,0.558272
848,traditional,0.069408,0.340992,0.162816,0.573216
849,traditional,0.070336,0.313344,0.168960,0.552640
850,traditional,0.072832,0.344064,0.161792,0.578688
851,traditional,0.070592,0.319488,0.161792,0.551872
852,traditional,0.070336,0.308224,0.161792,0.540352
853,traditional,0.070336,0.319488,0.166912,0.556736
854,traditional,0.081504,0.309248,0.164864,0.555616
855,traditional,0.069536,0.315392,0.175104,0.560032
856,traditional,0.081888,0.322560,0.161792,0.566240
857,traditional,0.080896,0.361472,0.162816,0.605184
858,traditional,0.078432,0.340992,0.196608,0.616032
859,traditional,0.076512,0.329728,0.167936,0.574176
860,traditional,0.082144,0.314368,0.164864,0.561376
861,traditional,0.069312,0.337920,0.157696,0.564928
862,traditional,0.079872,0.327680,0.161792,0.569344
863,traditional,0.069152,0.334848,0.161792,0.565792
864,traditional,0.069024,0.325632,0.165888,0.560544
865,traditional,0.082304,0.325632,0.174080,0.582016
866,traditional,0.069344,0.317440,0.173056,0.559840
867,traditional,0.069792,0.329728,0.161792,0.561312
868,traditional,0.073792,0.310272,0.168960,0.553024
869,traditional,0.069856,0.334848,0.161792,0.566496
870,traditional,0.069376,0.339968,0.161792,0.571136
871,traditional,0.078144,0.319488,0.370688,0.768320
872,traditional,0.074816,0.340992,0.161792,0.577600
873,traditional,0.068864,0.314368,0.166912,0.550144
874,traditional,0.076224,0.324608,0.175104,0.575936
875,traditional,0.077760,0.334848,0.161792,0.574400
876,traditional,0.068960,0.336896,0.175104,0.580960
877,traditional,0.068896,0.343040,0.161792,0.573728
878,traditional,0.080096,0.322560,0.161792,0.564448
879,traditional,0.069024,0.336896,0.169984,0.575904
880,traditional,0.068352,0.310272,0.167936,0.546560
881,traditional,0.068576,0.324608,0.174080,0.567264
882,traditional,0.085952,0.323584,0.186368,0.595904
883,traditional,0.069056,0.308224,0.162816,0.540096
884,traditional,0.072800,0.313344,0.161792,0.547936
885,traditional,0.070688,0.321536,0.187392,0.579616
886,traditional,0.073696,0.344064,0.169984,0.587744
887,traditional,0.082688,0.564224,0.169984,0.816896
888,traditional,0.070848,0.317440,0.161792,0.550080
889,traditional,0.069408,0.308224,0.161792,0.539424
890,traditional,0.073088,0.332800,0.161792,0.567680
891,traditional,0.069856,0.315392,0.161792,0.547040
892,traditional,0.069440,0.331776,0.167936,0.569152
893,traditional,0.073792,0.322560,0.169984,0.566336
894,traditional,0.074240,0.377856,0.162816,0.614912
895,traditional,0.069568,0.316416,0.165888,0.551872
896,traditional,0.081568,0.321536,0.162816,0.565920
897,traditional,0.073248,0.333824,0.174080,0.581152
898,traditional,0.070048,0.316416,0.169984,0.556448
899,traditional,0.076032,0.323584,0.162816,0.562432
900,traditional,0.077504,0.316416,0.164864,0.558784
901,traditional,0.075072,0.323584,0.175104,0.573760
902,traditional,0.069760,0.319488,0.162816,0.552064
903,traditional,0.069952,0.327680,0.187392,0.585024
904,traditional,0.081632,0.313344,0.165888,0.560864
905,traditional,0.069824,0.330752,0.168960,0.569536
906,traditional,0.070336,0.323584,0.174080,0.568000
907,traditional,0.073696,0.330752,0.162816,0.567264
908,traditional,0.070144,0.330752,0.168960,0.569856
909,traditional,0.078144,0.345088,0.188416,0.611648
910,traditional,0.086560,0.333824,0.162816,0.583200
911,traditional,0.082016,0.332800,0.163840,0.578656
912,traditional,0.070304,0.327680,0.175104,0.573088
913,traditional,0.069952,0.326656,0.175104,0.571712
914,traditional,0.069760,0.319488,0.163840,0.553088
915,traditional,0.069600,0.351232,0.199680,0.620512
916,traditional,0.068608,0.313344,0.430080,0.812032
917,traditional,0.070112,0.316416,0.179200,0.565728
918,traditional,0.072960,0.328704,0.175104,0.576768
919,traditional,0.069216,0.331776,0.472064,0.873056
920,traditional,0.077536,0.349184,0.186368,0.613088
921,traditional,0.073536,0.322560,0.161792,0.557888
922,traditional,0.069856,0.327680,0.162816,0.560352
923,traditional,0.069472,0.319488,0.164864,0.553824
924,traditional,0.079872,0.336896,0.162816,0.579584
925,traditional,0.073472,0.331776,0.162816,0.568064
926,traditional,0.074144,0.319488,0.161792,0.555424
927,traditional,0.071424,0.310272,0.175104,0.556800
928,traditional,0.076992,0.351232,0.175104,0.603328
929,traditional,0.069248,0.331776,0.167936,0.568960
930,traditional,0.069376,0.311296,0.161792,0.542464
931,traditional,0.070848,0.315392,0.175104,0.561344
932,traditional,0.070016,0.327680,0.176128,0.573824
933,traditional,0.071040,0.318464,0.165888,0.555392
934,traditional,0.069280,0.350208,0.161792,0.581280
935,traditional,0.069664,0.322560,0.162816,0.555040
936,traditional,0.069408,0.309248,0.161792,0.540448
937,traditional,0.069824,0.311296,0.165888,0.547008
938,traditional,0.069344,0.320512,0.165888,0.555744
939,traditional,0.070048,0.316416,0.165888,0.552352
940,traditional,0.070304,0.312320,0.162816,0.545440
941,traditional,0.071872,0.310272,0.162816,0.544960
942,traditional,0.069376,0.322560,0.161792,0.553728
943,traditional,0.070784,0.321536,0.174080,0.566400
944,traditional,0.070272,0.311296,0.166912,0.548480
945,traditional,0.069696,0.355328,0.161792,0.586816
946,traditional,0.074784,0.313344,0.165888,0.554016
947,traditional,0.072192,0.312320,0.440320,0.824832
948,traditional,0.070016,0.315392,0.161792,0.547200
949,traditional,0.077408,0.336896,0.197632,0.611936
950,traditional,0.077696,0.535552,0.198656,0.811904
951,traditional,0.070016,0.338944,0.162816,0.571776
952,traditional,0.073888,0.328704,0.162816,0.565408
953,traditional,0.071200,0.330752,0.162816,0.564768
954,traditional,0.074592,0.496640,0.169984,0.741216
955,traditional,0.073088,0.309248,0.168960,0.551296
956,traditional,0.079392,0.315392,0.162816,0.557600
957,traditional,0.069632,0.323584,0.162816,0.556032
958,traditional,0.069376,0.313344,0.162816,0.545536
959,traditional,0.069056,0.332800,0.181248,0.583104
960,traditional,0.068672,0.322560,0.181248,0.572480
961,traditional,0.089632,0.350208,0.163840,0.603680
962,traditional,0.079776,0.350208,0.162816,0.592800
963,traditional,0.069696,0.322560,0.162816,0.555072
964,traditional,0.069088,0.319488,0.161792,0.550368
965,traditional,0.073216,0.367616,0.164864,0.605696
966,traditional,0.070368,0.314368,0.162816,0.547552
967,traditional,0.069376,0.311296,0.165888,0.546560
968,traditional,0.072160,0.321536,0.162816,0.556512
969,traditional,0.069472,0.321536,0.161792,0.552800
970,traditional,0.073248,0.317440,0.161792,0.552480
971,traditional,0.071872,0.319488,0.175104,0.566464
972,traditional,0.069664,0.325632,0.161792,0.557088
973,traditional,0.073120,0.323584,0.164864,0.561568
974,traditional,0.069088,0.314368,0.161792,0.545248
975,traditional,0.068928,0.524288,0.188416,0.781632
976,traditional,0.068384,0.348160,0.161792,0.578336
977,traditional,0.069600,0.314368,0.162816,0.546784
978,traditional,0.077440,0.350208,0.187392,0.615040
979,traditional,0.068864,0.325632,0.161792,0.556288
980,traditional,0.070656,0.310272,0.174080,0.555008
981,traditional,0.067744,0.313344,0.175104,0.556192
982,traditional,0.070144,0.520192,0.189440,0.779776
983,traditional,0.069344,0.313344,0.165888,0.548576
984,traditional,0.068416,0.312320,0.186368,0.567104
985,traditional,0.072832,0.314368,0.162816,0.550016
986,traditional,0.082592,0.324608,0.163840,0.571040
987,traditional,0.069568,0.323584,0.165888,0.559040
988,traditional,0.074624,0.340992,0.177152,0.592768
989,traditional,0.069632,0.313344,0.162816,0.545792
990,traditional,0.069792,0.332800,0.164864,0.567456
991,traditional,0.068256,0.360448,0.174080,0.602784
992,traditional,0.069280,0.315392,0.179200,0.563872
993,traditional,0.069024,0.327680,0.161792,0.558496
994,traditional,0.069472,0.324608,0.185344,0.579424
995,traditional,0.080448,0.324608,0.162816,0.567872
996,traditional,0.074304,0.366592,0.171008,0.611904
997,traditional,0.069760,0.320512,0.173056,0.563328
998,traditional,0.081152,0.328704,0.165888,0.575744
999,traditional,0.069312,0.322560,0.175104,0.566976
1000,traditional,0.074656,0.331776,0.198656,0.605088
1001,traditional,0.069664,0.339968,0.162816,0.572448
1002,traditional,0.073920,0.343040,0.162816,0.579776
1003,traditional,0.068032,0.325632,0.161792,0.555456
1004,traditional,0.073920,0.513024,0.166912,0.753856
1005,traditional,0.077216,0.323584,0.195584,0.596384
1006,traditional,0.068960,0.332800,0.165888,0.567648
1007,traditional,0.069088,0.344064,0.162816,0.575968
1008,traditional,0.069600,0.324608,0.175104,0.569312
1009,traditional,0.074176,0.524288,0.194560,0.793024
1010,traditional,0.081440,0.337920,0.162816,0.582176
1011,traditional,0.086080,0.333824,0.182272,0.602176
1012,traditional,0.079264,0.321536,0.161792,0.562592
1013,traditional,0.070336,0.328704,0.163840,0.562880
1014,traditional,0.068800,0.325632,0.167936,0.562368
1015,traditional,0.071392,0.329728,0.163840,0.564960
1016,traditional,0.070272,0.309248,0.165888,0.545408
1017,traditional,0.069280,0.336896,0.174080,0.580256
1018,traditional,0.070944,0.325632,0.162816,0.559392
1019,traditional,0.069920,0.348160,0.175104,0.593184
1020,traditional,0.069440,0.321536,0.164864,0.555840
1021,traditional,0.069632,0.321536,0.165888,0.557056
1022,traditional,0.070368,0.324608,0.165888,0.560864
1023,traditional,0.069504,0.328704,0.336896,0.735104
1024,traditional,0.073824,0.340992,0.165888,0.580704
1025,traditional,0.069728,0.321536,0.196608,0.587872
1026,traditional,0.068480,0.310272,0.175104,0.553856
1027,traditional,0.077504,0.327680,0.190464,0.595648
1028,traditional,0.077312,0.322560,0.163840,0.563712
1029,traditional,0.069728,0.323584,0.161792,0.555104
1030,traditional,0.069920,0.324608,0.162816,0.557344
1031,traditional,0.082272,0.598016,0.173056,0.853344
1032,traditional,0.071328,0.313344,0.161792,0.546464
1033,traditional,0.070144,0.316416,0.167936,0.554496
1034,traditional,0.068480,0.335872,0.162816,0.567168
1035,traditional,0.076832,0.347136,0.163840,0.587808
1036,traditional,0.074208,0.310272,0.162816,0.547296
1037,traditional,0.079648,0.310272,0.162816,0.552736
1038,traditional,0.080864,0.311296,0.162816,0.554976
1039,traditional,0.069600,0.315392,0.162816,0.547808
1040,traditional,0.094016,0.320512,0.162816,0.577344
1041,traditional,0.077888,0.319488,0.163840,0.561216
1042,traditional,0.069728,0.313344,0.162816,0.545888
1043,traditional,0.069408,0.320512,0.165888,0.555808
1044,traditional,0.082656,0.327680,0.169984,0.580320
1045,traditional,0.069600,0.330752,0.161792,0.562144
1046,traditional,0.070912,0.354304,0.162816,0.588032
1047,traditional,0.070688,0.336896,0.163840,0.571424
1048,traditional,0.073536,0.340992,0.162816,0.577344
1049,traditional,0.069312,0.319488,0.162816,0.551616
1050,traditional,0.074752,0.491520,0.191488,0.757760
1051,traditional,0.069696,0.315392,0.196608,0.581696
1052,traditional,0.073824,0.325632,0.161792,0.561248
1053,traditional,0.073376,0.316416,0.166912,0.556704
1054,traditional,0.069216,0.325632,0.325632,0.720480
1055,traditional,0.072256,0.316416,0.161792,0.550464
1056,traditional,0.069728,0.319488,0.161792,0.551008
1057,traditional,0.069888,0.320512,0.161792,0.552192
1058,traditional,0.071040,0.316416,0.177152,0.564608
1059,traditional,0.069952,0.335872,0.165888,0.571712
1060,traditional,0.069984,0.344064,0.164864,0.578912
1061,traditional,0.070880,0.319488,0.162816,0.553184
1062,traditional,0.070112,0.360448,0.174080,0.604640
1063,traditional,0.068192,0.316416,0.165888,0.550496
1064,traditional,0.071712,0.313344,0.161792,0.546848
1065,traditional,0.097920,0.337920,0.167936,0.603776
1066,traditional,0.070304,0.347136,0.173056,0.590496
1067,traditional,0.070496,0.322560,0.160768,0.553824
1068,traditional,0.069984,0.318464,0.164864,0.553312
1069,traditional,0.072416,0.317440,0.161792,0.551648
1070,traditional,0.072128,0.347136,0.163840,0.583104
1071,traditional,0.069984,0.319488,0.161792,0.551264
1072,traditional,0.069728,0.337920,0.161792,0.569440
1073,traditional,0.070880,0.320512,0.165888,0.557280
1074,traditional,0.070208,0.309248,0.161792,0.541248
1075,traditional,0.072928,0.325632,0.163840,0.562400
1076,traditional,0.070720,0.312320,0.161792,0.544832
1077,traditional,0.073056,0.339968,0.160768,0.573792
1078,traditional,0.069440,0.325632,0.161792,0.556864
1079,traditional,0.070464,0.345088,0.162816,0.578368
1080,traditional,0.069824,0.321536,0.161792,0.553152
1081,traditional,0.069856,0.310272,0.165888,0.546016
1082,traditional,0.079872,0.550912,0.164864,0.795648
1083,traditional,0.069792,0.317440,0.161792,0.549024
1084,traditional,0.076032,0.348160,0.187392,0.611584
1085,traditional,0.069760,0.312320,0.368640,0.750720
1086,traditional,0.070176,0.321536,0.161792,0.553504
1087,traditional,0.082240,0.311296,0.163840,0.557376
1088,traditional,0.073312,0.318464,0.161792,0.553568
1089,traditional,0.068576,0.317440,0.161792,0.547808
1090,traditional,0.069824,0.312320,0.160768,0.542912
1091,traditional,0.072000,0.307200,0.161792,0.540992
1092,traditional,0.072992,0.332800,0.165888,0.571680
1093,traditional,0.069344,0.322560,0.161792,0.553696
1094,traditional,0.068736,0.308224,0.165888,0.542848
1095,traditional,0.068768,0.324608,0.160768,0.554144
1096,traditional,0.069696,0.314368,0.161792,0.545856
1097,traditional,0.069984,0.314368,0.162816,0.547168
1098,traditional,0.069408,0.334848,0.161792,0.566048
1099,traditional,0.073024,0.312320,0.161792,0.547136
1100,traditional,0.068192,0.306176,0.160768,0.535136
1101,traditional,0.071552,0.350208,0.162816,0.584576
1102,traditional,0.076736,0.326656,0.184320,0.587712
1103,traditional,0.070240,0.306176,0.161792,0.538208
1104,traditional,0.071904,0.305152,0.160768,0.537824
1105,traditional,0.070432,0.307200,0.161792,0.539424
1106,traditional,0.072800,0.306176,0.161792,0.540768
1107,traditional,0.069760,0.306176,0.161792,0.537728
1108,traditional,0.071136,0.318464,0.367616,0.757216
1109,traditional,0.081440,0.312320,0.165888,0.559648
1110,traditional,0.071392,0.328704,0.161792,0.561888
1111,traditional,0.069792,0.332800,0.161792,0.564384
1112,traditional,0.081888,0.308224,0.165888,0.556000
1113,traditional,0.068992,0.365568,0.174080,0.608640
1114,traditional,0.068288,0.310272,0.173056,0.551616
1115,traditional,0.069376,0.326656,0.164864,0.560896
1116,traditional,0.069344,0.329728,0.161792,0.560864
1117,traditional,0.082016,0.310272,0.174080,0.566368
1118,traditional,0.080576,0.325632,0.161792,0.568000
1119,traditional,0.082528,0.320512,0.174080,0.577120
1120,traditional,0.070272,0.328704,0.186368,0.585344
1121,traditional,0.081600,0.336896,0.175104,0.593600
1122,traditional,0.069600,0.318464,0.161792,0.549856
1123,traditional,0.069504,0.327680,0.174080,0.571264
1124,traditional,0.068992,0.325632,0.165888,0.560512
1125,traditional,0.073920,0.310272,0.164864,0.549056
1126,traditional,0.071936,0.307200,0.161792,0.540928
1127,traditional,0.069024,0.308224,0.174080,0.551328
1128,traditional,0.068928,0.324608,0.165888,0.559424
1129,traditional,0.068640,0.320512,0.165888,0.555040
1130,traditional,0.069824,0.316416,0.161792,0.548032
1131,traditional,0.069184,0.332800,0.169984,0.571968
1132,traditional,0.068928,0.322560,0.174080,0.565568
1133,traditional,0.073568,0.321536,0.161792,0.556896
1134,traditional,0.070016,0.322560,0.161792,0.554368
1135,traditional,0.072416,0.358400,0.163840,0.594656
1136,traditional,0.072128,0.323584,0.161792,0.557504
1137,traditional,0.069888,0.321536,0.169984,0.561408
1138,traditional,0.072608,0.321536,0.165888,0.560032
1139,traditional,0.068128,0.321536,0.175104,0.564768
1140,traditional,0.075264,0.311296,0.161792,0.548352
1141,traditional,0.069888,0.315392,0.164864,0.550144
1142,traditional,0.069696,0.314368,0.161792,0.545856
1143,traditional,0.071008,0.340992,0.161792,0.573792
1144,traditional,0.070272,0.328704,0.161792,0.560768
1145,traditional,0.070240,0.330752,0.161792,0.562784
1146,traditional,0.070464,0.334848,0.162816,0.568128
1147,traditional,0.070208,0.315392,0.171008,0.556608
1148,traditional,0.069856,0.364544,0.162816,0.597216
1149,traditional,0.073632,0.332800,0.162816,0.569248
1150,traditional,0.081440,0.328704,0.174080,0.584224
1151,traditional,0.076832,0.334848,0.186368,0.598048
1152,traditional,0.071456,0.322560,0.161792,0.555808
1153,traditional,0.069152,0.313344,0.162816,0.545312
1154,traditional,0.069376,0.327680,0.161792,0.558848
1155,traditional,0.069536,0.324608,0.161792,0.555936
1156,traditional,0.071200,0.322560,0.163840,0.557600
1157,traditional,0.070080,0.332800,0.162816,0.565696
1158,traditional,0.069472,0.312320,0.161792,0.543584
1159,traditional,0.068672,0.336896,0.165888,0.571456
1160,traditional,0.070016,0.323584,0.164864,0.558464
1161,traditional,0.069664,0.340992,0.162816,0.573472
1162,traditional,0.068896,0.323584,0.165888,0.558368
1163,traditional,0.070336,0.312320,0.175104,0.557760
1164,traditional,0.068544,0.313344,0.169984,0.551872
1165,traditional,0.071904,0.318464,0.166912,0.557280
1166,traditional,0.068704,0.311296,0.164864,0.544864
1167,traditional,0.080192,0.345088,0.162816,0.588096
1168,traditional,0.070432,0.324608,0.166912,0.561952
1169,traditional,0.084096,0.544768,0.165888,0.794752
1170,traditional,0.071584,0.323584,0.165888,0.561056
1171,traditional,0.080096,0.319488,0.442368,0.841952
1172,traditional,0.074112,0.370688,0.162816,0.607616
1173,traditional,0.070016,0.329728,0.196608,0.596352
1174,traditional,0.070752,0.311296,0.174080,0.556128
1175,traditional,0.071904,0.325632,0.162816,0.560352
1176,traditional,0.069408,0.309248,0.165888,0.544544
1177,traditional,0.080704,0.310272,0.430080,0.821056
1178,traditional,0.073184,0.316416,0.162816,0.552416
1179,traditional,0.069216,0.310272,0.176128,0.555616
1180,traditional,0.074016,0.330752,0.418816,0.823584
1181,traditional,0.070272,0.318464,0.162816,0.551552
1182,traditional,0.071104,0.331776,0.162816,0.565696
1183,traditional,0.069184,0.318464,0.175104,0.562752
1184,traditional,0.069024,0.324608,0.174080,0.567712
1185,traditional,0.070912,0.326656,0.342016,0.739584
1186,traditional,0.076448,0.337920,0.163840,0.578208
1187,traditional,0.068704,0.370688,0.187392,0.626784
1188,traditional,0.084928,0.324608,0.173056,0.582592
1189,traditional,0.070016,0.314368,0.188416,0.572800
1190,traditional,0.070016,0.311296,0.162816,0.544128
1191,traditional,0.074720,0.333824,0.166912,0.575456
1192,traditional,0.069184,0.330752,0.162816,0.562752
1193,traditional,0.075936,0.323584,0.161792,0.561312
1194,traditional,0.070592,0.324608,0.175104,0.570304
1195,traditional,0.069920,0.322560,0.176128,0.568608
1196,traditional,0.073888,0.347136,0.163840,0.584864
1197,traditional,0.070528,0.323584,0.188416,0.582528
1198,traditional,0.069824,0.339968,0.164864,0.574656
1199,traditional,0.084224,0.328704,0.162816,0.575744
1200,traditional,0.068800,0.312320,0.161792,0.542912
1201,traditional,0.069056,0.347136,0.162816,0.579008
1202,traditional,0.080576,0.324608,0.171008,0.576192
1203,traditional,0.073856,0.321536,0.166912,0.562304
1204,traditional,0.069760,0.316416,0.161792,0.547968
1205,traditional,0.068736,0.325632,0.165888,0.560256
1206,traditional,0.069312,0.331776,0.164864,0.565952
1207,traditional,0.068960,0.314368,0.162816,0.546144
1208,traditional,0.071584,0.323584,0.175104,0.570272
1209,traditional,0.074784,0.345088,0.163840,0.583712
1210,traditional,0.072800,0.347136,0.161792,0.581728
1211,traditional,0.074176,0.322560,0.165888,0.562624
1212,traditional,0.068736,0.377856,0.169984,0.616576
1213,traditional,0.081376,0.345088,0.162816,0.589280
1214,traditional,0.069280,0.313344,0.161792,0.544416
1215,traditional,0.069152,0.326656,0.162816,0.558624
1216,traditional,0.081440,0.314368,0.165888,0.561696
1217,traditional,0.072992,0.332800,0.163840,0.569632
1218,traditional,0.069568,0.331776,0.358400,0.759744
1219,traditional,0.070560,0.335872,0.176128,0.582560
1220,traditional,0.070112,0.313344,0.162816,0.546272
1221,traditional,0.068352,0.310272,0.162816,0.541440
1222,traditional,0.088000,0.327680,0.164864,0.580544
1223,traditional,0.072416,0.311296,0.175104,0.558816
1224,traditional,0.086720,0.330752,0.161792,0.579264
1225,traditional,0.073248,0.504832,0.192512,0.770592
1226,traditional,0.071200,0.310272,0.162816,0.544288
1227,traditional,0.069600,0.309248,0.162816,0.541664
1228,traditional,0.069600,0.327680,0.174080,0.571360
1229,traditional,0.068672,0.315392,0.162816,0.546880
1230,traditional,0.070144,0.343040,0.161792,0.574976
1231,traditional,0.068672,0.317440,0.174080,0.560192
1232,traditional,0.070976,0.313344,0.162816,0.547136
1233,traditional,0.093664,0.319488,0.176128,0.589280
1234,traditional,0.073408,0.314368,0.162816,0.550592
1235,traditional,0.072448,0.336896,0.196608,0.605952
1236,traditional,0.073344,0.325632,0.175104,0.574080
1237,traditional,0.076544,0.325632,0.352256,0.754432
1238,traditional,0.070944,0.322560,0.162816,0.556320
1239,traditional,0.070048,0.310272,0.162816,0.543136
1240,traditional,0.073792,0.320512,0.162816,0.557120
1241,traditional,0.069152,0.319488,0.175104,0.563744
1242,traditional,0.069728,0.346112,0.196608,0.612448
1243,traditional,0.069024,0.312320,0.376832,0.758176
1244,traditional,0.074112,0.323584,0.166912,0.564608
1245,traditional,0.076288,0.339968,0.165888,0.582144
1246,traditional,0.068832,0.311296,0.381952,0.762080
1247,traditional,0.070432,0.315392,0.169984,0.555808
1248,traditional,0.081504,0.314368,0.162816,0.558688
1249,traditional,0.081760,0.325632,0.176128,0.583520
1250,traditional,0.082688,0.331776,0.162816,0.577280
1251,traditional,0.070336,0.317440,0.162816,0.550592
1252,traditional,0.069504,0.322560,0.411648,0.803712
1253,traditional,0.081824,0.313344,0.177152,0.572320
1254,traditional,0.071648,0.531456,0.166912,0.770016
1255,traditional,0.069824,0.314368,0.174080,0.558272
1256,traditional,0.074720,0.337920,0.180224,0.592864
1257,traditional,0.068608,0.324608,0.162816,0.556032
1258,traditional,0.082080,0.313344,0.441344,0.836768
1259,traditional,0.073472,0.337920,0.166912,0.578304
1260,traditional,0.077152,0.342016,0.165888,0.585056
1261,traditional,0.070816,0.314368,0.163840,0.549024
1262,traditional,0.068736,0.317440,0.162816,0.548992
1263,traditional,0.069952,0.313344,0.161792,0.545088
1264,traditional,0.070048,0.310272,0.161792,0.542112
1265,traditional,0.069088,0.314368,0.162816,0.546272
1266,traditional,0.073472,0.335872,0.162816,0.572160
1267,traditional,0.071552,0.311296,0.166912,0.549760
1268,traditional,0.073632,0.319488,0.173056,0.566176
1269,traditional,0.069760,0.318464,0.175104,0.563328
1270,traditional,0.070016,0.351232,0.174080,0.595328
1271,traditional,0.081472,0.311296,0.175104,0.567872
1272,traditional,0.070592,0.323584,0.174080,0.568256
1273,traditional,0.069600,0.315392,0.162816,0.547808
1274,traditional,0.069760,0.326656,0.169984,0.566400
1275,traditional,0.074080,0.335872,0.162816,0.572768
1276,traditional,0.069248,0.316416,0.162816,0.548480
1277,traditional,0.073472,0.316416,0.162816,0.552704
1278,traditional,0.083296,0.333824,0.164864,0.581984
1279,traditional,0.081952,0.320512,0.176128,0.578592
1280,traditional,0.081696,0.332800,0.162816,0.577312
1281,traditional,0.070016,0.323584,0.162816,0.556416
1282,traditional,0.069120,0.346112,0.163840,0.579072
1283,traditional,0.078560,0.331776,0.175104,0.585440
1284,traditional,0.069696,0.326656,0.161792,0.558144
1285,traditional,0.082304,0.314368,0.165888,0.562560
1286,traditional,0.071744,0.513024,0.186368,0.771136
1287,traditional,0.069824,0.327680,0.175104,0.572608
1288,traditional,0.069536,0.322560,0.174080,0.566176
1289,traditional,0.074112,0.349184,0.166912,0.590208
1290,traditional,0.069568,0.311296,0.161792,0.542656
1291,traditional,0.082144,0.324608,0.173056,0.579808
1292,traditional,0.069792,0.324608,0.163840,0.558240
1293,traditional,0.073024,0.339968,0.175104,0.588096
1294,traditional,0.068896,0.325632,0.162816,0.557344
1295,traditional,0.074592,0.346112,0.163840,0.584544
1296,traditional,0.071168,0.316416,0.162816,0.550400
1297,traditional,0.070656,0.614400,0.193536,0.878592
1298,traditional,0.077856,0.320512,0.168960,0.567328
1299,traditional,0.068000,0.320512,0.161792,0.550304
1300,traditional,0.069120,0.337920,0.160768,0.567808
1301,traditional,0.076672,0.347136,0.187392,0.611200
1302,traditional,0.069760,0.314368,0.162816,0.546944
1303,traditional,0.068576,0.327680,0.161792,0.558048
1304,traditional,0.070112,0.331776,0.165888,0.567776
1305,traditional,0.070688,0.523264,0.191488,0.785440
1306,traditional,0.073664,0.318464,0.161792,0.553920
1307,traditional,0.083328,0.367616,0.161792,0.612736
1308,traditional,0.070688,0.308224,0.173056,0.551968
1309,traditional,0.075136,0.349184,0.187392,0.611712
1310,traditional,0.075136,0.346112,0.185344,0.606592
1311,traditional,0.070080,0.333824,0.165888,0.569792
1312,traditional,0.069760,0.342016,0.161792,0.573568
1313,traditional,0.069536,0.333824,0.165888,0.569248
1314,traditional,0.075616,0.325632,0.171008,0.572256
1315,traditional,0.068800,0.340992,0.167936,0.577728
1316,traditional,0.068032,0.344064,0.161792,0.573888
1317,traditional,0.075712,0.328704,0.164864,0.569280
1318,traditional,0.074432,0.345088,0.196608,0.616128
1319,traditional,0.073472,0.550912,0.185344,0.809728
1320,traditional,0.069760,0.329728,0.178176,0.577664
1321,traditional,0.068896,0.327680,0.173056,0.569632
1322,traditional,0.068320,0.343040,0.161792,0.573152
1323,traditional,0.072384,0.312320,0.171008,0.555712
1324,traditional,0.068992,0.365568,0.161792,0.596352
1325,traditional,0.067712,0.322560,0.169984,0.560256
1326,traditional,0.069792,0.317440,0.174080,0.561312
1327,traditional,0.068544,0.318464,0.161792,0.548800
1328,traditional,0.069824,0.320512,0.437248,0.827584
1329,traditional,0.069344,0.307200,0.161792,0.538336
1330,traditional,0.077952,0.329728,0.164864,0.572544
1331,traditional,0.069440,0.322560,0.184320,0.576320
1332,traditional,0.068864,0.322560,0.161792,0.553216
1333,traditional,0.074144,0.326656,0.185344,0.586144
1334,traditional,0.070336,0.307200,0.161792,0.539328
1335,traditional,0.079200,0.309248,0.161792,0.550240
1336,traditional,0.081152,0.313344,0.161792,0.556288
1337,traditional,0.068768,0.312320,0.168960,0.550048
1338,traditional,0.080992,0.330752,0.187392,0.599136
1339,traditional,0.069792,0.323584,0.161792,0.555168
1340,traditional,0.068704,0.326656,0.161792,0.557152
1341,traditional,0.083616,0.538624,0.191488,0.813728
1342,traditional,0.072704,0.306176,0.165888,0.544768
1343,traditional,0.069408,0.302080,0.161792,0.533280
1344,traditional,0.070240,0.315392,0.371712,0.757344
1345,traditional,0.069568,0.305152,0.161792,0.536512
1346,traditional,0.068960,0.332800,0.161792,0.563552
1347,traditional,0.074080,0.332800,0.189440,0.596320
1348,traditional,0.068704,0.338944,0.161792,0.569440
1349,traditional,0.068768,0.308224,0.164864,0.541856
1350,traditional,0.070304,0.310272,0.161792,0.542368
1351,traditional,0.071968,0.327680,0.184320,0.583968
1352,traditional,0.081536,0.326656,0.187392,0.595584
1353,traditional,0.070176,0.328704,0.161792,0.560672
1354,traditional,0.070368,0.344064,0.161792,0.576224
1355,traditional,0.069920,0.332800,0.161792,0.564512
1356,traditional,0.072768,0.314368,0.186368,0.573504
1357,traditional,0.081824,0.324608,0.162816,0.569248
1358,traditional,0.072704,0.329728,0.164864,0.567296
1359,traditional,0.069824,0.344064,0.162816,0.576704
1360,traditional,0.074368,0.327680,0.161792,0.563840
1361,traditional,0.073728,0.319488,0.161792,0.555008
1362,traditional,0.069792,0.310272,0.161792,0.541856
1363,traditional,0.070656,0.307200,0.161792,0.539648
1364,traditional,0.074592,0.309248,0.162816,0.546656
1365,traditional,0.070144,0.321536,0.186368,0.578048
1366,traditional,0.070176,0.311296,0.161792,0.543264
1367,traditional,0.070016,0.317440,0.173056,0.560512
1368,traditional,0.069120,0.338944,0.161792,0.569856
1369,traditional,0.071744,0.308224,0.161792,0.541760
1370,traditional,0.084000,0.356352,0.184320,0.624672
1371,traditional,0.068864,0.320512,0.174080,0.563456
1372,traditional,0.069632,0.315392,0.161792,0.546816
1373,traditional,0.069152,0.309248,0.161792,0.540192
1374,traditional,0.069856,0.332800,0.173056,0.575712
1375,traditional,0.076608,0.313344,0.161792,0.551744
1376,traditional,0.069216,0.322560,0.161792,0.553568
1377,traditional,0.078624,0.316416,0.173056,0.568096
1378,traditional,0.074048,0.314368,0.161792,0.550208
1379,traditional,0.075136,0.321536,0.162816,0.559488
1380,traditional,0.071648,0.310272,0.161792,0.543712
1381,traditional,0.080000,0.310272,0.174080,0.564352
1382,traditional,0.070080,0.313344,0.161792,0.545216
1383,traditional,0.073248,0.322560,0.161792,0.557600
1384,traditional,0.071616,0.322560,0.173056,0.567232
1385,traditional,0.069568,0.314368,0.171008,0.554944
1386,traditional,0.069792,0.311296,0.168960,0.550048
1387,traditional,0.075264,0.322560,0.174080,0.571904
1388,traditional,0.070368,0.318464,0.164864,0.553696
1389,traditional,0.072544,0.333824,0.162816,0.569184
1390,traditional,0.069472,0.314368,0.161792,0.545632
1391,traditional,0.095296,0.335872,0.164864,0.596032
1392,traditional,0.081856,0.316416,0.165888,0.564160
1393,traditional,0.069952,0.314368,0.174080,0.558400
1394,traditional,0.077536,0.330752,0.161792,0.570080
1395,traditional,0.069568,0.320512,0.166912,0.556992
1396,traditional,0.068896,0.318464,0.384000,0.771360
1397,traditional,0.070240,0.357376,0.162816,0.590432
1398,traditional,0.070464,0.318464,0.165888,0.554816
1399,traditional,0.080672,0.330752,0.162816,0.574240
1400,traditional,0.068608,0.326656,0.162816,0.558080
1401,traditional,0.071296,0.326656,0.162816,0.560768
1402,traditional,0.081376,0.338944,0.165888,0.586208
1403,traditional,0.074592,0.331776,0.162816,0.569184
1404,traditional,0.070048,0.315392,0.165888,0.551328
1405,traditional,0.069056,0.324608,0.162816,0.556480
1406,traditional,0.071232,0.315392,0.162816,0.549440
1407,traditional,0.069056,0.315392,0.168960,0.553408
1408,traditional,0.068864,0.324608,0.169984,0.563456
1409,traditional,0.074336,0.335872,0.166912,0.577120
1410,traditional,0.074144,0.336896,0.162816,0.573856
1411,traditional,0.069760,0.311296,0.166912,0.547968
1412,traditional,0.087264,0.314368,0.162816,0.564448
1413,traditional,0.069536,0.318464,0.161792,0.549792
1414,traditional,0.070144,0.324608,0.177152,0.571904
1415,traditional,0.069696,0.319488,0.167936,0.557120
1416,traditional,0.069760,0.312320,0.161792,0.543872
1417,traditional,0.071040,0.309248,0.162816,0.543104
1418,traditional,0.072896,0.327680,0.162816,0.563392
1419,traditional,0.069344,0.325632,0.162816,0.557792
1420,traditional,0.080672,0.316416,0.162816,0.559904
1421,traditional,0.082912,0.337920,0.167936,0.588768
1422,traditional,0.071872,0.316416,0.162816,0.551104
1423,traditional,0.069440,0.310272,0.162816,0.542528
1424,traditional,0.070368,0.319488,0.161792,0.551648
1425,traditional,0.081920,0.310272,0.162816,0.555008
1426,traditional,0.069952,0.328704,0.161792,0.560448
1427,traditional,0.069312,0.314368,0.162816,0.546496
1428,traditional,0.073056,0.327680,0.165888,0.566624
1429,traditional,0.071104,0.310272,0.162816,0.544192
1430,traditional,0.071104,0.319488,0.161792,0.552384
1431,traditional,0.069792,0.312320,0.162816,0.544928
1432,traditional,0.070208,0.327680,0.164864,0.562752
1433,traditional,0.068608,0.320512,0.162816,0.551936
1434,traditional,0.069440,0.318464,0.171008,0.558912
1435,traditional,0.069632,0.328704,0.162816,0.561152
1436,traditional,0.069184,0.320512,0.162816,0.552512
1437,traditional,0.069408,0.312320,0.165888,0.547616
1438,traditional,0.077760,0.326656,0.166912,0.571328
1439,traditional,0.070400,0.333824,0.165888,0.570112
1440,traditional,0.069600,0.336896,0.161792,0.568288
1441,traditional,0.069152,0.334848,0.162816,0.566816
1442,traditional,0.088544,0.329728,0.195584,0.613856
1443,traditional,0.069536,0.326656,0.166912,0.563104
1444,traditional,0.081760,0.316416,0.165888,0.564064
1445,traditional,0.081856,0.505856,0.189440,0.777152
1446,traditional,0.078432,0.353280,0.167936,0.599648
1447,traditional,0.070272,0.311296,0.162816,0.544384
1448,traditional,0.069728,0.322560,0.162816,0.555104
1449,traditional,0.079584,0.323584,0.162816,0.565984
1450,traditional,0.069408,0.315392,0.432128,0.816928
1451,traditional,0.069920,0.315392,0.168960,0.554272
1452,traditional,0.069216,0.323584,0.165888,0.558688
1453,traditional,0.073696,0.325632,0.162816,0.562144
1454,traditional,0.069216,0.363520,0.168960,0.601696
1455,traditional,0.085472,0.500736,0.191488,0.777696
1456,traditional,0.069824,0.318464,0.161792,0.550080
1457,traditional,0.069120,0.340992,0.189440,0.599552
1458,traditional,0.074592,0.342016,0.174080,0.590688
1459,traditional,0.069536,0.330752,0.162816,0.563104
1460,traditional,0.069536,0.311296,0.161792,0.542624
1461,traditional,0.069536,0.321536,0.323584,0.714656
1462,traditional,0.070944,0.321536,0.165888,0.558368
1463,traditional,0.072576,0.324608,0.175104,0.572288
1464,traditional,0.068608,0.334848,0.161792,0.565248
1465,traditional,0.074976,0.329728,0.162816,0.567520
1466,traditional,0.082080,0.335872,0.162816,0.580768
1467,traditional,0.068544,0.319488,0.180224,0.568256
1468,traditional,0.069312,0.311296,0.162816,0.543424
1469,traditional,0.069344,0.325632,0.163840,0.558816
1470,traditional,0.073568,0.336896,0.203776,0.614240
1471,traditional,0.069376,0.331776,0.162816,0.563968
1472,traditional,0.080768,0.326656,0.162816,0.570240
1473,traditional,0.080096,0.347136,0.164864,0.592096
1474,traditional,0.070688,0.321536,0.175104,0.567328
1475,traditional,0.069440,0.326656,0.164864,0.560960
1476,traditional,0.073632,0.311296,0.171008,0.555936
1477,traditional,0.073760,0.327680,0.196608,0.598048
1478,traditional,0.069792,0.318464,0.166912,0.555168
1479,traditional,0.077984,0.319488,0.162816,0.560288
1480,traditional,0.070336,0.328704,0.167936,0.566976
1481,traditional,0.073216,0.357376,0.166912,0.597504
1482,traditional,0.069760,0.309248,0.162816,0.541824
1483,traditional,0.085152,0.339968,0.172032,0.597152
1484,traditional,0.075168,0.344064,0.162816,0.582048
1485,traditional,0.079968,0.335872,0.162816,0.578656
1486,traditional,0.076288,0.322560,0.175104,0.573952
1487,traditional,0.067584,0.323584,0.161792,0.552960
1488,traditional,0.072480,0.317440,0.340992,0.730912
1489,traditional,0.079328,0.326656,0.184320,0.590304
1490,traditional,0.081056,0.312320,0.161792,0.555168
1491,traditional,0.069344,0.333824,0.162816,0.565984
1492,traditional,0.072288,0.316416,0.162816,0.551520
1493,traditional,0.068448,0.321536,0.163840,0.553824
1494,traditional,0.073824,0.337920,0.175104,0.586848
1495,traditional,0.075200,0.321536,0.163840,0.560576
1496,traditional,0.069728,0.317440,0.165888,0.553056
1497,traditional,0.071936,0.314368,0.162816,0.549120
1498,traditional,0.069728,0.314368,0.167936,0.552032
1499,traditional,0.070080,0.359424,0.162816,0.592320
1500,traditional,0.069504,0.315392,0.165888,0.550784
1501,traditional,0.069280,0.326656,0.165888,0.561824
1502,traditional,0.069760,0.318464,0.161792,0.550016
1503,traditional,0.069440,0.312320,0.162816,0.544576
1504,traditional,0.069408,0.310272,0.162816,0.542496
1505,traditional,0.083648,0.314368,0.165888,0.563904
1506,traditional,0.071232,0.332800,0.161792,0.565824
1507,traditional,0.069376,0.320512,0.165888,0.555776
1508,traditional,0.092864,0.333824,0.161792,0.588480
1509,traditional,0.068256,0.315392,0.172032,0.555680
1510,traditional,0.080960,0.325632,0.161792,0.568384
1511,traditional,0.071776,0.311296,0.162816,0.545888
1512,traditional,0.068736,0.317440,0.167936,0.554112
1513,traditional,0.068928,0.334848,0.161792,0.565568
1514,traditional,0.069248,0.324608,0.172032,0.565888
1515,traditional,0.071712,0.310272,0.162816,0.544800
1516,traditional,0.069088,0.310272,0.162816,0.542176
1517,traditional,0.081024,0.327680,0.175104,0.583808
1518,traditional,0.080064,0.323584,0.161792,0.565440
1519,traditional,0.071776,0.326656,0.162816,0.561248
1520,traditional,0.069984,0.331776,0.162816,0.564576
1521,traditional,0.080928,0.325632,0.164864,0.571424
1522,traditional,0.075360,0.347136,0.174080,0.596576
1523,traditional,0.071680,0.318464,0.162816,0.552960
1524,traditional,0.082048,0.314368,0.174080,0.570496
1525,traditional,0.070112,0.321536,0.166912,0.558560
1526,traditional,0.070144,0.340992,0.161792,0.572928
1527,traditional,0.068704,0.343040,0.166912,0.578656
1528,traditional,0.069664,0.347136,0.171008,0.587808
1529,traditional,0.070432,0.323584,0.162816,0.556832
1530,traditional,0.077280,0.311296,0.174080,0.562656
1531,traditional,0.069632,0.323584,0.369664,0.762880
1532,traditional,0.070880,0.328704,0.162816,0.562400
1533,traditional,0.074816,0.344064,0.161792,0.580672
1534,traditional,0.083744,0.325632,0.161792,0.571168
1535,traditional,0.070560,0.345088,0.175104,0.590752
1536,traditional,0.069344,0.317440,0.174080,0.560864
1537,traditional,0.079360,0.337920,0.161792,0.579072
1538,traditional,0.072640,0.524288,0.191488,0.788416
1539,traditional,0.077632,0.334848,0.161792,0.574272
1540,traditional,0.072544,0.317440,0.168960,0.558944
1541,traditional,0.071072,0.587776,0.196608,0.855456
1542,traditional,0.069280,0.319488,0.161792,0.550560
1543,traditional,0.081184,0.329728,0.162816,0.573728
1544,traditional,0.069248,0.314368,0.162816,0.546432
1545,traditional,0.075264,0.343040,0.162816,0.581120
1546,traditional,0.070304,0.312320,0.161792,0.544416
1547,traditional,0.069600,0.339968,0.161792,0.571360
1548,traditional,0.069248,0.321536,0.162816,0.553600
1549,traditional,0.079392,0.338944,0.165888,0.584224
1550,traditional,0.070560,0.314368,0.161792,0.546720
1551,traditional,0.069568,0.325632,0.161792,0.556992
1552,traditional,0.074336,0.332800,0.162816,0.569952
1553,traditional,0.069280,0.318464,0.174080,0.561824
1554,traditional,0.080512,0.316416,0.164864,0.561792
1555,traditional,0.070784,0.325632,0.161792,0.558208
1556,traditional,0.070048,0.324608,0.161792,0.556448
1557,traditional,0.069920,0.319488,0.162816,0.552224
1558,traditional,0.069600,0.322560,0.167936,0.560096
1559,traditional,0.069792,0.318464,0.165888,0.554144
1560,traditional,0.069984,0.311296,0.164864,0.546144
1561,traditional,0.081920,0.332800,0.161792,0.576512
1562,traditional,0.070368,0.309248,0.161792,0.541408
1563,traditional,0.081856,0.321536,0.370688,0.774080
1564,traditional,0.069664,0.324608,0.174080,0.568352
1565,traditional,0.069600,0.330752,0.162816,0.563168
1566,traditional,0.082368,0.330752,0.161792,0.574912
1567,traditional,0.067968,0.307200,0.466944,0.842112
1568,traditional,0.069792,0.319488,0.340992,0.730272
1569,traditional,0.081184,0.322560,0.161792,0.565536
1570,traditional,0.069280,0.335872,0.167936,0.573088
1571,traditional,0.073824,0.331776,0.162816,0.568416
1572,traditional,0.072448,0.305152,0.161792,0.539392
1573,traditional,0.070336,0.304128,0.161792,0.536256
1574,traditional,0.070144,0.314368,0.174080,0.558592
1575,traditional,0.079264,0.307200,0.161792,0.548256
1576,traditional,0.077984,0.326656,0.163840,0.568480
1577,traditional,0.069408,0.304128,0.165888,0.539424
1578,traditional,0.068832,0.316416,0.161792,0.547040
1579,traditional,0.067968,0.306176,0.168960,0.543104
1580,traditional,0.069792,0.309248,0.160768,0.539808
1581,traditional,0.068480,0.302080,0.371712,0.742272
1582,traditional,0.069760,0.308224,0.161792,0.539776
1583,traditional,0.073152,0.300032,0.161792,0.534976
1584,traditional,0.070112,0.304128,0.161792,0.536032
1585,traditional,0.069760,0.300032,0.161792,0.531584
1586,traditional,0.068928,0.302080,0.164864,0.535872
1587,traditional,0.069856,0.307200,0.174080,0.551136
1588,traditional,0.069312,0.311296,0.161792,0.542400
1589,traditional,0.070752,0.316416,0.160768,0.547936
1590,traditional,0.071584,0.329728,0.162816,0.564128
1591,traditional,0.069312,0.321536,0.174080,0.564928
1592,traditional,0.069280,0.305152,0.183296,0.557728
1593,traditional,0.074368,0.532480,0.188416,0.795264
1594,traditional,0.070240,0.304128,0.161792,0.536160
1595,traditional,0.072000,0.303104,0.160768,0.535872
1596,traditional,0.069568,0.325632,0.160768,0.555968
1597,traditional,0.068640,0.325632,0.163840,0.558112
1598,traditional,0.069920,0.323584,0.171008,0.564512
1599,traditional,0.068320,0.307200,0.164864,0.540384
1600,traditional,0.069920,0.337920,0.160768,0.568608
1601,traditional,0.079584,0.316416,0.172032,0.568032
1602,traditional,0.079648,0.322560,0.160768,0.562976
1603,traditional,0.070048,0.309248,0.164864,0.544160
1604,traditional,0.069632,0.304128,0.161792,0.535552
1605,traditional,0.070400,0.311296,0.161792,0.543488
1606,traditional,0.069504,0.326656,0.161792,0.557952
1607,traditional,0.073088,0.314368,0.165888,0.553344
1608,traditional,0.069536,0.316416,0.161792,0.547744
1609,traditional,0.069280,0.310272,0.161792,0.541344
1610,traditional,0.070016,0.323584,0.160768,0.554368
1611,traditional,0.074368,0.322560,0.161792,0.558720
1612,traditional,0.080672,0.343040,0.161792,0.585504
1613,traditional,0.069440,0.310272,0.161792,0.541504
1614,traditional,0.077088,0.312320,0.171008,0.560416
1615,traditional,0.070176,0.322560,0.161792,0.554528
1616,traditional,0.069024,0.310272,0.174080,0.553376
1617,traditional,0.072000,0.331776,0.161792,0.565568
1618,traditional,0.072256,0.330752,0.161792,0.564800
1619,traditional,0.070848,0.319488,0.174080,0.564416
1620,traditional,0.069184,0.316416,0.160768,0.546368
1621,traditional,0.069376,0.318464,0.161792,0.549632
1622,traditional,0.069696,0.311296,0.161792,0.542784
1623,traditional,0.069440,0.323584,0.162816,0.555840
1624,traditional,0.070496,0.328704,0.162816,0.562016
1625,traditional,0.070240,0.311296,0.165888,0.547424
1626,traditional,0.077216,0.327680,0.183296,0.588192
1627,traditional,0.076672,0.312320,0.160768,0.549760
1628,traditional,0.072384,0.321536,0.161792,0.555712
1629,traditional,0.069216,0.322560,0.160768,0.552544
1630,traditional,0.080800,0.339968,0.161792,0.582560
1631,traditional,0.078080,0.324608,0.161792,0.564480
1632,traditional,0.070784,0.313344,0.161792,0.545920
1633,traditional,0.082784,0.312320,0.165888,0.560992
1634,traditional,0.074080,0.322560,0.160768,0.557408
1635,traditional,0.069792,0.346112,0.161792,0.577696
1636,traditional,0.075264,0.507904,0.203776,0.786944
1637,traditional,0.082912,0.334848,0.162816,0.580576
1638,traditional,0.069568,0.338944,0.161792,0.570304
1639,traditional,0.069536,0.318464,0.175104,0.563104
1640,traditional,0.069344,0.333824,0.162816,0.565984
1641,traditional,0.069184,0.323584,0.184320,0.577088
1642,traditional,0.072032,0.324608,0.173056,0.569696
1643,traditional,0.082720,0.331776,0.166912,0.581408
1644,traditional,0.069632,0.326656,0.166912,0.563200
1645,traditional,0.069952,0.335872,0.163840,0.569664
1646,traditional,0.069888,0.328704,0.162816,0.561408
1647,traditional,0.073280,0.327680,0.163840,0.564800
1648,traditional,0.073568,0.322560,0.175104,0.571232
1649,traditional,0.072064,0.337920,0.161792,0.571776
1650,traditional,0.068960,0.329728,0.165888,0.564576
1651,traditional,0.069472,0.328704,0.162816,0.560992
1652,traditional,0.068832,0.312320,0.376832,0.757984
1653,traditional,0.070240,0.315392,0.162816,0.548448
1654,traditional,0.070592,0.319488,0.162816,0.552896
1655,traditional,0.074528,0.314368,0.162816,0.551712
1656,traditional,0.069792,0.313344,0.164864,0.548000
1657,traditional,0.069120,0.311296,0.175104,0.555520
1658,traditional,0.076768,0.332800,0.161792,0.571360
1659,traditional,0.081984,0.329728,0.167936,0.579648
1660,traditional,0.069536,0.318464,0.166912,0.554912
1661,traditional,0.081120,0.338944,0.162816,0.582880
1662,traditional,0.070016,0.319488,0.161792,0.551296
1663,traditional,0.071680,0.322560,0.162816,0.557056
1664,traditional,0.075488,0.374784,0.179200,0.629472
1665,traditional,0.069440,0.332800,0.162816,0.565056
1666,traditional,0.069632,0.328704,0.165888,0.564224
1667,traditional,0.082432,0.334848,0.162816,0.580096
1668,traditional,0.069856,0.318464,0.164864,0.553184
1669,traditional,0.069600,0.315392,0.175104,0.560096
1670,traditional,0.069664,0.347136,0.174080,0.590880
1671,traditional,0.069888,0.326656,0.161792,0.558336
1672,traditional,0.069728,0.327680,0.169984,0.567392
1673,traditional,0.070016,0.317440,0.162816,0.550272
1674,traditional,0.078112,0.314368,0.175104,0.567584
1675,traditional,0.068928,0.329728,0.169984,0.568640
1676,traditional,0.071872,0.312320,0.162816,0.547008
1677,traditional,0.069280,0.311296,0.171008,0.551584
1678,traditional,0.068640,0.315392,0.171008,0.555040
1679,traditional,0.067872,0.312320,0.166912,0.547104
1680,traditional,0.082592,0.315392,0.171008,0.568992
1681,traditional,0.075328,0.312320,0.166912,0.554560
1682,traditional,0.069984,0.319488,0.165888,0.555360
1683,traditional,0.068224,0.325632,0.162816,0.556672
1684,traditional,0.083744,0.523264,0.189440,0.796448
1685,traditional,0.076576,0.319488,0.162816,0.558880
1686,traditional,0.069760,0.320512,0.161792,0.552064
1687,traditional,0.069600,0.327680,0.162816,0.560096
1688,traditional,0.069664,0.312320,0.161792,0.543776
1689,traditional,0.071104,0.324608,0.162816,0.558528
1690,traditional,0.068320,0.320512,0.162816,0.551648
1691,traditional,0.070400,0.315392,0.162816,0.548608
1692,traditional,0.068672,0.315392,0.161792,0.545856
1693,traditional,0.069472,0.337920,0.166912,0.574304
1694,traditional,0.073920,0.310272,0.165888,0.550080
1695,traditional,0.069536,0.313344,0.174080,0.556960
1696,traditional,0.070304,0.313344,0.162816,0.546464
1697,traditional,0.068896,0.333824,0.161792,0.564512
1698,traditional,0.072032,0.325632,0.168960,0.566624
1699,traditional,0.073504,0.318464,0.168960,0.560928
1700,traditional,0.069440,0.349184,0.162816,0.581440
1701,traditional,0.070016,0.310272,0.161792,0.542080
1702,traditional,0.071904,0.319488,0.166912,0.558304
1703,traditional,0.068320,0.326656,0.162816,0.557792
1704,traditional,0.071296,0.311296,0.184320,0.566912
1705,traditional,0.068960,0.312320,0.377856,0.759136
1706,traditional,0.074112,0.328704,0.175104,0.577920
1707,traditional,0.068576,0.319488,0.174080,0.562144
1708,traditional,0.069504,0.324608,0.177152,0.571264
1709,traditional,0.069088,0.335872,0.165888,0.570848
1710,traditional,0.069248,0.314368,0.162816,0.546432
1711,traditional,0.069984,0.324608,0.162816,0.557408
1712,traditional,0.070112,0.331776,0.174080,0.575968
1713,traditional,0.081184,0.331776,0.163840,0.576800
1714,traditional,0.070464,0.310272,0.161792,0.542528
1715,traditional,0.069792,0.309248,0.161792,0.540832
1716,traditional,0.069408,0.330752,0.162816,0.562976
1717,traditional,0.069824,0.319488,0.171008,0.560320
1718,traditional,0.069984,0.311296,0.162816,0.544096
1719,traditional,0.075136,0.530432,0.171008,0.776576
1720,traditional,0.077472,0.326656,0.162816,0.566944
1721,traditional,0.070784,0.320512,0.162816,0.554112
1722,traditional,0.070176,0.323584,0.165888,0.559648
1723,traditional,0.071648,0.510976,0.188416,0.771040
1724,traditional,0.068960,0.313344,0.162816,0.545120
1725,traditional,0.073280,0.503808,0.165888,0.742976
1726,traditional,0.070432,0.322560,0.162816,0.555808
1727,traditional,0.077728,0.312320,0.172032,0.562080
1728,traditional,0.080384,0.314368,0.162816,0.557568
1729,traditional,0.069888,0.326656,0.162816,0.559360
1730,traditional,0.069696,0.319488,0.165888,0.555072
1731,traditional,0.072384,0.331776,0.162816,0.566976
1732,traditional,0.075520,0.350208,0.177152,0.602880
1733,traditional,0.074144,0.338944,0.166912,0.580000
1734,traditional,0.086592,0.518144,0.182272,0.787008
1735,traditional,0.068480,0.310272,0.165888,0.544640
1736,traditional,0.070016,0.340992,0.162816,0.573824
1737,traditional,0.073600,0.322560,0.186368,0.582528
1738,traditional,0.069088,0.333824,0.173056,0.575968
1739,traditional,0.069856,0.313344,0.162816,0.546016
1740,traditional,0.070240,0.311296,0.161792,0.543328
1741,traditional,0.069408,0.316416,0.436224,0.822048
1742,traditional,0.070240,0.327680,0.163840,0.561760
1743,traditional,0.069760,0.310272,0.162816,0.542848
1744,traditional,0.070656,0.534528,0.188416,0.793600
1745,traditional,0.094560,0.332800,0.162816,0.590176
1746,traditional,0.069504,0.311296,0.161792,0.542592
1747,traditional,0.070176,0.327680,0.189440,0.587296
1748,traditional,0.072288,0.316416,0.166912,0.555616
1749,traditional,0.070272,0.326656,0.175104,0.572032
1750,traditional,0.070016,0.309248,0.161792,0.541056
1751,traditional,0.074464,0.327680,0.165888,0.568032
1752,traditional,0.074368,0.318464,0.161792,0.554624
1753,traditional,0.068928,0.317440,0.162816,0.549184
1754,traditional,0.082464,0.316416,0.183296,0.582176
1755,traditional,0.071424,0.334848,0.162816,0.569088
1756,traditional,0.071936,0.332800,0.161792,0.566528
1757,traditional,0.069152,0.334848,0.162816,0.566816
1758,traditional,0.081632,0.324608,0.180224,0.586464
1759,traditional,0.070816,0.328704,0.176128,0.575648
1760,traditional,0.069952,0.324608,0.175104,0.569664
1761,traditional,0.072128,0.531456,0.166912,0.770496
1762,traditional,0.071776,0.340992,0.165888,0.578656
1763,traditional,0.069856,0.348160,0.175104,0.593120
1764,traditional,0.069632,0.327680,0.162816,0.560128
1765,traditional,0.072256,0.314368,0.162816,0.549440
1766,traditional,0.072992,0.329728,0.162816,0.565536
1767,traditional,0.081856,0.317440,0.174080,0.573376
1768,traditional,0.069536,0.343040,0.161792,0.574368
1769,traditional,0.070560,0.334848,0.161792,0.567200
1770,traditional,0.069440,0.323584,0.164864,0.557888
1771,traditional,0.069728,0.334848,0.161792,0.566368
1772,traditional,0.074080,0.332800,0.165888,0.572768
1773,traditional,0.080192,0.320512,0.173056,0.573760
1774,traditional,0.075712,0.325632,0.174080,0.575424
1775,traditional,0.069888,0.336896,0.161792,0.568576
1776,traditional,0.069504,0.334848,0.161792,0.566144
1777,traditional,0.071104,0.354304,0.162816,0.588224
1778,traditional,0.070464,0.313344,0.164864,0.548672
1779,traditional,0.076640,0.315392,0.161792,0.553824
1780,traditional,0.068896,0.324608,0.163840,0.557344
1781,traditional,0.074976,0.344064,0.165888,0.584928
1782,traditional,0.070400,0.339968,0.162816,0.573184
1783,traditional,0.068896,0.322560,0.165888,0.557344
1784,traditional,0.070432,0.311296,0.161792,0.543520
1785,traditional,0.073024,0.313344,0.161792,0.548160
1786,traditional,0.069472,0.323584,0.162816,0.555872
1787,traditional,0.074432,0.319488,0.161792,0.555712
1788,traditional,0.070112,0.326656,0.160768,0.557536
1789,traditional,0.081344,0.310272,0.161792,0.553408
1790,traditional,0.082112,0.343040,0.161792,0.586944
1791,traditional,0.076448,0.313344,0.161792,0.551584
1792,traditional,0.072704,0.312320,0.161792,0.546816
1793,traditional,0.073856,0.318464,0.165888,0.558208
1794,traditional,0.078080,0.317440,0.163840,0.559360
1795,traditional,0.069312,0.324608,0.161792,0.555712
1796,traditional,0.069088,0.311296,0.161792,0.542176
1797,traditional,0.072704,0.331776,0.161792,0.566272
1798,traditional,0.070208,0.316416,0.161792,0.548416
1799,traditional,0.080704,0.334848,0.161792,0.577344
1800,traditional,0.073024,0.320512,0.164864,0.558400
1801,traditional,0.069248,0.312320,0.161792,0.543360
1802,traditional,0.072480,0.320512,0.161792,0.554784
1803,traditional,0.070016,0.311296,0.161792,0.543104
1804,traditional,0.069600,0.323584,0.164864,0.558048
1805,traditional,0.069760,0.306176,0.161792,0.537728
1806,traditional,0.069984,0.307200,0.165888,0.543072
1807,traditional,0.071584,0.307200,0.161792,0.540576
1808,traditional,0.069600,0.320512,0.161792,0.551904
1809,traditional,0.074912,0.318464,0.164864,0.558240
1810,traditional,0.068928,0.323584,0.164864,0.557376
1811,traditional,0.069760,0.329728,0.167936,0.567424
1812,traditional,0.080480,0.339968,0.160768,0.581216
1813,traditional,0.073184,0.316416,0.161792,0.551392
1814,traditional,0.069408,0.310272,0.165888,0.545568
1815,traditional,0.080736,0.306176,0.161792,0.548704
1816,traditional,0.068512,0.337920,0.161792,0.568224
1817,traditional,0.071168,0.313344,0.161792,0.546304
1818,traditional,0.080320,0.345088,0.161792,0.587200
1819,traditional,0.069504,0.320512,0.160768,0.550784
1820,traditional,0.073472,0.301056,0.164864,0.539392
1821,traditional,0.068288,0.303104,0.169984,0.541376
1822,traditional,0.072832,0.330752,0.174080,0.577664
1823,traditional,0.069728,0.316416,0.161792,0.547936
1824,traditional,0.074112,0.331776,0.162816,0.568704
1825,traditional,0.082048,0.303104,0.187392,0.572544
1826,traditional,0.074176,0.322560,0.164864,0.561600
1827,traditional,0.069536,0.319488,0.161792,0.550816
1828,traditional,0.077824,0.318464,0.161792,0.558080
1829,traditional,0.069728,0.311296,0.373760,0.754784
1830,traditional,0.070272,0.322560,0.161792,0.554624
1831,traditional,0.081440,0.329728,0.161792,0.572960
1832,traditional,0.073728,0.321536,0.173056,0.568320
1833,traditional,0.069952,0.302080,0.161792,0.533824
1834,traditional,0.069056,0.310272,0.161792,0.541120
1835,traditional,0.068544,0.303104,0.161792,0.533440
1836,traditional,0.073408,0.330752,0.172032,0.576192
1837,traditional,0.069856,0.304128,0.172032,0.546016
1838,traditional,0.071680,0.323584,0.164864,0.560128
1839,traditional,0.069504,0.314368,0.162816,0.546688
1840,traditional,0.073536,0.326656,0.164864,0.565056
1841,traditional,0.076000,0.317440,0.353280,0.746720
1842,traditional,0.076576,0.318464,0.160768,0.555808
1843,traditional,0.080096,0.312320,0.161792,0.554208
1844,traditional,0.081536,0.345088,0.197632,0.624256
1845,traditional,0.070208,0.317440,0.164864,0.552512
1846,traditional,0.069248,0.332800,0.169984,0.572032
1847,traditional,0.079552,0.333824,0.188416,0.601792
1848,traditional,0.081056,0.310272,0.173056,0.564384
1849,traditional,0.070752,0.313344,0.174080,0.558176
1850,traditional,0.081664,0.313344,0.161792,0.556800
1851,traditional,0.074016,0.336896,0.162816,0.573728
1852,traditional,0.074592,0.337920,0.161792,0.574304
1853,traditional,0.069472,0.317440,0.161792,0.548704
1854,traditional,0.080224,0.310272,0.166912,0.557408
1855,traditional,0.070080,0.307200,0.161792,0.539072
1856,traditional,0.069280,0.315392,0.160768,0.545440
1857,traditional,0.073504,0.327680,0.163840,0.565024
1858,traditional,0.075776,0.325632,0.174080,0.575488
1859,traditional,0.070560,0.322560,0.173056,0.566176
1860,traditional,0.070144,0.316416,0.161792,0.548352
1861,traditional,0.077024,0.330752,0.162816,0.570592
1862,traditional,0.070432,0.313344,0.161792,0.545568
1863,traditional,0.072576,0.307200,0.165888,0.545664
1864,traditional,0.069856,0.332800,0.161792,0.564448
1865,traditional,0.070336,0.332800,0.162816,0.565952
1866,traditional,0.069088,0.325632,0.161792,0.556512
1867,traditional,0.069248,0.307200,0.165888,0.542336
1868,traditional,0.069600,0.318464,0.164864,0.552928
1869,traditional,0.082880,0.325632,0.161792,0.570304
1870,traditional,0.070560,0.319488,0.164864,0.554912
1871,traditional,0.068864,0.317440,0.161792,0.548096
1872,traditional,0.068608,0.318464,0.162816,0.549888
1873,traditional,0.070432,0.321536,0.164864,0.556832
1874,traditional,0.068768,0.317440,0.174080,0.560288
1875,traditional,0.069760,0.324608,0.163840,0.558208
1876,traditional,0.069888,0.325632,0.187392,0.582912
1877,traditional,0.072224,0.324608,0.174080,0.570912
1878,traditional,0.082528,0.324608,0.162816,0.569952
1879,traditional,0.070688,0.318464,0.175104,0.564256
1880,traditional,0.068896,0.310272,0.162816,0.541984
1881,traditional,0.074976,0.321536,0.162816,0.559328
1882,traditional,0.071072,0.338944,0.196608,0.606624
1883,traditional,0.070080,0.322560,0.162816,0.555456
1884,traditional,0.069856,0.356352,0.164864,0.591072
1885,traditional,0.069664,0.329728,0.168960,0.568352
1886,traditional,0.081632,0.319488,0.161792,0.562912
1887,traditional,0.069472,0.322560,0.161792,0.553824
1888,traditional,0.080448,0.316416,0.188416,0.585280
1889,traditional,0.069280,0.319488,0.165888,0.554656
1890,traditional,0.073344,0.325632,0.168960,0.567936
1891,traditional,0.069056,0.360448,0.183296,0.612800
1892,traditional,0.081472,0.604160,0.166912,0.852544
1893,traditional,0.071936,0.314368,0.161792,0.548096
1894,traditional,0.073152,0.323584,0.161792,0.558528
1895,traditional,0.077504,0.328704,0.188416,0.594624
1896,traditional,0.073472,0.352256,0.184320,0.610048
1897,traditional,0.075552,0.313344,0.161792,0.550688
1898,traditional,0.069568,0.326656,0.185344,0.581568
1899,traditional,0.068768,0.314368,0.162816,0.545952
1900,traditional,0.070336,0.318464,0.166912,0.555712
1901,traditional,0.069248,0.321536,0.161792,0.552576
1902,traditional,0.070112,0.318464,0.161792,0.550368
1903,traditional,0.073856,0.321536,0.164864,0.560256
1904,traditional,0.070080,0.309248,0.164864,0.544192
1905,traditional,0.069408,0.323584,0.161792,0.554784
1906,traditional,0.069920,0.322560,0.161792,0.554272
1907,traditional,0.070400,0.318464,0.161792,0.550656
1908,traditional,0.072832,0.309248,0.172032,0.554112
1909,traditional,0.077856,0.321536,0.161792,0.561184
1910,traditional,0.069952,0.319488,0.161792,0.551232
1911,traditional,0.070240,0.314368,0.161792,0.546400
1912,traditional,0.070240,0.327680,0.164864,0.562784
1913,traditional,0.070112,0.334848,0.162816,0.567776
1914,traditional,0.080224,0.314368,0.161792,0.556384
1915,traditional,0.069280,0.315392,0.162816,0.547488
1916,traditional,0.070016,0.310272,0.161792,0.542080
1917,traditional,0.081440,0.334848,0.166912,0.583200
1918,traditional,0.070144,0.310272,0.164864,0.545280
1919,traditional,0.069280,0.324608,0.164864,0.558752
1920,traditional,0.070496,0.325632,0.162816,0.558944
1921,traditional,0.069696,0.308224,0.162816,0.540736
1922,traditional,0.073952,0.496640,0.188416,0.759008
1923,traditional,0.068992,0.309248,0.174080,0.552320
1924,traditional,0.068736,0.312320,0.174080,0.555136
1925,traditional,0.071488,0.313344,0.163840,0.548672
1926,traditional,0.069568,0.333824,0.375808,0.779200
1927,traditional,0.071488,0.324608,0.161792,0.557888
1928,traditional,0.069248,0.314368,0.161792,0.545408
1929,traditional,0.071360,0.314368,0.165888,0.551616
1930,traditional,0.070112,0.327680,0.173056,0.570848
1931,traditional,0.075616,0.320512,0.163840,0.559968
1932,traditional,0.071968,0.322560,0.161792,0.556320
1933,traditional,0.071456,0.310272,0.164864,0.546592
1934,traditional,0.073152,0.322560,0.161792,0.557504
1935,traditional,0.072192,0.495616,0.164864,0.732672
1936,traditional,0.070304,0.311296,0.164864,0.546464
1937,traditional,0.081824,0.316416,0.161792,0.560032
1938,traditional,0.071072,0.490496,0.177152,0.738720
1939,traditional,0.081568,0.316416,0.161792,0.559776
1940,traditional,0.069760,0.321536,0.160768,0.552064
1941,traditional,0.068896,0.320512,0.161792,0.551200
1942,traditional,0.070336,0.315392,0.420864,0.806592
1943,traditional,0.070368,0.323584,0.349184,0.743136
1944,traditional,0.070400,0.329728,0.195584,0.595712
1945,traditional,0.076672,0.321536,0.444416,0.842624
1946,traditional,0.094592,0.330752,0.161792,0.587136
1947,traditional,0.069376,0.321536,0.161792,0.552704
1948,traditional,0.070304,0.329728,0.169984,0.570016
1949,traditional,0.069952,0.317440,0.161792,0.549184
1950,traditional,0.080032,0.310272,0.161792,0.552096
1951,traditional,0.074080,0.357376,0.162816,0.594272
1952,traditional,0.070272,0.323584,0.161792,0.555648
1953,traditional,0.070976,0.312320,0.166912,0.550208
1954,traditional,0.075040,0.328704,0.188416,0.592160
1955,traditional,0.069568,0.313344,0.161792,0.544704
1956,traditional,0.069088,0.327680,0.160768,0.557536
1957,traditional,0.079008,0.343040,0.161792,0.583840
1958,traditional,0.069056,0.311296,0.163840,0.544192
1959,traditional,0.080256,0.309248,0.162816,0.552320
1960,traditional,0.069984,0.344064,0.162816,0.576864
1961,traditional,0.069632,0.327680,0.195584,0.592896
1962,traditional,0.069184,0.311296,0.187392,0.567872
1963,traditional,0.072864,0.327680,0.173056,0.573600
1964,traditional,0.069920,0.374784,0.161792,0.606496
1965,traditional,0.071360,0.369664,0.161792,0.602816
1966,traditional,0.069568,0.316416,0.161792,0.547776
1967,traditional,0.069056,0.321536,0.161792,0.552384
1968,traditional,0.074560,0.335872,0.165888,0.576320
1969,traditional,0.069408,0.314368,0.162816,0.546592
1970,traditional,0.069440,0.327680,0.171008,0.568128
1971,traditional,0.076320,0.322560,0.161792,0.560672
1972,traditional,0.075200,0.343040,0.188416,0.606656
1973,traditional,0.090464,0.323584,0.167936,0.581984
1974,traditional,0.070848,0.331776,0.172032,0.574656
1975,traditional,0.075168,0.342016,0.179200,0.596384
1976,traditional,0.072704,0.315392,0.162816,0.550912
1977,traditional,0.069120,0.318464,0.161792,0.549376
1978,traditional,0.069344,0.310272,0.431104,0.810720
1979,traditional,0.074272,0.336896,0.161792,0.572960
1980,traditional,0.081824,0.325632,0.162816,0.570272
1981,traditional,0.074912,0.332800,0.165888,0.573600
1982,traditional,0.096416,0.325632,0.162816,0.584864
1983,traditional,0.068512,0.311296,0.161792,0.541600
1984,traditional,0.069952,0.310272,0.334848,0.715072
1985,traditional,0.073920,0.317440,0.172032,0.563392
1986,traditional,0.076736,0.323584,0.195584,0.595904
1987,traditional,0.071488,0.336896,0.161792,0.570176
1988,traditional,0.068384,0.310272,0.161792,0.540448
1989,traditional,0.078528,0.317440,0.162816,0.558784
1990,traditional,0.073888,0.351232,0.166912,0.592032
1991,traditional,0.072928,0.327680,0.175104,0.575712
1992,traditional,0.072000,0.314368,0.161792,0.548160
1993,traditional,0.074368,0.318464,0.161792,0.554624
1994,traditional,0.069280,0.333824,0.161792,0.564896
1995,traditional,0.073760,0.321536,0.161792,0.557088
1996,traditional,0.068864,0.327680,0.161792,0.558336
1997,traditional,0.081056,0.316416,0.165888,0.563360
1998,traditional,0.087776,0.323584,0.164864,0.576224
1999,traditional,0.070656,0.331776,0.185344,0.587776
2000,traditional,0.078400,0.551936,0.164864,0.795200
2001,traditional,0.073760,0.332800,0.162816,0.569376
2002,traditional,0.077696,0.311296,0.161792,0.550784
2003,traditional,0.069152,0.318464,0.161792,0.549408
2004,traditional,0.073280,0.320512,0.198656,0.592448
2005,traditional,0.073728,0.331776,0.168960,0.574464
2006,traditional,0.069792,0.309248,0.164864,0.543904
2007,traditional,0.074784,0.325632,0.163840,0.564256
2008,traditional,0.073856,0.323584,0.188416,0.585856
2009,traditional,0.068832,0.324608,0.171008,0.564448
2010,traditional,0.068832,0.310272,0.173056,0.552160
2011,traditional,0.070944,0.334848,0.161792,0.567584
2012,traditional,0.069184,0.329728,0.161792,0.560704
2013,traditional,0.069824,0.320512,0.171008,0.561344
2014,traditional,0.074816,0.322560,0.174080,0.571456
2015,traditional,0.082752,0.332800,0.185344,0.600896
2016,traditional,0.075552,0.312320,0.161792,0.549664
2017,traditional,0.076992,0.312320,0.431104,0.820416
2018,traditional,0.070240,0.331776,0.368640,0.770656
2019,traditional,0.069632,0.329728,0.161792,0.561152
2020,traditional,0.070048,0.312320,0.161792,0.544160
2021,traditional,0.074560,0.329728,0.166912,0.571200
2022,traditional,0.069344,0.318464,0.162816,0.550624
2023,traditional,0.087424,0.324608,0.162816,0.574848
2024,traditional,0.082016,0.316416,0.187392,0.585824
2025,traditional,0.081824,0.312320,0.165888,0.560032
2026,traditional,0.069728,0.324608,0.381952,0.776288
2027,traditional,0.069600,0.323584,0.161792,0.554976
2028,traditional,0.070048,0.321536,0.174080,0.565664
2029,traditional,0.069248,0.321536,0.174080,0.564864
2030,traditional,0.073408,0.343040,0.174080,0.590528
2031,traditional,0.073664,0.333824,0.165888,0.573376
2032,traditional,0.070720,0.320512,0.161792,0.553024
2033,traditional,0.081536,0.334848,0.165888,0.582272
2034,traditional,0.076032,0.316416,0.174080,0.566528
2035,traditional,0.072480,0.325632,0.162816,0.560928
2036,traditional,0.073952,0.323584,0.162816,0.560352
2037,traditional,0.069984,0.311296,0.174080,0.555360
2038,traditional,0.069152,0.315392,0.161792,0.546336
2039,traditional,0.094336,0.314368,0.162816,0.571520
2040,traditional,0.072704,0.309248,0.174080,0.556032
2041,traditional,0.072448,0.329728,0.194560,0.596736
2042,traditional,0.070272,0.314368,0.183296,0.567936
2043,traditional,0.069696,0.315392,0.161792,0.546880
2044,traditional,0.069856,0.321536,0.162816,0.554208
2045,traditional,0.070272,0.320512,0.164864,0.555648
2046,traditional,0.078112,0.367616,0.189440,0.635168
2047,traditional,0.069696,0.328704,0.165888,0.564288
2048,traditional,0.092736,0.323584,0.164864,0.581184
2049,traditional,0.070304,0.311296,0.165888,0.547488
2050,traditional,0.069856,0.324608,0.164864,0.559328
2051,traditional,0.070240,0.309248,0.169984,0.549472
2052,traditional,0.070336,0.333824,0.164864,0.569024
2053,traditional,0.070080,0.330752,0.161792,0.562624
2054,traditional,0.079040,0.354304,0.161792,0.595136
2055,traditional,0.075104,0.339968,0.165888,0.580960
2056,traditional,0.069536,0.320512,0.188416,0.578464
2057,traditional,0.073024,0.324608,0.325632,0.723264
2058,traditional,0.069728,0.351232,0.161792,0.582752
2059,traditional,0.076576,0.312320,0.161792,0.550688
2060,traditional,0.071808,0.313344,0.352256,0.737408
2061,traditional,0.075200,0.315392,0.161792,0.552384
2062,traditional,0.069568,0.339968,0.161792,0.571328
2063,traditional,0.099104,0.336896,0.162816,0.598816
2064,traditional,0.069312,0.354304,0.171008,0.594624
2065,traditional,0.072928,0.309248,0.164864,0.547040
2066,traditional,0.068800,0.331776,0.160768,0.561344
2067,traditional,0.071296,0.322560,0.175104,0.568960
2068,traditional,0.081856,0.309248,0.164864,0.555968
2069,traditional,0.069728,0.328704,0.161792,0.560224
2070,traditional,0.069632,0.328704,0.164864,0.563200
2071,traditional,0.070176,0.601088,0.184320,0.855584
2072,traditional,0.085888,0.336896,0.162816,0.585600
2073,traditional,0.081376,0.330752,0.174080,0.586208
2074,traditional,0.070080,0.317440,0.439296,0.826816
2075,traditional,0.080800,0.328704,0.162816,0.572320
2076,traditional,0.085952,0.321536,0.165888,0.573376
2077,traditional,0.077600,0.330752,0.169984,0.578336
2078,traditional,0.070080,0.311296,0.165888,0.547264
2079,traditional,0.069280,0.336896,0.162816,0.568992
2080,traditional,0.070272,0.317440,0.162816,0.550528
2081,traditional,0.076256,0.355328,0.162816,0.594400
2082,traditional,0.072992,0.323584,0.161792,0.558368
2083,traditional,0.091488,0.315392,0.162816,0.569696
2084,traditional,0.069504,0.314368,0.160768,0.544640
2085,traditional,0.069312,0.328704,0.436224,0.834240
2086,traditional,0.070912,0.520192,0.188416,0.779520
2087,traditional,0.070304,0.340992,0.164864,0.576160
2088,traditional,0.069952,0.316416,0.161792,0.548160
2089,traditional,0.082816,0.324608,0.164864,0.572288
2090,traditional,0.070592,0.322560,0.162816,0.555968
2091,traditional,0.076864,0.335872,0.162816,0.575552
2092,traditional,0.070368,0.324608,0.161792,0.556768
2093,traditional,0.070208,0.508928,0.199680,0.778816
2094,traditional,0.073536,0.330752,0.174080,0.578368
2095,traditional,0.070176,0.339968,0.161792,0.571936
2096,traditional,0.068928,0.315392,0.162816,0.547136
2097,traditional,0.083232,0.347136,0.175104,0.605472
2098,traditional,0.069536,0.332800,0.188416,0.590752
2099,traditional,0.069312,0.313344,0.165888,0.548544
2100,traditional,0.075136,0.318464,0.162816,0.556416
