frame,renderPath,shadowMs,sceneMs,postProcessMs,frameMs
1,traditional,0.078752,1.124352,0.259072,1.462176
2,traditional,0.082560,1.149952,0.331776,1.564288
3,traditional,0.088864,1.169408,0.332800,1.591072
4,traditional,0.078336,1.601536,0.333824,2.013696
5,traditional,0.082688,1.135616,0.334848,1.553152
6,traditional,0.080160,1.140736,0.330752,1.551648
7,traditional,0.080864,0.373760,0.180224,0.634848
8,traditional,0.078432,0.377856,0.185344,0.641632
9,traditional,0.085120,0.361472,0.191488,0.638080
10,traditional,0.076736,0.372736,0.187392,0.636864
11,traditional,0.078592,0.359424,0.180224,0.618240
12,traditional,0.080032,0.353280,0.179200,0.612512
13,traditional,0.078560,0.362496,0.205824,0.646880
14,traditional,0.076672,0.365568,0.179200,0.621440
15,traditional,0.076480,0.347136,0.190464,0.614080
16,traditional,0.077472,0.361472,0.190464,0.629408
17,traditional,0.076544,0.373760,0.204800,0.655104
18,traditional,0.080224,0.376832,0.181248,0.638304
19,traditional,0.084864,0.365568,0.184320,0.634752
20,traditional,0.083616,0.354304,0.191488,0.629408
21,traditional,0.076416,0.346112,0.182272,0.604800
22,traditional,0.076576,0.348160,0.179200,0.603936
23,traditional,0.087872,0.353280,0.183296,0.624448
24,traditional,0.079392,0.355328,0.179200,0.613920
25,traditional,0.076928,0.366592,0.180224,0.623744
26,traditional,0.075840,0.360448,0.185344,0.621632
27,traditional,0.075744,0.361472,0.180224,0.617440
28,traditional,0.076384,0.367616,0.179200,0.623200
29,traditional,0.080384,0.348160,0.190464,0.619008
30,traditional,0.076544,0.357376,0.178176,0.612096
31,traditional,0.076544,0.362496,0.183296,0.622336
32,traditional,0.082688,0.396288,0.184320,0.663296
33,traditional,0.092480,0.392192,0.202752,0.687424
34,traditional,0.080224,0.348160,0.179200,0.607584
35,traditional,0.077376,0.355328,0.179200,0.611904
36,traditional,0.080416,0.358400,0.183296,0.622112
37,traditional,0.075488,0.346112,0.179200,0.600800
38,traditional,0.076832,0.351232,0.179200,0.607264
39,traditional,0.076000,0.346112,0.183296,0.605408
40,traditional,0.076992,0.358400,0.182272,0.617664
41,traditional,0.075520,0.362496,0.180224,0.618240
42,traditional,0.076768,0.348160,0.179200,0.604128
43,traditional,0.076448,0.347136,0.179200,0.602784
44,traditional,0.076768,0.345088,0.179200,0.601056
45,traditional,0.078848,0.363520,0.179200,0.621568
46,traditional,0.080096,0.370688,0.179200,0.629984
47,traditional,0.082752,0.361472,0.182272,0.626496
48,traditional,0.076896,0.345088,0.178176,0.600160
49,traditional,0.076160,0.384000,0.184320,0.644480
50,traditional,0.076128,0.349184,0.178176,0.603488
51,traditional,0.075072,0.351232,0.178176,0.604480
52,traditional,0.076224,0.345088,0.179200,0.600512
53,traditional,0.077664,0.349184,0.179200,0.606048
54,traditional,0.077248,0.346112,0.178176,0.601536
55,traditional,0.077472,0.348160,0.179200,0.604832
56,traditional,0.076640,0.345088,0.182272,0.604000
57,traditional,0.077120,0.348160,0.179200,0.604480
58,traditional,0.077280,0.348160,0.178176,0.603616
59,traditional,0.077664,0.348160,0.179200,0.605024
60,traditional,0.076608,0.351232,0.181248,0.609088
61,traditional,0.079200,0.357376,0.178176,0.614752
62,traditional,0.076608,0.354304,0.179200,0.610112
63,traditional,0.078272,0.349184,0.179200,0.606656
64,traditional,0.076160,0.348160,0.179200,0.603520
65,traditional,0.077824,0.350208,0.183296,0.611328
66,traditional,0.076448,0.364544,0.190464,0.631456
67,traditional,0.076256,0.370688,0.179200,0.626144
68,traditional,0.076096,0.352256,0.184320,0.612672
69,traditional,0.079712,0.359424,0.179200,0.618336
70,traditional,0.087904,0.346112,0.182272,0.616288
71,traditional,0.080928,0.346112,0.179200,0.606240
72,traditional,0.076320,0.351232,0.178176,0.605728
73,traditional,0.076896,0.359424,0.190464,0.626784
74,traditional,0.076544,0.349184,0.179200,0.604928
75,traditional,0.076320,0.380928,0.187392,0.644640
76,traditional,0.076512,0.364544,0.178176,0.619232
77,traditional,0.080448,0.348160,0.179200,0.607808
78,traditional,0.076736,0.352256,0.178176,0.607168
79,traditional,0.099136,0.354304,0.179200,0.632640
80,traditional,0.076128,0.354304,0.178176,0.608608
81,traditional,0.077376,0.350208,0.179200,0.606784
82,traditional,0.076608,0.347136,0.191488,0.615232
83,traditional,0.078400,0.349184,0.179200,0.606784
84,traditional,0.080032,0.350208,0.179200,0.609440
85,traditional,0.076032,0.370688,0.180224,0.626944
86,traditional,0.079168,0.363520,0.179200,0.621888
87,traditional,0.092320,0.365568,0.184320,0.642208
88,traditional,0.075616,0.351232,0.191488,0.618336
89,traditional,0.076800,0.351232,0.179200,0.607232
90,traditional,0.076160,0.360448,0.178176,0.614784
91,traditional,0.083424,0.358400,0.185344,0.627168
92,traditional,0.080416,0.345088,0.203776,0.629280
93,traditional,0.079584,0.368640,0.165888,0.614112
94,traditional,0.073344,0.321536,0.161792,0.556672
95,traditional,0.068160,0.318464,0.168960,0.555584
96,traditional,0.069248,0.348160,0.173056,0.590464
97,traditional,0.069568,0.314368,0.175104,0.559040
98,traditional,0.074176,0.321536,0.164864,0.560576
99,traditional,0.072032,0.310272,0.161792,0.544096
100,traditional,0.069472,0.328704,0.168960,0.567136
101,traditional,0.069920,0.316416,0.162816,0.549152
102,traditional,0.075584,0.313344,0.187392,0.576320
103,traditional,0.080192,0.353280,0.162816,0.596288
104,traditional,0.069664,0.316416,0.169984,0.556064
105,traditional,0.080928,0.324608,0.161792,0.567328
106,traditional,0.073440,0.317440,0.162816,0.553696
107,traditional,0.069824,0.325632,0.163840,0.559296
108,traditional,0.071008,0.327680,0.169984,0.568672
109,traditional,0.069952,0.344064,0.162816,0.576832
110,traditional,0.072576,0.326656,0.171008,0.570240
111,traditional,0.074528,0.352256,0.162816,0.589600
112,traditional,0.069600,0.311296,0.172032,0.552928
113,traditional,0.068288,0.321536,0.161792,0.551616
114,traditional,0.070016,0.323584,0.185344,0.578944
115,traditional,0.069504,0.324608,0.162816,0.556928
116,traditional,0.072608,0.325632,0.161792,0.560032
117,traditional,0.068960,0.312320,0.161792,0.543072
118,traditional,0.070048,0.326656,0.161792,0.558496
119,traditional,0.075616,0.314368,0.161792,0.551776
120,traditional,0.068992,0.310272,0.162816,0.542080
121,traditional,0.069760,0.310272,0.165888,0.545920
122,traditional,0.068640,0.315392,0.164864,0.548896
123,traditional,0.081248,0.327680,0.161792,0.570720
124,traditional,0.079808,0.322560,0.162816,0.565184
125,traditional,0.068864,0.314368,0.162816,0.546048
126,traditional,0.070016,0.310272,0.163840,0.544128
127,traditional,0.072160,0.310272,0.161792,0.544224
128,traditional,0.069344,0.320512,0.167936,0.557792
129,traditional,0.072320,0.311296,0.165888,0.549504
130,traditional,0.072288,0.310272,0.161792,0.544352
131,traditional,0.072768,0.322560,0.161792,0.557120
132,traditional,0.069472,0.344064,0.162816,0.576352
133,traditional,0.071040,0.325632,0.161792,0.558464
134,traditional,0.069920,0.310272,0.160768,0.540960
135,traditional,0.073728,0.313344,0.174080,0.561152
136,traditional,0.069088,0.311296,0.161792,0.542176
137,traditional,0.087040,0.333824,0.161792,0.582656
138,traditional,0.069312,0.323584,0.161792,0.554688
139,traditional,0.068576,0.316416,0.161792,0.546784
140,traditional,0.081056,0.314368,0.161792,0.557216
141,traditional,0.069632,0.312320,0.161792,0.543744
142,traditional,0.068896,0.310272,0.161792,0.540960
143,traditional,0.069152,0.316416,0.162816,0.548384
144,traditional,0.069888,0.311296,0.161792,0.542976
145,traditional,0.069248,0.323584,0.174080,0.566912
146,traditional,0.069504,0.310272,0.164864,0.544640
147,traditional,0.068608,0.335872,0.175104,0.579584
148,traditional,0.080128,0.316416,0.161792,0.558336
149,traditional,0.069696,0.317440,0.162816,0.549952
150,traditional,0.070880,0.316416,0.376832,0.764128
151,traditional,0.073344,0.325632,0.162816,0.561792
152,traditional,0.073984,0.310272,0.162816,0.547072
153,traditional,0.071776,0.318464,0.161792,0.552032
154,traditional,0.070048,0.310272,0.161792,0.542112
155,traditional,0.068992,0.332800,0.172032,0.573824
156,traditional,0.069856,0.323584,0.174080,0.567520
157,traditional,0.069088,0.322560,0.161792,0.553440
158,traditional,0.069376,0.325632,0.161792,0.556800
159,traditional,0.069504,0.325632,0.161792,0.556928
160,traditional,0.069984,0.315392,0.164864,0.550240
161,traditional,0.069408,0.311296,0.161792,0.542496
162,traditional,0.069632,0.321536,0.161792,0.552960
163,traditional,0.073376,0.318464,0.161792,0.553632
164,traditional,0.072512,0.318464,0.161792,0.552768
165,traditional,0.068640,0.330752,0.161792,0.561184
166,traditional,0.080384,0.325632,0.161792,0.567808
167,traditional,0.081536,0.328704,0.175104,0.585344
168,traditional,0.072576,0.312320,0.174080,0.558976
169,traditional,0.069440,0.314368,0.166912,0.550720
170,traditional,0.069408,0.309248,0.174080,0.552736
171,traditional,0.071584,0.316416,0.163840,0.551840
172,traditional,0.070144,0.315392,0.335872,0.721408
173,traditional,0.069568,0.311296,0.162816,0.543680
174,traditional,0.069152,0.322560,0.161792,0.553504
175,traditional,0.069216,0.335872,0.165888,0.570976
176,traditional,0.072160,0.320512,0.169984,0.562656
177,traditional,0.070336,0.323584,0.175104,0.569024
178,traditional,0.074336,0.317440,0.162816,0.554592
179,traditional,0.069376,0.318464,0.162816,0.550656
180,traditional,0.081888,0.316416,0.166912,0.565216
181,traditional,0.069280,0.316416,0.175104,0.560800
182,traditional,0.070080,0.316416,0.161792,0.548288
183,traditional,0.068800,0.356352,0.162816,0.587968
184,traditional,0.069600,0.318464,0.164864,0.552928
185,traditional,0.079648,0.326656,0.161792,0.568096
186,traditional,0.069408,0.315392,0.164864,0.549664
187,traditional,0.071808,0.318464,0.168960,0.559232
188,traditional,0.068896,0.323584,0.161792,0.554272
189,traditional,0.069664,0.320512,0.165888,0.556064
190,traditional,0.069088,0.321536,0.161792,0.552416
191,traditional,0.069440,0.313344,0.174080,0.556864
192,traditional,0.069664,0.330752,0.162816,0.563232
193,traditional,0.073664,0.331776,0.162816,0.568256
194,traditional,0.069568,0.319488,0.161792,0.550848
195,traditional,0.069056,0.340992,0.162816,0.572864
196,traditional,0.069280,0.317440,0.161792,0.548512
197,traditional,0.072512,0.329728,0.169984,0.572224
198,traditional,0.069184,0.314368,0.161792,0.545344
199,traditional,0.075360,0.317440,0.172032,0.564832
200,traditional,0.068800,0.310272,0.161792,0.540864
201,traditional,0.068064,0.323584,0.161792,0.553440
202,traditional,0.069536,0.310272,0.161792,0.541600
203,traditional,0.068672,0.324608,0.161792,0.555072
204,traditional,0.069760,0.313344,0.174080,0.557184
205,traditional,0.070368,0.324608,0.161792,0.556768
206,traditional,0.073920,0.318464,0.183296,0.575680
207,traditional,0.068512,0.311296,0.161792,0.541600
208,traditional,0.069088,0.339968,0.164864,0.573920
209,traditional,0.069440,0.321536,0.162816,0.553792
210,traditional,0.069632,0.310272,0.161792,0.541696
211,traditional,0.067968,0.320512,0.161792,0.550272
212,traditional,0.069184,0.310272,0.161792,0.541248
213,traditional,0.068384,0.325632,0.161792,0.555808
214,traditional,0.069888,0.335872,0.164864,0.570624
215,traditional,0.068768,0.313344,0.161792,0.543904
216,traditional,0.073312,0.320512,0.161792,0.555616
217,traditional,0.068832,0.313344,0.162816,0.544992
218,traditional,0.080128,0.319488,0.184320,0.583936
219,traditional,0.077888,0.311296,0.162816,0.552000
220,traditional,0.068928,0.321536,0.174080,0.564544
221,traditional,0.068672,0.310272,0.162816,0.541760
222,traditional,0.076864,0.344064,0.185344,0.606272
223,traditional,0.069280,0.322560,0.162816,0.554656
224,traditional,0.071904,0.312320,0.368640,0.752864
225,traditional,0.070592,0.322560,0.162816,0.555968
226,traditional,0.068672,0.311296,0.161792,0.541760
227,traditional,0.069792,0.312320,0.161792,0.543904
228,traditional,0.068992,0.312320,0.161792,0.543104
229,traditional,0.070688,0.310272,0.161792,0.542752
230,traditional,0.068672,0.312320,0.161792,0.542784
231,traditional,0.072576,0.316416,0.161792,0.550784
232,traditional,0.069280,0.320512,0.161792,0.551584
233,traditional,0.072896,0.329728,0.162816,0.565440
234,traditional,0.069984,0.314368,0.161792,0.546144
235,traditional,0.069536,0.311296,0.162816,0.543648
236,traditional,0.069472,0.313344,0.168960,0.551776
237,traditional,0.068256,0.313344,0.162816,0.544416
238,traditional,0.073568,0.310272,0.161792,0.545632
239,traditional,0.070592,0.315392,0.162816,0.548800
240,traditional,0.068608,0.311296,0.162816,0.542720
241,traditional,0.069952,0.318464,0.175104,0.563520
242,traditional,0.070144,0.311296,0.164864,0.546304
243,traditional,0.079744,0.314368,0.162816,0.556928
244,traditional,0.083008,0.315392,0.161792,0.560192
245,traditional,0.070528,0.325632,0.163840,0.560000
246,traditional,0.068864,0.331776,0.161792,0.562432
247,traditional,0.069984,0.312320,0.161792,0.544096
248,traditional,0.081280,0.318464,0.162816,0.562560
249,traditional,0.071680,0.316416,0.165888,0.553984
250,traditional,0.069792,0.318464,0.165888,0.554144
251,traditional,0.069504,0.311296,0.162816,0.543616
252,traditional,0.069568,0.325632,0.168960,0.564160
253,traditional,0.070048,0.334848,0.162816,0.567712
254,traditional,0.093888,0.325632,0.165888,0.585408
255,traditional,0.070816,0.331776,0.163840,0.566432
256,traditional,0.073088,0.311296,0.161792,0.546176
257,traditional,0.069408,0.322560,0.162816,0.554784
258,traditional,0.072384,0.338944,0.161792,0.573120
259,traditional,0.069696,0.325632,0.175104,0.570432
260,traditional,0.069760,0.322560,0.161792,0.554112
261,traditional,0.069632,0.319488,0.161792,0.550912
262,traditional,0.070144,0.321536,0.162816,0.554496
263,traditional,0.070080,0.331776,0.162816,0.564672
264,traditional,0.073216,0.324608,0.165888,0.563712
265,traditional,0.068928,0.312320,0.165888,0.547136
266,traditional,0.075392,0.338944,0.161792,0.576128
267,traditional,0.072288,0.343040,0.164864,0.580192
268,traditional,0.070208,0.337920,0.165888,0.574016
269,traditional,0.069696,0.322560,0.168960,0.561216
270,traditional,0.069440,0.325632,0.162816,0.557888
271,traditional,0.069504,0.334848,0.162816,0.567168
272,traditional,0.081024,0.313344,0.174080,0.568448
273,traditional,0.081600,0.315392,0.162816,0.559808
274,traditional,0.068896,0.331776,0.162816,0.563488
275,traditional,0.072128,0.312320,0.165888,0.550336
276,traditional,0.068992,0.322560,0.164864,0.556416
277,traditional,0.070176,0.323584,0.175104,0.568864
278,traditional,0.069216,0.329728,0.162816,0.561760
279,traditional,0.072352,0.314368,0.163840,0.550560
280,traditional,0.076288,0.326656,0.165888,0.568832
281,traditional,0.069312,0.322560,0.166912,0.558784
282,traditional,0.069568,0.325632,0.164864,0.560064
283,traditional,0.069280,0.318464,0.163840,0.551584
284,traditional,0.072192,0.330752,0.162816,0.565760
285,traditional,0.069920,0.314368,0.166912,0.551200
286,traditional,0.068768,0.313344,0.187392,0.569504
287,traditional,0.069600,0.328704,0.163840,0.562144
288,traditional,0.068800,0.318464,0.162816,0.550080
289,traditional,0.083392,0.321536,0.162816,0.567744
290,traditional,0.069856,0.325632,0.173056,0.568544
291,traditional,0.078592,0.330752,0.162816,0.572160
292,traditional,0.069376,0.325632,0.165888,0.560896
293,traditional,0.069088,0.322560,0.167936,0.559584
294,traditional,0.069600,0.323584,0.165888,0.559072
295,traditional,0.069504,0.326656,0.163840,0.560000
296,traditional,0.069408,0.323584,0.161792,0.554784
297,traditional,0.068896,0.328704,0.165888,0.563488
298,traditional,0.082944,0.325632,0.184320,0.592896
299,traditional,0.069184,0.314368,0.169984,0.553536
300,traditional,0.076736,0.312320,0.161792,0.550848
301,traditional,0.082720,0.323584,0.175104,0.581408
302,traditional,0.069568,0.313344,0.161792,0.544704
303,traditional,0.068992,0.319488,0.168960,0.557440
304,traditional,0.069888,0.331776,0.162816,0.564480
305,traditional,0.068608,0.323584,0.163840,0.556032
306,traditional,0.073696,0.325632,0.161792,0.561120
307,traditional,0.078784,0.338944,0.187392,0.605120
308,traditional,0.069920,0.325632,0.161792,0.557344
309,traditional,0.076640,0.321536,0.176128,0.574304
310,traditional,0.069472,0.328704,0.174080,0.572256
311,traditional,0.074080,0.337920,0.169984,0.581984
312,traditional,0.070656,0.338944,0.186368,0.595968
313,traditional,0.080096,0.333824,0.168960,0.582880
314,traditional,0.069728,0.346112,0.162816,0.578656
315,traditional,0.069632,0.324608,0.161792,0.556032
316,traditional,0.069024,0.315392,0.175104,0.559520
317,traditional,0.080288,0.342016,0.163840,0.586144
318,traditional,0.070560,0.321536,0.165888,0.557984
319,traditional,0.069824,0.315392,0.183296,0.568512
320,traditional,0.081696,0.322560,0.161792,0.566048
321,traditional,0.081696,0.328704,0.176128,0.586528
322,traditional,0.069984,0.343040,0.162816,0.575840
323,traditional,0.093216,0.339968,0.161792,0.594976
324,traditional,0.069376,0.314368,0.161792,0.545536
325,traditional,0.082560,0.337920,0.162816,0.583296
326,traditional,0.069056,0.362496,0.162816,0.594368
327,traditional,0.069888,0.328704,0.162816,0.561408
328,traditional,0.089632,0.329728,0.161792,0.581152
329,traditional,0.070560,0.312320,0.162816,0.545696
330,traditional,0.068928,0.334848,0.195584,0.599360
331,traditional,0.069568,0.315392,0.162816,0.547776
332,traditional,0.080320,0.330752,0.161792,0.572864
333,traditional,0.071360,0.570368,0.176128,0.817856
334,traditional,0.070432,0.333824,0.167936,0.572192
335,traditional,0.069056,0.332800,0.162816,0.564672
336,traditional,0.076416,0.342016,0.161792,0.580224
337,traditional,0.083712,0.345088,0.164864,0.593664
338,traditional,0.070432,0.324608,0.162816,0.557856
339,traditional,0.077024,0.331776,0.161792,0.570592
340,traditional,0.069120,0.317440,0.331776,0.718336
341,traditional,0.099360,0.327680,0.162816,0.589856
342,traditional,0.069664,0.311296,0.162816,0.543776
343,traditional,0.068160,0.313344,0.175104,0.556608
344,traditional,0.087680,0.353280,0.163840,0.604800
345,traditional,0.069248,0.317440,0.162816,0.549504
346,traditional,0.078144,0.319488,0.165888,0.563520
347,traditional,0.069824,0.313344,0.165888,0.549056
348,traditional,0.069984,0.319488,0.165888,0.555360
349,traditional,0.068576,0.319488,0.166912,0.554976
350,traditional,0.070240,0.320512,0.165888,0.556640
351,traditional,0.069696,0.325632,0.165888,0.561216
352,traditional,0.069984,0.312320,0.163840,0.546144
353,traditional,0.075008,0.360448,0.163840,0.599296
354,traditional,0.069408,0.314368,0.162816,0.546592
355,traditional,0.081888,0.323584,0.162816,0.568288
356,traditional,0.081600,0.325632,0.176128,0.583360
357,traditional,0.068352,0.316416,0.162816,0.547584
358,traditional,0.081216,0.338944,0.174080,0.594240
359,traditional,0.069952,0.335872,0.162816,0.568640
360,traditional,0.074816,0.351232,0.165888,0.591936
361,traditional,0.069728,0.311296,0.192512,0.573536
362,traditional,0.069632,0.319488,0.161792,0.550912
363,traditional,0.068896,0.312320,0.162816,0.544032
364,traditional,0.087744,0.343040,0.162816,0.593600
365,traditional,0.069952,0.311296,0.162816,0.544064
366,traditional,0.075392,0.348160,0.169984,0.593536
367,traditional,0.071264,0.336896,0.162816,0.570976
368,traditional,0.070240,0.334848,0.161792,0.566880
369,traditional,0.069920,0.317440,0.175104,0.562464
370,traditional,0.077472,0.334848,0.174080,0.586400
371,traditional,0.071104,0.311296,0.165888,0.548288
372,traditional,0.069440,0.321536,0.168960,0.559936
373,traditional,0.070496,0.332800,0.167936,0.571232
374,traditional,0.069088,0.323584,0.161792,0.554464
375,traditional,0.070240,0.324608,0.161792,0.556640
376,traditional,0.069536,0.312320,0.165888,0.547744
377,traditional,0.069632,0.329728,0.167936,0.567296
378,traditional,0.070880,0.319488,0.167936,0.558304
379,traditional,0.082560,0.328704,0.161792,0.573056
380,traditional,0.069120,0.324608,0.174080,0.567808
381,traditional,0.069984,0.319488,0.166912,0.556384
382,traditional,0.073440,0.317440,0.162816,0.553696
383,traditional,0.076896,0.314368,0.161792,0.553056
384,traditional,0.068800,0.309248,0.161792,0.539840
385,traditional,0.081568,0.310272,0.169984,0.561824
386,traditional,0.069568,0.309248,0.161792,0.540608
387,traditional,0.068832,0.332800,0.174080,0.575712
388,traditional,0.069440,0.334848,0.161792,0.566080
389,traditional,0.069024,0.326656,0.162816,0.558496
390,traditional,0.069664,0.317440,0.173056,0.560160
391,traditional,0.068512,0.326656,0.165888,0.561056
392,traditional,0.069760,0.314368,0.164864,0.548992
393,traditional,0.072096,0.324608,0.162816,0.559520
394,traditional,0.070048,0.331776,0.187392,0.589216
395,traditional,0.074272,0.333824,0.161792,0.569888
396,traditional,0.069440,0.321536,0.188416,0.579392
397,traditional,0.069408,0.324608,0.162816,0.556832
398,traditional,0.070976,0.324608,0.162816,0.558400
399,traditional,0.069888,0.314368,0.162816,0.547072
400,traditional,0.069344,0.326656,0.161792,0.557792
401,traditional,0.072288,0.314368,0.174080,0.560736
402,traditional,0.070048,0.352256,0.161792,0.584096
403,traditional,0.069440,0.313344,0.162816,0.545600
404,traditional,0.069216,0.328704,0.174080,0.572000
405,traditional,0.068448,0.316416,0.172032,0.556896
406,traditional,0.070112,0.322560,0.462848,0.855520
407,traditional,0.072320,0.313344,0.162816,0.548480
408,traditional,0.075456,0.486400,0.188416,0.750272
409,traditional,0.069888,0.317440,0.165888,0.553216
410,traditional,0.082368,0.325632,0.161792,0.569792
411,traditional,0.074144,0.330752,0.162816,0.567712
412,traditional,0.068928,0.322560,0.162816,0.554304
413,traditional,0.075648,0.320512,0.162816,0.558976
414,traditional,0.069856,0.313344,0.162816,0.546016
415,traditional,0.072896,0.312320,0.162816,0.548032
416,traditional,0.070752,0.321536,0.163840,0.556128
417,traditional,0.070912,0.342016,0.163840,0.576768
418,traditional,0.071456,0.321536,0.165888,0.558880
419,traditional,0.070016,0.321536,0.162816,0.554368
420,traditional,0.070464,0.315392,0.162816,0.548672
421,traditional,0.073152,0.340992,0.162816,0.576960
422,traditional,0.069152,0.321536,0.162816,0.553504
423,traditional,0.069408,0.323584,0.161792,0.554784
424,traditional,0.069760,0.321536,0.165888,0.557184
425,traditional,0.070592,0.332800,0.186368,0.589760
426,traditional,0.069472,0.328704,0.161792,0.559968
427,traditional,0.069920,0.323584,0.161792,0.555296
428,traditional,0.074560,0.326656,0.165888,0.567104
429,traditional,0.071072,0.320512,0.162816,0.554400
430,traditional,0.068704,0.311296,0.161792,0.541792
431,traditional,0.071264,0.316416,0.174080,0.561760
432,traditional,0.069088,0.317440,0.167936,0.554464
433,traditional,0.069056,0.330752,0.161792,0.561600
434,traditional,0.080736,0.321536,0.163840,0.566112
435,traditional,0.069088,0.321536,0.161792,0.552416
436,traditional,0.068896,0.324608,0.161792,0.555296
437,traditional,0.069824,0.317440,0.172032,0.559296
438,traditional,0.072672,0.315392,0.161792,0.549856
439,traditional,0.069312,0.314368,0.164864,0.548544
440,traditional,0.071072,0.312320,0.162816,0.546208
441,traditional,0.069952,0.320512,0.161792,0.552256
442,traditional,0.068928,0.321536,0.161792,0.552256
443,traditional,0.069408,0.325632,0.161792,0.556832
444,traditional,0.069280,0.314368,0.161792,0.545440
445,traditional,0.069600,0.320512,0.165888,0.556000
446,traditional,0.070592,0.323584,0.161792,0.555968
447,traditional,0.073408,0.322560,0.161792,0.557760
448,traditional,0.069952,0.312320,0.162816,0.545088
449,traditional,0.070144,0.311296,0.165888,0.547328
450,traditional,0.071520,0.328704,0.174080,0.574304
451,traditional,0.073344,0.311296,0.162816,0.547456
452,traditional,0.069184,0.331776,0.162816,0.563776
453,traditional,0.071520,0.321536,0.165888,0.558944
454,traditional,0.069824,0.313344,0.162816,0.545984
455,traditional,0.068960,0.310272,0.162816,0.542048
456,traditional,0.070080,0.313344,0.165888,0.549312
457,traditional,0.069952,0.322560,0.162816,0.555328
458,traditional,0.069888,0.318464,0.165888,0.554240
459,traditional,0.073248,0.313344,0.162816,0.549408
460,traditional,0.069440,0.313344,0.162816,0.545600
461,traditional,0.071648,0.321536,0.161792,0.554976
462,traditional,0.072640,0.311296,0.161792,0.545728
463,traditional,0.074976,0.311296,0.161792,0.548064
464,traditional,0.071680,0.311296,0.161792,0.544768
465,traditional,0.071936,0.320512,0.175104,0.567552
466,traditional,0.069952,0.310272,0.162816,0.543040
467,traditional,0.068960,0.310272,0.162816,0.542048
468,traditional,0.081632,0.313344,0.161792,0.556768
469,traditional,0.070176,0.311296,0.161792,0.543264
470,traditional,0.069504,0.310272,0.162816,0.542592
471,traditional,0.070816,0.313344,0.162816,0.546976
472,traditional,0.082080,0.309248,0.162816,0.554144
473,traditional,0.069344,0.320512,0.165888,0.555744
474,traditional,0.073120,0.313344,0.161792,0.548256
475,traditional,0.072832,0.323584,0.162816,0.559232
476,traditional,0.069984,0.346112,0.161792,0.577888
477,traditional,0.069536,0.334848,0.178176,0.582560
478,traditional,0.070304,0.311296,0.161792,0.543392
479,traditional,0.070112,0.324608,0.163840,0.558560
480,traditional,0.069472,0.323584,0.171008,0.564064
481,traditional,0.072480,0.333824,0.174080,0.580384
482,traditional,0.069824,0.311296,0.164864,0.545984
483,traditional,0.069280,0.315392,0.162816,0.547488
484,traditional,0.069952,0.311296,0.161792,0.543040
485,traditional,0.071904,0.310272,0.162816,0.544992
486,traditional,0.070272,0.311296,0.163840,0.545408
487,traditional,0.069888,0.311296,0.162816,0.544000
488,traditional,0.070240,0.320512,0.161792,0.552544
489,traditional,0.069536,0.316416,0.162816,0.548768
490,traditional,0.074816,0.346112,0.167936,0.588864
491,traditional,0.070656,0.310272,0.162816,0.543744
492,traditional,0.078016,0.316416,0.161792,0.556224
493,traditional,0.068992,0.322560,0.171008,0.562560
494,traditional,0.070528,0.310272,0.162816,0.543616
495,traditional,0.069952,0.330752,0.175104,0.575808
496,traditional,0.077120,0.321536,0.165888,0.564544
497,traditional,0.068960,0.318464,0.162816,0.550240
498,traditional,0.073696,0.328704,0.162816,0.565216
499,traditional,0.069152,0.314368,0.175104,0.558624
500,traditional,0.070304,0.332800,0.174080,0.577184
501,traditional,0.082016,0.322560,0.162816,0.567392
502,traditional,0.070208,0.323584,0.165888,0.559680
503,traditional,0.072288,0.322560,0.162816,0.557664
504,traditional,0.083072,0.322560,0.162816,0.568448
505,traditional,0.069248,0.328704,0.183296,0.581248
506,traditional,0.068960,0.326656,0.163840,0.559456
507,traditional,0.069824,0.317440,0.371712,0.758976
508,traditional,0.070848,0.317440,0.162816,0.551104
509,traditional,0.068896,0.331776,0.162816,0.563488
510,traditional,0.069824,0.321536,0.161792,0.553152
511,traditional,0.069984,0.326656,0.162816,0.559456
512,traditional,0.069760,0.319488,0.165888,0.555136
513,traditional,0.071264,0.316416,0.161792,0.549472
514,traditional,0.070848,0.323584,0.165888,0.560320
515,traditional,0.070240,0.320512,0.163840,0.554592
516,traditional,0.069856,0.327680,0.188416,0.585952
517,traditional,0.083488,0.322560,0.164864,0.570912
518,traditional,0.069792,0.327680,0.171008,0.568480
519,traditional,0.081632,0.312320,0.171008,0.564960
520,traditional,0.069824,0.322560,0.162816,0.555200
521,traditional,0.069824,0.312320,0.162816,0.544960
522,traditional,0.069440,0.320512,0.162816,0.552768
523,traditional,0.070016,0.333824,0.162816,0.566656
524,traditional,0.070272,0.322560,0.165888,0.558720
525,traditional,0.069664,0.320512,0.161792,0.551968
526,traditional,0.071904,0.311296,0.166912,0.550112
527,traditional,0.069152,0.310272,0.165888,0.545312
528,traditional,0.069824,0.319488,0.175104,0.564416
529,traditional,0.081664,0.317440,0.166912,0.566016
530,traditional,0.081216,0.321536,0.164864,0.567616
531,traditional,0.080736,0.338944,0.165888,0.585568
532,traditional,0.070304,0.320512,0.161792,0.552608
533,traditional,0.081280,0.314368,0.162816,0.558464
534,traditional,0.069664,0.316416,0.162816,0.548896
535,traditional,0.072608,0.325632,0.166912,0.565152
536,traditional,0.079872,0.319488,0.171008,0.570368
537,traditional,0.077888,0.316416,0.165888,0.560192
538,traditional,0.069504,0.322560,0.165888,0.557952
539,traditional,0.069888,0.318464,0.161792,0.550144
540,traditional,0.078912,0.318464,0.174080,0.571456
541,traditional,0.075168,0.330752,0.175104,0.581024
542,traditional,0.070048,0.323584,0.161792,0.555424
543,traditional,0.072096,0.340992,0.162816,0.575904
544,traditional,0.069024,0.326656,0.172032,0.567712
545,traditional,0.069216,0.313344,0.175104,0.557664
546,traditional,0.073792,0.323584,0.162816,0.560192
547,traditional,0.079008,0.330752,0.162816,0.572576
548,traditional,0.071680,0.320512,0.161792,0.553984
549,traditional,0.074624,0.317440,0.161792,0.553856
550,traditional,0.069600,0.317440,0.175104,0.562144
551,traditional,0.069856,0.311296,0.165888,0.547040
552,traditional,0.073792,0.347136,0.163840,0.584768
553,traditional,0.069696,0.316416,0.162816,0.548928
554,traditional,0.077856,0.313344,0.162816,0.554016
555,traditional,0.069184,0.314368,0.162816,0.546368
556,traditional,0.069984,0.311296,0.162816,0.544096
557,traditional,0.068544,0.316416,0.162816,0.547776
558,traditional,0.069664,0.323584,0.162816,0.556064
559,traditional,0.069984,0.332800,0.163840,0.566624
560,traditional,0.072128,0.311296,0.162816,0.546240
561,traditional,0.070208,0.312320,0.162816,0.545344
562,traditional,0.070432,0.325632,0.162816,0.558880
563,traditional,0.070560,0.315392,0.175104,0.561056
564,traditional,0.069760,0.329728,0.165888,0.565376
565,traditional,0.069056,0.328704,0.165888,0.563648
566,traditional,0.070016,0.334848,0.165888,0.570752
567,traditional,0.069312,0.323584,0.162816,0.555712
568,traditional,0.079872,0.327680,0.164864,0.572416
569,traditional,0.071552,0.315392,0.161792,0.548736
570,traditional,0.068928,0.312320,0.165888,0.547136
571,traditional,0.069184,0.327680,0.163840,0.560704
572,traditional,0.069824,0.314368,0.162816,0.547008
573,traditional,0.068864,0.322560,0.161792,0.553216
574,traditional,0.069248,0.335872,0.171008,0.576128
575,traditional,0.070016,0.319488,0.166912,0.556416
576,traditional,0.076384,0.322560,0.161792,0.560736
577,traditional,0.068992,0.316416,0.162816,0.548224
578,traditional,0.076000,0.328704,0.165888,0.570592
579,traditional,0.080896,0.342016,0.163840,0.586752
580,traditional,0.069024,0.336896,0.162816,0.568736
581,traditional,0.072256,0.328704,0.162816,0.563776
582,traditional,0.069792,0.318464,0.165888,0.554144
583,traditional,0.072160,0.320512,0.162816,0.555488
584,traditional,0.070688,0.320512,0.166912,0.558112
585,traditional,0.073600,0.319488,0.175104,0.568192
586,traditional,0.074176,0.317440,0.161792,0.553408
587,traditional,0.070272,0.349184,0.162816,0.582272
588,traditional,0.070112,0.311296,0.175104,0.556512
589,traditional,0.072160,0.359424,0.163840,0.595424
590,traditional,0.069632,0.326656,0.165888,0.562176
591,traditional,0.075648,0.313344,0.162816,0.551808
592,traditional,0.069312,0.326656,0.165888,0.561856
593,traditional,0.076384,0.324608,0.163840,0.564832
594,traditional,0.068928,0.329728,0.162816,0.561472
595,traditional,0.073216,0.318464,0.191488,0.583168
596,traditional,0.075296,0.321536,0.161792,0.558624
597,traditional,0.074400,0.311296,0.161792,0.547488
598,traditional,0.080672,0.323584,0.165888,0.570144
599,traditional,0.083360,0.323584,0.162816,0.569760
600,traditional,0.073088,0.330752,0.169984,0.573824
601,traditional,0.069376,0.317440,0.161792,0.548608
602,traditional,0.069824,0.326656,0.161792,0.558272
603,traditional,0.070944,0.310272,0.174080,0.555296
604,traditional,0.074144,0.310272,0.161792,0.546208
605,traditional,0.072192,0.310272,0.163840,0.546304
606,traditional,0.070016,0.311296,0.168960,0.550272
607,traditional,0.081600,0.336896,0.169984,0.588480
608,traditional,0.071232,0.325632,0.161792,0.558656
609,traditional,0.076544,0.320512,0.174080,0.571136
610,traditional,0.069696,0.344064,0.174080,0.587840
611,traditional,0.069824,0.320512,0.174080,0.564416
612,traditional,0.072928,0.344064,0.161792,0.578784
613,traditional,0.068832,0.319488,0.162816,0.551136
614,traditional,0.094112,0.337920,0.162816,0.594848
615,traditional,0.081536,0.320512,0.165888,0.567936
616,traditional,0.069056,0.325632,0.161792,0.556480
617,traditional,0.068992,0.325632,0.162816,0.557440
618,traditional,0.072992,0.342016,0.161792,0.576800
619,traditional,0.068992,0.315392,0.165888,0.550272
620,traditional,0.068736,0.319488,0.161792,0.550016
621,traditional,0.080320,0.306176,0.162816,0.549312
622,traditional,0.077408,0.323584,0.161792,0.562784
623,traditional,0.068704,0.363520,0.162816,0.595040
624,traditional,0.070016,0.319488,0.161792,0.551296
625,traditional,0.081280,0.317440,0.157696,0.556416
626,traditional,0.070752,0.321536,0.161792,0.554080
627,traditional,0.070304,0.310272,0.161792,0.542368
628,traditional,0.069728,0.318464,0.161792,0.549984
629,traditional,0.093600,0.311296,0.166912,0.571808
630,traditional,0.070336,0.316416,0.157696,0.544448
631,traditional,0.072480,0.313344,0.165888,0.551712
632,traditional,0.068576,0.313344,0.161792,0.543712
633,traditional,0.070880,0.336896,0.161792,0.569568
634,traditional,0.069184,0.328704,0.164864,0.562752
635,traditional,0.078208,0.331776,0.157696,0.567680
636,traditional,0.069440,0.321536,0.161792,0.552768
637,traditional,0.068640,0.368640,0.162816,0.600096
638,traditional,0.068160,0.326656,0.160768,0.555584
639,traditional,0.082176,0.324608,0.163840,0.570624
640,traditional,0.082208,0.347136,0.161792,0.591136
641,traditional,0.075168,0.322560,0.162816,0.560544
642,traditional,0.072608,0.321536,0.162816,0.556960
643,traditional,0.069856,0.320512,0.173056,0.563424
644,traditional,0.076416,0.343040,0.162816,0.582272
645,traditional,0.072064,0.319488,0.161792,0.553344
646,traditional,0.069344,0.315392,0.165888,0.550624
647,traditional,0.070656,0.332800,0.161792,0.565248
648,traditional,0.070496,0.331776,0.169984,0.572256
649,traditional,0.070304,0.321536,0.161792,0.553632
650,traditional,0.069376,0.533504,0.165888,0.768768
651,traditional,0.069696,0.343040,0.165888,0.578624
652,traditional,0.069088,0.324608,0.161792,0.555488
653,traditional,0.070176,0.326656,0.163840,0.560672
654,traditional,0.071040,0.331776,0.174080,0.576896
655,traditional,0.081760,0.334848,0.162816,0.579424
656,traditional,0.071520,0.318464,0.165888,0.555872
657,traditional,0.069184,0.323584,0.372736,0.765504
658,traditional,0.070400,0.319488,0.162816,0.552704
659,traditional,0.072512,0.310272,0.162816,0.545600
660,traditional,0.069024,0.336896,0.165888,0.571808
661,traditional,0.069088,0.319488,0.162816,0.551392
662,traditional,0.068864,0.336896,0.174080,0.579840
663,traditional,0.069792,0.322560,0.165888,0.558240
664,traditional,0.078048,0.315392,0.165888,0.559328
665,traditional,0.069984,0.316416,0.162816,0.549216
666,traditional,0.070912,0.323584,0.165888,0.560384
667,traditional,0.071456,0.333824,0.171008,0.576288
668,traditional,0.081664,0.332800,0.193536,0.608000
669,traditional,0.069536,0.318464,0.161792,0.549792
670,traditional,0.070816,0.319488,0.177152,0.567456
671,traditional,0.069344,0.332800,0.162816,0.564960
672,traditional,0.069440,0.335872,0.162816,0.568128
673,traditional,0.069728,0.333824,0.175104,0.578656
674,traditional,0.069280,0.327680,0.183296,0.580256
675,traditional,0.070976,0.342016,0.163840,0.576832
676,traditional,0.080352,0.324608,0.162816,0.567776
677,traditional,0.069152,0.321536,0.162816,0.553504
678,traditional,0.081152,0.533504,0.188416,0.803072
679,traditional,0.069472,0.348160,0.163840,0.581472
680,traditional,0.068896,0.312320,0.162816,0.544032
681,traditional,0.069600,0.316416,0.162816,0.548832
682,traditional,0.071904,0.348160,0.168960,0.589024
683,traditional,0.069600,0.312320,0.162816,0.544736
684,traditional,0.071712,0.364544,0.162816,0.599072
685,traditional,0.081696,0.311296,0.166912,0.559904
686,traditional,0.082624,0.320512,0.162816,0.565952
687,traditional,0.068960,0.326656,0.175104,0.570720
688,traditional,0.069408,0.326656,0.161792,0.557856
689,traditional,0.072000,0.314368,0.175104,0.561472
690,traditional,0.068704,0.323584,0.165888,0.558176
691,traditional,0.070016,0.317440,0.162816,0.550272
692,traditional,0.069472,0.315392,0.162816,0.547680
693,traditional,0.069408,0.320512,0.162816,0.552736
694,traditional,0.069088,0.319488,0.161792,0.550368
695,traditional,0.069344,0.321536,0.166912,0.557792
696,traditional,0.073952,0.329728,0.165888,0.569568
697,traditional,0.068832,0.312320,0.162816,0.543968
698,traditional,0.069952,0.320512,0.161792,0.552256
699,traditional,0.081280,0.316416,0.162816,0.560512
700,traditional,0.069536,0.310272,0.165888,0.545696
701,traditional,0.069568,0.322560,0.162816,0.554944
702,traditional,0.070752,0.319488,0.161792,0.552032
703,traditional,0.070272,0.316416,0.162816,0.549504
704,traditional,0.070688,0.315392,0.161792,0.547872
705,traditional,0.070592,0.335872,0.173056,0.579520
706,traditional,0.070912,0.320512,0.161792,0.553216
707,traditional,0.069056,0.317440,0.162816,0.549312
708,traditional,0.069504,0.313344,0.161792,0.544640
709,traditional,0.069856,0.320512,0.165888,0.556256
710,traditional,0.069888,0.328704,0.325632,0.724224
711,traditional,0.075680,0.344064,0.163840,0.583584
712,traditional,0.073312,0.327680,0.176128,0.577120
713,traditional,0.073024,0.322560,0.162816,0.558400
714,traditional,0.068672,0.316416,0.161792,0.546880
715,traditional,0.073248,0.322560,0.175104,0.570912
716,traditional,0.069344,0.309248,0.370688,0.749280
717,traditional,0.078656,0.320512,0.165888,0.565056
718,traditional,0.069376,0.351232,0.175104,0.595712
719,traditional,0.069632,0.329728,0.162816,0.562176
720,traditional,0.076960,0.322560,0.161792,0.561312
721,traditional,0.080288,0.326656,0.163840,0.570784
722,traditional,0.069088,0.311296,0.169984,0.550368
723,traditional,0.078656,0.337920,0.164864,0.581440
724,traditional,0.072128,0.320512,0.162816,0.555456
725,traditional,0.069536,0.333824,0.163840,0.567200
726,traditional,0.073408,0.314368,0.162816,0.550592
727,traditional,0.069824,0.310272,0.175104,0.555200
728,traditional,0.068608,0.315392,0.162816,0.546816
729,traditional,0.071520,0.321536,0.162816,0.555872
730,traditional,0.079392,0.311296,0.161792,0.552480
731,traditional,0.071840,0.325632,0.174080,0.571552
732,traditional,0.069312,0.313344,0.162816,0.545472
733,traditional,0.072480,0.316416,0.162816,0.551712
734,traditional,0.073216,0.316416,0.161792,0.551424
735,traditional,0.068896,0.322560,0.162816,0.554272
736,traditional,0.069312,0.311296,0.165888,0.546496
737,traditional,0.070016,0.327680,0.175104,0.572800
738,traditional,0.069568,0.312320,0.161792,0.543680
739,traditional,0.069728,0.310272,0.162816,0.542816
740,traditional,0.070240,0.319488,0.162816,0.552544
741,traditional,0.069920,0.310272,0.162816,0.543008
742,traditional,0.077440,0.310272,0.162816,0.550528
743,traditional,0.069984,0.310272,0.165888,0.546144
744,traditional,0.068864,0.317440,0.162816,0.549120
745,traditional,0.070496,0.311296,0.162816,0.544608
746,traditional,0.070112,0.315392,0.162816,0.548320
747,traditional,0.068416,0.324608,0.161792,0.554816
748,traditional,0.081792,0.322560,0.162816,0.567168
749,traditional,0.068512,0.317440,0.171008,0.556960
750,traditional,0.073376,0.319488,0.162816,0.555680
751,traditional,0.069792,0.332800,0.161792,0.564384
752,traditional,0.069696,0.313344,0.172032,0.555072
753,traditional,0.069248,0.314368,0.162816,0.546432
754,traditional,0.068768,0.312320,0.175104,0.556192
755,traditional,0.069824,0.326656,0.185344,0.581824
756,traditional,0.069216,0.310272,0.162816,0.542304
757,traditional,0.068800,0.311296,0.567296,0.947392
758,traditional,0.070880,0.316416,0.162816,0.550112
759,traditional,0.069536,0.312320,0.162816,0.544672
760,traditional,0.069984,0.319488,0.161792,0.551264
761,traditional,0.068960,0.311296,0.162816,0.543072
762,traditional,0.069088,0.316416,0.162816,0.548320
763,traditional,0.070560,0.311296,0.167936,0.549792
764,traditional,0.069472,0.325632,0.161792,0.556896
765,traditional,0.069280,0.326656,0.162816,0.558752
766,traditional,0.069312,0.316416,0.163840,0.549568
767,traditional,0.069568,0.314368,0.162816,0.546752
768,traditional,0.070240,0.317440,0.164864,0.552544
769,traditional,0.069792,0.309248,0.162816,0.541856
770,traditional,0.069504,0.318464,0.162816,0.550784
771,traditional,0.069632,0.327680,0.163840,0.561152
772,traditional,0.069472,0.321536,0.161792,0.552800
773,traditional,0.069024,0.311296,0.162816,0.543136
774,traditional,0.074368,0.317440,0.161792,0.553600
775,traditional,0.072992,0.324608,0.165888,0.563488
776,traditional,0.069792,0.311296,0.161792,0.542880
777,traditional,0.069632,0.330752,0.162816,0.563200
778,traditional,0.071808,0.321536,0.162816,0.556160
779,traditional,0.069600,0.315392,0.162816,0.547808
780,traditional,0.076448,0.332800,0.162816,0.572064
781,traditional,0.076480,0.317440,0.162816,0.556736
782,traditional,0.069472,0.322560,0.161792,0.553824
783,traditional,0.069184,0.312320,0.162816,0.544320
784,traditional,0.069792,0.310272,0.162816,0.542880
785,traditional,0.069792,0.315392,0.188416,0.573600
786,traditional,0.072352,0.334848,0.162816,0.570016
787,traditional,0.068544,0.315392,0.162816,0.546752
788,traditional,0.069248,0.314368,0.161792,0.545408
789,traditional,0.068960,0.312320,0.162816,0.544096
790,traditional,0.072704,0.319488,0.162816,0.555008
791,traditional,0.069248,0.316416,0.162816,0.548480
792,traditional,0.068480,0.316416,0.161792,0.546688
793,traditional,0.073760,0.312320,0.165888,0.551968
794,traditional,0.068608,0.315392,0.162816,0.546816
795,traditional,0.076832,0.316416,0.162816,0.556064
796,traditional,0.069632,0.318464,0.161792,0.549888
797,traditional,0.071712,0.318464,0.166912,0.557088
798,traditional,0.070304,0.324608,0.174080,0.568992
799,traditional,0.070592,0.325632,0.175104,0.571328
800,traditional,0.070560,0.320512,0.161792,0.552864
801,traditional,0.081792,0.348160,0.162816,0.592768
802,traditional,0.071968,0.326656,0.161792,0.560416
803,traditional,0.079936,0.323584,0.162816,0.566336
804,traditional,0.069920,0.322560,0.162816,0.555296
805,traditional,0.069792,0.327680,0.165888,0.563360
806,traditional,0.068576,0.328704,0.169984,0.567264
807,traditional,0.069536,0.322560,0.162816,0.554912
808,traditional,0.070112,0.325632,0.161792,0.557536
809,traditional,0.068448,0.316416,0.162816,0.547680
810,traditional,0.069280,0.314368,0.162816,0.546464
811,traditional,0.071200,0.313344,0.161792,0.546336
812,traditional,0.070592,0.317440,0.176128,0.564160
813,traditional,0.069184,0.322560,0.162816,0.554560
814,traditional,0.071072,0.315392,0.162816,0.549280
815,traditional,0.070176,0.318464,0.163840,0.552480
816,traditional,0.069856,0.316416,0.161792,0.548064
817,traditional,0.069184,0.327680,0.162816,0.559680
818,traditional,0.070656,0.314368,0.164864,0.549888
819,traditional,0.080416,0.316416,0.162816,0.559648
820,traditional,0.069888,0.331776,0.162816,0.564480
821,traditional,0.069344,0.334848,0.164864,0.569056
822,traditional,0.069568,0.318464,0.162816,0.550848
823,traditional,0.080832,0.315392,0.165888,0.562112
824,traditional,0.069728,0.311296,0.162816,0.543840
825,traditional,0.069056,0.314368,0.164864,0.548288
826,traditional,0.069760,0.315392,0.165888,0.551040
827,traditional,0.070944,0.310272,0.162816,0.544032
828,traditional,0.068704,0.313344,0.162816,0.544864
829,traditional,0.081376,0.324608,0.162816,0.568800
830,traditional,0.068992,0.316416,0.164864,0.550272
831,traditional,0.081312,0.323584,0.161792,0.566688
832,traditional,0.069952,0.330752,0.163840,0.564544
833,traditional,0.081760,0.323584,0.162816,0.568160
834,traditional,0.070336,0.331776,0.161792,0.563904
835,traditional,0.069536,0.311296,0.161792,0.542624
836,traditional,0.070144,0.326656,0.163840,0.560640
837,traditional,0.072288,0.316416,0.162816,0.551520
838,traditional,0.080512,0.313344,0.173056,0.566912
839,traditional,0.069664,0.317440,0.162816,0.549920
840,traditional,0.071168,0.315392,0.370688,0.757248
841,traditional,0.074272,0.321536,0.162816,0.558624
842,traditional,0.069152,0.312320,0.187392,0.568864
843,traditional,0.070080,0.320512,0.163840,0.554432
844,traditional,0.069696,0.319488,0.161792,0.550976
845,traditional,0.069728,0.318464,0.162816,0.551008
846,traditional,0.079872,0.330752,0.161792,0.572416
847,traditional,0.071872,0.325632,0.161792,0.559296
848,traditional,0.071360,0.345088,0.161792,0.578240
849,traditional,0.069024,0.313344,0.161792,0.544160
850,traditional,0.069632,0.313344,0.161792,0.544768
851,traditional,0.071744,0.330752,0.162816,0.565312
852,traditional,0.069760,0.311296,0.161792,0.542848
853,traditional,0.069696,0.309248,0.163840,0.542784
854,traditional,0.069312,0.310272,0.161792,0.541376
855,traditional,0.068896,0.308224,0.162816,0.539936
856,traditional,0.070080,0.321536,0.192512,0.584128
857,traditional,0.080128,0.318464,0.166912,0.565504
858,traditional,0.072928,0.331776,0.161792,0.566496
859,traditional,0.081888,0.325632,0.161792,0.569312
860,traditional,0.083104,0.334848,0.161792,0.579744
861,traditional,0.070016,0.324608,0.157696,0.552320
862,traditional,0.071232,0.305152,0.161792,0.538176
863,traditional,0.069536,0.312320,0.162816,0.544672
864,traditional,0.070784,0.329728,0.161792,0.562304
865,traditional,0.081248,0.318464,0.161792,0.561504
866,traditional,0.086624,0.356352,0.177152,0.620128
867,traditional,0.069216,0.335872,0.162816,0.567904
868,traditional,0.069024,0.334848,0.163840,0.567712
869,traditional,0.068992,0.333824,0.174080,0.576896
870,traditional,0.075040,0.318464,0.161792,0.555296
871,traditional,0.069664,0.310272,0.174080,0.554016
872,traditional,0.069664,0.322560,0.164864,0.557088
873,traditional,0.069632,0.322560,0.161792,0.553984
874,traditional,0.069344,0.327680,0.161792,0.558816
875,traditional,0.069888,0.320512,0.165888,0.556288
876,traditional,0.081632,0.331776,0.161792,0.575200
877,traditional,0.069184,0.327680,0.164864,0.561728
878,traditional,0.070624,0.330752,0.175104,0.576480
879,traditional,0.069984,0.320512,0.161792,0.552288
880,traditional,0.070176,0.315392,0.161792,0.547360
881,traditional,0.076128,0.310272,0.165888,0.552288
882,traditional,0.069536,0.345088,0.164864,0.579488
883,traditional,0.071456,0.319488,0.161792,0.552736
884,traditional,0.072640,0.322560,0.164864,0.560064
885,traditional,0.070624,0.331776,0.162816,0.565216
886,traditional,0.070432,0.321536,0.161792,0.553760
887,traditional,0.069472,0.309248,0.162816,0.541536
888,traditional,0.074112,0.332800,0.161792,0.568704
889,traditional,0.068960,0.322560,0.162816,0.554336
890,traditional,0.072768,0.321536,0.161792,0.556096
891,traditional,0.072544,0.315392,0.164864,0.552800
892,traditional,0.070144,0.337920,0.173056,0.581120
893,traditional,0.069568,0.314368,0.161792,0.545728
894,traditional,0.081696,0.319488,0.161792,0.562976
895,traditional,0.070624,0.310272,0.387072,0.767968
896,traditional,0.072928,0.333824,0.165888,0.572640
897,traditional,0.072544,0.325632,0.162816,0.560992
898,traditional,0.070304,0.325632,0.165888,0.561824
899,traditional,0.068992,0.319488,0.164864,0.553344
900,traditional,0.070272,0.311296,0.162816,0.544384
901,traditional,0.068640,0.323584,0.163840,0.556064
902,traditional,0.070400,0.316416,0.165888,0.552704
903,traditional,0.075840,0.315392,0.162816,0.554048
904,traditional,0.070112,0.316416,0.162816,0.549344
905,traditional,0.069824,0.322560,0.162816,0.555200
906,traditional,0.069088,0.327680,0.164864,0.561632
907,traditional,0.072256,0.317440,0.162816,0.552512
908,traditional,0.073824,0.329728,0.162816,0.566368
909,traditional,0.082560,0.325632,0.162816,0.571008
910,traditional,0.073664,0.331776,0.161792,0.567232
911,traditional,0.070272,0.319488,0.168960,0.558720
912,traditional,0.070368,0.336896,0.165888,0.573152
913,traditional,0.069376,0.319488,0.181248,0.570112
914,traditional,0.069440,0.318464,0.172032,0.559936
915,traditional,0.080576,0.368640,0.162816,0.612032
916,traditional,0.069248,0.333824,0.162816,0.565888
917,traditional,0.069152,0.312320,0.171008,0.552480
918,traditional,0.074400,0.337920,0.171008,0.583328
919,traditional,0.070016,0.345088,0.162816,0.577920
920,traditional,0.070976,0.348160,0.162816,0.581952
921,traditional,0.072672,0.312320,0.162816,0.547808
922,traditional,0.068800,0.325632,0.162816,0.557248
923,traditional,0.080160,0.315392,0.175104,0.570656
924,traditional,0.069568,0.314368,0.161792,0.545728
925,traditional,0.069280,0.336896,0.162816,0.568992
926,traditional,0.069152,0.325632,0.174080,0.568864
927,traditional,0.068800,0.314368,0.162816,0.545984
928,traditional,0.068544,0.312320,0.161792,0.542656
929,traditional,0.076320,0.329728,0.187392,0.593440
930,traditional,0.070208,0.321536,0.162816,0.554560
931,traditional,0.069696,0.327680,0.161792,0.559168
932,traditional,0.069952,0.313344,0.177152,0.560448
933,traditional,0.071040,0.320512,0.165888,0.557440
934,traditional,0.069312,0.310272,0.162816,0.542400
935,traditional,0.069824,0.311296,0.168960,0.550080
936,traditional,0.068704,0.318464,0.161792,0.548960
937,traditional,0.069312,0.329728,0.167936,0.566976
938,traditional,0.069600,0.329728,0.161792,0.561120
939,traditional,0.080896,0.321536,0.187392,0.589824
940,traditional,0.069568,0.311296,0.162816,0.543680
941,traditional,0.069280,0.321536,0.162816,0.553632
942,traditional,0.068928,0.330752,0.162816,0.562496
943,traditional,0.073216,0.314368,0.162816,0.550400
944,traditional,0.070336,0.311296,0.161792,0.543424
945,traditional,0.069504,0.317440,0.162816,0.549760
946,traditional,0.069792,0.313344,0.163840,0.546976
947,traditional,0.068928,0.330752,0.162816,0.562496
948,traditional,0.068928,0.318464,0.162816,0.550208
949,traditional,0.068896,0.326656,0.165888,0.561440
950,traditional,0.073408,0.319488,0.162816,0.555712
951,traditional,0.069152,0.310272,0.162816,0.542240
952,traditional,0.072032,0.374784,0.161792,0.608608
953,traditional,0.070880,0.310272,0.162816,0.543968
954,traditional,0.079808,0.311296,0.161792,0.552896
955,traditional,0.072960,0.327680,0.162816,0.563456
956,traditional,0.073344,0.318464,0.166912,0.558720
957,traditional,0.068672,0.314368,0.162816,0.545856
958,traditional,0.071200,0.310272,0.165888,0.547360
959,traditional,0.070080,0.312320,0.161792,0.544192
960,traditional,0.069472,0.331776,0.162816,0.564064
961,traditional,0.069024,0.334848,0.163840,0.567712
962,traditional,0.070208,0.320512,0.373760,0.764480
963,traditional,0.082272,0.337920,0.165888,0.586080
964,traditional,0.069344,0.319488,0.165888,0.554720
965,traditional,0.073216,0.343040,0.178176,0.594432
966,traditional,0.068352,0.345088,0.164864,0.578304
967,traditional,0.075136,0.338944,0.165888,0.579968
968,traditional,0.072160,0.316416,0.161792,0.550368
969,traditional,0.068736,0.334848,0.163840,0.567424
970,traditional,0.070016,0.334848,0.162816,0.567680
971,traditional,0.069280,0.311296,0.162816,0.543392
972,traditional,0.081376,0.316416,0.162816,0.560608
973,traditional,0.082816,0.315392,0.163840,0.562048
974,traditional,0.070528,0.320512,0.161792,0.552832
975,traditional,0.069056,0.310272,0.161792,0.541120
976,traditional,0.071552,0.320512,0.163840,0.555904
977,traditional,0.068832,0.313344,0.162816,0.544992
978,traditional,0.072000,0.315392,0.161792,0.549184
979,traditional,0.080096,0.326656,0.183296,0.590048
980,traditional,0.072000,0.332800,0.164864,0.569664
981,traditional,0.080416,0.315392,0.172032,0.567840
982,traditional,0.070272,0.312320,0.162816,0.545408
983,traditional,0.080128,0.325632,0.163840,0.569600
984,traditional,0.069984,0.325632,0.161792,0.557408
985,traditional,0.069088,0.330752,0.162816,0.562656
986,traditional,0.072608,0.322560,0.164864,0.560032
987,traditional,0.069440,0.309248,0.162816,0.541504
988,traditional,0.068768,0.313344,0.165888,0.548000
989,traditional,0.069024,0.321536,0.162816,0.553376
990,traditional,0.069344,0.328704,0.161792,0.559840
991,traditional,0.069152,0.311296,0.165888,0.546336
992,traditional,0.070080,0.315392,0.165888,0.551360
993,traditional,0.072992,0.320512,0.161792,0.555296
994,traditional,0.069664,0.321536,0.162816,0.554016
995,traditional,0.074048,0.342016,0.174080,0.590144
996,traditional,0.076896,0.369664,0.162816,0.609376
997,traditional,0.068096,0.322560,0.165888,0.556544
998,traditional,0.068416,0.315392,0.370688,0.754496
999,traditional,0.073824,0.344064,0.163840,0.581728
1000,traditional,0.068960,0.318464,0.168960,0.556384
1001,traditional,0.069632,0.322560,0.370688,0.762880
1002,traditional,0.070208,0.337920,0.190464,0.598592
1003,traditional,0.075040,0.313344,0.162816,0.551200
1004,traditional,0.069632,0.323584,0.165888,0.559104
1005,traditional,0.068416,0.328704,0.162816,0.559936
1006,traditional,0.074272,0.321536,0.167936,0.563744
1007,traditional,0.080640,0.324608,0.162816,0.568064
1008,traditional,0.080512,0.326656,0.165888,0.573056
1009,traditional,0.069600,0.323584,0.174080,0.567264
1010,traditional,0.074496,0.321536,0.162816,0.558848
1011,traditional,0.069376,0.313344,0.162816,0.545536
1012,traditional,0.072704,0.335872,0.174080,0.582656
1013,traditional,0.069728,0.319488,0.176128,0.565344
1014,traditional,0.073440,0.329728,0.162816,0.565984
1015,traditional,0.068960,0.317440,0.162816,0.549216
1016,traditional,0.070208,0.324608,0.161792,0.556608
1017,traditional,0.068224,0.310272,0.162816,0.541312
1018,traditional,0.072000,0.311296,0.165888,0.549184
1019,traditional,0.069504,0.323584,0.162816,0.555904
1020,traditional,0.071648,0.314368,0.165888,0.551904
1021,traditional,0.079168,0.322560,0.162816,0.564544
1022,traditional,0.069952,0.313344,0.161792,0.545088
1023,traditional,0.073664,0.362496,0.162816,0.598976
1024,traditional,0.070016,0.320512,0.165888,0.556416
1025,traditional,0.081024,0.333824,0.173056,0.587904
1026,traditional,0.069184,0.313344,0.162816,0.545344
1027,traditional,0.072320,0.314368,0.162816,0.549504
1028,traditional,0.070688,0.325632,0.161792,0.558112
1029,traditional,0.081120,0.333824,0.180224,0.595168
1030,traditional,0.075488,0.321536,0.175104,0.572128
1031,traditional,0.081024,0.334848,0.165888,0.581760
1032,traditional,0.068992,0.332800,0.162816,0.564608
1033,traditional,0.073408,0.329728,0.175104,0.578240
1034,traditional,0.069408,0.314368,0.161792,0.545568
1035,traditional,0.069152,0.313344,0.162816,0.545312
1036,traditional,0.082848,0.329728,0.162816,0.575392
1037,traditional,0.073312,0.325632,0.184320,0.583264
1038,traditional,0.069440,0.312320,0.165888,0.547648
1039,traditional,0.087360,0.329728,0.162816,0.579904
1040,traditional,0.072768,0.323584,0.162816,0.559168
1041,traditional,0.080576,0.327680,0.162816,0.571072
1042,traditional,0.069504,0.334848,0.162816,0.567168
1043,traditional,0.082368,0.329728,0.166912,0.579008
1044,traditional,0.068704,0.339968,0.161792,0.570464
1045,traditional,0.068288,0.355328,0.163840,0.587456
1046,traditional,0.069248,0.332800,0.162816,0.564864
1047,traditional,0.072000,0.331776,0.163840,0.567616
1048,traditional,0.094496,0.326656,0.161792,0.582944
1049,traditional,0.069888,0.313344,0.163840,0.547072
1050,traditional,0.069056,0.325632,0.165888,0.560576
1051,traditional,0.069536,0.317440,0.162816,0.549792
1052,traditional,0.070144,0.314368,0.162816,0.547328
1053,traditional,0.069984,0.315392,0.162816,0.548192
1054,traditional,0.072640,0.318464,0.165888,0.556992
1055,traditional,0.070240,0.331776,0.162816,0.564832
1056,traditional,0.070144,0.320512,0.164864,0.555520
1057,traditional,0.069024,0.342016,0.162816,0.573856
1058,traditional,0.076768,0.325632,0.175104,0.577504
1059,traditional,0.069824,0.312320,0.162816,0.544960
1060,traditional,0.075744,0.334848,0.169984,0.580576
1061,traditional,0.085760,0.332800,0.162816,0.581376
1062,traditional,0.069408,0.316416,0.162816,0.548640
1063,traditional,0.069824,0.332800,0.165888,0.568512
1064,traditional,0.068416,0.324608,0.169984,0.563008
1065,traditional,0.075040,0.325632,0.161792,0.562464
1066,traditional,0.069312,0.320512,0.165888,0.555712
1067,traditional,0.069856,0.328704,0.174080,0.572640
1068,traditional,0.082688,0.337920,0.161792,0.582400
1069,traditional,0.069856,0.312320,0.165888,0.548064
1070,traditional,0.069792,0.312320,0.161792,0.543904
1071,traditional,0.069088,0.324608,0.161792,0.555488
1072,traditional,0.070400,0.321536,0.161792,0.553728
1073,traditional,0.071776,0.321536,0.164864,0.558176
1074,traditional,0.070176,0.329728,0.174080,0.573984
1075,traditional,0.071488,0.315392,0.165888,0.552768
1076,traditional,0.069632,0.331776,0.166912,0.568320
1077,traditional,0.081824,0.354304,0.174080,0.610208
1078,traditional,0.082112,0.326656,0.164864,0.573632
1079,traditional,0.071904,0.336896,0.165888,0.574688
1080,traditional,0.076064,0.333824,0.162816,0.572704
1081,traditional,0.069216,0.333824,0.161792,0.564832
1082,traditional,0.077312,0.334848,0.161792,0.573952
1083,traditional,0.070016,0.309248,0.164864,0.544128
1084,traditional,0.073792,0.326656,0.162816,0.563264
1085,traditional,0.069696,0.316416,0.161792,0.547904
1086,traditional,0.069440,0.319488,0.161792,0.550720
1087,traditional,0.069952,0.323584,0.162816,0.556352
1088,traditional,0.076640,0.318464,0.161792,0.556896
1089,traditional,0.072704,0.315392,0.161792,0.549888
1090,traditional,0.069568,0.320512,0.174080,0.564160
1091,traditional,0.073280,0.319488,0.161792,0.554560
1092,traditional,0.069792,0.319488,0.161792,0.551072
1093,traditional,0.068704,0.318464,0.161792,0.548960
1094,traditional,0.069216,0.313344,0.161792,0.544352
1095,traditional,0.070432,0.326656,0.157696,0.554784
1096,traditional,0.075104,0.308224,0.186368,0.569696
1097,traditional,0.068960,0.319488,0.186368,0.574816
1098,traditional,0.069440,0.320512,0.161792,0.551744
1099,traditional,0.069504,0.305152,0.169984,0.544640
1100,traditional,0.078624,0.318464,0.165888,0.562976
1101,traditional,0.068704,0.308224,0.162816,0.539744
1102,traditional,0.081920,0.307200,0.161792,0.550912
1103,traditional,0.076288,0.322560,0.162816,0.561664
1104,traditional,0.069600,0.318464,0.173056,0.561120
1105,traditional,0.081632,0.315392,0.161792,0.558816
1106,traditional,0.068480,0.306176,0.161792,0.536448
1107,traditional,0.069568,0.320512,0.161792,0.551872
1108,traditional,0.070528,0.319488,0.164864,0.554880
1109,traditional,0.069728,0.307200,0.161792,0.538720
1110,traditional,0.072544,0.324608,0.161792,0.558944
1111,traditional,0.068672,0.316416,0.161792,0.546880
1112,traditional,0.070080,0.333824,0.164864,0.568768
1113,traditional,0.073376,0.317440,0.164864,0.555680
1114,traditional,0.072032,0.325632,0.185344,0.583008
1115,traditional,0.077152,0.322560,0.193536,0.593248
1116,traditional,0.069088,0.330752,0.164864,0.564704
1117,traditional,0.069472,0.324608,0.165888,0.559968
1118,traditional,0.072128,0.329728,0.161792,0.563648
1119,traditional,0.069856,0.329728,0.171008,0.570592
1120,traditional,0.076800,0.342016,0.161792,0.580608
1121,traditional,0.076096,0.326656,0.173056,0.575808
1122,traditional,0.068832,0.310272,0.164864,0.543968
1123,traditional,0.070144,0.316416,0.161792,0.548352
1124,traditional,0.071136,0.329728,0.162816,0.563680
1125,traditional,0.068864,0.310272,0.161792,0.540928
1126,traditional,0.069440,0.323584,0.165888,0.558912
1127,traditional,0.069888,0.312320,0.161792,0.544000
1128,traditional,0.072288,0.308224,0.161792,0.542304
1129,traditional,0.072608,0.309248,0.162816,0.544672
1130,traditional,0.078944,0.314368,0.161792,0.555104
1131,traditional,0.069056,0.325632,0.161792,0.556480
1132,traditional,0.070144,0.313344,0.161792,0.545280
1133,traditional,0.068640,0.315392,0.162816,0.546848
1134,traditional,0.069312,0.343040,0.161792,0.574144
1135,traditional,0.069600,0.312320,0.161792,0.543712
1136,traditional,0.072832,0.320512,0.165888,0.559232
1137,traditional,0.078624,0.322560,0.163840,0.565024
1138,traditional,0.069408,0.310272,0.161792,0.541472
1139,traditional,0.073856,0.332800,0.165888,0.572544
1140,traditional,0.068992,0.311296,0.164864,0.545152
1141,traditional,0.071360,0.344064,0.196608,0.612032
1142,traditional,0.071552,0.323584,0.161792,0.556928
1143,traditional,0.069344,0.310272,0.161792,0.541408
1144,traditional,0.072896,0.330752,0.164864,0.568512
1145,traditional,0.072320,0.310272,0.161792,0.544384
1146,traditional,0.072000,0.333824,0.165888,0.571712
1147,traditional,0.080896,0.333824,0.162816,0.577536
1148,traditional,0.069024,0.336896,0.166912,0.572832
1149,traditional,0.070304,0.320512,0.162816,0.553632
1150,traditional,0.069280,0.334848,0.162816,0.566944
1151,traditional,0.068640,0.326656,0.163840,0.559136
1152,traditional,0.069248,0.311296,0.162816,0.543360
1153,traditional,0.082112,0.317440,0.162816,0.562368
1154,traditional,0.070560,0.324608,0.162816,0.557984
1155,traditional,0.072480,0.326656,0.166912,0.566048
1156,traditional,0.069632,0.319488,0.161792,0.550912
1157,traditional,0.087776,0.334848,0.196608,0.619232
1158,traditional,0.075008,0.343040,0.174080,0.592128
1159,traditional,0.082400,0.326656,0.175104,0.584160
1160,traditional,0.074400,0.338944,0.163840,0.577184
1161,traditional,0.072000,0.345088,0.162816,0.579904
1162,traditional,0.073312,0.331776,0.163840,0.568928
1163,traditional,0.081024,0.317440,0.165888,0.564352
1164,traditional,0.070464,0.322560,0.163840,0.556864
1165,traditional,0.070912,0.328704,0.162816,0.562432
1166,traditional,0.076448,0.336896,0.162816,0.576160
1167,traditional,0.069216,0.317440,0.162816,0.549472
1168,traditional,0.070944,0.311296,0.175104,0.557344
1169,traditional,0.073024,0.331776,0.162816,0.567616
1170,traditional,0.069504,0.312320,0.161792,0.543616
1171,traditional,0.069248,0.311296,0.167936,0.548480
1172,traditional,0.069248,0.312320,0.161792,0.543360
1173,traditional,0.070048,0.326656,0.162816,0.559520
1174,traditional,0.069536,0.311296,0.162816,0.543648
1175,traditional,0.080064,0.320512,0.161792,0.562368
1176,traditional,0.072896,0.324608,0.161792,0.559296
1177,traditional,0.073472,0.313344,0.161792,0.548608
1178,traditional,0.068672,0.342016,0.162816,0.573504
1179,traditional,0.071584,0.323584,0.161792,0.556960
1180,traditional,0.069920,0.318464,0.162816,0.551200
1181,traditional,0.070880,0.320512,0.162816,0.554208
1182,traditional,0.081664,0.320512,0.161792,0.563968
1183,traditional,0.068992,0.328704,0.162816,0.560512
1184,traditional,0.068992,0.311296,0.165888,0.546176
1185,traditional,0.069600,0.317440,0.166912,0.553952
1186,traditional,0.069920,0.320512,0.175104,0.565536
1187,traditional,0.074112,0.334848,0.166912,0.575872
1188,traditional,0.069312,0.323584,0.162816,0.555712
1189,traditional,0.071488,0.327680,0.173056,0.572224
1190,traditional,0.080000,0.335872,0.162816,0.578688
1191,traditional,0.068960,0.311296,0.162816,0.543072
1192,traditional,0.068832,0.310272,0.162816,0.541920
1193,traditional,0.069280,0.321536,0.162816,0.553632
1194,traditional,0.069312,0.322560,0.166912,0.558784
1195,traditional,0.071840,0.322560,0.161792,0.556192
1196,traditional,0.071200,0.346112,0.163840,0.581152
1197,traditional,0.080448,0.328704,0.162816,0.571968
1198,traditional,0.070976,0.327680,0.161792,0.560448
1199,traditional,0.069792,0.313344,0.165888,0.549024
1200,traditional,0.072128,0.317440,0.162816,0.552384
1201,traditional,0.081248,0.320512,0.162816,0.564576
1202,traditional,0.069504,0.349184,0.162816,0.581504
1203,traditional,0.070048,0.338944,0.162816,0.571808
1204,traditional,0.068896,0.322560,0.161792,0.553248
1205,traditional,0.071808,0.327680,0.162816,0.562304
1206,traditional,0.070240,0.324608,0.161792,0.556640
1207,traditional,0.070432,0.321536,0.178176,0.570144
1208,traditional,0.069152,0.317440,0.162816,0.549408
1209,traditional,0.069568,0.320512,0.162816,0.552896
1210,traditional,0.071872,0.310272,0.162816,0.544960
1211,traditional,0.071456,0.336896,0.162816,0.571168
1212,traditional,0.073248,0.319488,0.162816,0.555552
1213,traditional,0.068864,0.328704,0.162816,0.560384
1214,traditional,0.069920,0.328704,0.162816,0.561440
1215,traditional,0.069824,0.314368,0.162816,0.547008
1216,traditional,0.071040,0.324608,0.165888,0.561536
1217,traditional,0.072864,0.324608,0.166912,0.564384
1218,traditional,0.068864,0.321536,0.161792,0.552192
1219,traditional,0.069152,0.322560,0.165888,0.557600
1220,traditional,0.072160,0.331776,0.162816,0.566752
1221,traditional,0.070016,0.320512,0.166912,0.557440
1222,traditional,0.070848,0.323584,0.163840,0.558272
1223,traditional,0.072128,0.315392,0.162816,0.550336
1224,traditional,0.073024,0.321536,0.161792,0.556352
1225,traditional,0.069408,0.338944,0.162816,0.571168
1226,traditional,0.073120,0.312320,0.163840,0.549280
1227,traditional,0.069664,0.544768,0.171008,0.785440
1228,traditional,0.071616,0.332800,0.163840,0.568256
1229,traditional,0.069728,0.359424,0.163840,0.592992
1230,traditional,0.069792,0.321536,0.186368,0.577696
1231,traditional,0.078272,0.323584,0.163840,0.565696
1232,traditional,0.081888,0.322560,0.175104,0.579552
1233,traditional,0.070208,0.322560,0.168960,0.561728
1234,traditional,0.069184,0.315392,0.165888,0.550464
1235,traditional,0.070336,0.325632,0.162816,0.558784
1236,traditional,0.069440,0.322560,0.162816,0.554816
1237,traditional,0.072608,0.325632,0.165888,0.564128
1238,traditional,0.070272,0.324608,0.162816,0.557696
1239,traditional,0.074624,0.313344,0.187392,0.575360
1240,traditional,0.069248,0.337920,0.161792,0.568960
1241,traditional,0.069088,0.331776,0.175104,0.575968
1242,traditional,0.073088,0.348160,0.162816,0.584064
1243,traditional,0.069376,0.322560,0.166912,0.558848
1244,traditional,0.079552,0.336896,0.175104,0.591552
1245,traditional,0.072064,0.322560,0.162816,0.557440
1246,traditional,0.070496,0.329728,0.175104,0.575328
1247,traditional,0.081408,0.326656,0.162816,0.570880
1248,traditional,0.070048,0.324608,0.162816,0.557472
1249,traditional,0.082592,0.510976,0.196608,0.790176
1250,traditional,0.081440,0.324608,0.162816,0.568864
1251,traditional,0.072448,0.310272,0.161792,0.544512
1252,traditional,0.069856,0.340992,0.171008,0.581856
1253,traditional,0.070880,0.328704,0.162816,0.562400
1254,traditional,0.075488,0.328704,0.162816,0.567008
1255,traditional,0.071136,0.311296,0.162816,0.545248
1256,traditional,0.077632,0.326656,0.165888,0.570176
1257,traditional,0.068416,0.317440,0.373760,0.759616
1258,traditional,0.074528,0.333824,0.162816,0.571168
1259,traditional,0.072032,0.319488,0.166912,0.558432
1260,traditional,0.069824,0.322560,0.166912,0.559296
1261,traditional,0.068832,0.321536,0.169984,0.560352
1262,traditional,0.072096,0.311296,0.173056,0.556448
1263,traditional,0.070304,0.330752,0.163840,0.564896
1264,traditional,0.069920,0.330752,0.161792,0.562464
1265,traditional,0.069888,0.320512,0.162816,0.553216
1266,traditional,0.069280,0.318464,0.162816,0.550560
1267,traditional,0.069152,0.311296,0.162816,0.543264
1268,traditional,0.069664,0.326656,0.162816,0.559136
1269,traditional,0.070592,0.330752,0.162816,0.564160
1270,traditional,0.074432,0.355328,0.187392,0.617152
1271,traditional,0.069504,0.321536,0.165888,0.556928
1272,traditional,0.069248,0.336896,0.164864,0.571008
1273,traditional,0.070016,0.314368,0.169984,0.554368
1274,traditional,0.075072,0.348160,0.162816,0.586048
1275,traditional,0.081152,0.327680,0.175104,0.583936
1276,traditional,0.069056,0.326656,0.174080,0.569792
1277,traditional,0.070880,0.310272,0.175104,0.556256
1278,traditional,0.072960,0.335872,0.172032,0.580864
1279,traditional,0.069376,0.312320,0.165888,0.547584
1280,traditional,0.083104,0.323584,0.174080,0.580768
1281,traditional,0.070016,0.329728,0.183296,0.583040
1282,traditional,0.071968,0.313344,0.165888,0.551200
1283,traditional,0.072224,0.348160,0.167936,0.588320
1284,traditional,0.069536,0.325632,0.161792,0.556960
1285,traditional,0.081152,0.323584,0.162816,0.567552
1286,traditional,0.070144,0.319488,0.162816,0.552448
1287,traditional,0.073664,0.318464,0.174080,0.566208
1288,traditional,0.073856,0.321536,0.161792,0.557184
1289,traditional,0.069472,0.351232,0.162816,0.583520
1290,traditional,0.069120,0.335872,0.161792,0.566784
1291,traditional,0.069440,0.318464,0.163840,0.551744
1292,traditional,0.072864,0.315392,0.187392,0.575648
1293,traditional,0.073280,0.340992,0.181248,0.595520
1294,traditional,0.070592,0.314368,0.175104,0.560064
1295,traditional,0.069568,0.350208,0.175104,0.594880
1296,traditional,0.069152,0.327680,0.165888,0.562720
1297,traditional,0.080448,0.320512,0.162816,0.563776
1298,traditional,0.070368,0.337920,0.162816,0.571104
1299,traditional,0.073184,0.325632,0.161792,0.560608
1300,traditional,0.073536,0.322560,0.169984,0.566080
1301,traditional,0.069344,0.330752,0.165888,0.565984
1302,traditional,0.074368,0.325632,0.174080,0.574080
1303,traditional,0.068928,0.326656,0.161792,0.557376
1304,traditional,0.081344,0.311296,0.164864,0.557504
1305,traditional,0.069536,0.327680,0.163840,0.561056
1306,traditional,0.079392,0.323584,0.162816,0.565792
1307,traditional,0.069216,0.338944,0.161792,0.569952
1308,traditional,0.070816,0.329728,0.161792,0.562336
1309,traditional,0.085952,0.330752,0.165888,0.582592
1310,traditional,0.069760,0.328704,0.162816,0.561280
1311,traditional,0.069344,0.331776,0.186368,0.587488
1312,traditional,0.069504,0.343040,0.161792,0.574336
1313,traditional,0.072448,0.342016,0.161792,0.576256
1314,traditional,0.082208,0.338944,0.162816,0.583968
1315,traditional,0.068928,0.319488,0.161792,0.550208
1316,traditional,0.075808,0.319488,0.164864,0.560160
1317,traditional,0.069568,0.332800,0.161792,0.564160
1318,traditional,0.069408,0.324608,0.165888,0.559904
1319,traditional,0.079808,0.335872,0.162816,0.578496
1320,traditional,0.070272,0.318464,0.164864,0.553600
1321,traditional,0.085216,0.321536,0.175104,0.581856
1322,traditional,0.071360,0.335872,0.162816,0.570048
1323,traditional,0.073600,0.329728,0.162816,0.566144
1324,traditional,0.079808,0.327680,0.161792,0.569280
1325,traditional,0.070048,0.320512,0.174080,0.564640
1326,traditional,0.069696,0.355328,0.161792,0.586816
1327,traditional,0.069664,0.329728,0.161792,0.561184
1328,traditional,0.068320,0.332800,0.160768,0.561888
1329,traditional,0.069248,0.326656,0.164864,0.560768
1330,traditional,0.069184,0.306176,0.161792,0.537152
1331,traditional,0.069344,0.311296,0.165888,0.546528
1332,traditional,0.069024,0.313344,0.164864,0.547232
1333,traditional,0.069536,0.307200,0.161792,0.538528
1334,traditional,0.071872,0.314368,0.173056,0.559296
1335,traditional,0.070592,0.309248,0.164864,0.544704
1336,traditional,0.072672,0.338944,0.174080,0.585696
1337,traditional,0.068768,0.330752,0.174080,0.573600
1338,traditional,0.069664,0.312320,0.173056,0.555040
1339,traditional,0.068288,0.312320,0.164864,0.545472
1340,traditional,0.068672,0.303104,0.164864,0.536640
1341,traditional,0.069920,0.312320,0.161792,0.544032
1342,traditional,0.068992,0.328704,0.165888,0.563584
1343,traditional,0.079904,0.337920,0.161792,0.579616
1344,traditional,0.070848,0.317440,0.467968,0.856256
1345,traditional,0.069248,0.336896,0.350208,0.756352
1346,traditional,0.069216,0.314368,0.161792,0.545376
1347,traditional,0.069440,0.303104,0.165888,0.538432
1348,traditional,0.068896,0.326656,0.161792,0.557344
1349,traditional,0.068608,0.322560,0.161792,0.552960
1350,traditional,0.072896,0.319488,0.164864,0.557248
1351,traditional,0.080864,0.319488,0.172032,0.572384
1352,traditional,0.069696,0.336896,0.161792,0.568384
1353,traditional,0.070240,0.326656,0.174080,0.570976
1354,traditional,0.069152,0.327680,0.161792,0.558624
1355,traditional,0.068480,0.307200,0.164864,0.540544
1356,traditional,0.070240,0.310272,0.164864,0.545376
1357,traditional,0.081312,0.332800,0.175104,0.589216
1358,traditional,0.073792,0.339968,0.161792,0.575552
1359,traditional,0.077824,0.346112,0.161792,0.585728
1360,traditional,0.069504,0.310272,0.161792,0.541568
1361,traditional,0.069216,0.320512,0.161792,0.551520
1362,traditional,0.075520,0.340992,0.173056,0.589568
1363,traditional,0.085344,0.329728,0.180224,0.595296
1364,traditional,0.069952,0.306176,0.160768,0.536896
1365,traditional,0.069696,0.322560,0.160768,0.553024
1366,traditional,0.072544,0.307200,0.161792,0.541536
1367,traditional,0.078368,0.327680,0.186368,0.592416
1368,traditional,0.080768,0.316416,0.165888,0.563072
1369,traditional,0.069088,0.317440,0.161792,0.548320
1370,traditional,0.072896,0.335872,0.161792,0.570560
1371,traditional,0.068736,0.311296,0.175104,0.555136
1372,traditional,0.070880,0.309248,0.161792,0.541920
1373,traditional,0.088448,0.320512,0.161792,0.570752
1374,traditional,0.068992,0.319488,0.161792,0.550272
1375,traditional,0.068064,0.322560,0.161792,0.552416
1376,traditional,0.070688,0.317440,0.164864,0.552992
1377,traditional,0.069056,0.345088,0.174080,0.588224
1378,traditional,0.069344,0.309248,0.169984,0.548576
1379,traditional,0.074560,0.326656,0.164864,0.566080
1380,traditional,0.069888,0.325632,0.161792,0.557312
1381,traditional,0.086400,0.348160,0.161792,0.596352
1382,traditional,0.069504,0.309248,0.174080,0.552832
1383,traditional,0.083168,0.348160,0.161792,0.593120
1384,traditional,0.069472,0.328704,0.165888,0.564064
1385,traditional,0.074176,0.335872,0.197632,0.607680
1386,traditional,0.069696,0.309248,0.165888,0.544832
1387,traditional,0.068928,0.327680,0.161792,0.558400
1388,traditional,0.069568,0.317440,0.162816,0.549824
1389,traditional,0.069056,0.325632,0.162816,0.557504
1390,traditional,0.074432,0.325632,0.161792,0.561856
1391,traditional,0.076256,0.366592,0.184320,0.627168
1392,traditional,0.074368,0.332800,0.175104,0.582272
1393,traditional,0.068672,0.314368,0.162816,0.545856
1394,traditional,0.069440,0.321536,0.165888,0.556864
1395,traditional,0.069664,0.351232,0.166912,0.587808
1396,traditional,0.077632,0.337920,0.162816,0.578368
1397,traditional,0.070304,0.329728,0.163840,0.563872
1398,traditional,0.069888,0.334848,0.162816,0.567552
1399,traditional,0.070304,0.350208,0.163840,0.584352
1400,traditional,0.070144,0.319488,0.164864,0.554496
1401,traditional,0.069280,0.311296,0.165888,0.546464
1402,traditional,0.070208,0.329728,0.162816,0.562752
1403,traditional,0.071296,0.330752,0.162816,0.564864
1404,traditional,0.069952,0.311296,0.165888,0.547136
1405,traditional,0.073248,0.314368,0.162816,0.550432
1406,traditional,0.069216,0.321536,0.162816,0.553568
1407,traditional,0.069920,0.315392,0.162816,0.548128
1408,traditional,0.080672,0.333824,0.161792,0.576288
1409,traditional,0.069024,0.320512,0.165888,0.555424
1410,traditional,0.068992,0.329728,0.162816,0.561536
1411,traditional,0.068864,0.340992,0.165888,0.575744
1412,traditional,0.071104,0.316416,0.171008,0.558528
1413,traditional,0.069632,0.321536,0.162816,0.553984
1414,traditional,0.069152,0.323584,0.161792,0.554528
1415,traditional,0.073888,0.361472,0.165888,0.601248
1416,traditional,0.069600,0.349184,0.161792,0.580576
1417,traditional,0.070400,0.310272,0.174080,0.554752
1418,traditional,0.069408,0.328704,0.162816,0.560928
1419,traditional,0.070080,0.319488,0.371712,0.761280
1420,traditional,0.069568,0.336896,0.165888,0.572352
1421,traditional,0.070144,0.324608,0.186368,0.581120
1422,traditional,0.069376,0.316416,0.161792,0.547584
1423,traditional,0.067552,0.321536,0.434176,0.823264
1424,traditional,0.080128,0.317440,0.175104,0.572672
1425,traditional,0.074208,0.336896,0.185344,0.596448
1426,traditional,0.071072,0.346112,0.189440,0.606624
1427,traditional,0.070048,0.331776,0.164864,0.566688
1428,traditional,0.069408,0.335872,0.161792,0.567072
1429,traditional,0.073088,0.512000,0.214016,0.799104
1430,traditional,0.076160,0.322560,0.165888,0.564608
1431,traditional,0.069664,0.333824,0.173056,0.576544
1432,traditional,0.069568,0.328704,0.162816,0.561088
1433,traditional,0.069984,0.335872,0.165888,0.571744
1434,traditional,0.069696,0.340992,0.161792,0.572480
1435,traditional,0.069440,0.313344,0.172032,0.554816
1436,traditional,0.080896,0.324608,0.162816,0.568320
1437,traditional,0.083072,0.321536,0.175104,0.579712
1438,traditional,0.079968,0.534528,0.166912,0.781408
1439,traditional,0.069664,0.338944,0.166912,0.575520
1440,traditional,0.069824,0.321536,0.162816,0.554176
1441,traditional,0.082272,0.350208,0.162816,0.595296
1442,traditional,0.082560,0.321536,0.167936,0.572032
1443,traditional,0.072992,0.311296,0.168960,0.553248
1444,traditional,0.072992,0.338944,0.162816,0.574752
1445,traditional,0.069792,0.326656,0.165888,0.562336
1446,traditional,0.071424,0.330752,0.172032,0.574208
1447,traditional,0.072960,0.319488,0.165888,0.558336
1448,traditional,0.069408,0.312320,0.165888,0.547616
1449,traditional,0.069184,0.346112,0.161792,0.577088
1450,traditional,0.072512,0.318464,0.162816,0.553792
1451,traditional,0.069632,0.337920,0.162816,0.570368
1452,traditional,0.068768,0.322560,0.161792,0.553120
1453,traditional,0.067968,0.320512,0.165888,0.554368
1454,traditional,0.080416,0.313344,0.163840,0.557600
1455,traditional,0.080192,0.325632,0.162816,0.568640
1456,traditional,0.068960,0.335872,0.169984,0.574816
1457,traditional,0.068768,0.317440,0.172032,0.558240
1458,traditional,0.070112,0.324608,0.161792,0.556512
1459,traditional,0.073728,0.356352,0.163840,0.593920
1460,traditional,0.071744,0.326656,0.161792,0.560192
1461,traditional,0.068896,0.335872,0.162816,0.567584
1462,traditional,0.069536,0.311296,0.175104,0.555936
1463,traditional,0.069408,0.604160,0.186368,0.859936
1464,traditional,0.081824,0.317440,0.175104,0.574368
1465,traditional,0.069696,0.329728,0.164864,0.564288
1466,traditional,0.070880,0.324608,0.164864,0.560352
1467,traditional,0.071840,0.319488,0.162816,0.554144
1468,traditional,0.079008,0.319488,0.162816,0.561312
1469,traditional,0.069600,0.317440,0.163840,0.550880
1470,traditional,0.082272,0.311296,0.162816,0.556384
1471,traditional,0.079456,0.319488,0.162816,0.561760
1472,traditional,0.073952,0.329728,0.163840,0.567520
1473,traditional,0.069856,0.322560,0.165888,0.558304
1474,traditional,0.070080,0.321536,0.165888,0.557504
1475,traditional,0.071712,0.337920,0.166912,0.576544
1476,traditional,0.069344,0.315392,0.162816,0.547552
1477,traditional,0.069312,0.318464,0.187392,0.575168
1478,traditional,0.069312,0.314368,0.165888,0.549568
1479,traditional,0.081184,0.348160,0.162816,0.592160
1480,traditional,0.068192,0.333824,0.162816,0.564832
1481,traditional,0.073440,0.313344,0.163840,0.550624
1482,traditional,0.072128,0.335872,0.165888,0.573888
1483,traditional,0.074464,0.320512,0.162816,0.557792
1484,traditional,0.071264,0.333824,0.162816,0.567904
1485,traditional,0.069280,0.322560,0.162816,0.554656
1486,traditional,0.082336,0.315392,0.162816,0.560544
1487,traditional,0.070112,0.316416,0.162816,0.549344
1488,traditional,0.075424,0.357376,0.174080,0.606880
1489,traditional,0.068480,0.311296,0.162816,0.542592
1490,traditional,0.077696,0.325632,0.174080,0.577408
1491,traditional,0.069696,0.328704,0.161792,0.560192
1492,traditional,0.070432,0.322560,0.175104,0.568096
1493,traditional,0.074560,0.321536,0.163840,0.559936
1494,traditional,0.080480,0.337920,0.162816,0.581216
1495,traditional,0.068928,0.348160,0.162816,0.579904
1496,traditional,0.069824,0.319488,0.165888,0.555200
1497,traditional,0.069664,0.321536,0.166912,0.558112
1498,traditional,0.071904,0.360448,0.173056,0.605408
1499,traditional,0.072032,0.320512,0.169984,0.562528
1500,traditional,0.069216,0.328704,0.162816,0.560736
1501,traditional,0.070112,0.329728,0.162816,0.562656
1502,traditional,0.069088,0.339968,0.165888,0.574944
1503,traditional,0.072224,0.323584,0.162816,0.558624
1504,traditional,0.082464,0.325632,0.165888,0.573984
1505,traditional,0.069472,0.310272,0.162816,0.542560
1506,traditional,0.075424,0.326656,0.175104,0.577184
1507,traditional,0.071648,0.320512,0.163840,0.556000
1508,traditional,0.071648,0.311296,0.164864,0.547808
1509,traditional,0.068384,0.313344,0.162816,0.544544
1510,traditional,0.069344,0.330752,0.162816,0.562912
1511,traditional,0.069408,0.312320,0.165888,0.547616
1512,traditional,0.074592,0.331776,0.162816,0.569184
1513,traditional,0.068768,0.327680,0.192512,0.588960
1514,traditional,0.069536,0.326656,0.162816,0.559008
1515,traditional,0.069696,0.323584,0.165888,0.559168
1516,traditional,0.069184,0.318464,0.162816,0.550464
1517,traditional,0.068512,0.327680,0.162816,0.559008
1518,traditional,0.082528,0.319488,0.165888,0.567904
1519,traditional,0.079744,0.318464,0.162816,0.561024
1520,traditional,0.074592,0.345088,0.164864,0.584544
1521,traditional,0.069312,0.338944,0.161792,0.570048
1522,traditional,0.073664,0.351232,0.162816,0.587712
1523,traditional,0.069280,0.315392,0.162816,0.547488
1524,traditional,0.069472,0.329728,0.164864,0.564064
1525,traditional,0.073664,0.327680,0.162816,0.564160
1526,traditional,0.069344,0.325632,0.161792,0.556768
1527,traditional,0.072704,0.317440,0.162816,0.552960
1528,traditional,0.081856,0.326656,0.162816,0.571328
1529,traditional,0.069696,0.328704,0.162816,0.561216
1530,traditional,0.069248,0.325632,0.161792,0.556672
1531,traditional,0.069120,0.326656,0.165888,0.561664
1532,traditional,0.072256,0.326656,0.163840,0.562752
1533,traditional,0.074464,0.329728,0.162816,0.567008
1534,traditional,0.072864,0.337920,0.161792,0.572576
1535,traditional,0.069216,0.322560,0.161792,0.553568
1536,traditional,0.070400,0.315392,0.165888,0.551680
1537,traditional,0.073120,0.317440,0.161792,0.552352
1538,traditional,0.069664,0.324608,0.167936,0.562208
1539,traditional,0.081184,0.350208,0.168960,0.600352
1540,traditional,0.070592,0.312320,0.161792,0.544704
1541,traditional,0.070304,0.321536,0.175104,0.566944
1542,traditional,0.069376,0.309248,0.161792,0.540416
1543,traditional,0.073376,0.321536,0.164864,0.559776
1544,traditional,0.069728,0.325632,0.173056,0.568416
1545,traditional,0.069184,0.336896,0.162816,0.568896
1546,traditional,0.068800,0.322560,0.161792,0.553152
1547,traditional,0.069504,0.314368,0.164864,0.548736
1548,traditional,0.068960,0.313344,0.161792,0.544096
1549,traditional,0.069664,0.318464,0.174080,0.562208
1550,traditional,0.073760,0.324608,0.175104,0.573472
1551,traditional,0.078528,0.311296,0.164864,0.554688
1552,traditional,0.069920,0.327680,0.161792,0.559392
1553,traditional,0.069504,0.309248,0.161792,0.540544
1554,traditional,0.069568,0.314368,0.164864,0.548800
1555,traditional,0.081440,0.310272,0.162816,0.554528
1556,traditional,0.069984,0.332800,0.161792,0.564576
1557,traditional,0.068992,0.329728,0.161792,0.560512
1558,traditional,0.069152,0.308224,0.161792,0.539168
1559,traditional,0.079296,0.320512,0.174080,0.573888
1560,traditional,0.072096,0.322560,0.168960,0.563616
1561,traditional,0.069152,0.337920,0.183296,0.590368
1562,traditional,0.070368,0.312320,0.162816,0.545504
1563,traditional,0.071072,0.321536,0.160768,0.553376
1564,traditional,0.069344,0.306176,0.161792,0.537312
1565,traditional,0.069408,0.318464,0.165888,0.553760
1566,traditional,0.077184,0.307200,0.161792,0.546176
1567,traditional,0.068480,0.314368,0.161792,0.544640
1568,traditional,0.069600,0.317440,0.161792,0.548832
1569,traditional,0.069888,0.323584,0.165888,0.559360
1570,traditional,0.068864,0.315392,0.162816,0.547072
1571,traditional,0.069344,0.352256,0.171008,0.592608
1572,traditional,0.069184,0.330752,0.174080,0.574016
1573,traditional,0.080672,0.305152,0.164864,0.550688
1574,traditional,0.069472,0.322560,0.160768,0.552800
1575,traditional,0.069408,0.343040,0.161792,0.574240
1576,traditional,0.069504,0.317440,0.164864,0.551808
1577,traditional,0.079168,0.319488,0.161792,0.560448
1578,traditional,0.074496,0.307200,0.169984,0.551680
1579,traditional,0.068480,0.304128,0.165888,0.538496
1580,traditional,0.069056,0.303104,0.160768,0.532928
1581,traditional,0.068960,0.330752,0.162816,0.562528
1582,traditional,0.070976,0.325632,0.160768,0.557376
1583,traditional,0.081984,0.302080,0.186368,0.570432
1584,traditional,0.074624,0.317440,0.161792,0.553856
1585,traditional,0.069344,0.329728,0.165888,0.564960
1586,traditional,0.068896,0.319488,0.161792,0.550176
1587,traditional,0.074016,0.322560,0.161792,0.558368
1588,traditional,0.096064,0.338944,0.161792,0.596800
1589,traditional,0.079744,0.308224,0.161792,0.549760
1590,traditional,0.068928,0.323584,0.165888,0.558400
1591,traditional,0.077664,0.323584,0.164864,0.566112
1592,traditional,0.073536,0.310272,0.162816,0.546624
1593,traditional,0.070080,0.356352,0.161792,0.588224
1594,traditional,0.069568,0.310272,0.162816,0.542656
1595,traditional,0.068480,0.307200,0.161792,0.537472
1596,traditional,0.067584,0.311296,0.429056,0.807936
1597,traditional,0.069856,0.309248,0.162816,0.541920
1598,traditional,0.069600,0.328704,0.161792,0.560096
1599,traditional,0.075776,0.342016,0.162816,0.580608
1600,traditional,0.074048,0.325632,0.161792,0.561472
1601,traditional,0.068896,0.317440,0.166912,0.553248
1602,traditional,0.069728,0.307200,0.161792,0.538720
1603,traditional,0.068672,0.326656,0.161792,0.557120
1604,traditional,0.069120,0.308224,0.160768,0.538112
1605,traditional,0.069152,0.310272,0.162816,0.542240
1606,traditional,0.070176,0.321536,0.161792,0.553504
1607,traditional,0.081056,0.311296,0.161792,0.554144
1608,traditional,0.068896,0.321536,0.161792,0.552224
1609,traditional,0.068896,0.326656,0.161792,0.557344
1610,traditional,0.070304,0.312320,0.161792,0.544416
1611,traditional,0.068896,0.307200,0.162816,0.538912
1612,traditional,0.071168,0.309248,0.166912,0.547328
1613,traditional,0.074656,0.315392,0.179200,0.569248
1614,traditional,0.070336,0.336896,0.161792,0.569024
1615,traditional,0.069952,0.308224,0.161792,0.539968
1616,traditional,0.069344,0.308224,0.165888,0.543456
1617,traditional,0.071840,0.348160,0.161792,0.581792
1618,traditional,0.071072,0.320512,0.161792,0.553376
1619,traditional,0.069568,0.329728,0.161792,0.561088
1620,traditional,0.069056,0.331776,0.160768,0.561600
1621,traditional,0.068480,0.312320,0.162816,0.543616
1622,traditional,0.072672,0.310272,0.164864,0.547808
1623,traditional,0.068416,0.309248,0.164864,0.542528
1624,traditional,0.094592,0.314368,0.161792,0.570752
1625,traditional,0.069312,0.345088,0.161792,0.576192
1626,traditional,0.076512,0.325632,0.161792,0.563936
1627,traditional,0.072288,0.328704,0.163840,0.564832
1628,traditional,0.080736,0.316416,0.161792,0.558944
1629,traditional,0.081344,0.328704,0.167936,0.577984
1630,traditional,0.072768,0.319488,0.165888,0.558144
1631,traditional,0.068736,0.318464,0.161792,0.548992
1632,traditional,0.077440,0.310272,0.161792,0.549504
1633,traditional,0.076736,0.313344,0.161792,0.551872
1634,traditional,0.081536,0.327680,0.161792,0.571008
1635,traditional,0.082528,0.328704,0.162816,0.574048
1636,traditional,0.069344,0.312320,0.161792,0.543456
1637,traditional,0.070688,0.320512,0.162816,0.554016
1638,traditional,0.080352,0.312320,0.164864,0.557536
1639,traditional,0.082752,0.338944,0.162816,0.584512
1640,traditional,0.094720,0.324608,0.161792,0.581120
1641,traditional,0.071296,0.324608,0.162816,0.558720
1642,traditional,0.072704,0.316416,0.161792,0.550912
1643,traditional,0.069920,0.315392,0.162816,0.548128
1644,traditional,0.068832,0.319488,0.161792,0.550112
1645,traditional,0.070464,0.332800,0.162816,0.566080
1646,traditional,0.070656,0.313344,0.165888,0.549888
1647,traditional,0.069600,0.334848,0.162816,0.567264
1648,traditional,0.081856,0.328704,0.162816,0.573376
1649,traditional,0.069504,0.323584,0.165888,0.558976
1650,traditional,0.069088,0.337920,0.162816,0.569824
1651,traditional,0.080832,0.316416,0.162816,0.560064
1652,traditional,0.072576,0.338944,0.166912,0.578432
1653,traditional,0.069024,0.332800,0.174080,0.575904
1654,traditional,0.069184,0.320512,0.162816,0.552512
1655,traditional,0.069856,0.316416,0.162816,0.549088
1656,traditional,0.069152,0.313344,0.161792,0.544288
1657,traditional,0.082112,0.327680,0.162816,0.572608
1658,traditional,0.079808,0.320512,0.184320,0.584640
1659,traditional,0.069056,0.326656,0.175104,0.570816
1660,traditional,0.069056,0.324608,0.162816,0.556480
1661,traditional,0.069664,0.323584,0.162816,0.556064
1662,traditional,0.071776,0.330752,0.161792,0.564320
1663,traditional,0.072640,0.327680,0.165888,0.566208
1664,traditional,0.073856,0.322560,0.162816,0.559232
1665,traditional,0.070048,0.318464,0.173056,0.561568
1666,traditional,0.069696,0.333824,0.162816,0.566336
1667,traditional,0.071584,0.336896,0.177152,0.585632
1668,traditional,0.069248,0.327680,0.175104,0.572032
1669,traditional,0.069504,0.326656,0.162816,0.558976
1670,traditional,0.069888,0.324608,0.162816,0.557312
1671,traditional,0.069088,0.345088,0.162816,0.576992
1672,traditional,0.070272,0.324608,0.162816,0.557696
1673,traditional,0.070144,0.322560,0.163840,0.556544
1674,traditional,0.075808,0.315392,0.174080,0.565280
1675,traditional,0.070400,0.320512,0.162816,0.553728
1676,traditional,0.069824,0.338944,0.161792,0.570560
1677,traditional,0.081120,0.326656,0.162816,0.570592
1678,traditional,0.070048,0.329728,0.162816,0.562592
1679,traditional,0.081056,0.311296,0.162816,0.555168
1680,traditional,0.069024,0.352256,0.162816,0.584096
1681,traditional,0.071840,0.324608,0.174080,0.570528
1682,traditional,0.073536,0.327680,0.162816,0.564032
1683,traditional,0.069984,0.312320,0.167936,0.550240
1684,traditional,0.070912,0.316416,0.175104,0.562432
1685,traditional,0.069824,0.327680,0.175104,0.572608
1686,traditional,0.080768,0.316416,0.161792,0.558976
1687,traditional,0.081664,0.340992,0.162816,0.585472
1688,traditional,0.073632,0.313344,0.175104,0.562080
1689,traditional,0.068832,0.320512,0.175104,0.564448
1690,traditional,0.073792,0.496640,0.201728,0.772160
1691,traditional,0.075904,0.334848,0.163840,0.574592
1692,traditional,0.079936,0.315392,0.162816,0.558144
1693,traditional,0.071072,0.352256,0.163840,0.587168
1694,traditional,0.076576,0.331776,0.188416,0.596768
1695,traditional,0.069504,0.329728,0.161792,0.561024
1696,traditional,0.071904,0.316416,0.162816,0.551136
1697,traditional,0.070304,0.331776,0.176128,0.578208
1698,traditional,0.069120,0.319488,0.166912,0.555520
1699,traditional,0.072128,0.331776,0.162816,0.566720
1700,traditional,0.092288,0.321536,0.161792,0.575616
1701,traditional,0.069024,0.323584,0.175104,0.567712
1702,traditional,0.069120,0.318464,0.162816,0.550400
1703,traditional,0.069856,0.334848,0.163840,0.568544
1704,traditional,0.077376,0.322560,0.174080,0.574016
1705,traditional,0.069376,0.314368,0.174080,0.557824
1706,traditional,0.073248,0.324608,0.162816,0.560672
1707,traditional,0.068928,0.332800,0.162816,0.564544
1708,traditional,0.070144,0.323584,0.162816,0.556544
1709,traditional,0.069632,0.322560,0.166912,0.559104
1710,traditional,0.074464,0.347136,0.166912,0.588512
1711,traditional,0.072448,0.314368,0.166912,0.553728
1712,traditional,0.069920,0.345088,0.162816,0.577824
1713,traditional,0.072448,0.332800,0.171008,0.576256
1714,traditional,0.069440,0.327680,0.165888,0.563008
1715,traditional,0.069792,0.331776,0.162816,0.564384
1716,traditional,0.070304,0.314368,0.165888,0.550560
1717,traditional,0.068640,0.340992,0.175104,0.584736
1718,traditional,0.068672,0.314368,0.162816,0.545856
1719,traditional,0.069952,0.330752,0.176128,0.576832
1720,traditional,0.070016,0.331776,0.162816,0.564608
1721,traditional,0.072224,0.320512,0.163840,0.556576
1722,traditional,0.068672,0.310272,0.162816,0.541760
1723,traditional,0.077952,0.337920,0.163840,0.579712
1724,traditional,0.069984,0.316416,0.175104,0.561504
1725,traditional,0.070112,0.346112,0.162816,0.579040
1726,traditional,0.069920,0.313344,0.175104,0.558368
1727,traditional,0.069536,0.343040,0.162816,0.575392
1728,traditional,0.078432,0.338944,0.162816,0.580192
1729,traditional,0.082592,0.321536,0.162816,0.566944
1730,traditional,0.069792,0.316416,0.161792,0.548000
1731,traditional,0.073056,0.311296,0.162816,0.547168
1732,traditional,0.080960,0.326656,0.165888,0.573504
1733,traditional,0.073408,0.311296,0.162816,0.547520
1734,traditional,0.092800,0.314368,0.165888,0.573056
1735,traditional,0.072736,0.340992,0.162816,0.576544
1736,traditional,0.069344,0.323584,0.168960,0.561888
1737,traditional,0.069856,0.352256,0.162816,0.584928
1738,traditional,0.069824,0.325632,0.164864,0.560320
1739,traditional,0.072800,0.332800,0.162816,0.568416
1740,traditional,0.079680,0.323584,0.173056,0.576320
1741,traditional,0.077312,0.318464,0.178176,0.573952
1742,traditional,0.069216,0.319488,0.161792,0.550496
1743,traditional,0.069120,0.335872,0.166912,0.571904
1744,traditional,0.069056,0.318464,0.174080,0.561600
1745,traditional,0.069760,0.336896,0.162816,0.569472
1746,traditional,0.068672,0.333824,0.165888,0.568384
1747,traditional,0.081120,0.323584,0.174080,0.578784
1748,traditional,0.070240,0.312320,0.161792,0.544352
1749,traditional,0.069856,0.319488,0.162816,0.552160
1750,traditional,0.073344,0.334848,0.161792,0.569984
1751,traditional,0.069376,0.328704,0.166912,0.564992
1752,traditional,0.072064,0.328704,0.174080,0.574848
1753,traditional,0.067968,0.322560,0.174080,0.564608
1754,traditional,0.079968,0.314368,0.188416,0.582752
1755,traditional,0.080864,0.339968,0.162816,0.583648
1756,traditional,0.069504,0.310272,0.175104,0.554880
1757,traditional,0.074176,0.337920,0.168960,0.581056
1758,traditional,0.069312,0.331776,0.162816,0.563904
1759,traditional,0.072960,0.322560,0.166912,0.562432
1760,traditional,0.074496,0.337920,0.165888,0.578304
1761,traditional,0.069824,0.326656,0.163840,0.560320
1762,traditional,0.069824,0.342016,0.162816,0.574656
1763,traditional,0.082560,0.324608,0.166912,0.574080
1764,traditional,0.082112,0.345088,0.165888,0.593088
1765,traditional,0.070144,0.325632,0.162816,0.558592
1766,traditional,0.069920,0.332800,0.162816,0.565536
1767,traditional,0.069152,0.353280,0.161792,0.584224
1768,traditional,0.069344,0.333824,0.161792,0.564960
1769,traditional,0.072096,0.333824,0.161792,0.567712
1770,traditional,0.069952,0.319488,0.160768,0.550208
1771,traditional,0.074816,0.331776,0.161792,0.568384
1772,traditional,0.072032,0.342016,0.161792,0.575840
1773,traditional,0.069696,0.339968,0.161792,0.571456
1774,traditional,0.069312,0.321536,0.161792,0.552640
1775,traditional,0.069728,0.317440,0.164864,0.552032
1776,traditional,0.080448,0.333824,0.161792,0.576064
1777,traditional,0.069472,0.329728,0.169984,0.569184
1778,traditional,0.070368,0.319488,0.163840,0.553696
1779,traditional,0.070048,0.339968,0.164864,0.574880
1780,traditional,0.070400,0.330752,0.161792,0.562944
1781,traditional,0.081824,0.312320,0.174080,0.568224
1782,traditional,0.069568,0.317440,0.165888,0.552896
1783,traditional,0.080608,0.327680,0.174080,0.582368
1784,traditional,0.069088,0.318464,0.161792,0.549344
1785,traditional,0.082048,0.318464,0.164864,0.565376
1786,traditional,0.081472,0.311296,0.161792,0.554560
1787,traditional,0.072384,0.319488,0.162816,0.554688
1788,traditional,0.069344,0.313344,0.161792,0.544480
1789,traditional,0.081472,0.322560,0.162816,0.566848
1790,traditional,0.073440,0.330752,0.161792,0.565984
1791,traditional,0.080384,0.332800,0.161792,0.574976
1792,traditional,0.081536,0.328704,0.162816,0.573056
1793,traditional,0.072864,0.313344,0.164864,0.551072
1794,traditional,0.071968,0.319488,0.163840,0.555296
1795,traditional,0.070432,0.318464,0.161792,0.550688
1796,traditional,0.069408,0.308224,0.166912,0.544544
1797,traditional,0.076736,0.333824,0.171008,0.581568
1798,traditional,0.069696,0.307200,0.165888,0.542784
1799,traditional,0.070784,0.335872,0.174080,0.580736
1800,traditional,0.094400,0.330752,0.164864,0.590016
1801,traditional,0.075392,0.343040,0.162816,0.581248
1802,traditional,0.080928,0.333824,0.185344,0.600096
1803,traditional,0.069184,0.327680,0.162816,0.559680
1804,traditional,0.070720,0.315392,0.174080,0.560192
1805,traditional,0.068896,0.318464,0.167936,0.555296
1806,traditional,0.069728,0.313344,0.172032,0.555104
1807,traditional,0.079968,0.332800,0.162816,0.575584
1808,traditional,0.074112,0.311296,0.164864,0.550272
1809,traditional,0.069696,0.305152,0.161792,0.536640
1810,traditional,0.069152,0.318464,0.161792,0.549408
1811,traditional,0.068640,0.310272,0.161792,0.540704
1812,traditional,0.069248,0.309248,0.162816,0.541312
1813,traditional,0.069568,0.305152,0.160768,0.535488
1814,traditional,0.069376,0.303104,0.165888,0.538368
1815,traditional,0.069600,0.307200,0.162816,0.539616
1816,traditional,0.080256,0.330752,0.161792,0.572800
1817,traditional,0.072160,0.313344,0.161792,0.547296
1818,traditional,0.068576,0.302080,0.160768,0.531424
1819,traditional,0.069312,0.302080,0.164864,0.536256
1820,traditional,0.069664,0.312320,0.160768,0.542752
1821,traditional,0.069856,0.306176,0.165888,0.541920
1822,traditional,0.077056,0.316416,0.161792,0.555264
1823,traditional,0.074400,0.307200,0.162816,0.544416
1824,traditional,0.069504,0.303104,0.160768,0.533376
1825,traditional,0.069472,0.313344,0.161792,0.544608
1826,traditional,0.068960,0.324608,0.161792,0.555360
1827,traditional,0.069440,0.306176,0.161792,0.537408
1828,traditional,0.070112,0.310272,0.164864,0.545248
1829,traditional,0.068928,0.314368,0.165888,0.549184
1830,traditional,0.069952,0.305152,0.161792,0.536896
1831,traditional,0.070592,0.315392,0.168960,0.554944
1832,traditional,0.070048,0.318464,0.161792,0.550304
1833,traditional,0.069792,0.312320,0.162816,0.544928
1834,traditional,0.069408,0.317440,0.161792,0.548640
1835,traditional,0.072832,0.311296,0.166912,0.551040
1836,traditional,0.073088,0.324608,0.162816,0.560512
1837,traditional,0.069024,0.306176,0.168960,0.544160
1838,traditional,0.080704,0.321536,0.161792,0.564032
1839,traditional,0.069440,0.309248,0.165888,0.544576
1840,traditional,0.069920,0.332800,0.161792,0.564512
1841,traditional,0.068928,0.336896,0.164864,0.570688
1842,traditional,0.069024,0.316416,0.161792,0.547232
1843,traditional,0.068608,0.307200,0.162816,0.538624
1844,traditional,0.068672,0.304128,0.161792,0.534592
1845,traditional,0.080736,0.310272,0.165888,0.556896
1846,traditional,0.079904,0.321536,0.165888,0.567328
1847,traditional,0.069088,0.321536,0.161792,0.552416
1848,traditional,0.071744,0.315392,0.164864,0.552000
1849,traditional,0.069504,0.316416,0.164864,0.550784
1850,traditional,0.079296,0.311296,0.162816,0.553408
1851,traditional,0.081696,0.306176,0.161792,0.549664
1852,traditional,0.069152,0.322560,0.163840,0.555552
1853,traditional,0.068672,0.314368,0.161792,0.544832
1854,traditional,0.079136,0.315392,0.161792,0.556320
1855,traditional,0.094688,0.313344,0.164864,0.572896
1856,traditional,0.069952,0.339968,0.161792,0.571712
1857,traditional,0.069536,0.307200,0.162816,0.539552
1858,traditional,0.069888,0.317440,0.164864,0.552192
1859,traditional,0.080096,0.307200,0.162816,0.550112
1860,traditional,0.068768,0.331776,0.161792,0.562336
1861,traditional,0.073664,0.327680,0.161792,0.563136
1862,traditional,0.074720,0.321536,0.172032,0.568288
1863,traditional,0.069984,0.318464,0.165888,0.554336
1864,traditional,0.068608,0.318464,0.175104,0.562176
1865,traditional,0.069856,0.322560,0.161792,0.554208
1866,traditional,0.069024,0.314368,0.162816,0.546208
1867,traditional,0.069696,0.333824,0.162816,0.566336
1868,traditional,0.071936,0.316416,0.161792,0.550144
1869,traditional,0.072576,0.332800,0.187392,0.592768
1870,traditional,0.073440,0.311296,0.164864,0.549600
1871,traditional,0.069472,0.335872,0.161792,0.567136
1872,traditional,0.069824,0.319488,0.164864,0.554176
1873,traditional,0.080928,0.338944,0.187392,0.607264
1874,traditional,0.070624,0.325632,0.161792,0.558048
1875,traditional,0.068608,0.322560,0.162816,0.553984
1876,traditional,0.073216,0.325632,0.165888,0.564736
1877,traditional,0.075360,0.323584,0.173056,0.572000
1878,traditional,0.081312,0.324608,0.166912,0.572832
1879,traditional,0.070112,0.312320,0.161792,0.544224
1880,traditional,0.068928,0.315392,0.167936,0.552256
1881,traditional,0.073920,0.313344,0.161792,0.549056
1882,traditional,0.069856,0.325632,0.174080,0.569568
1883,traditional,0.072480,0.319488,0.161792,0.553760
1884,traditional,0.069952,0.312320,0.160768,0.543040
1885,traditional,0.069568,0.316416,0.166912,0.552896
1886,traditional,0.071008,0.324608,0.174080,0.569696
1887,traditional,0.070240,0.313344,0.161792,0.545376
1888,traditional,0.069440,0.326656,0.174080,0.570176
1889,traditional,0.073248,0.324608,0.162816,0.560672
1890,traditional,0.070432,0.326656,0.174080,0.571168
1891,traditional,0.072736,0.310272,0.165888,0.548896
1892,traditional,0.072992,0.321536,0.162816,0.557344
1893,traditional,0.070080,0.324608,0.162816,0.557504
1894,traditional,0.069504,0.325632,0.162816,0.557952
1895,traditional,0.069120,0.318464,0.190464,0.578048
1896,traditional,0.070176,0.321536,0.161792,0.553504
1897,traditional,0.070560,0.334848,0.166912,0.572320
1898,traditional,0.073472,0.326656,0.173056,0.573184
1899,traditional,0.069600,0.318464,0.161792,0.549856
1900,traditional,0.081728,0.321536,0.162816,0.566080
1901,traditional,0.069632,0.326656,0.175104,0.571392
1902,traditional,0.081664,0.327680,0.190464,0.599808
1903,traditional,0.073984,0.323584,0.161792,0.559360
1904,traditional,0.069664,0.338944,0.161792,0.570400
1905,traditional,0.073536,0.339968,0.161792,0.575296
1906,traditional,0.068960,0.343040,0.161792,0.573792
1907,traditional,0.072704,0.332800,0.165888,0.571392
1908,traditional,0.069728,0.321536,0.164864,0.556128
1909,traditional,0.078048,0.362496,0.187392,0.627936
1910,traditional,0.076032,0.313344,0.162816,0.552192
1911,traditional,0.070176,0.320512,0.174080,0.564768
1912,traditional,0.070368,0.320512,0.161792,0.552672
1913,traditional,0.080352,0.346112,0.166912,0.593376
1914,traditional,0.069728,0.334848,0.161792,0.566368
1915,traditional,0.068160,0.310272,0.166912,0.545344
1916,traditional,0.086912,0.338944,0.176128,0.601984
1917,traditional,0.070912,0.310272,0.165888,0.547072
1918,traditional,0.071168,0.316416,0.161792,0.549376
1919,traditional,0.071872,0.311296,0.166912,0.550080
1920,traditional,0.088128,0.329728,0.164864,0.582720
1921,traditional,0.081376,0.314368,0.161792,0.557536
1922,traditional,0.069376,0.316416,0.164864,0.550656
1923,traditional,0.071552,0.311296,0.164864,0.547712
1924,traditional,0.070144,0.325632,0.186368,0.582144
1925,traditional,0.069216,0.313344,0.161792,0.544352
1926,traditional,0.069888,0.338944,0.161792,0.570624
1927,traditional,0.069728,0.323584,0.161792,0.555104
1928,traditional,0.071680,0.316416,0.171008,0.559104
1929,traditional,0.069728,0.316416,0.162816,0.548960
1930,traditional,0.070336,0.312320,0.174080,0.556736
1931,traditional,0.070208,0.310272,0.161792,0.542272
1932,traditional,0.068320,0.325632,0.161792,0.555744
1933,traditional,0.069056,0.320512,0.162816,0.552384
1934,traditional,0.069440,0.311296,0.162816,0.543552
1935,traditional,0.072832,0.323584,0.161792,0.558208
1936,traditional,0.072224,0.339968,0.161792,0.573984
1937,traditional,0.070656,0.338944,0.161792,0.571392
1938,traditional,0.069344,0.310272,0.186368,0.565984
1939,traditional,0.069696,0.314368,0.164864,0.548928
1940,traditional,0.069504,0.317440,0.161792,0.548736
1941,traditional,0.069856,0.323584,0.165888,0.559328
1942,traditional,0.092864,0.323584,0.161792,0.578240
1943,traditional,0.094176,0.320512,0.161792,0.576480
1944,traditional,0.069376,0.315392,0.185344,0.570112
1945,traditional,0.069856,0.311296,0.171008,0.552160
1946,traditional,0.071968,0.312320,0.165888,0.550176
1947,traditional,0.068896,0.316416,0.174080,0.559392
1948,traditional,0.072928,0.319488,0.164864,0.557280
1949,traditional,0.070880,0.312320,0.161792,0.544992
1950,traditional,0.071072,0.311296,0.161792,0.544160
1951,traditional,0.069248,0.312320,0.165888,0.547456
1952,traditional,0.070848,0.321536,0.162816,0.555200
1953,traditional,0.081248,0.339968,0.161792,0.583008
1954,traditional,0.069120,0.322560,0.165888,0.557568
1955,traditional,0.068608,0.318464,0.186368,0.573440
1956,traditional,0.068768,0.323584,0.161792,0.554144
1957,traditional,0.070016,0.319488,0.164864,0.554368
1958,traditional,0.069472,0.310272,0.175104,0.554848
1959,traditional,0.069920,0.328704,0.165888,0.564512
1960,traditional,0.080096,0.317440,0.161792,0.559328
1961,traditional,0.071072,0.358400,0.162816,0.592288
1962,traditional,0.069952,0.323584,0.161792,0.555328
1963,traditional,0.069280,0.310272,0.374784,0.754336
1964,traditional,0.069696,0.339968,0.162816,0.572480
1965,traditional,0.070528,0.310272,0.165888,0.546688
1966,traditional,0.070208,0.318464,0.161792,0.550464
1967,traditional,0.073344,0.340992,0.162816,0.577152
1968,traditional,0.077216,0.312320,0.166912,0.556448
1969,traditional,0.073856,0.312320,0.162816,0.548992
1970,traditional,0.080640,0.334848,0.193536,0.609024
1971,traditional,0.069184,0.315392,0.161792,0.546368
1972,traditional,0.073280,0.461824,0.167936,0.703040
1973,traditional,0.072480,0.319488,0.183296,0.575264
1974,traditional,0.069760,0.323584,0.161792,0.555136
1975,traditional,0.072192,0.312320,0.165888,0.550400
1976,traditional,0.069440,0.324608,0.161792,0.555840
1977,traditional,0.069728,0.355328,0.161792,0.586848
1978,traditional,0.070048,0.322560,0.162816,0.555424
1979,traditional,0.070112,0.319488,0.161792,0.551392
1980,traditional,0.071904,0.312320,0.172032,0.556256
1981,traditional,0.069280,0.348160,0.161792,0.579232
1982,traditional,0.079424,0.318464,0.161792,0.559680
1983,traditional,0.070080,0.330752,0.162816,0.563648
1984,traditional,0.069792,0.332800,0.161792,0.564384
1985,traditional,0.071200,0.332800,0.161792,0.565792
1986,traditional,0.074432,0.316416,0.161792,0.552640
1987,traditional,0.070432,0.324608,0.162816,0.557856
1988,traditional,0.073376,0.317440,0.161792,0.552608
1989,traditional,0.081024,0.332800,0.162816,0.576640
1990,traditional,0.082208,0.356352,0.162816,0.601376
1991,traditional,0.069856,0.342016,0.171008,0.582880
1992,traditional,0.076736,0.321536,0.161792,0.560064
1993,traditional,0.070368,0.337920,0.161792,0.570080
1994,traditional,0.069664,0.324608,0.162816,0.557088
1995,traditional,0.069248,0.311296,0.164864,0.545408
1996,traditional,0.069632,0.331776,0.174080,0.575488
1997,traditional,0.069568,0.339968,0.162816,0.572352
1998,traditional,0.069856,0.311296,0.161792,0.542944
1999,traditional,0.068800,0.330752,0.161792,0.561344
2000,traditional,0.091264,0.325632,0.175104,0.592000
2001,traditional,0.069600,0.331776,0.168960,0.570336
2002,traditional,0.068960,0.330752,0.164864,0.564576
2003,traditional,0.092032,0.333824,0.161792,0.587648
2004,traditional,0.069632,0.318464,0.161792,0.549888
2005,traditional,0.072384,0.336896,0.162816,0.572096
2006,traditional,0.072320,0.320512,0.161792,0.554624
2007,traditional,0.069632,0.324608,0.164864,0.559104
2008,traditional,0.069504,0.334848,0.162816,0.567168
2009,traditional,0.072768,0.325632,0.162816,0.561216
2010,traditional,0.071104,0.325632,0.164864,0.561600
2011,traditional,0.069792,0.317440,0.162816,0.550048
2012,traditional,0.072576,0.322560,0.162816,0.557952
2013,traditional,0.069120,0.319488,0.161792,0.550400
2014,traditional,0.069536,0.373760,0.161792,0.605088
2015,traditional,0.081056,0.322560,0.161792,0.565408
2016,traditional,0.078272,0.328704,0.165888,0.572864
2017,traditional,0.072544,0.322560,0.165888,0.560992
2018,traditional,0.069984,0.318464,0.161792,0.550240
2019,traditional,0.070688,0.314368,0.162816,0.547872
2020,traditional,0.073888,0.331776,0.161792,0.567456
2021,traditional,0.069568,0.316416,0.162816,0.548800
2022,traditional,0.072896,0.327680,0.167936,0.568512
2023,traditional,0.069792,0.311296,0.162816,0.543904
2024,traditional,0.069664,0.310272,0.165888,0.545824
2025,traditional,0.081056,0.325632,0.161792,0.568480
2026,traditional,0.068864,0.330752,0.161792,0.561408
2027,traditional,0.071744,0.317440,0.162816,0.552000
2028,traditional,0.071072,0.333824,0.161792,0.566688
2029,traditional,0.070368,0.324608,0.162816,0.557792
2030,traditional,0.068928,0.310272,0.162816,0.542016
2031,traditional,0.069344,0.317440,0.175104,0.561888
2032,traditional,0.069664,0.321536,0.162816,0.554016
2033,traditional,0.069920,0.323584,0.174080,0.567584
2034,traditional,0.069184,0.319488,0.161792,0.550464
2035,traditional,0.074016,0.335872,0.183296,0.593184
2036,traditional,0.071648,0.331776,0.168960,0.572384
2037,traditional,0.069824,0.310272,0.161792,0.541888
2038,traditional,0.071360,0.311296,0.164864,0.547520
2039,traditional,0.069920,0.338944,0.162816,0.571680
2040,traditional,0.070848,0.315392,0.174080,0.560320
2041,traditional,0.069184,0.325632,0.161792,0.556608
2042,traditional,0.069344,0.333824,0.161792,0.564960
2043,traditional,0.068416,0.319488,0.161792,0.549696
2044,traditional,0.070880,0.322560,0.174080,0.567520
2045,traditional,0.069312,0.323584,0.161792,0.554688
2046,traditional,0.072704,0.327680,0.165888,0.566272
2047,traditional,0.073728,0.312320,0.161792,0.547840
2048,traditional,0.069024,0.313344,0.165888,0.548256
2049,traditional,0.069248,0.347136,0.165888,0.582272
2050,traditional,0.073088,0.334848,0.172032,0.579968
2051,traditional,0.069216,0.318464,0.162816,0.550496
2052,traditional,0.073440,0.319488,0.161792,0.554720
2053,traditional,0.092960,0.337920,0.174080,0.604960
2054,traditional,0.069024,0.313344,0.165888,0.548256
2055,traditional,0.071968,0.315392,0.162816,0.550176
2056,traditional,0.069408,0.318464,0.161792,0.549664
2057,traditional,0.070016,0.338944,0.166912,0.575872
2058,traditional,0.072096,0.329728,0.165888,0.567712
2059,traditional,0.069152,0.331776,0.174080,0.575008
2060,traditional,0.069888,0.322560,0.161792,0.554240
2061,traditional,0.068576,0.324608,0.377856,0.771040
2062,traditional,0.071104,0.352256,0.161792,0.585152
2063,traditional,0.070304,0.312320,0.165888,0.548512
2064,traditional,0.079232,0.339968,0.161792,0.580992
2065,traditional,0.071968,0.328704,0.359424,0.760096
2066,traditional,0.081632,0.322560,0.161792,0.565984
2067,traditional,0.068800,0.312320,0.175104,0.556224
2068,traditional,0.075392,0.322560,0.184320,0.582272
2069,traditional,0.071360,0.335872,0.162816,0.570048
2070,traditional,0.069536,0.322560,0.161792,0.553888
2071,traditional,0.076864,0.345088,0.166912,0.588864
2072,traditional,0.068640,0.315392,0.164864,0.548896
2073,traditional,0.068896,0.335872,0.165888,0.570656
2074,traditional,0.070176,0.327680,0.165888,0.563744
2075,traditional,0.069728,0.310272,0.187392,0.567392
2076,traditional,0.073856,0.321536,0.161792,0.557184
2077,traditional,0.068512,0.342016,0.161792,0.572320
2078,traditional,0.072544,0.321536,0.162816,0.556896
2079,traditional,0.068704,0.325632,0.164864,0.559200
2080,traditional,0.069056,0.339968,0.165888,0.574912
2081,traditional,0.070048,0.320512,0.162816,0.553376
2082,traditional,0.078912,0.310272,0.165888,0.555072
2083,traditional,0.069824,0.312320,0.167936,0.550080
2084,traditional,0.069632,0.320512,0.165888,0.556032
2085,traditional,0.080576,0.329728,0.161792,0.572096
2086,traditional,0.082784,0.335872,0.160768,0.579424
2087,traditional,0.069376,0.339968,0.175104,0.584448
2088,traditional,0.069696,0.316416,0.162816,0.548928
2089,traditional,0.070240,0.322560,0.166912,0.559712
2090,traditional,0.074688,0.309248,0.161792,0.545728
2091,traditional,0.069824,0.322560,0.161792,0.554176
2092,traditional,0.069248,0.317440,0.172032,0.558720
2093,traditional,0.069344,0.321536,0.167936,0.558816
2094,traditional,0.082592,0.329728,0.165888,0.578208
2095,traditional,0.069312,0.322560,0.174080,0.565952
2096,traditional,0.073344,0.316416,0.161792,0.551552
2097,traditional,0.069472,0.320512,0.161792,0.551776
2098,traditional,0.069440,0.322560,0.161792,0.553792
2099,traditional,0.073088,0.318464,0.162816,0.554368
2100,traditional,0.071328,0.324608,0.165888,0.561824
