frame,renderPath,shadowMs,sceneMs,postProcessMs,frameMs
1,traditional,0.079680,1.174528,0.223232,1.477440
2,traditional,0.078592,1.168384,0.224256,1.471232
3,traditional,0.078240,1.149952,0.222208,1.450400
4,traditional,0.083744,1.157120,0.225280,1.466144
5,traditional,0.082080,1.644544,0.437248,2.163872
6,traditional,0.082496,1.139712,0.222208,1.444416
7,traditional,0.076992,1.144832,0.236544,1.458368
8,traditional,0.084768,1.142784,0.222208,1.449760
9,traditional,0.084448,1.179648,0.222208,1.486304
10,traditional,0.086944,1.170432,0.225280,1.482656
11,traditional,0.077408,1.574912,0.225280,1.877600
12,traditional,0.090048,1.764352,0.226304,2.080704
13,traditional,0.077632,1.153024,0.221184,1.451840
14,traditional,0.079712,1.178624,0.221184,1.479520
15,traditional,0.076800,1.130496,0.221184,1.428480
16,traditional,0.076384,1.128448,0.221184,1.426016
17,traditional,0.076416,1.158144,0.220160,1.454720
18,traditional,0.077152,1.137664,0.225280,1.440096
19,traditional,0.078976,1.137664,0.225280,1.441920
20,traditional,0.090016,1.171456,0.225280,1.486752
21,traditional,0.077088,1.150976,0.221184,1.449248
22,traditional,0.084192,1.176576,0.221184,1.481952
23,traditional,0.087680,1.155072,0.225280,1.468032
24,traditional,0.080384,1.143808,0.221184,1.445376
25,traditional,0.077152,1.567744,0.226304,1.871200
26,traditional,0.077856,1.152000,0.221184,1.451040
27,traditional,0.091904,1.492992,0.500736,2.085632
28,traditional,0.081824,1.388544,0.221184,1.691552
29,traditional,0.081120,1.580032,0.225280,1.886432
30,traditional,0.076832,1.585152,0.226304,1.888288
31,traditional,0.081856,1.140736,0.221184,1.443776
32,traditional,0.076480,1.164288,0.221184,1.461952
33,traditional,0.087968,1.335296,0.223232,1.646496
34,traditional,0.076992,1.166336,0.225280,1.468608
35,traditional,0.076192,1.126400,0.221184,1.423776
36,traditional,0.077472,1.158144,0.232448,1.468064
37,traditional,0.075488,1.144832,0.221184,1.441504
38,traditional,0.081152,1.334272,0.221184,1.636608
39,traditional,0.088128,1.160192,0.236544,1.484864
40,traditional,0.076704,1.145856,0.221184,1.443744
41,traditional,0.078816,1.405952,0.222208,1.706976
42,traditional,0.076832,1.137664,0.221184,1.435680
43,traditional,0.086688,1.192960,0.222208,1.501856
44,traditional,0.082176,1.160192,0.221184,1.463552
45,traditional,0.076192,1.183744,0.221184,1.481120
46,traditional,0.076992,1.347584,0.221184,1.645760
47,traditional,0.075776,1.140736,0.221184,1.437696
48,traditional,0.080416,1.148928,0.221184,1.450528
49,traditional,0.078656,1.388544,0.224256,1.691456
50,traditional,0.076320,1.124352,0.220160,1.420832
51,traditional,0.080704,1.170432,0.221184,1.472320
52,traditional,0.092992,1.605632,0.418816,2.117440
53,traditional,0.081376,1.779712,0.228352,2.089440
54,traditional,0.079904,1.181696,0.222208,1.483808
55,traditional,0.087776,1.155072,0.221184,1.464032
56,traditional,0.085728,1.385472,0.221184,1.692384
57,traditional,0.076256,1.153024,0.219136,1.448416
58,traditional,0.076512,1.160192,0.219136,1.455840
59,traditional,0.081728,1.131520,0.220160,1.433408
60,traditional,0.080768,1.175552,0.222208,1.478528
61,traditional,0.084480,1.144832,0.219136,1.448448
62,traditional,0.075776,1.136640,0.219136,1.431552
63,traditional,0.087936,1.482752,0.510976,2.081664
64,traditional,0.081824,1.356800,0.226304,1.664928
65,traditional,0.076480,1.342464,0.219136,1.638080
66,traditional,0.079680,1.137664,0.220160,1.437504
67,traditional,0.081088,1.588224,0.417792,2.087104
68,traditional,0.082688,1.544192,0.435200,2.062080
69,traditional,0.080960,1.143808,0.220160,1.444928
70,traditional,0.078464,1.124352,0.219136,1.421952
71,traditional,0.090816,1.360896,0.220160,1.671872
72,traditional,0.075264,1.783808,0.222208,2.081280
73,traditional,0.080448,1.155072,0.224256,1.459776
74,traditional,0.076064,1.119232,0.529408,1.724704
75,traditional,0.079488,1.134592,0.220160,1.434240
76,traditional,0.082432,1.120256,0.219136,1.421824
77,traditional,0.105312,1.356800,0.219136,1.681248
78,traditional,0.077088,1.543168,0.219136,1.839392
79,traditional,0.080864,1.137664,0.219136,1.437664
80,traditional,0.076064,1.116160,0.220160,1.412384
81,traditional,0.080448,1.357824,0.223232,1.661504
82,traditional,0.080384,1.137664,0.218112,1.436160
83,traditional,0.075168,1.132544,0.243712,1.451424
84,traditional,0.078176,1.363968,0.219136,1.661280
85,traditional,0.075456,1.145856,0.218112,1.439424
86,traditional,0.075040,1.132544,0.218112,1.425696
87,traditional,0.088640,1.367040,0.219136,1.674816
88,traditional,0.075136,1.122304,0.223232,1.420672
89,traditional,0.078112,1.149952,0.218112,1.446176
90,traditional,0.088896,1.129472,0.218112,1.436480
91,traditional,0.079264,1.180672,0.219136,1.479072
92,traditional,0.075328,1.135616,0.541696,1.752640
93,traditional,0.085184,1.347584,0.218112,1.650880
94,traditional,0.075392,1.139712,0.219136,1.434240
95,traditional,0.082976,1.153024,0.219136,1.455136
96,traditional,0.083488,1.138688,0.218112,1.440288
97,traditional,0.075872,1.137664,0.220160,1.433696
98,traditional,0.075264,1.117184,0.219136,1.411584
99,traditional,0.080576,1.348608,0.223232,1.652416
100,traditional,0.091232,1.120256,0.219136,1.430624
101,traditional,0.074656,1.160192,0.218112,1.452960
102,traditional,0.080864,1.368064,0.224256,1.673184
103,traditional,0.082368,1.127424,0.219136,1.428928
104,traditional,0.075744,1.038336,0.197632,1.311712
105,traditional,0.081248,1.224704,0.198656,1.504608
106,traditional,0.069760,1.411072,0.198656,1.679488
107,traditional,0.072608,1.086464,0.198656,1.357728
108,traditional,0.068864,1.017856,0.198656,1.285376
109,traditional,0.074496,1.225728,0.202752,1.502976
110,traditional,0.078880,1.411072,0.211968,1.701920
111,traditional,0.069696,1.228800,0.198656,1.497152
112,traditional,0.068960,1.032192,0.198656,1.299808
113,traditional,0.073728,1.042432,0.199680,1.315840
114,traditional,0.070944,1.382400,0.215040,1.668384
115,traditional,0.077056,1.465344,0.390144,1.932544
116,traditional,0.081792,1.480704,0.387072,1.949568
117,traditional,0.069600,1.022976,0.201728,1.294304
118,traditional,0.073248,1.032192,0.198656,1.304096
119,traditional,0.075040,1.244160,0.199680,1.518880
120,traditional,0.069056,1.019904,0.198656,1.287616
121,traditional,0.073600,1.041408,0.198656,1.313664
122,traditional,0.070272,1.266688,0.203776,1.540736
123,traditional,0.074272,1.068032,0.198656,1.340960
124,traditional,0.070656,1.033216,0.202752,1.306624
125,traditional,0.068704,1.013760,0.198656,1.281120
126,traditional,0.069344,1.019904,0.198656,1.287904
127,traditional,0.077248,1.249280,0.198656,1.525184
128,traditional,0.068416,1.067008,0.421888,1.557312
129,traditional,0.068832,1.564672,0.204800,1.838304
130,traditional,0.072480,1.239040,0.228352,1.539872
131,traditional,0.069152,1.019904,0.198656,1.287712
132,traditional,0.069856,1.035264,0.199680,1.304800
133,traditional,0.069216,1.012736,0.202752,1.284704
134,traditional,0.074496,1.041408,0.198656,1.314560
135,traditional,0.069760,1.252352,0.198656,1.520768
136,traditional,0.068928,1.047552,0.198656,1.315136
137,traditional,0.073344,1.091584,0.198656,1.363584
138,traditional,0.070016,1.006592,0.198656,1.275264
139,traditional,0.074624,1.267712,0.202752,1.545088
140,traditional,0.082912,1.030144,0.201728,1.314784
141,traditional,0.076288,1.035264,0.199680,1.311232
142,traditional,0.076192,1.255424,0.199680,1.531296
143,traditional,0.069216,1.026048,0.200704,1.295968
144,traditional,0.075904,1.043456,0.198656,1.318016
145,traditional,0.082176,1.043456,0.199680,1.325312
146,traditional,0.069472,1.072128,0.202752,1.344352
147,traditional,0.069504,1.058816,0.199680,1.328000
148,traditional,0.070848,1.226752,0.199680,1.497280
149,traditional,0.069152,1.076224,0.199680,1.345056
150,traditional,0.069280,1.336320,0.457728,1.863328
151,traditional,0.073600,1.269760,0.203776,1.547136
152,traditional,0.079904,1.035264,0.199680,1.314848
153,traditional,0.071456,1.250304,0.199680,1.521440
154,traditional,0.068864,1.016832,0.202752,1.288448
155,traditional,0.068992,1.030144,0.199680,1.298816
156,traditional,0.082592,1.247232,0.199680,1.529504
157,traditional,0.068672,1.056768,0.216064,1.341504
158,traditional,0.069152,1.012736,0.199680,1.281568
159,traditional,0.075488,1.441792,0.201728,1.719008
160,traditional,0.076256,1.436672,0.376832,1.889760
161,traditional,0.069600,1.041408,0.199680,1.310688
162,traditional,0.069984,1.017856,0.199680,1.287520
163,traditional,0.069696,1.025024,0.198656,1.293376
164,traditional,0.069792,1.027072,0.199680,1.296544
165,traditional,0.070272,1.046528,0.199680,1.316480
166,traditional,0.073248,1.020928,0.203776,1.297952
167,traditional,0.068000,1.043456,0.199680,1.311136
168,traditional,0.070368,1.216512,0.199680,1.486560
169,traditional,0.085664,1.075200,0.199680,1.360544
170,traditional,0.069472,1.026048,0.203776,1.299296
171,traditional,0.070752,1.040384,0.199680,1.310816
172,traditional,0.068544,1.077248,0.217088,1.362880
173,traditional,0.069248,1.015808,0.595968,1.681024
174,traditional,0.075072,1.263616,0.355328,1.694016
175,traditional,0.070336,1.429504,0.201728,1.701568
176,traditional,0.070016,1.026048,0.202752,1.298816
177,traditional,0.068512,1.012736,0.224256,1.305504
178,traditional,0.072128,1.248256,0.199680,1.520064
179,traditional,0.069280,1.046528,0.199680,1.315488
180,traditional,0.069344,1.030144,0.199680,1.299168
181,traditional,0.097536,1.235968,0.199680,1.533184
182,traditional,0.069536,1.032192,0.199680,1.301408
183,traditional,0.068704,1.022976,0.198656,1.290336
184,traditional,0.080928,1.229824,0.198656,1.509408
185,traditional,0.071072,1.017856,0.199680,1.288608
186,traditional,0.069120,1.058816,0.203776,1.331712
187,traditional,0.074368,1.062912,0.200704,1.337984
188,traditional,0.069344,1.019904,0.199680,1.288928
189,traditional,0.072320,1.037312,0.198656,1.308288
190,traditional,0.081824,1.024000,0.199680,1.305504
191,traditional,0.072192,1.032192,0.204800,1.309184
192,traditional,0.081312,1.035264,0.199680,1.316256
193,traditional,0.070080,1.013760,0.199680,1.283520
194,traditional,0.068192,1.259520,0.355328,1.683040
195,traditional,0.074976,1.246208,0.199680,1.520864
196,traditional,0.068512,1.050624,0.199680,1.318816
197,traditional,0.068896,1.029120,0.199680,1.297696
198,traditional,0.077728,1.239040,0.202752,1.519520
199,traditional,0.083648,1.021952,0.199680,1.305280
200,traditional,0.080832,1.021952,0.199680,1.302464
201,traditional,0.074880,1.016832,0.199680,1.291392
202,traditional,0.069216,1.014784,0.199680,1.283680
203,traditional,0.086368,1.067008,0.201728,1.355104
204,traditional,0.074528,1.072128,0.199680,1.346336
205,traditional,0.071744,1.039360,0.198656,1.309760
206,traditional,0.071296,1.229824,0.203776,1.504896
207,traditional,0.069792,1.019904,0.202752,1.292448
208,traditional,0.073088,1.038336,0.198656,1.310080
209,traditional,0.081376,1.034240,0.199680,1.315296
210,traditional,0.070880,1.040384,0.199680,1.310944
211,traditional,0.069376,1.021952,0.199680,1.291008
212,traditional,0.073888,1.233920,0.203776,1.511584
213,traditional,0.072928,1.038336,0.201728,1.312992
214,traditional,0.068832,1.090560,0.198656,1.358048
215,traditional,0.074944,1.211392,0.199680,1.486016
216,traditional,0.069120,1.017856,0.200704,1.287680
217,traditional,0.068992,1.031168,0.198656,1.298816
218,traditional,0.073760,1.229824,0.198656,1.502240
219,traditional,0.069888,1.024000,0.199680,1.293568
220,traditional,0.069696,1.037312,0.198656,1.305664
221,traditional,0.070912,1.014784,0.198656,1.284352
222,traditional,0.069664,1.226752,0.202752,1.499168
223,traditional,0.069216,1.375232,0.203776,1.648224
224,traditional,0.076256,1.430528,0.385024,1.891808
225,traditional,0.073920,1.034240,0.199680,1.307840
226,traditional,0.080384,1.033216,0.199680,1.313280
227,traditional,0.072064,1.206272,0.198656,1.476992
228,traditional,0.067936,1.083392,0.199680,1.351008
229,traditional,0.069088,1.037312,0.199680,1.306080
230,traditional,0.071040,1.213440,0.203776,1.488256
231,traditional,0.075104,1.388544,0.203776,1.667424
232,traditional,0.073472,1.452032,0.201728,1.727232
233,traditional,0.074112,1.049600,0.198656,1.322368
234,traditional,0.069600,1.643520,0.384000,2.097120
235,traditional,0.074912,1.063936,0.199680,1.338528
236,traditional,0.076128,1.062912,0.198656,1.337696
237,traditional,0.074720,1.239040,0.199680,1.513440
238,traditional,0.080384,1.285120,0.357376,1.722880
239,traditional,0.078176,1.584128,0.377856,2.040160
240,traditional,0.070240,1.090560,0.210944,1.371744
241,traditional,0.071136,1.026048,0.198656,1.295840
242,traditional,0.073920,1.231872,0.199680,1.505472
243,traditional,0.074880,1.015808,0.198656,1.289344
244,traditional,0.073184,1.092608,0.198656,1.364448
245,traditional,0.075616,1.239040,0.202752,1.517408
246,traditional,0.070144,1.024000,0.203776,1.297920
247,traditional,0.069056,1.041408,0.198656,1.309120
248,traditional,0.070080,1.040384,0.199680,1.310144
249,traditional,0.071872,1.247232,0.198656,1.517760
250,traditional,0.069024,1.022976,0.199680,1.291680
251,traditional,0.080768,1.064960,0.199680,1.345408
252,traditional,0.070144,1.285120,0.203776,1.559040
253,traditional,0.076512,1.053696,0.199680,1.329888
254,traditional,0.080672,1.055744,0.207872,1.344288
255,traditional,0.088064,1.031168,0.198656,1.317888
256,traditional,0.069728,1.036288,0.199680,1.305696
257,traditional,0.069696,1.255424,0.203776,1.528896
258,traditional,0.069632,1.214464,0.198656,1.482752
259,traditional,0.069312,1.029120,0.202752,1.301184
260,traditional,0.068896,1.017856,0.199680,1.286432
261,traditional,0.086880,1.264640,0.200704,1.552224
262,traditional,0.069952,1.225728,0.199680,1.495360
263,traditional,0.071360,1.068032,0.198656,1.338048
264,traditional,0.068896,1.041408,0.199680,1.309984
265,traditional,0.078720,1.029120,0.199680,1.307520
266,traditional,0.068416,1.009664,0.198656,1.276736
267,traditional,0.076416,1.245184,0.198656,1.520256
268,traditional,0.068832,1.034240,0.215040,1.318112
269,traditional,0.072640,1.040384,0.198656,1.311680
270,traditional,0.070368,1.025024,0.202752,1.298144
271,traditional,0.094752,1.039360,0.199680,1.333792
272,traditional,0.082176,1.016832,0.203776,1.302784
273,traditional,0.073472,1.027072,0.199680,1.300224
274,traditional,0.079552,1.056768,0.205824,1.342144
275,traditional,0.074240,1.259520,0.212992,1.546752
276,traditional,0.072128,1.050624,0.199680,1.322432
277,traditional,0.068064,1.031168,0.199680,1.298912
278,traditional,0.069728,1.234944,0.199680,1.504352
279,traditional,0.075424,1.033216,0.198656,1.307296
280,traditional,0.069984,1.044480,0.215040,1.329504
281,traditional,0.072320,1.043456,0.198656,1.314432
282,traditional,0.068928,1.036288,0.199680,1.304896
283,traditional,0.075072,1.231872,0.202752,1.509696
284,traditional,0.069792,1.041408,0.201728,1.312928
285,traditional,0.071936,1.032192,0.202752,1.306880
286,traditional,0.069344,1.012736,0.481280,1.563360
287,traditional,0.078464,1.236992,0.199680,1.515136
288,traditional,0.073216,1.364992,0.199680,1.637888
289,traditional,0.070784,1.047552,0.198656,1.316992
290,traditional,0.069312,1.010688,0.477184,1.557184
291,traditional,0.072256,1.024000,0.199680,1.295936
292,traditional,0.069728,1.030144,0.199680,1.299552
293,traditional,0.076928,1.219584,0.199680,1.496192
294,traditional,0.069408,1.054720,0.217088,1.341216
295,traditional,0.079840,1.022976,0.198656,1.301472
296,traditional,0.083008,1.054720,0.198656,1.336384
297,traditional,0.067552,1.021952,0.199680,1.289184
298,traditional,0.078016,1.244160,0.199680,1.521856
299,traditional,0.068000,1.070080,0.199680,1.337760
300,traditional,0.068928,1.045504,0.199680,1.314112
301,traditional,0.075008,1.215488,0.198656,1.489152
302,traditional,0.076224,1.320960,0.365568,1.762752
303,traditional,0.082720,1.267712,0.199680,1.550112
304,traditional,0.070144,1.027072,0.199680,1.296896
305,traditional,0.081408,1.274880,0.198656,1.554944
306,traditional,0.077056,1.028096,0.203776,1.308928
307,traditional,0.068800,1.022976,0.199680,1.291456
308,traditional,0.069632,1.366016,0.458752,1.894400
309,traditional,0.075264,1.208320,0.200704,1.484288
310,traditional,0.081472,1.332224,0.357376,1.771072
311,traditional,0.075840,1.225728,0.199680,1.501248
312,traditional,0.084512,1.072128,0.199680,1.356320
313,traditional,0.071136,1.096704,0.199680,1.367520
314,traditional,0.092608,1.244160,0.203776,1.540544
315,traditional,0.069472,1.250304,0.206848,1.526624
316,traditional,0.069984,1.018880,0.199680,1.288544
317,traditional,0.072704,1.032192,0.198656,1.303552
318,traditional,0.069024,1.035264,0.198656,1.302944
319,traditional,0.069888,1.222656,0.199680,1.492224
320,traditional,0.071936,1.445888,0.201728,1.719552
321,traditional,0.073664,1.460224,0.376832,1.910720
322,traditional,0.069472,1.036288,0.202752,1.308512
323,traditional,0.068768,1.028096,0.571392,1.668256
324,traditional,0.070304,1.231872,0.199680,1.501856
325,traditional,0.070048,1.028096,0.199680,1.297824
326,traditional,0.074144,1.053696,0.199680,1.327520
327,traditional,0.069184,1.034240,0.198656,1.302080
328,traditional,0.075040,1.038336,0.198656,1.312032
329,traditional,0.070432,1.222656,0.205824,1.498912
330,traditional,0.071296,1.041408,0.209920,1.322624
331,traditional,0.068576,1.047552,0.576512,1.692640
332,traditional,0.074752,1.040384,0.200704,1.315840
333,traditional,0.069024,1.034240,0.199680,1.302944
334,traditional,0.071200,1.031168,0.198656,1.301024
335,traditional,0.072640,1.038336,0.203776,1.314752
336,traditional,0.072192,1.033216,0.198656,1.304064
337,traditional,0.074432,1.213440,0.199680,1.487552
338,traditional,0.068928,1.039360,0.428032,1.536320
339,traditional,0.074784,1.235968,0.199680,1.510432
340,traditional,0.068672,1.030144,0.199680,1.298496
341,traditional,0.068480,1.024000,0.199680,1.292160
342,traditional,0.070432,1.252352,0.202752,1.525536
343,traditional,0.071904,1.037312,0.198656,1.307872
344,traditional,0.067936,1.016832,0.198656,1.283424
345,traditional,0.074080,1.213440,0.199680,1.487200
346,traditional,0.092352,1.065984,0.203776,1.362112
347,traditional,0.069184,1.048576,0.198656,1.316416
348,traditional,0.069984,1.207296,0.199680,1.476960
349,traditional,0.079232,1.082368,0.199680,1.361280
350,traditional,0.069120,1.031168,0.198656,1.298944
351,traditional,0.080992,1.249280,0.199680,1.529952
352,traditional,0.080640,1.045504,0.203776,1.329920
353,traditional,0.069536,1.026048,0.198656,1.294240
354,traditional,0.070368,1.026048,0.199680,1.296096
355,traditional,0.068960,1.054720,0.210944,1.334624
356,traditional,0.069568,1.356800,0.470016,1.896384
357,traditional,0.073184,1.473536,0.203776,1.750496
358,traditional,0.069664,1.018880,0.199680,1.288224
359,traditional,0.080736,1.059840,0.203776,1.344352
360,traditional,0.069632,1.047552,0.199680,1.316864
361,traditional,0.069568,1.047552,0.198656,1.315776
362,traditional,0.083456,1.273856,0.198656,1.555968
363,traditional,0.070688,1.034240,0.199680,1.304608
364,traditional,0.069184,1.043456,0.602112,1.714752
365,traditional,0.070240,1.212416,0.199680,1.482336
366,traditional,0.068480,1.440768,0.204800,1.714048
367,traditional,0.082944,1.453056,0.379904,1.915904
368,traditional,0.071648,1.070080,0.202752,1.344480
369,traditional,0.068544,1.025024,0.195584,1.289152
370,traditional,0.075296,1.439744,0.202752,1.717792
371,traditional,0.076448,1.427456,0.378880,1.882784
372,traditional,0.070016,1.030144,0.199680,1.299840
373,traditional,0.069024,1.027072,0.198656,1.294752
374,traditional,0.070048,1.052672,0.200704,1.323424
375,traditional,0.080160,1.027072,0.198656,1.305888
376,traditional,0.074144,1.043456,0.199680,1.317280
377,traditional,0.073664,1.032192,0.199680,1.305536
378,traditional,0.092224,1.448960,0.202752,1.743936
379,traditional,0.076256,1.495040,0.381952,1.953248
380,traditional,0.070368,1.064960,0.204800,1.340128
381,traditional,0.081152,1.022976,0.198656,1.302784
382,traditional,0.074464,1.032192,0.198656,1.305312
383,traditional,0.069056,1.021952,0.198656,1.289664
384,traditional,0.075008,1.047552,0.199680,1.322240
385,traditional,0.068768,1.033216,0.199680,1.301664
386,traditional,0.069376,1.031168,0.199680,1.300224
387,traditional,0.071200,1.253376,0.200704,1.525280
388,traditional,0.068640,1.031168,0.199680,1.299488
389,traditional,0.074496,1.053696,0.199680,1.327872
390,traditional,0.082176,1.229824,0.199680,1.511680
391,traditional,0.070208,1.063936,0.203776,1.337920
392,traditional,0.073440,1.044480,0.199680,1.317600
393,traditional,0.074528,1.264640,0.200704,1.539872
394,traditional,0.070976,1.078272,0.199680,1.348928
395,traditional,0.072416,1.024000,0.499712,1.596128
396,traditional,0.075648,1.070080,0.199680,1.345408
397,traditional,0.069248,1.036288,0.199680,1.305216
398,traditional,0.070464,1.316864,0.199680,1.587008
399,traditional,0.068736,1.065984,0.199680,1.334400
400,traditional,0.069408,1.058816,0.199680,1.327904
401,traditional,0.074720,1.241088,0.200704,1.516512
402,traditional,0.078848,1.072128,0.199680,1.350656
403,traditional,0.069632,1.070080,0.200704,1.340416
404,traditional,0.070240,1.263616,0.200704,1.534560
405,traditional,0.069344,1.055744,0.199680,1.324768
406,traditional,0.072320,1.055744,0.199680,1.327744
407,traditional,0.081344,1.050624,0.199680,1.331648
408,traditional,0.069632,1.026048,0.203776,1.299456
409,traditional,0.094656,1.068032,0.211968,1.374656
410,traditional,0.075264,1.063936,0.199680,1.338880
411,traditional,0.075040,1.428480,0.203776,1.707296
412,traditional,0.069280,1.048576,0.422912,1.540768
413,traditional,0.070048,1.550336,0.358400,1.978784
414,traditional,0.078976,1.463296,0.379904,1.922176
415,traditional,0.071200,1.047552,0.203776,1.322528
416,traditional,0.069312,1.033216,0.199680,1.302208
417,traditional,0.073280,1.226752,0.204800,1.504832
418,traditional,0.069472,1.022976,0.200704,1.293152
419,traditional,0.077696,1.071104,0.199680,1.348480
420,traditional,0.070496,1.238016,0.199680,1.508192
421,traditional,0.070272,1.037312,0.200704,1.308288
422,traditional,0.070464,1.080320,0.204800,1.355584
423,traditional,0.068832,1.053696,0.485376,1.607904
424,traditional,0.077280,1.224704,0.200704,1.502688
425,traditional,0.069088,1.025024,0.199680,1.293792
426,traditional,0.069536,1.050624,0.200704,1.320864
427,traditional,0.074368,1.044480,0.200704,1.319552
428,traditional,0.068832,1.042432,0.199680,1.310944
429,traditional,0.072288,1.069056,0.200704,1.342048
430,traditional,0.080480,1.271808,0.208896,1.561184
431,traditional,0.070720,1.418240,0.203776,1.692736
432,traditional,0.068768,1.053696,0.204800,1.327264
433,traditional,0.068832,1.049600,0.489472,1.607904
434,traditional,0.076064,1.442816,0.385024,1.903904
435,traditional,0.074560,1.030144,0.203776,1.308480
436,traditional,0.068672,1.032192,0.479232,1.580096
437,traditional,0.074336,1.420288,0.201728,1.696352
438,traditional,0.143200,1.029120,0.199680,1.372000
439,traditional,0.068736,1.065984,0.200704,1.335424
440,traditional,0.072512,1.055744,0.199680,1.327936
441,traditional,0.087296,1.035264,0.199680,1.322240
442,traditional,0.069440,1.043456,0.204800,1.317696
443,traditional,0.069824,1.038336,0.420864,1.529024
444,traditional,0.077824,1.245184,0.205824,1.528832
445,traditional,0.073920,1.439744,0.379904,1.893568
446,traditional,0.069728,1.445888,0.201728,1.717344
447,traditional,0.082816,1.053696,0.199680,1.336192
448,traditional,0.069792,1.028096,0.199680,1.297568
449,traditional,0.070048,1.027072,0.199680,1.296800
450,traditional,0.073184,1.043456,0.199680,1.316320
451,traditional,0.068960,1.029120,0.199680,1.297760
452,traditional,0.082816,1.047552,0.204800,1.335168
453,traditional,0.069408,1.027072,0.200704,1.297184
454,traditional,0.073920,1.025024,0.199680,1.298624
455,traditional,0.072320,1.226752,0.199680,1.498752
456,traditional,0.070336,1.017856,0.199680,1.287872
457,traditional,0.072960,1.069056,0.200704,1.342720
458,traditional,0.075392,1.056768,0.200704,1.332864
459,traditional,0.069440,1.036288,0.199680,1.305408
460,traditional,0.071360,1.248256,0.200704,1.520320
461,traditional,0.071424,1.032192,0.204800,1.308416
462,traditional,0.068960,1.011712,0.200704,1.281376
463,traditional,0.074688,1.249280,0.200704,1.524672
464,traditional,0.069216,1.036288,0.199680,1.305184
465,traditional,0.069824,1.037312,0.200704,1.307840
466,traditional,0.076928,1.222656,0.200704,1.500288
467,traditional,0.069344,1.047552,0.431104,1.548000
468,traditional,0.079008,1.236992,0.199680,1.515680
469,traditional,0.072416,1.070080,0.200704,1.343200
470,traditional,0.068576,1.029120,0.199680,1.297376
471,traditional,0.075168,1.261568,0.199680,1.536416
472,traditional,0.069728,1.040384,0.205824,1.315936
473,traditional,0.082848,1.034240,0.199680,1.316768
474,traditional,0.076160,1.038336,0.199680,1.314176
475,traditional,0.081728,1.050624,0.199680,1.332032
476,traditional,0.080608,1.069056,0.199680,1.349344
477,traditional,0.072224,1.226752,0.200704,1.499680
478,traditional,0.091776,1.093632,0.200704,1.386112
479,traditional,0.097984,1.324032,0.461824,1.883840
480,traditional,0.087328,1.229824,0.200704,1.517856
481,traditional,0.069216,1.046528,0.199680,1.315424
482,traditional,0.079232,1.033216,0.200704,1.313152
483,traditional,0.072256,1.082368,0.206848,1.361472
484,traditional,0.075552,1.058816,0.199680,1.334048
485,traditional,0.070816,1.058816,0.203776,1.333408
486,traditional,0.081120,1.064960,0.199680,1.345760
487,traditional,0.069920,1.219584,0.204800,1.494304
488,traditional,0.082496,1.251328,0.200704,1.534528
489,traditional,0.072672,1.084416,0.204800,1.361888
490,traditional,0.069376,1.067008,0.202752,1.339136
491,traditional,0.070752,1.265664,0.199680,1.536096
492,traditional,0.069152,1.083392,0.216064,1.368608
493,traditional,0.081120,1.047552,0.199680,1.328352
494,traditional,0.082112,1.252352,0.203776,1.538240
495,traditional,0.094592,1.253376,0.199680,1.547648
496,traditional,0.070080,1.041408,0.217088,1.328576
497,traditional,0.068736,1.024000,0.200704,1.293440
498,traditional,0.072768,1.029120,0.199680,1.301568
499,traditional,0.089280,1.230848,0.203776,1.523904
500,traditional,0.074912,1.391616,0.203776,1.670304
501,traditional,0.074240,1.449984,0.358400,1.882624
502,traditional,0.083680,1.048576,0.199680,1.331936
503,traditional,0.069280,1.044480,0.200704,1.314464
504,traditional,0.074624,1.266688,0.200704,1.542016
505,traditional,0.077568,1.052672,0.208896,1.339136
506,traditional,0.070656,1.032192,0.199680,1.302528
507,traditional,0.078112,1.064960,0.205824,1.348896
508,traditional,0.074592,1.075200,0.199680,1.349472
509,traditional,0.070592,1.060864,0.203776,1.335232
510,traditional,0.069152,1.034240,0.199680,1.303072
511,traditional,0.081248,1.658880,0.209920,1.950048
512,traditional,0.070944,1.050624,0.199680,1.321248
513,traditional,0.068960,1.052672,0.199680,1.321312
514,traditional,0.075616,1.218560,0.200704,1.494880
515,traditional,0.073376,1.031168,0.200704,1.305248
516,traditional,0.069248,1.045504,0.204800,1.319552
517,traditional,0.070784,1.025024,0.199680,1.295488
518,traditional,0.070304,1.051648,0.200704,1.322656
519,traditional,0.082272,1.025024,0.199680,1.306976
520,traditional,0.075616,1.251328,0.204800,1.531744
521,traditional,0.074240,1.427456,0.387072,1.888768
522,traditional,0.070272,1.052672,0.203776,1.326720
523,traditional,0.070272,1.029120,0.199680,1.299072
524,traditional,0.069824,1.327104,0.462848,1.859776
525,traditional,0.076224,1.049600,0.380928,1.506752
526,traditional,0.069472,1.301504,0.358400,1.729376
527,traditional,0.069856,1.560576,0.203776,1.834208
528,traditional,0.070304,1.049600,0.203776,1.323680
529,traditional,0.068864,1.079296,0.199680,1.347840
530,traditional,0.070208,1.220608,0.204800,1.495616
531,traditional,0.072160,1.438720,0.202752,1.713632
532,traditional,0.087552,1.418240,0.204800,1.710592
533,traditional,0.074368,1.027072,0.203776,1.305216
534,traditional,0.070560,1.025024,0.198656,1.294240
535,traditional,0.073216,1.241088,0.199680,1.513984
536,traditional,0.073952,1.421312,0.200704,1.695968
537,traditional,0.071520,1.045504,0.199680,1.316704
538,traditional,0.069824,1.067008,0.202752,1.339584
539,traditional,0.070752,1.030144,0.200704,1.301600
540,traditional,0.068800,1.466368,0.201728,1.736896
541,traditional,0.078112,1.462272,0.380928,1.921312
542,traditional,0.072384,1.040384,0.200704,1.313472
543,traditional,0.069568,1.019904,0.199680,1.289152
544,traditional,0.075104,1.228800,0.203776,1.507680
545,traditional,0.081952,1.448960,0.379904,1.910816
546,traditional,0.076448,1.064960,0.441344,1.582752
547,traditional,0.071232,1.062912,0.200704,1.334848
548,traditional,0.072608,1.046528,0.211968,1.331104
549,traditional,0.087872,1.269760,0.208896,1.566528
550,traditional,0.070176,1.219584,0.199680,1.489440
551,traditional,0.070720,1.037312,0.204800,1.312832
552,traditional,0.083232,1.065984,0.199680,1.348896
553,traditional,0.075936,1.233920,0.199680,1.509536
554,traditional,0.069824,1.019904,0.202752,1.292480
555,traditional,0.080768,1.057792,0.200704,1.339264
556,traditional,0.083296,1.241088,0.199680,1.524064
557,traditional,0.086496,1.443840,0.392192,1.922528
558,traditional,0.081984,1.040384,0.201728,1.324096
559,traditional,0.069120,1.029120,0.199680,1.297920
560,traditional,0.076992,1.241088,0.205824,1.523904
561,traditional,0.075392,1.465344,0.379904,1.920640
562,traditional,0.070144,1.506304,0.378880,1.955328
563,traditional,0.070272,1.056768,0.199680,1.326720
564,traditional,0.072256,1.042432,0.199680,1.314368
565,traditional,0.070912,1.074176,0.199680,1.344768
566,traditional,0.081952,1.031168,0.199680,1.312800
567,traditional,0.071072,1.230848,0.199680,1.501600
568,traditional,0.075296,1.259520,0.203776,1.538592
569,traditional,0.069824,1.451008,0.382976,1.903808
570,traditional,0.070784,1.096704,0.200704,1.368192
571,traditional,0.068864,1.050624,0.199680,1.319168
572,traditional,0.086848,1.228800,0.199680,1.515328
573,traditional,0.081600,1.258496,0.204800,1.544896
574,traditional,0.071584,1.301504,0.204800,1.577888
575,traditional,0.077792,1.070080,0.199680,1.347552
576,traditional,0.069408,1.027072,0.199680,1.296160
577,traditional,0.074432,1.222656,0.200704,1.497792
578,traditional,0.071392,1.497088,0.382976,1.951456
579,traditional,0.078912,1.506304,0.378880,1.964096
580,traditional,0.071872,1.056768,0.200704,1.329344
581,traditional,0.069344,1.019904,0.199680,1.288928
582,traditional,0.074304,1.238016,0.200704,1.513024
583,traditional,0.068512,1.038336,0.199680,1.306528
584,traditional,0.068896,1.371136,0.473088,1.913120
585,traditional,0.083296,1.068032,0.203776,1.355104
586,traditional,0.069280,1.050624,0.200704,1.320608
587,traditional,0.078848,1.034240,0.200704,1.313792
588,traditional,0.071936,1.069056,0.199680,1.340672
589,traditional,0.069632,1.032192,0.199680,1.301504
590,traditional,0.071072,1.324032,0.459776,1.854880
591,traditional,0.095168,1.227776,0.203776,1.526720
592,traditional,0.086304,1.064960,0.199680,1.350944
593,traditional,0.068704,1.029120,0.200704,1.298528
594,traditional,0.070272,1.021952,0.199680,1.291904
595,traditional,0.069248,1.030144,0.204800,1.304192
596,traditional,0.080832,1.042432,0.199680,1.322944
597,traditional,0.079392,1.250304,0.199680,1.529376
598,traditional,0.087200,1.057792,0.200704,1.345696
599,traditional,0.070144,1.080320,0.211968,1.362432
600,traditional,0.070624,1.229824,0.200704,1.501152
601,traditional,0.070112,1.056768,0.199680,1.326560
602,traditional,0.072416,1.052672,0.209920,1.335008
603,traditional,0.069216,1.027072,0.199680,1.295968
604,traditional,0.075552,1.052672,0.200704,1.328928
605,traditional,0.069824,1.031168,0.200704,1.301696
606,traditional,0.070528,1.234944,0.199680,1.505152
607,traditional,0.069216,1.045504,0.199680,1.314400
608,traditional,0.073536,1.084416,0.199680,1.357632
609,traditional,0.072320,1.234944,0.199680,1.506944
610,traditional,0.086752,1.432576,0.381952,1.901280
611,traditional,0.072064,1.487872,0.390144,1.950080
612,traditional,0.088960,1.054720,0.199680,1.343360
613,traditional,0.069952,1.028096,0.199680,1.297728
614,traditional,0.081184,1.045504,0.199680,1.326368
615,traditional,0.082496,1.058816,0.200704,1.342016
616,traditional,0.078464,1.026048,0.199680,1.304192
617,traditional,0.077696,1.051648,0.199680,1.329024
618,traditional,0.069088,1.063936,0.212992,1.346016
619,traditional,0.069312,1.036288,0.199680,1.305280
620,traditional,0.072096,1.304576,0.370688,1.747360
621,traditional,0.085536,1.443840,0.378880,1.908256
622,traditional,0.070880,1.036288,0.204800,1.311968
623,traditional,0.070368,1.025024,0.199680,1.295072
624,traditional,0.070624,1.217536,0.200704,1.488864
625,traditional,0.072928,1.438720,0.201728,1.713376
626,traditional,0.074816,1.218560,0.200704,1.494080
627,traditional,0.068288,1.053696,0.199680,1.321664
628,traditional,0.068832,1.061888,0.199680,1.330400
629,traditional,0.074272,1.028096,0.199680,1.302048
630,traditional,0.072256,1.499136,0.379904,1.951296
631,traditional,0.073536,1.430528,0.199680,1.703744
632,traditional,0.068864,1.070080,0.199680,1.338624
633,traditional,0.076192,1.027072,0.199680,1.302944
634,traditional,0.073280,1.240064,0.204800,1.518144
635,traditional,0.069856,1.036288,0.203776,1.309920
636,traditional,0.080096,1.039360,0.200704,1.320160
637,traditional,0.083264,1.513472,0.385024,1.981760
638,traditional,0.075680,1.442816,0.377856,1.896352
639,traditional,0.069344,1.080320,0.200704,1.350368
640,traditional,0.069408,1.027072,0.200704,1.297184
641,traditional,0.070560,1.044480,0.199680,1.314720
642,traditional,0.076416,1.041408,0.199680,1.317504
643,traditional,0.069632,1.043456,0.199680,1.312768
644,traditional,0.069824,1.240064,0.201728,1.511616
645,traditional,0.079776,1.035264,0.206848,1.321888
646,traditional,0.077888,1.069056,0.199680,1.346624
647,traditional,0.069120,1.637376,0.384000,2.090496
648,traditional,0.074752,1.027072,0.200704,1.302528
649,traditional,0.069504,1.046528,0.199680,1.315712
650,traditional,0.070784,1.234944,0.200704,1.506432
651,traditional,0.068480,1.039360,0.427008,1.534848
652,traditional,0.086464,1.440768,0.200704,1.727936
653,traditional,0.069344,1.025024,0.210944,1.305312
654,traditional,0.074304,1.075200,0.199680,1.349184
655,traditional,0.073248,1.036288,0.200704,1.310240
656,traditional,0.069984,1.064960,0.204800,1.339744
657,traditional,0.072480,1.020928,0.199680,1.293088
658,traditional,0.069856,1.022976,0.481280,1.574112
659,traditional,0.083904,1.236992,0.199680,1.520576
660,traditional,0.069184,1.032192,0.200704,1.302080
661,traditional,0.073600,1.028096,0.199680,1.301376
662,traditional,0.071584,1.244160,0.203776,1.519520
663,traditional,0.071296,1.030144,0.199680,1.301120
664,traditional,0.069536,1.048576,0.199680,1.317792
665,traditional,0.069408,1.035264,0.200704,1.305376
666,traditional,0.069920,1.214464,0.199680,1.484064
667,traditional,0.069792,1.041408,0.200704,1.311904
668,traditional,0.072992,1.038336,0.199680,1.311008
669,traditional,0.082464,1.269760,0.199680,1.551904
670,traditional,0.081728,1.286144,0.355328,1.723200
671,traditional,0.070592,1.521664,0.202752,1.795008
672,traditional,0.075328,1.055744,0.211968,1.343040
673,traditional,0.077728,1.050624,0.200704,1.329056
674,traditional,0.070720,1.226752,0.200704,1.498176
675,traditional,0.068352,1.042432,0.202752,1.313536
676,traditional,0.080128,1.040384,0.203776,1.324288
677,traditional,0.075008,1.256448,0.216064,1.547520
678,traditional,0.074560,1.269760,0.200704,1.545024
679,traditional,0.080992,1.029120,0.199680,1.309792
680,traditional,0.074560,1.070080,0.203776,1.348416
681,traditional,0.069408,1.037312,0.493568,1.600288
682,traditional,0.070400,1.238016,0.199680,1.508096
683,traditional,0.073152,1.029120,0.203776,1.306048
684,traditional,0.081440,1.026048,0.199680,1.307168
685,traditional,0.086464,1.031168,0.200704,1.318336
686,traditional,0.073024,1.047552,0.204800,1.325376
687,traditional,0.069504,1.031168,0.199680,1.300352
688,traditional,0.069824,1.228800,0.199680,1.498304
689,traditional,0.069024,1.081344,0.199680,1.350048
690,traditional,0.072096,1.069056,0.199680,1.340832
691,traditional,0.070496,1.021952,0.199680,1.292128
692,traditional,0.073216,1.050624,0.200704,1.324544
693,traditional,0.075776,1.057792,0.200704,1.334272
694,traditional,0.080384,1.018880,0.203776,1.303040
695,traditional,0.085888,1.480704,0.380928,1.947520
696,traditional,0.075776,1.452032,0.379904,1.907712
697,traditional,0.078272,1.054720,0.200704,1.333696
698,traditional,0.068896,1.013760,0.199680,1.282336
699,traditional,0.075136,1.227776,0.200704,1.503616
700,traditional,0.069824,1.018880,0.199680,1.288384
701,traditional,0.070016,1.053696,0.200704,1.324416
702,traditional,0.075488,1.053696,0.200704,1.329888
703,traditional,0.071552,1.018880,0.200704,1.291136
704,traditional,0.069440,1.032192,0.211968,1.313600
705,traditional,0.070464,1.021952,0.199680,1.292096
706,traditional,0.069440,1.056768,0.207872,1.334080
707,traditional,0.069600,1.021952,0.199680,1.291232
708,traditional,0.074208,1.283072,0.199680,1.556960
709,traditional,0.081760,1.472512,0.377856,1.932128
710,traditional,0.086400,1.461248,0.385024,1.932672
711,traditional,0.069952,1.068032,0.200704,1.338688
712,traditional,0.069248,1.025024,0.200704,1.294976
713,traditional,0.070144,1.243136,0.199680,1.512960
714,traditional,0.068864,1.040384,0.199680,1.308928
715,traditional,0.071328,1.036288,0.199680,1.307296
716,traditional,0.074688,1.054720,0.199680,1.329088
717,traditional,0.072512,1.026048,0.200704,1.299264
718,traditional,0.069984,1.033216,0.199680,1.302880
719,traditional,0.074432,1.263616,0.200704,1.538752
720,traditional,0.070432,1.403904,0.200704,1.675040
721,traditional,0.069216,1.022976,0.217088,1.309280
722,traditional,0.069696,1.031168,0.199680,1.300544
723,traditional,0.070144,1.027072,0.204800,1.302016
724,traditional,0.071712,1.059840,0.200704,1.332256
725,traditional,0.069088,1.036288,0.199680,1.305056
726,traditional,0.082784,1.020928,0.200704,1.304416
727,traditional,0.076320,1.062912,0.199680,1.338912
728,traditional,0.069280,1.015808,0.199680,1.284768
729,traditional,0.079808,1.028096,0.204800,1.312704
730,traditional,0.069184,1.013760,0.200704,1.283648
731,traditional,0.070208,1.026048,0.200704,1.296960
732,traditional,0.070016,1.295360,0.356352,1.721728
733,traditional,0.074080,1.539072,0.202752,1.815904
734,traditional,0.081216,1.044480,0.207872,1.333568
735,traditional,0.068512,1.019904,0.199680,1.288096
736,traditional,0.070976,1.295360,0.199680,1.566016
737,traditional,0.073120,1.033216,0.203776,1.310112
738,traditional,0.080672,1.054720,0.199680,1.335072
739,traditional,0.075424,1.215488,0.207872,1.498784
740,traditional,0.072608,1.048576,0.200704,1.321888
741,traditional,0.068640,1.030144,0.199680,1.298464
742,traditional,0.071296,1.042432,0.199680,1.313408
743,traditional,0.069184,1.046528,0.203776,1.319488
744,traditional,0.069984,1.017856,0.199680,1.287520
745,traditional,0.083424,1.219584,0.200704,1.503712
746,traditional,0.073280,1.294336,0.205824,1.573440
747,traditional,0.076416,1.400832,0.212992,1.690240
748,traditional,0.073504,1.035264,0.204800,1.313568
749,traditional,0.069088,1.025024,0.199680,1.293792
750,traditional,0.076032,1.303552,0.204800,1.584384
751,traditional,0.069984,1.034240,0.199680,1.303904
752,traditional,0.073440,1.430528,0.203776,1.707744
753,traditional,0.082976,1.050624,0.199680,1.333280
754,traditional,0.069408,1.047552,0.206848,1.323808
755,traditional,0.070112,1.274880,0.200704,1.545696
756,traditional,0.069792,1.069056,0.200704,1.339552
757,traditional,0.068672,1.028096,0.491520,1.588288
758,traditional,0.074752,1.416192,0.199680,1.690624
759,traditional,0.076640,1.043456,0.200704,1.320800
760,traditional,0.076416,1.063936,0.199680,1.340032
761,traditional,0.071456,1.070080,0.202752,1.344288
762,traditional,0.078496,1.059840,0.204800,1.343136
763,traditional,0.068256,1.020928,0.200704,1.289888
764,traditional,0.076160,1.054720,0.200704,1.331584
765,traditional,0.082816,1.034240,0.199680,1.316736
766,traditional,0.077248,1.077248,0.200704,1.355200
767,traditional,0.073376,1.027072,0.199680,1.300128
768,traditional,0.077920,1.242112,0.199680,1.519712
769,traditional,0.080384,1.050624,0.205824,1.336832
770,traditional,0.080288,1.076224,0.199680,1.356192
771,traditional,0.082496,1.021952,0.199680,1.304128
772,traditional,0.075200,1.069056,0.200704,1.344960
773,traditional,0.068896,1.032192,0.203776,1.304864
774,traditional,0.070112,1.038336,0.199680,1.308128
775,traditional,0.076384,1.049600,0.203776,1.329760
776,traditional,0.072544,1.334272,0.461824,1.868640
777,traditional,0.073696,1.079296,0.199680,1.352672
778,traditional,0.072832,1.030144,0.199680,1.302656
779,traditional,0.069248,1.035264,0.199680,1.304192
780,traditional,0.073344,1.069056,0.203776,1.346176
781,traditional,0.069312,1.016832,0.199680,1.285824
782,traditional,0.079296,1.242112,0.199680,1.521088
783,traditional,0.069024,1.054720,0.199680,1.323424
784,traditional,0.069376,1.022976,0.199680,1.292032
785,traditional,0.071360,1.228800,0.223232,1.523392
786,traditional,0.084288,1.040384,0.199680,1.324352
787,traditional,0.069920,1.025024,0.199680,1.294624
788,traditional,0.070976,1.238016,0.199680,1.508672
789,traditional,0.081472,1.033216,0.199680,1.314368
790,traditional,0.069216,1.028096,0.203776,1.301088
791,traditional,0.071360,1.216512,0.200704,1.488576
792,traditional,0.069568,1.026048,0.199680,1.295296
793,traditional,0.073728,1.075200,0.200704,1.349632
794,traditional,0.082208,1.227776,0.210944,1.520928
795,traditional,0.069280,1.032192,0.209920,1.311392
796,traditional,0.089568,1.070080,0.199680,1.359328
797,traditional,0.079136,1.068032,0.199680,1.346848
798,traditional,0.070176,1.064960,0.199680,1.334816
799,traditional,0.069568,1.062912,0.199680,1.332160
800,traditional,0.069120,1.022976,0.199680,1.291776
801,traditional,0.080544,1.038336,0.199680,1.318560
802,traditional,0.080800,1.094656,0.204800,1.380256
803,traditional,0.072128,1.042432,0.200704,1.315264
804,traditional,0.070464,1.077248,0.199680,1.347392
805,traditional,0.072608,1.050624,0.199680,1.322912
806,traditional,0.073792,1.273856,0.199680,1.547328
807,traditional,0.068064,1.041408,0.199680,1.309152
808,traditional,0.074784,1.086464,0.199680,1.360928
809,traditional,0.075584,1.225728,0.199680,1.500992
810,traditional,0.069024,1.019904,0.200704,1.289632
811,traditional,0.073184,1.088512,0.199680,1.361376
812,traditional,0.080352,1.252352,0.203776,1.536480
813,traditional,0.069280,1.058816,0.199680,1.327776
814,traditional,0.068768,1.031168,0.199680,1.299616
815,traditional,0.074624,1.259520,0.202752,1.536896
816,traditional,0.077568,1.069056,0.200704,1.347328
817,traditional,0.081408,1.070080,0.200704,1.352192
818,traditional,0.069664,1.050624,0.199680,1.319968
819,traditional,0.082912,1.029120,0.200704,1.312736
820,traditional,0.082688,1.248256,0.199680,1.530624
821,traditional,0.100736,1.051648,0.201728,1.354112
822,traditional,0.069888,1.295360,0.204800,1.570048
823,traditional,0.068704,1.033216,0.200704,1.302624
824,traditional,0.068640,1.027072,0.199680,1.295392
825,traditional,0.078048,1.280000,0.203776,1.561824
826,traditional,0.069024,1.041408,0.199680,1.310112
827,traditional,0.074816,1.051648,0.199680,1.326144
828,traditional,0.095328,1.261568,0.200704,1.557600
829,traditional,0.069696,1.045504,0.199680,1.314880
830,traditional,0.083520,1.069056,0.200704,1.353280
831,traditional,0.075168,1.221632,0.199680,1.496480
832,traditional,0.078720,1.458176,0.378880,1.915776
833,traditional,0.084992,1.480704,0.379904,1.945600
834,traditional,0.081952,1.076224,0.199680,1.357856
835,traditional,0.069792,1.019904,0.199680,1.289376
836,traditional,0.072416,1.215488,0.203776,1.491680
837,traditional,0.073760,1.473536,0.384000,1.931296
838,traditional,0.073856,1.459200,0.198656,1.731712
839,traditional,0.094752,1.086464,0.199680,1.380896
840,traditional,0.070080,1.057792,0.199680,1.327552
841,traditional,0.077664,1.034240,0.199680,1.311584
842,traditional,0.068832,1.095680,0.199680,1.364192
843,traditional,0.074624,1.243136,0.199680,1.517440
844,traditional,0.071616,1.422336,0.201728,1.695680
845,traditional,0.084800,1.026048,0.200704,1.311552
846,traditional,0.088992,1.051648,0.199680,1.340320
847,traditional,0.075104,1.451008,0.380928,1.907040
848,traditional,0.080224,1.224704,0.199680,1.504608
849,traditional,0.073696,1.070080,0.199680,1.343456
850,traditional,0.069312,1.021952,0.590848,1.682112
851,traditional,0.071712,1.075200,0.199680,1.346592
852,traditional,0.069824,1.047552,0.204800,1.322176
853,traditional,0.069120,1.069056,0.198656,1.336832
854,traditional,0.087264,1.257472,0.199680,1.544416
855,traditional,0.071200,1.041408,0.228352,1.340960
856,traditional,0.078880,1.041408,0.576512,1.696800
857,traditional,0.075136,1.426432,0.202752,1.704320
858,traditional,0.075552,1.420288,0.199680,1.695520
859,traditional,0.077152,1.040384,0.199680,1.317216
860,traditional,0.074144,1.593344,0.209920,1.877408
861,traditional,0.076960,1.523712,0.202752,1.803424
862,traditional,0.070656,1.014784,0.199680,1.285120
863,traditional,0.068448,1.021952,0.205824,1.296224
864,traditional,0.075552,1.256448,0.203776,1.535776
865,traditional,0.072704,1.428480,0.201728,1.702912
866,traditional,0.070208,1.049600,0.199680,1.319488
867,traditional,0.069376,1.045504,0.199680,1.314560
868,traditional,0.071456,1.029120,0.207872,1.308448
869,traditional,0.068736,1.077248,0.199680,1.345664
870,traditional,0.069120,1.032192,0.199680,1.300992
871,traditional,0.082944,1.267712,0.199680,1.550336
872,traditional,0.069472,1.037312,0.211968,1.318752
873,traditional,0.072416,1.036288,0.199680,1.308384
874,traditional,0.082240,1.278976,0.202752,1.563968
875,traditional,0.069696,1.032192,0.199680,1.301568
876,traditional,0.068768,1.027072,0.199680,1.295520
877,traditional,0.078304,1.238016,0.203776,1.520096
878,traditional,0.069440,1.436672,0.206848,1.712960
879,traditional,0.070112,1.419264,0.199680,1.689056
880,traditional,0.085632,1.078272,0.199680,1.363584
881,traditional,0.080800,1.027072,0.199680,1.307552
882,traditional,0.079328,1.263616,0.199680,1.542624
883,traditional,0.068512,1.047552,0.199680,1.315744
884,traditional,0.069952,1.055744,0.199680,1.325376
885,traditional,0.075168,1.227776,0.199680,1.502624
886,traditional,0.068800,1.065984,0.203776,1.338560
887,traditional,0.068640,1.054720,0.199680,1.323040
888,traditional,0.073312,1.032192,0.201728,1.307232
889,traditional,0.072192,1.025024,0.200704,1.297920
890,traditional,0.075808,1.032192,0.199680,1.307680
891,traditional,0.074720,1.258496,0.199680,1.532896
892,traditional,0.068448,1.041408,0.209920,1.319776
893,traditional,0.068832,1.048576,0.200704,1.318112
894,traditional,0.081024,1.032192,0.199680,1.312896
895,traditional,0.070112,1.065984,0.212992,1.349088
896,traditional,0.075360,1.038336,0.199680,1.313376
897,traditional,0.069280,1.065984,0.199680,1.334944
898,traditional,0.071104,1.033216,0.199680,1.304000
899,traditional,0.071456,1.045504,0.199680,1.316640
900,traditional,0.069440,1.095680,0.207872,1.372992
901,traditional,0.069376,1.050624,0.199680,1.319680
902,traditional,0.070720,1.234944,0.200704,1.506368
903,traditional,0.068672,1.068032,0.199680,1.336384
904,traditional,0.069760,1.040384,0.490496,1.600640
905,traditional,0.088352,1.231872,0.199680,1.519904
906,traditional,0.069184,1.021952,0.199680,1.290816
907,traditional,0.070272,1.069056,0.199680,1.339008
908,traditional,0.071392,1.039360,0.200704,1.311456
909,traditional,0.068992,1.039360,0.199680,1.308032
910,traditional,0.086688,1.042432,0.199680,1.328800
911,traditional,0.072000,1.257472,0.199680,1.529152
912,traditional,0.082144,1.091584,0.216064,1.389792
913,traditional,0.069248,1.044480,0.484352,1.598080
914,traditional,0.078304,1.445888,0.385024,1.909216
915,traditional,0.069472,1.062912,0.200704,1.333088
916,traditional,0.069632,1.079296,0.204800,1.353728
917,traditional,0.077792,1.275904,0.204800,1.558496
918,traditional,0.070464,1.036288,0.200704,1.307456
919,traditional,0.069856,1.071104,0.204800,1.345760
920,traditional,0.069408,1.030144,0.484352,1.583904
921,traditional,0.070688,1.247232,0.200704,1.518624
922,traditional,0.069728,1.027072,0.200704,1.297504
923,traditional,0.071552,1.047552,0.200704,1.319808
924,traditional,0.072064,1.235968,0.202752,1.510784
925,traditional,0.080608,1.091584,0.200704,1.372896
926,traditional,0.068992,1.027072,0.199680,1.295744
927,traditional,0.084832,1.244160,0.199680,1.528672
928,traditional,0.072480,1.276928,0.356352,1.705760
929,traditional,0.081344,1.550336,0.379904,2.011584
930,traditional,0.070048,1.058816,0.203776,1.332640
931,traditional,0.068608,1.020928,0.222208,1.311744
932,traditional,0.075104,1.413120,0.200704,1.688928
933,traditional,0.073504,1.020928,0.199680,1.294112
934,traditional,0.077536,1.059840,0.200704,1.338080
935,traditional,0.070752,1.220608,0.199680,1.491040
936,traditional,0.069440,1.061888,0.200704,1.332032
937,traditional,0.073504,1.047552,0.202752,1.323808
938,traditional,0.074336,1.220608,0.203776,1.498720
939,traditional,0.074048,1.474560,0.385024,1.933632
940,traditional,0.079424,1.220608,0.201728,1.501760
941,traditional,0.085216,1.055744,0.200704,1.341664
942,traditional,0.069664,1.014784,0.493568,1.578016
943,traditional,0.080224,1.089536,0.205824,1.375584
944,traditional,0.070144,1.014784,0.198656,1.283584
945,traditional,0.078368,1.226752,0.201728,1.506848
946,traditional,0.069952,1.039360,0.200704,1.310016
947,traditional,0.069056,1.021952,0.199680,1.290688
948,traditional,0.088992,1.285120,0.358400,1.732512
949,traditional,0.070080,1.555456,0.202752,1.828288
950,traditional,0.072960,1.241088,0.209920,1.523968
951,traditional,0.082528,1.016832,0.203776,1.303136
952,traditional,0.071520,1.265664,0.200704,1.537888
953,traditional,0.068960,1.418240,0.201728,1.688928
954,traditional,0.074112,1.454080,0.385024,1.913216
955,traditional,0.075456,1.054720,0.200704,1.330880
956,traditional,0.069184,1.595392,0.209920,1.874496
957,traditional,0.075040,1.264640,0.203776,1.543456
958,traditional,0.069376,1.038336,0.199680,1.307392
959,traditional,0.073088,1.040384,0.199680,1.313152
960,traditional,0.074272,1.214464,0.199680,1.488416
961,traditional,0.073568,1.048576,0.204800,1.326944
962,traditional,0.070240,1.025024,0.199680,1.294944
963,traditional,0.074752,1.039360,0.199680,1.313792
964,traditional,0.071200,1.412096,0.204800,1.688096
965,traditional,0.086432,1.445888,0.379904,1.912224
966,traditional,0.074624,1.061888,0.200704,1.337216
967,traditional,0.073632,1.015808,0.200704,1.290144
968,traditional,0.071936,1.052672,0.203776,1.328384
969,traditional,0.070400,1.020928,0.200704,1.292032
970,traditional,0.078976,1.405952,0.215040,1.699968
971,traditional,0.073856,1.046528,0.200704,1.321088
972,traditional,0.068160,1.029120,0.199680,1.296960
973,traditional,0.079776,1.060864,0.200704,1.341344
974,traditional,0.071680,1.254400,0.203776,1.529856
975,traditional,0.080896,1.065984,0.199680,1.346560
976,traditional,0.068992,1.277952,0.369664,1.716608
977,traditional,0.069120,1.562624,0.396288,2.028032
978,traditional,0.070304,1.437696,0.202752,1.710752
979,traditional,0.070592,1.029120,0.200704,1.300416
980,traditional,0.075072,1.078272,0.199680,1.353024
981,traditional,0.084992,1.216512,0.203776,1.505280
982,traditional,0.073664,1.377280,0.216064,1.667008
983,traditional,0.073792,1.405952,0.205824,1.685568
984,traditional,0.077664,1.043456,0.199680,1.320800
985,traditional,0.068768,1.032192,0.200704,1.301664
986,traditional,0.069504,1.229824,0.201728,1.501056
987,traditional,0.086816,1.080320,0.200704,1.367840
988,traditional,0.068928,1.626112,0.212992,1.908032
989,traditional,0.073312,1.255424,0.199680,1.528416
990,traditional,0.083744,1.042432,0.209920,1.336096
991,traditional,0.073824,1.028096,0.199680,1.301600
992,traditional,0.075872,1.433600,0.201728,1.711200
993,traditional,0.069952,1.025024,0.200704,1.295680
994,traditional,0.080352,1.045504,0.199680,1.325536
995,traditional,0.069024,1.039360,0.199680,1.308064
996,traditional,0.070336,1.233920,0.199680,1.503936
997,traditional,0.069280,1.041408,0.203776,1.314464
998,traditional,0.071616,1.015808,0.200704,1.288128
999,traditional,0.069696,1.043456,0.200704,1.313856
1000,traditional,0.069152,1.045504,0.199680,1.314336
1001,traditional,0.071040,1.033216,0.200704,1.304960
1002,traditional,0.069152,1.019904,0.200704,1.289760
1003,traditional,0.068416,1.031168,0.199680,1.299264
1004,traditional,0.075264,1.229824,0.200704,1.505792
1005,traditional,0.070208,1.034240,0.199680,1.304128
1006,traditional,0.068640,1.024000,0.211968,1.304608
1007,traditional,0.070720,1.222656,0.214016,1.507392
1008,traditional,0.081152,1.055744,0.200704,1.337600
1009,traditional,0.071872,1.032192,0.200704,1.304768
1010,traditional,0.075168,1.057792,0.200704,1.333664
1011,traditional,0.074304,1.056768,0.200704,1.331776
1012,traditional,0.070240,1.028096,0.199680,1.298016
1013,traditional,0.082208,1.314816,0.373760,1.770784
1014,traditional,0.074880,1.427456,0.377856,1.880192
1015,traditional,0.071072,1.044480,0.202752,1.318304
1016,traditional,0.075680,1.076224,0.199680,1.351584
1017,traditional,0.082592,1.039360,0.199680,1.321632
1018,traditional,0.078208,1.439744,0.400384,1.918336
1019,traditional,0.080352,1.421312,0.365568,1.867232
1020,traditional,0.077152,1.063936,0.200704,1.341792
1021,traditional,0.080064,1.022976,0.199680,1.302720
1022,traditional,0.072576,1.247232,0.204800,1.524608
1023,traditional,0.070176,1.223680,0.199680,1.493536
1024,traditional,0.070080,1.419264,0.203776,1.693120
1025,traditional,0.073568,1.065984,0.200704,1.340256
1026,traditional,0.069472,1.034240,0.200704,1.304416
1027,traditional,0.069792,1.065984,0.206848,1.342624
1028,traditional,0.081792,1.028096,0.199680,1.309568
1029,traditional,0.084640,1.042432,0.199680,1.326752
1030,traditional,0.081504,1.022976,0.200704,1.305184
1031,traditional,0.068128,1.026048,0.199680,1.293856
1032,traditional,0.078752,1.035264,0.200704,1.314720
1033,traditional,0.075072,1.437696,0.203776,1.716544
1034,traditional,0.071328,1.422336,0.199680,1.693344
1035,traditional,0.074528,1.037312,0.200704,1.312544
1036,traditional,0.069664,1.016832,0.200704,1.287200
1037,traditional,0.073984,1.224704,0.200704,1.499392
1038,traditional,0.085568,1.078272,0.199680,1.363520
1039,traditional,0.069984,1.044480,0.200704,1.315168
1040,traditional,0.081888,1.243136,0.200704,1.525728
1041,traditional,0.081312,1.024000,0.200704,1.306016
1042,traditional,0.074496,1.039360,0.200704,1.314560
1043,traditional,0.078112,1.049600,0.199680,1.327392
1044,traditional,0.069120,1.032192,0.200704,1.302016
1045,traditional,0.073184,1.076224,0.200704,1.350112
1046,traditional,0.069728,1.046528,0.199680,1.315936
1047,traditional,0.069024,1.053696,0.202752,1.325472
1048,traditional,0.070400,1.039360,0.200704,1.310464
1049,traditional,0.074016,1.427456,0.386048,1.887520
1050,traditional,0.083232,1.461248,0.379904,1.924384
1051,traditional,0.070112,1.089536,0.200704,1.360352
1052,traditional,0.068608,1.055744,0.199680,1.324032
1053,traditional,0.078656,1.271808,0.199680,1.550144
1054,traditional,0.069280,1.044480,0.199680,1.313440
1055,traditional,0.080320,1.069056,0.199680,1.349056
1056,traditional,0.084512,1.243136,0.199680,1.527328
1057,traditional,0.080256,1.106944,0.200704,1.387904
1058,traditional,0.068992,1.048576,0.199680,1.317248
1059,traditional,0.075008,1.258496,0.199680,1.533184
1060,traditional,0.068736,1.285120,0.358400,1.712256
1061,traditional,0.088192,1.473536,0.201728,1.763456
1062,traditional,0.069952,1.049600,0.200704,1.320256
1063,traditional,0.071040,1.035264,0.199680,1.305984
1064,traditional,0.076256,1.280000,0.203776,1.560032
1065,traditional,0.099936,1.065984,0.199680,1.365600
1066,traditional,0.070688,1.415168,0.204800,1.690656
1067,traditional,0.078720,1.047552,0.199680,1.325952
1068,traditional,0.068928,1.036288,0.199680,1.304896
1069,traditional,0.075488,1.240064,0.201728,1.517280
1070,traditional,0.069504,1.047552,0.210944,1.328000
1071,traditional,0.068672,1.067008,0.199680,1.335360
1072,traditional,0.070752,1.047552,0.199680,1.317984
1073,traditional,0.070048,1.060864,0.199680,1.330592
1074,traditional,0.069696,1.030144,0.198656,1.298496
1075,traditional,0.075360,1.249280,0.199680,1.524320
1076,traditional,0.071264,1.397760,0.203776,1.672800
1077,traditional,0.074816,1.426432,0.202752,1.704000
1078,traditional,0.086528,1.073152,0.200704,1.360384
1079,traditional,0.069152,1.028096,0.202752,1.300000
1080,traditional,0.086976,1.276928,0.200704,1.564608
1081,traditional,0.069632,1.088512,0.202752,1.360896
1082,traditional,0.069536,1.059840,0.199680,1.329056
1083,traditional,0.073824,1.246208,0.199680,1.519712
1084,traditional,0.070112,1.016832,0.199680,1.286624
1085,traditional,0.077856,1.050624,0.200704,1.329184
1086,traditional,0.080800,1.244160,0.211968,1.536928
1087,traditional,0.078112,1.048576,0.199680,1.326368
1088,traditional,0.069248,1.022976,0.210944,1.303168
1089,traditional,0.074368,1.241088,0.195584,1.511040
1090,traditional,0.068576,1.017856,0.199680,1.286112
1091,traditional,0.069952,1.035264,0.203776,1.308992
1092,traditional,0.070272,1.018880,0.199680,1.288832
1093,traditional,0.069472,1.061888,0.203776,1.335136
1094,traditional,0.072352,1.048576,0.199680,1.320608
1095,traditional,0.075552,1.224704,0.200704,1.500960
1096,traditional,0.069408,1.071104,0.439296,1.579808
1097,traditional,0.087424,1.266688,0.200704,1.554816
1098,traditional,0.068416,1.041408,0.207872,1.317696
1099,traditional,0.069600,1.014784,0.199680,1.284064
1100,traditional,0.074880,1.241088,0.204800,1.520768
1101,traditional,0.082464,1.448960,0.380928,1.912352
1102,traditional,0.076512,1.495040,0.380928,1.952480
1103,traditional,0.076416,1.071104,0.199680,1.347200
1104,traditional,0.069376,1.016832,0.199680,1.285888
1105,traditional,0.070016,1.220608,0.204800,1.495424
1106,traditional,0.069088,1.028096,0.199680,1.296864
1107,traditional,0.068896,1.032192,0.200704,1.301792
1108,traditional,0.083424,1.208320,0.199680,1.491424
1109,traditional,0.069376,1.027072,0.199680,1.296128
1110,traditional,0.073408,1.064960,0.199680,1.338048
1111,traditional,0.074176,1.249280,0.198656,1.522112
1112,traditional,0.070112,1.045504,0.199680,1.315296
1113,traditional,0.075200,1.033216,0.198656,1.307072
1114,traditional,0.071072,1.221632,0.199680,1.492384
1115,traditional,0.075552,1.465344,0.380928,1.921824
1116,traditional,0.074368,1.476608,0.382976,1.933952
1117,traditional,0.071424,1.068032,0.199680,1.339136
1118,traditional,0.069920,1.026048,0.199680,1.295648
1119,traditional,0.075776,1.230848,0.203776,1.510400
1120,traditional,0.069952,1.398784,0.203776,1.672512
1121,traditional,0.075136,1.422336,0.205824,1.703296
1122,traditional,0.087744,1.073152,0.199680,1.360576
1123,traditional,0.071392,1.032192,0.486400,1.589984
1124,traditional,0.078272,1.038336,0.199680,1.316288
1125,traditional,0.086400,1.026048,0.200704,1.313152
1126,traditional,0.075264,1.238016,0.199680,1.512960
1127,traditional,0.082080,1.399808,0.207872,1.689760
1128,traditional,0.069440,1.019904,0.199680,1.289024
1129,traditional,0.068736,1.038336,0.199680,1.306752
1130,traditional,0.068416,1.632256,0.208896,1.909568
1131,traditional,0.074720,1.267712,0.200704,1.543136
1132,traditional,0.080032,1.039360,0.198656,1.318048
1133,traditional,0.073376,1.040384,0.199680,1.313440
1134,traditional,0.079328,1.252352,0.203776,1.535456
1135,traditional,0.085344,1.025024,0.199680,1.310048
1136,traditional,0.070048,1.029120,0.199680,1.298848
1137,traditional,0.078400,1.041408,0.199680,1.319488
1138,traditional,0.069760,1.074176,0.199680,1.343616
1139,traditional,0.069600,1.022976,0.199680,1.292256
1140,traditional,0.074848,1.240064,0.200704,1.515616
1141,traditional,0.069504,1.040384,0.203776,1.313664
1142,traditional,0.069472,1.054720,0.199680,1.323872
1143,traditional,0.071552,1.049600,0.199680,1.320832
1144,traditional,0.073184,1.117184,0.203776,1.394144
1145,traditional,0.073376,1.052672,0.199680,1.325728
1146,traditional,0.073536,1.274880,0.199680,1.548096
1147,traditional,0.068768,1.027072,0.200704,1.296544
1148,traditional,0.072480,1.047552,0.200704,1.320736
1149,traditional,0.070240,1.031168,0.200704,1.302112
1150,traditional,0.071392,1.026048,0.208896,1.306336
1151,traditional,0.071200,1.043456,0.201728,1.316384
1152,traditional,0.073728,1.042432,0.200704,1.316864
1153,traditional,0.074400,1.067008,0.199680,1.341088
1154,traditional,0.070912,1.231872,0.205824,1.508608
1155,traditional,0.073120,1.021952,0.199680,1.294752
1156,traditional,0.069408,1.055744,0.200704,1.325856
1157,traditional,0.068800,1.021952,0.204800,1.295552
1158,traditional,0.071104,1.072128,0.200704,1.343936
1159,traditional,0.077248,1.073152,0.200704,1.351104
1160,traditional,0.087168,1.256448,0.199680,1.543296
1161,traditional,0.069600,1.035264,0.200704,1.305568
1162,traditional,0.080896,1.055744,0.199680,1.336320
1163,traditional,0.085248,1.226752,0.199680,1.511680
1164,traditional,0.073952,1.465344,0.380928,1.920224
1165,traditional,0.075200,1.473536,0.380928,1.929664
1166,traditional,0.076064,1.094656,0.199680,1.370400
1167,traditional,0.069248,1.024000,0.200704,1.293952
1168,traditional,0.079392,1.034240,0.200704,1.314336
1169,traditional,0.069472,1.064960,0.200704,1.335136
1170,traditional,0.069696,1.039360,0.200704,1.309760
1171,traditional,0.086592,1.096704,0.201728,1.385024
1172,traditional,0.073888,1.041408,0.200704,1.316000
1173,traditional,0.074528,1.264640,0.206848,1.546016
1174,traditional,0.098080,1.425408,0.382976,1.906464
1175,traditional,0.068448,1.041408,0.216064,1.325920
1176,traditional,0.069472,1.014784,0.484352,1.568608
1177,traditional,0.070560,1.035264,0.201728,1.307552
1178,traditional,0.070240,1.015808,0.199680,1.285728
1179,traditional,0.073920,1.059840,0.201728,1.335488
1180,traditional,0.076832,1.408000,0.203776,1.688608
1181,traditional,0.075424,1.435648,0.381952,1.893024
1182,traditional,0.079200,1.044480,0.200704,1.324384
1183,traditional,0.069728,1.022976,0.200704,1.293408
1184,traditional,0.075488,1.049600,0.200704,1.325792
1185,traditional,0.075072,1.061888,0.203776,1.340736
1186,traditional,0.069696,1.035264,0.200704,1.305664
1187,traditional,0.074208,1.057792,0.201728,1.333728
1188,traditional,0.070720,1.043456,0.200704,1.314880
1189,traditional,0.074432,1.037312,0.199680,1.311424
1190,traditional,0.070304,1.382400,0.204800,1.657504
1191,traditional,0.073920,1.052672,0.200704,1.327296
1192,traditional,0.075040,1.053696,0.380928,1.509664
1193,traditional,0.075584,1.039360,0.200704,1.315648
1194,traditional,0.069888,1.041408,0.200704,1.312000
1195,traditional,0.075296,1.241088,0.203776,1.520160
1196,traditional,0.073792,1.448960,0.379904,1.902656
1197,traditional,0.070144,1.057792,0.442368,1.570304
1198,traditional,0.076384,1.061888,0.200704,1.338976
1199,traditional,0.069344,1.035264,0.204800,1.309408
1200,traditional,0.081088,1.082368,0.205824,1.369280
1201,traditional,0.077984,1.061888,0.203776,1.343648
1202,traditional,0.073536,1.687552,0.214016,1.975104
1203,traditional,0.076000,1.085440,0.203776,1.365216
1204,traditional,0.069056,1.067008,0.200704,1.336768
1205,traditional,0.074912,1.261568,0.212992,1.549472
1206,traditional,0.068832,1.051648,0.200704,1.321184
1207,traditional,0.068512,1.078272,0.200704,1.347488
1208,traditional,0.074432,1.051648,0.200704,1.326784
1209,traditional,0.069216,1.235968,0.200704,1.505888
1210,traditional,0.077984,1.086464,0.200704,1.365152
1211,traditional,0.068896,1.346560,0.471040,1.886496
1212,traditional,0.072448,1.278976,0.204800,1.556224
1213,traditional,0.068608,1.047552,0.200704,1.316864
1214,traditional,0.083584,1.264640,0.204800,1.553024
1215,traditional,0.073952,1.406976,0.200704,1.681632
1216,traditional,0.068256,1.057792,0.200704,1.326752
1217,traditional,0.069376,1.031168,0.200704,1.301248
1218,traditional,0.070816,1.029120,0.200704,1.300640
1219,traditional,0.069600,1.062912,0.204800,1.337312
1220,traditional,0.069120,1.030144,0.200704,1.299968
1221,traditional,0.074112,1.254400,0.203776,1.532288
1222,traditional,0.069568,1.478656,0.378880,1.927104
1223,traditional,0.082336,1.254400,0.209920,1.546656
1224,traditional,0.068992,1.053696,0.427008,1.549696
1225,traditional,0.071968,1.534976,0.202752,1.809696
1226,traditional,0.144064,1.051648,0.201728,1.397440
1227,traditional,0.068512,1.028096,0.200704,1.297312
1228,traditional,0.070688,1.032192,0.217088,1.319968
1229,traditional,0.079296,1.045504,0.199680,1.324480
1230,traditional,0.070304,1.408000,0.204800,1.683104
1231,traditional,0.073824,1.050624,0.199680,1.324128
1232,traditional,0.069120,1.040384,0.492544,1.602048
1233,traditional,0.075296,1.211392,0.200704,1.487392
1234,traditional,0.073440,1.014784,0.199680,1.287904
1235,traditional,0.073728,1.071104,0.200704,1.345536
1236,traditional,0.070080,1.282048,0.206848,1.558976
1237,traditional,0.082496,1.219584,0.200704,1.502784
1238,traditional,0.079904,1.030144,0.200704,1.310752
1239,traditional,0.069152,1.015808,0.200704,1.285664
1240,traditional,0.075840,1.030144,0.199680,1.305664
1241,traditional,0.075040,1.042432,0.199680,1.317152
1242,traditional,0.080832,1.031168,0.200704,1.312704
1243,traditional,0.070048,1.253376,0.200704,1.524128
1244,traditional,0.068576,1.071104,0.200704,1.340384
1245,traditional,0.077408,1.617920,0.209920,1.905248
1246,traditional,0.074336,1.497088,0.357376,1.928800
1247,traditional,0.070016,1.228800,0.200704,1.499520
1248,traditional,0.069664,1.064960,0.216064,1.350688
1249,traditional,0.075264,1.252352,0.204800,1.532416
1250,traditional,0.074752,1.039360,0.200704,1.314816
1251,traditional,0.070080,1.238016,0.203776,1.511872
1252,traditional,0.070048,1.033216,0.200704,1.303968
1253,traditional,0.074016,1.313792,0.387072,1.774880
1254,traditional,0.080608,1.435648,0.378880,1.895136
1255,traditional,0.074624,1.062912,0.200704,1.338240
1256,traditional,0.074400,1.041408,0.200704,1.316512
1257,traditional,0.079424,1.243136,0.200704,1.523264
1258,traditional,0.071296,1.391616,0.200704,1.663616
1259,traditional,0.068704,1.062912,0.200704,1.332320
1260,traditional,0.069472,1.030144,0.200704,1.300320
1261,traditional,0.069920,1.016832,0.200704,1.287456
1262,traditional,0.069056,1.054720,0.200704,1.324480
1263,traditional,0.072064,1.028096,0.199680,1.299840
1264,traditional,0.081920,1.252352,0.200704,1.534976
1265,traditional,0.069792,1.031168,0.201728,1.302688
1266,traditional,0.077856,1.048576,0.201728,1.328160
1267,traditional,0.076736,1.243136,0.201728,1.521600
1268,traditional,0.069216,1.022976,0.200704,1.292896
1269,traditional,0.069568,1.050624,0.200704,1.320896
1270,traditional,0.074688,1.245184,0.204800,1.524672
1271,traditional,0.070016,1.076224,0.200704,1.346944
1272,traditional,0.071424,1.050624,0.200704,1.322752
1273,traditional,0.078816,1.244160,0.224256,1.547232
1274,traditional,0.073280,1.019904,0.200704,1.293888
1275,traditional,0.072608,1.020928,0.200704,1.294240
1276,traditional,0.080000,1.275904,0.199680,1.555584
1277,traditional,0.069216,1.030144,0.199680,1.299040
1278,traditional,0.074624,1.039360,0.212992,1.326976
1279,traditional,0.073312,1.033216,0.200704,1.307232
1280,traditional,0.069664,1.032192,0.199680,1.301536
1281,traditional,0.077664,1.031168,0.205824,1.314656
1282,traditional,0.068640,1.049600,0.200704,1.318944
1283,traditional,0.068992,1.038336,0.200704,1.308032
1284,traditional,0.070272,1.038336,0.200704,1.309312
1285,traditional,0.069408,1.033216,0.199680,1.302304
1286,traditional,0.070112,1.037312,0.200704,1.308128
1287,traditional,0.077824,1.080320,0.199680,1.357824
1288,traditional,0.076608,1.059840,0.209920,1.346368
1289,traditional,0.069760,1.057792,0.200704,1.328256
1290,traditional,0.079072,1.051648,0.200704,1.331424
1291,traditional,0.083488,1.072128,0.201728,1.357344
1292,traditional,0.074720,1.058816,0.200704,1.334240
1293,traditional,0.071424,1.049600,0.204800,1.325824
1294,traditional,0.070624,1.277952,0.199680,1.548256
1295,traditional,0.069696,1.110016,0.200704,1.380416
1296,traditional,0.069472,1.037312,0.199680,1.306464
1297,traditional,0.075456,1.267712,0.204800,1.547968
1298,traditional,0.070528,1.044480,0.201728,1.316736
1299,traditional,0.087360,1.062912,0.200704,1.350976
1300,traditional,0.069088,1.054720,0.421888,1.545696
1301,traditional,0.075872,1.284096,0.203776,1.563744
1302,traditional,0.072928,1.468416,0.200704,1.742048
1303,traditional,0.069920,1.045504,0.200704,1.316128
1304,traditional,0.068832,1.032192,0.199680,1.300704
1305,traditional,0.070912,1.085440,0.196608,1.352960
1306,traditional,0.074784,1.040384,0.199680,1.314848
1307,traditional,0.069408,1.100800,0.200704,1.370912
1308,traditional,0.070208,1.027072,0.199680,1.296960
1309,traditional,0.078240,1.280000,0.199680,1.557920
1310,traditional,0.070144,1.044480,0.203776,1.318400
1311,traditional,0.068288,1.029120,0.493568,1.590976
1312,traditional,0.075232,1.398784,0.200704,1.674720
1313,traditional,0.071264,1.027072,0.201728,1.300064
1314,traditional,0.070144,1.071104,0.199680,1.340928
1315,traditional,0.074848,1.289216,0.199680,1.563744
1316,traditional,0.070208,1.028096,0.200704,1.299008
1317,traditional,0.069344,1.056768,0.199680,1.325792
1318,traditional,0.068736,1.047552,0.200704,1.316992
1319,traditional,0.080384,1.273856,0.199680,1.553920
1320,traditional,0.079904,1.099776,0.199680,1.379360
1321,traditional,0.068512,1.034240,0.484352,1.587104
1322,traditional,0.075104,1.048576,0.199680,1.323360
1323,traditional,0.069440,1.025024,0.210944,1.305408
1324,traditional,0.072160,1.247232,0.196608,1.516000
1325,traditional,0.076384,1.443840,0.391168,1.911392
1326,traditional,0.074080,1.444864,0.202752,1.721696
1327,traditional,0.070432,1.030144,0.200704,1.301280
1328,traditional,0.069216,1.064960,0.199680,1.333856
1329,traditional,0.077728,1.246208,0.203776,1.527712
1330,traditional,0.069920,1.025024,0.199680,1.294624
1331,traditional,0.070112,1.010688,0.200704,1.281504
1332,traditional,0.070176,1.027072,0.201728,1.298976
1333,traditional,0.069248,1.078272,0.200704,1.348224
1334,traditional,0.068800,1.010688,0.199680,1.279168
1335,traditional,0.074080,1.218560,0.199680,1.492320
1336,traditional,0.070848,1.052672,0.200704,1.324224
1337,traditional,0.070272,1.041408,0.199680,1.311360
1338,traditional,0.070976,1.221632,0.200704,1.493312
1339,traditional,0.069344,1.035264,0.200704,1.305312
1340,traditional,0.071712,1.650688,0.381952,2.104352
1341,traditional,0.075200,1.403904,0.203776,1.682880
1342,traditional,0.075200,1.416192,0.200704,1.692096
1343,traditional,0.074272,1.069056,0.200704,1.344032
1344,traditional,0.072352,1.018880,0.199680,1.290912
1345,traditional,0.070784,1.259520,0.199680,1.529984
1346,traditional,0.069312,1.012736,0.200704,1.282752
1347,traditional,0.084544,1.022976,0.199680,1.307200
1348,traditional,0.072352,1.028096,0.201728,1.302176
1349,traditional,0.068096,1.057792,0.203776,1.329664
1350,traditional,0.072416,1.019904,0.485376,1.577696
1351,traditional,0.077536,1.303552,0.357376,1.738464
1352,traditional,0.080928,1.412096,0.199680,1.692704
1353,traditional,0.073312,1.084416,0.199680,1.357408
1354,traditional,0.069056,1.009664,0.199680,1.278400
1355,traditional,0.070048,1.253376,0.206848,1.530272
1356,traditional,0.083520,1.233920,0.203776,1.521216
1357,traditional,0.072736,1.422336,0.202752,1.697824
1358,traditional,0.076960,1.039360,0.200704,1.317024
1359,traditional,0.068800,1.041408,0.199680,1.309888
1360,traditional,0.076192,1.236992,0.199680,1.512864
1361,traditional,0.067680,1.028096,0.199680,1.295456
1362,traditional,0.069568,1.016832,0.199680,1.286080
1363,traditional,0.070784,1.015808,0.199680,1.286272
1364,traditional,0.073728,1.036288,0.203776,1.313792
1365,traditional,0.068960,1.043456,0.200704,1.313120
1366,traditional,0.081664,1.243136,0.200704,1.525504
1367,traditional,0.073952,1.434624,0.378880,1.887456
1368,traditional,0.074752,1.480704,0.393216,1.948672
1369,traditional,0.088352,1.063936,0.200704,1.352992
1370,traditional,0.070080,1.015808,0.200704,1.286592
1371,traditional,0.073952,1.223680,0.199680,1.497312
1372,traditional,0.069408,1.043456,0.203776,1.316640
1373,traditional,0.069216,1.018880,0.199680,1.287776
1374,traditional,0.075104,1.223680,0.200704,1.499488
1375,traditional,0.082464,1.030144,0.203776,1.316384
1376,traditional,0.077856,1.038336,0.199680,1.315872
1377,traditional,0.076288,1.233920,0.217088,1.527296
1378,traditional,0.082880,1.392640,0.203776,1.679296
1379,traditional,0.083616,1.492992,0.391168,1.967776
1380,traditional,0.073952,1.034240,0.199680,1.307872
1381,traditional,0.068384,1.035264,0.199680,1.303328
1382,traditional,0.071776,1.242112,0.203776,1.517664
1383,traditional,0.071328,1.067008,0.199680,1.338016
1384,traditional,0.070272,1.049600,0.203776,1.323648
1385,traditional,0.068672,1.067008,0.199680,1.335360
1386,traditional,0.073664,1.036288,0.200704,1.310656
1387,traditional,0.072736,1.037312,0.199680,1.309728
1388,traditional,0.082016,1.028096,0.199680,1.309792
1389,traditional,0.070688,1.223680,0.200704,1.495072
1390,traditional,0.069344,1.017856,0.199680,1.286880
1391,traditional,0.075232,1.076224,0.199680,1.351136
1392,traditional,0.074944,1.236992,0.200704,1.512640
1393,traditional,0.069824,1.070080,0.204800,1.344704
1394,traditional,0.081088,1.043456,0.199680,1.324224
1395,traditional,0.074464,1.278976,0.203776,1.557216
1396,traditional,0.071232,1.404928,0.204800,1.680960
1397,traditional,0.074016,1.426432,0.206848,1.707296
1398,traditional,0.078208,1.041408,0.200704,1.320320
1399,traditional,0.069984,1.078272,0.200704,1.348960
1400,traditional,0.070624,1.249280,0.200704,1.520608
1401,traditional,0.069696,1.063936,0.199680,1.333312
1402,traditional,0.069472,1.048576,0.200704,1.318752
1403,traditional,0.075232,1.230848,0.199680,1.505760
1404,traditional,0.069824,1.035264,0.204800,1.309888
1405,traditional,0.080480,1.031168,0.200704,1.312352
1406,traditional,0.072864,1.034240,0.204800,1.311904
1407,traditional,0.069728,1.027072,0.204800,1.301600
1408,traditional,0.075040,1.239040,0.199680,1.513760
1409,traditional,0.069536,1.081344,0.199680,1.350560
1410,traditional,0.069664,1.070080,0.200704,1.340448
1411,traditional,0.076096,1.216512,0.200704,1.493312
1412,traditional,0.085824,1.302528,0.358400,1.746752
1413,traditional,0.077440,1.428480,0.200704,1.706624
1414,traditional,0.069984,1.082368,0.200704,1.353056
1415,traditional,0.068768,1.045504,0.199680,1.313952
1416,traditional,0.084672,1.217536,0.204800,1.507008
1417,traditional,0.075392,1.429504,0.204800,1.709696
1418,traditional,0.076384,1.420288,0.385024,1.881696
1419,traditional,0.080512,1.069056,0.200704,1.350272
1420,traditional,0.069344,1.035264,0.200704,1.305312
1421,traditional,0.075456,1.248256,0.214016,1.537728
1422,traditional,0.083584,1.431552,0.394240,1.909376
1423,traditional,0.075488,1.447936,0.380928,1.904352
1424,traditional,0.072064,1.058816,0.200704,1.331584
1425,traditional,0.069376,1.325056,0.461824,1.856256
1426,traditional,0.079200,1.290240,0.199680,1.569120
1427,traditional,0.069792,1.055744,0.199680,1.325216
1428,traditional,0.069184,1.021952,0.199680,1.290816
1429,traditional,0.072768,1.249280,0.203776,1.525824
1430,traditional,0.070208,1.042432,0.199680,1.312320
1431,traditional,0.068608,1.080320,0.204800,1.353728
1432,traditional,0.069824,1.060864,0.200704,1.331392
1433,traditional,0.071712,1.231872,0.200704,1.504288
1434,traditional,0.069568,1.041408,0.204800,1.315776
1435,traditional,0.071392,1.026048,0.200704,1.298144
1436,traditional,0.070016,1.040384,0.200704,1.311104
1437,traditional,0.072576,1.073152,0.200704,1.346432
1438,traditional,0.069824,1.043456,0.203776,1.317056
1439,traditional,0.070848,1.253376,0.200704,1.524928
1440,traditional,0.069440,1.047552,0.207872,1.324864
1441,traditional,0.074560,1.040384,0.200704,1.315648
1442,traditional,0.070464,1.222656,0.200704,1.493824
1443,traditional,0.071904,1.047552,0.199680,1.319136
1444,traditional,0.068800,1.057792,0.207872,1.334464
1445,traditional,0.072288,1.241088,0.202752,1.516128
1446,traditional,0.076672,1.074176,0.200704,1.351552
1447,traditional,0.068608,1.054720,0.199680,1.323008
1448,traditional,0.079136,1.276928,0.200704,1.556768
1449,traditional,0.073152,1.050624,0.201728,1.325504
1450,traditional,0.069504,1.031168,0.199680,1.300352
1451,traditional,0.074176,1.273856,0.199680,1.547712
1452,traditional,0.068896,1.420288,0.202752,1.691936
1453,traditional,0.069792,1.082368,0.204800,1.356960
1454,traditional,0.070816,1.316864,0.199680,1.587360
1455,traditional,0.075232,1.265664,0.199680,1.540576
1456,traditional,0.068832,1.047552,0.204800,1.321184
1457,traditional,0.068384,1.027072,0.199680,1.295136
1458,traditional,0.094944,1.103872,0.204800,1.403616
1459,traditional,0.069920,1.031168,0.199680,1.300768
1460,traditional,0.076032,1.251328,0.200704,1.528064
1461,traditional,0.074880,1.049600,0.200704,1.325184
1462,traditional,0.093824,1.043456,0.204800,1.342080
1463,traditional,0.070528,1.062912,0.203776,1.337216
1464,traditional,0.069472,1.070080,0.200704,1.340256
1465,traditional,0.070944,1.054720,0.203776,1.329440
1466,traditional,0.073888,1.055744,0.199680,1.329312
1467,traditional,0.070720,1.078272,0.378880,1.527872
1468,traditional,0.078944,1.093632,0.200704,1.373280
1469,traditional,0.070496,1.036288,0.199680,1.306464
1470,traditional,0.069376,1.226752,0.200704,1.496832
1471,traditional,0.069536,1.018880,0.199680,1.288096
1472,traditional,0.069152,1.098752,0.204800,1.372704
1473,traditional,0.075328,1.289216,0.358400,1.722944
1474,traditional,0.070720,1.085440,0.203776,1.359936
1475,traditional,0.073280,1.056768,0.211968,1.342016
1476,traditional,0.073792,1.266688,0.203776,1.544256
1477,traditional,0.071008,1.051648,0.201728,1.324384
1478,traditional,0.070432,1.045504,0.199680,1.315616
1479,traditional,0.069664,1.227776,0.200704,1.498144
1480,traditional,0.072544,1.033216,0.199680,1.305440
1481,traditional,0.086560,1.051648,0.199680,1.337888
1482,traditional,0.076032,1.296384,0.358400,1.730816
1483,traditional,0.069536,1.546240,0.203776,1.819552
1484,traditional,0.070304,1.227776,0.208896,1.506976
1485,traditional,0.069088,1.021952,0.199680,1.290720
1486,traditional,0.075872,1.246208,0.203776,1.525856
1487,traditional,0.071456,1.030144,0.199680,1.301280
1488,traditional,0.069792,1.041408,0.199680,1.310880
1489,traditional,0.069568,1.025024,0.204800,1.299392
1490,traditional,0.069888,1.032192,0.199680,1.301760
1491,traditional,0.074016,1.058816,0.200704,1.333536
1492,traditional,0.075904,1.278976,0.201728,1.556608
1493,traditional,0.070688,1.043456,0.199680,1.313824
1494,traditional,0.074720,1.027072,0.199680,1.301472
1495,traditional,0.072864,1.029120,0.199680,1.301664
1496,traditional,0.079456,1.033216,0.201728,1.314400
1497,traditional,0.070176,1.051648,0.200704,1.322528
1498,traditional,0.087616,1.052672,0.200704,1.340992
1499,traditional,0.068512,1.036288,0.200704,1.305504
1500,traditional,0.075456,1.266688,0.200704,1.542848
1501,traditional,0.080000,1.277952,0.203776,1.561728
1502,traditional,0.070048,1.034240,0.199680,1.303968
1503,traditional,0.087072,1.032192,0.200704,1.319968
1504,traditional,0.069408,1.609728,0.209920,1.889056
1505,traditional,0.070336,1.243136,0.199680,1.513152
1506,traditional,0.075008,1.094656,0.204800,1.374464
1507,traditional,0.069664,1.058816,0.200704,1.329184
1508,traditional,0.070816,1.224704,0.204800,1.500320
1509,traditional,0.070528,1.226752,0.200704,1.497984
1510,traditional,0.069184,1.031168,0.204800,1.305152
1511,traditional,0.070304,1.018880,0.199680,1.288864
1512,traditional,0.081504,1.034240,0.204800,1.320544
1513,traditional,0.069248,1.044480,0.204800,1.318528
1514,traditional,0.072064,1.017856,0.199680,1.289600
1515,traditional,0.073856,1.253376,0.199680,1.526912
1516,traditional,0.077344,1.059840,0.200704,1.337888
1517,traditional,0.069280,1.033216,0.199680,1.302176
1518,traditional,0.075712,1.242112,0.199680,1.517504
1519,traditional,0.071328,1.024000,0.199680,1.295008
1520,traditional,0.069440,1.071104,0.205824,1.346368
1521,traditional,0.075200,1.064960,0.199680,1.339840
1522,traditional,0.069152,1.065984,0.199680,1.334816
1523,traditional,0.070176,1.070080,0.200704,1.340960
1524,traditional,0.074272,1.071104,0.199680,1.345056
1525,traditional,0.083296,1.360896,0.372736,1.816928
1526,traditional,0.075904,1.101824,0.216064,1.393792
1527,traditional,0.069408,1.055744,0.209920,1.335072
1528,traditional,0.071616,1.057792,0.202752,1.332160
1529,traditional,0.069312,1.055744,0.204800,1.329856
1530,traditional,0.074784,1.050624,0.206848,1.332256
1531,traditional,0.078464,1.269760,0.200704,1.548928
1532,traditional,0.069792,1.077248,0.201728,1.348768
1533,traditional,0.074944,1.050624,0.200704,1.326272
1534,traditional,0.078400,1.285120,0.206848,1.570368
1535,traditional,0.081888,1.047552,0.199680,1.329120
1536,traditional,0.080896,1.082368,0.199680,1.362944
1537,traditional,0.073568,1.037312,0.200704,1.311584
1538,traditional,0.070880,1.091584,0.204800,1.367264
1539,traditional,0.079072,1.058816,0.200704,1.338592
1540,traditional,0.071168,1.029120,0.203776,1.304064
1541,traditional,0.074784,1.056768,0.199680,1.331232
1542,traditional,0.068992,1.039360,0.200704,1.309056
1543,traditional,0.070912,1.244160,0.215040,1.530112
1544,traditional,0.077504,1.054720,0.199680,1.331904
1545,traditional,0.070752,1.061888,0.216064,1.348704
1546,traditional,0.069920,1.050624,0.208896,1.329440
1547,traditional,0.068608,1.060864,0.199680,1.329152
1548,traditional,0.070112,1.236992,0.199680,1.506784
1549,traditional,0.070112,1.417216,0.200704,1.688032
1550,traditional,0.069056,1.089536,0.203776,1.362368
1551,traditional,0.068992,1.057792,0.199680,1.326464
1552,traditional,0.070368,1.063936,0.199680,1.333984
1553,traditional,0.084992,1.435648,0.377856,1.898496
1554,traditional,0.075648,1.442816,0.377856,1.896320
1555,traditional,0.074272,1.104896,0.199680,1.378848
1556,traditional,0.069824,1.036288,0.199680,1.305792
1557,traditional,0.074304,1.053696,0.200704,1.328704
1558,traditional,0.070272,1.017856,0.200704,1.288832
1559,traditional,0.072448,1.090560,0.210944,1.373952
1560,traditional,0.076640,1.021952,0.199680,1.298272
1561,traditional,0.081536,1.250304,0.199680,1.531520
1562,traditional,0.068832,1.059840,0.204800,1.333472
1563,traditional,0.070112,1.043456,0.200704,1.314272
1564,traditional,0.075104,1.037312,0.199680,1.312096
1565,traditional,0.069152,1.028096,0.200704,1.297952
1566,traditional,0.070048,1.026048,0.199680,1.295776
1567,traditional,0.069568,1.045504,0.200704,1.315776
1568,traditional,0.069504,1.029120,0.199680,1.298304
1569,traditional,0.082112,1.206272,0.199680,1.488064
1570,traditional,0.073696,1.426432,0.399360,1.899488
1571,traditional,0.074624,1.435648,0.203776,1.714048
1572,traditional,0.087424,1.060864,0.199680,1.347968
1573,traditional,0.070304,1.009664,0.198656,1.278624
1574,traditional,0.069984,1.028096,0.199680,1.297760
1575,traditional,0.069504,1.307648,0.359424,1.736576
1576,traditional,0.070688,1.532928,0.202752,1.806368
1577,traditional,0.070912,1.028096,0.203776,1.302784
1578,traditional,0.072576,1.015808,0.199680,1.288064
1579,traditional,0.073280,1.254400,0.203776,1.531456
1580,traditional,0.084096,1.016832,0.199680,1.300608
1581,traditional,0.068736,1.042432,0.199680,1.310848
1582,traditional,0.078240,1.208320,0.199680,1.486240
1583,traditional,0.087968,1.067008,0.206848,1.361824
1584,traditional,0.070496,1.240064,0.203776,1.514336
1585,traditional,0.081600,1.009664,0.199680,1.290944
1586,traditional,0.068480,1.009664,0.485376,1.563520
1587,traditional,0.075072,1.282048,0.200704,1.557824
1588,traditional,0.068960,1.072128,0.201728,1.342816
1589,traditional,0.091584,1.342464,0.468992,1.903040
1590,traditional,0.070848,1.246208,0.203776,1.520832
1591,traditional,0.069440,1.031168,0.199680,1.300288
1592,traditional,0.068896,1.038336,0.203776,1.311008
1593,traditional,0.071296,1.242112,0.199680,1.513088
1594,traditional,0.070432,1.213440,0.212992,1.496864
1595,traditional,0.068768,1.045504,0.212992,1.327264
1596,traditional,0.074848,1.063936,0.199680,1.338464
1597,traditional,0.070304,1.238016,0.200704,1.509024
1598,traditional,0.068576,1.071104,0.199680,1.339360
1599,traditional,0.080544,1.053696,0.200704,1.334944
1600,traditional,0.076608,1.235968,0.203776,1.516352
1601,traditional,0.080992,1.037312,0.200704,1.319008
1602,traditional,0.069216,1.044480,0.199680,1.313376
1603,traditional,0.070400,1.221632,0.203776,1.495808
1604,traditional,0.074560,1.031168,0.200704,1.306432
1605,traditional,0.071136,1.045504,0.204800,1.321440
1606,traditional,0.072384,1.020928,0.200704,1.294016
1607,traditional,0.069536,1.346560,0.460800,1.876896
1608,traditional,0.078432,1.232896,0.200704,1.512032
1609,traditional,0.069824,1.021952,0.199680,1.291456
1610,traditional,0.084352,1.024000,0.199680,1.308032
1611,traditional,0.071936,1.030144,0.200704,1.302784
1612,traditional,0.069824,1.040384,0.199680,1.309888
1613,traditional,0.074432,1.228800,0.200704,1.503936
1614,traditional,0.069440,1.411072,0.201728,1.682240
1615,traditional,0.083200,1.049600,0.203776,1.336576
1616,traditional,0.069440,1.028096,0.200704,1.298240
1617,traditional,0.070080,1.281024,0.204800,1.555904
1618,traditional,0.074752,1.045504,0.200704,1.320960
1619,traditional,0.069792,1.035264,0.199680,1.304736
1620,traditional,0.075040,1.053696,0.199680,1.328416
1621,traditional,0.079040,1.043456,0.199680,1.322176
1622,traditional,0.075584,1.022976,0.206848,1.305408
1623,traditional,0.070016,1.041408,0.200704,1.312128
1624,traditional,0.076800,1.056768,0.200704,1.334272
1625,traditional,0.071392,1.061888,0.217088,1.350368
1626,traditional,0.069184,1.033216,0.576512,1.678912
1627,traditional,0.074816,1.453056,0.378880,1.906752
1628,traditional,0.070560,1.018880,0.199680,1.289120
1629,traditional,0.091360,1.041408,0.200704,1.333472
1630,traditional,0.078656,1.052672,0.202752,1.334080
1631,traditional,0.071072,1.038336,0.200704,1.310112
1632,traditional,0.076800,1.083392,0.199680,1.359872
1633,traditional,0.070368,1.616896,0.210944,1.898208
1634,traditional,0.070432,1.084416,0.201728,1.356576
1635,traditional,0.094944,1.056768,0.208896,1.360608
1636,traditional,0.070208,1.036288,0.200704,1.307200
1637,traditional,0.083520,1.046528,0.202752,1.332800
1638,traditional,0.088864,1.296384,0.362496,1.747744
1639,traditional,0.072160,1.570816,0.384000,2.026976
1640,traditional,0.069920,1.072128,0.202752,1.344800
1641,traditional,0.069344,1.054720,0.201728,1.325792
1642,traditional,0.078336,1.335296,0.220160,1.633792
1643,traditional,0.084032,1.119232,0.209920,1.413184
1644,traditional,0.072928,1.074176,0.208896,1.356000
1645,traditional,0.078496,1.281024,0.233472,1.592992
1646,traditional,0.072320,1.348608,0.373760,1.794688
1647,traditional,0.079264,1.501184,0.397312,1.977760
1648,traditional,0.072864,1.136640,0.209920,1.419424
1649,traditional,0.072256,1.074176,0.508928,1.655360
1650,traditional,0.078304,1.107968,0.209920,1.396192
1651,traditional,0.085376,1.106944,0.208896,1.401216
1652,traditional,0.095200,1.135616,0.210944,1.441760
1653,traditional,0.082272,1.107968,0.220160,1.410400
1654,traditional,0.095840,1.129472,0.216064,1.441376
1655,traditional,0.073760,1.115136,0.215040,1.403936
1656,traditional,0.074176,1.122304,0.218112,1.414592
1657,traditional,0.079680,1.325056,0.215040,1.619776
1658,traditional,0.075648,1.117184,0.212992,1.405824
1659,traditional,0.073984,1.108992,0.214016,1.396992
1660,traditional,0.081472,1.317888,0.214016,1.613376
1661,traditional,0.073824,1.106944,0.211968,1.392736
1662,traditional,0.071840,1.080320,0.206848,1.359008
1663,traditional,0.072672,1.075200,0.211968,1.359840
1664,traditional,0.073504,1.297408,0.207872,1.578784
1665,traditional,0.072864,1.471488,0.398336,1.942688
1666,traditional,0.097536,1.101824,0.207872,1.407232
1667,traditional,0.072032,1.496064,0.389120,1.957216
1668,traditional,0.080704,1.265664,0.204800,1.551168
1669,traditional,0.071648,1.085440,0.207872,1.364960
1670,traditional,0.071008,1.375232,0.472064,1.918304
1671,traditional,0.077984,1.054720,0.204800,1.337504
1672,traditional,0.070816,1.043456,0.203776,1.318048
1673,traditional,0.077024,1.263616,0.203776,1.544416
1674,traditional,0.072128,1.135616,0.217088,1.424832
1675,traditional,0.074752,1.190912,0.215040,1.480704
1676,traditional,0.079520,1.121280,0.225280,1.426080
1677,traditional,0.077312,1.114112,0.215040,1.406464
1678,traditional,0.086112,1.113088,0.215040,1.414240
1679,traditional,0.079360,1.606656,0.408576,2.094592
1680,traditional,0.079520,1.516544,0.408576,2.004640
1681,traditional,0.080064,1.143808,0.215040,1.438912
1682,traditional,0.074432,1.096704,0.215040,1.386176
1683,traditional,0.075808,1.131520,0.216064,1.423392
1684,traditional,0.074912,1.132544,0.214016,1.421472
1685,traditional,0.078912,1.084416,0.203776,1.367104
1686,traditional,0.071584,1.041408,0.203776,1.316768
1687,traditional,0.070464,1.059840,0.204800,1.335104
1688,traditional,0.076608,1.289216,0.204800,1.570624
1689,traditional,0.070880,1.062912,0.203776,1.337568
1690,traditional,0.071296,1.081344,0.207872,1.360512
1691,traditional,0.075840,1.273856,0.207872,1.557568
1692,traditional,0.071392,1.074176,0.209920,1.355488
1693,traditional,0.082752,1.086464,0.209920,1.379136
1694,traditional,0.080224,1.495040,0.395264,1.970528
1695,traditional,0.072416,1.528832,0.414720,2.015968
1696,traditional,0.073632,1.117184,0.212992,1.403808
1697,traditional,0.076128,1.123328,0.211968,1.411424
1698,traditional,0.080032,1.323008,0.212992,1.616032
1699,traditional,0.074464,1.334272,0.212992,1.621728
1700,traditional,0.073184,1.561600,0.404480,2.039264
1701,traditional,0.080864,1.154048,0.211968,1.446880
1702,traditional,0.074624,1.101824,0.221184,1.397632
1703,traditional,0.077408,1.304576,0.212992,1.594976
1704,traditional,0.073280,1.489920,0.218112,1.781312
1705,traditional,0.090272,1.532928,0.398336,2.021536
1706,traditional,0.079552,1.080320,0.208896,1.368768
1707,traditional,0.096960,1.284096,0.392192,1.773248
1708,traditional,0.081824,1.484800,0.396288,1.962912
1709,traditional,0.085600,1.077248,0.217088,1.379936
1710,traditional,0.084320,1.079296,0.208896,1.372512
1711,traditional,0.073056,1.033216,0.200704,1.306976
1712,traditional,0.079424,1.026048,0.199680,1.305152
1713,traditional,0.068960,1.300480,0.360448,1.729888
1714,traditional,0.075968,1.442816,0.204800,1.723584
1715,traditional,0.073312,1.594368,0.205824,1.873504
1716,traditional,0.082304,1.058816,0.216064,1.357184
1717,traditional,0.069120,1.074176,0.199680,1.342976
1718,traditional,0.071072,1.233920,0.200704,1.505696
1719,traditional,0.069760,1.049600,0.204800,1.324160
1720,traditional,0.073472,1.028096,0.199680,1.301248
1721,traditional,0.071872,1.250304,0.199680,1.521856
1722,traditional,0.069920,1.018880,0.199680,1.288480
1723,traditional,0.075744,1.088512,0.200704,1.364960
1724,traditional,0.079904,1.236992,0.200704,1.517600
1725,traditional,0.069152,1.040384,0.200704,1.310240
1726,traditional,0.069952,1.056768,0.207872,1.334592
1727,traditional,0.075104,1.412096,0.205824,1.693024
1728,traditional,0.069344,1.065984,0.199680,1.335008
1729,traditional,0.069280,1.100800,0.200704,1.370784
1730,traditional,0.082528,1.234944,0.200704,1.518176
1731,traditional,0.070144,1.091584,0.204800,1.366528
1732,traditional,0.072160,1.361920,0.470016,1.904096
1733,traditional,0.082816,1.595392,0.384000,2.062208
1734,traditional,0.070432,1.064960,0.200704,1.336096
1735,traditional,0.075296,1.049600,0.200704,1.325600
1736,traditional,0.075296,1.235968,0.199680,1.510944
1737,traditional,0.075936,1.307648,0.359424,1.743008
1738,traditional,0.079712,1.238016,0.200704,1.518432
1739,traditional,0.069472,1.069056,0.209920,1.348448
1740,traditional,0.068736,1.022976,0.199680,1.291392
1741,traditional,0.077344,1.241088,0.199680,1.518112
1742,traditional,0.076160,1.464320,0.380928,1.921408
1743,traditional,0.070912,1.447936,0.201728,1.720576
1744,traditional,0.070944,1.056768,0.200704,1.328416
1745,traditional,0.069440,1.056768,0.200704,1.326912
1746,traditional,0.075040,1.269760,0.203776,1.548576
1747,traditional,0.086368,1.065984,0.200704,1.353056
1748,traditional,0.069888,1.021952,0.200704,1.292544
1749,traditional,0.072000,1.274880,0.199680,1.546560
1750,traditional,0.080832,1.035264,0.199680,1.315776
1751,traditional,0.073696,1.032192,0.200704,1.306592
1752,traditional,0.069600,1.036288,0.199680,1.305568
1753,traditional,0.075584,1.234944,0.200704,1.511232
1754,traditional,0.070176,1.016832,0.200704,1.287712
1755,traditional,0.077472,1.037312,0.200704,1.315488
1756,traditional,0.070400,1.044480,0.200704,1.315584
1757,traditional,0.070400,1.026048,0.204800,1.301248
1758,traditional,0.073952,1.038336,0.199680,1.311968
1759,traditional,0.074208,1.242112,0.199680,1.516000
1760,traditional,0.075680,1.312768,0.362496,1.750944
1761,traditional,0.083840,1.476608,0.201728,1.762176
1762,traditional,0.068576,1.038336,0.206848,1.313760
1763,traditional,0.068448,1.030144,0.199680,1.298272
1764,traditional,0.070656,1.267712,0.204800,1.543168
1765,traditional,0.070752,1.046528,0.200704,1.317984
1766,traditional,0.069280,1.071104,0.203776,1.344160
1767,traditional,0.069536,1.029120,0.199680,1.298336
1768,traditional,0.079232,1.260544,0.204800,1.544576
1769,traditional,0.073344,1.441792,0.381952,1.897088
1770,traditional,0.069888,1.059840,0.203776,1.333504
1771,traditional,0.072416,1.080320,0.204800,1.357536
1772,traditional,0.071264,1.241088,0.200704,1.513056
1773,traditional,0.086368,1.463296,0.381952,1.931616
1774,traditional,0.088608,1.461248,0.391168,1.941024
1775,traditional,0.075296,1.065984,0.199680,1.340960
1776,traditional,0.069280,1.053696,0.486400,1.609376
1777,traditional,0.087840,1.278976,0.200704,1.567520
1778,traditional,0.069600,1.062912,0.203776,1.336288
1779,traditional,0.069088,1.052672,0.199680,1.321440
1780,traditional,0.075136,1.044480,0.200704,1.320320
1781,traditional,0.070336,1.231872,0.200704,1.502912
1782,traditional,0.072576,1.042432,0.202752,1.317760
1783,traditional,0.092800,1.047552,0.199680,1.340032
1784,traditional,0.075424,1.247232,0.204800,1.527456
1785,traditional,0.068800,1.414144,0.204800,1.687744
1786,traditional,0.084512,1.618944,0.210944,1.914400
1787,traditional,0.075200,1.038336,0.199680,1.313216
1788,traditional,0.073888,1.027072,0.199680,1.300640
1789,traditional,0.074400,1.236992,0.200704,1.512096
1790,traditional,0.073376,1.445888,0.202752,1.722016
1791,traditional,0.079968,1.449984,0.378880,1.908832
1792,traditional,0.069888,1.044480,0.196608,1.310976
1793,traditional,0.068928,1.060864,0.199680,1.329472
1794,traditional,0.073184,1.240064,0.203776,1.517024
1795,traditional,0.069856,1.036288,0.200704,1.306848
1796,traditional,0.076736,1.031168,0.200704,1.308608
1797,traditional,0.073600,1.019904,0.199680,1.293184
1798,traditional,0.070240,1.036288,0.497664,1.604192
1799,traditional,0.084704,1.232896,0.203776,1.521376
1800,traditional,0.070240,1.376256,0.200704,1.647200
1801,traditional,0.078912,1.015808,0.200704,1.295424
1802,traditional,0.087008,1.030144,0.199680,1.316832
1803,traditional,0.074496,1.244160,0.199680,1.518336
1804,traditional,0.074336,1.070080,0.202752,1.347168
1805,traditional,0.069344,1.045504,0.200704,1.315552
1806,traditional,0.075840,1.068032,0.200704,1.344576
1807,traditional,0.081888,1.025024,0.203776,1.310688
1808,traditional,0.073920,1.016832,0.200704,1.291456
1809,traditional,0.074176,1.022976,0.200704,1.297856
1810,traditional,0.074336,1.219584,0.200704,1.494624
1811,traditional,0.069440,1.271808,0.357376,1.698624
1812,traditional,0.070624,1.514496,0.202752,1.787872
1813,traditional,0.069920,1.024000,0.203776,1.297696
1814,traditional,0.070112,1.016832,0.200704,1.287648
1815,traditional,0.074752,1.221632,0.199680,1.496064
1816,traditional,0.078240,1.027072,0.203776,1.309088
1817,traditional,0.076672,1.009664,0.199680,1.286016
1818,traditional,0.072992,1.242112,0.200704,1.515808
1819,traditional,0.070656,1.055744,0.202752,1.329152
1820,traditional,0.069152,1.024000,0.199680,1.292832
1821,traditional,0.075584,1.188864,0.200704,1.465152
1822,traditional,0.069504,0.999424,0.203776,1.272704
1823,traditional,0.072512,1.006592,0.201728,1.280832
1824,traditional,0.070624,1.025024,0.200704,1.296352
1825,traditional,0.074016,1.037312,0.199680,1.311008
1826,traditional,0.080800,1.005568,0.200704,1.287072
1827,traditional,0.074720,1.286144,0.199680,1.560544
1828,traditional,0.084992,1.270784,0.358400,1.714176
1829,traditional,0.086976,1.457152,0.378880,1.923008
1830,traditional,0.069952,1.044480,0.199680,1.314112
1831,traditional,0.070560,1.028096,0.199680,1.298336
1832,traditional,0.072320,1.044480,0.200704,1.317504
1833,traditional,0.077984,1.042432,0.202752,1.323168
1834,traditional,0.076992,1.057792,0.200704,1.335488
1835,traditional,0.077664,1.009664,0.199680,1.287008
1836,traditional,0.069792,1.345536,0.465920,1.881248
1837,traditional,0.070048,1.216512,0.203776,1.490336
1838,traditional,0.069376,1.500160,0.358400,1.927936
1839,traditional,0.070368,1.236992,0.199680,1.507040
1840,traditional,0.069856,1.049600,0.202752,1.322208
1841,traditional,0.082688,1.031168,0.199680,1.313536
1842,traditional,0.071936,1.025024,0.199680,1.296640
1843,traditional,0.075424,1.252352,0.200704,1.528480
1844,traditional,0.075040,1.044480,0.201728,1.321248
1845,traditional,0.072064,1.081344,0.209920,1.363328
1846,traditional,0.077760,1.042432,0.206848,1.327040
1847,traditional,0.071968,1.063936,0.206848,1.342752
1848,traditional,0.080448,1.305600,0.206848,1.592896
1849,traditional,0.071872,1.052672,0.207872,1.332416
1850,traditional,0.078080,1.077248,0.207872,1.363200
1851,traditional,0.076928,1.257472,0.208896,1.543296
1852,traditional,0.078784,1.243136,0.210944,1.532864
1853,traditional,0.072544,1.440768,0.202752,1.716064
1854,traditional,0.075552,1.081344,0.202752,1.359648
1855,traditional,0.070144,1.056768,0.200704,1.327616
1856,traditional,0.092512,1.285120,0.214016,1.591648
1857,traditional,0.082464,1.460224,0.203776,1.746464
1858,traditional,0.073216,1.449984,0.208896,1.732096
1859,traditional,0.080288,1.068032,0.205824,1.354144
1860,traditional,0.070944,1.044480,0.205824,1.321248
1861,traditional,0.077120,1.073152,0.391168,1.541440
1862,traditional,0.070464,1.529856,0.212992,1.813312
1863,traditional,0.079520,1.465344,0.209920,1.754784
1864,traditional,0.072512,1.089536,0.205824,1.367872
1865,traditional,0.071808,1.048576,0.203776,1.324160
1866,traditional,0.074560,1.263616,0.202752,1.540928
1867,traditional,0.070432,1.078272,0.206848,1.355552
1868,traditional,0.071264,1.063936,0.202752,1.337952
1869,traditional,0.076800,1.254400,0.204800,1.536000
1870,traditional,0.088672,1.484800,0.389120,1.962592
1871,traditional,0.075616,1.258496,0.217088,1.551200
1872,traditional,0.069792,1.071104,0.202752,1.343648
1873,traditional,0.080896,1.107968,0.203776,1.392640
1874,traditional,0.071328,1.283072,0.200704,1.555104
1875,traditional,0.069984,1.442816,0.204800,1.717600
1876,traditional,0.071008,1.284096,0.204800,1.559904
1877,traditional,0.070272,1.048576,0.199680,1.318528
1878,traditional,0.069440,1.634304,0.208896,1.912640
1879,traditional,0.095648,1.483776,0.200704,1.780128
1880,traditional,0.081184,1.074176,0.212992,1.368352
1881,traditional,0.071488,1.091584,0.208896,1.371968
1882,traditional,0.072960,1.325056,0.211968,1.609984
1883,traditional,0.079680,1.102848,0.207872,1.390400
1884,traditional,0.076864,1.135616,0.208896,1.421376
1885,traditional,0.072544,1.095680,0.208896,1.377120
1886,traditional,0.072160,1.089536,0.207872,1.369568
1887,traditional,0.075744,1.090560,0.207872,1.374176
1888,traditional,0.074496,1.072128,0.207872,1.354496
1889,traditional,0.080736,1.111040,0.208896,1.400672
1890,traditional,0.083968,1.286144,0.212992,1.583104
1891,traditional,0.073856,1.081344,0.200704,1.355904
1892,traditional,0.073920,1.065984,0.204800,1.344704
1893,traditional,0.069344,1.049600,0.200704,1.319648
1894,traditional,0.070560,1.033216,0.201728,1.305504
1895,traditional,0.074592,1.244160,0.200704,1.519456
1896,traditional,0.069024,1.079296,0.201728,1.350048
1897,traditional,0.070176,1.038336,0.204800,1.313312
1898,traditional,0.079328,1.261568,0.201728,1.542624
1899,traditional,0.069504,1.044480,0.200704,1.314688
1900,traditional,0.069376,1.025024,0.199680,1.294080
1901,traditional,0.074048,1.253376,0.203776,1.531200
1902,traditional,0.073728,1.390592,0.204800,1.669120
1903,traditional,0.085536,1.446912,0.358400,1.890848
1904,traditional,0.077056,1.061888,0.221184,1.360128
1905,traditional,0.068960,1.018880,0.199680,1.287520
1906,traditional,0.075008,1.231872,0.204800,1.511680
1907,traditional,0.074272,1.346560,0.208896,1.629728
1908,traditional,0.078560,1.306624,0.203776,1.588960
1909,traditional,0.071168,1.069056,0.207872,1.348096
1910,traditional,0.074240,1.048576,0.203776,1.326592
1911,traditional,0.071488,1.052672,0.203776,1.327936
1912,traditional,0.070304,1.075200,0.203776,1.349280
1913,traditional,0.076608,1.268736,0.206848,1.552192
1914,traditional,0.087424,1.543168,0.413696,2.044288
1915,traditional,0.072992,1.140736,0.210944,1.424672
1916,traditional,0.073344,1.107968,0.210944,1.392256
1917,traditional,0.073024,1.340416,0.210944,1.624384
1918,traditional,0.076608,1.372160,0.382976,1.831744
1919,traditional,0.073728,1.611776,0.400384,2.085888
1920,traditional,0.072928,1.110016,0.210944,1.393888
1921,traditional,0.072736,1.111040,0.512000,1.695776
1922,traditional,0.075456,1.056768,0.203776,1.336000
1923,traditional,0.070752,1.088512,0.203776,1.363040
1924,traditional,0.078112,1.278976,0.207872,1.564960
1925,traditional,0.070624,1.438720,0.205824,1.715168
1926,traditional,0.071616,1.104896,0.208896,1.385408
1927,traditional,0.071520,1.073152,0.206848,1.351520
1928,traditional,0.076992,1.258496,0.206848,1.542336
1929,traditional,0.075296,1.476608,0.389120,1.941024
1930,traditional,0.089440,1.476608,0.393216,1.959264
1931,traditional,0.072192,1.094656,0.203776,1.370624
1932,traditional,0.071584,1.050624,0.204800,1.327008
1933,traditional,0.074688,1.253376,0.206848,1.534912
1934,traditional,0.075392,1.058816,0.202752,1.336960
1935,traditional,0.069888,1.078272,0.201728,1.349888
1936,traditional,0.076992,1.063936,0.209920,1.350848
1937,traditional,0.071808,1.057792,0.207872,1.337472
1938,traditional,0.077536,1.077248,0.206848,1.361632
1939,traditional,0.076800,1.296384,0.207872,1.581056
1940,traditional,0.075936,1.505280,0.409600,1.990816
1941,traditional,0.076256,1.496064,0.395264,1.967584
1942,traditional,0.075968,1.113088,0.203776,1.392832
1943,traditional,0.071840,1.354752,0.207872,1.634464
1944,traditional,0.070592,1.579008,0.388096,2.037696
1945,traditional,0.072096,1.061888,0.204800,1.338784
1946,traditional,0.070048,1.075200,0.203776,1.349024
1947,traditional,0.089536,1.280000,0.207872,1.577408
1948,traditional,0.085568,1.492992,0.388096,1.966656
1949,traditional,0.076736,1.483776,0.221184,1.781696
1950,traditional,0.076896,1.079296,0.204800,1.360992
1951,traditional,0.071008,1.054720,0.224256,1.349984
1952,traditional,0.081088,1.286144,0.204800,1.572032
1953,traditional,0.071392,1.468416,0.391168,1.930976
1954,traditional,0.072576,1.570816,0.394240,2.037632
1955,traditional,0.074816,1.102848,0.209920,1.387584
1956,traditional,0.071168,1.078272,0.204800,1.354240
1957,traditional,0.076832,1.262592,0.204800,1.544224
1958,traditional,0.074912,1.307648,0.220160,1.602720
1959,traditional,0.083040,1.487872,0.205824,1.776736
1960,traditional,0.071008,1.071104,0.208896,1.351008
1961,traditional,0.071712,1.072128,0.205824,1.349664
1962,traditional,0.077376,1.255424,0.204800,1.537600
1963,traditional,0.075168,1.068032,0.200704,1.343904
1964,traditional,0.068960,1.033216,0.212992,1.315168
1965,traditional,0.082048,1.303552,0.209920,1.595520
1966,traditional,0.072736,1.484800,0.209920,1.767456
1967,traditional,0.072640,1.142784,0.208896,1.424320
1968,traditional,0.072256,1.078272,0.209920,1.360448
1969,traditional,0.077600,1.086464,0.208896,1.372960
1970,traditional,0.083456,1.094656,0.204800,1.382912
1971,traditional,0.086400,1.081344,0.388096,1.555840
1972,traditional,0.074496,1.051648,0.200704,1.326848
1973,traditional,0.075808,1.037312,0.200704,1.313824
1974,traditional,0.072384,1.250304,0.199680,1.522368
1975,traditional,0.069536,1.401856,0.200704,1.672096
1976,traditional,0.069824,1.039360,0.203776,1.312960
1977,traditional,0.069632,1.628160,0.214016,1.911808
1978,traditional,0.075904,1.032192,0.199680,1.307776
1979,traditional,0.071136,1.028096,0.201728,1.300960
1980,traditional,0.079520,1.032192,0.199680,1.311392
1981,traditional,0.073600,1.045504,0.204800,1.323904
1982,traditional,0.069280,1.046528,0.199680,1.315488
1983,traditional,0.084032,1.241088,0.203776,1.528896
1984,traditional,0.073760,1.476608,0.379904,1.930272
1985,traditional,0.075616,1.461248,0.384000,1.920864
1986,traditional,0.078496,1.062912,0.200704,1.342112
1987,traditional,0.071456,1.632256,0.209920,1.913632
1988,traditional,0.083072,1.318912,0.203776,1.605760
1989,traditional,0.069568,1.215488,0.203776,1.488832
1990,traditional,0.071680,1.121280,0.200704,1.393664
1991,traditional,0.070912,1.232896,0.206848,1.510656
1992,traditional,0.074304,1.472512,0.396288,1.943104
1993,traditional,0.073952,1.461248,0.208896,1.744096
1994,traditional,0.077728,1.074176,0.199680,1.351584
1995,traditional,0.068768,1.072128,0.199680,1.340576
1996,traditional,0.070976,1.048576,0.199680,1.319232
1997,traditional,0.069632,1.078272,0.203776,1.351680
1998,traditional,0.070016,1.042432,0.200704,1.313152
1999,traditional,0.072544,1.283072,0.200704,1.556320
2000,traditional,0.072832,1.056768,0.211968,1.341568
2001,traditional,0.077216,1.059840,0.200704,1.337760
2002,traditional,0.069536,1.415168,0.463872,1.948576
2003,traditional,0.074368,1.246208,0.200704,1.521280
2004,traditional,0.073056,1.029120,0.200704,1.302880
2005,traditional,0.076160,1.096704,0.199680,1.372544
2006,traditional,0.076480,1.064960,0.200704,1.342144
2007,traditional,0.079584,1.036288,0.200704,1.316576
2008,traditional,0.069920,1.039360,0.199680,1.308960
2009,traditional,0.071808,1.226752,0.199680,1.498240
2010,traditional,0.068640,1.022976,0.200704,1.292320
2011,traditional,0.069888,1.041408,0.199680,1.310976
2012,traditional,0.073536,1.242112,0.200704,1.516352
2013,traditional,0.072256,1.029120,0.199680,1.301056
2014,traditional,0.074016,1.063936,0.199680,1.337632
2015,traditional,0.077920,1.068032,0.200704,1.346656
2016,traditional,0.069600,1.045504,0.200704,1.315808
2017,traditional,0.078912,1.077248,0.200704,1.356864
2018,traditional,0.071520,1.222656,0.203776,1.497952
2019,traditional,0.072864,1.062912,0.199680,1.335456
2020,traditional,0.078144,1.025024,0.200704,1.303872
2021,traditional,0.072640,1.026048,0.199680,1.298368
2022,traditional,0.069920,1.605632,0.205824,1.881376
2023,traditional,0.073472,1.071104,0.199680,1.344256
2024,traditional,0.081760,1.032192,0.200704,1.314656
2025,traditional,0.079872,1.247232,0.201728,1.528832
2026,traditional,0.082880,1.027072,0.199680,1.309632
2027,traditional,0.070048,1.063936,0.203776,1.337760
2028,traditional,0.070112,1.064960,0.486400,1.621472
2029,traditional,0.070656,1.030144,0.199680,1.300480
2030,traditional,0.069088,1.051648,0.200704,1.321440
2031,traditional,0.072352,1.028096,0.199680,1.300128
2032,traditional,0.075168,1.469440,0.379904,1.924512
2033,traditional,0.074176,1.424384,0.201728,1.700288
2034,traditional,0.075488,1.051648,0.200704,1.327840
2035,traditional,0.070432,1.018880,0.199680,1.288992
2036,traditional,0.075328,1.266688,0.203776,1.545792
2037,traditional,0.083104,1.034240,0.199680,1.317024
2038,traditional,0.083168,1.021952,0.200704,1.305824
2039,traditional,0.081408,1.026048,0.200704,1.308160
2040,traditional,0.084832,1.044480,0.200704,1.330016
2041,traditional,0.068832,1.593344,0.209920,1.872096
2042,traditional,0.079040,1.226752,0.200704,1.506496
2043,traditional,0.081920,1.033216,0.200704,1.315840
2044,traditional,0.073824,1.067008,0.200704,1.341536
2045,traditional,0.070528,1.261568,0.199680,1.531776
2046,traditional,0.069984,1.426432,0.200704,1.697120
2047,traditional,0.068672,1.063936,0.200704,1.333312
2048,traditional,0.069152,1.032192,0.199680,1.301024
2049,traditional,0.075712,1.073152,0.198656,1.347520
2050,traditional,0.073248,1.024000,0.199680,1.296928
2051,traditional,0.071712,1.227776,0.199680,1.499168
2052,traditional,0.068768,1.045504,0.199680,1.313952
2053,traditional,0.069248,1.075200,0.199680,1.344128
2054,traditional,0.074720,1.471488,0.202752,1.748960
2055,traditional,0.147104,1.032192,0.200704,1.380000
2056,traditional,0.069952,1.071104,0.204800,1.345856
2057,traditional,0.071200,1.224704,0.200704,1.496608
2058,traditional,0.071104,1.232896,0.199680,1.503680
2059,traditional,0.069728,1.036288,0.200704,1.306720
2060,traditional,0.075360,1.052672,0.200704,1.328736
2061,traditional,0.068608,1.031168,0.502784,1.602560
2062,traditional,0.076128,1.029120,0.200704,1.305952
2063,traditional,0.072192,1.036288,0.199680,1.308160
2064,traditional,0.074400,1.260544,0.199680,1.534624
2065,traditional,0.069504,1.327104,0.359424,1.756032
2066,traditional,0.081184,1.053696,0.203776,1.338656
2067,traditional,0.069088,1.025024,0.199680,1.293792
2068,traditional,0.068704,1.019904,0.199680,1.288288
2069,traditional,0.073920,1.275904,0.200704,1.550528
2070,traditional,0.073504,1.031168,0.199680,1.304352
2071,traditional,0.069664,1.069056,0.200704,1.339424
2072,traditional,0.070304,1.222656,0.200704,1.493664
2073,traditional,0.071584,1.074176,0.199680,1.345440
2074,traditional,0.080384,1.029120,0.199680,1.309184
2075,traditional,0.070784,1.225728,0.199680,1.496192
2076,traditional,0.069824,1.028096,0.199680,1.297600
2077,traditional,0.068448,1.070080,0.203776,1.342304
2078,traditional,0.070016,1.019904,0.199680,1.289600
2079,traditional,0.072192,1.281024,0.199680,1.552896
2080,traditional,0.079424,1.033216,0.199680,1.312320
2081,traditional,0.069632,1.041408,0.203776,1.314816
2082,traditional,0.072544,1.018880,0.200704,1.292128
2083,traditional,0.074752,1.232896,0.203776,1.511424
2084,traditional,0.068896,1.018880,0.200704,1.288480
2085,traditional,0.069568,1.051648,0.203776,1.324992
2086,traditional,0.069824,1.034240,0.199680,1.303744
2087,traditional,0.069280,1.058816,0.200704,1.328800
2088,traditional,0.087136,1.255424,0.206848,1.549408
2089,traditional,0.072640,1.414144,0.204800,1.691584
2090,traditional,0.086304,1.497088,0.382976,1.966368
2091,traditional,0.077440,1.055744,0.200704,1.333888
2092,traditional,0.071904,1.036288,0.200704,1.308896
2093,traditional,0.085184,1.243136,0.199680,1.528000
2094,traditional,0.072352,1.021952,0.199680,1.293984
2095,traditional,0.068640,1.036288,0.203776,1.308704
2096,traditional,0.073696,1.044480,0.199680,1.317856
2097,traditional,0.070944,1.074176,0.201728,1.346848
2098,traditional,0.074080,1.043456,0.207872,1.325408
2099,traditional,0.081952,1.026048,0.200704,1.308704
2100,traditional,0.078336,1.228800,0.199680,1.506816
