frame,renderPath,shadowMs,sceneMs,postProcessMs,frameMs
1,traditional,0.080768,1.154048,0.221184,1.456000
2,traditional,0.078560,1.167360,0.224256,1.470176
3,traditional,0.077408,1.145856,0.221184,1.444448
4,traditional,0.077504,1.134592,0.804864,2.016960
5,traditional,0.094080,1.678336,0.397312,2.169728
6,traditional,0.079072,1.141760,0.220160,1.440992
7,traditional,0.099552,1.155072,0.222208,1.476832
8,traditional,0.079264,1.367040,0.221184,1.667488
9,traditional,0.077728,1.563648,0.417792,2.059168
10,traditional,0.081824,1.604608,0.419840,2.106272
11,traditional,0.081888,1.772544,0.225280,2.079712
12,traditional,0.076096,1.545216,0.222208,1.843520
13,traditional,0.076608,1.533952,0.222208,1.832768
14,traditional,0.076544,1.131520,0.221184,1.429248
15,traditional,0.079360,1.127424,0.221184,1.427968
16,traditional,0.076224,1.129472,0.221184,1.426880
17,traditional,0.077408,1.155072,0.221184,1.453664
18,traditional,0.080288,1.127424,0.224256,1.431968
19,traditional,0.076448,1.124352,0.222208,1.423008
20,traditional,0.077248,1.152000,0.221184,1.450432
21,traditional,0.081376,1.141760,0.221184,1.444320
22,traditional,0.077760,1.138688,0.221184,1.437632
23,traditional,0.075840,1.141760,0.226304,1.443904
24,traditional,0.076608,1.720320,0.417792,2.214720
25,traditional,0.076896,1.167360,0.221184,1.465440
26,traditional,0.083968,1.559552,0.416768,2.060288
27,traditional,0.080128,1.139712,0.225280,1.445120
28,traditional,0.080096,1.136640,0.221184,1.437920
29,traditional,0.082688,1.364992,0.221184,1.668864
30,traditional,0.076448,1.439744,0.226304,1.742496
31,traditional,0.082528,1.561600,0.221184,1.865312
32,traditional,0.076384,1.165312,0.224256,1.465952
33,traditional,0.077504,1.144832,0.536576,1.758912
34,traditional,0.076832,1.635328,0.417792,2.129952
35,traditional,0.081088,1.784832,0.228352,2.094272
36,traditional,0.085568,1.184768,0.222208,1.492544
37,traditional,0.075136,1.566720,0.413696,2.055552
38,traditional,0.082432,1.568768,0.416768,2.067968
39,traditional,0.076800,1.140736,0.221184,1.438720
40,traditional,0.075936,1.427456,0.463872,1.967264
41,traditional,0.077376,1.441792,0.228352,1.747520
42,traditional,0.080416,1.680384,0.417792,2.178592
43,traditional,0.083840,1.164288,0.225280,1.473408
44,traditional,0.076384,1.129472,0.221184,1.427040
45,traditional,0.083040,1.155072,0.221184,1.459296
46,traditional,0.080192,1.528832,0.510976,2.120000
47,traditional,0.089760,1.361920,0.221184,1.672864
48,traditional,0.080224,1.156096,0.220160,1.456480
49,traditional,0.086080,1.139712,0.227328,1.453120
50,traditional,0.081984,1.384448,0.225280,1.691712
51,traditional,0.081632,1.181696,0.221184,1.484512
52,traditional,0.083488,1.156096,0.220160,1.459744
53,traditional,0.085024,1.370112,0.221184,1.676320
54,traditional,0.077216,1.157120,0.221184,1.455520
55,traditional,0.075424,1.167360,0.222208,1.464992
56,traditional,0.081792,1.381376,0.225280,1.688448
57,traditional,0.078336,1.156096,0.221184,1.455616
58,traditional,0.076896,1.146880,0.221184,1.444960
59,traditional,0.079584,1.146880,0.222208,1.448672
60,traditional,0.088864,1.569792,0.418816,2.077472
61,traditional,0.080032,1.758208,0.223232,2.061472
62,traditional,0.085920,1.146880,0.222208,1.455008
63,traditional,0.076864,1.794048,0.229376,2.100288
64,traditional,0.081664,1.148928,0.221184,1.451776
65,traditional,0.088288,1.152000,0.220160,1.460448
66,traditional,0.075072,1.202176,0.198656,1.475904
67,traditional,0.068896,1.280000,0.356352,1.705248
68,traditional,0.074976,1.462272,0.201728,1.738976
69,traditional,0.070208,1.067008,0.199680,1.336896
70,traditional,0.070144,1.046528,0.198656,1.315328
71,traditional,0.069664,1.021952,0.198656,1.290272
72,traditional,0.068704,1.053696,0.203776,1.326176
73,traditional,0.069440,1.065984,0.377856,1.513280
74,traditional,0.076736,1.020928,0.197632,1.295296
75,traditional,0.081632,1.600512,0.211968,1.894112
76,traditional,0.069504,1.212416,0.198656,1.480576
77,traditional,0.074208,1.068032,0.198656,1.340896
78,traditional,0.077568,1.230848,0.199680,1.508096
79,traditional,0.068928,1.298432,0.360448,1.727808
80,traditional,0.071040,1.415168,0.199680,1.685888
81,traditional,0.071968,1.052672,0.203776,1.328416
82,traditional,0.079744,1.024000,0.198656,1.302400
83,traditional,0.070048,1.211392,0.198656,1.480096
84,traditional,0.073344,1.444864,0.380928,1.899136
85,traditional,0.070016,1.454080,0.201728,1.725824
86,traditional,0.093728,1.287168,0.356352,1.737248
87,traditional,0.071040,1.406976,0.199680,1.677696
88,traditional,0.069696,1.039360,0.425984,1.535040
89,traditional,0.069568,1.494016,0.207872,1.771456
90,traditional,0.068768,1.054720,0.442368,1.565856
91,traditional,0.081728,1.213440,0.198656,1.493824
92,traditional,0.069440,1.024000,0.203776,1.297216
93,traditional,0.082432,1.556480,0.377856,2.016768
94,traditional,0.069920,1.035264,0.199680,1.304864
95,traditional,0.073728,1.060864,0.198656,1.333248
96,traditional,0.070656,1.224704,0.210944,1.506304
97,traditional,0.068832,1.037312,0.436224,1.542368
98,traditional,0.077536,1.246208,0.199680,1.523424
99,traditional,0.068384,1.031168,0.199680,1.299232
100,traditional,0.073504,1.518592,0.206848,1.798944
101,traditional,0.077920,1.230848,0.203776,1.512544
102,traditional,0.087680,1.039360,0.199680,1.326720
103,traditional,0.069408,1.049600,0.206848,1.325856
104,traditional,0.077888,1.043456,0.198656,1.320000
105,traditional,0.074272,1.229824,0.199680,1.503776
106,traditional,0.068480,1.047552,0.203776,1.319808
107,traditional,0.086976,1.013760,0.199680,1.300416
108,traditional,0.088160,1.228800,0.204800,1.521760
109,traditional,0.068352,1.047552,0.206848,1.322752
110,traditional,0.070144,1.024000,0.199680,1.293824
111,traditional,0.074336,1.442816,0.375808,1.892960
112,traditional,0.074368,1.431552,0.201728,1.707648
113,traditional,0.068864,1.069056,0.200704,1.338624
114,traditional,0.069536,1.032192,0.198656,1.300384
115,traditional,0.084000,1.218560,0.199680,1.502240
116,traditional,0.069184,1.055744,0.201728,1.326656
117,traditional,0.068672,1.009664,0.199680,1.278016
118,traditional,0.074944,1.215488,0.201728,1.492160
119,traditional,0.076096,1.076224,0.198656,1.350976
120,traditional,0.080032,1.047552,0.203776,1.331360
121,traditional,0.071360,1.034240,0.199680,1.305280
122,traditional,0.069760,1.032192,0.198656,1.300608
123,traditional,0.078208,1.231872,0.199680,1.509760
124,traditional,0.077952,1.036288,0.198656,1.312896
125,traditional,0.073088,1.024000,0.200704,1.297792
126,traditional,0.076128,1.263616,0.203776,1.543520
127,traditional,0.077920,1.438720,0.376832,1.893472
128,traditional,0.070624,1.460224,0.357376,1.888224
129,traditional,0.074432,1.088512,0.199680,1.362624
130,traditional,0.069792,1.315840,0.482304,1.867936
131,traditional,0.074432,1.229824,0.199680,1.503936
132,traditional,0.069984,1.011712,0.198656,1.280352
133,traditional,0.070944,1.575936,0.208896,1.855776
134,traditional,0.070016,1.010688,0.215040,1.295744
135,traditional,0.071616,1.545216,0.201728,1.818560
136,traditional,0.069152,1.011712,0.199680,1.280544
137,traditional,0.072800,1.031168,0.198656,1.302624
138,traditional,0.069888,1.208320,0.198656,1.476864
139,traditional,0.076512,1.026048,0.198656,1.301216
140,traditional,0.068832,1.010688,0.198656,1.278176
141,traditional,0.069920,1.234944,0.200704,1.505568
142,traditional,0.070336,1.042432,0.438272,1.551040
143,traditional,0.077472,1.398784,0.201728,1.677984
144,traditional,0.073600,1.024000,0.200704,1.298304
145,traditional,0.069920,1.024000,0.199680,1.293600
146,traditional,0.081792,1.027072,0.199680,1.308544
147,traditional,0.069536,1.013760,0.437248,1.520544
148,traditional,0.074272,1.214464,0.198656,1.487392
149,traditional,0.071200,1.285120,0.354304,1.710624
150,traditional,0.074176,1.457152,0.375808,1.907136
151,traditional,0.069856,1.052672,0.203776,1.326304
152,traditional,0.069792,1.022976,0.484352,1.577120
153,traditional,0.075520,1.015808,0.199680,1.291008
154,traditional,0.069376,1.007616,0.199680,1.276672
155,traditional,0.078880,1.217536,0.202752,1.499168
156,traditional,0.078176,1.410048,0.378880,1.867104
157,traditional,0.073760,1.470464,0.378880,1.923104
158,traditional,0.087456,1.060864,0.199680,1.348000
159,traditional,0.068928,1.020928,0.199680,1.289536
160,traditional,0.074528,1.032192,0.207872,1.314592
161,traditional,0.070912,1.037312,0.199680,1.307904
162,traditional,0.069856,1.236992,0.199680,1.506528
163,traditional,0.068576,1.414144,0.200704,1.683424
164,traditional,0.087040,1.291264,0.356352,1.734656
165,traditional,0.074944,1.217536,0.199680,1.492160
166,traditional,0.069728,1.100800,0.422912,1.593440
167,traditional,0.075648,1.216512,0.198656,1.490816
168,traditional,0.068896,1.046528,0.428032,1.543456
169,traditional,0.081408,1.241088,0.198656,1.521152
170,traditional,0.073696,1.020928,0.199680,1.294304
171,traditional,0.073280,1.032192,0.198656,1.304128
172,traditional,0.070528,1.215488,0.199680,1.485696
173,traditional,0.068032,1.461248,0.201728,1.731008
174,traditional,0.074400,1.256448,0.199680,1.530528
175,traditional,0.069248,1.057792,0.199680,1.326720
176,traditional,0.069792,1.010688,0.199680,1.280160
177,traditional,0.073536,1.261568,0.199680,1.534784
178,traditional,0.070592,1.059840,0.444416,1.574848
179,traditional,0.075168,1.231872,0.199680,1.506720
180,traditional,0.069568,1.031168,0.199680,1.300416
181,traditional,0.085888,1.590272,0.208896,1.885056
182,traditional,0.071296,1.028096,0.199680,1.299072
183,traditional,0.072768,1.056768,0.199680,1.329216
184,traditional,0.071040,1.014784,0.198656,1.284480
185,traditional,0.068672,1.019904,0.198656,1.287232
186,traditional,0.074400,1.263616,0.198656,1.536672
187,traditional,0.077280,1.016832,0.198656,1.292768
188,traditional,0.070080,1.358848,0.460800,1.889728
189,traditional,0.074336,1.201152,0.199680,1.475168
190,traditional,0.069760,1.035264,0.199680,1.304704
191,traditional,0.074688,1.225728,0.212992,1.513408
192,traditional,0.080352,1.045504,0.199680,1.325536
193,traditional,0.082816,1.073152,0.200704,1.356672
194,traditional,0.075520,1.054720,0.200704,1.330944
195,traditional,0.069088,1.022976,0.200704,1.292768
196,traditional,0.076032,1.218560,0.203776,1.498368
197,traditional,0.069984,1.404928,0.206848,1.681760
198,traditional,0.073984,1.422336,0.201728,1.698048
199,traditional,0.082752,1.284096,0.361472,1.728320
200,traditional,0.075648,1.230848,0.200704,1.507200
201,traditional,0.068512,1.324032,0.358400,1.750944
202,traditional,0.070528,1.546240,0.208896,1.825664
203,traditional,0.074336,1.043456,0.199680,1.317472
204,traditional,0.071424,1.307648,0.206848,1.585920
205,traditional,0.068896,1.244160,0.430080,1.743136
206,traditional,0.079392,1.242112,0.199680,1.521184
207,traditional,0.069024,1.037312,0.203776,1.310112
208,traditional,0.071936,1.036288,0.200704,1.308928
209,traditional,0.070304,1.233920,0.203776,1.508000
210,traditional,0.073216,1.432576,0.378880,1.884672
211,traditional,0.075296,1.448960,0.202752,1.727008
212,traditional,0.086976,1.321984,0.358400,1.767360
213,traditional,0.070848,1.463296,0.202752,1.736896
214,traditional,0.073760,1.065984,0.199680,1.339424
215,traditional,0.074752,1.027072,0.200704,1.302528
216,traditional,0.071232,1.241088,0.200704,1.513024
217,traditional,0.069408,1.051648,0.199680,1.320736
218,traditional,0.073632,1.070080,0.203776,1.347488
219,traditional,0.085024,1.257472,0.203776,1.546272
220,traditional,0.071744,1.107968,0.203776,1.383488
221,traditional,0.082496,1.055744,0.203776,1.342016
222,traditional,0.070848,1.241088,0.199680,1.511616
223,traditional,0.071648,1.024000,0.203776,1.299424
224,traditional,0.069376,1.018880,0.199680,1.287936
225,traditional,0.074880,1.020928,0.200704,1.296512
226,traditional,0.069600,1.042432,0.199680,1.311712
227,traditional,0.073760,1.227776,0.200704,1.502240
228,traditional,0.069632,1.472512,0.201728,1.743872
229,traditional,0.069952,1.064960,0.199680,1.334592
230,traditional,0.069920,1.014784,0.199680,1.284384
231,traditional,0.081600,1.254400,0.199680,1.535680
232,traditional,0.071232,1.026048,0.199680,1.296960
233,traditional,0.079328,1.356800,0.359424,1.795552
234,traditional,0.086560,1.231872,0.199680,1.518112
235,traditional,0.080544,1.307648,0.358400,1.746592
236,traditional,0.075744,1.274880,0.200704,1.551328
237,traditional,0.071712,1.050624,0.199680,1.322016
238,traditional,0.069824,1.595392,0.209920,1.875136
239,traditional,0.076032,1.051648,0.199680,1.327360
240,traditional,0.069792,1.058816,0.200704,1.329312
241,traditional,0.078496,1.236992,0.199680,1.515168
242,traditional,0.069472,1.326080,0.384000,1.779552
243,traditional,0.078560,1.475584,0.380928,1.935072
244,traditional,0.070912,1.049600,0.204800,1.325312
245,traditional,0.069888,1.021952,0.199680,1.291520
246,traditional,0.073984,1.230848,0.199680,1.504512
247,traditional,0.068576,1.037312,0.434176,1.540064
248,traditional,0.076352,1.439744,0.200704,1.716800
249,traditional,0.073024,1.037312,0.200704,1.311040
250,traditional,0.079072,1.075200,0.483328,1.637600
251,traditional,0.072096,1.060864,0.202752,1.335712
252,traditional,0.069952,1.061888,0.200704,1.332544
253,traditional,0.076480,1.235968,0.204800,1.517248
254,traditional,0.085408,1.452032,0.386048,1.923488
255,traditional,0.077440,1.259520,0.204800,1.541760
256,traditional,0.069664,1.016832,0.199680,1.286176
257,traditional,0.068864,1.339392,0.460800,1.869056
258,traditional,0.079456,1.263616,0.199680,1.542752
259,traditional,0.080704,1.052672,0.204800,1.338176
260,traditional,0.080384,1.339392,0.463872,1.883648
261,traditional,0.070176,1.212416,0.210944,1.493536
262,traditional,0.073632,1.049600,0.199680,1.322912
263,traditional,0.070528,1.067008,0.204800,1.342336
264,traditional,0.081696,1.049600,0.205824,1.337120
265,traditional,0.075488,1.242112,0.204800,1.522400
266,traditional,0.082176,1.026048,0.200704,1.308928
267,traditional,0.072800,1.433600,0.378880,1.885280
268,traditional,0.079104,1.445888,0.368640,1.893632
269,traditional,0.077664,1.057792,0.200704,1.336160
270,traditional,0.070176,1.012736,0.199680,1.282592
271,traditional,0.074176,1.049600,0.200704,1.324480
272,traditional,0.069632,1.030144,0.200704,1.300480
273,traditional,0.081792,1.216512,0.199680,1.497984
274,traditional,0.077952,1.064960,0.200704,1.343616
275,traditional,0.069760,1.030144,0.200704,1.300608
276,traditional,0.071296,1.223680,0.200704,1.495680
277,traditional,0.075936,1.034240,0.199680,1.309856
278,traditional,0.081504,1.058816,0.199680,1.340000
279,traditional,0.073568,1.229824,0.199680,1.503072
280,traditional,0.069824,1.056768,0.204800,1.331392
281,traditional,0.069888,1.027072,0.199680,1.296640
282,traditional,0.082080,1.241088,0.203776,1.526944
283,traditional,0.072928,1.248256,0.199680,1.520864
284,traditional,0.071328,1.459200,0.398336,1.928864
285,traditional,0.069824,1.062912,0.199680,1.332416
286,traditional,0.069344,1.623040,0.216064,1.908448
287,traditional,0.071008,1.305600,0.207872,1.584480
288,traditional,0.073888,1.029120,0.199680,1.302688
289,traditional,0.070688,1.244160,0.203776,1.518624
290,traditional,0.069472,1.431552,0.204800,1.705824
291,traditional,0.074592,1.446912,0.386048,1.907552
292,traditional,0.070368,1.032192,0.200704,1.303264
293,traditional,0.068544,1.020928,0.202752,1.292224
294,traditional,0.076576,1.226752,0.199680,1.503008
295,traditional,0.069408,1.033216,0.203776,1.306400
296,traditional,0.083136,1.257472,0.200704,1.541312
297,traditional,0.071648,1.294336,0.361472,1.727456
298,traditional,0.072672,1.461248,0.200704,1.734624
299,traditional,0.068640,1.067008,0.212992,1.348640
300,traditional,0.069504,1.022976,0.199680,1.292160
301,traditional,0.077408,1.040384,0.200704,1.318496
302,traditional,0.069536,1.013760,0.199680,1.282976
303,traditional,0.080672,1.233920,0.200704,1.515296
304,traditional,0.071840,1.027072,0.208896,1.307808
305,traditional,0.086144,1.045504,0.199680,1.331328
306,traditional,0.078752,1.431552,0.378880,1.889184
307,traditional,0.069824,1.031168,0.200704,1.301696
308,traditional,0.069984,1.093632,0.204800,1.368416
309,traditional,0.072576,1.249280,0.200704,1.522560
310,traditional,0.083392,1.292288,0.358400,1.734080
311,traditional,0.070208,1.397760,0.200704,1.668672
312,traditional,0.072320,1.075200,0.433152,1.580672
313,traditional,0.077824,1.222656,0.200704,1.501184
314,traditional,0.070528,1.040384,0.199680,1.310592
315,traditional,0.075776,1.219584,0.199680,1.495040
316,traditional,0.091168,1.277952,0.212992,1.582112
317,traditional,0.075584,1.270784,0.206848,1.553216
318,traditional,0.070112,1.012736,0.208896,1.291744
319,traditional,0.069536,1.038336,0.199680,1.307552
320,traditional,0.083168,1.442816,0.378880,1.904864
321,traditional,0.070688,1.068032,0.199680,1.338400
322,traditional,0.074496,1.461248,0.377856,1.913600
323,traditional,0.070304,1.025024,0.199680,1.295008
324,traditional,0.077792,1.650688,0.209920,1.938400
325,traditional,0.070016,1.036288,0.200704,1.307008
326,traditional,0.069568,1.062912,0.500736,1.633216
327,traditional,0.070336,1.068032,0.203776,1.342144
328,traditional,0.072000,1.058816,0.199680,1.330496
329,traditional,0.075168,1.236992,0.199680,1.511840
330,traditional,0.070592,1.440768,0.201728,1.713088
331,traditional,0.073568,1.256448,0.200704,1.530720
332,traditional,0.078048,1.053696,0.200704,1.332448
333,traditional,0.070016,1.025024,0.199680,1.294720
334,traditional,0.075488,1.058816,0.199680,1.333984
335,traditional,0.070048,1.030144,0.199680,1.299872
336,traditional,0.081952,1.255424,0.203776,1.541152
337,traditional,0.080160,1.038336,0.200704,1.319200
338,traditional,0.068832,1.022976,0.200704,1.292512
339,traditional,0.078688,1.244160,0.206848,1.529696
340,traditional,0.084480,1.435648,0.379904,1.900032
341,traditional,0.073344,1.070080,0.203776,1.347200
342,traditional,0.068640,1.265664,0.357376,1.691680
343,traditional,0.072992,1.416192,0.207872,1.697056
344,traditional,0.074560,1.446912,0.382976,1.904448
345,traditional,0.090304,1.466368,0.381952,1.938624
346,traditional,0.074752,1.032192,0.199680,1.306624
347,traditional,0.068640,1.034240,0.488448,1.591328
348,traditional,0.076512,1.253376,0.199680,1.529568
349,traditional,0.078880,1.067008,0.425984,1.571872
350,traditional,0.076864,1.233920,0.200704,1.511488
351,traditional,0.081824,1.039360,0.199680,1.320864
352,traditional,0.080160,1.026048,0.199680,1.305888
353,traditional,0.078464,1.249280,0.207872,1.535616
354,traditional,0.074496,1.046528,0.200704,1.321728
355,traditional,0.082112,1.107968,0.200704,1.390784
356,traditional,0.075008,1.265664,0.199680,1.540352
357,traditional,0.080416,1.058816,0.424960,1.564192
358,traditional,0.070752,1.256448,0.205824,1.533024
359,traditional,0.074624,1.110016,0.200704,1.385344
360,traditional,0.070080,1.035264,0.200704,1.306048
361,traditional,0.074944,1.238016,0.199680,1.512640
362,traditional,0.074976,1.075200,0.221184,1.371360
363,traditional,0.069248,1.029120,0.203776,1.302144
364,traditional,0.072064,1.028096,0.200704,1.300864
365,traditional,0.070976,1.241088,0.203776,1.515840
366,traditional,0.082432,1.478656,0.379904,1.940992
367,traditional,0.074272,1.032192,0.200704,1.307168
368,traditional,0.069632,1.084416,0.203776,1.357824
369,traditional,0.072416,1.280000,0.195584,1.548000
370,traditional,0.073728,1.019904,0.221184,1.314816
371,traditional,0.078784,1.061888,0.487424,1.628096
372,traditional,0.071264,1.298432,0.356352,1.726048
373,traditional,0.072416,1.532928,0.202752,1.808096
374,traditional,0.146016,1.049600,0.203776,1.399392
375,traditional,0.071680,1.354752,0.460800,1.887232
376,traditional,0.073472,1.224704,0.441344,1.739520
377,traditional,0.072864,1.513472,0.205824,1.792160
378,traditional,0.070720,1.263616,0.203776,1.538112
379,traditional,0.077408,1.022976,0.200704,1.301088
380,traditional,0.068672,1.297408,0.356352,1.722432
381,traditional,0.080352,1.033216,0.199680,1.313248
382,traditional,0.070272,1.046528,0.433152,1.549952
383,traditional,0.076064,1.273856,0.202752,1.552672
384,traditional,0.073984,1.024000,0.200704,1.298688
385,traditional,0.095648,1.028096,0.208896,1.332640
386,traditional,0.074944,1.246208,0.200704,1.521856
387,traditional,0.068160,1.051648,0.441344,1.561152
388,traditional,0.076160,1.265664,0.200704,1.542528
389,traditional,0.068992,1.052672,0.200704,1.322368
390,traditional,0.070176,1.040384,0.199680,1.310240
391,traditional,0.075776,1.242112,0.200704,1.518592
392,traditional,0.069568,1.063936,0.199680,1.333184
393,traditional,0.069248,1.060864,0.200704,1.330816
394,traditional,0.080928,1.074176,0.203776,1.358880
395,traditional,0.075872,1.041408,0.199680,1.316960
396,traditional,0.069984,1.421312,0.211968,1.703264
397,traditional,0.075456,1.037312,0.200704,1.313472
398,traditional,0.073792,1.382400,0.459776,1.915968
399,traditional,0.078304,1.287168,0.199680,1.565152
400,traditional,0.069760,1.091584,0.442368,1.603712
401,traditional,0.070400,1.423360,0.200704,1.694464
402,traditional,0.098752,1.103872,0.435200,1.637824
403,traditional,0.077856,1.260544,0.199680,1.538080
404,traditional,0.069920,1.058816,0.203776,1.332512
405,traditional,0.074112,1.610752,0.210944,1.895808
406,traditional,0.072000,1.238016,0.203776,1.513792
407,traditional,0.079936,1.027072,0.199680,1.306688
408,traditional,0.076064,1.051648,0.200704,1.328416
409,traditional,0.069728,1.051648,0.199680,1.321056
410,traditional,0.070208,1.041408,0.199680,1.311296
411,traditional,0.075648,1.299456,0.203776,1.578880
412,traditional,0.093824,1.048576,0.200704,1.343104
413,traditional,0.071520,1.073152,0.199680,1.344352
414,traditional,0.074848,1.263616,0.204800,1.543264
415,traditional,0.069696,1.053696,0.201728,1.325120
416,traditional,0.069472,1.042432,0.199680,1.311584
417,traditional,0.074368,1.244160,0.204800,1.523328
418,traditional,0.074112,1.447936,0.385024,1.907072
419,traditional,0.080384,1.463296,0.384000,1.927680
420,traditional,0.085280,1.248256,0.204800,1.538336
421,traditional,0.073472,1.436672,0.377856,1.888000
422,traditional,0.069728,1.460224,0.206848,1.736800
423,traditional,0.077376,1.466368,0.379904,1.923648
424,traditional,0.082592,1.090560,0.200704,1.373856
425,traditional,0.072768,1.031168,0.199680,1.303616
426,traditional,0.075424,1.257472,0.199680,1.532576
427,traditional,0.070144,1.088512,0.458752,1.617408
428,traditional,0.074880,1.248256,0.199680,1.522816
429,traditional,0.067840,1.062912,0.204800,1.335552
430,traditional,0.070624,1.032192,0.199680,1.302496
431,traditional,0.074944,1.042432,0.199680,1.317056
432,traditional,0.069056,1.024000,0.199680,1.292736
433,traditional,0.070688,1.216512,0.208896,1.496096
434,traditional,0.073536,1.444864,0.379904,1.898304
435,traditional,0.075232,1.444864,0.379904,1.900000
436,traditional,0.069920,1.060864,0.200704,1.331488
437,traditional,0.068800,1.026048,0.200704,1.295552
438,traditional,0.075776,1.262592,0.199680,1.538048
439,traditional,0.069440,1.037312,0.199680,1.306432
440,traditional,0.072640,1.051648,0.199680,1.323968
441,traditional,0.071488,1.022976,0.199680,1.294144
442,traditional,0.068960,1.282048,0.420864,1.771872
443,traditional,0.087744,1.253376,0.200704,1.541824
444,traditional,0.076448,1.694720,0.207872,1.979040
445,traditional,0.074624,1.431552,0.380928,1.887104
446,traditional,0.073376,1.064960,0.200704,1.339040
447,traditional,0.081440,1.229824,0.373760,1.685024
448,traditional,0.069792,1.085440,0.200704,1.355936
449,traditional,0.069248,1.032192,0.200704,1.302144
450,traditional,0.070816,1.036288,0.199680,1.306784
451,traditional,0.069920,1.327104,0.360448,1.757472
452,traditional,0.076096,1.240064,0.200704,1.516864
453,traditional,0.068736,1.314816,0.358400,1.741952
454,traditional,0.075808,1.233920,0.200704,1.510432
455,traditional,0.085696,1.055744,0.424960,1.566400
456,traditional,0.080288,1.425408,0.200704,1.706400
457,traditional,0.069984,1.048576,0.204800,1.323360
458,traditional,0.076032,1.243136,0.200704,1.519872
459,traditional,0.068544,1.058816,0.200704,1.328064
460,traditional,0.076544,1.463296,0.384000,1.923840
461,traditional,0.069984,1.051648,0.203776,1.325408
462,traditional,0.075712,1.021952,0.199680,1.297344
463,traditional,0.073888,1.239040,0.202752,1.515680
464,traditional,0.070528,1.084416,0.444416,1.599360
465,traditional,0.072608,1.246208,0.201728,1.520544
466,traditional,0.075776,1.448960,0.381952,1.906688
467,traditional,0.070592,1.454080,0.206848,1.731520
468,traditional,0.075264,1.451008,0.381952,1.908224
469,traditional,0.078624,1.447936,0.203776,1.730336
470,traditional,0.070752,1.076224,0.201728,1.348704
471,traditional,0.076032,1.053696,0.200704,1.330432
472,traditional,0.071776,1.035264,0.199680,1.306720
473,traditional,0.069504,1.033216,0.490496,1.593216
474,traditional,0.076160,1.222656,0.199680,1.498496
475,traditional,0.068576,1.449984,0.205824,1.724384
476,traditional,0.075776,1.429504,0.206848,1.712128
477,traditional,0.070464,1.051648,0.203776,1.325888
478,traditional,0.070816,1.014784,0.199680,1.285280
479,traditional,0.070336,1.017856,0.199680,1.287872
480,traditional,0.079616,1.308672,0.359424,1.747712
481,traditional,0.082368,1.224704,0.199680,1.506752
482,traditional,0.082048,1.046528,0.199680,1.328256
483,traditional,0.069664,1.630208,0.209920,1.909792
484,traditional,0.070752,1.278976,0.199680,1.549408
485,traditional,0.069184,1.027072,0.199680,1.295936
486,traditional,0.070816,1.045504,0.204800,1.321120
487,traditional,0.074688,1.051648,0.199680,1.326016
488,traditional,0.083552,1.056768,0.203776,1.344096
489,traditional,0.069472,1.047552,0.200704,1.317728
490,traditional,0.069184,1.017856,0.487424,1.574464
491,traditional,0.071264,1.208320,0.200704,1.480288
492,traditional,0.069920,1.300480,0.356352,1.726752
493,traditional,0.075296,1.434624,0.202752,1.712672
494,traditional,0.070112,1.033216,0.424960,1.528288
495,traditional,0.075104,1.391616,0.200704,1.667424
496,traditional,0.069600,1.031168,0.435200,1.535968
497,traditional,0.087456,1.428480,0.200704,1.716640
498,traditional,0.069216,1.018880,0.200704,1.288800
499,traditional,0.078304,1.075200,0.200704,1.354208
500,traditional,0.084864,1.031168,0.199680,1.315712
501,traditional,0.081344,1.074176,0.200704,1.356224
502,traditional,0.075424,1.222656,0.200704,1.498784
503,traditional,0.069024,1.034240,0.225280,1.328544
504,traditional,0.074176,1.063936,0.199680,1.337792
505,traditional,0.070048,1.040384,0.204800,1.315232
506,traditional,0.074752,1.032192,0.200704,1.307648
507,traditional,0.071808,1.013760,0.199680,1.285248
508,traditional,0.074176,1.451008,0.378880,1.904064
509,traditional,0.075776,1.226752,0.204800,1.507328
510,traditional,0.074784,1.434624,0.201728,1.711136
511,traditional,0.074496,1.444864,0.201728,1.721088
512,traditional,0.070688,1.065984,0.199680,1.336352
513,traditional,0.070720,1.061888,0.199680,1.332288
514,traditional,0.075712,1.240064,0.200704,1.516480
515,traditional,0.069984,1.329152,0.214016,1.613152
516,traditional,0.075200,1.247232,0.200704,1.523136
517,traditional,0.073024,1.042432,0.204800,1.320256
518,traditional,0.069152,1.012736,0.199680,1.281568
519,traditional,0.077856,1.469440,0.388096,1.935392
520,traditional,0.072032,1.029120,0.200704,1.301856
521,traditional,0.080896,1.321984,0.424960,1.827840
522,traditional,0.072480,1.038336,0.437248,1.548064
523,traditional,0.071232,1.561600,0.207872,1.840704
524,traditional,0.076288,1.226752,0.218112,1.521152
525,traditional,0.083872,1.604608,0.396288,2.084768
526,traditional,0.071776,1.042432,0.201728,1.315936
527,traditional,0.076064,1.418240,0.201728,1.696032
528,traditional,0.076448,1.063936,0.205824,1.346208
529,traditional,0.070048,1.024000,0.484352,1.578400
530,traditional,0.075872,1.440768,0.381952,1.898592
531,traditional,0.076256,1.435648,0.204800,1.716704
532,traditional,0.079104,1.057792,0.202752,1.339648
533,traditional,0.071872,1.324032,0.374784,1.770688
534,traditional,0.070656,1.305600,0.359424,1.735680
535,traditional,0.070976,1.547264,0.203776,1.822016
536,traditional,0.071200,1.036288,0.204800,1.312288
537,traditional,0.076224,1.244160,0.200704,1.521088
538,traditional,0.070592,1.044480,0.204800,1.319872
539,traditional,0.072544,1.738752,0.608256,2.419552
540,traditional,0.126144,2.329600,0.585728,3.041472
541,traditional,0.131072,2.036736,0.202752,2.370560
542,traditional,0.075040,1.437696,0.379904,1.892640
543,traditional,0.078752,1.442816,0.202752,1.724320
544,traditional,0.086080,1.034240,0.200704,1.321024
545,traditional,0.073216,1.018880,0.490496,1.582592
546,traditional,0.076160,1.051648,0.202752,1.330560
547,traditional,0.069376,1.019904,0.201728,1.291008
548,traditional,0.073088,1.264640,0.200704,1.538432
549,traditional,0.073056,1.020928,0.201728,1.295712
550,traditional,0.069952,1.036288,0.201728,1.307968
551,traditional,0.073888,1.227776,0.201728,1.503392
552,traditional,0.070592,1.020928,0.201728,1.293248
553,traditional,0.073632,1.049600,0.200704,1.323936
554,traditional,0.076672,1.223680,0.200704,1.501056
555,traditional,0.070112,1.067008,0.201728,1.338848
556,traditional,0.069760,1.050624,0.200704,1.321088
557,traditional,0.083200,1.225728,0.200704,1.509632
558,traditional,0.071872,1.070080,0.200704,1.342656
559,traditional,0.078368,1.052672,0.580608,1.711648
560,traditional,0.073024,1.035264,0.204800,1.313088
561,traditional,0.073728,1.056768,0.200704,1.331200
562,traditional,0.075872,1.241088,0.200704,1.517664
563,traditional,0.068288,1.038336,0.201728,1.308352
564,traditional,0.070400,1.061888,0.200704,1.332992
565,traditional,0.070752,1.040384,0.200704,1.311840
566,traditional,0.069952,1.689600,0.375808,2.135360
567,traditional,0.071424,1.026048,0.200704,1.298176
568,traditional,0.077120,1.042432,0.200704,1.320256
569,traditional,0.074976,1.084416,0.202752,1.362144
570,traditional,0.072832,1.036288,0.199680,1.308800
571,traditional,0.071360,1.220608,0.199680,1.491648
572,traditional,0.068864,1.058816,0.204800,1.332480
573,traditional,0.075040,1.245184,0.199680,1.519904
574,traditional,0.072736,1.064960,0.200704,1.338400
575,traditional,0.074368,1.402880,0.222208,1.699456
576,traditional,0.070144,1.027072,0.199680,1.296896
577,traditional,0.069312,1.508352,0.398336,1.976000
578,traditional,0.071104,1.046528,0.203776,1.321408
579,traditional,0.070464,1.059840,0.594944,1.725248
580,traditional,0.074624,1.050624,0.200704,1.325952
581,traditional,0.069696,1.019904,0.200704,1.290304
582,traditional,0.077792,1.242112,0.204800,1.524704
583,traditional,0.078080,1.408000,0.200704,1.686784
584,traditional,0.069856,1.065984,0.432128,1.567968
585,traditional,0.075168,1.282048,0.203776,1.560992
586,traditional,0.071648,1.330176,0.367616,1.769440
587,traditional,0.082944,1.274880,0.204800,1.562624
588,traditional,0.076768,1.317888,0.367616,1.762272
589,traditional,0.087616,1.481728,0.387072,1.956416
590,traditional,0.081824,1.087488,0.204800,1.374112
591,traditional,0.070336,1.069056,0.203776,1.343168
592,traditional,0.087456,1.244160,0.204800,1.536416
593,traditional,0.076832,1.220608,0.200704,1.498144
594,traditional,0.070464,1.027072,0.199680,1.297216
595,traditional,0.081056,1.099776,0.200704,1.381536
596,traditional,0.069504,1.047552,0.199680,1.316736
597,traditional,0.075488,1.267712,0.203776,1.546976
598,traditional,0.076160,1.091584,0.427008,1.594752
599,traditional,0.092640,1.234944,0.200704,1.528288
600,traditional,0.081248,1.071104,0.204800,1.357152
601,traditional,0.088448,1.271808,0.202752,1.563008
602,traditional,0.070016,1.048576,0.205824,1.324416
603,traditional,0.077920,1.069056,0.495616,1.642592
604,traditional,0.071584,1.047552,0.450560,1.569696
605,traditional,0.070432,1.533952,0.207872,1.812256
606,traditional,0.077696,1.302528,0.202752,1.582976
607,traditional,0.069312,1.040384,0.202752,1.312448
608,traditional,0.075616,1.399808,0.201728,1.677152
609,traditional,0.070528,1.050624,0.201728,1.322880
610,traditional,0.070560,1.087488,0.202752,1.360800
611,traditional,0.128928,2.028544,0.236544,2.394016
612,traditional,0.070272,1.065984,0.201728,1.337984
613,traditional,0.076128,1.247232,0.202752,1.526112
614,traditional,0.069632,1.071104,0.202752,1.343488
615,traditional,0.070144,1.115136,0.512000,1.697280
616,traditional,0.073664,1.107968,0.210944,1.392576
617,traditional,0.091296,1.346560,0.552960,1.990816
618,traditional,0.074784,1.116160,0.209920,1.400864
619,traditional,0.072512,1.093632,0.210944,1.377088
620,traditional,0.073504,1.055744,0.204800,1.334048
621,traditional,0.070336,1.056768,0.208896,1.336000
622,traditional,0.075616,1.662976,0.390144,2.128736
623,traditional,0.072704,1.096704,0.214016,1.383424
624,traditional,0.071520,1.068032,0.204800,1.344352
625,traditional,0.085408,1.262592,0.204800,1.552800
626,traditional,0.071872,1.080320,0.444416,1.596608
627,traditional,0.077152,1.461248,0.388096,1.926496
628,traditional,0.073440,1.136640,0.208896,1.418976
629,traditional,0.077792,1.085440,0.205824,1.369056
630,traditional,0.073088,1.093632,0.205824,1.372544
631,traditional,0.071008,1.063936,0.204800,1.339744
632,traditional,0.088448,1.428480,0.493568,2.010496
633,traditional,0.072032,1.068032,0.207872,1.347936
634,traditional,0.083360,1.682432,0.237568,2.003360
635,traditional,0.075712,1.255424,0.205824,1.536960
636,traditional,0.071168,1.075200,0.205824,1.352192
637,traditional,0.075808,1.055744,0.200704,1.332256
638,traditional,0.070176,1.043456,0.200704,1.314336
639,traditional,0.076512,1.089536,0.200704,1.366752
640,traditional,0.083776,1.321984,0.362496,1.768256
641,traditional,0.089248,1.476608,0.200704,1.766560
642,traditional,0.084992,1.078272,0.200704,1.363968
643,traditional,0.077440,1.070080,0.200704,1.348224
644,traditional,0.073600,1.273856,0.201728,1.549184
645,traditional,0.069376,1.041408,0.201728,1.312512
646,traditional,0.075968,1.591296,0.382976,2.050240
647,traditional,0.070624,1.042432,0.201728,1.314784
648,traditional,0.075488,1.651712,0.386048,2.113248
649,traditional,0.071136,1.033216,0.204800,1.309152
650,traditional,0.075712,1.534976,0.481280,2.091968
651,traditional,0.073184,1.063936,0.205824,1.342944
652,traditional,0.074144,1.040384,0.201728,1.316256
653,traditional,0.075136,1.439744,0.381952,1.896832
654,traditional,0.075232,1.470464,0.379904,1.925600
655,traditional,0.081024,1.466368,0.385024,1.932416
656,traditional,0.083680,1.431552,0.202752,1.717984
657,traditional,0.072736,1.326080,0.361472,1.760288
658,traditional,0.076512,1.428480,0.201728,1.706720
659,traditional,0.080032,1.102848,0.200704,1.383584
660,traditional,0.070624,1.028096,0.200704,1.299424
661,traditional,0.074944,1.042432,0.200704,1.318080
662,traditional,0.070336,1.037312,0.200704,1.308352
663,traditional,0.080032,1.288192,0.208896,1.577120
664,traditional,0.077408,1.519616,0.404480,2.001504
665,traditional,0.073696,1.127424,0.208896,1.410016
666,traditional,0.083808,1.105920,0.210944,1.400672
667,traditional,0.072448,1.083392,0.208896,1.364736
668,traditional,0.085056,1.305600,0.212992,1.603648
669,traditional,0.071008,1.067008,0.205824,1.343840
670,traditional,0.075072,1.079296,0.204800,1.359168
671,traditional,0.080768,1.276928,0.205824,1.563520
672,traditional,0.070816,1.070080,0.205824,1.346720
673,traditional,0.073856,1.052672,0.205824,1.332352
674,traditional,0.076512,1.262592,0.205824,1.544928
675,traditional,0.071968,1.069056,0.204800,1.345824
676,traditional,0.071392,1.050624,0.205824,1.327840
677,traditional,0.081600,1.247232,0.209920,1.538752
678,traditional,0.078560,1.073152,0.204800,1.356512
679,traditional,0.071072,1.073152,0.205824,1.350048
680,traditional,0.073888,1.251328,0.205824,1.531040
681,traditional,0.075168,1.314816,0.367616,1.757600
682,traditional,0.073152,1.592320,0.389120,2.054592
683,traditional,0.074880,1.085440,0.440320,1.600640
684,traditional,0.081152,1.254400,0.205824,1.541376
685,traditional,0.071040,1.077248,0.208896,1.357184
686,traditional,0.071264,1.057792,0.205824,1.334880
687,traditional,0.097696,1.082368,0.206848,1.386912
688,traditional,0.071328,1.056768,0.204800,1.332896
689,traditional,0.069568,1.047552,0.200704,1.317824
690,traditional,0.070816,1.224704,0.200704,1.496224
691,traditional,0.074080,1.421312,0.381952,1.877344
692,traditional,0.074592,1.443840,0.378880,1.897312
693,traditional,0.074432,1.045504,0.200704,1.320640
694,traditional,0.070688,1.015808,0.199680,1.286176
695,traditional,0.074912,1.029120,0.380928,1.484960
696,traditional,0.069984,1.291264,0.359424,1.720672
697,traditional,0.074112,1.429504,0.200704,1.704320
698,traditional,0.069984,1.038336,0.204800,1.313120
699,traditional,0.068864,1.063936,0.487424,1.620224
700,traditional,0.075808,1.037312,0.211968,1.325088
701,traditional,0.073504,1.026048,0.199680,1.299232
702,traditional,0.069600,1.054720,0.200704,1.325024
703,traditional,0.068992,1.344512,0.459776,1.873280
704,traditional,0.080288,1.071104,0.200704,1.352096
705,traditional,0.079712,1.504256,0.208896,1.792864
706,traditional,0.071680,1.232896,0.200704,1.505280
707,traditional,0.086976,1.062912,0.200704,1.350592
708,traditional,0.071200,1.414144,0.204800,1.690144
709,traditional,0.074208,1.047552,0.199680,1.321440
710,traditional,0.070368,1.015808,0.200704,1.286880
711,traditional,0.076384,1.219584,0.201728,1.497696
712,traditional,0.069536,1.052672,0.204800,1.327008
713,traditional,0.068864,1.017856,0.200704,1.287424
714,traditional,0.085920,1.230848,0.204800,1.521568
715,traditional,0.106016,1.028096,0.200704,1.334816
716,traditional,0.070336,1.030144,0.199680,1.300160
717,traditional,0.075040,1.259520,0.204800,1.539360
718,traditional,0.071328,1.236992,0.204800,1.513120
719,traditional,0.073568,1.378304,0.205824,1.657696
720,traditional,0.075168,1.055744,0.210944,1.341856
721,traditional,0.069760,1.035264,0.200704,1.305728
722,traditional,0.075424,1.025024,0.200704,1.301152
723,traditional,0.069568,1.037312,0.199680,1.306560
724,traditional,0.074912,1.281024,0.200704,1.556640
725,traditional,0.070112,1.063936,0.207872,1.341920
726,traditional,0.081056,1.031168,0.200704,1.312928
727,traditional,0.085920,1.466368,0.378880,1.931168
728,traditional,0.071296,1.453056,0.391168,1.915520
729,traditional,0.078912,1.466368,0.384000,1.929280
730,traditional,0.076160,1.436672,0.378880,1.891712
731,traditional,0.079168,1.043456,0.200704,1.323328
732,traditional,0.069248,1.022976,0.200704,1.292928
733,traditional,0.075360,1.252352,0.204800,1.532512
734,traditional,0.077664,1.690624,0.205824,1.974112
735,traditional,0.074944,1.419264,0.386048,1.880256
736,traditional,0.078304,1.050624,0.429056,1.557984
737,traditional,0.074624,1.243136,0.202752,1.520512
738,traditional,0.070272,1.303552,0.357376,1.731200
739,traditional,0.080672,1.233920,0.200704,1.515296
740,traditional,0.068928,1.315840,0.359424,1.744192
741,traditional,0.073216,1.397760,0.200704,1.671680
742,traditional,0.069600,1.042432,0.430080,1.542112
743,traditional,0.073920,2.502656,0.382976,2.959552
744,traditional,0.130080,1.996800,0.202752,2.329632
745,traditional,0.070880,1.033216,0.201728,1.305824
746,traditional,0.075360,1.042432,0.201728,1.319520
747,traditional,0.071584,1.032192,0.489472,1.593248
748,traditional,0.081984,1.274880,0.202752,1.559616
749,traditional,0.075488,1.059840,0.205824,1.341152
750,traditional,0.075808,1.080320,0.209920,1.366048
751,traditional,0.077696,1.268736,0.209920,1.556352
752,traditional,0.096832,1.543168,0.398336,2.038336
753,traditional,0.073536,1.300480,0.209920,1.583936
754,traditional,0.075872,1.115136,0.209920,1.400928
755,traditional,0.072256,1.102848,0.222208,1.397312
756,traditional,0.077600,1.290240,0.202752,1.570592
757,traditional,0.070016,1.075200,0.202752,1.347968
758,traditional,0.082112,1.361920,0.479232,1.923264
759,traditional,0.074816,1.058816,0.385024,1.518656
760,traditional,0.083136,1.371136,0.362496,1.816768
761,traditional,0.075008,1.558528,0.382976,2.016512
762,traditional,0.073088,1.078272,0.205824,1.357184
763,traditional,0.069728,1.043456,0.496640,1.609824
764,traditional,0.076160,1.465344,0.384000,1.925504
765,traditional,0.070176,1.037312,0.202752,1.310240
766,traditional,0.069824,1.062912,0.201728,1.334464
767,traditional,0.072512,1.062912,0.201728,1.337152
768,traditional,0.080736,1.037312,0.201728,1.319776
769,traditional,0.079904,1.249280,0.200704,1.529888
770,traditional,0.070400,1.036288,0.204800,1.311488
771,traditional,0.074464,1.452032,0.378880,1.905376
772,traditional,0.070176,1.020928,0.200704,1.291808
773,traditional,0.070432,1.041408,0.200704,1.312544
774,traditional,0.075136,1.286144,0.358400,1.719680
775,traditional,0.069408,1.531904,0.202752,1.804064
776,traditional,0.081952,1.083392,0.200704,1.366048
777,traditional,0.070304,1.608704,0.221184,1.900192
778,traditional,0.071104,1.332224,0.200704,1.604032
779,traditional,0.072736,1.055744,0.200704,1.329184
780,traditional,0.073504,1.071104,0.200704,1.345312
781,traditional,0.080160,1.287168,0.357376,1.724704
782,traditional,0.082464,1.433600,0.201728,1.717792
783,traditional,0.081568,1.306624,0.380928,1.769120
784,traditional,0.076768,1.230848,0.201728,1.509344
785,traditional,0.070784,1.069056,0.437248,1.577088
786,traditional,0.086688,1.070080,0.465920,1.622688
787,traditional,0.130816,2.043904,0.382976,2.557696
788,traditional,0.129856,2.251776,0.479232,2.860864
789,traditional,0.069888,1.059840,0.202752,1.332480
790,traditional,0.074912,1.291264,0.367616,1.733792
791,traditional,0.075360,1.219584,0.218112,1.513056
792,traditional,0.076736,1.464320,0.362496,1.903552
793,traditional,0.070880,1.448960,0.204800,1.724640
794,traditional,0.163904,1.092608,0.204800,1.461312
795,traditional,0.074944,1.341440,0.214016,1.630400
796,traditional,0.070112,1.480704,0.363520,1.914336
797,traditional,0.078016,1.562624,0.381952,2.022592
798,traditional,0.126912,2.024448,0.381952,2.533312
799,traditional,0.126592,2.168832,0.214016,2.509440
800,traditional,0.071776,1.264640,0.201728,1.538144
801,traditional,0.080480,1.034240,0.205824,1.320544
802,traditional,0.071104,1.257472,0.201728,1.530304
803,traditional,0.083360,1.435648,0.202752,1.721760
804,traditional,0.069760,1.084416,0.205824,1.360000
805,traditional,0.069216,1.637376,0.210944,1.917536
806,traditional,0.078656,1.260544,0.433152,1.772352
807,traditional,0.071584,1.564672,0.258048,1.894304
808,traditional,0.127968,2.293760,0.382976,2.804704
809,traditional,0.127040,1.933312,0.201728,2.262080
810,traditional,0.071584,1.283072,0.203776,1.558432
811,traditional,0.071552,1.281024,0.202752,1.555328
812,traditional,0.072928,1.098752,0.203776,1.375456
813,traditional,0.069664,1.374208,0.475136,1.919008
814,traditional,0.080192,1.467392,0.381952,1.929536
815,traditional,0.071936,1.062912,0.206848,1.341696
816,traditional,0.078016,1.048576,0.201728,1.328320
817,traditional,0.076320,1.446912,0.203776,1.727008
818,traditional,0.071456,1.061888,0.205824,1.339168
819,traditional,0.073440,1.094656,0.216064,1.384160
820,traditional,0.078688,1.467392,0.381952,1.928032
821,traditional,0.077760,1.451008,0.390144,1.918912
822,traditional,0.072416,1.072128,0.201728,1.346272
823,traditional,0.070400,1.055744,0.200704,1.326848
824,traditional,0.087552,1.240064,0.200704,1.528320
825,traditional,0.076320,1.064960,0.200704,1.341984
826,traditional,0.071200,1.250304,0.200704,1.522208
827,traditional,0.074400,1.054720,0.203776,1.332896
828,traditional,0.069888,1.057792,0.200704,1.328384
829,traditional,0.129152,1.420288,0.204800,1.754240
830,traditional,0.083648,1.390592,0.200704,1.674944
831,traditional,0.070272,1.056768,0.216064,1.343104
832,traditional,0.070144,1.053696,0.200704,1.324544
833,traditional,0.085056,1.277952,0.204800,1.567808
834,traditional,0.074816,1.043456,0.200704,1.318976
835,traditional,0.069920,1.028096,0.199680,1.297696
836,traditional,0.075616,1.270784,0.205824,1.552224
837,traditional,0.074336,1.501184,0.385024,1.960544
838,traditional,0.079104,1.078272,0.196608,1.353984
839,traditional,0.069568,1.419264,0.202752,1.691584
840,traditional,0.243392,1.451008,0.201728,1.896128
841,traditional,0.239552,1.038336,0.200704,1.478592
842,traditional,0.082080,1.051648,0.200704,1.334432
843,traditional,0.128704,1.600512,0.200704,1.929920
844,traditional,0.069248,1.323008,0.359424,1.751680
845,traditional,0.078784,1.246208,0.200704,1.525696
846,traditional,0.070016,1.080320,0.428032,1.578368
847,traditional,0.087328,1.264640,0.199680,1.551648
848,traditional,0.071968,1.035264,0.203776,1.311008
849,traditional,0.073184,1.042432,0.205824,1.321440
850,traditional,0.084512,1.245184,0.205824,1.535520
851,traditional,0.076832,1.132544,0.223232,1.432608
852,traditional,0.077792,1.195008,0.226304,1.499104
853,traditional,0.076128,1.132544,0.543744,1.752416
854,traditional,0.082112,1.598464,0.419840,2.100416
855,traditional,0.075808,1.145856,0.222208,1.443872
856,traditional,0.090048,1.162240,0.220160,1.472448
857,traditional,0.087392,1.136640,0.478208,1.702240
858,traditional,0.085184,1.680384,0.428032,2.193600
859,traditional,0.076160,1.119232,0.222208,1.417600
860,traditional,0.080448,1.304576,0.211968,1.596992
861,traditional,0.072672,1.114112,0.210944,1.397728
862,traditional,0.074848,1.074176,0.210944,1.359968
863,traditional,0.086208,1.324032,0.215040,1.625280
864,traditional,0.089536,1.523712,0.402432,2.015680
865,traditional,0.078240,1.562624,0.415744,2.056608
866,traditional,0.078752,1.106944,0.218112,1.403808
867,traditional,0.075744,1.141760,0.220160,1.437664
868,traditional,0.077184,1.359872,0.220160,1.657216
869,traditional,0.075040,1.549312,0.415744,2.040096
870,traditional,0.079808,1.183744,0.224256,1.487808
871,traditional,0.077024,1.438720,0.405504,1.921248
872,traditional,0.079392,1.179648,0.225280,1.484320
873,traditional,0.087232,1.133568,0.219136,1.439936
874,traditional,0.078976,1.323008,0.217088,1.619072
875,traditional,0.075040,1.529856,0.407552,2.012448
876,traditional,0.080672,1.726464,0.226304,2.033440
877,traditional,0.084864,1.163264,0.220160,1.468288
878,traditional,0.074080,1.112064,0.215040,1.401184
879,traditional,0.074944,1.319936,0.215040,1.609920
880,traditional,0.074624,1.149952,0.219136,1.443712
881,traditional,0.074240,1.744896,0.409600,2.228736
882,traditional,0.074976,1.355776,0.221184,1.651936
883,traditional,0.087200,1.518592,0.216064,1.821856
884,traditional,0.074656,1.123328,0.222208,1.420192
885,traditional,0.082144,1.753088,0.413696,2.248928
886,traditional,0.086784,1.426432,0.386048,1.899264
887,traditional,0.080448,1.521664,0.217088,1.819200
888,traditional,0.075328,1.158144,0.217088,1.450560
889,traditional,0.083200,1.341440,0.216064,1.640704
890,traditional,0.074400,1.175552,0.229376,1.479328
891,traditional,0.085760,1.120256,0.217088,1.423104
892,traditional,0.090048,1.156096,0.222208,1.468352
893,traditional,0.083072,1.183744,0.223232,1.490048
894,traditional,0.081696,1.179648,0.223232,1.484576
895,traditional,0.077952,1.373184,0.227328,1.678464
896,traditional,0.077440,1.177600,0.229376,1.484416
897,traditional,0.087616,1.485824,0.240640,1.814080
898,traditional,0.082848,1.372160,0.224256,1.679264
899,traditional,0.092832,1.156096,0.222208,1.471136
900,traditional,0.089088,1.210368,0.228352,1.527808
901,traditional,0.086528,1.617920,0.423936,2.128384
902,traditional,0.093408,1.589248,0.228352,1.911008
903,traditional,0.093600,1.199104,0.224256,1.516960
904,traditional,0.077856,1.150976,0.224256,1.453088
905,traditional,0.079552,1.447936,0.224256,1.751744
906,traditional,0.095488,1.199104,0.223232,1.517824
907,traditional,0.089600,1.177600,0.224256,1.491456
908,traditional,0.081984,1.390592,0.224256,1.696832
909,traditional,0.077696,1.777664,0.229376,2.084736
910,traditional,0.096256,1.163264,0.224256,1.483776
911,traditional,0.076352,1.175552,0.222208,1.474112
912,traditional,0.086816,1.393664,0.223232,1.703712
913,traditional,0.076800,1.158144,0.223232,1.458176
914,traditional,0.081280,1.672192,0.218112,1.971584
915,traditional,0.085824,1.295360,0.210944,1.592128
916,traditional,0.078304,1.735680,0.220160,2.034144
917,traditional,0.091136,1.320960,0.216064,1.628160
918,traditional,0.076352,1.104896,0.210944,1.392192
919,traditional,0.074048,1.114112,0.210944,1.399104
920,traditional,0.074144,1.088512,0.210944,1.373600
921,traditional,0.073056,1.089536,0.517120,1.679712
922,traditional,0.079776,1.294336,0.211968,1.586080
923,traditional,0.087392,1.525760,0.214016,1.827168
924,traditional,0.075648,1.652736,0.407552,2.135936
925,traditional,0.092384,1.412096,0.219136,1.723616
926,traditional,0.080256,1.317888,0.217088,1.615232
927,traditional,0.073728,1.402880,0.386048,1.862656
928,traditional,0.075712,1.635328,0.412672,2.123712
929,traditional,0.075680,1.156096,0.216064,1.447840
930,traditional,0.071072,1.037312,0.201728,1.310112
931,traditional,0.073120,1.250304,0.202752,1.526176
932,traditional,0.069728,1.041408,0.202752,1.313888
933,traditional,0.080032,1.246208,0.202752,1.528992
934,traditional,0.082240,1.034240,0.202752,1.319232
935,traditional,0.078176,1.672192,0.211968,1.962336
936,traditional,0.072064,1.257472,0.202752,1.532288
937,traditional,0.073120,1.089536,0.210944,1.373600
938,traditional,0.072224,1.054720,0.455680,1.582624
939,traditional,0.071616,1.603584,0.391168,2.066368
940,traditional,0.076896,1.052672,0.202752,1.332320
941,traditional,0.079552,1.548288,0.204800,1.832640
942,traditional,0.146816,1.032192,0.201728,1.380736
943,traditional,0.074848,1.659904,0.390144,2.124896
944,traditional,0.072256,1.041408,0.203776,1.317440
945,traditional,0.077600,1.067008,0.202752,1.347360
946,traditional,0.072544,1.046528,0.203776,1.322848
947,traditional,0.070048,1.074176,0.203776,1.348000
948,traditional,0.076928,1.269760,0.207872,1.554560
949,traditional,0.084608,1.085440,0.203776,1.373824
950,traditional,0.070880,1.058816,0.202752,1.332448
951,traditional,0.077600,1.285120,0.207872,1.570592
952,traditional,0.081344,1.492992,0.384000,1.958336
953,traditional,0.086208,1.242112,0.200704,1.529024
954,traditional,0.074208,1.070080,0.199680,1.343968
955,traditional,0.072512,1.599488,0.205824,1.877824
956,traditional,0.075328,1.432576,0.358400,1.866304
957,traditional,0.081856,1.464320,0.382976,1.929152
958,traditional,0.074848,1.079296,0.200704,1.354848
959,traditional,0.069600,1.038336,0.200704,1.308640
960,traditional,0.070464,1.050624,0.199680,1.320768
961,traditional,0.071872,1.060864,0.425984,1.558720
962,traditional,0.076608,1.264640,0.202752,1.544000
963,traditional,0.070144,1.106944,0.431104,1.608192
964,traditional,0.080960,1.438720,0.202752,1.722432
965,traditional,0.070080,1.058816,0.206848,1.335744
966,traditional,0.069824,1.381376,0.485376,1.936576
967,traditional,0.072128,1.411072,0.202752,1.685952
968,traditional,0.068864,1.027072,0.202752,1.298688
969,traditional,0.070592,1.075200,0.201728,1.347520
970,traditional,0.140384,2.432000,0.206848,2.779232
971,traditional,0.080896,1.457152,0.385024,1.923072
972,traditional,0.071360,1.055744,0.199680,1.326784
973,traditional,0.075200,1.256448,0.204800,1.536448
974,traditional,0.086752,1.436672,0.378880,1.902304
975,traditional,0.074976,1.073152,0.204800,1.352928
976,traditional,0.068640,1.030144,0.487424,1.586208
977,traditional,0.070912,1.230848,0.200704,1.502464
978,traditional,0.072128,1.063936,0.204800,1.340864
979,traditional,0.069088,1.034240,0.200704,1.304032
980,traditional,0.075968,1.258496,0.201728,1.536192
981,traditional,0.081152,1.025024,0.201728,1.307904
982,traditional,0.076576,1.054720,0.203776,1.335072
983,traditional,0.070336,1.250304,0.200704,1.521344
984,traditional,0.069792,1.070080,0.200704,1.340576
985,traditional,0.068736,1.016832,0.200704,1.286272
986,traditional,0.071776,1.051648,0.204800,1.328224
987,traditional,0.070272,1.025024,0.200704,1.296000
988,traditional,0.080992,1.082368,0.204800,1.368160
989,traditional,0.081248,1.065984,0.199680,1.346912
990,traditional,0.075328,1.276928,0.204800,1.557056
991,traditional,0.070656,1.057792,0.204800,1.333248
992,traditional,0.082080,1.040384,0.199680,1.322144
993,traditional,0.068160,1.017856,0.200704,1.286720
994,traditional,0.075072,1.266688,0.205824,1.547584
995,traditional,0.075520,1.060864,0.200704,1.337088
996,traditional,0.070240,1.426432,0.204800,1.701472
997,traditional,0.073312,1.043456,0.201728,1.318496
998,traditional,0.072608,1.399808,0.461824,1.934240
999,traditional,0.072320,1.261568,0.203776,1.537664
1000,traditional,0.081728,1.045504,0.204800,1.332032
1001,traditional,0.073888,1.049600,0.208896,1.332384
1002,traditional,0.126752,2.022400,0.378880,2.528032
1003,traditional,0.137632,1.268736,0.200704,1.607072
1004,traditional,0.076000,1.242112,0.200704,1.518816
1005,traditional,0.076640,1.297408,0.360448,1.734496
1006,traditional,0.079712,1.238016,0.201728,1.519456
1007,traditional,0.068928,1.053696,0.204800,1.327424
1008,traditional,0.070656,1.047552,0.199680,1.317888
1009,traditional,0.073536,1.220608,0.200704,1.494848
1010,traditional,0.069728,1.036288,0.199680,1.305696
1011,traditional,0.078848,1.076224,0.200704,1.355776
1012,traditional,0.129472,2.487296,0.379904,2.996672
1013,traditional,0.095680,1.046528,0.421888,1.564096
1014,traditional,0.070784,1.052672,0.199680,1.323136
1015,traditional,0.084064,1.471488,0.202752,1.758304
1016,traditional,0.074784,1.440768,0.379904,1.895456
1017,traditional,0.082944,1.046528,0.203776,1.333248
1018,traditional,0.074016,1.046528,0.200704,1.321248
1019,traditional,0.076256,1.246208,0.203776,1.526240
1020,traditional,0.068800,1.017856,0.200704,1.287360
1021,traditional,0.077088,1.046528,0.199680,1.323296
1022,traditional,0.132096,2.282496,0.218112,2.632704
1023,traditional,0.071584,1.442816,0.202752,1.717152
1024,traditional,0.073600,1.459200,0.378880,1.911680
1025,traditional,0.070912,1.489920,0.387072,1.947904
1026,traditional,0.071840,1.504256,0.381952,1.958048
1027,traditional,0.083552,1.285120,0.358400,1.727072
1028,traditional,0.070432,1.559552,0.211968,1.841952
1029,traditional,0.071168,1.226752,0.217088,1.515008
1030,traditional,0.071232,1.061888,0.199680,1.332800
1031,traditional,0.083168,1.255424,0.204800,1.543392
1032,traditional,0.075552,1.057792,0.200704,1.334048
1033,traditional,0.070688,1.047552,0.201728,1.319968
1034,traditional,0.069984,1.043456,0.200704,1.314144
1035,traditional,0.068640,1.330176,0.671744,2.070560
1036,traditional,0.126080,2.507776,0.388096,3.021952
1037,traditional,0.134464,1.556480,0.203776,1.894720
1038,traditional,0.071552,1.595392,0.381952,2.048896
1039,traditional,0.070240,1.478656,0.202752,1.751648
1040,traditional,0.069696,1.087488,0.205824,1.363008
1041,traditional,0.069024,1.048576,0.200704,1.318304
1042,traditional,0.072000,1.057792,0.200704,1.330496
1043,traditional,0.069888,1.395712,0.467968,1.933568
1044,traditional,0.076064,1.254400,0.200704,1.531168
1045,traditional,0.076544,1.251328,0.200704,1.528576
1046,traditional,0.070368,1.232896,0.199680,1.502944
1047,traditional,0.071168,1.061888,0.200704,1.333760
1048,traditional,0.128384,2.543616,0.599040,3.271040
1049,traditional,0.126144,1.245184,0.200704,1.572032
1050,traditional,0.070048,1.044480,0.488448,1.602976
1051,traditional,0.083488,1.562624,0.379904,2.026016
1052,traditional,0.128960,2.763776,0.380928,3.273664
1053,traditional,0.125856,1.630208,0.381952,2.138016
1054,traditional,0.076000,1.460224,0.382976,1.919200
1055,traditional,0.076928,1.461248,0.388096,1.926272
1056,traditional,0.075392,1.453056,0.381952,1.910400
1057,traditional,0.074912,1.466368,0.380928,1.922208
1058,traditional,0.133088,2.126848,0.392192,2.652128
1059,traditional,0.128736,2.697216,0.207872,3.033824
1060,traditional,0.072384,1.068032,0.206848,1.347264
1061,traditional,0.071168,1.081344,0.206848,1.359360
1062,traditional,0.077504,1.269760,0.207872,1.555136
1063,traditional,0.071200,1.390592,0.380928,1.842720
1064,traditional,0.075744,1.090560,0.210944,1.377248
1065,traditional,0.077408,1.153024,0.211968,1.442400
1066,traditional,0.086528,1.444864,0.393216,1.924608
1067,traditional,0.084288,1.755136,0.222208,2.061632
1068,traditional,0.079136,1.739776,0.212992,2.031904
1069,traditional,0.078464,1.095680,0.222208,1.396352
1070,traditional,0.073504,1.414144,0.490496,1.978144
1071,traditional,0.078976,1.110016,0.211968,1.400960
1072,traditional,0.074432,1.082368,0.210944,1.367744
1073,traditional,0.077312,1.246208,0.204800,1.528320
1074,traditional,0.071616,1.073152,0.204800,1.349568
1075,traditional,0.072128,1.055744,0.204800,1.332672
1076,traditional,0.077600,1.246208,0.204800,1.528608
1077,traditional,0.071072,1.344512,0.367616,1.783200
1078,traditional,0.077504,1.479680,0.388096,1.945280
1079,traditional,0.072672,1.067008,0.447488,1.587168
1080,traditional,0.076032,1.266688,0.204800,1.547520
1081,traditional,0.071104,1.048576,0.204800,1.324480
1082,traditional,0.075456,1.075200,0.204800,1.355456
1083,traditional,0.073056,1.261568,0.208896,1.543520
1084,traditional,0.071232,1.065984,0.205824,1.343040
1085,traditional,0.071264,1.036288,0.200704,1.308256
1086,traditional,0.095104,1.027072,0.199680,1.321856
1087,traditional,0.073664,1.489920,0.385024,1.948608
1088,traditional,0.074144,1.440768,0.203776,1.718688
1089,traditional,0.069664,1.040384,0.196608,1.306656
1090,traditional,0.078720,1.027072,0.199680,1.305472
1091,traditional,0.076096,1.217536,0.200704,1.494336
1092,traditional,0.069216,1.311744,0.357376,1.738336
1093,traditional,0.088672,1.241088,0.200704,1.530464
1094,traditional,0.069280,1.062912,0.203776,1.335968
1095,traditional,0.069312,1.014784,0.199680,1.283776
1096,traditional,0.079520,1.212416,0.199680,1.491616
1097,traditional,0.069856,1.012736,0.200704,1.283296
1098,traditional,0.070240,1.040384,0.206848,1.317472
1099,traditional,0.070784,1.751040,0.674816,2.496640
1100,traditional,0.126624,2.796544,0.201728,3.124896
1101,traditional,0.075072,1.032192,0.201728,1.308992
1102,traditional,0.078016,1.008640,0.199680,1.286336
1103,traditional,0.075040,1.040384,0.200704,1.316128
1104,traditional,0.074048,1.020928,0.429056,1.524032
1105,traditional,0.080320,1.207296,0.200704,1.488320
1106,traditional,0.069952,1.251328,0.207872,1.529152
1107,traditional,0.075008,1.442816,0.200704,1.718528
1108,traditional,0.069632,1.030144,0.199680,1.299456
1109,traditional,0.078656,1.045504,0.200704,1.324864
1110,traditional,0.139072,1.965056,0.200704,2.304832
1111,traditional,0.070080,1.045504,0.206848,1.322432
1112,traditional,0.079936,1.263616,0.376832,1.720384
1113,traditional,0.070912,1.044480,0.449536,1.564928
1114,traditional,0.080096,1.462272,0.210944,1.753312
1115,traditional,0.074240,1.072128,0.205824,1.352192
1116,traditional,0.113248,2.056192,0.387072,2.556512
1117,traditional,0.071264,1.254400,0.208896,1.534560
1118,traditional,0.076000,1.050624,0.204800,1.331424
1119,traditional,0.071168,1.050624,0.203776,1.325568
1120,traditional,0.075872,1.283072,0.208896,1.567840
1121,traditional,0.074336,1.093632,0.208896,1.376864
1122,traditional,0.073952,1.116160,0.208896,1.399008
1123,traditional,0.077504,1.272832,0.209920,1.560256
1124,traditional,0.072416,1.104896,0.209920,1.387232
1125,traditional,0.072672,1.116160,0.208896,1.397728
1126,traditional,0.072704,1.039360,0.199680,1.311744
1127,traditional,0.069312,1.490944,0.378880,1.939136
1128,traditional,0.077056,1.466368,0.205824,1.749248
1129,traditional,0.069824,1.051648,0.200704,1.322176
1130,traditional,0.069280,1.021952,0.199680,1.290912
1131,traditional,0.131872,2.298880,0.240640,2.671392
1132,traditional,0.070752,1.082368,0.204800,1.357920
1133,traditional,0.069216,1.635328,0.210944,1.915488
1134,traditional,0.070656,1.261568,0.203776,1.536000
1135,traditional,0.069984,1.031168,0.200704,1.301856
1136,traditional,0.127808,2.271232,0.379904,2.778944
1137,traditional,0.125312,1.915904,0.205824,2.247040
1138,traditional,0.081632,1.472512,0.211968,1.766112
1139,traditional,0.078112,1.410048,0.200704,1.688864
1140,traditional,0.071072,1.062912,0.453632,1.587616
1141,traditional,0.073920,1.418240,0.200704,1.692864
1142,traditional,0.069216,1.026048,0.201728,1.296992
1143,traditional,0.074944,1.082368,0.203776,1.361088
1144,traditional,0.076416,1.056768,0.202752,1.335936
1145,traditional,0.071104,1.054720,0.206848,1.332672
1146,traditional,0.070944,1.051648,0.202752,1.325344
1147,traditional,0.077600,1.506304,0.387072,1.970976
1148,traditional,0.071680,1.482752,0.387072,1.941504
1149,traditional,0.083840,1.073152,0.202752,1.359744
1150,traditional,0.070720,1.041408,0.574464,1.686592
1151,traditional,0.130720,2.286592,0.345088,2.762400
1152,traditional,0.071072,1.091584,0.202752,1.365408
1153,traditional,0.070272,1.047552,0.490496,1.608320
1154,traditional,0.076032,1.263616,0.202752,1.542400
1155,traditional,0.069632,1.039360,0.202752,1.311744
1156,traditional,0.074208,1.490944,0.388096,1.953248
1157,traditional,0.070240,1.061888,0.434176,1.566304
1158,traditional,0.076064,1.483776,0.202752,1.762592
1159,traditional,0.077536,1.040384,0.201728,1.319648
1160,traditional,0.072160,1.648640,0.211968,1.932768
1161,traditional,0.072800,1.263616,0.439296,1.775712
1162,traditional,0.088704,1.475584,0.382976,1.947264
1163,traditional,0.071008,1.299456,0.387072,1.757536
1164,traditional,0.133920,2.037760,0.382976,2.554656
1165,traditional,0.130624,2.269184,0.389120,2.788928
1166,traditional,0.131712,1.841152,0.386048,2.358912
1167,traditional,0.072736,1.514496,0.390144,1.977376
1168,traditional,0.071008,1.477632,0.385024,1.933664
1169,traditional,0.075328,1.471488,0.222208,1.769024
1170,traditional,0.088896,1.091584,0.207872,1.388352
1171,traditional,0.072800,1.436672,0.210944,1.720416
1172,traditional,0.083840,1.479680,0.394240,1.957760
1173,traditional,0.072512,1.567744,0.398336,2.038592
1174,traditional,0.073280,1.271808,0.207872,1.552960
1175,traditional,0.069888,1.084416,0.205824,1.360128
1176,traditional,0.071040,1.075200,0.204800,1.351040
1177,traditional,0.077536,1.275904,0.204800,1.558240
1178,traditional,0.086080,1.472512,0.395264,1.953856
1179,traditional,0.072096,1.515520,0.390144,1.977760
1180,traditional,0.079968,1.089536,0.204800,1.374304
1181,traditional,0.074304,1.086464,0.205824,1.366592
1182,traditional,0.073504,1.256448,0.202752,1.532704
1183,traditional,0.074720,1.077248,0.430080,1.582048
1184,traditional,0.084992,1.254400,0.202752,1.542144
1185,traditional,0.074016,1.045504,0.206848,1.326368
1186,traditional,0.073504,1.077248,0.202752,1.353504
1187,traditional,0.072704,1.274880,0.206848,1.554432
1188,traditional,0.074144,1.448960,0.386048,1.909152
1189,traditional,0.073536,1.499136,0.391168,1.963840
1190,traditional,0.072832,1.064960,0.219136,1.356928
1191,traditional,0.072256,1.705984,0.216064,1.994304
1192,traditional,0.077536,1.306624,0.210944,1.595104
1193,traditional,0.072096,1.099776,0.207872,1.379744
1194,traditional,0.072544,1.076224,0.208896,1.357664
1195,traditional,0.073344,1.090560,0.210944,1.374848
1196,traditional,0.078112,1.088512,0.207872,1.374496
1197,traditional,0.077440,1.075200,0.207872,1.360512
1198,traditional,0.080608,1.343488,0.366592,1.790688
1199,traditional,0.079264,1.473536,0.387072,1.939872
1200,traditional,0.076768,1.469440,0.394240,1.940448
1201,traditional,0.071744,1.509376,0.396288,1.977408
1202,traditional,0.075456,1.073152,0.220160,1.368768
1203,traditional,0.073824,1.049600,0.203776,1.327200
1204,traditional,0.140352,2.326528,0.392192,2.859072
1205,traditional,0.128384,2.132992,0.216064,2.477440
1206,traditional,0.077664,1.498112,0.397312,1.973088
1207,traditional,0.085408,1.103872,0.220160,1.409440
1208,traditional,0.081120,1.105920,0.208896,1.395936
1209,traditional,0.090144,1.288192,0.208896,1.587232
1210,traditional,0.073408,1.361920,0.374784,1.810112
1211,traditional,0.073184,1.613824,0.408576,2.095584
1212,traditional,0.074176,1.090560,0.212992,1.377728
1213,traditional,0.084640,1.071104,0.208896,1.364640
1214,traditional,0.136000,2.182144,0.208896,2.527040
1215,traditional,0.076768,1.679360,0.214016,1.970144
1216,traditional,0.077024,1.689600,0.216064,1.982688
1217,traditional,0.080224,1.323008,0.372736,1.775968
1218,traditional,0.073344,1.306624,0.208896,1.588864
1219,traditional,0.071872,1.074176,0.208896,1.354944
1220,traditional,0.093280,1.080320,0.212992,1.386592
1221,traditional,0.082496,1.096704,0.208896,1.388096
1222,traditional,0.075904,1.267712,0.214016,1.557632
1223,traditional,0.077696,1.084416,0.208896,1.371008
1224,traditional,0.073280,1.396736,0.484352,1.954368
1225,traditional,0.077536,1.454080,0.208896,1.740512
1226,traditional,0.073504,1.065984,0.208896,1.348384
1227,traditional,0.076960,1.517568,0.400384,1.994912
1228,traditional,0.073920,1.068032,0.208896,1.350848
1229,traditional,0.072032,1.445888,0.479232,1.997152
1230,traditional,0.075776,1.876992,0.402432,2.355200
1231,traditional,0.164672,3.138560,0.209920,3.513152
1232,traditional,0.080480,1.480704,0.209920,1.771104
1233,traditional,0.083328,1.465344,0.206848,1.755520
1234,traditional,0.072000,1.081344,0.210944,1.364288
1235,traditional,0.078080,1.277952,0.206848,1.562880
1236,traditional,0.072544,1.073152,0.209920,1.355616
1237,traditional,0.072288,1.635328,0.393216,2.100832
1238,traditional,0.076256,1.087488,0.211968,1.375712
1239,traditional,0.076992,1.068032,0.206848,1.351872
1240,traditional,0.072960,1.271808,0.215040,1.559808
1241,traditional,0.076416,1.065984,0.206848,1.349248
1242,traditional,0.072544,1.376256,0.482304,1.931104
1243,traditional,0.079264,1.269760,0.206848,1.555872
1244,traditional,0.071808,1.111040,0.222208,1.405056
1245,traditional,0.082400,1.145856,0.216064,1.444320
1246,traditional,0.075680,1.170432,0.216064,1.462176
1247,traditional,0.075232,1.129472,0.217088,1.421792
1248,traditional,0.074176,1.290240,0.211968,1.576384
1249,traditional,0.073312,1.080320,0.208896,1.362528
1250,traditional,0.072992,1.343488,0.374784,1.791264
1251,traditional,0.075424,1.079296,0.442368,1.597088
1252,traditional,0.078464,1.520640,0.399360,1.998464
1253,traditional,0.077504,1.503232,0.397312,1.978048
1254,traditional,0.082880,1.106944,0.208896,1.398720
1255,traditional,0.073440,1.717248,0.418816,2.209504
1256,traditional,0.083232,1.496064,0.214016,1.793312
1257,traditional,0.073632,1.088512,0.214016,1.376160
1258,traditional,0.082016,1.425408,0.489472,1.996896
1259,traditional,0.089536,1.296384,0.225280,1.611200
1260,traditional,0.082784,1.116160,0.216064,1.415008
1261,traditional,0.081472,1.458176,0.239616,1.779264
1262,traditional,0.089536,1.884160,0.240640,2.214336
1263,traditional,0.085056,1.669120,0.446464,2.200640
1264,traditional,0.095136,1.226752,0.235520,1.557408
1265,traditional,0.080576,1.216512,0.236544,1.533632
1266,traditional,0.086656,1.510400,0.236544,1.833600
1267,traditional,0.088864,1.900544,0.236544,2.225952
1268,traditional,0.090400,1.445888,0.239616,1.775904
1269,traditional,0.081216,1.182720,0.228352,1.492288
1270,traditional,0.078560,1.173504,0.228352,1.480416
1271,traditional,0.078784,1.386496,0.228352,1.693632
1272,traditional,0.079104,1.469440,0.231424,1.779968
1273,traditional,0.095840,1.459200,0.228352,1.783392
1274,traditional,0.079104,1.215488,0.228352,1.522944
1275,traditional,0.078976,1.173504,0.227328,1.479808
1276,traditional,0.080096,1.374208,0.228352,1.682656
1277,traditional,0.078272,1.693696,0.230400,2.002368
1278,traditional,0.087904,1.426432,0.228352,1.742688
1279,traditional,0.090752,1.231872,0.228352,1.550976
1280,traditional,0.082624,1.165312,0.227328,1.475264
1281,traditional,0.089280,1.198080,0.228352,1.515712
1282,traditional,0.082752,1.203200,0.228352,1.514304
1283,traditional,0.088160,1.620992,0.256000,1.965152
1284,traditional,0.085664,1.638400,0.430080,2.154144
1285,traditional,0.087712,1.432576,0.228352,1.748640
1286,traditional,0.083008,1.200128,0.228352,1.511488
1287,traditional,0.084512,1.408000,0.232448,1.724960
1288,traditional,0.083808,1.224704,0.230400,1.538912
1289,traditional,0.082304,1.185792,0.228352,1.496448
1290,traditional,0.088672,1.409024,0.228352,1.726048
1291,traditional,0.078560,1.825792,0.234496,2.138848
1292,traditional,0.083488,1.837056,0.233472,2.154016
1293,traditional,0.085120,1.208320,0.227328,1.520768
1294,traditional,0.081920,1.624064,0.249856,1.955840
1295,traditional,0.083616,1.393664,0.228352,1.705632
1296,traditional,0.079968,1.468416,0.405504,1.953888
1297,traditional,0.080640,1.800192,0.431104,2.311936
1298,traditional,0.079392,1.244160,0.228352,1.551904
1299,traditional,0.083488,1.411072,0.228352,1.722912
1300,traditional,0.080096,1.215488,0.228352,1.523936
1301,traditional,0.076320,1.144832,0.221184,1.442336
1302,traditional,0.082016,1.385472,0.221184,1.688672
1303,traditional,0.076320,1.168384,0.222208,1.466912
1304,traditional,0.076576,1.138688,0.222208,1.437472
1305,traditional,0.084832,1.374208,0.218112,1.677152
1306,traditional,0.081600,1.771520,0.227328,2.080448
1307,traditional,0.316000,1.536000,0.226304,2.078304
1308,traditional,0.083424,1.187840,0.230400,1.501664
1309,traditional,0.090464,1.195008,0.230400,1.515872
1310,traditional,0.080608,1.199104,0.234496,1.514208
1311,traditional,0.082720,1.223680,0.231424,1.537824
1312,traditional,0.092768,1.499136,0.230400,1.822304
1313,traditional,0.090752,1.868800,0.232448,2.192000
1314,traditional,0.272224,1.673216,0.434176,2.379616
1315,traditional,0.095776,1.241088,0.477184,1.814048
1316,traditional,0.080512,1.788928,0.435200,2.304640
1317,traditional,0.098336,1.207296,0.231424,1.537056
1318,traditional,0.080096,1.213440,0.230400,1.523936
1319,traditional,0.081408,1.186816,0.231424,1.499648
1320,traditional,0.088864,1.196032,0.231424,1.516320
1321,traditional,0.078624,1.181696,0.231424,1.491744
1322,traditional,0.082912,1.419264,0.229376,1.731552
1323,traditional,0.080704,1.176576,0.229376,1.486656
1324,traditional,0.082240,1.526784,0.238592,1.847616
1325,traditional,0.088288,1.401856,0.424960,1.915104
1326,traditional,0.083584,1.209344,0.231424,1.524352
1327,traditional,0.079264,1.213440,0.232448,1.525152
1328,traditional,0.081088,1.189888,0.232448,1.503424
1329,traditional,0.083744,1.476608,0.408576,1.968928
1330,traditional,0.084800,1.631232,0.434176,2.150208
1331,traditional,0.080384,1.217536,0.479232,1.777152
1332,traditional,0.086976,1.600512,0.232448,1.919936
1333,traditional,0.081248,1.233920,0.232448,1.547616
1334,traditional,0.080864,1.092608,0.209920,1.383392
1335,traditional,0.085728,1.084416,0.208896,1.379040
1336,traditional,0.076192,1.072128,0.208896,1.357216
1337,traditional,0.072512,1.383424,0.480256,1.936192
1338,traditional,0.078944,1.310720,0.208896,1.598560
1339,traditional,0.073344,1.298432,0.216064,1.587840
1340,traditional,0.087552,1.246208,0.200704,1.534464
1341,traditional,0.069632,1.034240,0.204800,1.308672
1342,traditional,0.079232,1.396736,0.204800,1.680768
1343,traditional,0.069504,1.031168,0.204800,1.305472
1344,traditional,0.071456,1.533952,0.202752,1.808160
1345,traditional,0.237088,1.005568,0.200704,1.443360
1346,traditional,0.073056,1.029120,0.200704,1.302880
1347,traditional,0.074048,1.232896,0.201728,1.508672
1348,traditional,0.069792,1.022976,0.217088,1.309856
1349,traditional,0.070496,1.055744,0.204800,1.331040
1350,traditional,0.077184,1.049600,0.205824,1.332608
1351,traditional,0.072416,1.046528,0.205824,1.324768
1352,traditional,0.072608,1.293312,0.209920,1.575840
1353,traditional,0.070912,1.075200,0.216064,1.362176
1354,traditional,0.071552,1.043456,0.208896,1.323904
1355,traditional,0.076544,1.272832,0.208896,1.558272
1356,traditional,0.082112,1.029120,0.199680,1.310912
1357,traditional,0.068224,1.260544,0.529408,1.858176
1358,traditional,0.076448,1.263616,0.200704,1.540768
1359,traditional,0.075072,1.092608,0.205824,1.373504
1360,traditional,0.069792,1.052672,0.489472,1.611936
1361,traditional,0.069856,1.043456,0.200704,1.314016
1362,traditional,0.072064,1.317888,0.459776,1.849728
1363,traditional,0.074688,1.217536,0.201728,1.493952
1364,traditional,0.069248,1.281024,0.360448,1.710720
1365,traditional,0.078912,1.258496,0.200704,1.538112
1366,traditional,0.074400,1.430528,0.390144,1.895072
1367,traditional,0.075584,1.234944,0.199680,1.510208
1368,traditional,0.069856,1.320960,0.359424,1.750240
1369,traditional,0.080992,1.441792,0.200704,1.723488
1370,traditional,0.070592,1.056768,0.209920,1.337280
1371,traditional,0.090272,1.231872,0.200704,1.522848
1372,traditional,0.078912,1.517568,0.203776,1.800256
1373,traditional,0.069344,1.521664,0.381952,1.972960
1374,traditional,0.070240,1.063936,0.200704,1.334880
1375,traditional,0.071328,1.031168,0.200704,1.303200
1376,traditional,0.078016,1.266688,0.204800,1.549504
1377,traditional,0.074496,1.430528,0.204800,1.709824
1378,traditional,0.087264,1.606656,0.204800,1.898720
1379,traditional,0.073760,1.291264,0.359424,1.724448
1380,traditional,0.071360,1.410048,0.200704,1.682112
1381,traditional,0.086368,1.301504,0.358400,1.746272
1382,traditional,0.070016,1.570816,0.381952,2.022784
1383,traditional,0.068928,1.092608,0.200704,1.362240
1384,traditional,0.080416,1.245184,0.200704,1.526304
1385,traditional,0.071296,1.031168,0.203776,1.306240
1386,traditional,0.069696,1.449984,0.377856,1.897536
1387,traditional,0.126048,1.319936,0.200704,1.646688
1388,traditional,0.069952,1.509376,0.380928,1.960256
1389,traditional,0.071584,1.873920,0.407552,2.353056
1390,traditional,0.132672,2.122752,0.396288,2.651712
1391,traditional,0.139776,1.886208,0.393216,2.419200
1392,traditional,0.090528,1.129472,0.220160,1.440160
1393,traditional,0.087456,1.117184,0.209920,1.414560
1394,traditional,0.083232,1.281024,0.209920,1.574176
1395,traditional,0.072640,1.082368,0.209920,1.364928
1396,traditional,0.090240,1.128448,0.209920,1.428608
1397,traditional,0.079008,1.107968,0.209920,1.396896
1398,traditional,0.075168,1.098752,0.209920,1.383840
1399,traditional,0.078304,1.324032,0.218112,1.620448
1400,traditional,0.077088,1.687552,0.222208,1.986848
1401,traditional,0.077632,1.676288,0.212992,1.966912
1402,traditional,0.077696,1.095680,0.208896,1.382272
1403,traditional,0.080480,1.312768,0.205824,1.599072
1404,traditional,0.076032,1.106944,0.204800,1.387776
1405,traditional,0.080480,1.075200,0.205824,1.361504
1406,traditional,0.076800,1.295360,0.200704,1.572864
1407,traditional,0.072480,1.021952,0.200704,1.295136
1408,traditional,0.069984,1.308672,0.421888,1.800544
1409,traditional,0.070656,1.024000,0.199680,1.294336
1410,traditional,0.081536,1.094656,0.204800,1.380992
1411,traditional,0.072160,1.040384,0.429056,1.541600
1412,traditional,0.092384,1.420288,0.200704,1.713376
1413,traditional,0.069120,1.036288,0.203776,1.309184
1414,traditional,0.079584,1.077248,0.200704,1.357536
1415,traditional,0.078592,1.223680,0.201728,1.504000
1416,traditional,0.081632,1.020928,0.199680,1.302240
1417,traditional,0.072192,1.091584,0.427008,1.590784
1418,traditional,0.126112,2.308096,0.594944,3.029152
1419,traditional,0.349408,2.270208,0.207872,2.827488
1420,traditional,0.073408,1.413120,0.203776,1.690304
1421,traditional,0.070080,1.723392,0.206848,2.000320
1422,traditional,0.074592,1.459200,0.202752,1.736544
1423,traditional,0.075488,1.503232,0.202752,1.781472
1424,traditional,0.074464,1.055744,0.425984,1.556192
1425,traditional,0.075488,1.220608,0.200704,1.496800
1426,traditional,0.070496,1.046528,0.202752,1.319776
1427,traditional,0.074528,1.288192,0.378880,1.741600
1428,traditional,0.074272,1.246208,0.200704,1.521184
1429,traditional,0.075040,1.047552,0.204800,1.327392
1430,traditional,0.081696,1.583104,0.210944,1.875744
1431,traditional,0.073344,1.210368,0.203776,1.487488
1432,traditional,0.074336,1.546240,0.454656,2.075232
1433,traditional,0.075136,1.216512,0.200704,1.492352
1434,traditional,0.076672,1.349632,0.460800,1.887104
1435,traditional,0.072928,1.225728,0.199680,1.498336
1436,traditional,0.075008,1.632256,0.375808,2.083072
1437,traditional,0.125920,2.325504,0.584704,3.036128
1438,traditional,0.504480,1.815552,0.202752,2.522784
1439,traditional,0.083616,1.672192,0.208896,1.964704
1440,traditional,0.075872,1.449984,0.387072,1.912928
1441,traditional,0.115456,2.074624,0.385024,2.575104
1442,traditional,0.136448,2.544640,0.214016,2.895104
1443,traditional,0.100704,1.074176,0.204800,1.379680
1444,traditional,0.071168,1.076224,0.203776,1.351168
1445,traditional,0.130656,2.329600,0.397312,2.857568
1446,traditional,0.131040,2.107392,0.229376,2.467808
1447,traditional,0.087168,1.492992,0.399360,1.979520
1448,traditional,0.084256,1.069056,0.209920,1.363232
1449,traditional,0.070912,1.545216,0.407552,2.023680
1450,traditional,0.080896,1.568768,0.403456,2.053120
1451,traditional,0.072832,1.352704,0.218112,1.643648
1452,traditional,0.090144,1.302528,0.209920,1.602592
1453,traditional,0.071904,1.343488,0.216064,1.631456
1454,traditional,0.077280,1.460224,0.209920,1.747424
1455,traditional,0.072160,1.089536,0.206848,1.368544
1456,traditional,0.071552,1.774592,0.393216,2.239360
1457,traditional,0.131200,1.611776,0.205824,1.948800
1458,traditional,0.072160,1.084416,0.205824,1.362400
1459,traditional,0.071904,2.149376,0.400384,2.621664
1460,traditional,0.154560,2.878464,0.402432,3.435456
1461,traditional,0.130208,1.613824,0.395264,2.139296
1462,traditional,0.083136,1.479680,0.395264,1.958080
1463,traditional,0.078144,1.703936,0.222208,2.004288
1464,traditional,0.080000,1.457152,0.394240,1.931392
1465,traditional,0.072960,1.069056,0.443392,1.585408
1466,traditional,0.077280,1.267712,0.206848,1.551840
1467,traditional,0.071776,1.062912,0.209920,1.344608
1468,traditional,0.076640,1.065984,0.206848,1.349472
1469,traditional,0.073632,1.348608,0.209920,1.632160
1470,traditional,0.083968,1.102848,0.209920,1.396736
1471,traditional,0.076960,1.509376,0.398336,1.984672
1472,traditional,0.078176,1.523712,0.399360,2.001248
1473,traditional,0.076992,1.550336,0.400384,2.027712
1474,traditional,0.076608,1.490944,0.399360,1.966912
1475,traditional,0.077696,1.108992,0.210944,1.397632
1476,traditional,0.072960,1.089536,0.514048,1.676544
1477,traditional,0.081152,1.287168,0.209920,1.578240
1478,traditional,0.072960,1.073152,0.208896,1.355008
1479,traditional,0.077856,1.687552,0.401408,2.166816
1480,traditional,0.075840,1.083392,0.220160,1.379392
1481,traditional,0.071808,1.116160,0.606208,1.794176
1482,traditional,0.074240,1.072128,0.208896,1.355264
1483,traditional,0.075968,1.112064,0.209920,1.397952
1484,traditional,0.085600,1.258496,0.204800,1.548896
1485,traditional,0.071136,1.052672,0.207872,1.331680
1486,traditional,0.076064,1.253376,0.203776,1.533216
1487,traditional,0.075392,1.040384,0.204800,1.320576
1488,traditional,0.079968,1.583104,0.388096,2.051168
1489,traditional,0.075872,1.087488,0.227328,1.390688
1490,traditional,0.078272,1.049600,0.202752,1.330624
1491,traditional,0.151936,2.522112,0.386048,3.060096
1492,traditional,0.128448,2.063360,0.205824,2.397632
1493,traditional,0.071200,1.753088,0.204800,2.029088
1494,traditional,0.071200,1.324032,0.206848,1.602080
1495,traditional,0.071392,1.573888,0.382976,2.028256
1496,traditional,0.072320,1.078272,0.205824,1.356416
1497,traditional,0.068992,1.741824,0.384000,2.194816
1498,traditional,0.131616,1.637376,0.201728,1.970720
1499,traditional,0.075936,1.477632,0.385024,1.938592
1500,traditional,0.076352,1.622016,0.388096,2.086464
1501,traditional,0.139360,2.086912,0.387072,2.613344
1502,traditional,0.126976,1.798144,0.478208,2.403328
1503,traditional,0.082272,1.093632,0.206848,1.382752
1504,traditional,0.072544,1.080320,0.207872,1.360736
1505,traditional,0.084832,1.084416,0.207872,1.377120
1506,traditional,0.072256,1.073152,0.211968,1.357376
1507,traditional,0.071680,1.401856,0.478208,1.951744
1508,traditional,0.073888,1.113088,0.207872,1.394848
1509,traditional,0.076384,1.075200,0.207872,1.359456
1510,traditional,0.076320,1.056768,0.203776,1.336864
1511,traditional,0.073056,1.043456,0.202752,1.319264
1512,traditional,0.070336,1.049600,0.202752,1.322688
1513,traditional,0.078016,1.230848,0.202752,1.511616
1514,traditional,0.075424,1.039360,0.202752,1.317536
1515,traditional,0.073376,1.048576,0.202752,1.324704
1516,traditional,0.076032,1.284096,0.202752,1.562880
1517,traditional,0.071072,1.459200,0.387072,1.917344
1518,traditional,0.075360,1.430528,0.202752,1.708640
1519,traditional,0.069248,1.056768,0.424960,1.550976
1520,traditional,0.075040,1.430528,0.200704,1.706272
1521,traditional,0.069312,1.049600,0.204800,1.323712
1522,traditional,0.073632,1.032192,0.200704,1.306528
1523,traditional,0.127200,1.851392,0.201728,2.180320
1524,traditional,0.070208,1.446912,0.206848,1.723968
1525,traditional,0.077120,1.475584,0.386048,1.938752
1526,traditional,0.076096,1.488896,0.388096,1.953088
1527,traditional,0.084128,1.075200,0.204800,1.364128
1528,traditional,0.083328,1.051648,0.208896,1.343872
1529,traditional,0.129024,2.105344,0.207872,2.442240
1530,traditional,0.075104,1.467392,0.388096,1.930592
1531,traditional,0.075552,1.472512,0.387072,1.935136
1532,traditional,0.076160,1.070080,0.203776,1.350016
1533,traditional,0.073664,1.067008,0.591872,1.732544
1534,traditional,0.082688,1.631232,0.379904,2.093824
1535,traditional,0.126016,2.083840,0.378880,2.588736
1536,traditional,0.072288,1.265664,0.200704,1.538656
1537,traditional,0.071776,1.058816,0.200704,1.331296
1538,traditional,0.098080,1.313792,0.360448,1.772320
1539,traditional,0.069760,1.547264,0.202752,1.819776
1540,traditional,0.087616,1.082368,0.202752,1.372736
1541,traditional,0.069760,1.077248,0.202752,1.349760
1542,traditional,0.135936,2.282496,0.388096,2.806528
1543,traditional,0.131136,1.718272,0.206848,2.056256
1544,traditional,0.072000,1.759232,0.207872,2.039104
1545,traditional,0.075008,1.057792,0.202752,1.335552
1546,traditional,0.070560,1.044480,0.202752,1.317792
1547,traditional,0.083840,1.045504,0.203776,1.333120
1548,traditional,0.076224,1.513472,0.390144,1.979840
1549,traditional,0.076768,1.463296,0.387072,1.927136
1550,traditional,0.076352,1.059840,0.204800,1.340992
1551,traditional,0.074528,1.056768,0.204800,1.336096
1552,traditional,0.131520,2.310144,0.390144,2.831808
1553,traditional,0.128864,2.256896,0.210944,2.596704
1554,traditional,0.082784,1.627136,0.212992,1.922912
1555,traditional,0.075872,1.434624,0.207872,1.718368
1556,traditional,0.078176,1.484800,0.387072,1.950048
1557,traditional,0.076544,1.090560,0.204800,1.371904
1558,traditional,0.074208,1.050624,0.204800,1.329632
1559,traditional,0.074752,1.271808,0.207872,1.554432
1560,traditional,0.071040,1.048576,0.204800,1.324416
1561,traditional,0.075360,1.055744,0.204800,1.335904
1562,traditional,0.088800,1.287168,0.201728,1.577696
1563,traditional,0.070464,1.035264,0.202752,1.308480
1564,traditional,0.086688,1.632256,0.385024,2.103968
1565,traditional,0.073216,1.042432,0.202752,1.318400
1566,traditional,0.076544,1.549312,0.208896,1.834752
1567,traditional,0.074912,1.240064,0.201728,1.516704
1568,traditional,0.074816,1.658880,0.216064,1.949760
1569,traditional,0.082688,1.222656,0.201728,1.507072
1570,traditional,0.073984,2.865152,0.390144,3.329280
1571,traditional,0.133568,1.960960,0.205824,2.300352
1572,traditional,0.080192,1.447936,0.394240,1.922368
1573,traditional,0.074464,1.068032,0.200704,1.343200
1574,traditional,0.128000,2.699264,0.598016,3.425280
1575,traditional,0.129280,1.990656,0.201728,2.321664
1576,traditional,0.070272,1.050624,0.201728,1.322624
1577,traditional,0.079296,1.044480,0.379904,1.503680
1578,traditional,0.069664,1.711104,0.395264,2.176032
1579,traditional,0.124384,1.970176,0.379904,2.474464
1580,traditional,0.157760,2.748416,0.472064,3.378240
1581,traditional,0.154560,2.027520,0.252928,2.435008
1582,traditional,0.090368,1.957888,0.249856,2.298112
1583,traditional,0.090240,1.540096,0.250880,1.881216
1584,traditional,0.085280,1.486848,0.247808,1.819936
1585,traditional,0.083392,1.270784,0.247808,1.601984
1586,traditional,0.093888,1.314816,0.258048,1.666752
1587,traditional,0.090304,1.606656,0.263168,1.960128
1588,traditional,0.092192,1.571840,0.267264,1.931296
1589,traditional,0.091168,2.017280,0.263168,2.371616
1590,traditional,0.091552,2.027520,0.264192,2.383264
1591,traditional,0.100544,2.032640,0.265216,2.398400
1592,traditional,0.092448,1.818624,0.481280,2.392352
1593,traditional,0.097696,2.060288,0.260096,2.418080
1594,traditional,0.108448,1.311744,0.239616,1.659808
1595,traditional,0.081536,1.218560,0.239616,1.539712
1596,traditional,0.087872,1.459200,0.239616,1.786688
1597,traditional,0.088192,1.703936,0.244736,2.036864
1598,traditional,0.087008,2.060288,0.244736,2.392032
1599,traditional,0.099264,1.269760,0.240640,1.609664
1600,traditional,0.089344,1.489920,0.243712,1.822976
1601,traditional,0.081376,1.688576,0.451584,2.221536
1602,traditional,0.081920,1.499136,0.242688,1.823744
1603,traditional,0.082432,1.780736,0.448512,2.311680
1604,traditional,0.084896,1.724416,0.242688,2.052000
1605,traditional,0.271936,1.710080,0.452608,2.434624
1606,traditional,0.081888,1.272832,0.242688,1.597408
1607,traditional,0.090144,1.859584,0.249856,2.199584
1608,traditional,0.086400,1.718272,0.239616,2.044288
1609,traditional,0.081312,1.252352,0.240640,1.574304
1610,traditional,0.087904,1.878016,0.249856,2.215776
1611,traditional,0.086208,1.446912,0.247808,1.780928
1612,traditional,0.082272,1.217536,0.235520,1.535328
1613,traditional,0.081920,1.485824,0.235520,1.803264
1614,traditional,0.082656,1.208320,0.236544,1.527520
1615,traditional,0.080896,1.220608,0.236544,1.538048
1616,traditional,0.086560,1.443840,0.236544,1.766944
1617,traditional,0.081728,1.871872,0.242688,2.196288
1618,traditional,0.331104,1.643520,0.239616,2.214240
1619,traditional,0.085440,1.216512,0.236544,1.538496
1620,traditional,0.102432,1.234944,0.236544,1.573920
1621,traditional,0.087552,1.447936,0.242688,1.778176
1622,traditional,0.089280,1.713152,0.440320,2.242752
1623,traditional,0.086688,1.923072,0.246784,2.256544
1624,traditional,0.089568,1.221632,0.235520,1.546720
1625,traditional,0.087040,1.666048,0.239616,1.992704
1626,traditional,0.080640,1.890304,0.239616,2.210560
1627,traditional,0.085984,1.865728,0.245760,2.197472
1628,traditional,0.085504,1.869824,0.241664,2.196992
1629,traditional,0.088256,1.885184,0.243712,2.217152
1630,traditional,0.089856,1.882112,0.240640,2.212608
1631,traditional,0.086752,1.932288,0.240640,2.259680
1632,traditional,0.103040,1.226752,0.234496,1.564288
1633,traditional,0.085888,1.629184,0.239616,1.954688
1634,traditional,0.085568,1.867776,0.240640,2.193984
1635,traditional,0.086496,1.677312,0.443392,2.207200
1636,traditional,0.085344,1.902592,0.243712,2.231648
1637,traditional,0.337216,1.649664,0.240640,2.227520
1638,traditional,0.082400,1.869824,0.240640,2.192864
1639,traditional,0.084832,1.911808,0.242688,2.239328
1640,traditional,0.333216,1.667072,0.240640,2.240928
1641,traditional,0.081504,1.881088,0.240640,2.203232
1642,traditional,0.086304,1.694720,0.444416,2.225440
1643,traditional,0.087744,1.500160,0.414720,2.002624
1644,traditional,0.081408,1.778688,0.442368,2.302464
1645,traditional,0.086304,1.885184,0.237568,2.209056
1646,traditional,0.096768,1.709056,0.242688,2.048512
1647,traditional,0.088128,1.678336,0.442368,2.208832
1648,traditional,0.086688,1.924096,0.241664,2.252448
1649,traditional,0.087040,1.868800,0.249856,2.205696
1650,traditional,0.089056,1.890304,0.242688,2.222048
1651,traditional,0.087232,1.890304,0.248832,2.226368
1652,traditional,0.089280,1.271808,0.237568,1.598656
1653,traditional,0.081952,1.226752,0.237568,1.546272
1654,traditional,0.086656,1.452032,0.237568,1.776256
1655,traditional,0.082880,1.680384,0.442368,2.205632
1656,traditional,0.088160,1.880064,0.244736,2.212960
1657,traditional,0.087136,1.235968,0.237568,1.560672
1658,traditional,0.082368,1.236992,0.236544,1.555904
1659,traditional,0.085184,1.226752,0.237568,1.549504
1660,traditional,0.092160,1.524736,0.236544,1.853440
1661,traditional,0.082976,1.471488,0.211968,1.766432
1662,traditional,0.073888,1.089536,0.216064,1.379488
1663,traditional,0.077696,1.327104,0.211968,1.616768
1664,traditional,0.084864,1.100800,0.215040,1.400704
1665,traditional,0.077856,1.095680,0.210944,1.384480
1666,traditional,0.078400,1.321984,0.216064,1.616448
1667,traditional,0.073280,1.339392,0.211968,1.624640
1668,traditional,0.086144,1.088512,0.210944,1.385600
1669,traditional,0.078976,1.069056,0.204800,1.352832
1670,traditional,0.071808,1.651712,0.394240,2.117760
1671,traditional,0.079488,1.489920,0.392192,1.961600
1672,traditional,0.077344,1.055744,0.204800,1.337888
1673,traditional,0.070272,1.641472,0.214016,1.925760
1674,traditional,0.076672,1.245184,0.448512,1.770368
1675,traditional,0.077856,1.579008,0.391168,2.048032
1676,traditional,0.071968,1.051648,0.204800,1.328416
1677,traditional,0.071456,1.136640,0.604160,1.812256
1678,traditional,0.072288,1.050624,0.204800,1.327712
1679,traditional,0.073504,1.711104,0.216064,2.000672
1680,traditional,0.075968,1.060864,0.205824,1.342656
1681,traditional,0.077056,1.079296,0.201728,1.358080
1682,traditional,0.075520,1.041408,0.200704,1.317632
1683,traditional,0.074528,1.060864,0.201728,1.337120
1684,traditional,0.071008,1.440768,0.205824,1.717600
1685,traditional,0.069600,1.049600,0.200704,1.319904
1686,traditional,0.069792,1.468416,0.382976,1.921184
1687,traditional,0.075200,1.228800,0.200704,1.504704
1688,traditional,0.070208,1.043456,0.204800,1.318464
1689,traditional,0.069504,1.019904,0.200704,1.290112
1690,traditional,0.072256,1.029120,0.200704,1.302080
1691,traditional,0.068672,1.063936,0.201728,1.334336
1692,traditional,0.079264,1.058816,0.200704,1.338784
1693,traditional,0.070144,1.034240,0.199680,1.304064
1694,traditional,0.069376,1.021952,0.199680,1.291008
1695,traditional,0.071776,1.302528,0.200704,1.575008
1696,traditional,0.073952,1.024000,0.200704,1.298656
1697,traditional,0.075232,1.061888,0.200704,1.337824
1698,traditional,0.096224,1.288192,0.359424,1.743840
1699,traditional,0.074080,1.458176,0.378880,1.911136
1700,traditional,0.074976,1.094656,0.200704,1.370336
1701,traditional,0.069088,1.026048,0.483328,1.578464
1702,traditional,0.075296,1.435648,0.378880,1.889824
1703,traditional,0.070272,1.037312,0.200704,1.308288
1704,traditional,0.077984,1.105920,0.199680,1.383584
1705,traditional,0.074528,1.422336,0.204800,1.701664
1706,traditional,0.071648,1.413120,0.206848,1.691616
1707,traditional,0.074048,1.056768,0.438272,1.569088
1708,traditional,0.075136,1.272832,0.202752,1.550720
1709,traditional,0.085472,1.465344,0.400384,1.951200
1710,traditional,0.070048,1.448960,0.202752,1.721760
1711,traditional,0.077600,1.084416,0.200704,1.362720
1712,traditional,0.069152,1.038336,0.199680,1.307168
1713,traditional,0.128640,2.245632,0.384000,2.758272
1714,traditional,0.128320,2.118656,0.210944,2.457920
1715,traditional,0.075616,1.451008,0.202752,1.729376
1716,traditional,0.088224,1.029120,0.199680,1.317024
1717,traditional,0.079104,1.331200,0.481280,1.891584
1718,traditional,0.075360,1.282048,0.199680,1.557088
1719,traditional,0.069856,1.025024,0.199680,1.294560
1720,traditional,0.076288,1.243136,0.200704,1.520128
1721,traditional,0.069184,1.449984,0.202752,1.721920
1722,traditional,0.070368,1.049600,0.205824,1.325792
1723,traditional,0.080768,1.593344,0.209920,1.884032
1724,traditional,0.074432,1.053696,0.442368,1.570496
1725,traditional,0.083520,1.512448,0.379904,1.975872
1726,traditional,0.129632,2.326528,0.390144,2.846304
1727,traditional,0.491200,2.532352,0.384000,3.407552
1728,traditional,0.129600,2.026496,0.311296,2.467392
1729,traditional,0.070432,1.029120,0.201728,1.301280
1730,traditional,0.072576,1.228800,0.201728,1.503104
1731,traditional,0.070304,1.031168,0.204800,1.306272
1732,traditional,0.075072,1.657856,0.210944,1.943872
1733,traditional,0.070432,1.224704,0.201728,1.496864
1734,traditional,0.070272,1.369088,0.428032,1.867392
1735,traditional,0.127488,2.355200,0.588800,3.071488
1736,traditional,0.128672,1.673216,0.387072,2.188960
1737,traditional,0.074432,1.445888,0.385024,1.905344
1738,traditional,0.075872,1.461248,0.385024,1.922144
1739,traditional,0.070592,1.297408,0.362496,1.730496
1740,traditional,0.100384,1.462272,0.382976,1.945632
1741,traditional,0.071072,1.062912,0.202752,1.336736
1742,traditional,0.071488,1.052672,0.202752,1.326912
1743,traditional,0.127904,1.843200,0.201728,2.172832
1744,traditional,0.070624,1.032192,0.202752,1.305568
1745,traditional,0.073344,1.349632,0.462848,1.885824
1746,traditional,0.080096,1.240064,0.206848,1.527008
1747,traditional,0.076032,1.038336,0.202752,1.317120
1748,traditional,0.071488,1.029120,0.201728,1.302336
1749,traditional,0.081440,1.595392,0.420864,2.097696
1750,traditional,0.083712,1.831936,0.232448,2.148096
1751,traditional,0.093248,1.833984,0.227328,2.154560
1752,traditional,0.080928,1.583104,0.420864,2.084896
1753,traditional,0.085728,1.817600,0.228352,2.131680
1754,traditional,0.083456,1.164288,0.228352,1.476096
1755,traditional,0.075904,1.156096,0.222208,1.454208
1756,traditional,0.076864,1.156096,0.223232,1.456192
1757,traditional,0.078336,1.399808,0.223232,1.701376
1758,traditional,0.076864,1.773568,0.233472,2.083904
1759,traditional,0.083776,1.814528,0.229376,2.127680
1760,traditional,0.086560,1.593344,0.423936,2.103840
1761,traditional,0.078432,1.173504,0.224256,1.476192
1762,traditional,0.078368,1.172480,0.225280,1.476128
1763,traditional,0.080640,1.390592,0.225280,1.696512
1764,traditional,0.106336,1.845248,0.230400,2.181984
1765,traditional,0.082944,1.611776,0.440320,2.135040
1766,traditional,0.084000,1.537024,0.402432,2.023456
1767,traditional,0.084512,1.604608,0.231424,1.920544
1768,traditional,0.079264,1.807360,0.232448,2.119072
1769,traditional,0.089184,1.615872,0.425984,2.131040
1770,traditional,0.085600,1.180672,0.225280,1.491552
1771,traditional,0.078112,1.166336,0.226304,1.470752
1772,traditional,0.091424,1.382400,0.227328,1.701152
1773,traditional,0.078144,1.231872,0.229376,1.539392
1774,traditional,0.079328,1.173504,0.226304,1.479136
1775,traditional,0.078624,1.650688,0.227328,1.956640
1776,traditional,0.084704,1.569792,0.224256,1.878752
1777,traditional,0.078304,1.449984,0.228352,1.756640
1778,traditional,0.083680,1.572864,0.225280,1.881824
1779,traditional,0.077696,1.629184,0.226304,1.933184
1780,traditional,0.082688,1.404928,0.225280,1.712896
1781,traditional,0.077024,1.192960,0.224256,1.494240
1782,traditional,0.083488,1.501184,0.241664,1.826336
1783,traditional,0.085568,1.171456,0.232448,1.489472
1784,traditional,0.080416,1.200128,0.232448,1.512992
1785,traditional,0.087040,1.430528,0.232448,1.750016
1786,traditional,0.079968,1.245184,0.231424,1.556576
1787,traditional,0.080512,1.656832,0.236544,1.973888
1788,traditional,0.080256,1.186816,0.232448,1.499520
1789,traditional,0.083040,1.187840,0.235520,1.506400
1790,traditional,0.080160,1.514496,0.232448,1.827104
1791,traditional,0.090944,1.739776,0.431104,2.261824
1792,traditional,0.081056,1.178624,0.223232,1.482912
1793,traditional,0.077248,1.192960,0.228352,1.498560
1794,traditional,0.084096,1.398784,0.228352,1.711232
1795,traditional,0.077568,1.162240,0.227328,1.467136
1796,traditional,0.078848,1.160192,0.228352,1.467392
1797,traditional,0.085120,1.412096,0.234496,1.731712
1798,traditional,0.095040,1.605632,0.431104,2.131776
1799,traditional,0.080224,1.242112,0.228352,1.550688
1800,traditional,0.079040,1.486848,0.516096,2.081984
1801,traditional,0.082432,1.380352,0.231424,1.694208
1802,traditional,0.082240,1.175552,0.228352,1.486144
1803,traditional,0.082496,1.401856,0.226304,1.710656
1804,traditional,0.080864,1.778688,0.224256,2.083808
1805,traditional,0.081760,1.567744,0.420864,2.070368
1806,traditional,0.094496,1.219584,0.477184,1.791264
1807,traditional,0.082016,1.372160,0.225280,1.679456
1808,traditional,0.087968,1.567744,0.424960,2.080672
1809,traditional,0.082304,1.577984,0.422912,2.083200
1810,traditional,0.076704,1.155072,0.222208,1.453984
1811,traditional,0.076672,1.139712,0.222208,1.438592
1812,traditional,0.085728,1.385472,0.225280,1.696480
1813,traditional,0.080320,1.134592,0.225280,1.440192
1814,traditional,0.080640,1.140736,0.528384,1.749760
1815,traditional,0.084640,1.361920,0.224256,1.670816
1816,traditional,0.079648,1.427456,0.227328,1.734432
1817,traditional,0.082816,1.378304,0.226304,1.687424
1818,traditional,0.081632,1.165312,0.225280,1.472224
1819,traditional,0.077344,1.362944,0.232448,1.672736
1820,traditional,0.078016,1.357824,0.224256,1.660096
1821,traditional,0.089504,1.168384,0.225280,1.483168
1822,traditional,0.081952,1.120256,0.224256,1.426464
1823,traditional,0.083360,1.139712,0.227328,1.450400
1824,traditional,0.090432,1.484800,0.224256,1.799488
1825,traditional,0.077504,1.402880,0.233472,1.713856
1826,traditional,0.083392,1.354752,0.224256,1.662400
1827,traditional,0.082240,1.155072,0.228352,1.465664
1828,traditional,0.083104,1.363968,0.224256,1.671328
1829,traditional,0.077088,1.165312,0.228352,1.470752
1830,traditional,0.078144,1.155072,0.224256,1.457472
1831,traditional,0.085024,1.352704,0.206848,1.644576
1832,traditional,0.072032,1.049600,0.210944,1.332576
1833,traditional,0.071968,1.083392,0.206848,1.362208
1834,traditional,0.072160,1.269760,0.205824,1.547744
1835,traditional,0.073728,1.033216,0.215040,1.321984
1836,traditional,0.076928,1.565696,0.209920,1.852544
1837,traditional,0.076160,1.243136,0.203776,1.523072
1838,traditional,0.071520,1.064960,0.610304,1.746784
1839,traditional,0.076864,1.235968,0.203776,1.516608
1840,traditional,0.087904,1.659904,0.391168,2.138976
1841,traditional,0.074784,1.033216,0.203776,1.311776
1842,traditional,0.075232,1.668096,0.211968,1.955296
1843,traditional,0.085856,1.241088,0.203776,1.530720
1844,traditional,0.071488,1.074176,0.204800,1.350464
1845,traditional,0.071936,1.016832,0.200704,1.289472
1846,traditional,0.070080,1.457152,0.380928,1.908160
1847,traditional,0.071168,1.022976,0.199680,1.293824
1848,traditional,0.072448,1.050624,0.209920,1.332992
1849,traditional,0.073600,1.048576,0.200704,1.322880
1850,traditional,0.069984,1.060864,0.199680,1.330528
1851,traditional,0.072064,1.202176,0.200704,1.474944
1852,traditional,0.072672,1.012736,0.201728,1.287136
1853,traditional,0.070944,1.543168,0.204800,1.818912
1854,traditional,0.084992,1.024000,0.201728,1.310720
1855,traditional,0.078624,1.648640,0.387072,2.114336
1856,traditional,0.071648,1.021952,0.201728,1.295328
1857,traditional,0.075424,1.070080,0.202752,1.348256
1858,traditional,0.073024,1.226752,0.201728,1.501504
1859,traditional,0.079328,1.443840,0.356352,1.879520
1860,traditional,0.077184,1.451008,0.379904,1.908096
1861,traditional,0.071200,1.058816,0.199680,1.329696
1862,traditional,0.070496,1.027072,0.199680,1.297248
1863,traditional,0.075104,1.041408,0.200704,1.317216
1864,traditional,0.070432,1.027072,0.212992,1.310496
1865,traditional,0.077728,1.223680,0.200704,1.502112
1866,traditional,0.069024,1.025024,0.200704,1.294752
1867,traditional,0.075136,1.083392,0.199680,1.358208
1868,traditional,0.071168,1.029120,0.203776,1.304064
1869,traditional,0.069152,1.073152,0.199680,1.341984
1870,traditional,0.071616,1.054720,0.200704,1.327040
1871,traditional,0.083488,1.278976,0.204800,1.567264
1872,traditional,0.079232,1.392640,0.206848,1.678720
1873,traditional,0.073696,1.426432,0.380928,1.881056
1874,traditional,0.074080,1.451008,0.379904,1.904992
1875,traditional,0.072864,1.085440,0.202752,1.361056
1876,traditional,0.071232,1.028096,0.199680,1.299008
1877,traditional,0.070592,1.020928,0.200704,1.292224
1878,traditional,0.069600,1.020928,0.485376,1.575904
1879,traditional,0.075872,1.217536,0.200704,1.494112
1880,traditional,0.070464,1.047552,0.203776,1.321792
1881,traditional,0.069792,1.051648,0.200704,1.322144
1882,traditional,0.073856,1.247232,0.200704,1.521792
1883,traditional,0.069920,1.302528,0.365568,1.738016
1884,traditional,0.071136,1.455104,0.204800,1.731040
1885,traditional,0.075136,1.064960,0.205824,1.345920
1886,traditional,0.075200,1.236992,0.204800,1.516992
1887,traditional,0.074016,1.044480,0.205824,1.324320
1888,traditional,0.073056,1.049600,0.205824,1.328480
1889,traditional,0.128064,1.561600,0.200704,1.890368
1890,traditional,0.069856,1.429504,0.205824,1.705184
1891,traditional,0.083264,1.068032,0.428032,1.579328
1892,traditional,0.074528,1.392640,0.201728,1.668896
1893,traditional,0.069152,1.037312,0.445440,1.551904
1894,traditional,0.084608,1.553408,0.206848,1.844864
1895,traditional,0.138912,2.267136,0.379904,2.785952
1896,traditional,0.125984,2.433024,0.209920,2.768928
1897,traditional,0.075328,1.222656,0.202752,1.500736
1898,traditional,0.070784,1.027072,0.199680,1.297536
1899,traditional,0.128768,2.259968,0.395264,2.784000
1900,traditional,0.128800,1.507328,0.199680,1.835808
1901,traditional,0.068960,1.026048,0.200704,1.295712
1902,traditional,0.129408,2.270208,0.240640,2.640256
1903,traditional,0.071328,1.425408,0.207872,1.704608
1904,traditional,0.078656,1.282048,0.200704,1.561408
1905,traditional,0.069984,1.416192,0.205824,1.692000
1906,traditional,0.079424,1.045504,0.205824,1.330752
1907,traditional,0.084032,1.065984,0.199680,1.349696
1908,traditional,0.074336,1.409024,0.203776,1.687136
1909,traditional,0.072256,1.034240,0.200704,1.307200
1910,traditional,0.070592,1.022976,0.437248,1.530816
1911,traditional,0.077888,1.672192,0.384000,2.134080
1912,traditional,0.129696,2.795520,0.384000,3.309216
1913,traditional,0.125408,1.695744,0.379904,2.201056
1914,traditional,0.076288,1.487872,0.378880,1.943040
1915,traditional,0.069920,1.482752,0.622592,2.175264
1916,traditional,0.145248,2.795520,0.389120,3.329888
1917,traditional,0.134336,1.754112,0.382976,2.271424
1918,traditional,0.079584,1.043456,0.199680,1.322720
1919,traditional,0.073536,1.341440,0.474112,1.889088
1920,traditional,0.130528,2.247680,0.382976,2.761184
1921,traditional,0.069824,1.105920,0.211968,1.387712
1922,traditional,0.075424,1.505280,0.217088,1.797792
1923,traditional,0.091232,1.095680,0.226304,1.413216
1924,traditional,0.073696,1.730560,0.221184,2.025440
1925,traditional,0.074944,1.497088,0.228352,1.800384
1926,traditional,0.080512,1.551360,0.406528,2.038400
1927,traditional,0.076928,1.713152,0.215040,2.005120
1928,traditional,0.080064,1.107968,0.210944,1.398976
1929,traditional,0.074112,1.399808,0.484352,1.958272
1930,traditional,0.079616,1.318912,0.210944,1.609472
1931,traditional,0.072960,1.110016,0.210944,1.393920
1932,traditional,0.132224,2.102272,0.398336,2.632832
1933,traditional,0.134912,2.279424,0.215040,2.629376
1934,traditional,0.073856,1.524736,0.209920,1.808512
1935,traditional,0.085216,1.501184,0.399360,1.985760
1936,traditional,0.072992,1.086464,0.212992,1.372448
1937,traditional,0.072640,1.078272,0.207872,1.358784
1938,traditional,0.131808,2.028544,0.206848,2.367200
1939,traditional,0.071072,1.073152,0.206848,1.351072
1940,traditional,0.072224,1.070080,0.206848,1.349152
1941,traditional,0.075552,1.288192,0.205824,1.569568
1942,traditional,0.071360,1.475584,0.398336,1.945280
1943,traditional,0.075904,1.116160,0.453632,1.645696
1944,traditional,0.089056,1.459200,0.206848,1.755104
1945,traditional,0.076608,1.064960,0.205824,1.347392
1946,traditional,0.081856,1.033216,0.204800,1.319872
1947,traditional,0.130944,1.974272,0.202752,2.307968
1948,traditional,0.098304,1.419264,0.202752,1.720320
1949,traditional,0.070400,1.616896,0.203776,1.891072
1950,traditional,0.076448,1.449984,0.382976,1.909408
1951,traditional,0.070016,1.091584,0.442368,1.603968
1952,traditional,0.080800,1.497088,0.382976,1.960864
1953,traditional,0.129696,2.056192,0.382976,2.568864
1954,traditional,0.127520,1.955840,0.200704,2.284064
1955,traditional,0.077696,1.242112,0.201728,1.521536
1956,traditional,0.070496,1.465344,0.218112,1.753952
1957,traditional,0.078720,1.257472,0.201728,1.537920
1958,traditional,0.080896,1.042432,0.204800,1.328128
1959,traditional,0.129728,3.003392,0.386048,3.519168
1960,traditional,0.126304,1.993728,0.201728,2.321760
1961,traditional,0.070336,1.033216,0.205824,1.309376
1962,traditional,0.070720,1.027072,0.200704,1.298496
1963,traditional,0.133664,2.854912,0.394240,3.382816
1964,traditional,0.139968,1.562624,0.212992,1.915584
1965,traditional,0.089376,1.330176,0.215040,1.634592
1966,traditional,0.074432,2.061312,0.396288,2.532032
1967,traditional,0.140704,2.834432,0.394240,3.369376
1968,traditional,0.132480,1.616896,0.403456,2.152832
1969,traditional,0.078048,1.447936,0.210944,1.736928
1970,traditional,0.091872,1.500160,0.410624,2.002656
1971,traditional,0.078368,1.523712,0.399360,2.001440
1972,traditional,0.081440,1.512448,0.474112,2.068000
1973,traditional,0.443200,2.615296,0.399360,3.457856
1974,traditional,0.430336,1.831936,0.214016,2.476288
1975,traditional,0.085376,1.671168,0.215040,1.971584
1976,traditional,0.080864,1.482752,0.216064,1.779680
1977,traditional,0.103712,1.499136,0.398336,2.001184
1978,traditional,0.082048,1.511424,0.410624,2.004096
1979,traditional,0.102432,1.498112,0.399360,1.999904
1980,traditional,0.081440,1.508352,0.401408,1.991200
1981,traditional,0.073088,1.822720,0.401408,2.297216
1982,traditional,0.131008,2.900992,0.400384,3.432384
1983,traditional,0.132864,1.141760,0.210944,1.485568
1984,traditional,0.076928,1.670144,0.218112,1.965184
1985,traditional,0.079168,1.632256,0.407552,2.118976
1986,traditional,0.077248,1.915904,0.257024,2.250176
1987,traditional,0.099008,1.971200,0.249856,2.320064
1988,traditional,0.092256,1.713152,0.253952,2.059360
1989,traditional,0.084864,2.069504,0.252928,2.407296
1990,traditional,0.091776,1.931264,0.248832,2.271872
1991,traditional,0.084352,1.551360,0.431104,2.066816
1992,traditional,0.084096,2.058240,0.248832,2.391168
1993,traditional,0.085792,1.603584,0.249856,1.939232
1994,traditional,0.090208,1.501184,0.246784,1.838176
1995,traditional,0.084224,1.763328,0.457728,2.305280
1996,traditional,0.090336,1.980416,0.251904,2.322656
1997,traditional,0.090560,1.928192,0.259072,2.277824
1998,traditional,0.093568,1.926144,0.249856,2.269568
1999,traditional,0.089728,1.943552,0.251904,2.285184
2000,traditional,0.322400,1.733632,0.249856,2.305888
2001,traditional,0.083520,1.741824,0.459776,2.285120
2002,traditional,0.099328,1.949696,0.250880,2.299904
2003,traditional,0.089984,1.960960,0.248832,2.299776
2004,traditional,0.087776,2.015232,0.252928,2.355936
2005,traditional,0.100160,1.778688,0.458752,2.337600
2006,traditional,0.093728,1.298432,0.245760,1.637920
2007,traditional,0.096832,1.607680,0.259072,1.963584
2008,traditional,0.091584,1.513472,0.246784,1.851840
2009,traditional,0.085920,2.014208,0.247808,2.347936
2010,traditional,0.089088,1.951744,0.257024,2.297856
2011,traditional,0.111520,1.567744,0.431104,2.110368
2012,traditional,0.090304,1.531904,0.249856,1.872064
2013,traditional,0.093216,1.752064,0.465920,2.311200
2014,traditional,0.088832,1.536000,0.249856,1.874688
2015,traditional,0.084608,1.268736,0.246784,1.600128
2016,traditional,0.094272,1.612800,0.259072,1.966144
2017,traditional,0.099776,1.727488,0.252928,2.080192
2018,traditional,0.088800,1.730560,0.461824,2.281184
2019,traditional,0.093184,1.942528,0.262144,2.297856
2020,traditional,0.117536,1.314816,0.246784,1.679136
2021,traditional,0.094816,1.935360,0.252928,2.283104
2022,traditional,0.093088,1.927168,0.253952,2.274208
2023,traditional,0.083680,1.303552,0.246784,1.634016
2024,traditional,0.086272,1.635328,0.259072,1.980672
2025,traditional,0.084288,1.727488,0.248832,2.060608
2026,traditional,0.095808,1.270784,0.245760,1.612352
2027,traditional,0.083552,1.263616,0.245760,1.592928
2028,traditional,0.083904,1.273856,0.245760,1.603520
2029,traditional,0.095456,1.308672,0.241664,1.645792
2030,traditional,0.083296,1.268736,0.241664,1.593696
2031,traditional,0.085696,1.492992,0.242688,1.821376
2032,traditional,0.085216,1.283072,0.245760,1.614048
2033,traditional,0.090720,1.931264,0.248832,2.270816
2034,traditional,0.092416,1.287168,0.505856,1.885440
2035,traditional,0.083456,1.823744,0.246784,2.153984
2036,traditional,0.093600,1.490944,0.508928,2.093472
2037,traditional,0.083648,1.854464,0.246784,2.184896
2038,traditional,0.083104,1.496064,0.245760,1.824928
2039,traditional,0.087424,1.248256,0.241664,1.577344
2040,traditional,0.088704,1.468416,0.242688,1.799808
2041,traditional,0.082816,1.233920,0.235520,1.552256
2042,traditional,0.084768,2.080768,0.260096,2.425632
2043,traditional,0.087168,1.427456,0.239616,1.754240
2044,traditional,0.358368,1.806336,0.242688,2.407392
2045,traditional,0.089280,1.228800,0.244736,1.562816
2046,traditional,0.085856,1.861632,0.244736,2.192224
2047,traditional,0.081280,1.419264,0.237568,1.738112
2048,traditional,0.082304,1.217536,0.233472,1.533312
2049,traditional,0.080960,1.221632,0.237568,1.540160
2050,traditional,0.084512,1.239040,0.234496,1.558048
2051,traditional,0.091008,1.201152,0.233472,1.525632
2052,traditional,0.092256,1.479680,0.242688,1.814624
2053,traditional,0.081792,1.252352,0.242688,1.576832
2054,traditional,0.082848,1.319936,0.564224,1.967008
2055,traditional,0.083360,1.306624,0.244736,1.634720
2056,traditional,0.091872,1.686528,0.244736,2.023136
2057,traditional,0.083040,1.273856,0.509952,1.866848
2058,traditional,0.092896,1.619968,0.229376,1.942240
2059,traditional,0.079872,1.200128,0.229376,1.509376
2060,traditional,0.078944,1.199104,0.229376,1.507424
2061,traditional,0.084192,1.388544,0.230400,1.703136
2062,traditional,0.082848,1.472512,0.403456,1.958816
2063,traditional,0.079424,1.742848,0.431104,2.253376
2064,traditional,0.081120,1.235968,0.229376,1.546464
2065,traditional,0.082080,1.178624,0.229376,1.490080
2066,traditional,0.088768,1.116160,0.208896,1.413824
2067,traditional,0.073024,1.506304,0.397312,1.976640
2068,traditional,0.073440,1.094656,0.207872,1.375968
2069,traditional,0.077984,1.282048,0.208896,1.568928
2070,traditional,0.072640,1.092608,0.211968,1.377216
2071,traditional,0.071520,1.103872,0.207872,1.383264
2072,traditional,0.078144,1.300480,0.208896,1.587520
2073,traditional,0.088832,1.107968,0.200704,1.397504
2074,traditional,0.076160,1.064960,0.200704,1.341824
2075,traditional,0.079808,1.240064,0.200704,1.520576
2076,traditional,0.071520,1.486848,0.384000,1.942368
2077,traditional,0.071648,1.221632,0.200704,1.493984
2078,traditional,0.070176,1.459200,0.202752,1.732128
2079,traditional,0.077920,1.025024,0.200704,1.303648
2080,traditional,0.069856,1.371136,0.461824,1.902816
2081,traditional,0.075776,1.245184,0.200704,1.521664
2082,traditional,0.077536,1.056768,0.199680,1.333984
2083,traditional,0.069216,1.036288,0.200704,1.306208
2084,traditional,0.072384,1.034240,0.199680,1.306304
2085,traditional,0.075552,1.050624,0.201728,1.327904
2086,traditional,0.073312,1.040384,0.203776,1.317472
2087,traditional,0.068512,1.032192,0.200704,1.301408
2088,traditional,0.070528,1.352704,0.470016,1.893248
2089,traditional,0.075168,1.231872,0.372736,1.679776
2090,traditional,0.069216,1.051648,0.200704,1.321568
2091,traditional,0.072512,1.065984,0.200704,1.339200
2092,traditional,0.072608,1.078272,0.200704,1.351584
2093,traditional,0.069248,1.375232,0.460800,1.905280
2094,traditional,0.074944,1.235968,0.200704,1.511616
2095,traditional,0.068608,1.062912,0.200704,1.332224
2096,traditional,0.075456,1.020928,0.199680,1.296064
2097,traditional,0.075232,1.235968,0.204800,1.516000
2098,traditional,0.084032,1.049600,0.207872,1.341504
2099,traditional,0.071616,1.022976,0.199680,1.294272
2100,traditional,0.074912,1.228800,0.200704,1.504416
