frame,renderPath,shadowMs,sceneMs,postProcessMs,frameMs
1,traditional,0.078944,1.143808,0.222208,1.444960
2,traditional,0.079008,1.160192,0.223232,1.462432
3,traditional,0.080064,1.141760,0.222208,1.444032
4,traditional,0.082272,1.141760,0.222208,1.446240
5,traditional,0.078368,1.386496,0.497664,1.962528
6,traditional,0.081248,1.149952,0.222208,1.453408
7,traditional,0.077696,1.158144,0.222208,1.458048
8,traditional,0.086048,1.141760,0.221184,1.448992
9,traditional,0.081856,1.129472,0.221184,1.432512
10,traditional,0.089088,1.189888,0.221184,1.500160
11,traditional,0.087392,1.136640,0.222208,1.446240
12,traditional,0.077824,1.138688,0.221184,1.437696
13,traditional,0.075776,1.175552,0.220160,1.471488
14,traditional,0.075776,1.130496,0.220160,1.426432
15,traditional,0.081952,1.133568,0.220160,1.435680
16,traditional,0.077440,1.123328,0.221184,1.421952
17,traditional,0.076960,1.129472,0.222208,1.428640
18,traditional,0.077088,1.131520,0.225280,1.433888
19,traditional,0.076992,1.147904,0.221184,1.446080
20,traditional,0.096192,1.699840,0.497664,2.293696
21,traditional,0.077472,1.386496,0.478208,1.942176
22,traditional,0.080704,1.693696,0.418816,2.193216
23,traditional,0.077792,1.173504,0.224256,1.475552
24,traditional,0.075456,1.132544,0.221184,1.429184
25,traditional,0.082048,1.387520,0.221184,1.690752
26,traditional,0.076736,1.162240,0.236544,1.475520
27,traditional,0.087584,1.139712,0.221184,1.448480
28,traditional,0.081312,1.359872,0.221184,1.662368
29,traditional,0.078048,1.359872,0.221184,1.659104
30,traditional,0.077888,1.164288,0.230400,1.472576
31,traditional,0.080064,1.780736,0.229376,2.090176
32,traditional,0.080352,1.343488,0.225280,1.649120
33,traditional,0.075936,1.132544,0.221184,1.429664
34,traditional,0.078528,1.139712,0.224256,1.442496
35,traditional,0.081600,1.175552,0.220160,1.477312
36,traditional,0.076288,1.558528,0.419840,2.054656
37,traditional,0.085472,1.161216,0.220160,1.466848
38,traditional,0.076640,1.144832,0.232448,1.453920
39,traditional,0.096864,1.148928,0.223232,1.469024
40,traditional,0.076416,1.587200,0.416768,2.080384
41,traditional,0.077600,1.575936,0.418816,2.072352
42,traditional,0.081504,1.600512,0.418816,2.100832
43,traditional,0.081280,1.783808,0.232448,2.097536
44,traditional,0.081312,1.187840,0.221184,1.490336
45,traditional,0.080256,1.356800,0.228352,1.665408
46,traditional,0.093024,1.563648,0.225280,1.881952
47,traditional,0.089408,1.751040,0.226304,2.066752
48,traditional,0.086112,1.155072,0.221184,1.462368
49,traditional,0.076064,1.551360,0.413696,2.041120
50,traditional,0.080480,1.156096,0.222208,1.458784
51,traditional,0.079488,1.140736,0.220160,1.440384
52,traditional,0.077696,1.167360,0.225280,1.470336
53,traditional,0.082880,1.158144,0.221184,1.462208
54,traditional,0.079488,1.163264,0.221184,1.463936
55,traditional,0.088000,1.568768,0.421888,2.078656
56,traditional,0.084224,1.558528,0.418816,2.061568
57,traditional,0.091616,1.780736,0.227328,2.099680
58,traditional,0.076768,1.166336,0.225280,1.468384
59,traditional,0.090304,1.142784,0.230400,1.463488
60,traditional,0.081792,1.353728,0.221184,1.656704
61,traditional,0.076512,1.612800,0.223232,1.912544
62,traditional,0.080416,1.583104,0.417792,2.081312
63,traditional,0.077184,1.596416,0.228352,1.901952
64,traditional,0.085056,1.187840,0.209920,1.482816
65,traditional,0.073120,1.104896,0.209920,1.387936
66,traditional,0.077856,1.328128,0.209920,1.615904
67,traditional,0.072512,1.074176,0.210944,1.357632
68,traditional,0.073184,1.126400,0.210944,1.410528
69,traditional,0.078048,1.287168,0.211968,1.577184
70,traditional,0.072704,1.117184,0.215040,1.404928
71,traditional,0.086208,1.374208,0.398336,1.858752
72,traditional,0.075840,1.090560,0.219136,1.385536
73,traditional,0.072192,1.079296,0.210944,1.362432
74,traditional,0.074240,1.303552,0.210944,1.588736
75,traditional,0.072768,1.072128,0.209920,1.354816
76,traditional,0.075616,1.104896,0.210944,1.391456
77,traditional,0.079136,1.308672,0.211968,1.599776
78,traditional,0.072960,1.079296,0.216064,1.368320
79,traditional,0.072384,1.742848,0.220160,2.035392
80,traditional,0.075488,1.562624,0.402432,2.040544
81,traditional,0.078464,1.544192,0.401408,2.024064
82,traditional,0.075008,1.409024,0.216064,1.700096
83,traditional,0.083488,1.498112,0.211968,1.793568
84,traditional,0.073216,1.107968,0.215040,1.396224
85,traditional,0.083648,1.113088,0.209920,1.406656
86,traditional,0.074560,1.293312,0.215040,1.582912
87,traditional,0.076416,1.499136,0.398336,1.973888
88,traditional,0.077664,1.519616,0.400384,1.997664
89,traditional,0.085280,1.105920,0.210944,1.402144
90,traditional,0.074656,1.071104,0.209920,1.355680
91,traditional,0.079232,1.297408,0.222208,1.598848
92,traditional,0.072864,1.546240,0.212992,1.832096
93,traditional,0.076672,1.088512,0.209920,1.375104
94,traditional,0.079136,1.089536,0.222208,1.390880
95,traditional,0.074368,1.728512,0.219136,2.022016
96,traditional,0.076672,1.611776,0.402432,2.090880
97,traditional,0.073152,1.071104,0.211968,1.356224
98,traditional,0.088096,1.128448,0.527360,1.743904
99,traditional,0.073600,1.313792,0.210944,1.598336
100,traditional,0.079744,1.615872,0.484352,2.179968
101,traditional,0.077888,1.096704,0.209920,1.384512
102,traditional,0.072992,1.089536,0.518144,1.680672
103,traditional,0.080800,1.455104,0.210944,1.746848
104,traditional,0.072960,1.068032,0.209920,1.350912
105,traditional,0.077600,1.096704,0.516096,1.690400
106,traditional,0.076864,1.120256,0.457728,1.654848
107,traditional,0.074016,1.628160,0.402432,2.104608
108,traditional,0.073376,1.081344,0.209920,1.364640
109,traditional,0.076544,1.092608,0.209920,1.379072
110,traditional,0.081728,1.518592,0.400384,2.000704
111,traditional,0.081184,1.546240,0.408576,2.036000
112,traditional,0.077216,1.152000,0.210944,1.440160
113,traditional,0.085568,1.074176,0.209920,1.369664
114,traditional,0.078080,1.311744,0.210944,1.600768
115,traditional,0.075040,1.486848,0.403456,1.965344
116,traditional,0.076736,1.095680,0.214016,1.386432
117,traditional,0.077248,1.288192,0.209920,1.575360
118,traditional,0.072736,1.392640,0.376832,1.842208
119,traditional,0.072160,1.616896,0.402432,2.091488
120,traditional,0.076928,1.122304,0.216064,1.415296
121,traditional,0.072384,1.704960,0.220160,1.997504
122,traditional,0.078592,1.308672,0.458752,1.846016
123,traditional,0.072576,1.642496,0.215040,1.930112
124,traditional,0.090816,1.089536,0.210944,1.391296
125,traditional,0.077984,1.090560,0.510976,1.679520
126,traditional,0.089920,1.101824,0.210944,1.402688
127,traditional,0.073056,1.068032,0.444416,1.585504
128,traditional,0.078432,1.316864,0.209920,1.605216
129,traditional,0.081984,1.369088,0.375808,1.826880
130,traditional,0.073312,1.603584,0.398336,2.075232
131,traditional,0.073888,1.364992,0.387072,1.825952
132,traditional,0.089344,1.304576,0.210944,1.604864
133,traditional,0.096384,1.134592,0.210944,1.441920
134,traditional,0.072640,1.086464,0.210944,1.370048
135,traditional,0.078240,1.080320,0.209920,1.368480
136,traditional,0.073696,1.085440,0.209920,1.369056
137,traditional,0.079648,1.337344,0.210944,1.627936
138,traditional,0.089888,1.507328,0.399360,1.996576
139,traditional,0.077792,1.459200,0.210944,1.747936
140,traditional,0.077664,1.357824,0.376832,1.812320
141,traditional,0.077280,1.085440,0.210944,1.373664
142,traditional,0.072512,1.087488,0.223232,1.383232
143,traditional,0.079104,1.328128,0.214016,1.621248
144,traditional,0.087872,1.703936,0.215040,2.006848
145,traditional,0.088256,1.691648,0.212992,1.992896
146,traditional,0.087136,1.448960,0.377856,1.913952
147,traditional,0.069824,1.459200,0.201728,1.730752
148,traditional,0.073984,1.039360,0.203776,1.317120
149,traditional,0.070592,1.030144,0.198656,1.299392
150,traditional,0.078560,1.253376,0.199680,1.531616
151,traditional,0.074080,1.385472,0.198656,1.658208
152,traditional,0.073216,1.040384,0.203776,1.317376
153,traditional,0.070336,1.053696,0.199680,1.323712
154,traditional,0.070304,1.278976,0.199680,1.548960
155,traditional,0.073792,1.112064,0.204800,1.390656
156,traditional,0.080800,1.065984,0.199680,1.346464
157,traditional,0.077600,1.029120,0.200704,1.307424
158,traditional,0.073728,1.052672,0.199680,1.326080
159,traditional,0.087232,1.043456,0.200704,1.331392
160,traditional,0.074400,1.247232,0.206848,1.528480
161,traditional,0.073920,1.030144,0.200704,1.304768
162,traditional,0.070880,1.233920,0.204800,1.509600
163,traditional,0.071456,1.426432,0.203776,1.701664
164,traditional,0.073600,1.421312,0.387072,1.881984
165,traditional,0.074752,1.086464,0.200704,1.361920
166,traditional,0.076224,1.249280,0.204800,1.530304
167,traditional,0.073824,1.440768,0.382976,1.897568
168,traditional,0.075488,1.400832,0.211968,1.688288
169,traditional,0.071008,1.413120,0.204800,1.688928
170,traditional,0.082432,1.441792,0.378880,1.903104
171,traditional,0.074624,1.475584,0.378880,1.929088
172,traditional,0.088576,1.449984,0.379904,1.918464
173,traditional,0.074496,1.069056,0.198656,1.342208
174,traditional,0.068640,1.034240,0.199680,1.302560
175,traditional,0.074496,1.254400,0.199680,1.528576
176,traditional,0.069216,1.030144,0.425984,1.525344
177,traditional,0.074336,1.446912,0.378880,1.900128
178,traditional,0.070560,1.045504,0.203776,1.319840
179,traditional,0.068832,1.062912,0.199680,1.331424
180,traditional,0.072160,1.036288,0.202752,1.311200
181,traditional,0.070688,1.034240,0.203776,1.308704
182,traditional,0.076896,1.067008,0.203776,1.347680
183,traditional,0.088512,1.029120,0.200704,1.318336
184,traditional,0.099264,1.038336,0.199680,1.337280
185,traditional,0.082912,1.029120,0.210944,1.322976
186,traditional,0.069408,1.040384,0.199680,1.309472
187,traditional,0.068864,1.031168,0.199680,1.299712
188,traditional,0.070304,1.083392,0.199680,1.353376
189,traditional,0.069344,1.031168,0.199680,1.300192
190,traditional,0.073760,1.059840,0.199680,1.333280
191,traditional,0.075136,1.270784,0.200704,1.546624
192,traditional,0.070048,1.031168,0.215040,1.316256
193,traditional,0.082176,1.053696,0.199680,1.335552
194,traditional,0.077664,1.219584,0.199680,1.496928
195,traditional,0.084928,1.069056,0.429056,1.583040
196,traditional,0.070432,1.058816,0.199680,1.328928
197,traditional,0.068064,1.028096,0.200704,1.296864
198,traditional,0.071168,1.347584,0.471040,1.889792
199,traditional,0.070208,1.221632,0.205824,1.497664
200,traditional,0.068416,1.223680,0.200704,1.492800
201,traditional,0.084224,1.069056,0.199680,1.352960
202,traditional,0.073728,1.047552,0.210944,1.332224
203,traditional,0.081952,1.019904,0.199680,1.301536
204,traditional,0.073408,1.461248,0.379904,1.914560
205,traditional,0.074688,1.203200,0.199680,1.477568
206,traditional,0.073568,1.464320,0.379904,1.917792
207,traditional,0.074432,1.399808,0.199680,1.673920
208,traditional,0.071616,1.117184,0.199680,1.388480
209,traditional,0.074464,1.215488,0.199680,1.489632
210,traditional,0.071936,1.410048,0.203776,1.685760
211,traditional,0.072736,1.442816,0.380928,1.896480
212,traditional,0.077536,1.033216,0.200704,1.311456
213,traditional,0.079936,1.033216,0.199680,1.312832
214,traditional,0.071648,1.215488,0.199680,1.486816
215,traditional,0.068800,1.472512,0.201728,1.743040
216,traditional,0.070496,1.208320,0.199680,1.478496
217,traditional,0.068832,1.292288,0.380928,1.742048
218,traditional,0.069536,1.536000,0.380928,1.986464
219,traditional,0.070016,1.037312,0.438272,1.545600
220,traditional,0.074592,1.221632,0.199680,1.495904
221,traditional,0.068928,1.014784,0.199680,1.283392
222,traditional,0.073120,1.340416,0.457728,1.871264
223,traditional,0.078400,1.031168,0.199680,1.309248
224,traditional,0.073920,1.208320,0.199680,1.481920
225,traditional,0.068352,1.025024,0.199680,1.293056
226,traditional,0.073760,1.024000,0.199680,1.297440
227,traditional,0.076064,1.312768,0.202752,1.591584
228,traditional,0.080736,1.371136,0.363520,1.815392
229,traditional,0.075936,1.231872,0.202752,1.510560
230,traditional,0.071904,1.470464,0.202752,1.745120
231,traditional,0.075008,1.466368,0.385024,1.926400
232,traditional,0.071008,1.073152,0.202752,1.346912
233,traditional,0.069728,1.382400,0.464896,1.917024
234,traditional,0.074944,1.262592,0.207872,1.545408
235,traditional,0.073216,1.075200,0.202752,1.351168
236,traditional,0.071136,1.238016,0.202752,1.511904
237,traditional,0.069376,1.029120,0.201728,1.300224
238,traditional,0.075360,1.043456,0.201728,1.320544
239,traditional,0.080000,1.051648,0.201728,1.333376
240,traditional,0.069056,1.035264,0.202752,1.307072
241,traditional,0.069632,1.025024,0.202752,1.297408
242,traditional,0.075168,1.273856,0.208896,1.557920
243,traditional,0.071200,1.032192,0.215040,1.318432
244,traditional,0.075488,1.089536,0.201728,1.366752
245,traditional,0.075968,1.233920,0.201728,1.511616
246,traditional,0.070240,1.027072,0.216064,1.313376
247,traditional,0.079616,1.460224,0.379904,1.919744
248,traditional,0.069664,1.051648,0.206848,1.328160
249,traditional,0.070784,1.618944,0.391168,2.080896
250,traditional,0.070592,1.063936,0.202752,1.337280
251,traditional,0.070432,1.040384,0.201728,1.312544
252,traditional,0.073216,1.044480,0.199680,1.317376
253,traditional,0.076672,1.231872,0.203776,1.512320
254,traditional,0.070208,1.057792,0.199680,1.327680
255,traditional,0.069952,1.025024,0.199680,1.294656
256,traditional,0.069536,1.246208,0.203776,1.519520
257,traditional,0.068576,1.461248,0.380928,1.910752
258,traditional,0.077728,1.437696,0.381952,1.897376
259,traditional,0.074496,1.026048,0.199680,1.300224
260,traditional,0.072736,1.057792,0.496640,1.627168
261,traditional,0.071008,1.226752,0.200704,1.498464
262,traditional,0.068800,1.029120,0.203776,1.301696
263,traditional,0.069408,1.014784,0.199680,1.283872
264,traditional,0.073568,1.434624,0.201728,1.709920
265,traditional,0.078496,1.414144,0.202752,1.695392
266,traditional,0.069280,1.312768,0.356352,1.738400
267,traditional,0.070112,1.534976,0.202752,1.807840
268,traditional,0.073664,1.048576,0.421888,1.544128
269,traditional,0.075840,1.220608,0.199680,1.496128
270,traditional,0.068736,1.041408,0.203776,1.313920
271,traditional,0.073920,1.580032,0.208896,1.862848
272,traditional,0.070464,1.207296,0.424960,1.702720
273,traditional,0.070080,1.501184,0.205824,1.777088
274,traditional,0.075872,1.219584,0.206848,1.502304
275,traditional,0.076096,1.522688,0.205824,1.804608
276,traditional,0.082784,1.012736,0.201728,1.297248
277,traditional,0.072096,1.582080,0.387072,2.041248
278,traditional,0.069472,1.026048,0.199680,1.295200
279,traditional,0.075488,1.026048,0.199680,1.301216
280,traditional,0.073536,1.255424,0.199680,1.528640
281,traditional,0.075648,1.395712,0.206848,1.678208
282,traditional,0.073536,1.443840,0.385024,1.902400
283,traditional,0.068768,1.039360,0.198656,1.306784
284,traditional,0.071008,1.333248,0.369664,1.773920
285,traditional,0.074016,1.278976,0.355328,1.708320
286,traditional,0.082880,1.227776,0.202752,1.513408
287,traditional,0.070176,1.047552,0.205824,1.323552
288,traditional,0.071200,1.347584,0.471040,1.889824
289,traditional,0.074976,1.228800,0.216064,1.519840
290,traditional,0.077504,1.048576,0.204800,1.330880
291,traditional,0.085216,1.240064,0.201728,1.527008
292,traditional,0.070272,1.039360,0.437248,1.546880
293,traditional,0.076576,1.428480,0.201728,1.706784
294,traditional,0.070784,1.025024,0.201728,1.297536
295,traditional,0.074400,1.062912,0.201728,1.339040
296,traditional,0.071872,1.260544,0.212992,1.545408
297,traditional,0.071168,1.408000,0.202752,1.681920
298,traditional,0.070336,1.080320,0.202752,1.353408
299,traditional,0.071488,1.340416,0.379904,1.791808
300,traditional,0.071232,1.084416,0.466944,1.622592
301,traditional,0.079008,1.245184,0.202752,1.526944
302,traditional,0.070464,1.060864,0.206848,1.338176
303,traditional,0.069952,1.054720,0.202752,1.327424
304,traditional,0.075904,1.050624,0.202752,1.329280
305,traditional,0.073792,1.033216,0.201728,1.308736
306,traditional,0.075264,1.293312,0.199680,1.568256
307,traditional,0.073696,1.432576,0.202752,1.709024
308,traditional,0.074944,1.429504,0.202752,1.707200
309,traditional,0.070432,1.053696,0.200704,1.324832
310,traditional,0.072352,1.019904,0.199680,1.291936
311,traditional,0.075296,1.244160,0.204800,1.524256
312,traditional,0.070624,1.418240,0.204800,1.693664
313,traditional,0.070240,1.227776,0.204800,1.502816
314,traditional,0.069568,1.037312,0.199680,1.306560
315,traditional,0.069248,1.312768,0.470016,1.852032
316,traditional,0.073056,1.254400,0.399360,1.726816
317,traditional,0.069152,1.041408,0.200704,1.311264
318,traditional,0.082432,1.257472,0.200704,1.540608
319,traditional,0.068576,1.017856,0.199680,1.286112
320,traditional,0.073120,1.061888,0.199680,1.334688
321,traditional,0.075552,1.223680,0.200704,1.499936
322,traditional,0.083616,1.464320,0.382976,1.930912
323,traditional,0.076224,1.464320,0.394240,1.934784
324,traditional,0.068832,1.081344,0.211968,1.362144
325,traditional,0.068992,1.062912,0.199680,1.331584
326,traditional,0.078880,1.255424,0.200704,1.535008
327,traditional,0.069792,1.039360,0.203776,1.312928
328,traditional,0.073952,1.039360,0.200704,1.314016
329,traditional,0.070528,1.040384,0.424960,1.535872
330,traditional,0.077376,1.094656,0.390144,1.562176
331,traditional,0.081888,1.047552,0.202752,1.332192
332,traditional,0.070144,1.335296,0.459776,1.865216
333,traditional,0.071040,1.496064,0.357376,1.924480
334,traditional,0.070656,1.221632,0.200704,1.492992
335,traditional,0.079136,1.085440,0.204800,1.369376
336,traditional,0.074592,1.057792,0.205824,1.338208
337,traditional,0.074784,1.025024,0.200704,1.300512
338,traditional,0.074016,1.220608,0.200704,1.495328
339,traditional,0.072096,1.317888,0.360448,1.750432
340,traditional,0.078016,1.393664,0.200704,1.672384
341,traditional,0.068448,1.046528,0.204800,1.319776
342,traditional,0.069408,1.589248,0.209920,1.868576
343,traditional,0.075328,1.456128,0.204800,1.736256
344,traditional,0.070464,1.550336,0.382976,2.003776
345,traditional,0.069568,1.044480,0.434176,1.548224
346,traditional,0.080384,1.404928,0.200704,1.686016
347,traditional,0.069344,1.018880,0.200704,1.288928
348,traditional,0.073824,1.038336,0.200704,1.312864
349,traditional,0.074752,1.298432,0.203776,1.576960
350,traditional,0.072768,1.053696,0.200704,1.327168
351,traditional,0.081856,1.630208,0.209920,1.921984
352,traditional,0.074208,1.294336,0.374784,1.743328
353,traditional,0.069440,1.504256,0.379904,1.953600
354,traditional,0.073056,1.033216,0.200704,1.306976
355,traditional,0.069376,1.056768,0.200704,1.326848
356,traditional,0.074656,1.049600,0.200704,1.324960
357,traditional,0.069760,1.038336,0.200704,1.308800
358,traditional,0.075424,1.235968,0.204800,1.516192
359,traditional,0.075328,1.026048,0.210944,1.312320
360,traditional,0.069728,1.079296,0.204800,1.353824
361,traditional,0.069056,1.051648,0.200704,1.321408
362,traditional,0.085984,1.038336,0.199680,1.324000
363,traditional,0.071488,1.246208,0.200704,1.518400
364,traditional,0.068448,1.052672,0.199680,1.320800
365,traditional,0.069376,1.024000,0.198656,1.292032
366,traditional,0.086272,1.255424,0.200704,1.542400
367,traditional,0.069184,1.099776,0.199680,1.368640
368,traditional,0.080544,1.020928,0.199680,1.301152
369,traditional,0.072736,1.038336,0.195584,1.306656
370,traditional,0.069536,1.041408,0.199680,1.310624
371,traditional,0.081472,1.048576,0.202752,1.332800
372,traditional,0.070656,1.074176,0.200704,1.345536
373,traditional,0.069632,1.047552,0.430080,1.547264
374,traditional,0.091072,1.072128,0.199680,1.362880
375,traditional,0.075584,1.044480,0.199680,1.319744
376,traditional,0.074496,1.252352,0.204800,1.531648
377,traditional,0.069344,1.045504,0.199680,1.314528
378,traditional,0.069632,1.063936,0.199680,1.333248
379,traditional,0.071584,1.031168,0.199680,1.302432
380,traditional,0.072448,1.241088,0.199680,1.513216
381,traditional,0.069664,1.048576,0.200704,1.318944
382,traditional,0.072768,1.070080,0.199680,1.342528
383,traditional,0.077376,1.253376,0.214016,1.544768
384,traditional,0.070304,1.376256,0.200704,1.647264
385,traditional,0.068512,1.037312,0.200704,1.306528
386,traditional,0.077664,1.033216,0.202752,1.313632
387,traditional,0.075072,1.257472,0.203776,1.536320
388,traditional,0.079232,1.045504,0.200704,1.325440
389,traditional,0.067968,1.030144,0.199680,1.297792
390,traditional,0.074400,1.242112,0.199680,1.516192
391,traditional,0.073504,1.439744,0.206848,1.720096
392,traditional,0.074464,1.429504,0.201728,1.705696
393,traditional,0.076512,1.067008,0.199680,1.343200
394,traditional,0.069376,1.030144,0.201728,1.301248
395,traditional,0.087936,1.246208,0.203776,1.537920
396,traditional,0.083104,1.057792,0.200704,1.341600
397,traditional,0.068832,1.045504,0.200704,1.315040
398,traditional,0.082016,1.266688,0.203776,1.552480
399,traditional,0.086240,1.447936,0.384000,1.918176
400,traditional,0.079008,1.454080,0.381952,1.915040
401,traditional,0.075072,1.340416,0.359424,1.774912
402,traditional,0.070048,1.552384,0.382976,2.005408
403,traditional,0.075136,1.446912,0.203776,1.725824
404,traditional,0.075744,1.436672,0.378880,1.891296
405,traditional,0.081312,1.093632,0.201728,1.376672
406,traditional,0.072960,1.052672,0.199680,1.325312
407,traditional,0.085120,1.060864,0.201728,1.347712
408,traditional,0.069024,1.024000,0.209920,1.302944
409,traditional,0.078528,1.249280,0.199680,1.527488
410,traditional,0.068832,1.041408,0.200704,1.310944
411,traditional,0.074720,1.378304,0.465920,1.918944
412,traditional,0.071968,1.067008,0.205824,1.344800
413,traditional,0.069696,1.054720,0.202752,1.327168
414,traditional,0.076800,1.285120,0.202752,1.564672
415,traditional,0.069728,1.429504,0.386048,1.885280
416,traditional,0.070304,1.080320,0.205824,1.356448
417,traditional,0.070464,1.049600,0.202752,1.322816
418,traditional,0.069664,1.057792,0.199680,1.327136
419,traditional,0.069536,1.375232,0.457728,1.902496
420,traditional,0.074144,1.232896,0.199680,1.506720
421,traditional,0.074624,1.464320,0.381952,1.920896
422,traditional,0.083008,1.446912,0.402432,1.932352
423,traditional,0.071040,1.072128,0.199680,1.342848
424,traditional,0.075584,1.253376,0.199680,1.528640
425,traditional,0.068576,1.479680,0.201728,1.749984
426,traditional,0.074496,1.464320,0.379904,1.918720
427,traditional,0.073440,1.062912,0.200704,1.337056
428,traditional,0.068736,1.622016,0.209920,1.900672
429,traditional,0.072000,1.472512,0.204800,1.749312
430,traditional,0.072288,1.583104,0.386048,2.041440
431,traditional,0.070656,1.077248,0.204800,1.352704
432,traditional,0.068672,1.037312,0.199680,1.305664
433,traditional,0.077024,1.264640,0.203776,1.545440
434,traditional,0.072320,1.026048,0.199680,1.298048
435,traditional,0.069536,1.026048,0.204800,1.300384
436,traditional,0.071392,1.052672,0.216064,1.340128
437,traditional,0.072992,1.089536,0.437248,1.599776
438,traditional,0.090112,1.270784,0.202752,1.563648
439,traditional,0.069984,1.051648,0.443392,1.565024
440,traditional,0.071872,1.261568,0.202752,1.536192
441,traditional,0.071232,1.078272,0.202752,1.352256
442,traditional,0.070208,1.035264,0.503808,1.609280
443,traditional,0.071872,1.220608,0.203776,1.496256
444,traditional,0.069664,1.031168,0.199680,1.300512
445,traditional,0.086368,1.633280,0.209920,1.929568
446,traditional,0.070272,1.058816,0.200704,1.329792
447,traditional,0.075168,1.651712,0.382976,2.109856
448,traditional,0.070848,1.029120,0.202752,1.302720
449,traditional,0.068960,1.366016,0.433152,1.868128
450,traditional,0.074176,1.329152,0.360448,1.763776
451,traditional,0.073184,1.413120,0.200704,1.687008
452,traditional,0.068800,1.033216,0.203776,1.305792
453,traditional,0.069344,1.029120,0.199680,1.298144
454,traditional,0.071328,1.082368,0.199680,1.353376
455,traditional,0.069888,1.022976,0.199680,1.292544
456,traditional,0.070336,1.017856,0.199680,1.287872
457,traditional,0.069152,1.039360,0.199680,1.308192
458,traditional,0.075200,1.045504,0.200704,1.321408
459,traditional,0.074496,1.218560,0.203776,1.496832
460,traditional,0.072704,1.409024,0.381952,1.863680
461,traditional,0.090976,1.448960,0.380928,1.920864
462,traditional,0.069664,1.104896,0.427008,1.601568
463,traditional,0.075040,1.230848,0.199680,1.505568
464,traditional,0.082496,1.280000,0.358400,1.720896
465,traditional,0.070272,1.531904,0.202752,1.804928
466,traditional,0.237696,1.043456,0.204800,1.485952
467,traditional,0.068768,1.042432,0.200704,1.311904
468,traditional,0.081888,1.226752,0.199680,1.508320
469,traditional,0.068768,1.014784,0.200704,1.284256
470,traditional,0.074976,1.362944,0.463872,1.901792
471,traditional,0.070976,1.049600,0.438272,1.558848
472,traditional,0.071456,1.538048,0.202752,1.812256
473,traditional,0.069984,1.030144,0.199680,1.299808
474,traditional,0.069440,1.019904,0.200704,1.290048
475,traditional,0.073600,1.310720,0.359424,1.743744
476,traditional,0.074560,1.575936,0.384000,2.034496
477,traditional,0.070848,1.055744,0.204800,1.331392
478,traditional,0.080512,1.015808,0.199680,1.296000
479,traditional,0.074368,1.272832,0.204800,1.552000
480,traditional,0.070624,1.015808,0.199680,1.286112
481,traditional,0.069760,1.026048,0.199680,1.295488
482,traditional,0.072672,1.523712,0.206848,1.803232
483,traditional,0.079360,1.221632,0.199680,1.500672
484,traditional,0.072896,1.044480,0.200704,1.318080
485,traditional,0.077856,1.253376,0.203776,1.535008
486,traditional,0.070304,1.022976,0.201728,1.295008
487,traditional,0.071904,1.045504,0.212992,1.330400
488,traditional,0.069152,1.334272,0.467968,1.871392
489,traditional,0.070368,1.228800,0.372736,1.671904
490,traditional,0.072448,1.034240,0.199680,1.306368
491,traditional,0.071328,1.030144,0.488448,1.589920
492,traditional,0.081056,1.037312,0.200704,1.319072
493,traditional,0.082592,1.037312,0.378880,1.498784
494,traditional,0.069440,1.013760,0.199680,1.282880
495,traditional,0.068672,1.541120,0.451584,2.061376
496,traditional,0.078528,1.040384,0.199680,1.318592
497,traditional,0.074848,1.572864,0.378880,2.026592
498,traditional,0.071008,1.043456,0.199680,1.314144
499,traditional,0.071936,1.032192,0.202752,1.306880
500,traditional,0.071424,1.019904,0.204800,1.296128
501,traditional,0.083872,1.053696,0.200704,1.338272
502,traditional,0.074240,1.239040,0.199680,1.512960
503,traditional,0.069664,1.406976,0.202752,1.679392
504,traditional,0.080896,1.092608,0.434176,1.607680
505,traditional,0.075392,1.245184,0.199680,1.520256
506,traditional,0.071776,1.022976,0.203776,1.298528
507,traditional,0.069376,1.030144,0.199680,1.299200
508,traditional,0.074720,1.257472,0.199680,1.531872
509,traditional,0.080736,1.033216,0.433152,1.547104
510,traditional,0.075680,1.479680,0.381952,1.937312
511,traditional,0.071712,1.039360,0.205824,1.316896
512,traditional,0.071040,1.020928,0.205824,1.297792
513,traditional,0.079648,1.053696,0.199680,1.333024
514,traditional,0.071712,1.039360,0.200704,1.311776
515,traditional,0.075712,1.221632,0.203776,1.501120
516,traditional,0.074080,1.447936,0.381952,1.903968
517,traditional,0.070688,1.448960,0.380928,1.900576
518,traditional,0.075040,1.073152,0.199680,1.347872
519,traditional,0.069728,1.335296,0.460800,1.865824
520,traditional,0.075264,1.238016,0.199680,1.512960
521,traditional,0.069792,1.035264,0.199680,1.304736
522,traditional,0.069472,1.024000,0.199680,1.293152
523,traditional,0.074496,1.077248,0.199680,1.351424
524,traditional,0.071712,1.067008,0.200704,1.339424
525,traditional,0.068928,1.028096,0.200704,1.297728
526,traditional,0.069056,1.050624,0.200704,1.320384
527,traditional,0.076448,1.283072,0.199680,1.559200
528,traditional,0.074208,1.044480,0.200704,1.319392
529,traditional,0.073376,1.028096,0.199680,1.301152
530,traditional,0.080352,1.230848,0.200704,1.511904
531,traditional,0.069408,1.334272,0.206848,1.610528
532,traditional,0.085760,1.419264,0.200704,1.705728
533,traditional,0.071136,1.062912,0.204800,1.338848
534,traditional,0.069536,1.030144,0.199680,1.299360
535,traditional,0.087616,1.055744,0.200704,1.344064
536,traditional,0.069312,1.339392,0.472064,1.880768
537,traditional,0.070720,1.030144,0.379904,1.480768
538,traditional,0.072896,1.049600,0.199680,1.322176
539,traditional,0.069344,1.054720,0.200704,1.324768
540,traditional,0.074624,1.251328,0.199680,1.525632
541,traditional,0.069984,1.309696,0.357376,1.737056
542,traditional,0.070176,1.553408,0.366592,1.990176
543,traditional,0.071072,1.048576,0.204800,1.324448
544,traditional,0.069056,1.022976,0.199680,1.291712
545,traditional,0.076000,1.249280,0.200704,1.525984
546,traditional,0.071744,1.435648,0.200704,1.708096
547,traditional,0.069312,1.087488,0.200704,1.357504
548,traditional,0.069600,1.347584,0.459776,1.876960
549,traditional,0.074336,1.440768,0.378880,1.893984
550,traditional,0.083712,1.063936,0.199680,1.347328
551,traditional,0.069568,1.056768,0.199680,1.326016
552,traditional,0.073792,1.242112,0.207872,1.523776
553,traditional,0.074144,1.015808,0.202752,1.292704
554,traditional,0.084128,1.054720,0.200704,1.339552
555,traditional,0.074688,1.250304,0.204800,1.529792
556,traditional,0.074208,1.426432,0.385024,1.885664
557,traditional,0.070432,1.069056,0.204800,1.344288
558,traditional,0.075744,1.080320,0.199680,1.355744
559,traditional,0.075680,1.469440,0.384000,1.929120
560,traditional,0.069536,1.052672,0.200704,1.322912
561,traditional,0.069120,1.029120,0.199680,1.297920
562,traditional,0.074784,1.229824,0.203776,1.508384
563,traditional,0.077152,1.061888,0.199680,1.338720
564,traditional,0.069536,1.041408,0.200704,1.311648
565,traditional,0.069824,1.070080,0.200704,1.340608
566,traditional,0.070272,1.441792,0.204800,1.716864
567,traditional,0.083008,1.050624,0.201728,1.335360
568,traditional,0.085408,1.251328,0.200704,1.537440
569,traditional,0.068416,1.373184,0.358400,1.800000
570,traditional,0.075456,1.228800,0.199680,1.503936
571,traditional,0.069024,1.329152,0.359424,1.757600
572,traditional,0.083616,1.537024,0.389120,2.009760
573,traditional,0.072864,1.061888,0.432128,1.566880
574,traditional,0.073664,1.417216,0.199680,1.690560
575,traditional,0.069280,1.026048,0.200704,1.296032
576,traditional,0.078048,1.072128,0.200704,1.350880
577,traditional,0.070528,1.049600,0.200704,1.320832
578,traditional,0.082432,1.075200,0.425984,1.583616
579,traditional,0.074560,1.248256,0.203776,1.526592
580,traditional,0.069440,1.045504,0.200704,1.315648
581,traditional,0.069536,1.047552,0.199680,1.316768
582,traditional,0.070464,1.087488,0.200704,1.358656
583,traditional,0.070272,1.390592,0.203776,1.664640
584,traditional,0.073760,1.460224,0.203776,1.737760
585,traditional,0.081792,1.406976,0.204800,1.693568
586,traditional,0.073824,1.080320,0.200704,1.354848
587,traditional,0.069376,1.043456,0.200704,1.313536
588,traditional,0.070016,1.047552,0.199680,1.317248
589,traditional,0.069440,1.039360,0.199680,1.308480
590,traditional,0.071968,1.056768,0.200704,1.329440
591,traditional,0.069120,1.039360,0.204800,1.313280
592,traditional,0.070560,1.305600,0.204800,1.580960
593,traditional,0.071328,1.234944,0.205824,1.512096
594,traditional,0.086176,1.643520,0.385024,2.114720
595,traditional,0.082464,1.022976,0.199680,1.305120
596,traditional,0.073056,1.058816,0.199680,1.331552
597,traditional,0.074208,1.027072,0.434176,1.535456
598,traditional,0.070528,1.542144,0.384000,1.996672
599,traditional,0.070336,1.041408,0.199680,1.311424
600,traditional,0.073984,1.048576,0.209920,1.332480
601,traditional,0.083552,1.246208,0.200704,1.530464
602,traditional,0.069824,1.314816,0.359424,1.744064
603,traditional,0.072352,1.424384,0.199680,1.696416
604,traditional,0.069792,1.059840,0.203776,1.333408
605,traditional,0.071744,1.038336,0.199680,1.309760
606,traditional,0.081920,1.045504,0.403456,1.530880
607,traditional,0.079360,1.053696,0.203776,1.336832
608,traditional,0.069408,1.031168,0.200704,1.301280
609,traditional,0.075104,1.231872,0.199680,1.506656
610,traditional,0.069696,1.073152,0.203776,1.346624
611,traditional,0.069504,1.037312,0.495616,1.602432
612,traditional,0.070560,1.048576,0.199680,1.318816
613,traditional,0.081632,1.033216,0.200704,1.315552
614,traditional,0.081024,1.017856,0.199680,1.298560
615,traditional,0.075232,1.042432,0.199680,1.317344
616,traditional,0.069600,1.029120,0.200704,1.299424
617,traditional,0.076000,1.251328,0.200704,1.528032
618,traditional,0.070208,1.052672,0.199680,1.322560
619,traditional,0.069504,1.039360,0.203776,1.312640
620,traditional,0.070112,1.332224,0.480256,1.882592
621,traditional,0.071136,1.052672,0.200704,1.324512
622,traditional,0.079104,1.032192,0.199680,1.310976
623,traditional,0.077088,1.226752,0.200704,1.504544
624,traditional,0.068960,1.043456,0.202752,1.315168
625,traditional,0.069184,1.334272,0.454656,1.858112
626,traditional,0.070112,1.458176,0.204800,1.733088
627,traditional,0.070304,1.566720,0.390144,2.027168
628,traditional,0.082848,1.061888,0.216064,1.360800
629,traditional,0.069696,1.443840,0.470016,1.983552
630,traditional,0.081728,1.029120,0.199680,1.310528
631,traditional,0.069120,1.085440,0.200704,1.355264
632,traditional,0.072352,1.554432,0.205824,1.832608
633,traditional,0.075200,1.045504,0.199680,1.320384
634,traditional,0.073792,1.358848,0.460800,1.893440
635,traditional,0.071456,1.203200,0.200704,1.475360
636,traditional,0.068512,1.095680,0.199680,1.363872
637,traditional,0.075040,1.257472,0.199680,1.532192
638,traditional,0.069792,1.387520,0.200704,1.658016
639,traditional,0.072832,1.306624,0.364544,1.744000
640,traditional,0.074848,1.397760,0.200704,1.673312
641,traditional,0.069952,1.063936,0.203776,1.337664
642,traditional,0.073088,1.076224,0.208896,1.358208
643,traditional,0.073920,1.031168,0.199680,1.304768
644,traditional,0.069376,1.292288,0.358400,1.720064
645,traditional,0.069856,1.562624,0.203776,1.836256
646,traditional,0.081440,1.088512,0.431104,1.601056
647,traditional,0.076064,1.244160,0.201728,1.521952
648,traditional,0.073280,1.052672,0.204800,1.330752
649,traditional,0.075392,1.616896,0.209920,1.902208
650,traditional,0.074560,1.235968,0.201728,1.512256
651,traditional,0.074304,1.087488,0.201728,1.363520
652,traditional,0.078848,1.051648,0.201728,1.332224
653,traditional,0.070368,1.046528,0.201728,1.318624
654,traditional,0.083392,1.480704,0.392192,1.956288
655,traditional,0.087072,1.419264,0.218112,1.724448
656,traditional,0.080960,1.036288,0.201728,1.318976
657,traditional,0.082752,1.042432,0.201728,1.326912
658,traditional,0.075200,1.268736,0.202752,1.546688
659,traditional,0.071168,1.294336,0.361472,1.726976
660,traditional,0.070880,1.459200,0.203776,1.733856
661,traditional,0.071424,1.110016,0.201728,1.383168
662,traditional,0.070528,1.053696,0.512000,1.636224
663,traditional,0.070624,1.243136,0.201728,1.515488
664,traditional,0.069664,1.031168,0.201728,1.302560
665,traditional,0.076288,1.587200,0.382976,2.046464
666,traditional,0.069376,1.028096,0.202752,1.300224
667,traditional,0.076864,1.074176,0.491520,1.642560
668,traditional,0.071904,1.021952,0.199680,1.293536
669,traditional,0.088128,1.045504,0.199680,1.333312
670,traditional,0.070464,1.072128,0.205824,1.348416
671,traditional,0.070656,1.037312,0.201728,1.309696
672,traditional,0.069472,1.024000,0.200704,1.294176
673,traditional,0.074656,1.238016,0.200704,1.513376
674,traditional,0.069600,1.055744,0.432128,1.557472
675,traditional,0.070048,1.068032,0.200704,1.338784
676,traditional,0.071104,1.062912,0.200704,1.334720
677,traditional,0.068864,1.025024,0.200704,1.294592
678,traditional,0.071744,1.236992,0.200704,1.509440
679,traditional,0.072352,1.424384,0.201728,1.698464
680,traditional,0.076256,1.492992,0.380928,1.950176
681,traditional,0.070912,1.297408,0.358400,1.726720
682,traditional,0.074560,1.443840,0.204800,1.723200
683,traditional,0.078496,1.028096,0.199680,1.306272
684,traditional,0.093088,1.029120,0.199680,1.321888
685,traditional,0.070912,1.034240,0.204800,1.309952
686,traditional,0.074880,1.097728,0.200704,1.373312
687,traditional,0.069536,1.068032,0.203776,1.341344
688,traditional,0.069376,1.047552,0.199680,1.316608
689,traditional,0.076864,1.033216,0.200704,1.310784
690,traditional,0.078336,1.248256,0.203776,1.530368
691,traditional,0.074720,1.029120,0.199680,1.303520
692,traditional,0.069760,1.020928,0.199680,1.290368
693,traditional,0.077888,1.255424,0.200704,1.534016
694,traditional,0.070336,1.046528,0.200704,1.317568
695,traditional,0.069632,1.032192,0.200704,1.302528
696,traditional,0.080576,1.233920,0.200704,1.515200
697,traditional,0.073312,1.057792,0.200704,1.331808
698,traditional,0.072480,1.055744,0.200704,1.328928
699,traditional,0.072704,1.028096,0.199680,1.300480
700,traditional,0.068640,1.016832,0.199680,1.285152
701,traditional,0.073760,1.021952,0.199680,1.295392
702,traditional,0.069472,1.041408,0.202752,1.313632
703,traditional,0.075936,1.599488,0.209920,1.885344
704,traditional,0.074880,1.222656,0.202752,1.500288
705,traditional,0.073600,1.514496,0.215040,1.803136
706,traditional,0.079104,1.251328,0.210944,1.541376
707,traditional,0.074976,1.333248,0.461824,1.870048
708,traditional,0.074720,1.239040,0.205824,1.519584
709,traditional,0.068960,1.021952,0.199680,1.290592
710,traditional,0.072000,1.243136,0.203776,1.518912
711,traditional,0.070688,1.258496,0.204800,1.533984
712,traditional,0.072128,1.428480,0.201728,1.702336
713,traditional,0.083264,1.043456,0.199680,1.326400
714,traditional,0.073792,1.034240,0.199680,1.307712
715,traditional,0.070016,1.214464,0.200704,1.485184
716,traditional,0.072544,1.052672,0.199680,1.324896
717,traditional,0.069536,1.024000,0.199680,1.293216
718,traditional,0.074912,1.256448,0.204800,1.536160
719,traditional,0.073056,1.017856,0.212992,1.303904
720,traditional,0.069408,1.018880,0.200704,1.288992
721,traditional,0.079136,1.245184,0.204800,1.529120
722,traditional,0.071296,1.389568,0.199680,1.660544
723,traditional,0.069440,1.041408,0.204800,1.315648
724,traditional,0.069216,1.017856,0.199680,1.286752
725,traditional,0.075456,1.026048,0.200704,1.302208
726,traditional,0.069920,1.035264,0.199680,1.304864
727,traditional,0.073344,1.282048,0.211968,1.567360
728,traditional,0.073728,1.024000,0.199680,1.297408
729,traditional,0.068768,1.079296,0.199680,1.347744
730,traditional,0.069088,1.020928,0.489472,1.579488
731,traditional,0.071328,1.213440,0.200704,1.485472
732,traditional,0.068608,1.022976,0.201728,1.293312
733,traditional,0.074272,1.345536,0.461824,1.881632
734,traditional,0.082496,1.256448,0.432128,1.771072
735,traditional,0.069600,1.552384,0.405504,2.027488
736,traditional,0.069728,1.014784,0.200704,1.285216
737,traditional,0.072576,1.036288,0.199680,1.308544
738,traditional,0.073792,1.238016,0.199680,1.511488
739,traditional,0.069696,1.038336,0.199680,1.307712
740,traditional,0.071616,1.028096,0.201728,1.301440
741,traditional,0.075008,1.035264,0.200704,1.310976
742,traditional,0.069344,1.024000,0.199680,1.293024
743,traditional,0.069504,1.629184,0.209920,1.908608
744,traditional,0.070656,1.108992,0.386048,1.565696
745,traditional,0.069472,1.052672,0.199680,1.321824
746,traditional,0.069344,1.033216,0.199680,1.302240
747,traditional,0.074784,1.234944,0.199680,1.509408
748,traditional,0.073920,1.306624,0.362496,1.743040
749,traditional,0.077792,1.453056,0.205824,1.736672
750,traditional,0.068960,1.047552,0.200704,1.317216
751,traditional,0.069728,1.021952,0.226304,1.317984
752,traditional,0.073888,1.250304,0.204800,1.528992
753,traditional,0.075392,1.040384,0.200704,1.316480
754,traditional,0.092736,1.035264,0.499712,1.627712
755,traditional,0.074144,1.232896,0.203776,1.510816
756,traditional,0.071168,1.408000,0.204800,1.683968
757,traditional,0.086560,1.623040,0.204800,1.914400
758,traditional,0.072992,1.249280,0.204800,1.527072
759,traditional,0.069792,1.040384,0.204800,1.314976
760,traditional,0.077792,1.059840,0.202752,1.340384
761,traditional,0.070304,1.230848,0.205824,1.506976
762,traditional,0.069376,1.034240,0.199680,1.303296
763,traditional,0.068416,1.032192,0.491520,1.592128
764,traditional,0.076192,1.253376,0.207872,1.537440
765,traditional,0.080128,1.088512,0.432128,1.600768
766,traditional,0.070688,1.420288,0.200704,1.691680
767,traditional,0.071680,1.045504,0.204800,1.321984
768,traditional,0.074592,1.437696,0.202752,1.715040
769,traditional,0.069632,1.084416,0.203776,1.357824
770,traditional,0.075008,1.260544,0.199680,1.535232
771,traditional,0.069056,1.046528,0.450560,1.566144
772,traditional,0.074880,1.329152,0.200704,1.604736
773,traditional,0.069472,1.297408,0.357376,1.724256
774,traditional,0.075744,1.251328,0.200704,1.527776
775,traditional,0.073920,1.508352,0.381952,1.964224
776,traditional,0.078464,1.454080,0.381952,1.914496
777,traditional,0.075456,1.088512,0.204800,1.368768
778,traditional,0.070528,1.213440,0.387072,1.671040
779,traditional,0.076992,1.290240,0.204800,1.572032
780,traditional,0.082624,1.041408,0.203776,1.327808
781,traditional,0.071008,1.146880,0.210944,1.428832
782,traditional,0.084032,1.286144,0.204800,1.574976
783,traditional,0.075104,1.467392,0.385024,1.927520
784,traditional,0.075872,1.471488,0.389120,1.936480
785,traditional,0.074848,1.067008,0.201728,1.343584
786,traditional,0.069536,1.060864,0.202752,1.333152
787,traditional,0.078112,1.050624,0.202752,1.331488
788,traditional,0.070176,1.059840,0.214016,1.344032
789,traditional,0.073312,1.247232,0.201728,1.522272
790,traditional,0.072320,1.064960,0.444416,1.581696
791,traditional,0.070688,1.025024,0.204800,1.300512
792,traditional,0.094912,1.466368,0.381952,1.943232
793,traditional,0.074560,1.460224,0.202752,1.737536
794,traditional,0.070624,1.090560,0.200704,1.361888
795,traditional,0.070048,1.018880,0.200704,1.289632
796,traditional,0.073984,1.272832,0.205824,1.552640
797,traditional,0.073152,1.424384,0.209920,1.707456
798,traditional,0.070272,1.441792,0.200704,1.712768
799,traditional,0.086720,1.118208,0.200704,1.405632
800,traditional,0.069952,1.043456,0.199680,1.313088
801,traditional,0.070336,1.031168,0.199680,1.301184
802,traditional,0.069920,1.027072,0.498688,1.595680
803,traditional,0.074880,1.280000,0.211968,1.566848
804,traditional,0.073280,1.051648,0.200704,1.325632
805,traditional,0.072096,1.064960,0.199680,1.336736
806,traditional,0.089952,1.239040,0.199680,1.528672
807,traditional,0.069792,1.323008,0.362496,1.755296
808,traditional,0.074272,1.259520,0.200704,1.534496
809,traditional,0.068384,1.029120,0.204800,1.302304
810,traditional,0.073120,1.054720,0.487424,1.615264
811,traditional,0.074208,1.490944,0.384000,1.949152
812,traditional,0.074144,1.456128,0.380928,1.911200
813,traditional,0.073472,1.134592,0.200704,1.408768
814,traditional,0.072448,1.030144,0.199680,1.302272
815,traditional,0.075584,1.307648,0.200704,1.583936
816,traditional,0.069536,1.081344,0.204800,1.355680
817,traditional,0.086368,1.047552,0.199680,1.333600
818,traditional,0.073408,1.239040,0.199680,1.512128
819,traditional,0.069248,1.046528,0.200704,1.316480
820,traditional,0.076448,1.049600,0.200704,1.326752
821,traditional,0.070240,1.061888,0.199680,1.331808
822,traditional,0.069120,1.041408,0.199680,1.310208
823,traditional,0.070048,1.038336,0.200704,1.309088
824,traditional,0.068928,1.085440,0.200704,1.355072
825,traditional,0.068896,1.372160,0.463872,1.904928
826,traditional,0.077856,1.462272,0.377856,1.917984
827,traditional,0.074048,1.042432,0.199680,1.316160
828,traditional,0.069312,1.367040,0.460800,1.897152
829,traditional,0.088512,1.254400,0.200704,1.543616
830,traditional,0.074912,1.625088,0.208896,1.908896
831,traditional,0.079040,1.231872,0.200704,1.511616
832,traditional,0.069632,1.120256,0.497664,1.687552
833,traditional,0.069024,1.042432,0.441344,1.552800
834,traditional,0.075072,1.240064,0.199680,1.514816
835,traditional,0.069120,1.034240,0.203776,1.307136
836,traditional,0.081376,1.068032,0.199680,1.349088
837,traditional,0.132064,2.302976,0.214016,2.649056
838,traditional,0.070720,1.433600,0.200704,1.705024
839,traditional,0.074720,1.453056,0.205824,1.733600
840,traditional,0.075200,1.446912,0.386048,1.908160
841,traditional,0.071168,1.075200,0.201728,1.348096
842,traditional,0.070112,1.108992,0.201728,1.380832
843,traditional,0.073216,1.233920,0.200704,1.507840
844,traditional,0.072512,1.039360,0.200704,1.312576
845,traditional,0.069408,1.054720,0.200704,1.324832
846,traditional,0.082848,1.250304,0.204800,1.537952
847,traditional,0.074016,1.055744,0.201728,1.331488
848,traditional,0.069664,1.034240,0.200704,1.304608
849,traditional,0.078016,1.236992,0.200704,1.515712
850,traditional,0.068960,1.288192,0.356352,1.713504
851,traditional,0.076224,1.463296,0.201728,1.741248
852,traditional,0.069920,1.085440,0.199680,1.355040
853,traditional,0.068864,1.032192,0.483328,1.584384
854,traditional,0.076640,1.038336,0.199680,1.314656
855,traditional,0.071424,1.056768,0.200704,1.328896
856,traditional,0.069952,1.039360,0.199680,1.308992
857,traditional,0.072896,1.261568,0.206848,1.541312
858,traditional,0.069088,1.404928,0.205824,1.679840
859,traditional,0.077792,1.061888,0.203776,1.343456
860,traditional,0.069760,1.010688,0.199680,1.280128
861,traditional,0.087136,1.231872,0.200704,1.519712
862,traditional,0.069632,1.081344,0.431104,1.582080
863,traditional,0.071072,1.021952,0.199680,1.292704
864,traditional,0.071808,1.073152,0.199680,1.344640
865,traditional,0.069856,1.600512,0.209920,1.880288
866,traditional,0.070240,1.295360,0.356352,1.721952
867,traditional,0.072416,1.537024,0.209920,1.819360
868,traditional,0.070368,1.077248,0.205824,1.353440
869,traditional,0.070080,1.034240,0.483328,1.587648
870,traditional,0.074976,1.441792,0.379904,1.896672
871,traditional,0.069920,1.044480,0.199680,1.314080
872,traditional,0.070848,1.470464,0.380928,1.922240
873,traditional,0.071648,1.028096,0.200704,1.300448
874,traditional,0.073056,1.623040,0.211968,1.908064
875,traditional,0.070944,1.220608,0.199680,1.491232
876,traditional,0.068448,1.285120,0.418816,1.772384
877,traditional,0.069536,1.039360,0.437248,1.546144
878,traditional,0.075296,1.569792,0.384000,2.029088
879,traditional,0.069728,1.042432,0.200704,1.312864
880,traditional,0.075040,1.031168,0.200704,1.306912
881,traditional,0.125024,2.027520,0.211968,2.364512
882,traditional,0.081696,1.078272,0.427008,1.586976
883,traditional,0.070432,1.218560,0.199680,1.488672
884,traditional,0.068672,1.298432,0.360448,1.727552
885,traditional,0.087136,1.406976,0.199680,1.693792
886,traditional,0.070688,1.071104,0.216064,1.357856
887,traditional,0.075744,1.248256,0.200704,1.524704
888,traditional,0.068864,1.045504,0.203776,1.318144
889,traditional,0.073632,1.050624,0.243712,1.367968
890,traditional,0.074624,1.074176,0.201728,1.350528
891,traditional,0.076672,1.059840,0.200704,1.337216
892,traditional,0.072864,1.060864,0.200704,1.334432
893,traditional,0.069568,1.060864,0.200704,1.331136
894,traditional,0.069792,1.038336,0.199680,1.307808
895,traditional,0.087584,1.257472,0.202752,1.547808
896,traditional,0.069824,1.037312,0.200704,1.307840
897,traditional,0.073696,1.521664,0.467968,2.063328
898,traditional,0.081056,1.236992,0.204800,1.522848
899,traditional,0.076928,1.045504,0.199680,1.322112
900,traditional,0.070624,1.242112,0.200704,1.513440
901,traditional,0.069504,1.031168,0.204800,1.305472
902,traditional,0.069344,1.054720,0.200704,1.324768
903,traditional,0.070112,1.082368,0.200704,1.353184
904,traditional,0.081888,1.288192,0.435200,1.805280
905,traditional,0.071296,1.272832,0.204800,1.548928
906,traditional,0.080064,1.514496,0.390144,1.984704
907,traditional,0.079904,1.289216,0.205824,1.574944
908,traditional,0.077600,1.033216,0.423936,1.534752
909,traditional,0.069344,1.424384,0.200704,1.694432
910,traditional,0.077472,1.457152,0.205824,1.740448
911,traditional,0.076128,1.408000,0.201728,1.685856
912,traditional,0.069344,1.071104,0.208896,1.349344
913,traditional,0.074688,1.273856,0.204800,1.553344
914,traditional,0.088000,1.079296,0.199680,1.366976
915,traditional,0.070240,1.032192,0.200704,1.303136
916,traditional,0.076640,1.041408,0.355328,1.473376
917,traditional,0.138464,2.595840,0.386048,3.120352
918,traditional,0.127168,2.044928,0.202752,2.374848
919,traditional,0.070016,1.084416,0.200704,1.355136
920,traditional,0.069600,1.047552,0.525312,1.642464
921,traditional,0.133024,2.526208,0.387072,3.046304
922,traditional,0.128768,1.141760,0.204800,1.475328
923,traditional,0.077152,1.308672,0.204800,1.590624
924,traditional,0.069952,1.095680,0.204800,1.370432
925,traditional,0.070464,1.079296,0.204800,1.354560
926,traditional,0.075360,1.302528,0.208896,1.586784
927,traditional,0.075008,1.504256,0.388096,1.967360
928,traditional,0.073184,1.128448,0.210944,1.412576
929,traditional,0.072480,1.094656,0.210944,1.378080
930,traditional,0.083360,1.089536,0.210944,1.383840
931,traditional,0.084896,1.106944,0.214016,1.405856
932,traditional,0.077152,1.423360,0.484352,1.984864
933,traditional,0.073536,1.094656,0.458752,1.626944
934,traditional,0.072544,1.443840,0.202752,1.719136
935,traditional,0.069536,1.048576,0.203776,1.321888
936,traditional,0.074336,1.250304,0.201728,1.526368
937,traditional,0.068928,1.082368,0.206848,1.358144
938,traditional,0.072896,1.040384,0.202752,1.316032
939,traditional,0.074720,1.222656,0.201728,1.499104
940,traditional,0.068544,1.085440,0.200704,1.354688
941,traditional,0.070560,1.575936,0.384000,2.030496
942,traditional,0.071168,1.054720,0.200704,1.326592
943,traditional,0.070432,1.570816,0.211968,1.853216
944,traditional,0.082080,1.036288,0.204800,1.323168
945,traditional,0.072448,1.558528,0.207872,1.838848
946,traditional,0.069408,1.213440,0.200704,1.483552
947,traditional,0.074208,1.392640,0.472064,1.938912
948,traditional,0.070304,1.042432,0.204800,1.317536
949,traditional,0.080736,1.034240,0.200704,1.315680
950,traditional,0.070400,1.072128,0.200704,1.343232
951,traditional,0.069472,1.052672,0.200704,1.322848
952,traditional,0.069088,1.044480,0.200704,1.314272
953,traditional,0.072704,1.249280,0.204800,1.526784
954,traditional,0.070176,1.022976,0.203776,1.296928
955,traditional,0.068832,1.041408,0.202752,1.312992
956,traditional,0.081280,1.062912,0.381952,1.526144
957,traditional,0.069024,1.051648,0.442368,1.563040
958,traditional,0.072224,1.239040,0.211968,1.523232
959,traditional,0.074592,1.086464,0.203776,1.364832
960,traditional,0.070656,1.342464,0.199680,1.612800
961,traditional,0.070880,1.469440,0.360448,1.900768
962,traditional,0.069792,1.214464,0.199680,1.483936
963,traditional,0.068928,1.044480,0.204800,1.318208
964,traditional,0.129856,2.033664,0.379904,2.543424
965,traditional,0.074080,1.543168,0.206848,1.824096
966,traditional,0.074496,1.265664,0.204800,1.544960
967,traditional,0.073344,1.444864,0.378880,1.897088
968,traditional,0.070432,1.224704,0.204800,1.499936
969,traditional,0.069056,1.456128,0.202752,1.727936
970,traditional,0.079264,1.438720,0.379904,1.897888
971,traditional,0.070144,1.056768,0.201728,1.328640
972,traditional,0.081344,1.032192,0.203776,1.317312
973,traditional,0.070496,1.243136,0.200704,1.514336
974,traditional,0.079456,1.032192,0.199680,1.311328
975,traditional,0.086464,1.041408,0.203776,1.331648
976,traditional,0.070656,1.314816,0.367616,1.753088
977,traditional,0.069728,1.563648,0.202752,1.836128
978,traditional,0.090336,1.078272,0.207872,1.376480
979,traditional,0.072544,1.617920,0.209920,1.900384
980,traditional,0.074048,1.230848,0.204800,1.509696
981,traditional,0.069792,1.049600,0.200704,1.320096
982,traditional,0.075296,1.221632,0.200704,1.497632
983,traditional,0.069888,1.028096,0.205824,1.303808
984,traditional,0.082112,1.582080,0.378880,2.043072
985,traditional,0.070112,1.030144,0.200704,1.300960
986,traditional,0.068800,1.041408,0.199680,1.309888
987,traditional,0.076096,1.260544,0.200704,1.537344
988,traditional,0.092864,1.022976,0.200704,1.316544
989,traditional,0.075616,1.515520,0.206848,1.797984
990,traditional,0.070272,1.226752,0.200704,1.497728
991,traditional,0.080288,1.297408,0.423936,1.801632
992,traditional,0.070144,1.040384,0.205824,1.316352
993,traditional,0.073472,1.555456,0.206848,1.835776
994,traditional,0.069888,1.299456,0.358400,1.727744
995,traditional,0.071488,1.252352,0.200704,1.524544
996,traditional,0.070112,1.020928,0.199680,1.290720
997,traditional,0.069056,1.043456,0.199680,1.312192
998,traditional,0.070272,1.046528,0.200704,1.317504
999,traditional,0.069632,1.017856,0.200704,1.288192
1000,traditional,0.072704,1.061888,0.199680,1.334272
1001,traditional,0.087584,1.270784,0.203776,1.562144
1002,traditional,0.081760,1.059840,0.199680,1.341280
1003,traditional,0.068320,1.019904,0.200704,1.288928
1004,traditional,0.071104,1.248256,0.200704,1.520064
1005,traditional,0.069600,1.051648,0.210944,1.332192
1006,traditional,0.080736,1.074176,0.200704,1.355616
1007,traditional,0.069440,1.041408,0.200704,1.311552
1008,traditional,0.075584,1.046528,0.199680,1.321792
1009,traditional,0.071136,1.039360,0.200704,1.311200
1010,traditional,0.079616,1.062912,0.200704,1.343232
1011,traditional,0.069248,1.025024,0.200704,1.294976
1012,traditional,0.074688,1.232896,0.200704,1.508288
1013,traditional,0.068960,1.050624,0.210944,1.330528
1014,traditional,0.073280,1.085440,0.495616,1.654336
1015,traditional,0.075040,1.048576,0.200704,1.324320
1016,traditional,0.070208,1.070080,0.200704,1.340992
1017,traditional,0.075616,1.027072,0.199680,1.302368
1018,traditional,0.071232,1.030144,0.428032,1.529408
1019,traditional,0.070272,1.403904,0.200704,1.674880
1020,traditional,0.069952,1.067008,0.203776,1.340736
1021,traditional,0.069056,1.027072,0.200704,1.296832
1022,traditional,0.073440,1.243136,0.200704,1.517280
1023,traditional,0.070048,1.026048,0.200704,1.296800
1024,traditional,0.069760,1.022976,0.200704,1.293440
1025,traditional,0.070144,1.234944,0.200704,1.505792
1026,traditional,0.069472,1.059840,0.200704,1.330016
1027,traditional,0.069632,1.021952,0.200704,1.292288
1028,traditional,0.077728,1.252352,0.199680,1.529760
1029,traditional,0.069824,1.429504,0.202752,1.702080
1030,traditional,0.073824,1.439744,0.201728,1.715296
1031,traditional,0.074656,1.071104,0.199680,1.345440
1032,traditional,0.068544,1.035264,0.200704,1.304512
1033,traditional,0.070016,1.245184,0.199680,1.514880
1034,traditional,0.074304,1.473536,0.380928,1.928768
1035,traditional,0.074336,1.442816,0.379904,1.897056
1036,traditional,0.088192,1.048576,0.199680,1.336448
1037,traditional,0.068416,1.597440,0.205824,1.871680
1038,traditional,0.077504,1.088512,0.201728,1.367744
1039,traditional,0.072000,1.018880,0.200704,1.291584
1040,traditional,0.074016,1.208320,0.199680,1.482016
1041,traditional,0.072832,1.446912,0.380928,1.900672
1042,traditional,0.074464,1.451008,0.381952,1.907424
1043,traditional,0.069792,1.078272,0.200704,1.348768
1044,traditional,0.069856,1.622016,0.211968,1.903840
1045,traditional,0.078112,1.060864,0.200704,1.339680
1046,traditional,0.071840,1.045504,0.199680,1.317024
1047,traditional,0.077792,1.036288,0.200704,1.314784
1048,traditional,0.069792,1.306624,0.356352,1.732768
1049,traditional,0.078496,1.443840,0.201728,1.724064
1050,traditional,0.069856,1.038336,0.204800,1.312992
1051,traditional,0.074432,1.411072,0.200704,1.686208
1052,traditional,0.071840,1.051648,0.199680,1.323168
1053,traditional,0.128544,2.057216,0.378880,2.564640
1054,traditional,0.128608,2.036736,0.379904,2.545248
1055,traditional,0.126880,2.373632,0.208896,2.709408
1056,traditional,0.077632,1.254400,0.202752,1.534784
1057,traditional,0.076064,1.108992,0.202752,1.387808
1058,traditional,0.077184,1.087488,0.206848,1.371520
1059,traditional,0.080640,1.042432,0.205824,1.328896
1060,traditional,0.073152,1.043456,0.201728,1.318336
1061,traditional,0.130208,2.104320,0.209920,2.444448
1062,traditional,0.071872,1.496064,0.399360,1.967296
1063,traditional,0.076512,1.759232,0.215040,2.050784
1064,traditional,0.081792,1.089536,0.209920,1.381248
1065,traditional,0.071392,1.510400,0.396288,1.978080
1066,traditional,0.077344,1.089536,0.209920,1.376800
1067,traditional,0.074144,1.270784,0.208896,1.553824
1068,traditional,0.071136,1.060864,0.205824,1.337824
1069,traditional,0.083488,1.470464,0.392192,1.946144
1070,traditional,0.072992,1.060864,0.210944,1.344800
1071,traditional,0.070592,1.056768,0.220160,1.347520
1072,traditional,0.076384,1.095680,0.215040,1.387104
1073,traditional,0.072160,1.056768,0.206848,1.335776
1074,traditional,0.080192,1.275904,0.209920,1.566016
1075,traditional,0.073824,1.482752,0.390144,1.946720
1076,traditional,0.072416,1.054720,0.210944,1.338080
1077,traditional,0.080704,1.445888,0.201728,1.728320
1078,traditional,0.069344,1.051648,0.211968,1.332960
1079,traditional,0.072928,1.064960,0.199680,1.337568
1080,traditional,0.071040,1.236992,0.212992,1.521024
1081,traditional,0.074208,1.426432,0.203776,1.704416
1082,traditional,0.074016,1.417216,0.201728,1.692960
1083,traditional,0.069120,1.087488,0.199680,1.356288
1084,traditional,0.069312,1.610752,0.211968,1.892032
1085,traditional,0.072544,1.339392,0.204800,1.616736
1086,traditional,0.068384,1.205248,0.199680,1.473312
1087,traditional,0.069344,1.048576,0.199680,1.317600
1088,traditional,0.070016,1.028096,0.428032,1.526144
1089,traditional,0.073376,1.552384,0.198656,1.824416
1090,traditional,0.144352,1.015808,0.199680,1.359840
1091,traditional,0.077792,1.044480,0.488448,1.610720
1092,traditional,0.070016,1.283072,0.358400,1.711488
1093,traditional,0.074592,1.218560,0.200704,1.493856
1094,traditional,0.069920,1.053696,0.203776,1.327392
1095,traditional,0.070080,1.013760,0.595968,1.679808
1096,traditional,0.142080,2.221056,0.378880,2.742016
1097,traditional,0.125312,1.034240,0.206848,1.366400
1098,traditional,0.069408,1.046528,0.199680,1.315616
1099,traditional,0.129632,2.288640,0.232448,2.650720
1100,traditional,0.080576,1.848320,0.237568,2.166464
1101,traditional,0.092800,1.863680,0.236544,2.193024
1102,traditional,0.089152,1.848320,0.234496,2.171968
1103,traditional,0.080448,1.658880,0.437248,2.176576
1104,traditional,0.080352,1.658880,0.442368,2.181600
1105,traditional,0.095520,1.240064,0.483328,1.818912
1106,traditional,0.087904,1.413120,0.233472,1.734496
1107,traditional,0.089056,1.664000,0.242688,1.995744
1108,traditional,0.406624,1.661952,0.234496,2.303072
1109,traditional,0.083264,1.224704,0.231424,1.539392
1110,traditional,0.080064,1.196032,0.231424,1.507520
1111,traditional,0.082336,1.188864,0.230400,1.501600
1112,traditional,0.078976,1.531904,0.522240,2.133120
1113,traditional,0.083584,1.402880,0.235520,1.721984
1114,traditional,0.109216,1.849344,0.235520,2.194080
1115,traditional,0.087232,1.850368,0.242688,2.180288
1116,traditional,0.083296,1.462272,0.409600,1.955168
1117,traditional,0.080000,1.735680,0.437248,2.252928
1118,traditional,0.081888,1.234944,0.243712,1.560544
1119,traditional,0.078848,1.198080,0.230400,1.507328
1120,traditional,0.084320,1.416192,0.243712,1.744224
1121,traditional,0.338368,1.658880,0.235520,2.232768
1122,traditional,0.083936,1.836032,0.240640,2.160608
1123,traditional,0.084000,1.216512,0.235520,1.536032
1124,traditional,0.080352,1.203200,0.234496,1.518048
1125,traditional,0.091040,1.436672,0.234496,1.762208
1126,traditional,0.102400,1.218560,0.233472,1.554432
1127,traditional,0.084032,1.870848,0.239616,2.194496
1128,traditional,0.083680,1.406976,0.232448,1.723104
1129,traditional,0.083712,1.832960,0.439296,2.355968
1130,traditional,0.082464,1.205248,0.230400,1.518112
1131,traditional,0.089888,1.218560,0.230400,1.538848
1132,traditional,0.080672,1.191936,0.230400,1.503008
1133,traditional,0.082176,1.210368,0.229376,1.521920
1134,traditional,0.081888,1.168384,0.225280,1.475552
1135,traditional,0.078752,1.189888,0.225280,1.493920
1136,traditional,0.077824,1.178624,0.226304,1.482752
1137,traditional,0.091232,1.376256,0.227328,1.694816
1138,traditional,0.078496,1.177600,0.230400,1.486496
1139,traditional,0.078016,1.734656,0.427008,2.239680
1140,traditional,0.080800,1.200128,0.242688,1.523616
1141,traditional,0.079936,1.208320,0.226304,1.514560
1142,traditional,0.078528,1.384448,0.226304,1.689280
1143,traditional,0.077920,1.172480,0.225280,1.475680
1144,traditional,0.078144,1.172480,0.226304,1.476928
1145,traditional,0.082464,1.419264,0.226304,1.728032
1146,traditional,0.077600,1.177600,0.226304,1.481504
1147,traditional,0.081920,1.822720,0.238592,2.143232
1148,traditional,0.078720,1.208320,0.231424,1.518464
1149,traditional,0.091680,1.701888,0.231424,2.024992
1150,traditional,0.082016,1.198080,0.226304,1.506400
1151,traditional,0.084160,1.576960,0.227328,1.888448
1152,traditional,0.081568,1.191936,0.230400,1.503904
1153,traditional,0.077760,1.211392,0.227328,1.516480
1154,traditional,0.090976,1.429504,0.227328,1.747808
1155,traditional,0.077920,1.165312,0.228352,1.471584
1156,traditional,0.077888,1.168384,0.227328,1.473600
1157,traditional,0.078816,1.221632,0.227328,1.527776
1158,traditional,0.078208,1.225728,0.226304,1.530240
1159,traditional,0.089504,1.185792,0.234496,1.509792
1160,traditional,0.089376,1.156096,0.222208,1.467680
1161,traditional,0.077280,1.163264,0.222208,1.462752
1162,traditional,0.084896,1.379328,0.222208,1.686432
1163,traditional,0.075936,1.163264,0.222208,1.461408
1164,traditional,0.076608,1.180672,0.222208,1.479488
1165,traditional,0.084640,1.178624,0.221184,1.484448
1166,traditional,0.080192,1.168384,0.223232,1.471808
1167,traditional,0.074400,1.339392,0.214016,1.627808
1168,traditional,0.075392,1.516544,0.417792,2.009728
1169,traditional,0.074272,1.142784,0.222208,1.439264
1170,traditional,0.079264,1.400832,0.214016,1.694112
1171,traditional,0.075040,1.353728,0.217088,1.645856
1172,traditional,0.074432,1.099776,0.214016,1.388224
1173,traditional,0.078336,1.231872,0.201728,1.511936
1174,traditional,0.069600,1.038336,0.212992,1.320928
1175,traditional,0.096736,1.481728,0.394240,1.972704
1176,traditional,0.074400,1.038336,0.201728,1.314464
1177,traditional,0.076320,1.042432,0.201728,1.320480
1178,traditional,0.070560,1.231872,0.203776,1.506208
1179,traditional,0.078592,1.434624,0.394240,1.907456
1180,traditional,0.069728,1.453056,0.202752,1.725536
1181,traditional,0.069888,1.074176,0.200704,1.344768
1182,traditional,0.074144,1.243136,0.199680,1.516960
1183,traditional,0.070688,1.483776,0.377856,1.932320
1184,traditional,0.099200,1.464320,0.385024,1.948544
1185,traditional,0.069888,1.058816,0.199680,1.328384
1186,traditional,0.069664,1.038336,0.199680,1.307680
1187,traditional,0.069888,1.054720,0.200704,1.325312
1188,traditional,0.068800,1.056768,0.199680,1.325248
1189,traditional,0.071264,1.042432,0.201728,1.315424
1190,traditional,0.074688,1.418240,0.204800,1.697728
1191,traditional,0.085120,1.473536,0.381952,1.940608
1192,traditional,0.075488,1.470464,0.382976,1.928928
1193,traditional,0.075040,1.035264,0.199680,1.309984
1194,traditional,0.072320,1.637376,0.221184,1.930880
1195,traditional,0.088288,1.281024,0.205824,1.575136
1196,traditional,0.073184,1.055744,0.199680,1.328608
1197,traditional,0.070272,1.035264,0.199680,1.305216
1198,traditional,0.072960,1.019904,0.200704,1.293568
1199,traditional,0.070976,1.063936,0.200704,1.335616
1200,traditional,0.070592,1.212416,0.200704,1.483712
1201,traditional,0.071200,1.296384,0.359424,1.727008
1202,traditional,0.074784,1.448960,0.201728,1.725472
1203,traditional,0.069376,1.053696,0.203776,1.326848
1204,traditional,0.073184,1.017856,0.199680,1.290720
1205,traditional,0.074336,1.229824,0.204800,1.508960
1206,traditional,0.073056,1.463296,0.386048,1.922400
1207,traditional,0.073312,1.285120,0.204800,1.563232
1208,traditional,0.070176,1.041408,0.435200,1.546784
1209,traditional,0.070976,1.027072,0.200704,1.298752
1210,traditional,0.074720,1.037312,0.201728,1.313760
1211,traditional,0.069248,1.022976,0.423936,1.516160
1212,traditional,0.074400,1.259520,0.203776,1.537696
1213,traditional,0.070592,1.050624,0.200704,1.321920
1214,traditional,0.072896,1.114112,0.200704,1.387712
1215,traditional,0.069280,1.047552,0.200704,1.317536
1216,traditional,0.070336,1.020928,0.200704,1.291968
1217,traditional,0.069536,1.316864,0.362496,1.748896
1218,traditional,0.069472,1.615872,0.380928,2.066272
1219,traditional,0.081632,1.060864,0.228352,1.370848
1220,traditional,0.069472,1.032192,0.488448,1.590112
1221,traditional,0.070368,1.067008,0.200704,1.338080
1222,traditional,0.068480,1.080320,0.425984,1.574784
1223,traditional,0.075360,1.236992,0.200704,1.513056
1224,traditional,0.073344,1.351680,0.362496,1.787520
1225,traditional,0.078208,1.483776,0.379904,1.941888
1226,traditional,0.077216,1.055744,0.226304,1.359264
1227,traditional,0.068832,1.032192,0.200704,1.301728
1228,traditional,0.070688,1.041408,0.199680,1.311776
1229,traditional,0.075328,1.432576,0.203776,1.711680
1230,traditional,0.074848,1.414144,0.381952,1.870944
1231,traditional,0.074208,1.047552,0.200704,1.322464
1232,traditional,0.079680,1.075200,0.200704,1.355584
1233,traditional,0.070112,1.275904,0.200704,1.546720
1234,traditional,0.079712,1.056768,0.199680,1.336160
1235,traditional,0.072192,1.297408,0.428032,1.797632
1236,traditional,0.077984,1.221632,0.200704,1.500320
1237,traditional,0.074144,1.428480,0.379904,1.882528
1238,traditional,0.072896,1.478656,0.382976,1.934528
1239,traditional,0.071840,1.118208,0.199680,1.389728
1240,traditional,0.088416,1.041408,0.200704,1.330528
1241,traditional,0.075648,1.083392,0.200704,1.359744
1242,traditional,0.080992,1.057792,0.211968,1.350752
1243,traditional,0.068704,1.022976,0.200704,1.292384
1244,traditional,0.086944,1.304576,0.204800,1.596320
1245,traditional,0.070944,1.421312,0.204800,1.697056
1246,traditional,0.070496,1.453056,0.204800,1.728352
1247,traditional,0.076960,1.095680,0.199680,1.372320
1248,traditional,0.072192,1.029120,0.199680,1.300992
1249,traditional,0.075552,1.249280,0.200704,1.525536
1250,traditional,0.068768,1.317888,0.358400,1.745056
1251,traditional,0.089568,1.252352,0.200704,1.542624
1252,traditional,0.073568,1.069056,0.202752,1.345376
1253,traditional,0.075552,1.044480,0.204800,1.324832
1254,traditional,0.071200,1.040384,0.200704,1.312288
1255,traditional,0.077216,1.309696,0.362496,1.749408
1256,traditional,0.070208,1.586176,0.384000,2.040384
1257,traditional,0.070560,1.144832,0.200704,1.416096
1258,traditional,0.069888,1.337344,0.462848,1.870080
1259,traditional,0.073184,1.448960,0.201728,1.723872
1260,traditional,0.069664,1.030144,0.200704,1.300512
1261,traditional,0.075680,1.501184,0.380928,1.957792
1262,traditional,0.069600,1.047552,0.203776,1.320928
1263,traditional,0.099712,1.256448,0.200704,1.556864
1264,traditional,0.069408,1.073152,0.204800,1.347360
1265,traditional,0.078304,1.251328,0.203776,1.533408
1266,traditional,0.075680,1.485824,0.392192,1.953696
1267,traditional,0.075104,1.417216,0.200704,1.693024
1268,traditional,0.083840,1.048576,0.199680,1.332096
1269,traditional,0.088576,1.783808,0.231424,2.103808
1270,traditional,0.076704,1.589248,0.222208,1.888160
1271,traditional,0.083232,1.559552,0.226304,1.869088
1272,traditional,0.081664,1.604608,0.420864,2.107136
1273,traditional,0.086880,1.195008,0.223232,1.505120
1274,traditional,0.077088,1.133568,0.222208,1.432864
1275,traditional,0.083744,1.463296,0.235520,1.782560
1276,traditional,0.080224,1.644544,0.234496,1.959264
1277,traditional,0.084064,1.264640,0.237568,1.586272
1278,traditional,0.080256,1.222656,0.234496,1.537408
1279,traditional,0.086016,1.250304,0.234496,1.570816
1280,traditional,0.081184,1.216512,0.234496,1.532192
1281,traditional,0.089568,1.251328,0.233472,1.574368
1282,traditional,0.090784,1.260544,0.234496,1.585824
1283,traditional,0.079520,1.227776,0.232448,1.539744
1284,traditional,0.100256,1.209344,0.229376,1.538976
1285,traditional,0.092416,1.204224,0.229376,1.526016
1286,traditional,0.080704,1.186816,0.229376,1.496896
1287,traditional,0.078400,1.636352,0.235520,1.950272
1288,traditional,0.094848,1.414144,0.226304,1.735296
1289,traditional,0.078144,1.666048,0.229376,1.973568
1290,traditional,0.086272,1.173504,0.227328,1.487104
1291,traditional,0.080576,1.198080,0.227328,1.505984
1292,traditional,0.079680,1.191936,0.226304,1.497920
1293,traditional,0.082432,1.204224,0.226304,1.512960
1294,traditional,0.086976,1.183744,0.227328,1.498048
1295,traditional,0.090432,1.184768,0.226304,1.501504
1296,traditional,0.074816,1.147904,0.217088,1.439808
1297,traditional,0.074688,1.165312,0.217088,1.457088
1298,traditional,0.085184,1.168384,0.219136,1.472704
1299,traditional,0.082528,1.163264,0.226304,1.472096
1300,traditional,0.076544,1.130496,0.457728,1.664768
1301,traditional,0.086432,1.169408,0.219136,1.474976
1302,traditional,0.076352,1.182720,0.219136,1.478208
1303,traditional,0.078368,1.131520,0.219136,1.429024
1304,traditional,0.090496,1.130496,0.219136,1.440128
1305,traditional,0.075904,1.125376,0.215040,1.416320
1306,traditional,0.075808,1.134592,0.219136,1.429536
1307,traditional,0.080544,1.160192,0.233472,1.474208
1308,traditional,0.087456,1.135616,0.223232,1.446304
1309,traditional,0.093152,1.402880,0.225280,1.721312
1310,traditional,0.089344,1.133568,0.222208,1.445120
1311,traditional,0.081792,1.181696,0.226304,1.489792
1312,traditional,0.077536,1.165312,0.222208,1.465056
1313,traditional,0.076992,1.157120,0.222208,1.456320
1314,traditional,0.078208,1.517568,0.391168,1.986944
1315,traditional,0.070912,1.061888,0.208896,1.341696
1316,traditional,0.070528,1.077248,0.204800,1.352576
1317,traditional,0.070272,1.057792,0.204800,1.332864
1318,traditional,0.094464,1.091584,0.208896,1.394944
1319,traditional,0.076384,1.080320,0.204800,1.361504
1320,traditional,0.076576,1.371136,0.482304,1.930016
1321,traditional,0.073888,1.277952,0.204800,1.556640
1322,traditional,0.070784,1.069056,0.203776,1.343616
1323,traditional,0.070496,1.055744,0.209920,1.336160
1324,traditional,0.073440,1.081344,0.200704,1.355488
1325,traditional,0.070752,1.042432,0.204800,1.317984
1326,traditional,0.075648,1.360896,0.484352,1.920896
1327,traditional,0.090816,1.267712,0.206848,1.565376
1328,traditional,0.074816,1.064960,0.203776,1.343552
1329,traditional,0.071936,1.052672,0.204800,1.329408
1330,traditional,0.078592,1.085440,0.203776,1.367808
1331,traditional,0.081312,1.042432,0.204800,1.328544
1332,traditional,0.076576,1.060864,0.205824,1.343264
1333,traditional,0.076160,1.049600,0.204800,1.330560
1334,traditional,0.076640,1.686528,0.225280,1.988448
1335,traditional,0.080096,1.020928,0.200704,1.301728
1336,traditional,0.075328,1.054720,0.200704,1.330752
1337,traditional,0.070368,1.421312,0.206848,1.698528
1338,traditional,0.075712,1.045504,0.200704,1.321920
1339,traditional,0.070144,1.018880,0.199680,1.288704
1340,traditional,0.070176,1.040384,0.199680,1.310240
1341,traditional,0.074176,1.015808,0.198656,1.288640
1342,traditional,0.073952,1.021952,0.199680,1.295584
1343,traditional,0.082080,1.014784,0.199680,1.296544
1344,traditional,0.074144,1.018880,0.199680,1.292704
1345,traditional,0.069120,1.602560,0.208896,1.880576
1346,traditional,0.074752,1.262592,0.208896,1.546240
1347,traditional,0.068960,1.065984,0.199680,1.334624
1348,traditional,0.071520,1.229824,0.203776,1.505120
1349,traditional,0.078592,1.016832,0.200704,1.296128
1350,traditional,0.075040,1.415168,0.202752,1.692960
1351,traditional,0.075680,1.052672,0.199680,1.328032
1352,traditional,0.083200,1.074176,0.199680,1.357056
1353,traditional,0.069664,1.046528,0.199680,1.315872
1354,traditional,0.070272,1.015808,0.199680,1.285760
1355,traditional,0.076160,1.021952,0.200704,1.298816
1356,traditional,0.069312,1.036288,0.199680,1.305280
1357,traditional,0.069952,1.026048,0.199680,1.295680
1358,traditional,0.076192,1.042432,0.199680,1.318304
1359,traditional,0.073472,1.040384,0.198656,1.312512
1360,traditional,0.076256,1.049600,0.202752,1.328608
1361,traditional,0.083424,1.047552,0.199680,1.330656
1362,traditional,0.073024,1.277952,0.356352,1.707328
1363,traditional,0.069088,1.543168,0.202752,1.815008
1364,traditional,0.074560,1.053696,0.199680,1.327936
1365,traditional,0.068192,1.033216,0.204800,1.306208
1366,traditional,0.071040,1.014784,0.199680,1.285504
1367,traditional,0.076864,1.027072,0.200704,1.304640
1368,traditional,0.071456,1.024000,0.200704,1.296160
1369,traditional,0.075232,1.065984,0.199680,1.340896
1370,traditional,0.069408,1.022976,0.199680,1.292064
1371,traditional,0.071232,1.050624,0.486400,1.608256
1372,traditional,0.078432,1.227776,0.203776,1.509984
1373,traditional,0.073952,1.059840,0.200704,1.334496
1374,traditional,0.069664,1.032192,0.199680,1.301536
1375,traditional,0.075008,1.253376,0.206848,1.535232
1376,traditional,0.070464,1.032192,0.199680,1.302336
1377,traditional,0.069952,1.015808,0.199680,1.285440
1378,traditional,0.074688,1.248256,0.200704,1.523648
1379,traditional,0.070016,1.400832,0.203776,1.674624
1380,traditional,0.085536,1.433600,0.396288,1.915424
1381,traditional,0.074976,1.238016,0.200704,1.513696
1382,traditional,0.070144,1.039360,0.203776,1.313280
1383,traditional,0.069760,1.232896,0.200704,1.503360
1384,traditional,0.070752,1.020928,0.199680,1.291360
1385,traditional,0.069088,1.079296,0.199680,1.348064
1386,traditional,0.072896,1.609728,0.205824,1.888448
1387,traditional,0.081792,1.065984,0.225280,1.373056
1388,traditional,0.070080,1.045504,0.199680,1.315264
1389,traditional,0.069952,1.022976,0.199680,1.292608
1390,traditional,0.080768,1.307648,0.359424,1.747840
1391,traditional,0.082784,1.524736,0.201728,1.809248
1392,traditional,0.070080,1.064960,0.206848,1.341888
1393,traditional,0.070656,1.041408,0.200704,1.312768
1394,traditional,0.083840,1.065984,0.206848,1.356672
1395,traditional,0.075808,1.098752,0.201728,1.376288
1396,traditional,0.070208,1.048576,0.202752,1.321536
1397,traditional,0.077472,1.264640,0.202752,1.544864
1398,traditional,0.071520,1.440768,0.202752,1.715040
1399,traditional,0.082048,1.055744,0.206848,1.344640
1400,traditional,0.097184,1.068032,0.201728,1.366944
1401,traditional,0.076032,1.061888,0.201728,1.339648
1402,traditional,0.069952,1.053696,0.202752,1.326400
1403,traditional,0.073440,1.266688,0.206848,1.546976
1404,traditional,0.075840,1.458176,0.204800,1.738816
1405,traditional,0.074720,1.462272,0.392192,1.929184
1406,traditional,0.078912,1.054720,0.208896,1.342528
1407,traditional,0.074688,1.263616,0.199680,1.537984
1408,traditional,0.077440,1.431552,0.380928,1.889920
1409,traditional,0.074432,1.424384,0.379904,1.878720
1410,traditional,0.070592,1.072128,0.199680,1.342400
1411,traditional,0.069440,1.024000,0.492544,1.585984
1412,traditional,0.071776,1.218560,0.199680,1.490016
1413,traditional,0.069824,1.040384,0.199680,1.309888
1414,traditional,0.069344,1.056768,0.200704,1.326816
1415,traditional,0.071808,1.221632,0.200704,1.494144
1416,traditional,0.070304,1.037312,0.205824,1.313440
1417,traditional,0.082880,1.605632,0.211968,1.900480
1418,traditional,0.071456,1.069056,0.204800,1.345312
1419,traditional,0.086816,1.646592,0.394240,2.127648
1420,traditional,0.071424,1.056768,0.205824,1.334016
1421,traditional,0.082048,1.096704,0.205824,1.384576
1422,traditional,0.097440,1.280000,0.206848,1.584288
1423,traditional,0.070848,1.051648,0.208896,1.331392
1424,traditional,0.093472,1.025024,0.498688,1.617184
1425,traditional,0.071008,1.035264,0.431104,1.537376
1426,traditional,0.075168,1.439744,0.201728,1.716640
1427,traditional,0.069856,1.046528,0.205824,1.322208
1428,traditional,0.069632,1.053696,0.200704,1.324032
1429,traditional,0.074432,1.249280,0.200704,1.524416
1430,traditional,0.070560,1.051648,0.200704,1.322912
1431,traditional,0.091488,1.036288,0.203776,1.331552
1432,traditional,0.070592,1.610752,0.208896,1.890240
1433,traditional,0.071168,1.028096,0.435200,1.534464
1434,traditional,0.070496,1.543168,0.382976,1.996640
1435,traditional,0.070304,1.036288,0.200704,1.307296
1436,traditional,0.073888,1.040384,0.202752,1.317024
1437,traditional,0.074112,1.253376,0.200704,1.528192
1438,traditional,0.072416,1.049600,0.204800,1.326816
1439,traditional,0.069216,1.336320,0.467968,1.873504
1440,traditional,0.071840,1.511424,0.362496,1.945760
1441,traditional,0.069984,1.249280,0.201728,1.520992
1442,traditional,0.068992,1.046528,0.204800,1.320320
1443,traditional,0.073568,1.027072,0.444416,1.545056
1444,traditional,0.075712,1.585152,0.386048,2.046912
1445,traditional,0.070208,1.026048,0.201728,1.297984
1446,traditional,0.082752,1.356800,0.672768,2.112320
1447,traditional,0.125632,2.016256,0.379904,2.521792
1448,traditional,0.125568,1.251328,0.200704,1.577600
1449,traditional,0.072704,1.244160,0.200704,1.517568
1450,traditional,0.075040,1.417216,0.205824,1.698080
1451,traditional,0.074784,1.453056,0.392192,1.920032
1452,traditional,0.087552,1.092608,0.200704,1.380864
1453,traditional,0.070112,1.024000,0.200704,1.294816
1454,traditional,0.129280,1.596416,0.201728,1.927424
1455,traditional,0.070656,1.035264,0.201728,1.307648
1456,traditional,0.071520,1.021952,0.486400,1.579872
1457,traditional,0.075424,1.358848,0.360448,1.794720
1458,traditional,0.076480,1.460224,0.402432,1.939136
1459,traditional,0.070144,1.058816,0.211968,1.340928
1460,traditional,0.069312,1.051648,0.200704,1.321664
1461,traditional,0.079040,1.260544,0.200704,1.540288
1462,traditional,0.077088,1.094656,0.199680,1.371424
1463,traditional,0.071328,1.332224,0.459776,1.863328
1464,traditional,0.070752,1.233920,0.208896,1.513568
1465,traditional,0.072672,1.210368,0.200704,1.483744
1466,traditional,0.069536,1.076224,0.199680,1.345440
1467,traditional,0.070688,1.026048,0.204800,1.301536
1468,traditional,0.070144,1.557504,0.202752,1.830400
1469,traditional,0.069952,1.034240,0.199680,1.303872
1470,traditional,0.084576,1.061888,0.490496,1.636960
1471,traditional,0.075360,2.899968,0.416768,3.392096
1472,traditional,0.139616,2.390016,0.225280,2.754912
1473,traditional,0.079616,1.528832,0.406528,2.014976
1474,traditional,0.074752,1.591296,0.408576,2.074624
1475,traditional,0.074272,1.159168,0.215040,1.448480
1476,traditional,0.074368,1.114112,0.216064,1.404544
1477,traditional,0.079584,1.338368,0.217088,1.635040
1478,traditional,0.074848,1.110016,0.215040,1.399904
1479,traditional,0.080288,1.146880,0.216064,1.443232
1480,traditional,0.079328,1.330176,0.232448,1.641952
1481,traditional,0.089920,1.124352,0.216064,1.430336
1482,traditional,0.082464,1.116160,0.216064,1.414688
1483,traditional,0.080192,1.342464,0.220160,1.642816
1484,traditional,0.079232,1.148928,0.222208,1.450368
1485,traditional,0.076352,1.135616,0.223232,1.435200
1486,traditional,0.079936,1.361920,0.223232,1.665088
1487,traditional,0.084736,1.811456,0.228352,2.124544
1488,traditional,0.081280,1.561600,0.418816,2.061696
1489,traditional,0.085472,1.175552,0.222208,1.483232
1490,traditional,0.086336,1.142784,0.220160,1.449280
1491,traditional,0.079168,1.402880,0.224256,1.706304
1492,traditional,0.075776,1.543168,0.216064,1.835008
1493,traditional,0.075200,1.119232,0.224256,1.418688
1494,traditional,0.074528,1.107968,0.522240,1.704736
1495,traditional,0.091968,1.554432,0.417792,2.064192
1496,traditional,0.076224,1.118208,0.219136,1.413568
1497,traditional,0.075264,1.172480,0.219136,1.466880
1498,traditional,0.077440,1.576960,0.415744,2.070144
1499,traditional,0.081312,1.569792,0.425984,2.077088
1500,traditional,0.076928,1.148928,0.219136,1.444992
1501,traditional,0.074976,1.453056,0.499712,2.027744
1502,traditional,0.078848,1.505280,0.215040,1.799168
1503,traditional,0.073920,1.107968,0.215040,1.396928
1504,traditional,0.078208,1.558528,0.413696,2.050432
1505,traditional,0.074272,1.403904,0.384000,1.862176
1506,traditional,0.075424,1.636352,0.408576,2.120352
1507,traditional,0.074784,1.366016,0.219136,1.659936
1508,traditional,0.080672,1.511424,0.215040,1.807136
1509,traditional,0.074976,1.358848,0.223232,1.657056
1510,traditional,0.079136,1.323008,0.219136,1.621280
1511,traditional,0.086560,1.102848,0.219136,1.408544
1512,traditional,0.074016,1.716224,0.224256,2.014496
1513,traditional,0.074560,1.112064,0.461824,1.648448
1514,traditional,0.078496,1.671168,0.408576,2.158240
1515,traditional,0.077248,1.105920,0.215040,1.398208
1516,traditional,0.081824,1.129472,0.215040,1.426336
1517,traditional,0.074560,1.111040,0.219136,1.404736
1518,traditional,0.082656,1.111040,0.215040,1.408736
1519,traditional,0.087168,1.523712,0.242688,1.853568
1520,traditional,0.086624,1.199104,0.473088,1.758816
1521,traditional,0.086304,1.605632,0.240640,1.932576
1522,traditional,0.095488,1.850368,0.232448,2.178304
1523,traditional,0.091552,1.624064,0.430080,2.145696
1524,traditional,0.086944,1.632256,0.229376,1.948576
1525,traditional,0.086400,1.650688,0.431104,2.168192
1526,traditional,0.084736,1.857536,0.233472,2.175744
1527,traditional,0.081472,1.831936,0.236544,2.149952
1528,traditional,0.080288,1.434624,0.389120,1.904032
1529,traditional,0.087744,1.586176,0.422912,2.096832
1530,traditional,0.084704,1.770496,0.230400,2.085600
1531,traditional,0.078432,1.222656,0.224256,1.525344
1532,traditional,0.080704,1.401856,0.221184,1.703744
1533,traditional,0.074976,1.184768,0.221184,1.480928
1534,traditional,0.077184,1.170432,0.221184,1.468800
1535,traditional,0.076864,1.414144,0.224256,1.715264
1536,traditional,0.080320,1.594368,0.423936,2.098624
1537,traditional,0.092448,1.852416,0.229376,2.174240
1538,traditional,0.084704,1.170432,0.224256,1.479392
1539,traditional,0.081760,1.197056,0.224256,1.503072
1540,traditional,0.078048,1.390592,0.228352,1.696992
1541,traditional,0.082240,1.186816,0.236544,1.505600
1542,traditional,0.077344,1.187840,0.224256,1.489440
1543,traditional,0.080480,1.167360,0.229376,1.477216
1544,traditional,0.092032,1.377280,0.221184,1.690496
1545,traditional,0.082976,1.127424,0.219136,1.429536
1546,traditional,0.075392,1.453056,0.495616,2.024064
1547,traditional,0.079776,1.341440,0.225280,1.646496
1548,traditional,0.080192,1.772544,0.222208,2.074944
1549,traditional,0.089504,1.555456,0.414720,2.059680
1550,traditional,0.079136,1.133568,0.218112,1.430816
1551,traditional,0.086144,1.096704,0.210944,1.393792
1552,traditional,0.075296,1.277952,0.210944,1.564192
1553,traditional,0.075808,1.086464,0.216064,1.378336
1554,traditional,0.073600,1.085440,0.522240,1.681280
1555,traditional,0.081952,1.513472,0.401408,1.996832
1556,traditional,0.077280,1.556480,0.402432,2.036192
1557,traditional,0.082720,1.512448,0.414720,2.009888
1558,traditional,0.086720,1.532928,0.403456,2.023104
1559,traditional,0.082144,1.122304,0.209920,1.414368
1560,traditional,0.073024,1.076224,0.510976,1.660224
1561,traditional,0.082208,1.300480,0.209920,1.592608
1562,traditional,0.073632,1.080320,0.210944,1.364896
1563,traditional,0.073056,1.117184,0.210944,1.401184
1564,traditional,0.078688,1.345536,0.377856,1.802080
1565,traditional,0.077152,1.628160,0.401408,2.106720
1566,traditional,0.075136,1.084416,0.210944,1.370496
1567,traditional,0.074912,1.110016,0.210944,1.395872
1568,traditional,0.079296,1.325056,0.210944,1.615296
1569,traditional,0.094528,1.108992,0.214016,1.417536
1570,traditional,0.073536,1.091584,0.212992,1.378112
1571,traditional,0.079328,1.110016,0.214016,1.403360
1572,traditional,0.073184,1.095680,0.212992,1.381856
1573,traditional,0.091648,1.319936,0.214016,1.625600
1574,traditional,0.087168,1.334272,0.214016,1.635456
1575,traditional,0.074528,1.115136,0.217088,1.406752
1576,traditional,0.072224,1.089536,0.209920,1.371680
1577,traditional,0.071232,1.085440,0.521216,1.677888
1578,traditional,0.076704,1.304576,0.208896,1.590176
1579,traditional,0.071488,1.057792,0.212992,1.342272
1580,traditional,0.071904,1.077248,0.208896,1.358048
1581,traditional,0.082112,1.083392,0.209920,1.375424
1582,traditional,0.076256,1.055744,0.207872,1.339872
1583,traditional,0.075552,1.081344,0.207872,1.364768
1584,traditional,0.077472,1.303552,0.207872,1.588896
1585,traditional,0.072768,1.337344,0.382976,1.793088
1586,traditional,0.089344,1.286144,0.208896,1.584384
1587,traditional,0.073984,1.113088,0.207872,1.394944
1588,traditional,0.072416,1.059840,0.505856,1.638112
1589,traditional,0.077888,1.067008,0.208896,1.353792
1590,traditional,0.082944,1.113088,0.207872,1.403904
1591,traditional,0.073792,1.072128,0.205824,1.351744
1592,traditional,0.071456,1.090560,0.205824,1.367840
1593,traditional,0.071776,1.076224,0.205824,1.353824
1594,traditional,0.085088,1.078272,0.206848,1.370208
1595,traditional,0.089440,1.319936,0.369664,1.779040
1596,traditional,0.072128,1.051648,0.522240,1.646016
1597,traditional,0.084832,1.049600,0.200704,1.335136
1598,traditional,0.075072,1.264640,0.204800,1.544512
1599,traditional,0.074304,1.274880,0.204800,1.553984
1600,traditional,0.074080,1.039360,0.201728,1.315168
1601,traditional,0.069696,1.035264,0.201728,1.306688
1602,traditional,0.075232,1.044480,0.203776,1.323488
1603,traditional,0.075616,1.043456,0.203776,1.322848
1604,traditional,0.071392,1.431552,0.210944,1.713888
1605,traditional,0.074368,1.083392,0.205824,1.363584
1606,traditional,0.071424,1.460224,0.393216,1.924864
1607,traditional,0.072128,1.070080,0.206848,1.349056
1608,traditional,0.071840,1.048576,0.205824,1.326240
1609,traditional,0.076992,1.281024,0.209920,1.567936
1610,traditional,0.076800,1.645568,0.208896,1.931264
1611,traditional,0.084352,1.662976,0.209920,1.957248
1612,traditional,0.079936,1.102848,0.435200,1.617984
1613,traditional,0.076800,1.461248,0.207872,1.745920
1614,traditional,0.074240,1.088512,0.204800,1.367552
1615,traditional,0.081920,1.069056,0.203776,1.354752
1616,traditional,0.072192,1.244160,0.204800,1.521152
1617,traditional,0.074432,1.055744,0.203776,1.333952
1618,traditional,0.075520,1.052672,0.204800,1.332992
1619,traditional,0.071040,1.083392,0.439296,1.593728
1620,traditional,0.072256,1.589248,0.391168,2.052672
1621,traditional,0.071584,1.134592,0.206848,1.413024
1622,traditional,0.078368,1.036288,0.202752,1.317408
1623,traditional,0.076096,1.051648,0.202752,1.330496
1624,traditional,0.071328,1.049600,0.202752,1.323680
1625,traditional,0.078336,1.262592,0.202752,1.543680
1626,traditional,0.084064,1.084416,0.202752,1.371232
1627,traditional,0.070784,1.039360,0.202752,1.312896
1628,traditional,0.079712,1.254400,0.204800,1.538912
1629,traditional,0.081216,1.055744,0.207872,1.344832
1630,traditional,0.070752,1.379328,0.471040,1.921120
1631,traditional,0.072000,1.246208,0.450560,1.768768
1632,traditional,0.072832,1.597440,0.397312,2.067584
1633,traditional,0.072064,1.064960,0.207872,1.344896
1634,traditional,0.074784,1.572864,0.209920,1.857568
1635,traditional,0.076480,1.266688,0.206848,1.550016
1636,traditional,0.077760,1.656832,0.391168,2.125760
1637,traditional,0.071968,1.073152,0.203776,1.348896
1638,traditional,0.075328,1.108992,0.204800,1.389120
1639,traditional,0.077696,1.062912,0.204800,1.345408
1640,traditional,0.070464,1.053696,0.204800,1.328960
1641,traditional,0.074912,1.263616,0.200704,1.539232
1642,traditional,0.069216,1.059840,0.200704,1.329760
1643,traditional,0.075296,1.598464,0.387072,2.060832
1644,traditional,0.072000,1.067008,0.444416,1.583424
1645,traditional,0.070752,1.245184,0.204800,1.520736
1646,traditional,0.071008,1.376256,0.365568,1.812832
1647,traditional,0.070784,1.588224,0.390144,2.049152
1648,traditional,0.071584,1.070080,0.432128,1.573792
1649,traditional,0.103968,1.083392,0.391168,1.578528
1650,traditional,0.069952,1.042432,0.202752,1.315136
1651,traditional,0.074976,1.703936,0.211968,1.990880
1652,traditional,0.074880,1.053696,0.202752,1.331328
1653,traditional,0.085472,1.072128,0.203776,1.361376
1654,traditional,0.073120,1.061888,0.214016,1.349024
1655,traditional,0.080832,1.057792,0.201728,1.340352
1656,traditional,0.071072,1.072128,0.215040,1.358240
1657,traditional,0.078592,1.065984,0.200704,1.345280
1658,traditional,0.071584,1.457152,0.205824,1.734560
1659,traditional,0.159616,1.079296,0.202752,1.441664
1660,traditional,0.071648,1.047552,0.203776,1.322976
1661,traditional,0.077440,1.255424,0.203776,1.536640
1662,traditional,0.070752,1.050624,0.206848,1.328224
1663,traditional,0.071008,1.089536,0.202752,1.363296
1664,traditional,0.076320,1.281024,0.202752,1.560096
1665,traditional,0.070272,1.041408,0.200704,1.312384
1666,traditional,0.073440,1.532928,0.465920,2.072288
1667,traditional,0.070208,1.039360,0.424960,1.534528
1668,traditional,0.081568,1.424384,0.200704,1.706656
1669,traditional,0.071168,1.043456,0.204800,1.319424
1670,traditional,0.077440,1.437696,0.200704,1.715840
1671,traditional,0.072224,1.045504,0.214016,1.331744
1672,traditional,0.080896,1.847296,0.399360,2.327552
1673,traditional,0.125440,2.747392,0.386048,3.258880
1674,traditional,0.323200,1.669120,0.396288,2.388608
1675,traditional,0.075328,1.082368,0.205824,1.363520
1676,traditional,0.075200,1.125376,0.797696,1.998272
1677,traditional,0.134336,2.064384,0.509952,2.708672
1678,traditional,0.071808,1.591296,0.211968,1.875072
1679,traditional,0.071552,1.383424,0.205824,1.660800
1680,traditional,0.071040,1.830912,0.210944,2.112896
1681,traditional,0.071680,1.049600,0.204800,1.326080
1682,traditional,0.073888,1.125376,0.718848,1.918112
1683,traditional,0.137344,3.020800,0.296960,3.455104
1684,traditional,0.075712,1.761280,0.222208,2.059200
1685,traditional,0.083392,1.532928,0.223232,1.839552
1686,traditional,0.084320,1.755136,0.239616,2.079072
1687,traditional,0.090976,1.150976,0.216064,1.458016
1688,traditional,0.074560,1.123328,0.216064,1.413952
1689,traditional,0.083680,1.368064,0.221184,1.672928
1690,traditional,0.076640,1.125376,0.215040,1.417056
1691,traditional,0.074432,1.115136,0.215040,1.404608
1692,traditional,0.075840,1.140736,0.214016,1.430592
1693,traditional,0.076576,1.350656,0.215040,1.642272
1694,traditional,0.077472,1.540096,0.404480,2.022048
1695,traditional,0.080224,1.125376,0.214016,1.419616
1696,traditional,0.089408,1.106944,0.212992,1.409344
1697,traditional,0.081536,1.063936,0.205824,1.351296
1698,traditional,0.080640,1.078272,0.208896,1.367808
1699,traditional,0.071136,1.047552,0.224256,1.342944
1700,traditional,0.076832,1.099776,0.393216,1.569824
1701,traditional,0.071712,1.059840,0.204800,1.336352
1702,traditional,0.071456,1.057792,0.208896,1.338144
1703,traditional,0.070688,1.052672,0.200704,1.324064
1704,traditional,0.072736,1.547264,0.466944,2.086944
1705,traditional,0.070016,1.246208,0.217088,1.533312
1706,traditional,0.082656,1.038336,0.200704,1.321696
1707,traditional,0.076032,1.233920,0.200704,1.510656
1708,traditional,0.069312,1.043456,0.201728,1.314496
1709,traditional,0.075488,1.073152,0.212992,1.361632
1710,traditional,0.073312,1.062912,0.200704,1.336928
1711,traditional,0.081088,1.022976,0.200704,1.304768
1712,traditional,0.078976,1.287168,0.214016,1.580160
1713,traditional,0.069184,1.445888,0.202752,1.717824
1714,traditional,0.245216,1.090560,0.204800,1.540576
1715,traditional,0.072160,1.057792,0.496640,1.626592
1716,traditional,0.075520,1.430528,0.199680,1.705728
1717,traditional,0.069632,1.034240,0.199680,1.303552
1718,traditional,0.073248,1.044480,0.200704,1.318432
1719,traditional,0.071264,1.223680,0.200704,1.495648
1720,traditional,0.069792,1.051648,0.200704,1.322144
1721,traditional,0.074784,1.514496,0.453632,2.042912
1722,traditional,0.070976,1.244160,0.204800,1.519936
1723,traditional,0.071104,1.038336,0.205824,1.315264
1724,traditional,0.074304,1.248256,0.204800,1.527360
1725,traditional,0.073568,1.443840,0.382976,1.900384
1726,traditional,0.075264,1.244160,0.200704,1.520128
1727,traditional,0.074880,1.027072,0.199680,1.301632
1728,traditional,0.071584,1.034240,0.485376,1.591200
1729,traditional,0.069760,1.028096,0.200704,1.298560
1730,traditional,0.069888,1.029120,0.199680,1.298688
1731,traditional,0.079040,1.258496,0.204800,1.542336
1732,traditional,0.069920,1.044480,0.199680,1.314080
1733,traditional,0.069216,1.050624,0.200704,1.320544
1734,traditional,0.077728,1.257472,0.201728,1.536928
1735,traditional,0.073024,1.036288,0.200704,1.310016
1736,traditional,0.073248,1.626112,0.209920,1.909280
1737,traditional,0.076096,1.548288,0.397312,2.021696
1738,traditional,0.086816,1.476608,0.384000,1.947424
1739,traditional,0.077536,1.039360,0.199680,1.316576
1740,traditional,0.069152,1.072128,0.212992,1.354272
1741,traditional,0.074976,1.299456,0.200704,1.575136
1742,traditional,0.069536,1.033216,0.199680,1.302432
1743,traditional,0.073312,1.309696,0.363520,1.746528
1744,traditional,0.097632,1.260544,0.199680,1.557856
1745,traditional,0.072224,1.295360,0.356352,1.723936
1746,traditional,0.075008,1.230848,0.200704,1.506560
1747,traditional,0.070080,1.046528,0.200704,1.317312
1748,traditional,0.069120,1.451008,0.596992,2.117120
1749,traditional,0.129536,2.804736,0.380928,3.315200
1750,traditional,0.137472,1.665024,0.201728,2.004224
1751,traditional,0.086976,1.083392,0.199680,1.370048
1752,traditional,0.069504,1.797120,0.386048,2.252672
1753,traditional,0.138080,2.234368,0.378880,2.751328
1754,traditional,0.125824,2.177024,0.212992,2.515840
1755,traditional,0.074144,1.547264,0.404480,2.025888
1756,traditional,0.103328,1.077248,0.209920,1.390496
1757,traditional,0.132384,2.102272,0.397312,2.631968
1758,traditional,0.076416,1.285120,0.209920,1.571456
1759,traditional,0.078080,1.087488,0.209920,1.375488
1760,traditional,0.072448,1.312768,0.214016,1.599232
1761,traditional,0.073568,1.076224,0.209920,1.359712
1762,traditional,0.072096,1.085440,0.504832,1.662368
1763,traditional,0.082528,1.111040,0.208896,1.402464
1764,traditional,0.072384,1.124352,0.209920,1.406656
1765,traditional,0.071648,1.092608,0.537600,1.701856
1766,traditional,0.077792,1.333248,0.209920,1.620960
1767,traditional,0.072672,1.103872,0.211968,1.388512
1768,traditional,0.088128,1.092608,0.210944,1.391680
1769,traditional,0.072928,1.083392,0.210944,1.367264
1770,traditional,0.072800,1.376256,0.443392,1.892448
1771,traditional,0.078848,1.358848,0.210944,1.648640
1772,traditional,0.071392,1.496064,0.393216,1.960672
1773,traditional,0.080768,1.509376,0.397312,1.987456
1774,traditional,0.090336,1.115136,0.206848,1.412320
1775,traditional,0.072480,1.075200,0.206848,1.354528
1776,traditional,0.080832,1.328128,0.207872,1.616832
1777,traditional,0.080608,1.094656,0.206848,1.382112
1778,traditional,0.073664,1.469440,0.210944,1.754048
1779,traditional,0.077920,1.067008,0.207872,1.352800
1780,traditional,0.080160,1.256448,0.204800,1.541408
1781,traditional,0.102304,1.463296,0.388096,1.953696
1782,traditional,0.074816,1.436672,0.387072,1.898560
1783,traditional,0.076736,1.079296,0.430080,1.586112
1784,traditional,0.087200,1.229824,0.200704,1.517728
1785,traditional,0.069088,1.044480,0.199680,1.313248
1786,traditional,0.069984,1.718272,0.380928,2.169184
1787,traditional,0.133536,1.444864,0.202752,1.781152
1788,traditional,0.070464,1.040384,0.200704,1.311552
1789,traditional,0.070112,1.057792,0.201728,1.329632
1790,traditional,0.074816,1.046528,0.200704,1.322048
1791,traditional,0.071296,1.029120,0.382976,1.483392
1792,traditional,0.126560,2.752512,0.381952,3.261024
1793,traditional,0.127104,1.924096,0.202752,2.253952
1794,traditional,0.070016,1.020928,0.200704,1.291648
1795,traditional,0.096608,1.413120,0.773120,2.282848
1796,traditional,0.130688,3.062784,0.228352,3.421824
1797,traditional,0.071936,1.091584,0.208896,1.372416
1798,traditional,0.074176,1.084416,0.494592,1.653184
1799,traditional,0.082272,1.500160,0.393216,1.975648
1800,traditional,0.076544,1.489920,0.389120,1.955584
1801,traditional,0.074336,1.070080,0.204800,1.349216
1802,traditional,0.074912,1.344512,0.494592,1.914016
1803,traditional,0.079680,2.177024,0.390144,2.646848
1804,traditional,0.129856,2.078720,0.390144,2.598720
1805,traditional,0.129920,1.907712,0.214016,2.251648
1806,traditional,0.073536,1.630208,0.392192,2.095936
1807,traditional,0.071584,1.058816,0.206848,1.337248
1808,traditional,0.080000,1.099776,0.205824,1.385600
1809,traditional,0.132160,2.330624,0.392192,2.854976
1810,traditional,0.130880,1.259520,0.206848,1.597248
1811,traditional,0.076384,1.256448,0.206848,1.539680
1812,traditional,0.076416,1.497088,0.396288,1.969792
1813,traditional,0.076544,1.480704,0.396288,1.953536
1814,traditional,0.075072,1.079296,0.208896,1.363264
1815,traditional,0.072704,1.074176,0.207872,1.354752
1816,traditional,0.072576,1.080320,0.212992,1.365888
1817,traditional,0.082432,1.062912,0.208896,1.354240
1818,traditional,0.084352,1.103872,0.211968,1.400192
1819,traditional,0.072384,1.026048,0.203776,1.302208
1820,traditional,0.076128,1.042432,0.203776,1.322336
1821,traditional,0.076928,1.068032,0.203776,1.348736
1822,traditional,0.076672,1.051648,0.204800,1.333120
1823,traditional,0.070112,1.018880,0.434176,1.523168
1824,traditional,0.086144,1.804288,0.388096,2.278528
1825,traditional,0.129504,2.295808,0.394240,2.819552
1826,traditional,0.493792,1.505280,0.207872,2.206944
1827,traditional,0.076096,1.445888,0.390144,1.912128
1828,traditional,0.075136,1.068032,0.204800,1.347968
1829,traditional,0.070080,1.029120,0.201728,1.300928
1830,traditional,0.083584,1.029120,0.209920,1.322624
1831,traditional,0.073760,1.026048,0.203776,1.303584
1832,traditional,0.070144,1.027072,0.200704,1.297920
1833,traditional,0.129536,2.257920,0.378880,2.766336
1834,traditional,0.125280,1.299456,0.199680,1.624416
1835,traditional,0.071584,1.029120,0.199680,1.300384
1836,traditional,0.070240,1.233920,0.199680,1.503840
1837,traditional,0.073824,1.059840,0.199680,1.333344
1838,traditional,0.070176,1.388544,0.203776,1.662496
1839,traditional,0.074432,1.019904,0.199680,1.294016
1840,traditional,0.070112,1.430528,0.380928,1.881568
1841,traditional,0.077024,1.026048,0.200704,1.303776
1842,traditional,0.069536,1.053696,0.429056,1.552288
1843,traditional,0.125184,2.259968,0.384000,2.769152
1844,traditional,0.129024,2.254848,0.210944,2.594816
1845,traditional,0.078368,1.406976,0.386048,1.871392
1846,traditional,0.074432,1.412096,0.204800,1.691328
1847,traditional,0.084000,2.646016,0.386048,3.116064
1848,traditional,0.138240,2.434048,0.204800,2.777088
1849,traditional,0.077344,1.409024,0.381952,1.868320
1850,traditional,0.074208,1.471488,0.398336,1.944032
1851,traditional,0.077728,2.680832,0.401408,3.159968
1852,traditional,0.132928,2.455552,0.214016,2.802496
1853,traditional,0.077088,1.088512,0.209920,1.375520
1854,traditional,0.072064,1.096704,0.509952,1.678720
1855,traditional,0.079488,2.223104,0.396288,2.698880
1856,traditional,0.140608,2.099200,0.335872,2.575680
1857,traditional,0.072768,1.088512,0.505856,1.667136
1858,traditional,0.083264,1.371136,0.221184,1.675584
1859,traditional,0.075872,1.531904,0.220160,1.827936
1860,traditional,0.079040,1.594368,0.412672,2.086080
1861,traditional,0.076224,1.123328,0.225280,1.424832
1862,traditional,0.086208,1.373184,0.221184,1.680576
1863,traditional,0.074912,1.111040,0.217088,1.403040
1864,traditional,0.078304,1.107968,0.217088,1.403360
1865,traditional,0.075552,1.341440,0.221184,1.638176
1866,traditional,0.073984,1.564672,0.220160,1.858816
1867,traditional,0.076800,1.145856,0.246784,1.469440
1868,traditional,0.078528,1.121280,0.216064,1.415872
1869,traditional,0.075104,1.110016,0.217088,1.402208
1870,traditional,0.075456,1.115136,0.217088,1.407680
1871,traditional,0.079264,1.545216,0.226304,1.850784
1872,traditional,0.080768,1.573888,0.424960,2.079616
1873,traditional,0.080288,1.789952,0.224256,2.094496
1874,traditional,0.093120,1.145856,0.222208,1.461184
1875,traditional,0.075296,1.136640,0.222208,1.434144
1876,traditional,0.078368,1.348608,0.217088,1.644064
1877,traditional,0.079392,1.119232,0.214016,1.412640
1878,traditional,0.074208,1.110016,0.217088,1.401312
1879,traditional,0.075584,1.350656,0.217088,1.643328
1880,traditional,0.090464,1.094656,0.212992,1.398112
1881,traditional,0.072672,1.108992,0.211968,1.393632
1882,traditional,0.076512,1.306624,0.214016,1.597152
1883,traditional,0.081312,1.137664,0.214016,1.432992
1884,traditional,0.074400,1.102848,0.212992,1.390240
1885,traditional,0.077312,1.353728,0.217088,1.648128
1886,traditional,0.082016,1.130496,0.206848,1.419360
1887,traditional,0.074400,1.326080,0.370688,1.771168
1888,traditional,0.074912,1.610752,0.396288,2.081952
1889,traditional,0.072480,1.388544,0.372736,1.833760
1890,traditional,0.076992,1.294336,0.205824,1.577152
1891,traditional,0.083168,1.093632,0.205824,1.382624
1892,traditional,0.076608,1.630208,0.215040,1.921856
1893,traditional,0.077600,1.269760,0.206848,1.554208
1894,traditional,0.072384,1.076224,0.206848,1.355456
1895,traditional,0.070976,1.683456,0.217088,1.971520
1896,traditional,0.076576,1.309696,0.212992,1.599264
1897,traditional,0.076352,1.091584,0.208896,1.376832
1898,traditional,0.078048,1.327104,0.225280,1.630432
1899,traditional,0.073344,1.707008,0.214016,1.994368
1900,traditional,0.074656,1.108992,0.207872,1.391520
1901,traditional,0.076992,1.121280,0.208896,1.407168
1902,traditional,0.076896,1.503232,0.397312,1.977440
1903,traditional,0.072288,1.557504,0.399360,2.029152
1904,traditional,0.081440,1.125376,0.217088,1.423904
1905,traditional,0.072608,1.074176,0.206848,1.353632
1906,traditional,0.088192,1.289216,0.209920,1.587328
1907,traditional,0.072032,1.077248,0.206848,1.356128
1908,traditional,0.079968,1.105920,0.206848,1.392736
1909,traditional,0.071808,1.067008,0.206848,1.345664
1910,traditional,0.077536,1.274880,0.206848,1.559264
1911,traditional,0.074688,1.080320,0.209920,1.364928
1912,traditional,0.075200,1.068032,0.206848,1.350080
1913,traditional,0.077920,1.261568,0.210944,1.550432
1914,traditional,0.077184,1.073152,0.206848,1.357184
1915,traditional,0.072256,1.097728,0.216064,1.386048
1916,traditional,0.071904,1.082368,0.206848,1.361120
1917,traditional,0.071488,1.053696,0.206848,1.332032
1918,traditional,0.072096,1.263616,0.204800,1.540512
1919,traditional,0.073568,1.422336,0.204800,1.700704
1920,traditional,0.073984,1.082368,0.208896,1.365248
1921,traditional,0.070912,1.055744,0.204800,1.331456
1922,traditional,0.076064,1.249280,0.205824,1.531168
1923,traditional,0.071264,1.064960,0.208896,1.345120
1924,traditional,0.072160,1.102848,0.502784,1.677792
1925,traditional,0.080000,1.495040,0.398336,1.973376
1926,traditional,0.073888,1.514496,0.399360,1.987744
1927,traditional,0.080256,1.095680,0.209920,1.385856
1928,traditional,0.078688,1.321984,0.209920,1.610592
1929,traditional,0.072160,1.118208,0.231424,1.421792
1930,traditional,0.072928,1.123328,0.209920,1.406176
1931,traditional,0.082528,1.317888,0.212992,1.613408
1932,traditional,0.080896,1.498112,0.212992,1.792000
1933,traditional,0.092736,1.505280,0.399360,1.997376
1934,traditional,0.088736,1.508352,0.398336,1.995424
1935,traditional,0.073248,1.532928,0.399360,2.005536
1936,traditional,0.072640,1.527808,0.397312,1.997760
1937,traditional,0.073952,1.524736,0.398336,1.997024
1938,traditional,0.078560,1.529856,0.396288,2.004704
1939,traditional,0.072032,1.511424,0.398336,1.981792
1940,traditional,0.076704,1.540096,0.398336,2.015136
1941,traditional,0.074304,1.526784,0.397312,1.998400
1942,traditional,0.072000,1.102848,0.208896,1.383744
1943,traditional,0.072032,1.067008,0.211968,1.351008
1944,traditional,0.076384,1.298432,0.208896,1.583712
1945,traditional,0.071328,1.082368,0.208896,1.362592
1946,traditional,0.075520,1.099776,0.512000,1.687296
1947,traditional,0.073216,1.106944,0.466944,1.647104
1948,traditional,0.076800,1.644544,0.222208,1.943552
1949,traditional,0.075840,1.158144,0.225280,1.459264
1950,traditional,0.079776,1.756160,0.226304,2.062240
1951,traditional,0.075968,1.390592,0.224256,1.690816
1952,traditional,0.079424,1.565696,0.216064,1.861184
1953,traditional,0.078432,1.207296,0.220160,1.505888
1954,traditional,0.074688,1.107968,0.216064,1.398720
1955,traditional,0.080096,1.330176,0.217088,1.627360
1956,traditional,0.075104,1.411072,0.220160,1.706336
1957,traditional,0.079936,1.345536,0.216064,1.641536
1958,traditional,0.074752,1.396736,0.226304,1.697792
1959,traditional,0.081280,1.350656,0.219136,1.651072
1960,traditional,0.075616,1.403904,0.234496,1.714016
1961,traditional,0.076096,1.688576,0.418816,2.183488
1962,traditional,0.079264,1.441792,0.236544,1.757600
1963,traditional,0.085920,1.552384,0.231424,1.869728
1964,traditional,0.078944,1.461248,0.222208,1.762400
1965,traditional,0.082144,1.352704,0.220160,1.655008
1966,traditional,0.074688,1.131520,0.222208,1.428416
1967,traditional,0.079616,1.124352,0.219136,1.423104
1968,traditional,0.079360,1.352704,0.217088,1.649152
1969,traditional,0.075136,1.155072,0.223232,1.453440
1970,traditional,0.075712,1.725440,0.225280,2.026432
1971,traditional,0.092896,1.384448,0.384000,1.861344
1972,traditional,0.076640,1.665024,0.418816,2.160480
1973,traditional,0.076192,1.148928,0.216064,1.441184
1974,traditional,0.077152,1.132544,0.408576,1.618272
1975,traditional,0.077536,1.136640,0.220160,1.434336
1976,traditional,0.074624,1.101824,0.215040,1.391488
1977,traditional,0.075296,1.325056,0.217088,1.617440
1978,traditional,0.075712,1.539072,0.221184,1.835968
1979,traditional,0.079648,1.546240,0.414720,2.040608
1980,traditional,0.075904,1.145856,0.215040,1.436800
1981,traditional,0.074016,1.112064,0.215040,1.401120
1982,traditional,0.080480,1.343488,0.219136,1.643104
1983,traditional,0.080992,1.304576,0.217088,1.602656
1984,traditional,0.074304,1.164288,0.216064,1.454656
1985,traditional,0.078528,1.107968,0.523264,1.709760
1986,traditional,0.084192,1.175552,0.220160,1.479904
1987,traditional,0.075328,1.132544,0.217088,1.424960
1988,traditional,0.078784,1.120256,0.216064,1.415104
1989,traditional,0.077920,1.125376,0.219136,1.422432
1990,traditional,0.074752,1.100800,0.448512,1.624064
1991,traditional,0.074752,1.648640,0.403456,2.126848
1992,traditional,0.082848,1.510400,0.403456,1.996704
1993,traditional,0.086144,1.113088,0.216064,1.415296
1994,traditional,0.090976,1.357824,0.211968,1.660768
1995,traditional,0.090112,1.124352,0.216064,1.430528
1996,traditional,0.084864,1.111040,0.212992,1.408896
1997,traditional,0.077824,1.311744,0.211968,1.601536
1998,traditional,0.073792,1.106944,0.212992,1.393728
1999,traditional,0.073376,1.126400,0.214016,1.413792
2000,traditional,0.072768,1.412096,0.487424,1.972288
2001,traditional,0.086304,1.101824,0.208896,1.397024
2002,traditional,0.072096,1.065984,0.208896,1.346976
2003,traditional,0.113408,1.284096,0.209920,1.607424
2004,traditional,0.072192,1.110016,0.208896,1.391104
2005,traditional,0.075680,1.097728,0.208896,1.382304
2006,traditional,0.074976,1.260544,0.207872,1.543392
2007,traditional,0.077696,1.059840,0.205824,1.343360
2008,traditional,0.073216,1.046528,0.204800,1.324544
2009,traditional,0.082048,1.266688,0.204800,1.553536
2010,traditional,0.071712,1.076224,0.208896,1.356832
2011,traditional,0.073760,1.065984,0.204800,1.344544
2012,traditional,0.077856,1.267712,0.206848,1.552416
2013,traditional,0.071104,1.079296,0.206848,1.357248
2014,traditional,0.082400,1.086464,0.206848,1.375712
2015,traditional,0.083872,1.270784,0.206848,1.561504
2016,traditional,0.079904,1.085440,0.205824,1.371168
2017,traditional,0.083904,1.058816,0.206848,1.349568
2018,traditional,0.085632,1.065984,0.206848,1.358464
2019,traditional,0.071840,1.371136,0.210944,1.653920
2020,traditional,0.081408,1.614848,0.393216,2.089472
2021,traditional,0.071808,1.117184,0.206848,1.395840
2022,traditional,0.071200,1.060864,0.206848,1.338912
2023,traditional,0.076288,1.069056,0.206848,1.352192
2024,traditional,0.071424,1.069056,0.207872,1.348352
2025,traditional,0.075584,1.227776,0.201728,1.505088
2026,traditional,0.071520,1.346560,0.361472,1.779552
2027,traditional,0.070592,1.571840,0.384000,2.026432
2028,traditional,0.070816,1.071104,0.204800,1.346720
2029,traditional,0.075776,1.247232,0.202752,1.525760
2030,traditional,0.070048,1.075200,0.206848,1.352096
2031,traditional,0.070112,1.074176,0.202752,1.347040
2032,traditional,0.076160,1.255424,0.202752,1.534336
2033,traditional,0.078080,1.480704,0.387072,1.945856
2034,traditional,0.075168,1.488896,0.392192,1.956256
2035,traditional,0.085952,1.114112,0.209920,1.409984
2036,traditional,0.073760,1.079296,0.209920,1.362976
2037,traditional,0.077856,1.300480,0.209920,1.588256
2038,traditional,0.085760,1.083392,0.208896,1.378048
2039,traditional,0.072064,1.087488,0.209920,1.369472
2040,traditional,0.078272,1.301504,0.214016,1.593792
2041,traditional,0.078080,1.479680,0.398336,1.956096
2042,traditional,0.082656,1.082368,0.207872,1.372896
2043,traditional,0.070080,1.048576,0.202752,1.321408
2044,traditional,0.079008,1.287168,0.202752,1.568928
2045,traditional,0.070976,1.058816,0.218112,1.347904
2046,traditional,0.073728,1.055744,0.202752,1.332224
2047,traditional,0.087296,1.261568,0.202752,1.551616
2048,traditional,0.069920,1.050624,0.202752,1.323296
2049,traditional,0.081984,1.391616,0.471040,1.944640
2050,traditional,0.075328,1.252352,0.205824,1.533504
2051,traditional,0.078816,1.078272,0.202752,1.359840
2052,traditional,0.077408,1.256448,0.205824,1.539680
2053,traditional,0.071104,1.253376,0.201728,1.526208
2054,traditional,0.070720,1.060864,0.206848,1.338432
2055,traditional,0.069472,1.039360,0.202752,1.311584
2056,traditional,0.076096,1.266688,0.202752,1.545536
2057,traditional,0.072960,1.051648,0.201728,1.326336
2058,traditional,0.081984,1.093632,0.200704,1.376320
2059,traditional,0.077120,1.070080,0.200704,1.347904
2060,traditional,0.071360,1.034240,0.200704,1.306304
2061,traditional,0.075392,1.256448,0.201728,1.533568
2062,traditional,0.069888,1.064960,0.204800,1.339648
2063,traditional,0.072064,1.104896,0.208896,1.385856
2064,traditional,0.077952,1.089536,0.208896,1.376384
2065,traditional,0.072416,1.094656,0.209920,1.376992
2066,traditional,0.072832,1.069056,0.208896,1.350784
2067,traditional,0.075968,1.506304,0.395264,1.977536
2068,traditional,0.072640,1.526784,0.395264,1.994688
2069,traditional,0.072896,1.115136,0.207872,1.395904
2070,traditional,0.072352,1.408000,0.484352,1.964704
2071,traditional,0.074112,1.243136,0.204800,1.522048
2072,traditional,0.087872,1.030144,0.199680,1.317696
2073,traditional,0.070912,1.057792,0.199680,1.328384
2074,traditional,0.069632,1.078272,0.200704,1.348608
2075,traditional,0.068704,1.077248,0.211968,1.357920
2076,traditional,0.074304,1.236992,0.200704,1.512000
2077,traditional,0.075104,1.452032,0.206848,1.733984
2078,traditional,0.074624,1.487872,0.394240,1.956736
2079,traditional,0.082880,1.070080,0.200704,1.353664
2080,traditional,0.069472,1.071104,0.199680,1.340256
2081,traditional,0.077504,1.047552,0.200704,1.325760
2082,traditional,0.074016,1.382400,0.200704,1.657120
2083,traditional,0.078016,1.061888,0.200704,1.340608
2084,traditional,0.074976,1.044480,0.496640,1.616096
2085,traditional,0.076640,1.284096,0.204800,1.565536
2086,traditional,0.071200,1.077248,0.207872,1.356320
2087,traditional,0.076416,1.247232,0.204800,1.528448
2088,traditional,0.070016,1.058816,0.207872,1.336704
2089,traditional,0.071776,1.059840,0.204800,1.336416
2090,traditional,0.075136,1.264640,0.207872,1.547648
2091,traditional,0.076000,1.470464,0.388096,1.934560
2092,traditional,0.088384,1.489920,0.401408,1.979712
2093,traditional,0.085024,1.072128,0.204800,1.361952
2094,traditional,0.070656,1.049600,0.203776,1.324032
2095,traditional,0.072192,1.286144,0.208896,1.567232
2096,traditional,0.075712,1.088512,0.204800,1.369024
2097,traditional,0.082496,1.419264,0.208896,1.710656
2098,traditional,0.074880,1.065984,0.433152,1.574016
2099,traditional,0.076256,1.433600,0.204800,1.714656
2100,traditional,0.069760,1.062912,0.204800,1.337472
