frame,renderPath,shadowMs,sceneMs,postProcessMs,frameMs
1,traditional,0.179040,1.746944,0.223232,2.149216
2,traditional,0.181344,1.738752,0.221184,2.141280
3,traditional,0.183936,1.754112,0.224256,2.162304
4,traditional,0.179328,1.739776,0.228352,2.147456
5,traditional,0.192128,2.400256,0.228352,2.820736
6,traditional,0.178496,1.721344,0.222208,2.122048
7,traditional,0.178560,1.726464,0.222208,2.127232
8,traditional,0.177600,1.712128,0.222208,2.111936
9,traditional,0.178016,1.722368,0.221184,2.121568
10,traditional,0.178080,2.137088,0.229376,2.544544
11,traditional,0.175648,1.723392,0.233472,2.132512
12,traditional,0.182656,1.697792,0.221184,2.101632
13,traditional,0.175552,1.709056,0.221184,2.105792
14,traditional,0.178048,1.720320,0.221184,2.119552
15,traditional,0.186944,1.742848,0.221184,2.150976
16,traditional,0.176480,1.745920,0.413696,2.336096
17,traditional,0.187968,1.704960,0.243712,2.136640
18,traditional,0.194944,1.793024,0.232448,2.220416
19,traditional,0.181632,1.746944,0.535552,2.464128
20,traditional,0.201984,1.745920,0.221184,2.169088
21,traditional,0.178080,1.783808,0.222208,2.184096
22,traditional,0.180416,1.722368,0.225280,2.128064
23,traditional,0.177952,2.246656,0.225280,2.649888
24,traditional,0.204672,2.144256,0.417792,2.766720
25,traditional,0.193344,2.132992,0.225280,2.551616
26,traditional,0.180160,1.759232,0.463872,2.403264
27,traditional,0.205504,1.734656,0.222208,2.162368
28,traditional,0.203072,1.744896,0.231424,2.179392
29,traditional,0.200704,1.726464,0.222208,2.149376
30,traditional,0.204192,1.750016,0.223232,2.177440
31,traditional,0.178592,1.727488,0.224256,2.130336
32,traditional,0.188672,1.750016,0.224256,2.162944
33,traditional,0.178944,1.766400,0.221184,2.166528
34,traditional,0.188512,1.719296,0.221184,2.128992
35,traditional,0.175392,2.329600,0.238592,2.743584
36,traditional,0.188576,1.713152,0.223232,2.124960
37,traditional,0.176032,1.720320,0.222208,2.118560
38,traditional,0.190048,2.004992,0.221184,2.416224
39,traditional,0.180896,1.719296,0.222208,2.122400
40,traditional,0.179552,1.707008,0.221184,2.107744
41,traditional,0.177376,1.705984,0.221184,2.104544
42,traditional,0.185792,1.728512,0.222208,2.136512
43,traditional,0.178336,1.714176,0.224256,2.116768
44,traditional,0.186432,1.982464,0.221184,2.390080
45,traditional,0.184896,1.724416,0.221184,2.130496
46,traditional,0.181536,1.702912,0.221184,2.105632
47,traditional,0.191648,2.206720,0.228352,2.626720
48,traditional,0.180672,1.767424,0.222208,2.170304
49,traditional,0.179776,1.710080,0.221184,2.111040
50,traditional,0.176416,2.067456,0.501760,2.745632
51,traditional,0.180160,1.725440,0.221184,2.126784
52,traditional,0.181824,1.728512,0.222208,2.132544
53,traditional,0.177120,2.373632,0.228352,2.779104
54,traditional,0.196160,1.810432,0.222208,2.228800
55,traditional,0.192288,1.796096,0.222208,2.210592
56,traditional,0.179648,2.165760,0.231424,2.576832
57,traditional,0.192128,1.729536,0.221184,2.142848
58,traditional,0.178944,1.698816,0.222208,2.099968
59,traditional,0.180768,1.705984,0.221184,2.107936
60,traditional,0.194272,1.741824,0.221184,2.157280
61,traditional,0.175936,1.720320,0.222208,2.118464
62,traditional,0.180800,1.702912,0.199680,2.083392
63,traditional,0.160192,1.541120,0.199680,1.900992
64,traditional,0.163360,1.525760,0.198656,1.887776
65,traditional,0.164608,1.608704,0.199680,1.972992
66,traditional,0.157952,1.532928,0.200704,1.891584
67,traditional,0.165664,1.931264,0.378880,2.475808
68,traditional,0.191136,1.565696,0.199680,1.956512
69,traditional,0.176704,1.564672,0.198656,1.940032
70,traditional,0.171712,1.790976,0.358400,2.321088
71,traditional,0.171392,1.743872,0.203776,2.119040
72,traditional,0.158688,1.534976,0.206848,1.900512
73,traditional,0.171520,1.538048,0.200704,1.910272
74,traditional,0.160480,1.774592,0.367616,2.302688
75,traditional,0.167776,1.745920,0.199680,2.113376
76,traditional,0.164960,1.561600,0.202752,1.929312
77,traditional,0.163424,1.768448,0.358400,2.290272
78,traditional,0.177344,1.553408,0.199680,1.930432
79,traditional,0.184160,1.536000,0.199680,1.919840
80,traditional,0.186976,1.542144,0.199680,1.928800
81,traditional,0.164576,1.543168,0.199680,1.907424
82,traditional,0.163712,1.792000,0.360448,2.316160
83,traditional,0.160352,1.765376,0.199680,2.125408
84,traditional,0.179712,1.533952,0.199680,1.913344
85,traditional,0.161344,1.568768,0.199680,1.929792
86,traditional,0.160416,2.171904,0.205824,2.538144
87,traditional,0.163040,1.754112,0.199680,2.116832
88,traditional,0.170208,1.559552,0.198656,1.928416
89,traditional,0.176480,1.756160,0.203776,2.136416
90,traditional,0.160704,1.577984,0.198656,1.937344
91,traditional,0.164448,1.577984,0.199680,1.942112
92,traditional,0.184800,1.555456,0.202752,1.943008
93,traditional,0.178752,1.586176,0.199680,1.964608
94,traditional,0.172832,1.551360,0.199680,1.923872
95,traditional,0.197056,1.561600,0.199680,1.958336
96,traditional,0.186944,1.547264,0.199680,1.933888
97,traditional,0.175392,1.561600,0.199680,1.936672
98,traditional,0.160608,1.556480,0.199680,1.916768
99,traditional,0.186912,1.530880,0.199680,1.917472
100,traditional,0.175936,1.548288,0.200704,1.924928
101,traditional,0.161088,1.536000,0.199680,1.896768
102,traditional,0.186080,1.562624,0.199680,1.948384
103,traditional,0.172352,1.582080,0.199680,1.954112
104,traditional,0.178688,1.577984,0.199680,1.956352
105,traditional,0.175136,1.550336,0.199680,1.925152
106,traditional,0.161024,1.533952,0.199680,1.894656
107,traditional,0.163008,1.544192,0.199680,1.906880
108,traditional,0.159584,1.544192,0.198656,1.902432
109,traditional,0.161056,1.590272,0.199680,1.951008
110,traditional,0.161024,1.539072,0.199680,1.899776
111,traditional,0.175808,1.555456,0.199680,1.930944
112,traditional,0.160000,1.972224,0.203776,2.336000
113,traditional,0.187680,1.588224,0.199680,1.975584
114,traditional,0.164064,1.544192,0.199680,1.907936
115,traditional,0.159488,1.532928,0.199680,1.892096
116,traditional,0.180160,1.594368,0.202752,1.977280
117,traditional,0.181984,1.550336,0.199680,1.932000
118,traditional,0.173952,1.549312,0.199680,1.922944
119,traditional,0.165568,1.570816,0.199680,1.936064
120,traditional,0.161664,1.527808,0.199680,1.889152
121,traditional,0.164096,1.556480,0.199680,1.920256
122,traditional,0.160672,1.531904,0.199680,1.892256
123,traditional,0.186688,1.570816,0.199680,1.957184
124,traditional,0.178080,1.634304,0.199680,2.012064
125,traditional,0.162400,1.930240,0.380928,2.473568
126,traditional,0.162496,1.795072,0.199680,2.157248
127,traditional,0.161984,1.576960,0.200704,1.939648
128,traditional,0.163584,1.813504,0.358400,2.335488
129,traditional,0.187296,1.821696,0.203776,2.212768
130,traditional,0.161120,1.549312,0.199680,1.910112
131,traditional,0.163840,1.828864,0.205824,2.198528
132,traditional,0.162272,1.577984,0.199680,1.939936
133,traditional,0.171392,1.565696,0.202752,1.939840
134,traditional,0.161440,1.559552,0.200704,1.921696
135,traditional,0.165920,1.589248,0.199680,1.954848
136,traditional,0.160544,1.543168,0.199680,1.903392
137,traditional,0.160416,1.538048,0.199680,1.898144
138,traditional,0.161120,1.532928,0.199680,1.893728
139,traditional,0.172352,1.556480,0.199680,1.928512
140,traditional,0.172320,1.538048,0.199680,1.910048
141,traditional,0.160288,1.531904,0.199680,1.891872
142,traditional,0.163776,1.557504,0.199680,1.920960
143,traditional,0.163200,1.565696,0.203776,1.932672
144,traditional,0.176032,1.587200,0.199680,1.962912
145,traditional,0.160640,1.583104,0.199680,1.943424
146,traditional,0.161728,1.553408,0.199680,1.914816
147,traditional,0.168704,1.549312,0.199680,1.917696
148,traditional,0.162464,1.540096,0.211968,1.914528
149,traditional,0.164960,1.544192,0.199680,1.908832
150,traditional,0.163456,1.973248,0.202752,2.339456
151,traditional,0.161664,1.541120,0.199680,1.902464
152,traditional,0.172576,1.542144,0.199680,1.914400
153,traditional,0.160736,1.536000,0.199680,1.896416
154,traditional,0.173728,1.537024,0.199680,1.910432
155,traditional,0.173536,1.542144,0.199680,1.915360
156,traditional,0.164832,1.525760,0.199680,1.890272
157,traditional,0.161632,1.536000,0.199680,1.897312
158,traditional,0.174432,1.565696,0.199680,1.939808
159,traditional,0.172160,1.538048,0.199680,1.909888
160,traditional,0.162464,1.556480,0.199680,1.918624
161,traditional,0.161920,1.557504,0.199680,1.919104
162,traditional,0.160576,1.574912,0.199680,1.935168
163,traditional,0.160480,1.564672,0.199680,1.924832
164,traditional,0.160704,1.890304,0.459776,2.510784
165,traditional,0.163808,1.585152,0.202752,1.951712
166,traditional,0.161376,1.533952,0.200704,1.896032
167,traditional,0.162240,1.965056,0.217088,2.344384
168,traditional,0.182944,1.602560,0.200704,1.986208
169,traditional,0.160064,1.556480,0.200704,1.917248
170,traditional,0.165056,1.569792,0.199680,1.934528
171,traditional,0.160736,1.807360,0.359424,2.327520
172,traditional,0.162816,1.576960,0.199680,1.939456
173,traditional,0.161056,1.548288,0.200704,1.910048
174,traditional,0.187936,1.539072,0.200704,1.927712
175,traditional,0.160832,1.569792,0.200704,1.931328
176,traditional,0.161440,1.548288,0.210944,1.920672
177,traditional,0.176576,1.543168,0.199680,1.919424
178,traditional,0.175872,1.536000,0.200704,1.912576
179,traditional,0.170304,1.571840,0.200704,1.942848
180,traditional,0.166336,1.565696,0.199680,1.931712
181,traditional,0.159488,1.561600,0.201728,1.922816
182,traditional,0.162208,1.609728,0.200704,1.972640
183,traditional,0.178656,1.603584,0.200704,1.982944
184,traditional,0.178304,1.581056,0.200704,1.960064
185,traditional,0.184992,1.599488,0.199680,1.984160
186,traditional,0.184832,1.953792,0.380928,2.519552
187,traditional,0.161824,1.554432,0.199680,1.915936
188,traditional,0.175136,1.583104,0.200704,1.958944
189,traditional,0.159872,1.991680,0.208896,2.360448
190,traditional,0.164736,1.574912,0.200704,1.940352
191,traditional,0.164160,1.567744,0.200704,1.932608
192,traditional,0.163808,1.589248,0.199680,1.952736
193,traditional,0.173568,1.596416,0.199680,1.969664
194,traditional,0.168960,1.570816,0.200704,1.940480
195,traditional,0.173440,1.556480,0.199680,1.929600
196,traditional,0.161088,1.536000,0.199680,1.896768
197,traditional,0.160000,1.552384,0.200704,1.913088
198,traditional,0.165376,1.550336,0.199680,1.915392
199,traditional,0.165632,1.531904,0.200704,1.898240
200,traditional,0.164000,1.547264,0.200704,1.911968
201,traditional,0.161312,1.526784,0.200704,1.888800
202,traditional,0.173888,1.560576,0.200704,1.935168
203,traditional,0.173280,1.532928,0.199680,1.905888
204,traditional,0.164512,1.546240,0.200704,1.911456
205,traditional,0.160320,1.804288,0.205824,2.170432
206,traditional,0.160896,1.816576,0.201728,2.179200
207,traditional,0.164384,1.568768,0.200704,1.933856
208,traditional,0.163168,1.526784,0.200704,1.890656
209,traditional,0.161024,1.541120,0.199680,1.901824
210,traditional,0.159744,1.554432,0.200704,1.914880
211,traditional,0.164128,1.567744,0.199680,1.931552
212,traditional,0.189216,1.532928,0.200704,1.922848
213,traditional,0.166560,1.561600,0.200704,1.928864
214,traditional,0.163104,1.556480,0.200704,1.920288
215,traditional,0.162720,1.542144,0.200704,1.905568
216,traditional,0.163488,1.785856,0.204800,2.154144
217,traditional,0.175744,1.594368,0.200704,1.970816
218,traditional,0.178752,1.567744,0.199680,1.946176
219,traditional,0.163456,1.552384,0.200704,1.916544
220,traditional,0.188416,1.543168,0.204800,1.936384
221,traditional,0.163648,1.579008,0.199680,1.942336
222,traditional,0.161088,1.547264,0.200704,1.909056
223,traditional,0.171392,1.865728,0.461824,2.498944
224,traditional,0.177760,1.559552,0.200704,1.938016
225,traditional,0.188768,1.604608,0.200704,1.994080
226,traditional,0.159040,1.570816,0.205824,1.935680
227,traditional,0.164768,1.555456,0.200704,1.920928
228,traditional,0.161024,1.527808,0.199680,1.888512
229,traditional,0.160928,1.798144,0.360448,2.319520
230,traditional,0.176896,1.574912,0.200704,1.952512
231,traditional,0.179936,1.604608,0.200704,1.985248
232,traditional,0.160544,1.971200,0.382976,2.514720
233,traditional,0.177696,1.630208,0.199680,2.007584
234,traditional,0.163648,1.564672,0.199680,1.928000
235,traditional,0.160544,1.855488,0.462848,2.478880
236,traditional,0.174144,1.564672,0.200704,1.939520
237,traditional,0.201504,1.546240,0.199680,1.947424
238,traditional,0.160480,1.539072,0.199680,1.899232
239,traditional,0.164256,1.539072,0.199680,1.903008
240,traditional,0.161472,1.543168,0.199680,1.904320
241,traditional,0.161280,1.537024,0.199680,1.897984
242,traditional,0.172672,1.561600,0.199680,1.933952
243,traditional,0.172224,1.571840,0.200704,1.944768
244,traditional,0.173408,1.532928,0.199680,1.906016
245,traditional,0.162400,1.558528,0.199680,1.920608
246,traditional,0.161568,1.564672,0.199680,1.925920
247,traditional,0.160832,1.536000,0.199680,1.896512
248,traditional,0.164512,1.540096,0.200704,1.905312
249,traditional,0.163936,1.536000,0.201728,1.901664
250,traditional,0.161472,1.529856,0.199680,1.891008
251,traditional,0.161856,1.560576,0.200704,1.923136
252,traditional,0.161184,1.539072,0.199680,1.899936
253,traditional,0.160800,1.540096,0.200704,1.901600
254,traditional,0.175264,1.548288,0.201728,1.925280
255,traditional,0.168096,1.548288,0.199680,1.916064
256,traditional,0.164448,1.526784,0.200704,1.891936
257,traditional,0.161376,1.550336,0.200704,1.912416
258,traditional,0.164384,1.531904,0.200704,1.896992
259,traditional,0.164032,1.525760,0.200704,1.890496
260,traditional,0.159520,1.545216,0.200704,1.905440
261,traditional,0.163296,1.531904,0.200704,1.895904
262,traditional,0.168128,1.557504,0.200704,1.926336
263,traditional,0.167296,1.537024,0.200704,1.905024
264,traditional,0.162368,1.549312,0.200704,1.912384
265,traditional,0.163264,1.539072,0.200704,1.903040
266,traditional,0.161984,1.547264,0.199680,1.908928
267,traditional,0.172608,1.546240,0.200704,1.919552
268,traditional,0.162912,1.537024,0.200704,1.900640
269,traditional,0.165248,1.546240,0.199680,1.911168
270,traditional,0.161440,1.564672,0.201728,1.927840
271,traditional,0.163392,1.568768,0.200704,1.932864
272,traditional,0.161888,1.527808,0.200704,1.890400
273,traditional,0.171616,1.955840,0.381952,2.509408
274,traditional,0.175200,1.553408,0.200704,1.929312
275,traditional,0.160992,1.530880,0.199680,1.891552
276,traditional,0.162400,1.978368,0.380928,2.521696
277,traditional,0.175040,1.543168,0.207872,1.926080
278,traditional,0.163424,1.564672,0.200704,1.928800
279,traditional,0.161120,1.549312,0.199680,1.910112
280,traditional,0.178592,1.550336,0.200704,1.929632
281,traditional,0.160928,1.564672,0.199680,1.925280
282,traditional,0.172512,1.538048,0.200704,1.911264
283,traditional,0.164000,1.540096,0.199680,1.903776
284,traditional,0.165312,1.769472,0.199680,2.134464
285,traditional,0.164640,1.580032,0.200704,1.945376
286,traditional,0.160864,1.546240,0.200704,1.907808
287,traditional,0.159712,1.553408,0.200704,1.913824
288,traditional,0.164320,1.524736,0.202752,1.891808
289,traditional,0.163328,1.544192,0.224256,1.931776
290,traditional,0.179712,1.599488,0.200704,1.979904
291,traditional,0.170752,1.538048,0.207872,1.916672
292,traditional,0.161024,1.529856,0.199680,1.890560
293,traditional,0.184928,1.540096,0.200704,1.925728
294,traditional,0.161856,1.586176,0.200704,1.948736
295,traditional,0.160992,1.590272,0.199680,1.950944
296,traditional,0.163648,1.812480,0.359424,2.335552
297,traditional,0.161792,1.785856,0.200704,2.148352
298,traditional,0.178208,1.577984,0.199680,1.955872
299,traditional,0.161856,1.586176,0.200704,1.948736
300,traditional,0.163712,1.898496,0.463872,2.526080
301,traditional,0.160128,1.551360,0.200704,1.912192
302,traditional,0.171520,1.530880,0.199680,1.902080
303,traditional,0.159680,1.543168,0.200704,1.903552
304,traditional,0.186944,1.582080,0.199680,1.968704
305,traditional,0.170400,1.800192,0.360448,2.331040
306,traditional,0.177184,1.569792,0.199680,1.946656
307,traditional,0.171136,1.568768,0.200704,1.940608
308,traditional,0.160480,1.561600,0.200704,1.922784
309,traditional,0.159776,1.540096,0.200704,1.900576
310,traditional,0.162880,1.543168,0.200704,1.906752
311,traditional,0.163136,1.542144,0.200704,1.905984
312,traditional,0.173728,1.832960,0.367616,2.374304
313,traditional,0.165792,1.546240,0.200704,1.912736
314,traditional,0.176064,1.554432,0.199680,1.930176
315,traditional,0.172416,1.534976,0.200704,1.908096
316,traditional,0.173600,1.550336,0.200704,1.924640
317,traditional,0.160608,1.534976,0.200704,1.896288
318,traditional,0.161216,1.867776,0.216064,2.245056
319,traditional,0.159616,1.532928,0.199680,1.892224
320,traditional,0.163584,1.530880,0.199680,1.894144
321,traditional,0.160480,1.981440,0.386048,2.527968
322,traditional,0.182560,1.555456,0.199680,1.937696
323,traditional,0.163424,1.566720,0.199680,1.929824
324,traditional,0.162368,1.546240,0.200704,1.909312
325,traditional,0.177760,1.607680,0.200704,1.986144
326,traditional,0.161408,1.572864,0.200704,1.934976
327,traditional,0.159744,1.567744,0.200704,1.928192
328,traditional,0.165792,1.568768,0.200704,1.935264
329,traditional,0.161568,1.581056,0.200704,1.943328
330,traditional,0.178752,1.598464,0.200704,1.977920
331,traditional,0.162272,1.557504,0.199680,1.919456
332,traditional,0.167360,1.550336,0.200704,1.918400
333,traditional,0.171680,1.565696,0.200704,1.938080
334,traditional,0.166304,1.546240,0.200704,1.913248
335,traditional,0.168096,1.568768,0.199680,1.936544
336,traditional,0.176576,1.573888,0.202752,1.953216
337,traditional,0.160608,1.569792,0.199680,1.930080
338,traditional,0.161248,1.565696,0.200704,1.927648
339,traditional,0.162432,1.565696,0.199680,1.927808
340,traditional,0.161056,1.579008,0.200704,1.940768
341,traditional,0.178080,1.569792,0.199680,1.947552
342,traditional,0.162144,1.580032,0.204800,1.946976
343,traditional,0.161056,1.554432,0.200704,1.916192
344,traditional,0.165472,1.599488,0.200704,1.965664
345,traditional,0.173408,1.584128,0.212992,1.970528
346,traditional,0.162080,1.554432,0.199680,1.916192
347,traditional,0.175328,1.574912,0.200704,1.950944
348,traditional,0.163776,1.593344,0.200704,1.957824
349,traditional,0.162176,1.564672,0.199680,1.926528
350,traditional,0.177664,1.597440,0.199680,1.974784
351,traditional,0.174944,1.583104,0.199680,1.957728
352,traditional,0.187712,1.602560,0.199680,1.989952
353,traditional,0.166464,1.587200,0.199680,1.953344
354,traditional,0.194656,1.579008,0.199680,1.973344
355,traditional,0.162528,1.566720,0.200704,1.929952
356,traditional,0.174496,1.592320,0.200704,1.967520
357,traditional,0.173216,2.038784,0.207872,2.419872
358,traditional,0.163872,1.587200,0.200704,1.951776
359,traditional,0.186080,1.562624,0.200704,1.949408
360,traditional,0.177408,1.620992,0.199680,1.998080
361,traditional,0.163776,1.598464,0.199680,1.961920
362,traditional,0.176928,1.579008,0.199680,1.955616
363,traditional,0.164096,1.591296,0.199680,1.955072
364,traditional,0.161280,1.581056,0.199680,1.942016
365,traditional,0.176896,1.569792,0.200704,1.947392
366,traditional,0.177216,1.659904,0.204800,2.041920
367,traditional,0.170656,1.597440,0.199680,1.967776
368,traditional,0.162240,1.814528,0.204800,2.181568
369,traditional,0.175904,1.801216,0.200704,2.177824
370,traditional,0.172608,1.651712,0.200704,2.025024
371,traditional,0.181024,1.619968,0.200704,2.001696
372,traditional,0.166080,1.560576,0.199680,1.926336
373,traditional,0.164768,1.564672,0.199680,1.929120
374,traditional,0.173888,1.579008,0.199680,1.952576
375,traditional,0.178656,1.599488,0.199680,1.977824
376,traditional,0.189888,1.650688,0.199680,2.040256
377,traditional,0.162400,1.580032,0.200704,1.943136
378,traditional,0.167552,1.899520,0.464896,2.531968
379,traditional,0.177888,1.634304,0.199680,2.011872
380,traditional,0.163328,1.588224,0.199680,1.951232
381,traditional,0.175104,1.893376,0.218112,2.286592
382,traditional,0.166240,1.610752,0.203776,1.980768
383,traditional,0.193088,1.583104,0.199680,1.975872
384,traditional,0.165536,1.560576,0.199680,1.925792
385,traditional,0.164000,1.823744,0.204800,2.192544
386,traditional,0.190464,1.590272,0.199680,1.980416
387,traditional,0.175168,1.611776,0.200704,1.987648
388,traditional,0.171424,1.623040,0.199680,1.994144
389,traditional,0.175232,1.584128,0.199680,1.959040
390,traditional,0.177344,1.660928,0.200704,2.038976
391,traditional,0.162656,1.589248,0.199680,1.951584
392,traditional,0.167744,2.007040,0.208896,2.383680
393,traditional,0.178112,1.598464,0.199680,1.976256
394,traditional,0.177472,1.597440,0.202752,1.977664
395,traditional,0.173856,1.588224,0.199680,1.961760
396,traditional,0.168288,1.613824,0.199680,1.981792
397,traditional,0.181856,1.597440,0.199680,1.978976
398,traditional,0.172512,1.857536,0.199680,2.229728
399,traditional,0.181984,1.662976,0.200704,2.045664
400,traditional,0.178112,1.605632,0.200704,1.984448
401,traditional,0.164992,1.587200,0.199680,1.951872
402,traditional,0.187680,1.800192,0.200704,2.188576
403,traditional,0.174816,1.571840,0.199680,1.946336
404,traditional,0.185536,1.634304,0.199680,2.019520
405,traditional,0.165920,1.567744,0.199680,1.933344
406,traditional,0.164608,1.568768,0.199680,1.933056
407,traditional,0.168544,1.617920,0.200704,1.987168
408,traditional,0.178272,1.631232,0.199680,2.009184
409,traditional,0.165312,1.561600,0.200704,1.927616
410,traditional,0.164544,1.573888,0.199680,1.938112
411,traditional,0.174496,1.632256,0.200704,2.007456
412,traditional,0.175680,1.591296,0.200704,1.967680
413,traditional,0.162208,1.582080,0.200704,1.944992
414,traditional,0.169632,1.607680,0.200704,1.978016
415,traditional,0.159872,1.864704,0.360448,2.385024
416,traditional,0.173280,1.854464,0.200704,2.228448
417,traditional,0.172192,1.563648,0.199680,1.935520
418,traditional,0.163424,1.594368,0.212992,1.970784
419,traditional,0.160320,1.604608,0.199680,1.964608
420,traditional,0.163040,1.589248,0.209920,1.962208
421,traditional,0.163008,2.020352,0.207872,2.391232
422,traditional,0.173600,1.840128,0.200704,2.214432
423,traditional,0.162528,1.607680,0.200704,1.970912
424,traditional,0.168448,1.848320,0.360448,2.377216
425,traditional,0.189120,1.598464,0.199680,1.987264
426,traditional,0.205216,1.639424,0.200704,2.045344
427,traditional,0.173120,1.567744,0.199680,1.940544
428,traditional,0.180064,1.802240,0.199680,2.181984
429,traditional,0.162688,1.586176,0.200704,1.949568
430,traditional,0.161152,1.565696,0.200704,1.927552
431,traditional,0.161120,1.575936,0.201728,1.938784
432,traditional,0.174208,1.574912,0.203776,1.952896
433,traditional,0.161248,2.017280,0.381952,2.560480
434,traditional,0.190592,1.616896,0.201728,2.009216
435,traditional,0.160608,1.634304,0.200704,1.995616
436,traditional,0.164480,1.594368,0.200704,1.959552
437,traditional,0.184864,1.836032,0.200704,2.221600
438,traditional,0.161440,1.580032,0.200704,1.942176
439,traditional,0.174848,1.561600,0.200704,1.937152
440,traditional,0.178976,1.574912,0.199680,1.953568
441,traditional,0.161248,1.571840,0.202752,1.935840
442,traditional,0.161248,1.560576,0.199680,1.921504
443,traditional,0.161632,1.577984,0.202752,1.942368
444,traditional,0.172032,1.579008,0.200704,1.951744
445,traditional,0.162144,1.593344,0.200704,1.956192
446,traditional,0.179328,1.553408,0.206848,1.939584
447,traditional,0.166208,1.547264,0.200704,1.914176
448,traditional,0.175104,1.579008,0.199680,1.953792
449,traditional,0.162016,1.887232,0.382976,2.432224
450,traditional,0.181216,1.605632,0.201728,1.988576
451,traditional,0.179904,1.554432,0.200704,1.935040
452,traditional,0.176992,1.574912,0.208896,1.960800
453,traditional,0.161920,1.561600,0.212992,1.936512
454,traditional,0.168032,1.560576,0.199680,1.928288
455,traditional,0.185216,1.568768,0.202752,1.956736
456,traditional,0.164160,1.549312,0.199680,1.913152
457,traditional,0.163360,1.538048,0.199680,1.901088
458,traditional,0.165280,1.542144,0.200704,1.908128
459,traditional,0.161600,1.560576,0.200704,1.922880
460,traditional,0.176608,1.580032,0.200704,1.957344
461,traditional,0.182560,1.533952,0.200704,1.917216
462,traditional,0.164416,1.805312,0.372736,2.342464
463,traditional,0.172672,1.765376,0.200704,2.138752
464,traditional,0.178944,1.568768,0.200704,1.948416
465,traditional,0.173856,1.549312,0.200704,1.923872
466,traditional,0.163968,1.597440,0.202752,1.964160
467,traditional,0.179296,1.579008,0.200704,1.959008
468,traditional,0.165824,1.562624,0.200704,1.929152
469,traditional,0.162112,1.539072,0.199680,1.900864
470,traditional,0.160256,1.577984,0.200704,1.938944
471,traditional,0.163680,1.572864,0.200704,1.937248
472,traditional,0.161152,1.561600,0.200704,1.923456
473,traditional,0.161824,1.820672,0.205824,2.188320
474,traditional,0.176672,1.573888,0.200704,1.951264
475,traditional,0.160960,1.597440,0.199680,1.958080
476,traditional,0.162176,1.534976,0.200704,1.897856
477,traditional,0.162816,1.590272,0.199680,1.952768
478,traditional,0.174304,1.563648,0.200704,1.938656
479,traditional,0.160384,1.548288,0.200704,1.909376
480,traditional,0.160800,1.561600,0.204800,1.927200
481,traditional,0.177920,1.564672,0.200704,1.943296
482,traditional,0.161632,1.852416,0.373760,2.387808
483,traditional,0.168352,1.811456,0.204800,2.184608
484,traditional,0.164288,1.604608,0.199680,1.968576
485,traditional,0.166144,1.540096,0.200704,1.906944
486,traditional,0.161184,1.582080,0.212992,1.956256
487,traditional,0.186944,1.556480,0.200704,1.944128
488,traditional,0.176224,1.569792,0.207872,1.953888
489,traditional,0.170528,1.541120,0.199680,1.911328
490,traditional,0.192544,1.593344,0.200704,1.986592
491,traditional,0.161536,1.613824,0.199680,1.975040
492,traditional,0.178976,1.561600,0.200704,1.941280
493,traditional,0.169760,1.547264,0.199680,1.916704
494,traditional,0.170144,1.549312,0.199680,1.919136
495,traditional,0.161792,1.539072,0.200704,1.901568
496,traditional,0.162272,1.548288,0.200704,1.911264
497,traditional,0.165856,1.561600,0.200704,1.928160
498,traditional,0.161472,1.577984,0.199680,1.939136
499,traditional,0.177280,1.567744,0.200704,1.945728
500,traditional,0.163552,1.544192,0.199680,1.907424
501,traditional,0.165952,1.552384,0.200704,1.919040
502,traditional,0.169824,1.532928,0.200704,1.903456
503,traditional,0.173248,1.539072,0.200704,1.913024
504,traditional,0.161984,1.542144,0.200704,1.904832
505,traditional,0.162688,1.554432,0.199680,1.916800
506,traditional,0.177472,1.540096,0.204800,1.922368
507,traditional,0.166752,1.553408,0.200704,1.920864
508,traditional,0.163840,1.528832,0.200704,1.893376
509,traditional,0.176160,1.562624,0.200704,1.939488
510,traditional,0.161056,1.537024,0.200704,1.898784
511,traditional,0.165440,1.545216,0.200704,1.911360
512,traditional,0.162336,1.560576,0.199680,1.922592
513,traditional,0.160672,1.546240,0.199680,1.906592
514,traditional,0.186592,1.553408,0.200704,1.940704
515,traditional,0.162336,1.552384,0.214016,1.928736
516,traditional,0.162016,1.573888,0.200704,1.936608
517,traditional,0.166176,1.553408,0.200704,1.920288
518,traditional,0.164672,1.542144,0.200704,1.907520
519,traditional,0.176640,1.552384,0.201728,1.930752
520,traditional,0.189984,1.606656,0.199680,1.996320
521,traditional,0.175424,1.561600,0.200704,1.937728
522,traditional,0.175200,1.588224,0.200704,1.964128
523,traditional,0.165536,1.534976,0.200704,1.901216
524,traditional,0.167136,2.153472,0.206848,2.527456
525,traditional,0.179808,1.598464,0.200704,1.978976
526,traditional,0.161152,1.554432,0.199680,1.915264
527,traditional,0.166080,1.786880,0.200704,2.153664
528,traditional,0.160608,1.568768,0.200704,1.930080
529,traditional,0.180544,1.604608,0.199680,1.984832
530,traditional,0.177088,1.573888,0.201728,1.952704
531,traditional,0.180064,1.585152,0.200704,1.965920
532,traditional,0.160960,1.562624,0.200704,1.924288
533,traditional,0.174304,1.567744,0.200704,1.942752
534,traditional,0.163104,1.901568,0.473088,2.537760
535,traditional,0.162144,1.545216,0.199680,1.907040
536,traditional,0.164512,1.579008,0.199680,1.943200
537,traditional,0.161728,1.967104,0.220160,2.348992
538,traditional,0.190464,1.634304,0.199680,2.024448
539,traditional,0.161920,1.584128,0.200704,1.946752
540,traditional,0.166080,1.573888,0.199680,1.939648
541,traditional,0.162240,1.787904,0.361472,2.311616
542,traditional,0.177600,1.797120,0.205824,2.180544
543,traditional,0.161728,1.547264,0.199680,1.908672
544,traditional,0.165248,1.827840,0.360448,2.353536
545,traditional,0.168576,1.597440,0.200704,1.966720
546,traditional,0.173632,1.557504,0.200704,1.931840
547,traditional,0.187616,1.545216,0.200704,1.933536
548,traditional,0.188704,1.612800,0.200704,2.002208
549,traditional,0.184480,1.567744,0.200704,1.952928
550,traditional,0.166304,1.583104,0.200704,1.950112
551,traditional,0.166656,2.082816,0.204800,2.454272
552,traditional,0.165792,1.590272,0.199680,1.955744
553,traditional,0.161248,1.571840,0.200704,1.933792
554,traditional,0.193472,1.615872,0.200704,2.010048
555,traditional,0.165280,1.571840,0.200704,1.937824
556,traditional,0.173760,1.565696,0.200704,1.940160
557,traditional,0.162272,1.917952,0.216064,2.296288
558,traditional,0.161920,1.596416,0.200704,1.959040
559,traditional,0.165568,1.582080,0.200704,1.948352
560,traditional,0.172544,1.554432,0.203776,1.930752
561,traditional,0.163936,1.565696,0.204800,1.934432
562,traditional,0.159968,1.556480,0.200704,1.917152
563,traditional,0.179456,1.612800,0.200704,1.992960
564,traditional,0.166048,1.563648,0.200704,1.930400
565,traditional,0.166688,1.585152,0.200704,1.952544
566,traditional,0.173376,1.875968,0.472064,2.521408
567,traditional,0.160736,1.587200,0.200704,1.948640
568,traditional,0.164864,1.570816,0.200704,1.936384
569,traditional,0.161440,1.574912,0.200704,1.937056
570,traditional,0.166304,1.822720,0.205824,2.194848
571,traditional,0.161600,1.594368,0.203776,1.959744
572,traditional,0.164352,1.594368,0.199680,1.958400
573,traditional,0.160800,1.569792,0.200704,1.931296
574,traditional,0.169504,1.614848,0.200704,1.985056
575,traditional,0.161600,1.587200,0.200704,1.949504
576,traditional,0.163104,1.615872,0.200704,1.979680
577,traditional,0.161696,1.591296,0.200704,1.953696
578,traditional,0.161952,1.616896,0.199680,1.978528
579,traditional,0.174240,1.612800,0.199680,1.986720
580,traditional,0.175392,1.565696,0.200704,1.941792
581,traditional,0.168416,1.604608,0.200704,1.973728
582,traditional,0.166112,1.647616,0.200704,2.014432
583,traditional,0.169984,1.643520,0.200704,2.014208
584,traditional,0.165024,1.576960,0.203776,1.945760
585,traditional,0.167744,1.629184,0.200704,1.997632
586,traditional,0.160672,1.592320,0.199680,1.952672
587,traditional,0.165920,1.582080,0.199680,1.947680
588,traditional,0.160864,1.609728,0.210944,1.981536
589,traditional,0.171648,1.596416,0.199680,1.967744
590,traditional,0.174816,1.585152,0.200704,1.960672
591,traditional,0.171072,1.572864,0.200704,1.944640
592,traditional,0.164640,1.598464,0.200704,1.963808
593,traditional,0.173376,1.614848,0.200704,1.988928
594,traditional,0.162688,1.569792,0.200704,1.933184
595,traditional,0.163424,1.600512,0.200704,1.964640
596,traditional,0.164608,1.576960,0.199680,1.941248
597,traditional,0.179680,1.574912,0.199680,1.954272
598,traditional,0.167264,1.584128,0.200704,1.952096
599,traditional,0.176768,1.614848,0.200704,1.992320
600,traditional,0.171616,1.583104,0.204800,1.959520
601,traditional,0.162848,1.624064,0.199680,1.986592
602,traditional,0.166976,1.616896,0.199680,1.983552
603,traditional,0.163104,1.631232,0.200704,1.995040
604,traditional,0.162816,1.586176,0.200704,1.949696
605,traditional,0.174496,1.629184,0.200704,2.004384
606,traditional,0.164768,1.642496,0.200704,2.007968
607,traditional,0.164544,1.600512,0.200704,1.965760
608,traditional,0.169952,1.584128,0.200704,1.954784
609,traditional,0.168320,1.569792,0.200704,1.938816
610,traditional,0.168480,1.561600,0.200704,1.930784
611,traditional,0.163424,1.568768,0.200704,1.932896
612,traditional,0.167360,1.620992,0.199680,1.988032
613,traditional,0.162400,1.583104,0.200704,1.946208
614,traditional,0.202464,1.603584,0.199680,2.005728
615,traditional,0.164928,1.582080,0.199680,1.946688
616,traditional,0.172992,1.609728,0.200704,1.983424
617,traditional,0.187584,1.584128,0.200704,1.972416
618,traditional,0.177248,1.583104,0.200704,1.961056
619,traditional,0.194112,1.605632,0.200704,2.000448
620,traditional,0.187136,1.568768,0.199680,1.955584
621,traditional,0.169344,1.590272,0.200704,1.960320
622,traditional,0.161728,1.582080,0.200704,1.944512
623,traditional,0.162880,1.627136,0.200704,1.990720
624,traditional,0.160768,1.571840,0.212992,1.945600
625,traditional,0.172192,1.870848,0.358400,2.401440
626,traditional,0.193120,1.611776,0.200704,2.005600
627,traditional,0.164384,1.606656,0.199680,1.970720
628,traditional,0.180224,1.634304,0.199680,2.014208
629,traditional,0.163424,2.045952,0.211968,2.421344
630,traditional,0.176384,1.619968,0.199680,1.996032
631,traditional,0.178144,1.584128,0.200704,1.962976
632,traditional,0.190560,1.597440,0.199680,1.987680
633,traditional,0.166048,1.624064,0.199680,1.989792
634,traditional,0.165376,1.613824,0.200704,1.979904
635,traditional,0.167904,1.590272,0.200704,1.958880
636,traditional,0.163488,1.598464,0.200704,1.962656
637,traditional,0.173856,1.639424,0.200704,2.013984
638,traditional,0.162944,1.639424,0.200704,2.003072
639,traditional,0.161504,1.584128,0.200704,1.946336
640,traditional,0.163424,1.615872,0.199680,1.978976
641,traditional,0.164256,1.594368,0.199680,1.958304
642,traditional,0.163744,1.600512,0.200704,1.964960
643,traditional,0.160352,1.569792,0.199680,1.929824
644,traditional,0.174496,1.583104,0.199680,1.957280
645,traditional,0.176416,1.576960,0.199680,1.953056
646,traditional,0.187104,1.574912,0.200704,1.962720
647,traditional,0.163232,1.607680,0.199680,1.970592
648,traditional,0.175776,1.575936,0.200704,1.952416
649,traditional,0.162816,1.812480,0.360448,2.335744
650,traditional,0.176384,1.840128,0.200704,2.217216
651,traditional,0.164256,1.653760,0.200704,2.018720
652,traditional,0.187776,1.590272,0.200704,1.978752
653,traditional,0.189056,1.583104,0.200704,1.972864
654,traditional,0.160768,1.605632,0.199680,1.966080
655,traditional,0.181408,1.665024,0.203776,2.050208
656,traditional,0.160576,1.604608,0.200704,1.965888
657,traditional,0.166784,1.595392,0.200704,1.962880
658,traditional,0.166400,1.599488,0.200704,1.966592
659,traditional,0.166080,1.604608,0.200704,1.971392
660,traditional,0.162528,1.573888,0.206848,1.943264
661,traditional,0.161696,1.615872,0.203776,1.981344
662,traditional,0.161216,1.600512,0.200704,1.962432
663,traditional,0.161344,1.637376,0.200704,1.999424
664,traditional,0.165728,1.601536,0.200704,1.967968
665,traditional,0.165984,1.594368,0.203776,1.964128
666,traditional,0.162944,1.619968,0.200704,1.983616
667,traditional,0.179520,1.591296,0.214016,1.984832
668,traditional,0.178432,1.649664,0.199680,2.027776
669,traditional,0.170496,1.613824,0.205824,1.990144
670,traditional,0.164256,1.604608,0.200704,1.969568
671,traditional,0.174496,1.605632,0.200704,1.980832
672,traditional,0.162656,2.028544,0.205824,2.397024
673,traditional,0.174016,1.625088,0.199680,1.998784
674,traditional,0.175456,1.583104,0.200704,1.959264
675,traditional,0.175040,1.601536,0.200704,1.977280
676,traditional,0.165664,1.583104,0.200704,1.949472
677,traditional,0.169760,1.592320,0.200704,1.962784
678,traditional,0.162784,1.612800,0.210944,1.986528
679,traditional,0.162464,2.199552,0.217088,2.579104
680,traditional,0.186080,1.657856,0.200704,2.044640
681,traditional,0.160736,1.588224,0.199680,1.948640
682,traditional,0.176224,1.580032,0.199680,1.955936
683,traditional,0.165792,1.592320,0.203776,1.961888
684,traditional,0.172128,1.577984,0.200704,1.950816
685,traditional,0.168352,1.579008,0.200704,1.948064
686,traditional,0.178592,1.601536,0.200704,1.980832
687,traditional,0.164896,1.558528,0.200704,1.924128
688,traditional,0.173664,1.627136,0.203776,2.004576
689,traditional,0.161216,1.594368,0.199680,1.955264
690,traditional,0.166944,1.547264,0.200704,1.914912
691,traditional,0.161120,1.587200,0.200704,1.949024
692,traditional,0.164992,1.603584,0.200704,1.969280
693,traditional,0.161376,1.570816,0.200704,1.932896
694,traditional,0.176896,1.566720,0.200704,1.944320
695,traditional,0.162816,1.575936,0.199680,1.938432
696,traditional,0.174560,1.580032,0.201728,1.956320
697,traditional,0.180096,1.561600,0.199680,1.941376
698,traditional,0.186752,2.178048,0.206848,2.571648
699,traditional,0.164544,1.566720,0.204800,1.936064
700,traditional,0.161952,1.589248,0.200704,1.951904
701,traditional,0.165152,1.961984,0.199680,2.326816
702,traditional,0.161536,1.559552,0.203776,1.924864
703,traditional,0.162688,1.584128,0.199680,1.946496
704,traditional,0.160896,1.592320,0.201728,1.954944
705,traditional,0.166144,1.974272,0.199680,2.340096
706,traditional,0.161824,1.606656,0.199680,1.968160
707,traditional,0.161056,1.587200,0.203776,1.952032
708,traditional,0.167968,2.209792,0.205824,2.583584
709,traditional,0.163552,1.587200,0.200704,1.951456
710,traditional,0.172352,1.586176,0.199680,1.958208
711,traditional,0.183424,1.645568,0.201728,2.030720
712,traditional,0.163360,1.556480,0.199680,1.919520
713,traditional,0.187136,1.562624,0.202752,1.952512
714,traditional,0.163520,1.865728,0.208896,2.238144
715,traditional,0.161152,1.623040,0.199680,1.983872
716,traditional,0.164864,1.573888,0.200704,1.939456
717,traditional,0.171360,1.609728,0.199680,1.980768
718,traditional,0.161952,1.556480,0.200704,1.919136
719,traditional,0.161440,1.563648,0.200704,1.925792
720,traditional,0.173536,1.573888,0.200704,1.948128
721,traditional,0.161152,1.567744,0.199680,1.928576
722,traditional,0.167456,1.557504,0.200704,1.925664
723,traditional,0.178624,1.582080,0.200704,1.961408
724,traditional,0.174784,1.552384,0.200704,1.927872
725,traditional,0.166752,1.546240,0.200704,1.913696
726,traditional,0.172896,1.550336,0.200704,1.923936
727,traditional,0.175680,1.595392,0.199680,1.970752
728,traditional,0.173280,1.561600,0.200704,1.935584
729,traditional,0.173952,1.565696,0.200704,1.940352
730,traditional,0.169536,1.599488,0.199680,1.968704
731,traditional,0.161568,1.549312,0.200704,1.911584
732,traditional,0.166176,1.576960,0.200704,1.943840
733,traditional,0.181344,1.601536,0.199680,1.982560
734,traditional,0.166720,1.550336,0.200704,1.917760
735,traditional,0.161312,1.558528,0.200704,1.920544
736,traditional,0.161568,1.548288,0.200704,1.910560
737,traditional,0.162912,1.568768,0.200704,1.932384
738,traditional,0.161984,1.559552,0.199680,1.921216
739,traditional,0.161568,1.546240,0.199680,1.907488
740,traditional,0.161152,1.555456,0.200704,1.917312
741,traditional,0.162112,1.560576,0.200704,1.923392
742,traditional,0.166624,1.566720,0.200704,1.934048
743,traditional,0.162624,1.546240,0.199680,1.908544
744,traditional,0.165248,1.554432,0.200704,1.920384
745,traditional,0.165152,1.570816,0.199680,1.935648
746,traditional,0.162432,1.549312,0.200704,1.912448
747,traditional,0.176256,1.577984,0.200704,1.954944
748,traditional,0.165984,1.558528,0.199680,1.924192
749,traditional,0.161632,1.549312,0.199680,1.910624
750,traditional,0.163552,1.556480,0.200704,1.920736
751,traditional,0.178080,1.824768,0.203776,2.206624
752,traditional,0.179232,1.619968,0.200704,1.999904
753,traditional,0.166304,1.548288,0.200704,1.915296
754,traditional,0.167136,1.581056,0.200704,1.948896
755,traditional,0.165888,1.544192,0.200704,1.910784
756,traditional,0.166368,1.568768,0.199680,1.934816
757,traditional,0.164800,1.584128,0.200704,1.949632
758,traditional,0.161824,1.575936,0.200704,1.938464
759,traditional,0.160672,1.557504,0.200704,1.918880
760,traditional,0.162400,1.595392,0.199680,1.957472
761,traditional,0.164288,1.798144,0.200704,2.163136
762,traditional,0.179072,1.581056,0.200704,1.960832
763,traditional,0.172928,1.594368,0.200704,1.968000
764,traditional,0.165632,1.588224,0.200704,1.954560
765,traditional,0.163872,1.588224,0.200704,1.952800
766,traditional,0.190368,1.628160,0.203776,2.022304
767,traditional,0.164640,1.601536,0.200704,1.966880
768,traditional,0.166848,1.596416,0.200704,1.963968
769,traditional,0.164896,1.551360,0.200704,1.916960
770,traditional,0.187936,1.594368,0.199680,1.981984
771,traditional,0.188320,1.586176,0.202752,1.977248
772,traditional,0.162848,1.551360,0.200704,1.914912
773,traditional,0.174240,1.579008,0.200704,1.953952
774,traditional,0.162016,1.552384,0.200704,1.915104
775,traditional,0.172544,1.638400,0.200704,2.011648
776,traditional,0.165376,2.930688,0.378880,3.474944
777,traditional,0.574880,2.504704,0.201728,3.281312
778,traditional,0.172256,1.833984,0.199680,2.205920
779,traditional,0.163040,1.554432,0.200704,1.918176
780,traditional,0.171456,1.555456,0.200704,1.927616
781,traditional,0.160512,2.179072,0.372736,2.712320
782,traditional,0.166656,1.843200,0.202752,2.212608
783,traditional,0.160896,1.555456,0.200704,1.917056
784,traditional,0.174080,1.567744,0.199680,1.941504
785,traditional,0.318720,2.244608,0.200704,2.764032
786,traditional,0.167136,1.591296,0.200704,1.959136
787,traditional,0.181120,1.627136,0.200704,2.008960
788,traditional,0.161568,1.567744,0.200704,1.930016
789,traditional,0.170560,1.569792,0.200704,1.941056
790,traditional,0.161664,1.563648,0.200704,1.926016
791,traditional,0.163456,1.588224,0.199680,1.951360
792,traditional,0.165344,1.618944,0.199680,1.983968
793,traditional,0.163936,1.571840,0.200704,1.936480
794,traditional,0.163520,1.594368,0.200704,1.958592
795,traditional,0.162432,1.593344,0.199680,1.955456
796,traditional,0.161472,1.576960,0.200704,1.939136
797,traditional,0.160800,1.556480,0.199680,1.916960
798,traditional,0.162400,1.569792,0.199680,1.931872
799,traditional,0.161920,1.555456,0.199680,1.917056
800,traditional,0.166880,1.874944,0.216064,2.257888
801,traditional,0.160192,1.639424,0.204800,2.004416
802,traditional,0.160896,1.586176,0.200704,1.947776
803,traditional,0.227840,1.645568,0.199680,2.073088
804,traditional,0.164832,1.600512,0.200704,1.966048
805,traditional,0.180608,1.572864,0.200704,1.954176
806,traditional,0.162048,1.598464,0.200704,1.961216
807,traditional,0.175584,1.597440,0.203776,1.976800
808,traditional,0.176448,1.606656,0.199680,1.982784
809,traditional,0.160672,1.584128,0.200704,1.945504
810,traditional,0.177472,1.598464,0.199680,1.975616
811,traditional,0.177344,1.606656,0.200704,1.984704
812,traditional,0.211328,1.677312,0.201728,2.090368
813,traditional,0.160992,1.604608,0.199680,1.965280
814,traditional,0.163264,2.193408,0.374784,2.731456
815,traditional,0.163712,1.670144,0.204800,2.038656
816,traditional,0.174464,1.620992,0.200704,1.996160
817,traditional,0.172416,1.582080,0.200704,1.955200
818,traditional,0.175904,1.612800,0.212992,2.001696
819,traditional,0.165248,1.813504,0.205824,2.184576
820,traditional,0.161344,1.589248,0.200704,1.951296
821,traditional,0.163616,1.602560,0.199680,1.965856
822,traditional,0.166496,1.568768,0.200704,1.935968
823,traditional,0.180256,1.604608,0.200704,1.985568
824,traditional,0.192992,1.614848,0.200704,2.008544
825,traditional,0.161920,1.576960,0.199680,1.938560
826,traditional,0.162848,2.202624,0.219136,2.584608
827,traditional,0.161728,1.780736,0.204800,2.147264
828,traditional,0.162464,1.592320,0.200704,1.955488
829,traditional,0.160736,2.177024,0.208896,2.546656
830,traditional,0.162336,1.837056,0.200704,2.200096
831,traditional,0.176928,1.812480,0.204800,2.194208
832,traditional,0.164896,1.582080,0.199680,1.946656
833,traditional,0.176512,1.770496,0.204800,2.151808
834,traditional,0.162816,1.943552,0.203776,2.310144
835,traditional,0.170976,1.816576,0.199680,2.187232
836,traditional,0.189632,1.654784,0.205824,2.050240
837,traditional,0.170400,1.843200,0.362496,2.376096
838,traditional,0.177120,1.835008,0.200704,2.212832
839,traditional,0.165472,1.646592,0.214016,2.026080
840,traditional,0.165184,1.992704,0.384000,2.541888
841,traditional,0.191072,1.596416,0.199680,1.987168
842,traditional,0.166688,1.589248,0.200704,1.956640
843,traditional,0.176896,1.961984,0.204800,2.343680
844,traditional,0.180352,1.598464,0.199680,1.978496
845,traditional,0.190432,1.615872,0.199680,2.005984
846,traditional,0.164160,1.959936,0.380928,2.505024
847,traditional,0.181472,1.852416,0.199680,2.233568
848,traditional,0.165344,1.557504,0.199680,1.922528
849,traditional,0.184352,1.633280,0.200704,2.018336
850,traditional,0.161792,1.941504,0.378880,2.482176
851,traditional,0.296320,3.088384,0.463872,3.848576
852,traditional,0.179904,1.625088,0.199680,2.004672
853,traditional,0.165248,1.627136,0.199680,1.992064
854,traditional,0.309536,3.096576,0.670720,4.076832
855,traditional,0.267456,2.184192,0.218112,2.669760
856,traditional,0.181888,1.624064,0.200704,2.006656
857,traditional,0.166336,1.964032,0.229376,2.359744
858,traditional,0.161888,1.591296,0.225280,1.978464
859,traditional,0.174016,1.562624,0.199680,1.936320
860,traditional,0.190944,1.607680,0.200704,1.999328
861,traditional,0.186528,1.588224,0.200704,1.975456
862,traditional,0.168640,1.592320,0.199680,1.960640
863,traditional,0.164864,1.582080,0.200704,1.947648
864,traditional,0.193280,1.589248,0.200704,1.983232
865,traditional,0.163200,1.600512,0.203776,1.967488
866,traditional,0.181504,1.809408,0.217088,2.208000
867,traditional,0.191136,1.601536,0.200704,1.993376
868,traditional,0.190048,1.581056,0.200704,1.971808
869,traditional,0.161664,3.269632,0.608256,4.039552
870,traditional,0.601440,2.448384,0.204800,3.254624
871,traditional,0.180896,2.039808,0.393216,2.613920
872,traditional,0.164224,1.577984,0.199680,1.941888
873,traditional,0.163552,2.197504,0.206848,2.567904
874,traditional,0.167584,1.809408,0.201728,2.178720
875,traditional,0.168320,1.616896,0.199680,1.984896
876,traditional,0.177536,1.634304,0.203776,2.015616
877,traditional,0.177984,2.124800,0.208896,2.511680
878,traditional,0.174464,1.645568,0.203776,2.023808
879,traditional,0.173984,1.668096,0.203776,2.045856
880,traditional,0.165056,1.636352,0.204800,2.006208
881,traditional,0.166176,3.578880,0.381952,4.127008
882,traditional,0.308416,2.628608,0.205824,3.142848
883,traditional,0.189760,1.628160,0.200704,2.018624
884,traditional,0.204896,1.575936,0.202752,1.983584
885,traditional,0.172160,1.618944,0.200704,1.991808
886,traditional,0.166432,1.585152,0.200704,1.952288
887,traditional,0.162208,1.607680,0.200704,1.970592
888,traditional,0.162208,1.594368,0.201728,1.958304
889,traditional,0.162592,1.598464,0.200704,1.961760
890,traditional,0.162368,1.619968,0.202752,1.985088
891,traditional,0.165216,1.642496,0.202752,2.010464
892,traditional,0.164352,1.591296,0.206848,1.962496
893,traditional,0.165408,1.642496,0.199680,2.007584
894,traditional,0.163936,1.570816,0.200704,1.935456
895,traditional,0.164160,1.563648,0.199680,1.927488
896,traditional,0.165568,1.593344,0.200704,1.959616
897,traditional,0.167712,1.585152,0.199680,1.952544
898,traditional,0.161920,1.565696,0.199680,1.927296
899,traditional,0.161952,1.608704,0.199680,1.970336
900,traditional,0.163744,1.605632,0.200704,1.970080
901,traditional,0.168672,1.584128,0.200704,1.953504
902,traditional,0.162432,1.577984,0.200704,1.941120
903,traditional,0.162176,1.596416,0.200704,1.959296
904,traditional,0.172128,1.572864,0.200704,1.945696
905,traditional,0.165184,1.647616,0.200704,2.013504
906,traditional,0.162368,1.597440,0.200704,1.960512
907,traditional,0.166240,1.596416,0.199680,1.962336
908,traditional,0.162176,1.602560,0.204800,1.969536
909,traditional,0.161376,1.627136,0.199680,1.988192
910,traditional,0.162592,1.651712,0.199680,2.013984
911,traditional,0.163040,1.599488,0.200704,1.963232
912,traditional,0.166048,1.598464,0.199680,1.964192
913,traditional,0.166688,1.584128,0.200704,1.951520
914,traditional,0.178848,1.613824,0.199680,1.992352
915,traditional,0.163392,1.633280,0.201728,1.998400
916,traditional,0.163488,1.592320,0.199680,1.955488
917,traditional,0.167328,1.594368,0.200704,1.962400
918,traditional,0.166336,1.584128,0.200704,1.951168
919,traditional,0.161280,1.587200,0.200704,1.949184
920,traditional,0.164128,1.597440,0.200704,1.962272
921,traditional,0.175040,1.581056,0.200704,1.956800
922,traditional,0.163776,1.609728,0.200704,1.974208
923,traditional,0.165280,1.614848,0.212992,1.993120
924,traditional,0.185152,1.620992,0.199680,2.005824
925,traditional,0.165408,1.614848,0.199680,1.979936
926,traditional,0.162656,1.641472,0.200704,2.004832
927,traditional,0.167264,1.556480,0.200704,1.924448
928,traditional,0.166912,1.592320,0.202752,1.961984
929,traditional,0.164288,1.566720,0.200704,1.931712
930,traditional,0.160352,1.570816,0.200704,1.931872
931,traditional,0.164640,1.568768,0.199680,1.933088
932,traditional,0.162336,1.584128,0.199680,1.946144
933,traditional,0.163584,1.562624,0.199680,1.925888
934,traditional,0.165856,1.626112,0.199680,1.991648
935,traditional,0.163328,1.611776,0.199680,1.974784
936,traditional,0.161120,1.577984,0.200704,1.939808
937,traditional,0.165920,1.556480,0.200704,1.923104
938,traditional,0.171200,1.568768,0.200704,1.940672
939,traditional,0.161408,1.599488,0.200704,1.961600
940,traditional,0.161440,1.574912,0.199680,1.936032
941,traditional,0.165856,1.586176,0.200704,1.952736
942,traditional,0.162848,1.576960,0.199680,1.939488
943,traditional,0.162688,1.595392,0.200704,1.958784
944,traditional,0.164320,1.572864,0.199680,1.936864
945,traditional,0.161856,1.570816,0.200704,1.933376
946,traditional,0.175712,1.572864,0.199680,1.948256
947,traditional,0.168480,1.574912,0.199680,1.943072
948,traditional,0.163008,1.580032,0.199680,1.942720
949,traditional,0.162016,1.619968,0.200704,1.982688
950,traditional,0.163072,1.571840,0.200704,1.935616
951,traditional,0.162176,1.553408,0.200704,1.916288
952,traditional,0.167552,1.580032,0.199680,1.947264
953,traditional,0.161600,1.579008,0.200704,1.941312
954,traditional,0.163136,1.551360,0.200704,1.915200
955,traditional,0.162624,1.557504,0.199680,1.919808
956,traditional,0.160928,1.551360,0.200704,1.912992
957,traditional,0.164512,1.565696,0.206848,1.937056
958,traditional,0.161184,1.567744,0.200704,1.929632
959,traditional,0.164640,1.557504,0.199680,1.921824
960,traditional,0.162208,1.559552,0.199680,1.921440
961,traditional,0.162272,1.582080,0.199680,1.944032
962,traditional,0.161696,1.598464,0.200704,1.960864
963,traditional,0.165824,1.553408,0.200704,1.919936
964,traditional,0.165568,1.573888,0.199680,1.939136
965,traditional,0.162656,1.563648,0.200704,1.927008
966,traditional,0.162400,1.988608,0.382976,2.533984
967,traditional,0.177056,1.598464,0.199680,1.975200
968,traditional,0.163616,1.569792,0.200704,1.934112
969,traditional,0.172704,1.563648,0.200704,1.937056
970,traditional,0.163264,1.570816,0.200704,1.934784
971,traditional,0.160640,1.558528,0.199680,1.918848
972,traditional,0.168256,1.571840,0.200704,1.940800
973,traditional,0.164160,1.590272,0.199680,1.954112
974,traditional,0.162432,1.608704,0.203776,1.974912
975,traditional,0.160224,1.568768,0.200704,1.929696
976,traditional,0.165376,1.587200,0.200704,1.953280
977,traditional,0.160352,1.591296,0.199680,1.951328
978,traditional,0.165152,1.615872,0.203776,1.984800
979,traditional,0.172896,1.568768,0.200704,1.942368
980,traditional,0.201632,1.581056,0.199680,1.982368
981,traditional,0.161376,1.577984,0.200704,1.940064
982,traditional,0.165984,1.606656,0.200704,1.973344
983,traditional,0.166496,1.564672,0.199680,1.930848
984,traditional,0.163712,1.572864,0.200704,1.937280
985,traditional,0.166592,1.567744,0.200704,1.935040
986,traditional,0.163424,1.584128,0.200704,1.948256
987,traditional,0.164800,1.553408,0.199680,1.917888
988,traditional,0.168096,1.574912,0.200704,1.943712
989,traditional,0.172704,1.588224,0.199680,1.960608
990,traditional,0.162848,1.606656,0.200704,1.970208
991,traditional,0.168096,1.581056,0.199680,1.948832
992,traditional,0.168416,1.601536,0.200704,1.970656
993,traditional,0.162272,1.588224,0.200704,1.951200
994,traditional,0.162496,1.580032,0.200704,1.943232
995,traditional,0.165056,1.596416,0.199680,1.961152
996,traditional,0.162752,1.575936,0.200704,1.939392
997,traditional,0.164576,1.560576,0.199680,1.924832
998,traditional,0.166560,1.568768,0.200704,1.936032
999,traditional,0.171520,1.559552,0.203776,1.934848
1000,traditional,0.165856,1.585152,0.200704,1.951712
1001,traditional,0.162368,1.579008,0.199680,1.941056
1002,traditional,0.178560,1.570816,0.199680,1.949056
1003,traditional,0.179584,1.563648,0.200704,1.943936
1004,traditional,0.173824,1.574912,0.200704,1.949440
1005,traditional,0.174464,1.611776,0.200704,1.986944
1006,traditional,0.172928,1.569792,0.200704,1.943424
1007,traditional,0.161792,1.611776,0.199680,1.973248
1008,traditional,0.163840,1.581056,0.199680,1.944576
1009,traditional,0.161856,1.567744,0.200704,1.930304
1010,traditional,0.173824,1.562624,0.200704,1.937152
1011,traditional,0.179264,1.613824,0.200704,1.993792
1012,traditional,0.161440,1.566720,0.200704,1.928864
1013,traditional,0.161024,1.588224,0.199680,1.948928
1014,traditional,0.174304,1.585152,0.199680,1.959136
1015,traditional,0.184704,2.534400,0.402432,3.121536
1016,traditional,0.306976,3.124224,0.200704,3.631904
1017,traditional,0.170432,2.247680,0.204800,2.622912
1018,traditional,0.169568,1.591296,0.200704,1.961568
1019,traditional,0.161280,1.571840,0.200704,1.933824
1020,traditional,0.166912,1.588224,0.200704,1.955840
1021,traditional,0.173760,1.634304,0.200704,2.008768
1022,traditional,0.180288,1.725440,0.221184,2.126912
1023,traditional,0.192192,1.765376,0.221184,2.178752
1024,traditional,0.191200,1.753088,0.221184,2.165472
1025,traditional,0.202976,1.782784,0.220160,2.205920
1026,traditional,0.189440,1.741824,0.219136,2.150400
1027,traditional,0.191424,1.783808,0.220160,2.195392
1028,traditional,0.200480,1.747968,0.219136,2.167584
1029,traditional,0.203328,1.744896,0.220160,2.168384
1030,traditional,0.204672,1.728512,0.219136,2.152320
1031,traditional,0.194816,1.770496,0.220160,2.185472
1032,traditional,0.179008,1.754112,0.225280,2.158400
1033,traditional,0.186816,1.805312,0.228352,2.220480
1034,traditional,0.199904,1.822720,0.231424,2.254048
1035,traditional,0.180864,2.457600,0.234496,2.872960
1036,traditional,0.182304,2.271232,0.228352,2.681888
1037,traditional,0.181184,2.020352,0.227328,2.428864
1038,traditional,0.186272,2.238464,0.427008,2.851744
1039,traditional,0.197920,2.067456,0.229376,2.494752
1040,traditional,0.182080,2.063360,0.228352,2.473792
1041,traditional,0.202752,1.816576,0.229376,2.248704
1042,traditional,0.213568,1.837056,0.228352,2.278976
1043,traditional,0.182624,1.812480,0.226304,2.221408
1044,traditional,0.191200,2.473984,0.414720,3.079904
1045,traditional,0.198080,2.059264,0.226304,2.483648
1046,traditional,0.182528,1.806336,0.229376,2.218240
1047,traditional,0.182432,2.206720,0.520192,2.909344
1048,traditional,0.193536,1.873920,0.228352,2.295808
1049,traditional,0.184416,1.816576,0.230400,2.231392
1050,traditional,0.210464,1.837056,0.226304,2.273824
1051,traditional,0.193792,1.824768,0.227328,2.245888
1052,traditional,0.185504,1.800192,0.227328,2.213024
1053,traditional,0.183456,2.311168,0.227328,2.721952
1054,traditional,0.211712,1.850368,0.230400,2.292480
1055,traditional,0.188448,1.842176,0.226304,2.256928
1056,traditional,0.182176,1.813504,0.227328,2.223008
1057,traditional,0.180896,1.811456,0.227328,2.219680
1058,traditional,0.188736,1.825792,0.227328,2.241856
1059,traditional,0.182720,1.826816,0.239616,2.249152
1060,traditional,0.184256,1.814528,0.227328,2.226112
1061,traditional,0.193056,1.801216,0.226304,2.220576
1062,traditional,0.182144,1.806336,0.222208,2.210688
1063,traditional,0.190112,1.763328,0.223232,2.176672
1064,traditional,0.178944,1.786880,0.222208,2.188032
1065,traditional,0.180224,1.768448,0.222208,2.170880
1066,traditional,0.182752,1.733632,0.217088,2.133472
1067,traditional,0.180704,1.724416,0.218112,2.123232
1068,traditional,0.176000,1.742848,0.217088,2.135936
1069,traditional,0.175584,1.727488,0.218112,2.121184
1070,traditional,0.180352,1.712128,0.218112,2.110592
1071,traditional,0.179008,1.720320,0.216064,2.115392
1072,traditional,0.200672,1.726464,0.216064,2.143200
1073,traditional,0.179040,1.704960,0.216064,2.100064
1074,traditional,0.178784,1.710080,0.217088,2.105952
1075,traditional,0.175328,1.740800,0.216064,2.132192
1076,traditional,0.179168,1.624064,0.201728,2.004960
1077,traditional,0.167200,1.600512,0.207872,1.975584
1078,traditional,0.166144,1.589248,0.201728,1.957120
1079,traditional,0.167200,1.603584,0.202752,1.973536
1080,traditional,0.165792,1.604608,0.202752,1.973152
1081,traditional,0.165760,1.615872,0.201728,1.983360
1082,traditional,0.165632,1.583104,0.199680,1.948416
1083,traditional,0.175200,1.613824,0.200704,1.989728
1084,traditional,0.162784,1.566720,0.199680,1.929184
1085,traditional,0.164128,1.609728,0.199680,1.973536
1086,traditional,0.162176,1.587200,0.199680,1.949056
1087,traditional,0.167168,1.595392,0.199680,1.962240
1088,traditional,0.161760,1.583104,0.199680,1.944544
1089,traditional,0.161888,1.562624,0.199680,1.924192
1090,traditional,0.163200,1.583104,0.199680,1.945984
1091,traditional,0.168704,1.598464,0.199680,1.966848
1092,traditional,0.172480,1.618944,0.199680,1.991104
1093,traditional,0.161632,1.565696,0.200704,1.928032
1094,traditional,0.161664,1.819648,0.204800,2.186112
1095,traditional,0.170240,1.593344,0.200704,1.964288
1096,traditional,0.167072,1.574912,0.200704,1.942688
1097,traditional,0.165504,1.582080,0.200704,1.948288
1098,traditional,0.174400,1.560576,0.199680,1.934656
1099,traditional,0.166464,1.584128,0.206848,1.957440
1100,traditional,0.164448,1.604608,0.204800,1.973856
1101,traditional,0.161888,1.597440,0.199680,1.959008
1102,traditional,0.168320,1.583104,0.199680,1.951104
1103,traditional,0.175744,1.592320,0.200704,1.968768
1104,traditional,0.164288,1.595392,0.200704,1.960384
1105,traditional,0.162944,1.607680,0.199680,1.970304
1106,traditional,0.169536,1.571840,0.204800,1.946176
1107,traditional,0.163040,1.594368,0.200704,1.958112
1108,traditional,0.165792,1.599488,0.199680,1.964960
1109,traditional,0.162016,1.567744,0.200704,1.930464
1110,traditional,0.179296,1.575936,0.200704,1.955936
1111,traditional,0.162976,1.586176,0.199680,1.948832
1112,traditional,0.195712,1.587200,0.199680,1.982592
1113,traditional,0.162368,1.600512,0.200704,1.963584
1114,traditional,0.174560,1.584128,0.199680,1.958368
1115,traditional,0.182976,1.567744,0.199680,1.950400
1116,traditional,0.167296,1.586176,0.199680,1.953152
1117,traditional,0.163424,1.601536,0.199680,1.964640
1118,traditional,0.201632,1.630208,0.200704,2.032544
1119,traditional,0.166848,1.607680,0.200704,1.975232
1120,traditional,0.163712,1.856512,0.204800,2.225024
1121,traditional,0.191840,1.614848,0.199680,2.006368
1122,traditional,0.161824,1.593344,0.199680,1.954848
1123,traditional,0.190976,1.609728,0.200704,2.001408
1124,traditional,0.197568,1.630208,0.200704,2.028480
1125,traditional,0.177472,1.599488,0.200704,1.977664
1126,traditional,0.161376,1.609728,0.199680,1.970784
1127,traditional,0.183872,1.620992,0.199680,2.004544
1128,traditional,0.161760,1.629184,0.199680,1.990624
1129,traditional,0.173280,1.630208,0.200704,2.004192
1130,traditional,0.162592,1.678336,0.215040,2.055968
1131,traditional,0.185888,1.736704,0.215040,2.137632
1132,traditional,0.189600,1.698816,0.215040,2.103456
1133,traditional,0.187456,1.730560,0.216064,2.134080
1134,traditional,0.201952,1.800192,0.211968,2.214112
1135,traditional,0.197408,1.724416,0.210944,2.132768
1136,traditional,0.171456,1.655808,0.210944,2.038208
1137,traditional,0.187776,1.678336,0.209920,2.076032
1138,traditional,0.184384,1.652736,0.209920,2.047040
1139,traditional,0.171040,1.649664,0.209920,2.030624
1140,traditional,0.172096,1.665024,0.217088,2.054208
1141,traditional,0.184032,1.711104,0.217088,2.112224
1142,traditional,0.175200,1.746944,0.217088,2.139232
1143,traditional,0.190624,1.714176,0.217088,2.121888
1144,traditional,0.176288,1.734656,0.217088,2.128032
1145,traditional,0.191168,1.732608,0.217088,2.140864
1146,traditional,0.180160,1.705984,0.218112,2.104256
1147,traditional,0.179456,1.714176,0.218112,2.111744
1148,traditional,0.192032,1.731584,0.221184,2.144800
1149,traditional,0.193376,1.723392,0.218112,2.134880
1150,traditional,0.194880,1.757184,0.217088,2.169152
1151,traditional,0.213728,1.748992,0.229376,2.192096
1152,traditional,0.180832,1.723392,0.218112,2.122336
1153,traditional,0.230560,1.763328,0.218112,2.212000
1154,traditional,0.190496,1.726464,0.219136,2.136096
1155,traditional,0.204000,1.776640,0.220160,2.200800
1156,traditional,0.184736,1.739776,0.218112,2.142624
1157,traditional,0.188000,1.727488,0.219136,2.134624
1158,traditional,0.175456,1.759232,0.461824,2.396512
1159,traditional,0.181472,2.056192,0.218112,2.455776
1160,traditional,0.189568,1.739776,0.218112,2.147456
1161,traditional,0.174176,1.748992,0.218112,2.141280
1162,traditional,0.194432,1.748992,0.218112,2.161536
1163,traditional,0.190432,1.785856,0.218112,2.194400
1164,traditional,0.204352,1.725440,0.217088,2.146880
1165,traditional,0.188864,1.774592,0.217088,2.180544
1166,traditional,0.190912,1.725440,0.217088,2.133440
1167,traditional,0.173824,1.944576,0.217088,2.335488
1168,traditional,0.192832,1.719296,0.216064,2.128192
1169,traditional,0.188768,1.715200,0.217088,2.121056
1170,traditional,0.175264,1.977344,0.215040,2.367648
1171,traditional,0.199904,1.758208,0.217088,2.175200
1172,traditional,0.177376,1.734656,0.215040,2.127072
1173,traditional,0.186976,1.697792,0.216064,2.100832
1174,traditional,0.199424,1.740800,0.216064,2.156288
1175,traditional,0.175072,1.720320,0.216064,2.111456
1176,traditional,0.186496,1.736704,0.218112,2.141312
1177,traditional,0.177248,1.745920,0.218112,2.141280
1178,traditional,0.191936,1.753088,0.218112,2.163136
1179,traditional,0.187936,1.736704,0.218112,2.142752
1180,traditional,0.174176,2.360320,0.231424,2.765920
1181,traditional,0.177792,1.737728,0.220160,2.135680
1182,traditional,0.197376,1.790976,0.219136,2.207488
1183,traditional,0.186784,2.383872,0.232448,2.803104
1184,traditional,0.178624,1.768448,0.219136,2.166208
1185,traditional,0.177088,1.734656,0.220160,2.131904
1186,traditional,0.190592,1.807360,0.220160,2.218112
1187,traditional,0.203744,1.699840,0.203776,2.107360
1188,traditional,0.174688,2.314240,0.209920,2.698848
1189,traditional,0.180160,1.649664,0.216064,2.045888
1190,traditional,0.178656,1.661952,0.208896,2.049504
1191,traditional,0.179296,1.665024,0.204800,2.049120
1192,traditional,0.173760,1.648640,0.208896,2.031296
1193,traditional,0.187712,1.626112,0.200704,2.014528
1194,traditional,0.165184,1.577984,0.200704,1.943872
1195,traditional,0.164736,1.596416,0.201728,1.962880
1196,traditional,0.177568,1.620992,0.200704,1.999264
1197,traditional,0.174624,1.618944,0.200704,1.994272
1198,traditional,0.163168,1.603584,0.201728,1.968480
1199,traditional,0.184160,1.597440,0.200704,1.982304
1200,traditional,0.162400,1.560576,0.201728,1.924704
1201,traditional,0.175136,1.613824,0.200704,1.989664
1202,traditional,0.179936,1.606656,0.200704,1.987296
1203,traditional,0.162208,1.596416,0.200704,1.959328
1204,traditional,0.194336,1.598464,0.200704,1.993504
1205,traditional,0.162048,1.606656,0.200704,1.969408
1206,traditional,0.166464,1.600512,0.200704,1.967680
1207,traditional,0.177920,1.583104,0.199680,1.960704
1208,traditional,0.190720,1.604608,0.200704,1.996032
1209,traditional,0.189760,2.917376,0.378880,3.486016
1210,traditional,0.296320,2.880512,0.204800,3.381632
1211,traditional,0.163168,1.614848,0.200704,1.978720
1212,traditional,0.305792,3.092480,0.378880,3.777152
1213,traditional,0.580576,2.388992,0.201728,3.171296
1214,traditional,0.170496,2.214912,0.204800,2.590208
1215,traditional,0.186464,1.569792,0.200704,1.956960
1216,traditional,0.187520,2.831360,0.379904,3.398784
1217,traditional,0.577696,2.677760,0.210944,3.466400
1218,traditional,0.170656,1.913856,0.211968,2.296480
1219,traditional,0.185696,1.731584,0.210944,2.128224
1220,traditional,0.194464,1.728512,0.211968,2.134944
1221,traditional,0.198816,1.686528,0.220160,2.105504
1222,traditional,0.168864,1.691648,0.207872,2.068384
1223,traditional,0.165920,1.650688,0.208896,2.025504
1224,traditional,0.180544,1.640448,0.207872,2.028864
1225,traditional,0.183776,1.645568,0.228352,2.057696
1226,traditional,0.169344,1.626112,0.207872,2.003328
1227,traditional,0.184064,1.653760,0.207872,2.045696
1228,traditional,0.171264,1.648640,0.202752,2.022656
1229,traditional,0.172512,1.594368,0.201728,1.968608
1230,traditional,0.162784,1.648640,0.202752,2.014176
1231,traditional,0.164192,1.597440,0.202752,1.964384
1232,traditional,0.162016,1.588224,0.202752,1.952992
1233,traditional,0.173056,1.596416,0.202752,1.972224
1234,traditional,0.167552,1.597440,0.204800,1.969792
1235,traditional,0.176992,1.595392,0.203776,1.976160
1236,traditional,0.177376,2.471936,0.378880,3.028192
1237,traditional,0.297376,3.291136,0.205824,3.794336
1238,traditional,0.389344,2.014208,0.205824,2.609376
1239,traditional,0.163136,1.584128,0.200704,1.947968
1240,traditional,0.173184,1.606656,0.215040,1.994880
1241,traditional,0.173920,2.223104,0.221184,2.618208
1242,traditional,0.303616,3.143680,0.380928,3.828224
1243,traditional,0.298368,1.872896,0.201728,2.372992
1244,traditional,0.164384,1.594368,0.200704,1.959456
1245,traditional,0.161280,1.612800,0.201728,1.975808
1246,traditional,0.184192,1.787904,0.229376,2.201472
1247,traditional,0.180864,1.794048,0.226304,2.201216
1248,traditional,0.195840,1.807360,0.226304,2.229504
1249,traditional,0.182176,2.199552,0.226304,2.608032
1250,traditional,0.185600,2.244608,0.226304,2.656512
1251,traditional,0.197216,1.823744,0.225280,2.246240
1252,traditional,0.180480,2.417664,0.228352,2.826496
1253,traditional,0.178688,2.230272,0.224256,2.633216
1254,traditional,0.179520,1.824768,0.228352,2.232640
1255,traditional,0.196128,1.765376,0.224256,2.185760
1256,traditional,0.180512,1.770496,0.223232,2.174240
1257,traditional,0.184096,1.803264,0.228352,2.215712
1258,traditional,0.184736,1.793024,0.228352,2.206112
1259,traditional,0.185184,1.804288,0.229376,2.218848
1260,traditional,0.183648,1.806336,0.230400,2.220384
1261,traditional,0.200096,1.814528,0.229376,2.244000
1262,traditional,0.185280,2.074624,0.405504,2.665408
1263,traditional,0.202464,2.031616,0.228352,2.462432
1264,traditional,0.214624,1.853440,0.229376,2.297440
1265,traditional,0.201088,1.795072,0.229376,2.225536
1266,traditional,0.183008,1.795072,0.228352,2.206432
1267,traditional,0.181824,1.806336,0.225280,2.213440
1268,traditional,0.184128,1.788928,0.225280,2.198336
1269,traditional,0.182432,1.814528,0.228352,2.225312
1270,traditional,0.180096,1.781760,0.232448,2.194304
1271,traditional,0.183424,1.859584,0.230400,2.273408
1272,traditional,0.185376,1.859584,0.232448,2.277408
1273,traditional,0.195072,1.808384,0.229376,2.232832
1274,traditional,0.193312,1.839104,0.229376,2.261792
1275,traditional,0.182048,1.813504,0.228352,2.223904
1276,traditional,0.182304,1.800192,0.228352,2.210848
1277,traditional,0.183136,1.840128,0.227328,2.250592
1278,traditional,0.184352,1.798144,0.228352,2.210848
1279,traditional,0.192384,1.757184,0.223232,2.172800
1280,traditional,0.181664,1.760256,0.224256,2.166176
1281,traditional,0.177472,1.796096,0.223232,2.196800
1282,traditional,0.180672,1.770496,0.223232,2.174400
1283,traditional,0.180384,1.793024,0.224256,2.197664
1284,traditional,0.190528,1.752064,0.216064,2.158656
1285,traditional,0.176512,1.758208,0.217088,2.151808
1286,traditional,0.173888,1.719296,0.217088,2.110272
1287,traditional,0.178912,1.720320,0.217088,2.116320
1288,traditional,0.176256,1.743872,0.226304,2.146432
1289,traditional,0.187040,1.729536,0.218112,2.134688
1290,traditional,0.202112,1.709056,0.217088,2.128256
1291,traditional,0.177888,1.763328,0.221184,2.162400
1292,traditional,0.194880,1.982464,0.225280,2.402624
1293,traditional,0.181248,2.186240,0.224256,2.591744
1294,traditional,0.176224,2.192384,0.227328,2.595936
1295,traditional,0.181568,1.753088,0.221184,2.155840
1296,traditional,0.189472,2.035712,0.226304,2.451488
1297,traditional,0.194112,1.806336,0.228352,2.228800
1298,traditional,0.209376,1.808384,0.228352,2.246112
1299,traditional,0.187488,1.837056,0.226304,2.250848
1300,traditional,0.198432,1.794048,0.226304,2.218784
1301,traditional,0.207200,1.816576,0.226304,2.250080
1302,traditional,0.196096,2.030592,0.225280,2.451968
1303,traditional,0.182752,2.039808,0.226304,2.448864
1304,traditional,0.212000,1.826816,0.225280,2.264096
1305,traditional,0.179904,1.775616,0.226304,2.181824
1306,traditional,0.185664,1.790976,0.225280,2.201920
1307,traditional,0.184512,1.779712,0.226304,2.190528
1308,traditional,0.185888,1.786880,0.207872,2.180640
1309,traditional,0.189856,1.644544,0.206848,2.041248
1310,traditional,0.169728,1.634304,0.206848,2.010880
1311,traditional,0.195584,1.652736,0.206848,2.055168
1312,traditional,0.183456,1.638400,0.206848,2.028704
1313,traditional,0.169280,1.630208,0.206848,2.006336
1314,traditional,0.167520,2.006016,0.204800,2.378336
1315,traditional,0.177792,1.598464,0.200704,1.976960
1316,traditional,0.163296,1.566720,0.199680,1.929696
1317,traditional,0.162880,1.978368,0.381952,2.523200
1318,traditional,0.187744,1.656832,0.199680,2.044256
1319,traditional,0.176928,1.618944,0.199680,1.995552
1320,traditional,0.177344,1.602560,0.199680,1.979584
1321,traditional,0.162208,1.595392,0.200704,1.958304
1322,traditional,0.180736,1.636352,0.200704,2.017792
1323,traditional,0.173536,1.634304,0.200704,2.008544
1324,traditional,0.167776,1.850368,0.199680,2.217824
1325,traditional,0.161472,1.631232,0.200704,1.993408
1326,traditional,0.163296,1.954816,0.203776,2.321888
1327,traditional,0.184160,1.564672,0.199680,1.948512
1328,traditional,0.162592,1.570816,0.199680,1.933088
1329,traditional,0.163712,1.616896,0.212992,1.993600
1330,traditional,0.165376,1.586176,0.200704,1.952256
1331,traditional,0.174816,1.587200,0.199680,1.961696
1332,traditional,0.189920,1.812480,0.199680,2.202080
1333,traditional,0.190688,1.563648,0.201728,1.956064
1334,traditional,0.162304,1.591296,0.199680,1.953280
1335,traditional,0.174816,1.905664,0.471040,2.551520
1336,traditional,0.163648,1.604608,0.200704,1.968960
1337,traditional,0.160736,1.565696,0.199680,1.926112
1338,traditional,0.179392,1.595392,0.200704,1.975488
1339,traditional,0.180576,1.571840,0.202752,1.955168
1340,traditional,0.168512,1.574912,0.205824,1.949248
1341,traditional,0.177888,1.565696,0.200704,1.944288
1342,traditional,0.167712,2.503680,0.587776,3.259168
1343,traditional,0.318176,2.819072,0.200704,3.337952
1344,traditional,0.161760,1.963008,0.393216,2.517984
1345,traditional,0.174208,3.297280,0.386048,3.857536
1346,traditional,0.300992,2.707456,0.204800,3.213248
1347,traditional,0.185088,1.596416,0.199680,1.981184
1348,traditional,0.174752,1.599488,0.200704,1.974944
1349,traditional,0.166720,1.948672,0.377856,2.493248
1350,traditional,0.309664,2.907136,0.203776,3.420576
1351,traditional,0.164224,2.033664,0.389120,2.587008
1352,traditional,0.175712,2.379776,0.393216,2.948704
1353,traditional,0.305632,3.315712,0.204800,3.826144
1354,traditional,0.165568,1.987584,0.388096,2.541248
1355,traditional,0.181120,2.803712,0.408576,3.393408
1356,traditional,0.310272,3.017728,0.214016,3.542016
1357,traditional,0.170240,2.085888,0.407552,2.663680
1358,traditional,0.169120,1.656832,0.209920,2.035872
1359,traditional,0.171296,1.645568,0.208896,2.025760
1360,traditional,0.197728,1.672192,0.209920,2.079840
1361,traditional,0.169312,1.618944,0.206848,1.995104
1362,traditional,0.167776,1.648640,0.206848,2.023264
1363,traditional,0.169280,1.658880,0.207872,2.036032
1364,traditional,0.182144,1.646592,0.206848,2.035584
1365,traditional,0.176960,1.624064,0.206848,2.007872
1366,traditional,0.169344,1.644544,0.207872,2.021760
1367,traditional,0.168960,1.665024,0.212992,2.046976
1368,traditional,0.174304,1.705984,0.217088,2.097376
1369,traditional,0.190368,1.739776,0.212992,2.143136
1370,traditional,0.192416,1.712128,0.212992,2.117536
1371,traditional,0.177568,1.680384,0.211968,2.069920
1372,traditional,0.183744,2.212864,0.218112,2.614720
1373,traditional,0.183712,1.910784,0.212992,2.307488
1374,traditional,0.191808,1.717248,0.211968,2.121024
1375,traditional,0.184448,1.662976,0.211968,2.059392
1376,traditional,0.197728,1.681408,0.214016,2.093152
1377,traditional,0.196832,1.687552,0.212992,2.097376
1378,traditional,0.175936,1.686528,0.216064,2.078528
1379,traditional,0.195456,1.687552,0.212992,2.096000
1380,traditional,0.176480,1.708032,0.211968,2.096480
1381,traditional,0.175200,1.682432,0.212992,2.070624
1382,traditional,0.174880,1.720320,0.214016,2.109216
1383,traditional,0.175200,1.678336,0.211968,2.065504
1384,traditional,0.172000,1.694720,0.211968,2.078688
1385,traditional,0.184832,1.669120,0.212992,2.066944
1386,traditional,0.192576,1.671168,0.216064,2.079808
1387,traditional,0.176384,1.705984,0.216064,2.098432
1388,traditional,0.176608,1.698816,0.217088,2.092512
1389,traditional,0.172256,1.684480,0.223232,2.079968
1390,traditional,0.177120,1.711104,0.216064,2.104288
1391,traditional,0.179008,1.730560,0.229376,2.138944
1392,traditional,0.176096,1.700864,0.216064,2.093024
1393,traditional,0.174496,1.716224,0.216064,2.106784
1394,traditional,0.187488,2.138112,0.406528,2.732128
1395,traditional,0.177760,1.711104,0.224256,2.113120
1396,traditional,0.175296,1.760256,0.218112,2.153664
1397,traditional,0.174912,1.745920,0.217088,2.137920
1398,traditional,0.189568,1.710080,0.218112,2.117760
1399,traditional,0.179584,1.748992,0.219136,2.147712
1400,traditional,0.186080,2.206720,0.225280,2.618080
1401,traditional,0.179104,1.714176,0.214016,2.107296
1402,traditional,0.184960,1.705984,0.214016,2.104960
1403,traditional,0.182176,1.700864,0.214016,2.097056
1404,traditional,0.176096,1.675264,0.216064,2.067424
1405,traditional,0.173024,1.968128,0.379904,2.521056
1406,traditional,0.177056,1.924096,0.214016,2.315168
1407,traditional,0.174016,1.707008,0.214016,2.095040
1408,traditional,0.172864,1.701888,0.212992,2.087744
1409,traditional,0.170656,1.673216,0.212992,2.056864
1410,traditional,0.189152,1.723392,0.212992,2.125536
1411,traditional,0.199872,1.717248,0.212992,2.130112
1412,traditional,0.176320,1.709056,0.216064,2.101440
1413,traditional,0.174240,1.759232,0.220160,2.153632
1414,traditional,0.173920,1.719296,0.217088,2.110304
1415,traditional,0.177824,2.321408,0.235520,2.734752
1416,traditional,0.195424,1.727488,0.217088,2.140000
1417,traditional,0.176960,1.789952,0.216064,2.182976
1418,traditional,0.196224,1.737728,0.223232,2.157184
1419,traditional,0.177600,1.751040,0.527360,2.456000
1420,traditional,0.190208,1.785856,0.220160,2.196224
1421,traditional,0.191552,1.745920,0.220160,2.157632
1422,traditional,0.193408,1.788928,0.219136,2.201472
1423,traditional,0.177056,2.008064,0.364544,2.549664
1424,traditional,0.178976,1.844224,0.204800,2.228000
1425,traditional,0.164608,1.675264,0.203776,2.043648
1426,traditional,0.176608,1.905664,0.207872,2.290144
1427,traditional,0.171744,1.633280,0.203776,2.008800
1428,traditional,0.171232,1.629184,0.228352,2.028768
1429,traditional,0.174816,1.912832,0.462848,2.550496
1430,traditional,0.170528,1.581056,0.203776,1.955360
1431,traditional,0.171712,1.609728,0.200704,1.982144
1432,traditional,0.164448,1.575936,0.200704,1.941088
1433,traditional,0.165856,1.574912,0.200704,1.941472
1434,traditional,0.179296,1.623040,0.200704,2.003040
1435,traditional,0.164000,1.594368,0.199680,1.958048
1436,traditional,0.162816,1.618944,0.200704,1.982464
1437,traditional,0.166048,1.612800,0.200704,1.979552
1438,traditional,0.164000,1.594368,0.200704,1.959072
1439,traditional,0.165728,1.571840,0.200704,1.938272
1440,traditional,0.163552,1.577984,0.199680,1.941216
1441,traditional,0.176224,1.562624,0.200704,1.939552
1442,traditional,0.173344,1.558528,0.200704,1.932576
1443,traditional,0.178624,1.598464,0.200704,1.977792
1444,traditional,0.164352,1.575936,0.211968,1.952256
1445,traditional,0.166400,1.567744,0.200704,1.934848
1446,traditional,0.167488,1.617920,0.199680,1.985088
1447,traditional,0.168992,1.572864,0.200704,1.942560
1448,traditional,0.163904,1.606656,0.200704,1.971264
1449,traditional,0.180256,1.583104,0.212992,1.976352
1450,traditional,0.163200,1.563648,0.199680,1.926528
1451,traditional,0.164960,1.581056,0.199680,1.945696
1452,traditional,0.163360,1.613824,0.199680,1.976864
1453,traditional,0.165152,1.568768,0.200704,1.934624
1454,traditional,0.174176,1.555456,0.199680,1.929312
1455,traditional,0.170720,1.600512,0.199680,1.970912
1456,traditional,0.166528,1.587200,0.199680,1.953408
1457,traditional,0.160704,1.567744,0.200704,1.929152
1458,traditional,0.210400,1.563648,0.199680,1.973728
1459,traditional,0.189472,1.569792,0.200704,1.959968
1460,traditional,0.193472,1.617920,0.200704,2.012096
1461,traditional,0.162304,1.594368,0.199680,1.956352
1462,traditional,0.166240,1.610752,0.208896,1.985888
1463,traditional,0.192672,1.648640,0.199680,2.040992
1464,traditional,0.190016,1.605632,0.200704,1.996352
1465,traditional,0.163744,1.998848,0.380928,2.543520
1466,traditional,0.163712,1.856512,0.200704,2.220928
1467,traditional,0.165120,2.976768,0.607232,3.749120
1468,traditional,0.591840,2.614272,0.204800,3.410912
1469,traditional,0.388352,1.978368,0.203776,2.570496
1470,traditional,0.163424,1.666048,0.200704,2.030176
1471,traditional,0.163968,1.603584,0.200704,1.968256
1472,traditional,0.163552,1.583104,0.199680,1.946336
1473,traditional,0.165280,1.849344,0.364544,2.379168
1474,traditional,0.195488,2.788352,0.381952,3.365792
1475,traditional,0.553728,2.732032,0.205824,3.491584
1476,traditional,0.164000,1.985536,0.389120,2.538656
1477,traditional,0.163360,3.521536,0.431104,4.116000
1478,traditional,0.341120,2.725888,0.231424,3.298432
1479,traditional,0.423808,2.198528,0.230400,2.852736
1480,traditional,0.184320,2.243584,0.230400,2.658304
1481,traditional,0.181248,2.209792,0.235520,2.626560
1482,traditional,0.195136,2.238464,0.231424,2.665024
1483,traditional,0.182112,1.788928,0.227328,2.198368
1484,traditional,0.195552,2.604032,0.262144,3.061728
1485,traditional,0.192896,1.979392,0.242688,2.414976
1486,traditional,0.215136,2.366464,0.250880,2.832480
1487,traditional,0.208576,1.943552,0.242688,2.394816
1488,traditional,0.194912,1.916928,0.241664,2.353504
1489,traditional,0.191200,2.217984,0.247808,2.656992
1490,traditional,0.209184,2.165760,0.246784,2.621728
1491,traditional,0.217856,1.943552,0.254976,2.416384
1492,traditional,0.211808,1.940480,0.241664,2.393952
1493,traditional,0.207520,1.913856,0.241664,2.363040
1494,traditional,0.223616,1.891328,0.238592,2.353536
1495,traditional,0.199616,1.924096,0.237568,2.361280
1496,traditional,0.197120,1.900544,0.237568,2.335232
1497,traditional,0.193344,1.851392,0.236544,2.281280
1498,traditional,0.208384,1.854464,0.235520,2.298368
1499,traditional,0.216448,1.859584,0.233472,2.309504
1500,traditional,0.202976,1.846272,0.233472,2.282720
1501,traditional,0.189952,1.833984,0.234496,2.258432
1502,traditional,0.202528,1.832960,0.232448,2.267936
1503,traditional,0.201632,1.839104,0.232448,2.273184
1504,traditional,0.188480,1.832960,0.232448,2.253888
1505,traditional,0.205408,1.831936,0.232448,2.269792
1506,traditional,0.202272,1.825792,0.232448,2.260512
1507,traditional,0.205952,1.847296,0.231424,2.284672
1508,traditional,0.200256,1.864704,0.233472,2.298432
1509,traditional,0.202400,1.874944,0.232448,2.309792
1510,traditional,0.207072,1.845248,0.232448,2.284768
1511,traditional,0.201024,1.833984,0.232448,2.267456
1512,traditional,0.191872,1.823744,0.232448,2.248064
1513,traditional,0.185824,2.263040,0.236544,2.685408
1514,traditional,0.189088,2.467840,0.241664,2.898592
1515,traditional,0.187008,2.257920,0.248832,2.693760
1516,traditional,0.190240,1.864704,0.232448,2.287392
1517,traditional,0.211744,1.849344,0.232448,2.293536
1518,traditional,0.199808,1.824768,0.232448,2.257024
1519,traditional,0.204032,1.846272,0.232448,2.282752
1520,traditional,0.198688,2.103296,0.232448,2.534432
1521,traditional,0.188768,1.838080,0.232448,2.259296
1522,traditional,0.200768,1.900544,0.236544,2.337856
1523,traditional,0.207424,1.894400,0.235520,2.337344
1524,traditional,0.190016,2.139136,0.416768,2.745920
1525,traditional,0.201472,2.331648,0.239616,2.772736
1526,traditional,0.199136,2.547712,0.241664,2.988512
1527,traditional,0.203232,2.104320,0.240640,2.548192
1528,traditional,0.225536,2.095104,0.233472,2.554112
1529,traditional,0.193440,1.863680,0.233472,2.290592
1530,traditional,0.188000,2.515968,0.240640,2.944608
1531,traditional,0.186592,1.913856,0.237568,2.338016
1532,traditional,0.186880,1.883136,0.237568,2.307584
1533,traditional,0.194400,2.549760,0.244736,2.988896
1534,traditional,0.204352,2.413568,0.241664,2.859584
1535,traditional,0.194368,1.921024,0.238592,2.353984
1536,traditional,0.190528,1.901568,0.238592,2.330688
1537,traditional,0.194752,1.928192,0.238592,2.361536
1538,traditional,0.213056,1.857536,0.230400,2.300992
1539,traditional,0.200736,1.872896,0.230400,2.304032
1540,traditional,0.186880,1.850368,0.230400,2.267648
1541,traditional,0.211008,1.830912,0.230400,2.272320
1542,traditional,0.187008,1.820672,0.230400,2.238080
1543,traditional,0.187360,1.835008,0.230400,2.252768
1544,traditional,0.170016,1.625088,0.208896,2.004000
1545,traditional,0.168992,1.628160,0.207872,2.005024
1546,traditional,0.173344,1.648640,0.209920,2.031904
1547,traditional,0.188448,1.713152,0.208896,2.110496
1548,traditional,0.183744,1.668096,0.208896,2.060736
1549,traditional,0.171008,1.660928,0.208896,2.040832
1550,traditional,0.187744,1.635328,0.207872,2.030944
1551,traditional,0.194112,1.677312,0.208896,2.080320
1552,traditional,0.184736,1.648640,0.208896,2.042272
1553,traditional,0.182560,1.670144,0.208896,2.061600
1554,traditional,0.180160,1.644544,0.212992,2.037696
1555,traditional,0.183168,1.841152,0.200704,2.225024
1556,traditional,0.164960,1.596416,0.203776,1.965152
1557,traditional,0.174880,1.850368,0.360448,2.385696
1558,traditional,0.186656,1.847296,0.200704,2.234656
1559,traditional,0.171904,1.582080,0.199680,1.953664
1560,traditional,0.175808,1.577984,0.199680,1.953472
1561,traditional,0.176352,1.905664,0.466944,2.548960
1562,traditional,0.170112,1.613824,0.200704,1.984640
1563,traditional,0.177856,1.572864,0.199680,1.950400
1564,traditional,0.177984,1.607680,0.200704,1.986368
1565,traditional,0.162880,1.558528,0.199680,1.921088
1566,traditional,0.163264,1.559552,0.199680,1.922496
1567,traditional,0.166752,1.582080,0.199680,1.948512
1568,traditional,0.181856,1.576960,0.199680,1.958496
1569,traditional,0.163072,1.587200,0.200704,1.950976
1570,traditional,0.162528,1.562624,0.199680,1.924832
1571,traditional,0.167040,1.549312,0.199680,1.916032
1572,traditional,0.188672,2.211840,0.378880,2.779392
1573,traditional,0.321696,2.634752,0.203776,3.160224
1574,traditional,0.163456,1.991680,0.382976,2.538112
1575,traditional,0.168544,2.746368,0.382976,3.297888
1576,traditional,0.294048,2.945024,0.206848,3.445920
1577,traditional,0.189408,2.182144,0.206848,2.578400
1578,traditional,0.173568,1.555456,0.200704,1.929728
1579,traditional,0.166400,1.555456,0.200704,1.922560
1580,traditional,0.160672,1.543168,0.199680,1.903520
1581,traditional,0.186144,1.561600,0.199680,1.947424
1582,traditional,0.164608,2.667520,0.384000,3.216128
1583,traditional,0.304192,3.067904,0.205824,3.577920
1584,traditional,0.168448,1.591296,0.202752,1.962496
1585,traditional,0.178688,1.564672,0.200704,1.944064
1586,traditional,0.163680,1.566720,0.200704,1.931104
1587,traditional,0.167392,1.564672,0.200704,1.932768
1588,traditional,0.175168,1.554432,0.200704,1.930304
1589,traditional,0.167328,2.126848,0.380928,2.675104
1590,traditional,0.313696,2.857984,0.199680,3.371360
1591,traditional,0.173312,1.974272,0.381952,2.529536
1592,traditional,0.180800,2.310144,0.377856,2.868800
1593,traditional,0.574400,3.150848,0.203776,3.929024
1594,traditional,0.162624,2.172928,0.200704,2.536256
1595,traditional,0.182720,1.563648,0.199680,1.946048
1596,traditional,0.165760,1.557504,0.200704,1.923968
1597,traditional,0.181568,1.579008,0.208896,1.969472
1598,traditional,0.196576,1.840128,0.395264,2.431968
1599,traditional,0.312640,3.207168,0.629760,4.149568
1600,traditional,0.172704,2.172928,0.215040,2.560672
1601,traditional,0.172000,2.592768,0.396288,3.161056
1602,traditional,0.315616,3.224576,0.217088,3.757280
1603,traditional,0.172640,2.455552,0.232448,2.860640
1604,traditional,0.180992,1.751040,0.223232,2.155264
1605,traditional,0.197184,2.022400,0.228352,2.447936
1606,traditional,0.195872,1.762304,0.223232,2.181408
1607,traditional,0.182304,1.753088,0.224256,2.159648
1608,traditional,0.197120,2.016256,0.226304,2.439680
1609,traditional,0.179680,1.808384,0.224256,2.212320
1610,traditional,0.180128,1.744896,0.223232,2.148256
1611,traditional,0.183552,1.826816,0.551936,2.562304
1612,traditional,0.182976,1.782784,0.233472,2.199232
1613,traditional,0.181184,2.007040,0.396288,2.584512
1614,traditional,0.177664,1.988608,0.221184,2.387456
1615,traditional,0.205376,1.754112,0.222208,2.181696
1616,traditional,0.192416,1.744896,0.217088,2.154400
1617,traditional,0.193056,1.711104,0.223232,2.127392
1618,traditional,0.176416,1.714176,0.217088,2.107680
1619,traditional,0.175200,1.685504,0.215040,2.075744
1620,traditional,0.191584,1.725440,0.218112,2.135136
1621,traditional,0.180096,1.712128,0.214016,2.106240
1622,traditional,0.175136,1.713152,0.214016,2.102304
1623,traditional,0.171648,1.717248,0.214016,2.102912
1624,traditional,0.185344,1.687552,0.212992,2.085888
1625,traditional,0.188064,1.716224,0.214016,2.118304
1626,traditional,0.198400,1.732608,0.230400,2.161408
1627,traditional,0.173248,1.680384,0.211968,2.065600
1628,traditional,0.171488,1.665024,0.211968,2.048480
1629,traditional,0.185184,1.712128,0.211968,2.109280
1630,traditional,0.190496,1.686528,0.217088,2.094112
1631,traditional,0.187360,1.729536,0.212992,2.129888
1632,traditional,0.180672,1.684480,0.212992,2.078144
1633,traditional,0.194016,1.951744,0.214016,2.359776
1634,traditional,0.185856,2.110464,0.405504,2.701824
1635,traditional,0.187840,2.347008,0.218112,2.752960
1636,traditional,0.193632,1.728512,0.212992,2.135136
1637,traditional,0.188512,1.700864,0.221184,2.110560
1638,traditional,0.178080,1.712128,0.214016,2.104224
1639,traditional,0.171872,1.707008,0.214016,2.092896
1640,traditional,0.192128,1.710080,0.217088,2.119296
1641,traditional,0.185440,1.696768,0.214016,2.096224
1642,traditional,0.174208,1.686528,0.214016,2.074752
1643,traditional,0.179200,1.718272,0.214016,2.111488
1644,traditional,0.172640,1.668096,0.210944,2.051680
1645,traditional,0.170464,1.664000,0.211968,2.046432
1646,traditional,0.184992,1.670144,0.210944,2.066080
1647,traditional,0.182336,1.662976,0.210944,2.056256
1648,traditional,0.185536,1.680384,0.211968,2.077888
1649,traditional,0.171648,1.658880,0.210944,2.041472
1650,traditional,0.215968,1.684480,0.210944,2.111392
1651,traditional,0.169184,1.682432,0.209920,2.061536
1652,traditional,0.198272,1.701888,0.209920,2.110080
1653,traditional,0.168288,1.665024,0.208896,2.042208
1654,traditional,0.170016,1.645568,0.209920,2.025504
1655,traditional,0.174528,1.682432,0.209920,2.066880
1656,traditional,0.169312,1.660928,0.209920,2.040160
1657,traditional,0.172992,1.676288,0.209920,2.059200
1658,traditional,0.173632,2.105344,0.214016,2.492992
1659,traditional,0.169696,1.700864,0.215040,2.085600
1660,traditional,0.169664,1.675264,0.209920,2.054848
1661,traditional,0.195520,1.942528,0.215040,2.353088
1662,traditional,0.184992,1.688576,0.210944,2.084512
1663,traditional,0.168352,1.655808,0.208896,2.033056
1664,traditional,0.183520,1.865728,0.214016,2.263264
1665,traditional,0.198272,1.651712,0.217088,2.067072
1666,traditional,0.169344,1.655808,0.209920,2.035072
1667,traditional,0.169792,1.961984,0.482304,2.614080
1668,traditional,0.171616,1.696768,0.209920,2.078304
1669,traditional,0.172864,1.655808,0.209920,2.038592
1670,traditional,0.183040,1.872896,0.214016,2.269952
1671,traditional,0.183232,1.674240,0.209920,2.067392
1672,traditional,0.170752,1.893376,0.212992,2.277120
1673,traditional,0.190784,1.938432,0.208896,2.338112
1674,traditional,0.167936,1.677312,0.208896,2.054144
1675,traditional,0.167296,1.889280,0.215040,2.271616
1676,traditional,0.170688,1.900544,0.212992,2.284224
1677,traditional,0.169696,1.682432,0.212992,2.065120
1678,traditional,0.186304,1.703936,0.605184,2.495424
1679,traditional,0.170496,1.695744,0.212992,2.079232
1680,traditional,0.188032,1.694720,0.220160,2.102912
1681,traditional,0.173792,1.714176,0.217088,2.105056
1682,traditional,0.177888,1.720320,0.216064,2.114272
1683,traditional,0.180896,1.740800,0.217088,2.138784
1684,traditional,0.177888,1.702912,0.217088,2.097888
1685,traditional,0.205216,1.707008,0.216064,2.128288
1686,traditional,0.176416,1.661952,0.210944,2.049312
1687,traditional,0.170624,1.651712,0.211968,2.034304
1688,traditional,0.186080,1.728512,0.210944,2.125536
1689,traditional,0.170144,1.670144,0.210944,2.051232
1690,traditional,0.182720,1.906688,0.377856,2.467264
1691,traditional,0.188288,1.889280,0.211968,2.289536
1692,traditional,0.191456,1.733632,0.212992,2.138080
1693,traditional,0.171968,1.668096,0.212992,2.053056
1694,traditional,0.176320,1.680384,0.211968,2.068672
1695,traditional,0.173792,1.686528,0.445440,2.305760
1696,traditional,0.185216,1.892352,0.212992,2.290560
1697,traditional,0.169632,1.713152,0.212992,2.095776
1698,traditional,0.174144,1.955840,0.219136,2.349120
1699,traditional,0.187680,1.977344,0.218112,2.383136
1700,traditional,0.181888,2.115584,0.409600,2.707072
1701,traditional,0.187232,1.720320,0.214016,2.121568
1702,traditional,0.181824,2.330624,0.220160,2.732608
1703,traditional,0.174720,1.684480,0.215040,2.074240
1704,traditional,0.171168,2.309120,0.231424,2.711712
1705,traditional,0.179872,1.722368,0.218112,2.120352
1706,traditional,0.202432,1.739776,0.218112,2.160320
1707,traditional,0.173216,1.737728,0.482304,2.393248
1708,traditional,0.193152,1.732608,0.218112,2.143872
1709,traditional,0.192864,1.716224,0.218112,2.127200
1710,traditional,0.175232,1.727488,0.459776,2.362496
1711,traditional,0.173056,1.953792,0.215040,2.341888
1712,traditional,0.191296,1.770496,0.215040,2.176832
1713,traditional,0.172416,1.740800,0.216064,2.129280
1714,traditional,0.184608,1.695744,0.215040,2.095392
1715,traditional,0.177856,1.718272,0.215040,2.111168
1716,traditional,0.176512,1.687552,0.215040,2.079104
1717,traditional,0.182336,1.679360,0.214016,2.075712
1718,traditional,0.171360,1.690624,0.214016,2.076000
1719,traditional,0.200672,1.682432,0.214016,2.097120
1720,traditional,0.176032,1.675264,0.214016,2.065312
1721,traditional,0.197408,1.695744,0.212992,2.106144
1722,traditional,0.172320,1.695744,0.214016,2.082080
1723,traditional,0.191456,1.921024,0.240640,2.353120
1724,traditional,0.192128,1.886208,0.240640,2.318976
1725,traditional,0.207520,1.901568,0.240640,2.349728
1726,traditional,0.209888,1.967104,0.240640,2.417632
1727,traditional,0.207328,1.917952,0.239616,2.364896
1728,traditional,0.203744,1.976320,0.240640,2.420704
1729,traditional,0.205248,1.922048,0.240640,2.367936
1730,traditional,0.201792,2.377728,0.243712,2.823232
1731,traditional,0.203104,2.192384,0.239616,2.635104
1732,traditional,0.198048,1.896448,0.240640,2.335136
1733,traditional,0.196032,1.901568,0.245760,2.343360
1734,traditional,0.211392,2.189312,0.245760,2.646464
1735,traditional,0.207136,2.009088,0.244736,2.460960
1736,traditional,0.208736,1.972224,0.245760,2.426720
1737,traditional,0.196384,2.654208,0.250880,3.101472
1738,traditional,0.202720,2.224128,0.248832,2.675680
1739,traditional,0.195136,2.025472,0.245760,2.466368
1740,traditional,0.207104,2.212864,0.246784,2.666752
1741,traditional,0.195808,1.951744,0.245760,2.393312
1742,traditional,0.208768,1.965056,0.245760,2.419584
1743,traditional,0.208192,1.938432,0.245760,2.392384
1744,traditional,0.196352,2.625536,0.252928,3.074816
1745,traditional,0.198592,2.382848,0.248832,2.830272
1746,traditional,0.205792,1.944576,0.246784,2.397152
1747,traditional,0.214592,2.233344,0.245760,2.693696
1748,traditional,0.194240,2.519040,0.252928,2.966208
1749,traditional,0.201280,1.932288,0.244736,2.378304
1750,traditional,0.196416,2.592768,0.262144,3.051328
1751,traditional,0.194336,1.934336,0.243712,2.372384
1752,traditional,0.207648,2.423808,0.260096,2.891552
1753,traditional,0.213920,2.733056,0.265216,3.212192
1754,traditional,0.445824,2.455552,0.257024,3.158400
1755,traditional,0.204384,1.999872,0.519168,2.723424
1756,traditional,0.215840,2.225152,0.252928,2.693920
1757,traditional,0.201120,2.478080,0.257024,2.936224
1758,traditional,0.204640,2.545664,0.252928,3.003232
1759,traditional,0.211264,1.988608,0.249856,2.449728
1760,traditional,0.229024,1.984512,0.249856,2.463392
1761,traditional,0.202944,1.966080,0.249856,2.418880
1762,traditional,0.210368,2.438144,0.253952,2.902464
1763,traditional,0.200256,2.768896,0.254976,3.224128
1764,traditional,0.209760,1.977344,0.247808,2.434912
1765,traditional,0.197184,2.663424,0.258048,3.118656
1766,traditional,0.431232,2.433024,0.251904,3.116160
1767,traditional,0.220800,2.002944,0.247808,2.471552
1768,traditional,0.222144,1.992704,0.247808,2.462656
1769,traditional,0.203360,1.960960,0.247808,2.412128
1770,traditional,0.214560,1.944576,0.246784,2.405920
1771,traditional,0.209568,2.402304,0.251904,2.863776
1772,traditional,0.199648,2.700288,0.260096,3.160032
1773,traditional,0.210016,1.992704,0.247808,2.450528
1774,traditional,0.211552,1.985536,0.247808,2.444896
1775,traditional,0.219008,1.973248,0.247808,2.440064
1776,traditional,0.197728,2.406400,0.250880,2.855008
1777,traditional,0.419008,2.434048,0.250880,3.103936
1778,traditional,0.196256,2.655232,0.256000,3.107488
1779,traditional,0.205536,2.382848,0.250880,2.839264
1780,traditional,0.220320,2.618368,0.257024,3.095712
1781,traditional,0.208960,2.391040,0.250880,2.850880
1782,traditional,0.203712,2.438144,0.257024,2.898880
1783,traditional,0.202816,2.250752,0.252928,2.706496
1784,traditional,0.216640,2.030592,0.251904,2.499136
1785,traditional,0.201024,2.684928,0.261120,3.147072
1786,traditional,0.472512,2.448384,0.257024,3.177920
1787,traditional,0.437248,2.477056,0.256000,3.170304
1788,traditional,0.217056,2.023424,0.252928,2.493408
1789,traditional,0.203552,2.479104,0.257024,2.939680
1790,traditional,0.202272,1.990656,0.252928,2.445856
1791,traditional,0.226400,2.254848,0.251904,2.733152
1792,traditional,0.201824,2.780160,0.252928,3.234912
1793,traditional,0.200544,2.410496,0.222208,2.833248
1794,traditional,0.175968,1.711104,0.218112,2.105184
1795,traditional,0.193728,1.935360,0.222208,2.351296
1796,traditional,0.195584,1.758208,0.219136,2.172928
1797,traditional,0.194752,1.697792,0.208896,2.101440
1798,traditional,0.179712,2.067456,0.410624,2.657792
1799,traditional,0.180448,1.871872,0.209920,2.262240
1800,traditional,0.185920,1.660928,0.208896,2.055744
1801,traditional,0.184704,1.678336,0.208896,2.071936
1802,traditional,0.167072,1.649664,0.203776,2.020512
1803,traditional,0.182880,2.059264,0.208896,2.451040
1804,traditional,0.193408,1.611776,0.204800,2.009984
1805,traditional,0.170016,1.605632,0.204800,1.980448
1806,traditional,0.166144,1.860608,0.212992,2.239744
1807,traditional,0.179968,1.878016,0.211968,2.269952
1808,traditional,0.194080,1.609728,0.200704,2.004512
1809,traditional,0.165824,1.583104,0.201728,1.950656
1810,traditional,0.163360,1.882112,0.475136,2.520608
1811,traditional,0.164736,1.615872,0.200704,1.981312
1812,traditional,0.175744,1.570816,0.200704,1.947264
1813,traditional,0.164544,1.567744,0.200704,1.932992
1814,traditional,0.162208,1.595392,0.199680,1.957280
1815,traditional,0.182304,1.566720,0.201728,1.950752
1816,traditional,0.183328,1.563648,0.200704,1.947680
1817,traditional,0.165088,1.540096,0.200704,1.905888
1818,traditional,0.182656,1.542144,0.200704,1.925504
1819,traditional,0.179936,1.572864,0.200704,1.953504
1820,traditional,0.165056,1.552384,0.199680,1.917120
1821,traditional,0.198784,1.550336,0.199680,1.948800
1822,traditional,0.178432,1.563648,0.199680,1.941760
1823,traditional,0.163392,1.940480,0.380928,2.484800
1824,traditional,0.177472,1.803264,0.199680,2.180416
1825,traditional,0.177344,1.548288,0.199680,1.925312
1826,traditional,0.165824,1.547264,0.200704,1.913792
1827,traditional,0.164928,1.557504,0.199680,1.922112
1828,traditional,0.163456,1.534976,0.199680,1.898112
1829,traditional,0.189696,1.782784,0.203776,2.176256
1830,traditional,0.163616,1.616896,0.199680,1.980192
1831,traditional,0.164576,1.550336,0.199680,1.914592
1832,traditional,0.162272,1.579008,0.200704,1.941984
1833,traditional,0.168352,1.571840,0.199680,1.939872
1834,traditional,0.163552,1.547264,0.199680,1.910496
1835,traditional,0.163104,2.562048,0.377856,3.103008
1836,traditional,0.549536,2.756608,0.200704,3.506848
1837,traditional,0.164960,1.961984,0.382976,2.509920
1838,traditional,0.174720,1.818624,0.199680,2.193024
1839,traditional,0.162912,1.585152,0.199680,1.947744
1840,traditional,0.305504,3.067904,0.378880,3.752288
1841,traditional,0.307456,2.603008,0.206848,3.117312
1842,traditional,0.163936,1.969152,0.380928,2.514016
1843,traditional,0.176448,1.568768,0.200704,1.945920
1844,traditional,0.160736,2.132992,0.378880,2.672608
1845,traditional,0.309664,2.630656,0.200704,3.141024
1846,traditional,0.160032,1.974272,0.393216,2.527520
1847,traditional,0.177728,2.505728,0.378880,3.062336
1848,traditional,0.307808,2.626560,0.199680,3.134048
1849,traditional,0.166464,1.952768,0.203776,2.323008
1850,traditional,0.177312,2.642944,0.377856,3.198112
1851,traditional,0.581248,3.150848,0.204800,3.936896
1852,traditional,0.350720,2.001920,0.199680,2.552320
1853,traditional,0.162880,2.565120,0.378880,3.106880
1854,traditional,0.309792,3.248128,0.379904,3.937824
1855,traditional,0.172288,1.600512,0.200704,1.973504
1856,traditional,0.166528,1.556480,0.200704,1.923712
1857,traditional,0.192064,2.771968,0.378880,3.342912
1858,traditional,0.299904,3.002368,0.216064,3.518336
1859,traditional,0.168384,2.142208,0.203776,2.514368
1860,traditional,0.178080,2.712576,0.377856,3.268512
1861,traditional,0.548256,3.142656,0.220160,3.911072
1862,traditional,0.176448,2.174976,0.414720,2.766144
1863,traditional,0.174624,1.722368,0.219136,2.116128
1864,traditional,0.204096,1.758208,0.219136,2.181440
1865,traditional,0.178144,1.725440,0.219136,2.122720
1866,traditional,0.180256,1.744896,0.222208,2.147360
1867,traditional,0.177760,1.758208,0.222208,2.158176
1868,traditional,0.197568,1.782784,0.222208,2.202560
1869,traditional,0.194912,1.744896,0.222208,2.162016
1870,traditional,0.192032,1.743872,0.222208,2.158112
1871,traditional,0.195200,1.792000,0.222208,2.209408
1872,traditional,0.183392,1.755136,0.217088,2.155616
1873,traditional,0.194016,1.722368,0.218112,2.134496
1874,traditional,0.188256,1.739776,0.218112,2.146144
1875,traditional,0.190528,1.719296,0.218112,2.127936
1876,traditional,0.174880,1.712128,0.218112,2.105120
1877,traditional,0.175456,1.727488,0.218112,2.121056
1878,traditional,0.199680,1.720320,0.217088,2.137088
1879,traditional,0.188992,1.699840,0.218112,2.106944
1880,traditional,0.192416,1.728512,0.217088,2.138016
1881,traditional,0.175808,1.747968,0.218112,2.141888
1882,traditional,0.174272,1.728512,0.221184,2.123968
1883,traditional,0.177952,1.957888,0.389120,2.524960
1884,traditional,0.202304,1.942528,0.226304,2.371136
1885,traditional,0.177792,1.701888,0.215040,2.094720
1886,traditional,0.177312,1.698816,0.215040,2.091168
1887,traditional,0.189472,2.119680,0.219136,2.528288
1888,traditional,0.191840,1.709056,0.215040,2.115936
1889,traditional,0.191488,1.758208,0.215040,2.164736
1890,traditional,0.173760,1.935360,0.385024,2.494144
1891,traditional,0.170880,1.716224,0.216064,2.103168
1892,traditional,0.181440,1.674240,0.214016,2.069696
1893,traditional,0.173824,1.692672,0.214016,2.080512
1894,traditional,0.176096,1.696768,0.215040,2.087904
1895,traditional,0.180960,1.685504,0.211968,2.078432
1896,traditional,0.172256,1.641472,0.207872,2.021600
1897,traditional,0.170560,1.698816,0.208896,2.078272
1898,traditional,0.170976,1.647616,0.208896,2.027488
1899,traditional,0.168896,1.627136,0.208896,2.004928
1900,traditional,0.168288,1.620992,0.203776,1.993056
1901,traditional,0.166528,1.622016,0.203776,1.992320
1902,traditional,0.167360,1.655808,0.206848,2.030016
1903,traditional,0.164992,1.597440,0.203776,1.966208
1904,traditional,0.165376,1.604608,0.203776,1.973760
1905,traditional,0.190848,1.602560,0.202752,1.996160
1906,traditional,0.194336,1.620992,0.203776,2.019104
1907,traditional,0.164544,1.858560,0.376832,2.399936
1908,traditional,0.178176,1.854464,0.203776,2.236416
1909,traditional,0.194016,1.639424,0.203776,2.037216
1910,traditional,0.169216,1.598464,0.203776,1.971456
1911,traditional,0.166304,1.583104,0.199680,1.949088
1912,traditional,0.169760,1.586176,0.200704,1.956640
1913,traditional,0.163232,1.570816,0.200704,1.934752
1914,traditional,0.192320,1.603584,0.207872,2.003776
1915,traditional,0.187840,1.629184,0.207872,2.024896
1916,traditional,0.170240,2.306048,0.393216,2.869504
1917,traditional,0.318944,2.410496,0.207872,2.937312
1918,traditional,0.187104,1.623040,0.204800,2.014944
1919,traditional,0.166528,1.614848,0.204800,1.986176
1920,traditional,0.165856,1.656832,0.203776,2.026464
1921,traditional,0.166784,1.610752,0.203776,1.981312
1922,traditional,0.179360,1.596416,0.203776,1.979552
1923,traditional,0.175456,2.366464,0.387072,2.928992
1924,traditional,0.613184,3.176448,0.211968,4.001600
1925,traditional,0.186848,2.103296,0.404480,2.694624
1926,traditional,0.182656,1.923072,0.208896,2.314624
1927,traditional,0.193856,1.669120,0.208896,2.071872
1928,traditional,0.172960,1.650688,0.207872,2.031520
1929,traditional,0.186976,1.860608,0.214016,2.261600
1930,traditional,0.198272,1.733632,0.210944,2.142848
1931,traditional,0.204896,1.910784,0.379904,2.495584
1932,traditional,0.187744,1.940480,0.211968,2.340192
1933,traditional,0.172672,1.672192,0.215040,2.059904
1934,traditional,0.170912,2.117632,0.414720,2.703264
1935,traditional,0.185280,2.113536,0.217088,2.515904
1936,traditional,0.182592,1.669120,0.208896,2.060608
1937,traditional,0.182304,1.887232,0.211968,2.281504
1938,traditional,0.167712,1.659904,0.207872,2.035488
1939,traditional,0.180416,1.652736,0.210944,2.044096
1940,traditional,0.168736,1.955840,0.478208,2.602784
1941,traditional,0.168896,1.627136,0.208896,2.004928
1942,traditional,0.167488,1.658880,0.207872,2.034240
1943,traditional,0.189984,1.868800,0.207872,2.266656
1944,traditional,0.184192,1.711104,0.207872,2.103168
1945,traditional,0.166848,1.614848,0.206848,1.988544
1946,traditional,0.181504,1.624064,0.205824,2.011392
1947,traditional,0.182720,1.643520,0.206848,2.033088
1948,traditional,0.188896,1.633280,0.206848,2.029024
1949,traditional,0.166624,3.210240,0.395264,3.772128
1950,traditional,0.310560,3.111936,0.209920,3.632416
1951,traditional,0.165312,2.252800,0.222208,2.640320
1952,traditional,0.166432,1.636352,0.216064,2.018848
1953,traditional,0.168608,1.614848,0.204800,1.988256
1954,traditional,0.169696,1.670144,0.212992,2.052832
1955,traditional,0.173568,1.695744,0.211968,2.081280
1956,traditional,0.172000,1.718272,0.222208,2.112480
1957,traditional,0.182112,1.928192,0.211968,2.322272
1958,traditional,0.200160,1.733632,0.214016,2.147808
1959,traditional,0.173280,1.684480,0.211968,2.069728
1960,traditional,0.172000,1.640448,0.208896,2.021344
1961,traditional,0.195616,1.672192,0.208896,2.076704
1962,traditional,0.168320,1.693696,0.208896,2.070912
1963,traditional,0.170208,1.896448,0.212992,2.279648
1964,traditional,0.196128,1.739776,0.208896,2.144800
1965,traditional,0.169824,1.634304,0.208896,2.013024
1966,traditional,0.168800,1.633280,0.208896,2.010976
1967,traditional,0.183104,1.685504,0.208896,2.077504
1968,traditional,0.182496,1.645568,0.208896,2.036960
1969,traditional,0.170336,1.648640,0.207872,2.026848
1970,traditional,0.187264,1.981440,0.236544,2.405248
1971,traditional,0.201792,1.851392,0.232448,2.285632
1972,traditional,0.199104,1.816576,0.232448,2.248128
1973,traditional,0.188960,1.844224,0.231424,2.264608
1974,traditional,0.201024,1.844224,0.232448,2.277696
1975,traditional,0.191552,1.818624,0.232448,2.242624
1976,traditional,0.205472,1.825792,0.232448,2.263712
1977,traditional,0.203296,1.879040,0.232448,2.314784
1978,traditional,0.215616,1.934336,0.243712,2.393664
1979,traditional,0.193920,2.612224,0.250880,3.057024
1980,traditional,0.193440,2.380800,0.246784,2.821024
1981,traditional,0.222816,1.960960,0.251904,2.435680
1982,traditional,0.205728,1.928192,0.242688,2.376608
1983,traditional,0.197952,2.174976,0.242688,2.615616
1984,traditional,0.223552,1.930240,0.242688,2.396480
1985,traditional,0.210720,1.911808,0.242688,2.365216
1986,traditional,0.205632,2.367488,0.245760,2.818880
1987,traditional,0.196512,2.410496,0.245760,2.852768
1988,traditional,0.194048,1.901568,0.242688,2.338304
1989,traditional,0.209408,2.354176,0.245760,2.809344
1990,traditional,0.204288,2.573312,0.253952,3.031552
1991,traditional,0.235040,2.660352,0.252928,3.148320
1992,traditional,0.208672,1.939456,0.246784,2.394912
1993,traditional,0.222304,1.946624,0.244736,2.413664
1994,traditional,0.219200,1.935360,0.245760,2.400320
1995,traditional,0.193088,2.186240,0.245760,2.625088
1996,traditional,0.210336,1.971200,0.244736,2.426272
1997,traditional,0.211296,1.920000,0.241664,2.372960
1998,traditional,0.216224,1.944576,0.241664,2.402464
1999,traditional,0.217312,1.942528,0.242688,2.402528
2000,traditional,0.213408,1.929216,0.242688,2.385312
2001,traditional,0.203968,2.384896,0.245760,2.834624
2002,traditional,0.207264,1.904640,0.241664,2.353568
2003,traditional,0.197920,1.967104,0.247808,2.412832
2004,traditional,0.213920,1.961984,0.246784,2.422688
2005,traditional,0.212544,1.964032,0.246784,2.423360
2006,traditional,0.212160,2.027520,0.246784,2.486464
2007,traditional,0.212544,1.961984,0.246784,2.421312
2008,traditional,0.208288,2.234368,0.247808,2.690464
2009,traditional,0.234464,1.997824,0.245760,2.478048
2010,traditional,0.211072,1.928192,0.245760,2.385024
2011,traditional,0.200160,2.407424,0.249856,2.857440
2012,traditional,0.199776,2.595840,0.252928,3.048544
2013,traditional,0.209344,1.938432,0.245760,2.393536
2014,traditional,0.220928,1.971200,0.244736,2.436864
2015,traditional,0.195040,1.956864,0.244736,2.396640
2016,traditional,0.205760,2.406400,0.261120,2.873280
2017,traditional,0.197312,1.944576,0.254976,2.396864
2018,traditional,0.196352,2.419712,0.249856,2.865920
2019,traditional,0.198976,2.613248,0.248832,3.061056
2020,traditional,0.213728,1.958912,0.522240,2.694880
2021,traditional,0.211744,2.169856,0.247808,2.629408
2022,traditional,0.208832,2.584576,0.251904,3.045312
2023,traditional,0.216416,1.945600,0.243712,2.405728
2024,traditional,0.211488,1.934336,0.243712,2.389536
2025,traditional,0.195840,1.945600,0.243712,2.385152
2026,traditional,0.196704,2.810880,0.251904,3.259488
2027,traditional,0.196352,2.173952,0.242688,2.612992
2028,traditional,0.209280,1.935360,0.243712,2.388352
2029,traditional,0.195136,2.626560,0.250880,3.072576
2030,traditional,0.211488,2.566144,0.250880,3.028512
2031,traditional,0.205920,1.928192,0.243712,2.377824
2032,traditional,0.211776,1.930240,0.243712,2.385728
2033,traditional,0.219520,1.943552,0.244736,2.407808
2034,traditional,0.204992,1.929216,0.245760,2.379968
2035,traditional,0.225440,1.999872,0.246784,2.472096
2036,traditional,0.198720,1.925120,0.245760,2.369600
2037,traditional,0.214912,1.978368,0.244736,2.438016
2038,traditional,0.211744,1.934336,0.245760,2.391840
2039,traditional,0.219488,1.950720,0.244736,2.414944
2040,traditional,0.195616,2.383872,0.252928,2.832416
2041,traditional,0.211680,2.191360,0.248832,2.651872
2042,traditional,0.197088,1.971200,0.244736,2.413024
2043,traditional,0.203872,2.626560,0.252928,3.083360
2044,traditional,0.208128,2.193408,0.244736,2.646272
2045,traditional,0.210592,1.978368,0.248832,2.437792
2046,traditional,0.198432,1.949696,0.245760,2.393888
2047,traditional,0.207104,1.735680,0.207872,2.150656
2048,traditional,0.168960,1.667072,0.212992,2.049024
2049,traditional,0.170080,1.626112,0.206848,2.003040
2050,traditional,0.169088,1.612800,0.206848,1.988736
2051,traditional,0.163328,1.585152,0.201728,1.950208
2052,traditional,0.167168,1.574912,0.201728,1.943808
2053,traditional,0.165920,1.579008,0.203776,1.948704
2054,traditional,0.164672,1.599488,0.201728,1.965888
2055,traditional,0.166368,1.842176,0.208896,2.217440
2056,traditional,0.162176,1.819648,0.200704,2.182528
2057,traditional,0.164032,1.615872,0.199680,1.979584
2058,traditional,0.161472,1.568768,0.200704,1.930944
2059,traditional,0.161856,1.588224,0.200704,1.950784
2060,traditional,0.162464,1.570816,0.199680,1.932960
2061,traditional,0.162880,1.562624,0.199680,1.925184
2062,traditional,0.166400,1.565696,0.199680,1.931776
2063,traditional,0.161728,1.573888,0.199680,1.935296
2064,traditional,0.181024,1.604608,0.199680,1.985312
2065,traditional,0.180832,1.554432,0.199680,1.934944
2066,traditional,0.181440,1.602560,0.200704,1.984704
2067,traditional,0.163008,1.799168,0.200704,2.162880
2068,traditional,0.167520,1.568768,0.200704,1.936992
2069,traditional,0.162304,1.585152,0.199680,1.947136
2070,traditional,0.165408,1.589248,0.200704,1.955360
2071,traditional,0.164352,1.579008,0.203776,1.947136
2072,traditional,0.160160,1.560576,0.199680,1.920416
2073,traditional,0.182496,1.577984,0.199680,1.960160
2074,traditional,0.172768,2.375680,0.377856,2.926304
2075,traditional,0.297248,3.360768,0.204800,3.862816
2076,traditional,0.179552,1.954816,0.381952,2.516320
2077,traditional,0.176544,1.796096,0.199680,2.172320
2078,traditional,0.176000,1.583104,0.199680,1.958784
2079,traditional,0.174368,1.579008,0.200704,1.954080
2080,traditional,0.161280,2.305024,0.378880,2.845184
2081,traditional,0.299456,3.314688,0.204800,3.818944
2082,traditional,0.174592,1.964032,0.385024,2.523648
2083,traditional,0.173888,2.653184,0.378880,3.205952
2084,traditional,0.573312,3.045376,0.203776,3.822464
2085,traditional,0.164736,1.587200,0.199680,1.951616
2086,traditional,0.163008,3.420160,0.612352,4.195520
2087,traditional,0.233408,1.602560,0.199680,2.035648
2088,traditional,0.188608,1.587200,0.199680,1.975488
2089,traditional,0.164544,1.575936,0.200704,1.941184
2090,traditional,0.191232,2.704384,0.380928,3.276544
2091,traditional,0.556928,2.731008,0.203776,3.491712
2092,traditional,0.164128,2.017280,0.390144,2.571552
2093,traditional,0.179456,3.213312,0.394240,3.787008
2094,traditional,0.336480,3.208192,0.236544,3.781216
2095,traditional,0.417280,2.241536,0.235520,2.894336
2096,traditional,0.421760,2.220032,0.231424,2.873216
2097,traditional,0.183296,2.438144,0.236544,2.857984
2098,traditional,0.208800,1.802240,0.227328,2.238368
2099,traditional,0.195520,1.838080,0.241664,2.275264
2100,traditional,0.208032,1.896448,0.239616,2.344096
