{
  "backtraceGraph" : 
  {
    "commands" : 
    [
      "add_test",
      "azure_register_game_package"
    ],
    "files" : 
    [
      "D:/Assigment/2609/FYP/Project/AzureRender/CMakeLists.txt",
      "D:/Assigment/2609/FYP/Project/AzureRender/tools/register_game_package.cmake"
    ],
    "nodes" : 
    [
      {
        "file" : 0
      },
      {
        "command" : 0,
        "file" : 0,
        "line" : 458,
        "parent" : 0
      },
      {
        "file" : 0
      },
      {
        "command" : 0,
        "file" : 0,
        "line" : 461,
        "parent" : 2
      },
      {
        "file" : 0
      },
      {
        "command" : 0,
        "file" : 0,
        "line" : 462,
        "parent" : 4
      },
      {
        "file" : 0
      },
      {
        "command" : 0,
        "file" : 0,
        "line" : 466,
        "parent" : 6
      },
      {
        "file" : 0
      },
      {
        "command" : 0,
        "file" : 0,
        "line" : 472,
        "parent" : 8
      },
      {
        "file" : 0
      },
      {
        "command" : 0,
        "file" : 0,
        "line" : 475,
        "parent" : 10
      },
      {
        "file" : 0
      },
      {
        "command" : 0,
        "file" : 0,
        "line" : 478,
        "parent" : 12
      },
      {
        "file" : 0
      },
      {
        "command" : 0,
        "file" : 0,
        "line" : 482,
        "parent" : 14
      },
      {
        "file" : 0
      },
      {
        "command" : 0,
        "file" : 0,
        "line" : 488,
        "parent" : 16
      },
      {
        "file" : 0
      },
      {
        "command" : 0,
        "file" : 0,
        "line" : 493,
        "parent" : 18
      },
      {
        "file" : 0
      },
      {
        "command" : 0,
        "file" : 0,
        "line" : 497,
        "parent" : 20
      },
      {
        "file" : 0
      },
      {
        "command" : 0,
        "file" : 0,
        "line" : 498,
        "parent" : 22
      },
      {
        "file" : 0
      },
      {
        "command" : 0,
        "file" : 0,
        "line" : 499,
        "parent" : 24
      },
      {
        "file" : 0
      },
      {
        "command" : 0,
        "file" : 0,
        "line" : 504,
        "parent" : 26
      },
      {
        "file" : 0
      },
      {
        "command" : 0,
        "file" : 0,
        "line" : 507,
        "parent" : 28
      },
      {
        "file" : 0
      },
      {
        "command" : 0,
        "file" : 0,
        "line" : 510,
        "parent" : 30
      },
      {
        "file" : 0
      },
      {
        "command" : 0,
        "file" : 0,
        "line" : 513,
        "parent" : 32
      },
      {
        "file" : 0
      },
      {
        "command" : 0,
        "file" : 0,
        "line" : 516,
        "parent" : 34
      },
      {
        "file" : 0
      },
      {
        "command" : 0,
        "file" : 0,
        "line" : 519,
        "parent" : 36
      },
      {
        "file" : 0
      },
      {
        "command" : 0,
        "file" : 0,
        "line" : 522,
        "parent" : 38
      },
      {
        "file" : 0
      },
      {
        "command" : 0,
        "file" : 0,
        "line" : 526,
        "parent" : 40
      },
      {
        "file" : 0
      },
      {
        "command" : 0,
        "file" : 0,
        "line" : 531,
        "parent" : 42
      },
      {
        "file" : 0
      },
      {
        "command" : 0,
        "file" : 0,
        "line" : 535,
        "parent" : 44
      },
      {
        "file" : 0
      },
      {
        "command" : 0,
        "file" : 0,
        "line" : 539,
        "parent" : 46
      },
      {
        "file" : 0
      },
      {
        "command" : 0,
        "file" : 0,
        "line" : 540,
        "parent" : 48
      },
      {
        "file" : 0
      },
      {
        "command" : 0,
        "file" : 0,
        "line" : 542,
        "parent" : 50
      },
      {
        "file" : 0
      },
      {
        "command" : 0,
        "file" : 0,
        "line" : 548,
        "parent" : 52
      },
      {
        "file" : 0
      },
      {
        "command" : 0,
        "file" : 0,
        "line" : 550,
        "parent" : 54
      },
      {
        "file" : 0
      },
      {
        "command" : 0,
        "file" : 0,
        "line" : 552,
        "parent" : 56
      },
      {
        "file" : 0
      },
      {
        "command" : 0,
        "file" : 0,
        "line" : 557,
        "parent" : 58
      },
      {
        "file" : 0
      },
      {
        "command" : 0,
        "file" : 0,
        "line" : 560,
        "parent" : 60
      },
      {
        "file" : 0
      },
      {
        "command" : 0,
        "file" : 0,
        "line" : 564,
        "parent" : 62
      },
      {
        "file" : 0
      },
      {
        "command" : 0,
        "file" : 0,
        "line" : 565,
        "parent" : 64
      },
      {
        "file" : 0
      },
      {
        "command" : 0,
        "file" : 0,
        "line" : 567,
        "parent" : 66
      },
      {
        "file" : 0
      },
      {
        "command" : 0,
        "file" : 0,
        "line" : 569,
        "parent" : 68
      },
      {
        "file" : 0
      },
      {
        "command" : 0,
        "file" : 0,
        "line" : 572,
        "parent" : 70
      },
      {
        "file" : 0
      },
      {
        "command" : 0,
        "file" : 0,
        "line" : 576,
        "parent" : 72
      },
      {
        "file" : 0
      },
      {
        "command" : 0,
        "file" : 0,
        "line" : 579,
        "parent" : 74
      },
      {
        "file" : 0
      },
      {
        "command" : 0,
        "file" : 0,
        "line" : 582,
        "parent" : 76
      },
      {
        "file" : 0
      },
      {
        "command" : 0,
        "file" : 0,
        "line" : 585,
        "parent" : 78
      },
      {
        "file" : 0
      },
      {
        "command" : 0,
        "file" : 0,
        "line" : 588,
        "parent" : 80
      },
      {
        "file" : 0
      },
      {
        "command" : 0,
        "file" : 0,
        "line" : 592,
        "parent" : 82
      },
      {
        "file" : 0
      },
      {
        "command" : 0,
        "file" : 0,
        "line" : 594,
        "parent" : 84
      },
      {
        "file" : 0
      },
      {
        "command" : 0,
        "file" : 0,
        "line" : 600,
        "parent" : 86
      },
      {
        "file" : 0
      },
      {
        "command" : 0,
        "file" : 0,
        "line" : 603,
        "parent" : 88
      },
      {
        "file" : 0
      },
      {
        "command" : 0,
        "file" : 0,
        "line" : 612,
        "parent" : 90
      },
      {
        "file" : 0
      },
      {
        "command" : 0,
        "file" : 0,
        "line" : 615,
        "parent" : 92
      },
      {
        "file" : 0
      },
      {
        "command" : 0,
        "file" : 0,
        "line" : 619,
        "parent" : 94
      },
      {
        "file" : 0
      },
      {
        "command" : 0,
        "file" : 0,
        "line" : 624,
        "parent" : 96
      },
      {
        "file" : 0
      },
      {
        "command" : 0,
        "file" : 0,
        "line" : 625,
        "parent" : 98
      },
      {
        "file" : 0
      },
      {
        "command" : 0,
        "file" : 0,
        "line" : 630,
        "parent" : 100
      },
      {
        "file" : 0
      },
      {
        "command" : 0,
        "file" : 0,
        "line" : 633,
        "parent" : 102
      },
      {
        "file" : 0
      },
      {
        "command" : 0,
        "file" : 0,
        "line" : 636,
        "parent" : 104
      },
      {
        "file" : 0
      },
      {
        "command" : 0,
        "file" : 0,
        "line" : 639,
        "parent" : 106
      },
      {
        "file" : 0
      },
      {
        "command" : 0,
        "file" : 0,
        "line" : 642,
        "parent" : 108
      },
      {
        "file" : 0
      },
      {
        "command" : 0,
        "file" : 0,
        "line" : 645,
        "parent" : 110
      },
      {
        "file" : 0
      },
      {
        "command" : 0,
        "file" : 0,
        "line" : 649,
        "parent" : 112
      },
      {
        "file" : 0
      },
      {
        "command" : 0,
        "file" : 0,
        "line" : 652,
        "parent" : 114
      },
      {
        "file" : 0
      },
      {
        "command" : 0,
        "file" : 0,
        "line" : 657,
        "parent" : 116
      },
      {
        "file" : 0
      },
      {
        "command" : 0,
        "file" : 0,
        "line" : 657,
        "parent" : 118
      },
      {
        "file" : 0
      },
      {
        "command" : 0,
        "file" : 0,
        "line" : 662,
        "parent" : 120
      },
      {
        "file" : 0
      },
      {
        "command" : 0,
        "file" : 0,
        "line" : 662,
        "parent" : 122
      },
      {
        "file" : 0
      },
      {
        "command" : 0,
        "file" : 0,
        "line" : 664,
        "parent" : 124
      },
      {
        "file" : 0
      },
      {
        "command" : 0,
        "file" : 0,
        "line" : 666,
        "parent" : 126
      },
      {
        "file" : 0
      },
      {
        "command" : 0,
        "file" : 0,
        "line" : 666,
        "parent" : 128
      },
      {
        "file" : 0
      },
      {
        "command" : 0,
        "file" : 0,
        "line" : 673,
        "parent" : 130
      },
      {
        "file" : 0
      },
      {
        "command" : 0,
        "file" : 0,
        "line" : 677,
        "parent" : 132
      },
      {
        "file" : 0
      },
      {
        "command" : 0,
        "file" : 0,
        "line" : 680,
        "parent" : 134
      },
      {
        "file" : 0
      },
      {
        "command" : 0,
        "file" : 0,
        "line" : 683,
        "parent" : 136
      },
      {
        "file" : 0
      },
      {
        "command" : 0,
        "file" : 0,
        "line" : 686,
        "parent" : 138
      },
      {
        "file" : 0
      },
      {
        "command" : 0,
        "file" : 0,
        "line" : 690,
        "parent" : 140
      },
      {
        "file" : 0
      },
      {
        "command" : 0,
        "file" : 0,
        "line" : 695,
        "parent" : 142
      },
      {
        "file" : 0
      },
      {
        "command" : 0,
        "file" : 0,
        "line" : 698,
        "parent" : 144
      },
      {
        "file" : 0
      },
      {
        "command" : 0,
        "file" : 0,
        "line" : 700,
        "parent" : 146
      },
      {
        "file" : 0
      },
      {
        "command" : 0,
        "file" : 0,
        "line" : 703,
        "parent" : 148
      },
      {
        "file" : 0
      },
      {
        "command" : 0,
        "file" : 0,
        "line" : 706,
        "parent" : 150
      },
      {
        "file" : 0
      },
      {
        "command" : 0,
        "file" : 0,
        "line" : 709,
        "parent" : 152
      },
      {
        "file" : 0
      },
      {
        "command" : 0,
        "file" : 0,
        "line" : 712,
        "parent" : 154
      },
      {
        "file" : 0
      },
      {
        "command" : 0,
        "file" : 0,
        "line" : 713,
        "parent" : 156
      },
      {
        "file" : 0
      },
      {
        "command" : 0,
        "file" : 0,
        "line" : 716,
        "parent" : 158
      },
      {
        "file" : 0
      },
      {
        "command" : 0,
        "file" : 0,
        "line" : 717,
        "parent" : 160
      },
      {
        "file" : 0
      },
      {
        "command" : 0,
        "file" : 0,
        "line" : 720,
        "parent" : 162
      },
      {
        "file" : 0
      },
      {
        "command" : 0,
        "file" : 0,
        "line" : 721,
        "parent" : 164
      },
      {
        "file" : 0
      },
      {
        "command" : 0,
        "file" : 0,
        "line" : 722,
        "parent" : 166
      },
      {
        "file" : 0
      },
      {
        "command" : 0,
        "file" : 0,
        "line" : 723,
        "parent" : 168
      },
      {
        "file" : 0
      },
      {
        "command" : 1,
        "file" : 0,
        "line" : 725,
        "parent" : 170
      },
      {
        "command" : 0,
        "file" : 1,
        "line" : 3,
        "parent" : 171
      },
      {
        "file" : 0
      },
      {
        "command" : 1,
        "file" : 0,
        "line" : 725,
        "parent" : 173
      },
      {
        "command" : 0,
        "file" : 1,
        "line" : 11,
        "parent" : 174
      },
      {
        "file" : 0
      },
      {
        "command" : 0,
        "file" : 0,
        "line" : 726,
        "parent" : 176
      },
      {
        "file" : 0
      },
      {
        "command" : 0,
        "file" : 0,
        "line" : 727,
        "parent" : 178
      },
      {
        "file" : 0
      },
      {
        "command" : 0,
        "file" : 0,
        "line" : 729,
        "parent" : 180
      },
      {
        "file" : 0
      },
      {
        "command" : 0,
        "file" : 0,
        "line" : 731,
        "parent" : 182
      },
      {
        "file" : 0
      },
      {
        "command" : 0,
        "file" : 0,
        "line" : 732,
        "parent" : 184
      },
      {
        "file" : 0
      },
      {
        "command" : 0,
        "file" : 0,
        "line" : 734,
        "parent" : 186
      },
      {
        "file" : 0
      },
      {
        "command" : 0,
        "file" : 0,
        "line" : 737,
        "parent" : 188
      },
      {
        "file" : 0
      },
      {
        "command" : 0,
        "file" : 0,
        "line" : 738,
        "parent" : 190
      },
      {
        "file" : 0
      },
      {
        "command" : 0,
        "file" : 0,
        "line" : 739,
        "parent" : 192
      },
      {
        "file" : 0
      },
      {
        "command" : 0,
        "file" : 0,
        "line" : 741,
        "parent" : 194
      },
      {
        "file" : 0
      },
      {
        "command" : 0,
        "file" : 0,
        "line" : 743,
        "parent" : 196
      },
      {
        "file" : 0
      },
      {
        "command" : 0,
        "file" : 0,
        "line" : 745,
        "parent" : 198
      },
      {
        "file" : 0
      },
      {
        "command" : 0,
        "file" : 0,
        "line" : 748,
        "parent" : 200
      },
      {
        "file" : 0
      },
      {
        "command" : 0,
        "file" : 0,
        "line" : 750,
        "parent" : 202
      },
      {
        "file" : 0
      },
      {
        "command" : 0,
        "file" : 0,
        "line" : 751,
        "parent" : 204
      },
      {
        "file" : 0
      },
      {
        "command" : 0,
        "file" : 0,
        "line" : 754,
        "parent" : 206
      },
      {
        "file" : 0
      },
      {
        "command" : 0,
        "file" : 0,
        "line" : 755,
        "parent" : 208
      },
      {
        "file" : 0
      },
      {
        "command" : 0,
        "file" : 0,
        "line" : 757,
        "parent" : 210
      },
      {
        "file" : 0
      },
      {
        "command" : 0,
        "file" : 0,
        "line" : 758,
        "parent" : 212
      },
      {
        "file" : 0
      },
      {
        "command" : 0,
        "file" : 0,
        "line" : 763,
        "parent" : 214
      },
      {
        "file" : 0
      },
      {
        "command" : 0,
        "file" : 0,
        "line" : 766,
        "parent" : 216
      },
      {
        "file" : 0
      },
      {
        "command" : 0,
        "file" : 0,
        "line" : 770,
        "parent" : 218
      },
      {
        "file" : 0
      },
      {
        "command" : 0,
        "file" : 0,
        "line" : 774,
        "parent" : 220
      },
      {
        "file" : 0
      },
      {
        "command" : 0,
        "file" : 0,
        "line" : 778,
        "parent" : 222
      },
      {
        "file" : 0
      },
      {
        "command" : 0,
        "file" : 0,
        "line" : 781,
        "parent" : 224
      },
      {
        "file" : 0
      },
      {
        "command" : 0,
        "file" : 0,
        "line" : 784,
        "parent" : 226
      },
      {
        "file" : 0
      },
      {
        "command" : 0,
        "file" : 0,
        "line" : 787,
        "parent" : 228
      },
      {
        "file" : 0
      },
      {
        "command" : 0,
        "file" : 0,
        "line" : 797,
        "parent" : 230
      },
      {
        "file" : 0
      },
      {
        "command" : 0,
        "file" : 0,
        "line" : 801,
        "parent" : 232
      },
      {
        "file" : 0
      },
      {
        "command" : 0,
        "file" : 0,
        "line" : 804,
        "parent" : 234
      },
      {
        "file" : 0
      },
      {
        "command" : 0,
        "file" : 0,
        "line" : 815,
        "parent" : 236
      },
      {
        "file" : 0
      },
      {
        "command" : 0,
        "file" : 0,
        "line" : 826,
        "parent" : 238
      },
      {
        "file" : 0
      },
      {
        "command" : 0,
        "file" : 0,
        "line" : 831,
        "parent" : 240
      },
      {
        "file" : 0
      },
      {
        "command" : 0,
        "file" : 0,
        "line" : 839,
        "parent" : 242
      },
      {
        "file" : 0
      },
      {
        "command" : 0,
        "file" : 0,
        "line" : 850,
        "parent" : 244
      },
      {
        "file" : 0
      },
      {
        "command" : 0,
        "file" : 0,
        "line" : 872,
        "parent" : 246
      },
      {
        "file" : 0
      },
      {
        "command" : 0,
        "file" : 0,
        "line" : 883,
        "parent" : 248
      },
      {
        "file" : 0
      },
      {
        "command" : 0,
        "file" : 0,
        "line" : 901,
        "parent" : 250
      },
      {
        "file" : 0
      },
      {
        "command" : 0,
        "file" : 0,
        "line" : 914,
        "parent" : 252
      },
      {
        "file" : 0
      },
      {
        "command" : 0,
        "file" : 0,
        "line" : 926,
        "parent" : 254
      },
      {
        "file" : 0
      },
      {
        "command" : 0,
        "file" : 0,
        "line" : 935,
        "parent" : 256
      },
      {
        "file" : 0
      },
      {
        "command" : 0,
        "file" : 0,
        "line" : 947,
        "parent" : 258
      },
      {
        "file" : 0
      },
      {
        "command" : 0,
        "file" : 0,
        "line" : 982,
        "parent" : 260
      },
      {
        "file" : 0
      },
      {
        "command" : 0,
        "file" : 0,
        "line" : 993,
        "parent" : 262
      },
      {
        "file" : 0
      },
      {
        "command" : 0,
        "file" : 0,
        "line" : 1002,
        "parent" : 264
      },
      {
        "file" : 0
      },
      {
        "command" : 0,
        "file" : 0,
        "line" : 1021,
        "parent" : 266
      },
      {
        "file" : 0
      },
      {
        "command" : 0,
        "file" : 0,
        "line" : 1041,
        "parent" : 268
      },
      {
        "file" : 0
      },
      {
        "command" : 0,
        "file" : 0,
        "line" : 1054,
        "parent" : 270
      },
      {
        "file" : 0
      },
      {
        "command" : 0,
        "file" : 0,
        "line" : 1067,
        "parent" : 272
      },
      {
        "file" : 0
      },
      {
        "command" : 0,
        "file" : 0,
        "line" : 1082,
        "parent" : 274
      },
      {
        "file" : 0
      },
      {
        "command" : 0,
        "file" : 0,
        "line" : 1085,
        "parent" : 276
      },
      {
        "file" : 0
      },
      {
        "command" : 0,
        "file" : 0,
        "line" : 1088,
        "parent" : 278
      },
      {
        "file" : 0
      },
      {
        "command" : 0,
        "file" : 0,
        "line" : 1091,
        "parent" : 280
      },
      {
        "file" : 0
      },
      {
        "command" : 0,
        "file" : 0,
        "line" : 1099,
        "parent" : 282
      },
      {
        "file" : 0
      },
      {
        "command" : 0,
        "file" : 0,
        "line" : 1107,
        "parent" : 284
      },
      {
        "file" : 0
      },
      {
        "command" : 0,
        "file" : 0,
        "line" : 1113,
        "parent" : 286
      },
      {
        "file" : 0
      },
      {
        "command" : 0,
        "file" : 0,
        "line" : 1131,
        "parent" : 288
      },
      {
        "file" : 0
      },
      {
        "command" : 0,
        "file" : 0,
        "line" : 1146,
        "parent" : 290
      },
      {
        "file" : 0
      },
      {
        "command" : 0,
        "file" : 0,
        "line" : 1162,
        "parent" : 292
      },
      {
        "file" : 0
      },
      {
        "command" : 0,
        "file" : 0,
        "line" : 1169,
        "parent" : 294
      }
    ]
  },
  "kind" : "ctestInfo",
  "tests" : 
  [
    {
      "backtrace" : 1,
      "command" : 
      [
        "C:/Users/23587/AppData/Local/Programs/Python/Python311/python.exe",
        "D:/Assigment/2609/FYP/Project/AzureRender/tools/test_script_bindings.py"
      ],
      "config" : "Release",
      "name" : "AzureTools.ScriptBindings",
      "properties" : 
      [
        {
          "name" : "WORKING_DIRECTORY",
          "value" : "D:/Assigment/2609/FYP/Project/AzureRender/build/ninja-msvc-release"
        }
      ]
    },
    {
      "backtrace" : 3,
      "command" : 
      [
        "D:/Assigment/2609/FYP/Project/AzureRender/build/ninja-msvc-release/AzureVisibilityPrototypeTests.exe"
      ],
      "config" : "Release",
      "name" : "AzureRender.VisibilityPrototype",
      "properties" : 
      [
        {
          "name" : "WORKING_DIRECTORY",
          "value" : "D:/Assigment/2609/FYP/Project/AzureRender/build/ninja-msvc-release"
        }
      ]
    },
    {
      "backtrace" : 5,
      "command" : 
      [
        "C:/Users/23587/AppData/Local/Programs/Python/Python311/python.exe",
        "D:/Assigment/2609/FYP/Project/AzureRender/tools/test_visibility_benchmark.py"
      ],
      "config" : "Release",
      "name" : "AzureTools.VisibilityBenchmark",
      "properties" : 
      [
        {
          "name" : "WORKING_DIRECTORY",
          "value" : "D:/Assigment/2609/FYP/Project/AzureRender/build/ninja-msvc-release"
        }
      ]
    },
    {
      "backtrace" : 7,
      "command" : 
      [
        "D:/Assigment/2609/FYP/Project/AzureRender/build/ninja-msvc-release/AzureVisibilityGpuTests.exe",
        "D:/Assigment/2609/FYP/Project/AzureRender/build/ninja-msvc-release/shaders/cull_indirect.comp.spv",
        "D:/Assigment/2609/FYP/Project/AzureRender/build/ninja-msvc-release/shaders/visibility_prototype.comp.spv",
        "D:/Assigment/2609/FYP/Project/AzureRender/build/ninja-msvc-release/visibility-gpu.json"
      ],
      "config" : "Release",
      "name" : "AzureRender.VisibilityGpu",
      "properties" : 
      [
        {
          "name" : "LABELS",
          "value" : 
          [
            "gpu"
          ]
        },
        {
          "name" : "RUN_SERIAL",
          "value" : true
        },
        {
          "name" : "TIMEOUT",
          "value" : 120.0
        },
        {
          "name" : "WORKING_DIRECTORY",
          "value" : "D:/Assigment/2609/FYP/Project/AzureRender/build/ninja-msvc-release"
        }
      ]
    },
    {
      "backtrace" : 9,
      "command" : 
      [
        "D:/Assigment/2609/FYP/Project/AzureRender/build/ninja-msvc-release/AzureResourceAccessProfileTests.exe"
      ],
      "config" : "Release",
      "name" : "AzureRender.ResourceAccessProfile",
      "properties" : 
      [
        {
          "name" : "WORKING_DIRECTORY",
          "value" : "D:/Assigment/2609/FYP/Project/AzureRender/build/ninja-msvc-release"
        }
      ]
    },
    {
      "backtrace" : 11,
      "command" : 
      [
        "D:/Assigment/2609/FYP/Project/AzureRender/build/ninja-msvc-release/AzureSkinningBatchTests.exe"
      ],
      "config" : "Release",
      "name" : "AzureRender.SkinningBatch",
      "properties" : 
      [
        {
          "name" : "WORKING_DIRECTORY",
          "value" : "D:/Assigment/2609/FYP/Project/AzureRender/build/ninja-msvc-release"
        }
      ]
    },
    {
      "backtrace" : 13,
      "command" : 
      [
        "D:/Assigment/2609/FYP/Project/AzureRender/build/ninja-msvc-release/AzureViewBatchingTests.exe"
      ],
      "config" : "Release",
      "name" : "AzureRender.ViewBatching",
      "properties" : 
      [
        {
          "name" : "WORKING_DIRECTORY",
          "value" : "D:/Assigment/2609/FYP/Project/AzureRender/build/ninja-msvc-release"
        }
      ]
    },
    {
      "backtrace" : 15,
      "command" : 
      [
        "D:/Assigment/2609/FYP/Project/AzureRender/build/ninja-msvc-release/AzureSkinningGpuTests.exe",
        "D:/Assigment/2609/FYP/Project/AzureRender/build/ninja-msvc-release/shaders/skin.comp.spv"
      ],
      "config" : "Release",
      "name" : "AzureRender.SkinningGpu",
      "properties" : 
      [
        {
          "name" : "LABELS",
          "value" : 
          [
            "gpu"
          ]
        },
        {
          "name" : "RUN_SERIAL",
          "value" : true
        },
        {
          "name" : "TIMEOUT",
          "value" : 120.0
        },
        {
          "name" : "WORKING_DIRECTORY",
          "value" : "D:/Assigment/2609/FYP/Project/AzureRender/build/ninja-msvc-release"
        }
      ]
    },
    {
      "backtrace" : 17,
      "command" : 
      [
        "D:/Assigment/2609/FYP/Project/AzureRender/build/ninja-msvc-release/AzureShaderModuleTests.exe",
        "D:/Assigment/2609/FYP/Project/AzureRender/build/ninja-msvc-release/shader-modules/bloom-direct.spv.json",
        "D:/Assigment/2609/FYP/Project/AzureRender/build/ninja-msvc-release/shader-modules/bloom-cached.spv.json"
      ],
      "config" : "Release",
      "name" : "AzureRender.ShaderModule",
      "properties" : 
      [
        {
          "name" : "WORKING_DIRECTORY",
          "value" : "D:/Assigment/2609/FYP/Project/AzureRender/build/ninja-msvc-release"
        }
      ]
    },
    {
      "backtrace" : 19,
      "command" : 
      [
        "D:/Assigment/2609/FYP/Project/AzureRender/build/ninja-msvc-release/AzureShaderCompositionTests.exe",
        "D:/Assigment/2609/FYP/Project/AzureRender/build/ninja-msvc-release/shaders/bloom_downsample.comp.spv",
        "D:/Assigment/2609/FYP/Project/AzureRender/build/ninja-msvc-release/shader-modules/bloom-direct.spv",
        "D:/Assigment/2609/FYP/Project/AzureRender/build/ninja-msvc-release/shader-modules/bloom-cached.spv",
        "D:/Assigment/2609/FYP/Project/AzureRender/build/ninja-msvc-release/shader-composition.json"
      ],
      "config" : "Release",
      "name" : "AzureRender.ShaderComposition",
      "properties" : 
      [
        {
          "name" : "LABELS",
          "value" : 
          [
            "gpu"
          ]
        },
        {
          "name" : "RUN_SERIAL",
          "value" : true
        },
        {
          "name" : "TIMEOUT",
          "value" : 120.0
        },
        {
          "name" : "WORKING_DIRECTORY",
          "value" : "D:/Assigment/2609/FYP/Project/AzureRender/build/ninja-msvc-release"
        }
      ]
    },
    {
      "backtrace" : 21,
      "command" : 
      [
        "C:/Users/23587/AppData/Local/Programs/Python/Python311/python.exe",
        "D:/Assigment/2609/FYP/Project/AzureRender/tools/test_shader_module.py"
      ],
      "config" : "Release",
      "name" : "AzureTools.ShaderModule",
      "properties" : 
      [
        {
          "name" : "ENVIRONMENT",
          "value" : 
          [
            "AZURE_SLANG_COMPILER=C:/VulkanSDK/1.4.350.0/Bin/slangc.exe"
          ]
        },
        {
          "name" : "WORKING_DIRECTORY",
          "value" : "D:/Assigment/2609/FYP/Project/AzureRender/build/ninja-msvc-release"
        }
      ]
    },
    {
      "backtrace" : 23,
      "command" : 
      [
        "C:/Users/23587/AppData/Local/Programs/Python/Python311/python.exe",
        "D:/Assigment/2609/FYP/Project/AzureRender/tools/test_shader_types.py"
      ],
      "config" : "Release",
      "name" : "AzureTools.ShaderTypes",
      "properties" : 
      [
        {
          "name" : "WORKING_DIRECTORY",
          "value" : "D:/Assigment/2609/FYP/Project/AzureRender/build/ninja-msvc-release"
        }
      ]
    },
    {
      "backtrace" : 25,
      "command" : 
      [
        "C:/Users/23587/AppData/Local/Programs/Python/Python311/python.exe",
        "D:/Assigment/2609/FYP/Project/AzureRender/tools/test_shader_composition.py"
      ],
      "config" : "Release",
      "name" : "AzureTools.ShaderComposition",
      "properties" : 
      [
        {
          "name" : "ENVIRONMENT",
          "value" : 
          [
            "AZURE_SLANG_COMPILER=C:/VulkanSDK/1.4.350.0/Bin/slangc.exe"
          ]
        },
        {
          "name" : "WORKING_DIRECTORY",
          "value" : "D:/Assigment/2609/FYP/Project/AzureRender/build/ninja-msvc-release"
        }
      ]
    },
    {
      "backtrace" : 27,
      "command" : 
      [
        "D:/Assigment/2609/FYP/Project/AzureRender/build/ninja-msvc-release/AzureProceduralGeometryTests.exe",
        "D:/Assigment/2609/FYP/Project/AzureRender/build/ninja-msvc-release/procedural-tests"
      ],
      "config" : "Release",
      "name" : "AzureAssets.ProceduralGeometry",
      "properties" : 
      [
        {
          "name" : "WORKING_DIRECTORY",
          "value" : "D:/Assigment/2609/FYP/Project/AzureRender/build/ninja-msvc-release"
        }
      ]
    },
    {
      "backtrace" : 29,
      "command" : 
      [
        "D:/Assigment/2609/FYP/Project/AzureRender/build/ninja-msvc-release/AzureRigTextTests.exe",
        "D:/Assigment/2609/FYP/Project/AzureRender/build/ninja-msvc-release/rig-text-tests"
      ],
      "config" : "Release",
      "name" : "AzureAssets.RigText",
      "properties" : 
      [
        {
          "name" : "WORKING_DIRECTORY",
          "value" : "D:/Assigment/2609/FYP/Project/AzureRender/build/ninja-msvc-release"
        }
      ]
    },
    {
      "backtrace" : 31,
      "command" : 
      [
        "D:/Assigment/2609/FYP/Project/AzureRender/build/ninja-msvc-release/AzureProceduralProcessTests.exe",
        "D:/Assigment/2609/FYP/Project/AzureRender/build/ninja-msvc-release/AzureGeometryCompiler.exe",
        "D:/Assigment/2609/FYP/Project/AzureRender/build/ninja-msvc-release/procedural-process-tests"
      ],
      "config" : "Release",
      "name" : "AzureAssets.ProceduralProcess",
      "properties" : 
      [
        {
          "name" : "WORKING_DIRECTORY",
          "value" : "D:/Assigment/2609/FYP/Project/AzureRender/build/ninja-msvc-release"
        }
      ]
    },
    {
      "backtrace" : 33,
      "command" : 
      [
        "D:/Assigment/2609/FYP/Project/AzureRender/build/ninja-msvc-release/AzureEngineSettingsTests.exe"
      ],
      "config" : "Release",
      "name" : "AzureEngine.SettingsOverlay",
      "properties" : 
      [
        {
          "name" : "WORKING_DIRECTORY",
          "value" : "D:/Assigment/2609/FYP/Project/AzureRender/build/ninja-msvc-release"
        }
      ]
    },
    {
      "backtrace" : 35,
      "command" : 
      [
        "D:/Assigment/2609/FYP/Project/AzureRender/build/ninja-msvc-release/AzureSettingRegistryTests.exe"
      ],
      "config" : "Release",
      "name" : "AzureEngine.SettingRegistry",
      "properties" : 
      [
        {
          "name" : "WORKING_DIRECTORY",
          "value" : "D:/Assigment/2609/FYP/Project/AzureRender/build/ninja-msvc-release"
        }
      ]
    },
    {
      "backtrace" : 37,
      "command" : 
      [
        "D:/Assigment/2609/FYP/Project/AzureRender/build/ninja-msvc-release/AzureUiFoundationTests.exe"
      ],
      "config" : "Release",
      "name" : "AzureEditor.UiFoundation",
      "properties" : 
      [
        {
          "name" : "WORKING_DIRECTORY",
          "value" : "D:/Assigment/2609/FYP/Project/AzureRender/build/ninja-msvc-release"
        }
      ]
    },
    {
      "backtrace" : 39,
      "command" : 
      [
        "D:/Assigment/2609/FYP/Project/AzureRender/build/ninja-msvc-release/AzurePanelContextTests.exe"
      ],
      "config" : "Release",
      "name" : "AzureEditor.PanelContext",
      "properties" : 
      [
        {
          "name" : "WORKING_DIRECTORY",
          "value" : "D:/Assigment/2609/FYP/Project/AzureRender/build/ninja-msvc-release"
        }
      ]
    },
    {
      "backtrace" : 41,
      "command" : 
      [
        "D:/Assigment/2609/FYP/Project/AzureRender/build/ninja-msvc-release/AzureRenderViewTests.exe",
        "D:/Assigment/2609/FYP/Project/AzureRender/build/ninja-msvc-release/shaders"
      ],
      "config" : "Release",
      "name" : "AzureRender.RenderView",
      "properties" : 
      [
        {
          "name" : "WORKING_DIRECTORY",
          "value" : "D:/Assigment/2609/FYP/Project/AzureRender/build/ninja-msvc-release"
        }
      ]
    },
    {
      "backtrace" : 43,
      "command" : 
      [
        "D:/Assigment/2609/FYP/Project/AzureRender/build/ninja-msvc-release/AzureThumbnailTests.exe",
        "D:/Assigment/2609/FYP/Project/AzureRender/build/ninja-msvc-release/shaders"
      ],
      "config" : "Release",
      "name" : "AzureEditor.Thumbnail",
      "properties" : 
      [
        {
          "name" : "WORKING_DIRECTORY",
          "value" : "D:/Assigment/2609/FYP/Project/AzureRender/build/ninja-msvc-release"
        }
      ]
    },
    {
      "backtrace" : 45,
      "command" : 
      [
        "D:/Assigment/2609/FYP/Project/AzureRender/build/ninja-msvc-release/AzureHotReloadTests.exe",
        "C:/VulkanSDK/1.4.350.0/Bin/glslc.exe",
        "D:/Assigment/2609/FYP/Project/AzureRender/build/ninja-msvc-release/hot-reload-tests"
      ],
      "config" : "Release",
      "name" : "AzureRender.HotReload",
      "properties" : 
      [
        {
          "name" : "WORKING_DIRECTORY",
          "value" : "D:/Assigment/2609/FYP/Project/AzureRender/build/ninja-msvc-release"
        }
      ]
    },
    {
      "backtrace" : 47,
      "command" : 
      [
        "D:/Assigment/2609/FYP/Project/AzureRender/build/ninja-msvc-release/AzureProcessRunnerTests.exe"
      ],
      "config" : "Release",
      "name" : "AzurePlatform.ProcessRunner",
      "properties" : 
      [
        {
          "name" : "WORKING_DIRECTORY",
          "value" : "D:/Assigment/2609/FYP/Project/AzureRender/build/ninja-msvc-release"
        }
      ]
    },
    {
      "backtrace" : 49,
      "command" : 
      [
        "C:/Users/23587/AppData/Local/Programs/Python/Python311/python.exe",
        "D:/Assigment/2609/FYP/Project/AzureRender/tools/test_render_preview_host.py",
        "--executable",
        "D:/Assigment/2609/FYP/Project/AzureRender/build/ninja-msvc-release/AzureRender.exe"
      ],
      "config" : "Release",
      "name" : "AzureRender.PreviewHost",
      "properties" : 
      [
        {
          "name" : "LABELS",
          "value" : 
          [
            "gpu"
          ]
        },
        {
          "name" : "RUN_SERIAL",
          "value" : true
        },
        {
          "name" : "TIMEOUT",
          "value" : 420.0
        },
        {
          "name" : "WORKING_DIRECTORY",
          "value" : "D:/Assigment/2609/FYP/Project/AzureRender/build/ninja-msvc-release"
        }
      ]
    },
    {
      "backtrace" : 51,
      "command" : 
      [
        "C:/Users/23587/AppData/Local/Programs/Python/Python311/python.exe",
        "D:/Assigment/2609/FYP/Project/AzureRender/tools/test_devtools_host.py",
        "--executable",
        "D:/Assigment/2609/FYP/Project/AzureRender/build/ninja-msvc-release/AzureRender.exe",
        "--shader-config",
        "D:/Assigment/2609/FYP/Project/AzureRender/build/ninja-msvc-release/shader-reload.json"
      ],
      "config" : "Release",
      "name" : "AzureEditor.DevtoolsHost",
      "properties" : 
      [
        {
          "name" : "LABELS",
          "value" : 
          [
            "gpu"
          ]
        },
        {
          "name" : "RUN_SERIAL",
          "value" : true
        },
        {
          "name" : "TIMEOUT",
          "value" : 420.0
        },
        {
          "name" : "WORKING_DIRECTORY",
          "value" : "D:/Assigment/2609/FYP/Project/AzureRender/build/ninja-msvc-release"
        }
      ]
    },
    {
      "backtrace" : 53,
      "command" : 
      [
        "D:/Assigment/2609/FYP/Project/AzureRender/build/ninja-msvc-release/AzureModelProtocolTests.exe",
        "D:/Assigment/2609/FYP/Project/AzureRender/tests/fixtures/ai/protocol.json",
        "C:/Users/23587/AppData/Local/Programs/Python/Python311/python.exe",
        "D:/Assigment/2609/FYP/Project/AzureRender/tools/ai_bridge.py"
      ],
      "config" : "Release",
      "name" : "AzureAI.ModelProtocol",
      "properties" : 
      [
        {
          "name" : "WORKING_DIRECTORY",
          "value" : "D:/Assigment/2609/FYP/Project/AzureRender/build/ninja-msvc-release"
        }
      ]
    },
    {
      "backtrace" : 55,
      "command" : 
      [
        "C:/Users/23587/AppData/Local/Programs/Python/Python311/python.exe",
        "D:/Assigment/2609/FYP/Project/AzureRender/tools/test_ai_bridge.py"
      ],
      "config" : "Release",
      "name" : "AzureAI.Bridge",
      "properties" : 
      [
        {
          "name" : "WORKING_DIRECTORY",
          "value" : "D:/Assigment/2609/FYP/Project/AzureRender/build/ninja-msvc-release"
        }
      ]
    },
    {
      "backtrace" : 57,
      "command" : 
      [
        "C:/Users/23587/AppData/Local/Programs/Python/Python311/python.exe",
        "D:/Assigment/2609/FYP/Project/AzureRender/tools/test_proposal_host.py",
        "--executable",
        "D:/Assigment/2609/FYP/Project/AzureRender/build/ninja-msvc-release/AzureRender.exe"
      ],
      "config" : "Release",
      "name" : "AzureEditor.ProposalHost",
      "properties" : 
      [
        {
          "name" : "LABELS",
          "value" : 
          [
            "gpu"
          ]
        },
        {
          "name" : "RUN_SERIAL",
          "value" : true
        },
        {
          "name" : "TIMEOUT",
          "value" : 420.0
        },
        {
          "name" : "WORKING_DIRECTORY",
          "value" : "D:/Assigment/2609/FYP/Project/AzureRender/build/ninja-msvc-release"
        }
      ]
    },
    {
      "backtrace" : 59,
      "command" : 
      [
        "D:/Assigment/2609/FYP/Project/AzureRender/build/ninja-msvc-release/AzureProposalControllerTests.exe"
      ],
      "config" : "Release",
      "name" : "AzureEditor.ProposalController",
      "properties" : 
      [
        {
          "name" : "WORKING_DIRECTORY",
          "value" : "D:/Assigment/2609/FYP/Project/AzureRender/build/ninja-msvc-release"
        }
      ]
    },
    {
      "backtrace" : 61,
      "command" : 
      [
        "D:/Assigment/2609/FYP/Project/AzureRender/build/ninja-msvc-release/AzureProposalAdapterTests.exe",
        "D:/Assigment/2609/FYP/Project/AzureRender/assets_public/gameplay",
        "D:/Assigment/2609/FYP/Project/AzureRender/assets_public/scene_inspector"
      ],
      "config" : "Release",
      "name" : "AzureEditor.ProposalAdapter",
      "properties" : 
      [
        {
          "name" : "WORKING_DIRECTORY",
          "value" : "D:/Assigment/2609/FYP/Project/AzureRender/build/ninja-msvc-release"
        }
      ]
    },
    {
      "backtrace" : 63,
      "command" : 
      [
        "D:/Assigment/2609/FYP/Project/AzureRender/build/ninja-msvc-release/AzureEditorObservationTests.exe"
      ],
      "config" : "Release",
      "name" : "AzureEditor.Observation",
      "properties" : 
      [
        {
          "name" : "WORKING_DIRECTORY",
          "value" : "D:/Assigment/2609/FYP/Project/AzureRender/build/ninja-msvc-release"
        }
      ]
    },
    {
      "backtrace" : 65,
      "command" : 
      [
        "C:/Users/23587/AppData/Local/Programs/Python/Python311/python.exe",
        "D:/Assigment/2609/FYP/Project/AzureRender/tools/test_azure_cli.py"
      ],
      "config" : "Release",
      "name" : "AzureTools.Cli",
      "properties" : 
      [
        {
          "name" : "WORKING_DIRECTORY",
          "value" : "D:/Assigment/2609/FYP/Project/AzureRender/build/ninja-msvc-release"
        }
      ]
    },
    {
      "backtrace" : 67,
      "command" : 
      [
        "C:/Users/23587/AppData/Local/Programs/Python/Python311/python.exe",
        "D:/Assigment/2609/FYP/Project/AzureRender/tools/test_procedural_host.py",
        "--executable",
        "D:/Assigment/2609/FYP/Project/AzureRender/build/ninja-msvc-release/AzureRender.exe",
        "--output",
        "D:/Assigment/2609/FYP/Project/AzureRender/build/ninja-msvc-release/procedural-host"
      ],
      "config" : "Release",
      "name" : "AzureAssets.ProceduralHost",
      "properties" : 
      [
        {
          "name" : "LABELS",
          "value" : 
          [
            "gpu"
          ]
        },
        {
          "name" : "RUN_SERIAL",
          "value" : true
        },
        {
          "name" : "TIMEOUT",
          "value" : 600.0
        },
        {
          "name" : "WORKING_DIRECTORY",
          "value" : "D:/Assigment/2609/FYP/Project/AzureRender/build/ninja-msvc-release"
        }
      ]
    },
    {
      "backtrace" : 69,
      "command" : 
      [
        "C:/Users/23587/AppData/Local/Programs/Python/Python311/python.exe",
        "D:/Assigment/2609/FYP/Project/AzureRender/tools/test_settings_host.py",
        "--executable",
        "D:/Assigment/2609/FYP/Project/AzureRender/build/ninja-msvc-release/AzureRender.exe"
      ],
      "config" : "Release",
      "name" : "AzureEditor.SettingsHost",
      "properties" : 
      [
        {
          "name" : "LABELS",
          "value" : 
          [
            "gpu"
          ]
        },
        {
          "name" : "RUN_SERIAL",
          "value" : true
        },
        {
          "name" : "TIMEOUT",
          "value" : 300.0
        },
        {
          "name" : "WORKING_DIRECTORY",
          "value" : "D:/Assigment/2609/FYP/Project/AzureRender/build/ninja-msvc-release"
        }
      ]
    },
    {
      "backtrace" : 71,
      "command" : 
      [
        "C:/Users/23587/AppData/Local/Programs/Python/Python311/python.exe",
        "D:/Assigment/2609/FYP/Project/AzureRender/tools/test_observation_host.py",
        "--executable",
        "D:/Assigment/2609/FYP/Project/AzureRender/build/ninja-msvc-release/AzureRender.exe"
      ],
      "config" : "Release",
      "name" : "AzureEditor.ObservationHost",
      "properties" : 
      [
        {
          "name" : "LABELS",
          "value" : 
          [
            "gpu"
          ]
        },
        {
          "name" : "RUN_SERIAL",
          "value" : true
        },
        {
          "name" : "TIMEOUT",
          "value" : 240.0
        },
        {
          "name" : "WORKING_DIRECTORY",
          "value" : "D:/Assigment/2609/FYP/Project/AzureRender/build/ninja-msvc-release"
        }
      ]
    },
    {
      "backtrace" : 73,
      "command" : 
      [
        "D:/Assigment/2609/FYP/Project/AzureRender/build/ninja-msvc-release/AzureGenerationManifestTests.exe"
      ],
      "config" : "Release",
      "name" : "AzureAssets.GenerationManifest",
      "properties" : 
      [
        {
          "name" : "WORKING_DIRECTORY",
          "value" : "D:/Assigment/2609/FYP/Project/AzureRender/build/ninja-msvc-release"
        }
      ]
    },
    {
      "backtrace" : 75,
      "command" : 
      [
        "C:/Users/23587/AppData/Local/Programs/Python/Python311/python.exe",
        "D:/Assigment/2609/FYP/Project/AzureRender/tools/test_validation_protocol.py",
        "--probe",
        "D:/Assigment/2609/FYP/Project/AzureRender/build/ninja-msvc-release/AzureValidationProbe.exe"
      ],
      "config" : "Release",
      "name" : "AzureTools.ValidationProtocol",
      "properties" : 
      [
        {
          "name" : "WORKING_DIRECTORY",
          "value" : "D:/Assigment/2609/FYP/Project/AzureRender/build/ninja-msvc-release"
        }
      ]
    },
    {
      "backtrace" : 77,
      "command" : 
      [
        "D:/Assigment/2609/FYP/Project/AzureRender/build/ninja-msvc-release/AzureObservationTests.exe"
      ],
      "config" : "Release",
      "name" : "AzureEngine.Observation",
      "properties" : 
      [
        {
          "name" : "WORKING_DIRECTORY",
          "value" : "D:/Assigment/2609/FYP/Project/AzureRender/build/ninja-msvc-release"
        }
      ]
    },
    {
      "backtrace" : 79,
      "command" : 
      [
        "D:/Assigment/2609/FYP/Project/AzureRender/build/ninja-msvc-release/AzureEditServiceTests.exe"
      ],
      "config" : "Release",
      "name" : "AzureEditor.EditService",
      "properties" : 
      [
        {
          "name" : "WORKING_DIRECTORY",
          "value" : "D:/Assigment/2609/FYP/Project/AzureRender/build/ninja-msvc-release"
        }
      ]
    },
    {
      "backtrace" : 81,
      "command" : 
      [
        "D:/Assigment/2609/FYP/Project/AzureRender/build/ninja-msvc-release/AzureEditTransactionTests.exe",
        "D:/Assigment/2609/FYP/Project/AzureRender/assets_public/gameplay"
      ],
      "config" : "Release",
      "name" : "AzureEditor.EditTransaction",
      "properties" : 
      [
        {
          "name" : "WORKING_DIRECTORY",
          "value" : "D:/Assigment/2609/FYP/Project/AzureRender/build/ninja-msvc-release"
        }
      ]
    },
    {
      "backtrace" : 83,
      "command" : 
      [
        "D:/Assigment/2609/FYP/Project/AzureRender/build/ninja-msvc-release/AzureSystemCompositionTests.exe"
      ],
      "config" : "Release",
      "name" : "AzureEngine.SystemComposition",
      "properties" : 
      [
        {
          "name" : "WORKING_DIRECTORY",
          "value" : "D:/Assigment/2609/FYP/Project/AzureRender/build/ninja-msvc-release"
        }
      ]
    },
    {
      "backtrace" : 85,
      "command" : 
      [
        "C:/Users/23587/AppData/Local/Programs/Python/Python311/python.exe",
        "D:/Assigment/2609/FYP/Project/AzureRender/tools/test_scene_inspector_host.py",
        "--editor",
        "D:/Assigment/2609/FYP/Project/AzureRender/build/ninja-msvc-release/AzureRender.exe",
        "--player",
        "D:/Assigment/2609/FYP/Project/AzureRender/build/ninja-msvc-release/AzurePlayer.exe",
        "--project",
        "D:/Assigment/2609/FYP/Project/AzureRender/assets_public/scene_inspector/project.azureproject"
      ],
      "config" : "Release",
      "name" : "AzureEngine.SceneInspectorHost",
      "properties" : 
      [
        {
          "name" : "LABELS",
          "value" : 
          [
            "gpu"
          ]
        },
        {
          "name" : "RUN_SERIAL",
          "value" : true
        },
        {
          "name" : "TIMEOUT",
          "value" : 180.0
        },
        {
          "name" : "WORKING_DIRECTORY",
          "value" : "D:/Assigment/2609/FYP/Project/AzureRender/build/ninja-msvc-release"
        }
      ]
    },
    {
      "backtrace" : 87,
      "command" : 
      [
        "D:/Assigment/2609/FYP/Project/AzureRender/build/ninja-msvc-release/AzureModuleAssemblyTests.exe"
      ],
      "config" : "Release",
      "name" : "AzureEngine.ModuleAssembly",
      "properties" : 
      [
        {
          "name" : "WORKING_DIRECTORY",
          "value" : "D:/Assigment/2609/FYP/Project/AzureRender/build/ninja-msvc-release"
        }
      ]
    },
    {
      "backtrace" : 89,
      "command" : 
      [
        "D:/Assigment/2609/FYP/Project/AzureRender/build/ninja-msvc-release/AzureComponentRegistryTests.exe"
      ],
      "config" : "Release",
      "name" : "AzureEngine.ComponentRegistry",
      "properties" : 
      [
        {
          "name" : "WORKING_DIRECTORY",
          "value" : "D:/Assigment/2609/FYP/Project/AzureRender/build/ninja-msvc-release"
        }
      ]
    },
    {
      "backtrace" : 91,
      "command" : 
      [
        "D:/Assigment/2609/FYP/Project/AzureRender/build/ninja-msvc-release/AzureMetadataGenerationTests.exe"
      ],
      "config" : "Release",
      "name" : "AzureEngine.MetadataGeneration",
      "properties" : 
      [
        {
          "name" : "WORKING_DIRECTORY",
          "value" : "D:/Assigment/2609/FYP/Project/AzureRender/build/ninja-msvc-release"
        }
      ]
    },
    {
      "backtrace" : 93,
      "command" : 
      [
        "D:/Assigment/2609/FYP/Project/AzureRender/build/ninja-msvc-release/AzureRegisteredComponentWorkflowTests.exe"
      ],
      "config" : "Release",
      "name" : "AzureEngine.RegisteredComponentWorkflow",
      "properties" : 
      [
        {
          "name" : "WORKING_DIRECTORY",
          "value" : "D:/Assigment/2609/FYP/Project/AzureRender/build/ninja-msvc-release"
        }
      ]
    },
    {
      "backtrace" : 95,
      "command" : 
      [
        "C:/Users/23587/AppData/Local/Programs/Python/Python311/python.exe",
        "D:/Assigment/2609/FYP/Project/AzureRender/tools/test_registered_component_host.py",
        "--executable",
        "D:/Assigment/2609/FYP/Project/AzureRender/build/ninja-msvc-release/AzureRegisteredComponentHost.exe",
        "--project",
        "D:/Assigment/2609/FYP/Project/AzureRender/assets_public/gameplay/project.azureproject"
      ],
      "config" : "Release",
      "name" : "AzureEngine.RegisteredComponentHost",
      "properties" : 
      [
        {
          "name" : "LABELS",
          "value" : 
          [
            "gpu"
          ]
        },
        {
          "name" : "RUN_SERIAL",
          "value" : true
        },
        {
          "name" : "TIMEOUT",
          "value" : 120.0
        },
        {
          "name" : "WORKING_DIRECTORY",
          "value" : "D:/Assigment/2609/FYP/Project/AzureRender/build/ninja-msvc-release"
        }
      ]
    },
    {
      "backtrace" : 97,
      "command" : 
      [
        "C:/Users/23587/AppData/Local/Programs/Python/Python311/python.exe",
        "D:/Assigment/2609/FYP/Project/AzureRender/tools/test_module_boundaries.py"
      ],
      "config" : "Release",
      "name" : "AzureEngine.ModuleBoundaryFixtures",
      "properties" : 
      [
        {
          "name" : "WORKING_DIRECTORY",
          "value" : "D:/Assigment/2609/FYP/Project/AzureRender/build/ninja-msvc-release"
        }
      ]
    },
    {
      "backtrace" : 99,
      "command" : 
      [
        "C:/Users/23587/AppData/Local/Programs/Python/Python311/python.exe",
        "D:/Assigment/2609/FYP/Project/AzureRender/tools/check_module_boundaries.py",
        "--source",
        "D:/Assigment/2609/FYP/Project/AzureRender",
        "--build-dir",
        "D:/Assigment/2609/FYP/Project/AzureRender/build/ninja-msvc-release"
      ],
      "config" : "Release",
      "name" : "AzureEngine.ModuleBoundaries",
      "properties" : 
      [
        {
          "name" : "WORKING_DIRECTORY",
          "value" : "D:/Assigment/2609/FYP/Project/AzureRender/build/ninja-msvc-release"
        }
      ]
    },
    {
      "backtrace" : 101,
      "command" : 
      [
        "D:/Assigment/2609/FYP/Project/AzureRender/build/ninja-msvc-release/AzureGameUiRendererTests.exe",
        "D:/Assigment/2609/FYP/Project/AzureRender/build/ninja-msvc-release/shaders"
      ],
      "config" : "Release",
      "name" : "AzureEngine.GameUiRenderer",
      "properties" : 
      [
        {
          "name" : "WORKING_DIRECTORY",
          "value" : "D:/Assigment/2609/FYP/Project/AzureRender/build/ninja-msvc-release"
        }
      ]
    },
    {
      "backtrace" : 103,
      "command" : 
      [
        "D:/Assigment/2609/FYP/Project/AzureRender/build/ninja-msvc-release/AzureGameUiTests.exe",
        "D:/Assigment/2609/FYP/Project/AzureRender/assets_public/gameplay/assets/hud.rml",
        "D:/Assigment/2609/FYP/Project/AzureRender/assets_public/fonts/LatoLatin-Regular.ttf"
      ],
      "config" : "Release",
      "name" : "AzureEngine.GameUi",
      "properties" : 
      [
        {
          "name" : "WORKING_DIRECTORY",
          "value" : "D:/Assigment/2609/FYP/Project/AzureRender/build/ninja-msvc-release"
        }
      ]
    },
    {
      "backtrace" : 105,
      "command" : 
      [
        "D:/Assigment/2609/FYP/Project/AzureRender/build/ninja-msvc-release/AzureEditorWorkspaceTests.exe"
      ],
      "config" : "Release",
      "name" : "AzureEditor.Workspace",
      "properties" : 
      [
        {
          "name" : "WORKING_DIRECTORY",
          "value" : "D:/Assigment/2609/FYP/Project/AzureRender/build/ninja-msvc-release"
        }
      ]
    },
    {
      "backtrace" : 107,
      "command" : 
      [
        "D:/Assigment/2609/FYP/Project/AzureRender/build/ninja-msvc-release/AzureEditorWorkflowTests.exe",
        "D:/Assigment/2609/FYP/Project/AzureRender/assets_public/gameplay"
      ],
      "config" : "Release",
      "name" : "AzureEngine.EditorWorkflow",
      "properties" : 
      [
        {
          "name" : "WORKING_DIRECTORY",
          "value" : "D:/Assigment/2609/FYP/Project/AzureRender/build/ninja-msvc-release"
        }
      ]
    },
    {
      "backtrace" : 109,
      "command" : 
      [
        "D:/Assigment/2609/FYP/Project/AzureRender/build/ninja-msvc-release/AzurePresentationRuntimeTests.exe",
        "D:/Assigment/2609/FYP/Project/AzureRender/assets_public/gameplay/project.azureproject"
      ],
      "config" : "Release",
      "name" : "AzureEngine.PresentationRuntime",
      "properties" : 
      [
        {
          "name" : "WORKING_DIRECTORY",
          "value" : "D:/Assigment/2609/FYP/Project/AzureRender/build/ninja-msvc-release"
        }
      ]
    },
    {
      "backtrace" : 111,
      "command" : 
      [
        "D:/Assigment/2609/FYP/Project/AzureRender/build/ninja-msvc-release/AzureGameplayPresentationTests.exe",
        "D:/Assigment/2609/FYP/Project/AzureRender/assets_public/gameplay/assets/portal.wav"
      ],
      "config" : "Release",
      "name" : "AzureEngine.GameplayPresentation",
      "properties" : 
      [
        {
          "name" : "WORKING_DIRECTORY",
          "value" : "D:/Assigment/2609/FYP/Project/AzureRender/build/ninja-msvc-release"
        }
      ]
    },
    {
      "backtrace" : 113,
      "command" : 
      [
        "D:/Assigment/2609/FYP/Project/AzureRender/build/ninja-msvc-release/AzureScriptBackendContractTests.exe"
      ],
      "config" : "Release",
      "name" : "AzureEngine.ScriptBackendContract",
      "properties" : 
      [
        {
          "name" : "WORKING_DIRECTORY",
          "value" : "D:/Assigment/2609/FYP/Project/AzureRender/build/ninja-msvc-release"
        }
      ]
    },
    {
      "backtrace" : 115,
      "command" : 
      [
        "D:/Assigment/2609/FYP/Project/AzureRender/build/ninja-msvc-release/AzureScriptInteropTests.exe"
      ],
      "config" : "Release",
      "name" : "AzureEngine.ScriptInterop",
      "properties" : 
      [
        {
          "name" : "WORKING_DIRECTORY",
          "value" : "D:/Assigment/2609/FYP/Project/AzureRender/build/ninja-msvc-release"
        }
      ]
    },
    {
      "backtrace" : 117,
      "command" : 
      [
        "D:/Assigment/2609/FYP/Project/AzureRender/build/ninja-msvc-release/AzureManagedModuleTests.exe",
        "coreclr",
        "D:/Assigment/2609/FYP/Project/AzureRender/build/ninja-msvc-release/managed/coreclr"
      ],
      "config" : "Release",
      "name" : "AzureEngine.ManagedModule.coreclr",
      "properties" : 
      [
        {
          "name" : "WORKING_DIRECTORY",
          "value" : "D:/Assigment/2609/FYP/Project/AzureRender/build/ninja-msvc-release"
        }
      ]
    },
    {
      "backtrace" : 119,
      "command" : 
      [
        "D:/Assigment/2609/FYP/Project/AzureRender/build/ninja-msvc-release/AzureManagedModuleTests.exe",
        "nativeaot",
        "D:/Assigment/2609/FYP/Project/AzureRender/build/ninja-msvc-release/managed/nativeaot"
      ],
      "config" : "Release",
      "name" : "AzureEngine.ManagedModule.nativeaot",
      "properties" : 
      [
        {
          "name" : "WORKING_DIRECTORY",
          "value" : "D:/Assigment/2609/FYP/Project/AzureRender/build/ninja-msvc-release"
        }
      ]
    },
    {
      "backtrace" : 121,
      "command" : 
      [
        "D:/Assigment/2609/FYP/Project/AzureRender/build/ninja-msvc-release/AzureManagedScriptRuntimeTests.exe",
        "coreclr",
        "D:/Assigment/2609/FYP/Project/AzureRender/build/ninja-msvc-release/managed/coreclr"
      ],
      "config" : "Release",
      "name" : "AzureEngine.ManagedRuntime.coreclr",
      "properties" : 
      [
        {
          "name" : "WORKING_DIRECTORY",
          "value" : "D:/Assigment/2609/FYP/Project/AzureRender/build/ninja-msvc-release"
        }
      ]
    },
    {
      "backtrace" : 123,
      "command" : 
      [
        "D:/Assigment/2609/FYP/Project/AzureRender/build/ninja-msvc-release/AzureManagedScriptRuntimeTests.exe",
        "nativeaot",
        "D:/Assigment/2609/FYP/Project/AzureRender/build/ninja-msvc-release/managed/nativeaot"
      ],
      "config" : "Release",
      "name" : "AzureEngine.ManagedRuntime.nativeaot",
      "properties" : 
      [
        {
          "name" : "WORKING_DIRECTORY",
          "value" : "D:/Assigment/2609/FYP/Project/AzureRender/build/ninja-msvc-release"
        }
      ]
    },
    {
      "backtrace" : 125,
      "command" : 
      [
        "D:/Assigment/2609/FYP/Project/AzureRender/build/ninja-msvc-release/AzureManagedScriptRuntimeTests.exe",
        "lua",
        "D:/Assigment/2609/FYP/Project/AzureRender/build/ninja-msvc-release/managed/coreclr"
      ],
      "config" : "Release",
      "name" : "AzureEngine.ScriptBackendParity.lua",
      "properties" : 
      [
        {
          "name" : "WORKING_DIRECTORY",
          "value" : "D:/Assigment/2609/FYP/Project/AzureRender/build/ninja-msvc-release"
        }
      ]
    },
    {
      "backtrace" : 127,
      "command" : 
      [
        "C:/Users/23587/AppData/Local/Programs/Python/Python311/python.exe",
        "D:/Assigment/2609/FYP/Project/AzureRender/tools/test_managed_workflows.py",
        "--build-dir",
        "D:/Assigment/2609/FYP/Project/AzureRender/build/ninja-msvc-release",
        "--backend",
        "coreclr",
        "--configuration",
        "Release",
        "--evidence",
        "D:/Assigment/2609/FYP/Project/AzureRender/build/ninja-msvc-release/managed-workflows/coreclr"
      ],
      "config" : "Release",
      "name" : "AzureEngine.ManagedWorkflows.coreclr",
      "properties" : 
      [
        {
          "name" : "LABELS",
          "value" : 
          [
            "gpu",
            "script"
          ]
        },
        {
          "name" : "RUN_SERIAL",
          "value" : true
        },
        {
          "name" : "TIMEOUT",
          "value" : 600.0
        },
        {
          "name" : "WORKING_DIRECTORY",
          "value" : "D:/Assigment/2609/FYP/Project/AzureRender/build/ninja-msvc-release"
        }
      ]
    },
    {
      "backtrace" : 129,
      "command" : 
      [
        "C:/Users/23587/AppData/Local/Programs/Python/Python311/python.exe",
        "D:/Assigment/2609/FYP/Project/AzureRender/tools/test_managed_workflows.py",
        "--build-dir",
        "D:/Assigment/2609/FYP/Project/AzureRender/build/ninja-msvc-release",
        "--backend",
        "nativeaot",
        "--configuration",
        "Release",
        "--evidence",
        "D:/Assigment/2609/FYP/Project/AzureRender/build/ninja-msvc-release/managed-workflows/nativeaot"
      ],
      "config" : "Release",
      "name" : "AzureEngine.ManagedWorkflows.nativeaot",
      "properties" : 
      [
        {
          "name" : "LABELS",
          "value" : 
          [
            "gpu",
            "script"
          ]
        },
        {
          "name" : "RUN_SERIAL",
          "value" : true
        },
        {
          "name" : "TIMEOUT",
          "value" : 600.0
        },
        {
          "name" : "WORKING_DIRECTORY",
          "value" : "D:/Assigment/2609/FYP/Project/AzureRender/build/ninja-msvc-release"
        }
      ]
    },
    {
      "backtrace" : 131,
      "command" : 
      [
        "D:/Assigment/2609/FYP/Project/AzureRender/build/ninja-msvc-release/AzureScriptRuntimeTests.exe"
      ],
      "config" : "Release",
      "name" : "AzureEngine.ScriptRuntime",
      "properties" : 
      [
        {
          "name" : "WORKING_DIRECTORY",
          "value" : "D:/Assigment/2609/FYP/Project/AzureRender/build/ninja-msvc-release"
        }
      ]
    },
    {
      "backtrace" : 133,
      "command" : 
      [
        "D:/Assigment/2609/FYP/Project/AzureRender/build/ninja-msvc-release/AzureThirdPersonTests.exe"
      ],
      "config" : "Release",
      "name" : "AzureEngine.ThirdPerson",
      "properties" : 
      [
        {
          "name" : "WORKING_DIRECTORY",
          "value" : "D:/Assigment/2609/FYP/Project/AzureRender/build/ninja-msvc-release"
        }
      ]
    },
    {
      "backtrace" : 135,
      "command" : 
      [
        "D:/Assigment/2609/FYP/Project/AzureRender/build/ninja-msvc-release/AzureLocomotionTests.exe"
      ],
      "config" : "Release",
      "name" : "AzureEngine.Locomotion",
      "properties" : 
      [
        {
          "name" : "WORKING_DIRECTORY",
          "value" : "D:/Assigment/2609/FYP/Project/AzureRender/build/ninja-msvc-release"
        }
      ]
    },
    {
      "backtrace" : 137,
      "command" : 
      [
        "D:/Assigment/2609/FYP/Project/AzureRender/build/ninja-msvc-release/AzureInteractionTests.exe"
      ],
      "config" : "Release",
      "name" : "AzureEngine.Interaction",
      "properties" : 
      [
        {
          "name" : "WORKING_DIRECTORY",
          "value" : "D:/Assigment/2609/FYP/Project/AzureRender/build/ninja-msvc-release"
        }
      ]
    },
    {
      "backtrace" : 139,
      "command" : 
      [
        "D:/Assigment/2609/FYP/Project/AzureRender/build/ninja-msvc-release/AzureScriptEntityTests.exe"
      ],
      "config" : "Release",
      "name" : "AzureEngine.ScriptEntities",
      "properties" : 
      [
        {
          "name" : "WORKING_DIRECTORY",
          "value" : "D:/Assigment/2609/FYP/Project/AzureRender/build/ninja-msvc-release"
        }
      ]
    },
    {
      "backtrace" : 141,
      "command" : 
      [
        "D:/Assigment/2609/FYP/Project/AzureRender/build/ninja-msvc-release/AzurePlayableQuestTests.exe"
      ],
      "config" : "Release",
      "name" : "AzureEngine.PlayableQuest",
      "properties" : 
      [
        {
          "name" : "WORKING_DIRECTORY",
          "value" : "D:/Assigment/2609/FYP/Project/AzureRender/build/ninja-msvc-release"
        }
      ]
    },
    {
      "backtrace" : 143,
      "command" : 
      [
        "D:/Assigment/2609/FYP/Project/AzureRender/build/ninja-msvc-release/AzureAnimationPoseTests.exe"
      ],
      "config" : "Release",
      "name" : "AzureRender.AnimationPose",
      "properties" : 
      [
        {
          "name" : "WORKING_DIRECTORY",
          "value" : "D:/Assigment/2609/FYP/Project/AzureRender/build/ninja-msvc-release"
        }
      ]
    },
    {
      "backtrace" : 145,
      "command" : 
      [
        "D:/Assigment/2609/FYP/Project/AzureRender/build/ninja-msvc-release/AzureBrowRegionTests.exe"
      ],
      "config" : "Release",
      "name" : "AzureRender.BrowRegions",
      "properties" : 
      [
        {
          "name" : "WORKING_DIRECTORY",
          "value" : "D:/Assigment/2609/FYP/Project/AzureRender/build/ninja-msvc-release"
        }
      ]
    },
    {
      "backtrace" : 147,
      "command" : 
      [
        "D:/Assigment/2609/FYP/Project/AzureRender/build/ninja-msvc-release/AzurePhysicsInputTests.exe"
      ],
      "config" : "Release",
      "name" : "AzureEngine.PhysicsInput",
      "properties" : 
      [
        {
          "name" : "WORKING_DIRECTORY",
          "value" : "D:/Assigment/2609/FYP/Project/AzureRender/build/ninja-msvc-release"
        }
      ]
    },
    {
      "backtrace" : 149,
      "command" : 
      [
        "D:/Assigment/2609/FYP/Project/AzureRender/build/ninja-msvc-release/AzureAssetLevelTests.exe"
      ],
      "config" : "Release",
      "name" : "AzureEngine.AssetLevel",
      "properties" : 
      [
        {
          "name" : "WORKING_DIRECTORY",
          "value" : "D:/Assigment/2609/FYP/Project/AzureRender/build/ninja-msvc-release"
        }
      ]
    },
    {
      "backtrace" : 151,
      "command" : 
      [
        "D:/Assigment/2609/FYP/Project/AzureRender/build/ninja-msvc-release/AzureReflectionTests.exe"
      ],
      "config" : "Release",
      "name" : "AzureEngine.Reflection",
      "properties" : 
      [
        {
          "name" : "WORKING_DIRECTORY",
          "value" : "D:/Assigment/2609/FYP/Project/AzureRender/build/ninja-msvc-release"
        }
      ]
    },
    {
      "backtrace" : 153,
      "command" : 
      [
        "D:/Assigment/2609/FYP/Project/AzureRender/build/ninja-msvc-release/AzureSceneVisibilityTests.exe",
        "D:/Assigment/2609/FYP/Project/AzureRender/assets_public/exploration/assets/cube.gltf"
      ],
      "config" : "Release",
      "name" : "AzureRender.SceneVisibility",
      "properties" : 
      [
        {
          "name" : "WORKING_DIRECTORY",
          "value" : "D:/Assigment/2609/FYP/Project/AzureRender/build/ninja-msvc-release"
        }
      ]
    },
    {
      "backtrace" : 155,
      "command" : 
      [
        "C:/Users/23587/AppData/Local/Programs/Python/Python311/python.exe",
        "D:/Assigment/2609/FYP/Project/AzureRender/tools/test_repository_audit.py"
      ],
      "config" : "Release",
      "name" : "AzureEngine.RepositoryAudit",
      "properties" : 
      [
        {
          "name" : "WORKING_DIRECTORY",
          "value" : "D:/Assigment/2609/FYP/Project/AzureRender/build/ninja-msvc-release"
        }
      ]
    },
    {
      "backtrace" : 157,
      "command" : 
      [
        "C:/Users/23587/AppData/Local/Programs/Python/Python311/python.exe",
        "D:/Assigment/2609/FYP/Project/AzureRender/tools/test_scene_visibility_gpu.py",
        "--executable",
        "D:/Assigment/2609/FYP/Project/AzureRender/build/ninja-msvc-release/AzurePlayer.exe"
      ],
      "config" : "Release",
      "name" : "AzureRender.SceneVisibilityGpu",
      "properties" : 
      [
        {
          "name" : "LABELS",
          "value" : 
          [
            "gpu"
          ]
        },
        {
          "name" : "RUN_SERIAL",
          "value" : true
        },
        {
          "name" : "TIMEOUT",
          "value" : 300.0
        },
        {
          "name" : "WORKING_DIRECTORY",
          "value" : "D:/Assigment/2609/FYP/Project/AzureRender/build/ninja-msvc-release"
        }
      ]
    },
    {
      "backtrace" : 159,
      "command" : 
      [
        "C:/Users/23587/AppData/Local/Programs/Python/Python311/python.exe",
        "D:/Assigment/2609/FYP/Project/AzureRender/tools/test_public_gait.py"
      ],
      "config" : "Release",
      "name" : "AzureEngine.PublicGait",
      "properties" : 
      [
        {
          "name" : "WORKING_DIRECTORY",
          "value" : "D:/Assigment/2609/FYP/Project/AzureRender/build/ninja-msvc-release"
        }
      ]
    },
    {
      "backtrace" : 161,
      "command" : 
      [
        "C:/Users/23587/AppData/Local/Programs/Python/Python311/python.exe",
        "D:/Assigment/2609/FYP/Project/AzureRender/tools/test_locomotion_direction.py",
        "--player",
        "D:/Assigment/2609/FYP/Project/AzureRender/build/ninja-msvc-release/AzurePlayer.exe"
      ],
      "config" : "Release",
      "name" : "AzureEngine.LocomotionPlayer",
      "properties" : 
      [
        {
          "name" : "LABELS",
          "value" : 
          [
            "gpu"
          ]
        },
        {
          "name" : "RUN_SERIAL",
          "value" : true
        },
        {
          "name" : "TIMEOUT",
          "value" : 300.0
        },
        {
          "name" : "WORKING_DIRECTORY",
          "value" : "D:/Assigment/2609/FYP/Project/AzureRender/build/ninja-msvc-release"
        }
      ]
    },
    {
      "backtrace" : 163,
      "command" : 
      [
        "C:/Users/23587/AppData/Local/Programs/Python/Python311/python.exe",
        "D:/Assigment/2609/FYP/Project/AzureRender/tools/test_animation_retarget.py"
      ],
      "config" : "Release",
      "name" : "AzureEngine.AnimationRetarget",
      "properties" : 
      [
        {
          "name" : "WORKING_DIRECTORY",
          "value" : "D:/Assigment/2609/FYP/Project/AzureRender/build/ninja-msvc-release"
        }
      ]
    },
    {
      "backtrace" : 165,
      "command" : 
      [
        "C:/Users/23587/AppData/Local/Programs/Python/Python311/python.exe",
        "D:/Assigment/2609/FYP/Project/AzureRender/tools/test_skin_restore.py"
      ],
      "config" : "Release",
      "name" : "AzureEngine.SourceSkinRestore",
      "properties" : 
      [
        {
          "name" : "WORKING_DIRECTORY",
          "value" : "D:/Assigment/2609/FYP/Project/AzureRender/build/ninja-msvc-release"
        }
      ]
    },
    {
      "backtrace" : 167,
      "command" : 
      [
        "C:/Users/23587/AppData/Local/Programs/Python/Python311/python.exe",
        "D:/Assigment/2609/FYP/Project/AzureRender/tools/test_game_package_rules.py"
      ],
      "config" : "Release",
      "name" : "AzureEngine.GamePackageRules",
      "properties" : 
      [
        {
          "name" : "WORKING_DIRECTORY",
          "value" : "D:/Assigment/2609/FYP/Project/AzureRender/build/ninja-msvc-release"
        }
      ]
    },
    {
      "backtrace" : 169,
      "command" : 
      [
        "C:/Users/23587/AppData/Local/Programs/Python/Python311/python.exe",
        "D:/Assigment/2609/FYP/Project/AzureRender/tools/test_playable_delivery_rules.py"
      ],
      "config" : "Release",
      "name" : "AzureEngine.PlayableDeliveryRules",
      "properties" : 
      [
        {
          "name" : "WORKING_DIRECTORY",
          "value" : "D:/Assigment/2609/FYP/Project/AzureRender/build/ninja-msvc-release"
        }
      ]
    },
    {
      "backtrace" : 172,
      "command" : 
      [
        "C:/Users/23587/AppData/Local/Programs/Python/Python311/python.exe",
        "D:/Assigment/2609/FYP/Project/AzureRender/tools/test_game_package.py",
        "--build-dir",
        "D:/Assigment/2609/FYP/Project/AzureRender/build/ninja-msvc-release",
        "--editor",
        "D:/Assigment/2609/FYP/Project/AzureRender/build/ninja-msvc-release/AzureRender.exe",
        "--output",
        "D:/Assigment/2609/FYP/Project/AzureRender/build/ninja-msvc-release/game-package/Windows Game",
        "--evidence",
        "D:/Assigment/2609/FYP/Project/AzureRender/build/ninja-msvc-release/game-package/evidence"
      ],
      "config" : "Release",
      "name" : "AzureEngine.GamePackage",
      "properties" : 
      [
        {
          "name" : "LABELS",
          "value" : 
          [
            "gpu",
            "release"
          ]
        },
        {
          "name" : "RUN_SERIAL",
          "value" : true
        },
        {
          "name" : "TIMEOUT",
          "value" : 240.0
        },
        {
          "name" : "WORKING_DIRECTORY",
          "value" : "D:/Assigment/2609/FYP/Project/AzureRender/build/ninja-msvc-release"
        }
      ]
    },
    {
      "backtrace" : 175,
      "command" : 
      [
        "C:/Users/23587/AppData/Local/Programs/Python/Python311/python.exe",
        "D:/Assigment/2609/FYP/Project/AzureRender/tools/test_playable_package.py",
        "--build-dir",
        "D:/Assigment/2609/FYP/Project/AzureRender/build/ninja-msvc-release",
        "--editor",
        "D:/Assigment/2609/FYP/Project/AzureRender/build/ninja-msvc-release/AzureRender.exe",
        "--output",
        "D:/Assigment/2609/FYP/Project/AzureRender/build/ninja-msvc-release/playable-package/Azure Exploration",
        "--evidence",
        "D:/Assigment/2609/FYP/Project/AzureRender/build/ninja-msvc-release/playable-package/evidence"
      ],
      "config" : "Release",
      "name" : "AzureEngine.PlayablePackage",
      "properties" : 
      [
        {
          "name" : "LABELS",
          "value" : 
          [
            "gpu",
            "release"
          ]
        },
        {
          "name" : "RUN_SERIAL",
          "value" : true
        },
        {
          "name" : "TIMEOUT",
          "value" : 600.0
        },
        {
          "name" : "WORKING_DIRECTORY",
          "value" : "D:/Assigment/2609/FYP/Project/AzureRender/build/ninja-msvc-release"
        }
      ]
    },
    {
      "backtrace" : 177,
      "command" : 
      [
        "C:/Users/23587/AppData/Local/Programs/Python/Python311/python.exe",
        "D:/Assigment/2609/FYP/Project/AzureRender/tools/test_build_configuration.py"
      ],
      "config" : "Release",
      "name" : "AzureEngine.BuildConfiguration",
      "properties" : 
      [
        {
          "name" : "WORKING_DIRECTORY",
          "value" : "D:/Assigment/2609/FYP/Project/AzureRender/build/ninja-msvc-release"
        }
      ]
    },
    {
      "backtrace" : 179,
      "command" : 
      [
        "C:/Users/23587/AppData/Local/Programs/Python/Python311/python.exe",
        "D:/Assigment/2609/FYP/Project/AzureRender/tools/test_build_provenance.py"
      ],
      "config" : "Release",
      "name" : "AzureEngine.BuildProvenance",
      "properties" : 
      [
        {
          "name" : "WORKING_DIRECTORY",
          "value" : "D:/Assigment/2609/FYP/Project/AzureRender/build/ninja-msvc-release"
        }
      ]
    },
    {
      "backtrace" : 181,
      "command" : 
      [
        "C:/Users/23587/AppData/Local/Programs/Python/Python311/python.exe",
        "D:/Assigment/2609/FYP/Project/AzureRender/tools/test_native_window.py"
      ],
      "config" : "Release",
      "name" : "AzureTools.NativeWindow",
      "properties" : 
      [
        {
          "name" : "WORKING_DIRECTORY",
          "value" : "D:/Assigment/2609/FYP/Project/AzureRender/build/ninja-msvc-release"
        }
      ]
    },
    {
      "backtrace" : 183,
      "command" : 
      [
        "C:/Users/23587/AppData/Local/Programs/Python/Python311/python.exe",
        "D:/Assigment/2609/FYP/Project/AzureRender/tools/test_character_intake.py"
      ],
      "config" : "Release",
      "name" : "AzureEngine.CharacterIntake",
      "properties" : 
      [
        {
          "name" : "WORKING_DIRECTORY",
          "value" : "D:/Assigment/2609/FYP/Project/AzureRender/build/ninja-msvc-release"
        }
      ]
    },
    {
      "backtrace" : 185,
      "command" : 
      [
        "C:/Users/23587/AppData/Local/Programs/Python/Python311/python.exe",
        "D:/Assigment/2609/FYP/Project/AzureRender/tools/test_character_preparation.py"
      ],
      "config" : "Release",
      "name" : "AzureEngine.CharacterPreparation",
      "properties" : 
      [
        {
          "name" : "WORKING_DIRECTORY",
          "value" : "D:/Assigment/2609/FYP/Project/AzureRender/build/ninja-msvc-release"
        }
      ]
    },
    {
      "backtrace" : 187,
      "command" : 
      [
        "C:/Users/23587/AppData/Local/Programs/Python/Python311/python.exe",
        "D:/Assigment/2609/FYP/Project/AzureRender/tools/test_editor_workspace.py",
        "--executable",
        "D:/Assigment/2609/FYP/Project/AzureRender/build/ninja-msvc-release/AzureRender.exe"
      ],
      "config" : "Release",
      "name" : "AzureEditor.WorkspaceGpu",
      "properties" : 
      [
        {
          "name" : "LABELS",
          "value" : 
          [
            "gpu"
          ]
        },
        {
          "name" : "RUN_SERIAL",
          "value" : true
        },
        {
          "name" : "TIMEOUT",
          "value" : 600.0
        },
        {
          "name" : "WORKING_DIRECTORY",
          "value" : "D:/Assigment/2609/FYP/Project/AzureRender/build/ninja-msvc-release"
        }
      ]
    },
    {
      "backtrace" : 189,
      "command" : 
      [
        "C:/Users/23587/AppData/Local/Programs/Python/Python311/python.exe",
        "D:/Assigment/2609/FYP/Project/AzureRender/tools/test_material_fixture.py",
        "--executable",
        "D:/Assigment/2609/FYP/Project/AzureRender/build/ninja-msvc-release/AzureRender.exe",
        "--asset",
        "D:/Assigment/2609/FYP/Project/AzureRender/assets_public/third_person/material_fixture.gltf"
      ],
      "config" : "Release",
      "name" : "AzureEngine.MaterialFixtureGpu",
      "properties" : 
      [
        {
          "name" : "LABELS",
          "value" : 
          [
            "gpu"
          ]
        },
        {
          "name" : "RUN_SERIAL",
          "value" : true
        },
        {
          "name" : "TIMEOUT",
          "value" : 240.0
        },
        {
          "name" : "WORKING_DIRECTORY",
          "value" : "D:/Assigment/2609/FYP/Project/AzureRender/build/ninja-msvc-release"
        }
      ]
    },
    {
      "backtrace" : 191,
      "command" : 
      [
        "C:/Users/23587/AppData/Local/Programs/Python/Python311/python.exe",
        "D:/Assigment/2609/FYP/Project/AzureRender/tools/test_independent_animation_gpu.py",
        "--executable",
        "D:/Assigment/2609/FYP/Project/AzureRender/build/ninja-msvc-release/AzurePlayer.exe"
      ],
      "config" : "Release",
      "name" : "AzureEngine.IndependentAnimationGpu",
      "properties" : 
      [
        {
          "name" : "LABELS",
          "value" : 
          [
            "gpu"
          ]
        },
        {
          "name" : "RUN_SERIAL",
          "value" : true
        },
        {
          "name" : "TIMEOUT",
          "value" : 300.0
        },
        {
          "name" : "WORKING_DIRECTORY",
          "value" : "D:/Assigment/2609/FYP/Project/AzureRender/build/ninja-msvc-release"
        }
      ]
    },
    {
      "backtrace" : 193,
      "command" : 
      [
        "C:/Users/23587/AppData/Local/Programs/Python/Python311/python.exe",
        "D:/Assigment/2609/FYP/Project/AzureRender/tools/test_third_person_player.py",
        "--executable",
        "D:/Assigment/2609/FYP/Project/AzureRender/build/ninja-msvc-release/AzurePlayer.exe"
      ],
      "config" : "Release",
      "name" : "AzureEngine.ThirdPersonPlayer",
      "properties" : 
      [
        {
          "name" : "LABELS",
          "value" : 
          [
            "gpu"
          ]
        },
        {
          "name" : "RUN_SERIAL",
          "value" : true
        },
        {
          "name" : "TIMEOUT",
          "value" : 300.0
        },
        {
          "name" : "WORKING_DIRECTORY",
          "value" : "D:/Assigment/2609/FYP/Project/AzureRender/build/ninja-msvc-release"
        }
      ]
    },
    {
      "backtrace" : 195,
      "command" : 
      [
        "C:/Users/23587/AppData/Local/Programs/Python/Python311/python.exe",
        "D:/Assigment/2609/FYP/Project/AzureRender/tools/test_playable_player.py",
        "--executable",
        "D:/Assigment/2609/FYP/Project/AzureRender/build/ninja-msvc-release/AzurePlayer.exe"
      ],
      "config" : "Release",
      "name" : "AzureEngine.PlayablePlayer",
      "properties" : 
      [
        {
          "name" : "LABELS",
          "value" : 
          [
            "gpu"
          ]
        },
        {
          "name" : "RUN_SERIAL",
          "value" : true
        },
        {
          "name" : "TIMEOUT",
          "value" : 600.0
        },
        {
          "name" : "WORKING_DIRECTORY",
          "value" : "D:/Assigment/2609/FYP/Project/AzureRender/build/ninja-msvc-release"
        }
      ]
    },
    {
      "backtrace" : 197,
      "command" : 
      [
        "C:/Users/23587/AppData/Local/Programs/Python/Python311/python.exe",
        "D:/Assigment/2609/FYP/Project/AzureRender/tools/test_optional_runtime_trace.py",
        "--player",
        "D:/Assigment/2609/FYP/Project/AzureRender/build/ninja-msvc-release/AzurePlayer.exe"
      ],
      "config" : "Release",
      "name" : "AzureEngine.OptionalRuntimeTrace",
      "properties" : 
      [
        {
          "name" : "LABELS",
          "value" : 
          [
            "gpu"
          ]
        },
        {
          "name" : "RUN_SERIAL",
          "value" : true
        },
        {
          "name" : "TIMEOUT",
          "value" : 180.0
        },
        {
          "name" : "WORKING_DIRECTORY",
          "value" : "D:/Assigment/2609/FYP/Project/AzureRender/build/ninja-msvc-release"
        }
      ]
    },
    {
      "backtrace" : 199,
      "command" : 
      [
        "C:/Users/23587/AppData/Local/Programs/Python/Python311/python.exe",
        "D:/Assigment/2609/FYP/Project/AzureRender/tools/test_runtime_spawn_gpu.py",
        "--executable",
        "D:/Assigment/2609/FYP/Project/AzureRender/build/ninja-msvc-release/AzurePlayer.exe"
      ],
      "config" : "Release",
      "name" : "AzureEngine.RuntimeSpawnGpu",
      "properties" : 
      [
        {
          "name" : "LABELS",
          "value" : 
          [
            "gpu"
          ]
        },
        {
          "name" : "RUN_SERIAL",
          "value" : true
        },
        {
          "name" : "TIMEOUT",
          "value" : 300.0
        },
        {
          "name" : "WORKING_DIRECTORY",
          "value" : "D:/Assigment/2609/FYP/Project/AzureRender/build/ninja-msvc-release"
        }
      ]
    },
    {
      "backtrace" : 201,
      "command" : 
      [
        "C:/Users/23587/AppData/Local/Programs/Python/Python311/python.exe",
        "D:/Assigment/2609/FYP/Project/AzureRender/tools/test_game_presentation.py",
        "--executable",
        "D:/Assigment/2609/FYP/Project/AzureRender/build/ninja-msvc-release/AzurePlayer.exe",
        "--project",
        "D:/Assigment/2609/FYP/Project/AzureRender/assets_public/gameplay/project.azureproject"
      ],
      "config" : "Release",
      "name" : "AzureEngine.PresentationGpu",
      "properties" : 
      [
        {
          "name" : "LABELS",
          "value" : 
          [
            "gpu"
          ]
        },
        {
          "name" : "RUN_SERIAL",
          "value" : true
        },
        {
          "name" : "TIMEOUT",
          "value" : 180.0
        },
        {
          "name" : "WORKING_DIRECTORY",
          "value" : "D:/Assigment/2609/FYP/Project/AzureRender/build/ninja-msvc-release"
        }
      ]
    },
    {
      "backtrace" : 203,
      "command" : 
      [
        "C:/Users/23587/AppData/Local/Programs/Python/Python311/python.exe",
        "D:/Assigment/2609/FYP/Project/AzureRender/tools/test_editor_workflow.py",
        "--executable",
        "D:/Assigment/2609/FYP/Project/AzureRender/build/ninja-msvc-release/AzureRender.exe",
        "--project",
        "D:/Assigment/2609/FYP/Project/AzureRender/assets_public/gameplay/project.azureproject"
      ],
      "config" : "Release",
      "name" : "AzureEngine.EditorHost",
      "properties" : 
      [
        {
          "name" : "LABELS",
          "value" : 
          [
            "gpu"
          ]
        },
        {
          "name" : "RUN_SERIAL",
          "value" : true
        },
        {
          "name" : "TIMEOUT",
          "value" : 120.0
        },
        {
          "name" : "WORKING_DIRECTORY",
          "value" : "D:/Assigment/2609/FYP/Project/AzureRender/build/ninja-msvc-release"
        }
      ]
    },
    {
      "backtrace" : 205,
      "command" : 
      [
        "C:/Users/23587/AppData/Local/Programs/Python/Python311/python.exe",
        "D:/Assigment/2609/FYP/Project/AzureRender/tools/test_editor_playable.py",
        "--executable",
        "D:/Assigment/2609/FYP/Project/AzureRender/build/ninja-msvc-release/AzureRender.exe"
      ],
      "config" : "Release",
      "name" : "AzureEngine.EditorPlayable",
      "properties" : 
      [
        {
          "name" : "LABELS",
          "value" : 
          [
            "gpu"
          ]
        },
        {
          "name" : "TIMEOUT",
          "value" : 240.0
        },
        {
          "name" : "WORKING_DIRECTORY",
          "value" : "D:/Assigment/2609/FYP/Project/AzureRender/build/ninja-msvc-release"
        }
      ]
    },
    {
      "backtrace" : 207,
      "command" : 
      [
        "C:/Users/23587/AppData/Local/Programs/Python/Python311/python.exe",
        "D:/Assigment/2609/FYP/Project/AzureRender/tools/test_metagen.py",
        "D:/Assigment/2609/FYP/Project/AzureRender/build/ninja-msvc-release/AzureMetaGen.exe"
      ],
      "config" : "Release",
      "name" : "AzureEngine.MetaGenerator",
      "properties" : 
      [
        {
          "name" : "WORKING_DIRECTORY",
          "value" : "D:/Assigment/2609/FYP/Project/AzureRender/build/ninja-msvc-release"
        }
      ]
    },
    {
      "backtrace" : 209,
      "command" : 
      [
        "C:/Users/23587/AppData/Local/Programs/Python/Python311/python.exe",
        "D:/Assigment/2609/FYP/Project/AzureRender/tools/test_level_player.py",
        "D:/Assigment/2609/FYP/Project/AzureRender/build/ninja-msvc-release/AzurePlayer.exe"
      ],
      "config" : "Release",
      "name" : "AzureEngine.LevelPlayer",
      "properties" : 
      [
        {
          "name" : "LABELS",
          "value" : 
          [
            "gpu"
          ]
        },
        {
          "name" : "WORKING_DIRECTORY",
          "value" : "D:/Assigment/2609/FYP/Project/AzureRender/build/ninja-msvc-release"
        }
      ]
    },
    {
      "backtrace" : 211,
      "command" : 
      [
        "C:/Users/23587/AppData/Local/Programs/Python/Python311/python.exe",
        "D:/Assigment/2609/FYP/Project/AzureRender/tools/test_physics_player.py",
        "D:/Assigment/2609/FYP/Project/AzureRender/build/ninja-msvc-release/AzurePlayer.exe"
      ],
      "config" : "Release",
      "name" : "AzureEngine.PhysicsPlayer",
      "properties" : 
      [
        {
          "name" : "LABELS",
          "value" : 
          [
            "gpu"
          ]
        },
        {
          "name" : "WORKING_DIRECTORY",
          "value" : "D:/Assigment/2609/FYP/Project/AzureRender/build/ninja-msvc-release"
        }
      ]
    },
    {
      "backtrace" : 213,
      "command" : 
      [
        "C:/Users/23587/AppData/Local/Programs/Python/Python311/python.exe",
        "D:/Assigment/2609/FYP/Project/AzureRender/tools/test_script_player.py",
        "D:/Assigment/2609/FYP/Project/AzureRender/build/ninja-msvc-release/AzurePlayer.exe",
        "D:/Assigment/2609/FYP/Project/AzureRender/assets_public/gameplay"
      ],
      "config" : "Release",
      "name" : "AzureEngine.ScriptPlayer",
      "properties" : 
      [
        {
          "name" : "LABELS",
          "value" : 
          [
            "gpu"
          ]
        },
        {
          "name" : "WORKING_DIRECTORY",
          "value" : "D:/Assigment/2609/FYP/Project/AzureRender/build/ninja-msvc-release"
        }
      ]
    },
    {
      "backtrace" : 215,
      "command" : 
      [
        "D:/Assigment/2609/FYP/Project/AzureRender/build/ninja-msvc-release/AzureProjectTests.exe"
      ],
      "config" : "Release",
      "name" : "AzureEngine.Project",
      "properties" : 
      [
        {
          "name" : "WORKING_DIRECTORY",
          "value" : "D:/Assigment/2609/FYP/Project/AzureRender/build/ninja-msvc-release"
        }
      ]
    },
    {
      "backtrace" : 217,
      "command" : 
      [
        "D:/Assigment/2609/FYP/Project/AzureRender/build/ninja-msvc-release/AzureRuntimeLifecycleTests.exe"
      ],
      "config" : "Release",
      "name" : "AzureEngine.RuntimeLifecycle",
      "properties" : 
      [
        {
          "name" : "WORKING_DIRECTORY",
          "value" : "D:/Assigment/2609/FYP/Project/AzureRender/build/ninja-msvc-release"
        }
      ]
    },
    {
      "backtrace" : 219,
      "command" : 
      [
        "D:/Assigment/2609/FYP/Project/AzureRender/build/ninja-msvc-release/AzureRenderEnvironmentAssetTests.exe"
      ],
      "config" : "Release",
      "name" : "AzureRender.EnvironmentAsset",
      "properties" : 
      [
        {
          "name" : "WORKING_DIRECTORY",
          "value" : "D:/Assigment/2609/FYP/Project/AzureRender/build/ninja-msvc-release"
        }
      ]
    },
    {
      "backtrace" : 221,
      "command" : 
      [
        "D:/Assigment/2609/FYP/Project/AzureRender/build/ninja-msvc-release/AzureRenderRenderGraphTests.exe"
      ],
      "config" : "Release",
      "name" : "AzureRender.RenderGraph",
      "properties" : 
      [
        {
          "name" : "WORKING_DIRECTORY",
          "value" : "D:/Assigment/2609/FYP/Project/AzureRender/build/ninja-msvc-release"
        }
      ]
    },
    {
      "backtrace" : 223,
      "command" : 
      [
        "D:/Assigment/2609/FYP/Project/AzureRender/build/ninja-msvc-release/AzureRenderTransientResourcePoolTests.exe"
      ],
      "config" : "Release",
      "name" : "AzureRender.TransientResourcePool",
      "properties" : 
      [
        {
          "name" : "WORKING_DIRECTORY",
          "value" : "D:/Assigment/2609/FYP/Project/AzureRender/build/ninja-msvc-release"
        }
      ]
    },
    {
      "backtrace" : 225,
      "command" : 
      [
        "D:/Assigment/2609/FYP/Project/AzureRender/build/ninja-msvc-release/AzureRenderLightBufferTests.exe"
      ],
      "config" : "Release",
      "name" : "AzureRender.LightBuffer",
      "properties" : 
      [
        {
          "name" : "WORKING_DIRECTORY",
          "value" : "D:/Assigment/2609/FYP/Project/AzureRender/build/ninja-msvc-release"
        }
      ]
    },
    {
      "backtrace" : 227,
      "command" : 
      [
        "D:/Assigment/2609/FYP/Project/AzureRender/build/ninja-msvc-release/AzureRenderCascadedShadowTests.exe"
      ],
      "config" : "Release",
      "name" : "AzureRender.CascadedShadow",
      "properties" : 
      [
        {
          "name" : "WORKING_DIRECTORY",
          "value" : "D:/Assigment/2609/FYP/Project/AzureRender/build/ninja-msvc-release"
        }
      ]
    },
    {
      "backtrace" : 229,
      "command" : 
      [
        "D:/Assigment/2609/FYP/Project/AzureRender/build/ninja-msvc-release/AzureRenderClusteredLightGridTests.exe"
      ],
      "config" : "Release",
      "name" : "AzureRender.ClusteredLightGrid",
      "properties" : 
      [
        {
          "name" : "WORKING_DIRECTORY",
          "value" : "D:/Assigment/2609/FYP/Project/AzureRender/build/ninja-msvc-release"
        }
      ]
    },
    {
      "backtrace" : 231,
      "command" : 
      [
        "D:/Assigment/2609/FYP/Project/AzureRender/build/ninja-msvc-release/AzureRenderComputePassTests.exe"
      ],
      "config" : "Release",
      "name" : "AzureRender.ComputePass",
      "properties" : 
      [
        {
          "name" : "WORKING_DIRECTORY",
          "value" : "D:/Assigment/2609/FYP/Project/AzureRender/build/ninja-msvc-release"
        }
      ]
    },
    {
      "backtrace" : 233,
      "command" : 
      [
        "D:/Assigment/2609/FYP/Project/AzureRender/build/ninja-msvc-release/AzureRenderFrameTaskSchedulerTests.exe"
      ],
      "config" : "Release",
      "name" : "AzureRender.FrameTaskScheduler",
      "properties" : 
      [
        {
          "name" : "WORKING_DIRECTORY",
          "value" : "D:/Assigment/2609/FYP/Project/AzureRender/build/ninja-msvc-release"
        }
      ]
    },
    {
      "backtrace" : 235,
      "command" : 
      [
        "D:/Assigment/2609/FYP/Project/AzureRender/build/ninja-msvc-release/AzureRenderSurfaceLifecycleTests.exe"
      ],
      "config" : "Release",
      "name" : "AzureRender.SurfaceLifecycle",
      "properties" : 
      [
        {
          "name" : "WORKING_DIRECTORY",
          "value" : "D:/Assigment/2609/FYP/Project/AzureRender/build/ninja-msvc-release"
        }
      ]
    },
    {
      "backtrace" : 237,
      "command" : 
      [
        "D:/Assigment/2609/FYP/Project/AzureRender/build/ninja-msvc-release/AzureRenderCommandLineTests.exe"
      ],
      "config" : "Release",
      "name" : "AzureRender.CommandLine",
      "properties" : 
      [
        {
          "name" : "WORKING_DIRECTORY",
          "value" : "D:/Assigment/2609/FYP/Project/AzureRender/build/ninja-msvc-release"
        }
      ]
    },
    {
      "backtrace" : 239,
      "command" : 
      [
        "D:/Assigment/2609/FYP/Project/AzureRender/build/ninja-msvc-release/AzureRenderEditorCameraTests.exe"
      ],
      "config" : "Release",
      "name" : "AzureRender.EditorCameraController",
      "properties" : 
      [
        {
          "name" : "WORKING_DIRECTORY",
          "value" : "D:/Assigment/2609/FYP/Project/AzureRender/build/ninja-msvc-release"
        }
      ]
    },
    {
      "backtrace" : 241,
      "command" : 
      [
        "D:/Assigment/2609/FYP/Project/AzureRender/build/ninja-msvc-release/AzureRenderEditorSessionTests.exe"
      ],
      "config" : "Release",
      "name" : "AzureRender.EditorSession",
      "properties" : 
      [
        {
          "name" : "WORKING_DIRECTORY",
          "value" : "D:/Assigment/2609/FYP/Project/AzureRender/build/ninja-msvc-release"
        }
      ]
    },
    {
      "backtrace" : 243,
      "command" : 
      [
        "D:/Assigment/2609/FYP/Project/AzureRender/build/ninja-msvc-release/AzureRenderEcsTests.exe"
      ],
      "config" : "Release",
      "name" : "AzureRender.Ecs",
      "properties" : 
      [
        {
          "name" : "WORKING_DIRECTORY",
          "value" : "D:/Assigment/2609/FYP/Project/AzureRender/build/ninja-msvc-release"
        }
      ]
    },
    {
      "backtrace" : 245,
      "command" : 
      [
        "D:/Assigment/2609/FYP/Project/AzureRender/build/ninja-msvc-release/AzureRenderPickMathTests.exe"
      ],
      "config" : "Release",
      "name" : "AzureRender.PickMath",
      "properties" : 
      [
        {
          "name" : "WORKING_DIRECTORY",
          "value" : "D:/Assigment/2609/FYP/Project/AzureRender/build/ninja-msvc-release"
        }
      ]
    },
    {
      "backtrace" : 247,
      "command" : 
      [
        "D:/Assigment/2609/FYP/Project/AzureRender/build/ninja-msvc-release/AzureRenderSceneModelTests.exe"
      ],
      "config" : "Release",
      "name" : "AzureRender.SceneModel",
      "properties" : 
      [
        {
          "name" : "WORKING_DIRECTORY",
          "value" : "D:/Assigment/2609/FYP/Project/AzureRender/build/ninja-msvc-release"
        }
      ]
    },
    {
      "backtrace" : 249,
      "command" : 
      [
        "D:/Assigment/2609/FYP/Project/AzureRender/build/ninja-msvc-release/AzureRenderRuntimeDiagnosticsTests.exe"
      ],
      "config" : "Release",
      "name" : "AzureRender.RuntimeDiagnostics",
      "properties" : 
      [
        {
          "name" : "WORKING_DIRECTORY",
          "value" : "D:/Assigment/2609/FYP/Project/AzureRender/build/ninja-msvc-release"
        }
      ]
    },
    {
      "backtrace" : 251,
      "command" : 
      [
        "D:/Assigment/2609/FYP/Project/AzureRender/build/ninja-msvc-release/AzureRenderGpuCapabilityReportTests.exe"
      ],
      "config" : "Release",
      "name" : "AzureRender.GpuCapabilityReport",
      "properties" : 
      [
        {
          "name" : "WORKING_DIRECTORY",
          "value" : "D:/Assigment/2609/FYP/Project/AzureRender/build/ninja-msvc-release"
        }
      ]
    },
    {
      "backtrace" : 253,
      "command" : 
      [
        "D:/Assigment/2609/FYP/Project/AzureRender/build/ninja-msvc-release/AzureRenderResourceLocatorTests.exe"
      ],
      "config" : "Release",
      "name" : "AzureRender.ResourceLocator",
      "properties" : 
      [
        {
          "name" : "WORKING_DIRECTORY",
          "value" : "D:/Assigment/2609/FYP/Project/AzureRender/build/ninja-msvc-release"
        }
      ]
    },
    {
      "backtrace" : 255,
      "command" : 
      [
        "D:/Assigment/2609/FYP/Project/AzureRender/build/ninja-msvc-release/AzureRenderExtensionRegistryTests.exe"
      ],
      "config" : "Release",
      "name" : "AzureRender.ExtensionRegistry",
      "properties" : 
      [
        {
          "name" : "WORKING_DIRECTORY",
          "value" : "D:/Assigment/2609/FYP/Project/AzureRender/build/ninja-msvc-release"
        }
      ]
    },
    {
      "backtrace" : 257,
      "command" : 
      [
        "D:/Assigment/2609/FYP/Project/AzureRender/build/ninja-msvc-release/AzureRenderUploadRingTests.exe"
      ],
      "config" : "Release",
      "name" : "AzureRender.UploadRing",
      "properties" : 
      [
        {
          "name" : "WORKING_DIRECTORY",
          "value" : "D:/Assigment/2609/FYP/Project/AzureRender/build/ninja-msvc-release"
        }
      ]
    },
    {
      "backtrace" : 259,
      "command" : 
      [
        "D:/Assigment/2609/FYP/Project/AzureRender/build/ninja-msvc-release/AzureRenderNullRhiTests.exe"
      ],
      "config" : "Release",
      "name" : "AzureRender.NullRhi",
      "properties" : 
      [
        {
          "name" : "WORKING_DIRECTORY",
          "value" : "D:/Assigment/2609/FYP/Project/AzureRender/build/ninja-msvc-release"
        }
      ]
    },
    {
      "backtrace" : 261,
      "command" : 
      [
        "D:/Assigment/2609/FYP/Project/AzureRender/build/ninja-msvc-release/AzureRenderNullRhiPassTests.exe"
      ],
      "config" : "Release",
      "name" : "AzureRender.NullRhiPass",
      "properties" : 
      [
        {
          "name" : "WORKING_DIRECTORY",
          "value" : "D:/Assigment/2609/FYP/Project/AzureRender/build/ninja-msvc-release"
        }
      ]
    },
    {
      "backtrace" : 263,
      "command" : 
      [
        "D:/Assigment/2609/FYP/Project/AzureRender/build/ninja-msvc-release/AzureRenderSceneGraphTests.exe"
      ],
      "config" : "Release",
      "name" : "AzureRender.SceneGraph",
      "properties" : 
      [
        {
          "name" : "WORKING_DIRECTORY",
          "value" : "D:/Assigment/2609/FYP/Project/AzureRender/build/ninja-msvc-release"
        }
      ]
    },
    {
      "backtrace" : 265,
      "command" : 
      [
        "C:/Users/23587/AppData/Local/Programs/Python/Python311/python.exe",
        "D:/Assigment/2609/FYP/Project/AzureRender/tools/run_visual_regression.py",
        "--executable",
        "D:/Assigment/2609/FYP/Project/AzureRender/build/ninja-msvc-release/AzureRender.exe",
        "--tolerance",
        "strict",
        "--output-dir",
        "D:/Assigment/2609/FYP/Project/AzureRender/build/ninja-msvc-release/visual-regression",
        "--summary",
        "D:/Assigment/2609/FYP/Project/AzureRender/build/ninja-msvc-release/visual-regression-summary.json"
      ],
      "config" : "Release",
      "name" : "AzureRender.VisualRegression",
      "properties" : 
      [
        {
          "name" : "LABELS",
          "value" : 
          [
            "gpu"
          ]
        },
        {
          "name" : "RUN_SERIAL",
          "value" : true
        },
        {
          "name" : "SKIP_RETURN_CODE",
          "value" : 2
        },
        {
          "name" : "TIMEOUT",
          "value" : 900.0
        },
        {
          "name" : "WORKING_DIRECTORY",
          "value" : "D:/Assigment/2609/FYP/Project/AzureRender/build/ninja-msvc-release"
        }
      ]
    },
    {
      "backtrace" : 267,
      "command" : 
      [
        "C:/Users/23587/AppData/Local/Programs/Python/Python311/python.exe",
        "D:/Assigment/2609/FYP/Project/AzureRender/tools/run_visual_regression.py",
        "--executable",
        "D:/Assigment/2609/FYP/Project/AzureRender/build/ninja-msvc-release/AzureRender.exe",
        "--tolerance",
        "strict",
        "--renderer-arg=--disable-bindless",
        "--output-dir",
        "D:/Assigment/2609/FYP/Project/AzureRender/build/ninja-msvc-release/visual-regression-legacy",
        "--summary",
        "D:/Assigment/2609/FYP/Project/AzureRender/build/ninja-msvc-release/visual-regression-legacy-summary.json"
      ],
      "config" : "Release",
      "name" : "AzureRender.VisualRegressionLegacyDescriptors",
      "properties" : 
      [
        {
          "name" : "LABELS",
          "value" : 
          [
            "gpu"
          ]
        },
        {
          "name" : "RUN_SERIAL",
          "value" : true
        },
        {
          "name" : "SKIP_RETURN_CODE",
          "value" : 2
        },
        {
          "name" : "TIMEOUT",
          "value" : 900.0
        },
        {
          "name" : "WORKING_DIRECTORY",
          "value" : "D:/Assigment/2609/FYP/Project/AzureRender/build/ninja-msvc-release"
        }
      ]
    },
    {
      "backtrace" : 269,
      "command" : 
      [
        "C:/Windows/System32/WindowsPowerShell/v1.0/powershell.exe",
        "-NoProfile",
        "-ExecutionPolicy",
        "Bypass",
        "-File",
        "D:/Assigment/2609/FYP/Project/AzureRender/tools/run_blackhole_compute_smoke.ps1",
        "-Executable",
        "D:/Assigment/2609/FYP/Project/AzureRender/build/ninja-msvc-release/AzureRender.exe",
        "-OutputDirectory",
        "D:/Assigment/2609/FYP/Project/AzureRender/build/ninja-msvc-release/blackhole-compute-smoke"
      ],
      "config" : "Release",
      "name" : "AzureRender.BlackholeComputeGpu",
      "properties" : 
      [
        {
          "name" : "LABELS",
          "value" : 
          [
            "gpu"
          ]
        },
        {
          "name" : "RUN_SERIAL",
          "value" : true
        },
        {
          "name" : "SKIP_RETURN_CODE",
          "value" : 2
        },
        {
          "name" : "TIMEOUT",
          "value" : 180.0
        },
        {
          "name" : "WORKING_DIRECTORY",
          "value" : "D:/Assigment/2609/FYP/Project/AzureRender/build/ninja-msvc-release"
        }
      ]
    },
    {
      "backtrace" : 271,
      "command" : 
      [
        "C:/Windows/System32/WindowsPowerShell/v1.0/powershell.exe",
        "-NoProfile",
        "-ExecutionPolicy",
        "Bypass",
        "-File",
        "D:/Assigment/2609/FYP/Project/AzureRender/tools/run_character_ibl_smoke.ps1",
        "-Executable",
        "D:/Assigment/2609/FYP/Project/AzureRender/build/ninja-msvc-release/AzureRender.exe",
        "-OutputDirectory",
        "D:/Assigment/2609/FYP/Project/AzureRender/build/ninja-msvc-release/character-ibl-smoke"
      ],
      "config" : "Release",
      "name" : "AzureRender.CharacterIblComputeGpu",
      "properties" : 
      [
        {
          "name" : "LABELS",
          "value" : 
          [
            "gpu"
          ]
        },
        {
          "name" : "RUN_SERIAL",
          "value" : true
        },
        {
          "name" : "SKIP_RETURN_CODE",
          "value" : 2
        },
        {
          "name" : "TIMEOUT",
          "value" : 180.0
        },
        {
          "name" : "WORKING_DIRECTORY",
          "value" : "D:/Assigment/2609/FYP/Project/AzureRender/build/ninja-msvc-release"
        }
      ]
    },
    {
      "backtrace" : 273,
      "command" : 
      [
        "C:/Windows/System32/WindowsPowerShell/v1.0/powershell.exe",
        "-NoProfile",
        "-ExecutionPolicy",
        "Bypass",
        "-File",
        "D:/Assigment/2609/FYP/Project/AzureRender/tools/run_character_skinning_smoke.ps1",
        "-Executable",
        "D:/Assigment/2609/FYP/Project/AzureRender/build/ninja-msvc-release/AzureRender.exe",
        "-OutputDirectory",
        "D:/Assigment/2609/FYP/Project/AzureRender/build/ninja-msvc-release/character-skinning-smoke"
      ],
      "config" : "Release",
      "name" : "AzureRender.CharacterSkinningComputeGpu",
      "properties" : 
      [
        {
          "name" : "LABELS",
          "value" : 
          [
            "gpu"
          ]
        },
        {
          "name" : "RUN_SERIAL",
          "value" : true
        },
        {
          "name" : "SKIP_RETURN_CODE",
          "value" : 2
        },
        {
          "name" : "TIMEOUT",
          "value" : 180.0
        },
        {
          "name" : "WORKING_DIRECTORY",
          "value" : "D:/Assigment/2609/FYP/Project/AzureRender/build/ninja-msvc-release"
        }
      ]
    },
    {
      "backtrace" : 275,
      "command" : 
      [
        "C:/Users/23587/AppData/Local/Programs/Python/Python311/python.exe",
        "D:/Assigment/2609/FYP/Project/AzureRender/tools/test_r4_acceptance.py"
      ],
      "config" : "Release",
      "name" : "AzureRender.R4AcceptanceRules",
      "properties" : 
      [
        {
          "name" : "WORKING_DIRECTORY",
          "value" : "D:/Assigment/2609/FYP/Project/AzureRender/build/ninja-msvc-release"
        }
      ]
    },
    {
      "backtrace" : 277,
      "command" : 
      [
        "C:/Users/23587/AppData/Local/Programs/Python/Python311/python.exe",
        "D:/Assigment/2609/FYP/Project/AzureRender/tools/test_player_cli.py",
        "--executable",
        "D:/Assigment/2609/FYP/Project/AzureRender/build/ninja-msvc-release/AzurePlayer.exe"
      ],
      "config" : "Release",
      "name" : "AzureEngine.PlayerCli",
      "properties" : 
      [
        {
          "name" : "WORKING_DIRECTORY",
          "value" : "D:/Assigment/2609/FYP/Project/AzureRender/build/ninja-msvc-release"
        }
      ]
    },
    {
      "backtrace" : 279,
      "command" : 
      [
        "C:/Users/23587/AppData/Local/Programs/Python/Python311/python.exe",
        "D:/Assigment/2609/FYP/Project/AzureRender/tools/test_blackhole_optimization.py"
      ],
      "config" : "Release",
      "name" : "AzureRender.BlackholeOptimizationRules",
      "properties" : 
      [
        {
          "name" : "WORKING_DIRECTORY",
          "value" : "D:/Assigment/2609/FYP/Project/AzureRender/build/ninja-msvc-release"
        }
      ]
    },
    {
      "backtrace" : 281,
      "command" : 
      [
        "C:/Users/23587/AppData/Local/Programs/Python/Python311/python.exe",
        "D:/Assigment/2609/FYP/Project/AzureRender/tools/run_r3_comparison.py",
        "--executable",
        "D:/Assigment/2609/FYP/Project/AzureRender/build/ninja-msvc-release/AzureRender.exe",
        "--output-dir",
        "D:/Assigment/2609/FYP/Project/AzureRender/build/ninja-msvc-release/r3-comparison",
        "--frames",
        "10",
        "--instances",
        "64"
      ],
      "config" : "Release",
      "name" : "AzureRender.R3Comparison",
      "properties" : 
      [
        {
          "name" : "LABELS",
          "value" : 
          [
            "gpu"
          ]
        },
        {
          "name" : "RUN_SERIAL",
          "value" : true
        },
        {
          "name" : "TIMEOUT",
          "value" : 900.0
        },
        {
          "name" : "WORKING_DIRECTORY",
          "value" : "D:/Assigment/2609/FYP/Project/AzureRender/build/ninja-msvc-release"
        }
      ]
    },
    {
      "backtrace" : 283,
      "command" : 
      [
        "C:/Users/23587/AppData/Local/Programs/Python/Python311/python.exe",
        "D:/Assigment/2609/FYP/Project/AzureRender/tools/run_r3_comparison.py",
        "--executable",
        "D:/Assigment/2609/FYP/Project/AzureRender/build/ninja-msvc-release/AzureRender.exe",
        "--output-dir",
        "D:/Assigment/2609/FYP/Project/AzureRender/build/ninja-msvc-release/r3-transparent-comparison",
        "--frames",
        "10",
        "--instances",
        "16",
        "--transparent-fixture"
      ],
      "config" : "Release",
      "name" : "AzureRender.R3TransparentComparison",
      "properties" : 
      [
        {
          "name" : "LABELS",
          "value" : 
          [
            "gpu"
          ]
        },
        {
          "name" : "RUN_SERIAL",
          "value" : true
        },
        {
          "name" : "TIMEOUT",
          "value" : 900.0
        },
        {
          "name" : "WORKING_DIRECTORY",
          "value" : "D:/Assigment/2609/FYP/Project/AzureRender/build/ninja-msvc-release"
        }
      ]
    },
    {
      "backtrace" : 285,
      "command" : 
      [
        "C:/Users/23587/AppData/Local/Programs/Python/Python311/python.exe",
        "D:/Assigment/2609/FYP/Project/AzureRender/tools/run_audit_regressions.py",
        "--executable",
        "D:/Assigment/2609/FYP/Project/AzureRender/build/ninja-msvc-release/AzureRender.exe"
      ],
      "config" : "Release",
      "name" : "AzureRender.AuditRegressions",
      "properties" : 
      [
        {
          "name" : "LABELS",
          "value" : 
          [
            "gpu"
          ]
        },
        {
          "name" : "RUN_SERIAL",
          "value" : true
        },
        {
          "name" : "TIMEOUT",
          "value" : 90.0
        },
        {
          "name" : "WORKING_DIRECTORY",
          "value" : "D:/Assigment/2609/FYP/Project/AzureRender/build/ninja-msvc-release"
        }
      ]
    },
    {
      "backtrace" : 287,
      "command" : 
      [
        "C:/Users/23587/AppData/Local/Programs/Python/Python311/python.exe",
        "D:/Assigment/2609/FYP/Project/AzureRender/tools/run_visual_regression.py",
        "--executable",
        "D:/Assigment/2609/FYP/Project/AzureRender/build/ninja-msvc-release/AzureRender.exe",
        "--tolerance",
        "strict",
        "--renderer-arg=--disable-compute-skinning",
        "--output-dir",
        "D:/Assigment/2609/FYP/Project/AzureRender/build/ninja-msvc-release/visual-regression-legacy-skinning",
        "--summary",
        "D:/Assigment/2609/FYP/Project/AzureRender/build/ninja-msvc-release/visual-regression-legacy-skinning-summary.json"
      ],
      "config" : "Release",
      "name" : "AzureRender.VisualRegressionLegacySkinning",
      "properties" : 
      [
        {
          "name" : "LABELS",
          "value" : 
          [
            "gpu"
          ]
        },
        {
          "name" : "RUN_SERIAL",
          "value" : true
        },
        {
          "name" : "SKIP_RETURN_CODE",
          "value" : 2
        },
        {
          "name" : "TIMEOUT",
          "value" : 900.0
        },
        {
          "name" : "WORKING_DIRECTORY",
          "value" : "D:/Assigment/2609/FYP/Project/AzureRender/build/ninja-msvc-release"
        }
      ]
    },
    {
      "backtrace" : 289,
      "command" : 
      [
        "C:/Users/23587/AppData/Local/Programs/Python/Python311/python.exe",
        "D:/Assigment/2609/FYP/Project/AzureRender/tools/run_morph_compute_regression.py",
        "--executable",
        "D:/Assigment/2609/FYP/Project/AzureRender/build/ninja-msvc-release/AzureRender.exe",
        "--output-dir",
        "D:/Assigment/2609/FYP/Project/AzureRender/build/ninja-msvc-release/morph-compute-regression"
      ],
      "config" : "Release",
      "name" : "AzureRender.CharacterMorphComputeGpu",
      "properties" : 
      [
        {
          "name" : "LABELS",
          "value" : 
          [
            "gpu"
          ]
        },
        {
          "name" : "RUN_SERIAL",
          "value" : true
        },
        {
          "name" : "SKIP_RETURN_CODE",
          "value" : 2
        },
        {
          "name" : "TIMEOUT",
          "value" : 180.0
        },
        {
          "name" : "WORKING_DIRECTORY",
          "value" : "D:/Assigment/2609/FYP/Project/AzureRender/build/ninja-msvc-release"
        }
      ]
    },
    {
      "backtrace" : 291,
      "command" : 
      [
        "C:/Users/23587/AppData/Local/Programs/Python/Python311/python.exe",
        "D:/Assigment/2609/FYP/Project/AzureRender/tools/run_clustered_lighting_smoke.py",
        "--executable",
        "D:/Assigment/2609/FYP/Project/AzureRender/build/ninja-msvc-release/AzureRender.exe",
        "--output-dir",
        "D:/Assigment/2609/FYP/Project/AzureRender/build/ninja-msvc-release/clustered-lighting-smoke"
      ],
      "config" : "Release",
      "name" : "AzureRender.ClusteredLightingGpu",
      "properties" : 
      [
        {
          "name" : "LABELS",
          "value" : 
          [
            "gpu"
          ]
        },
        {
          "name" : "RUN_SERIAL",
          "value" : true
        },
        {
          "name" : "SKIP_RETURN_CODE",
          "value" : 2
        },
        {
          "name" : "TIMEOUT",
          "value" : 180.0
        },
        {
          "name" : "WORKING_DIRECTORY",
          "value" : "D:/Assigment/2609/FYP/Project/AzureRender/build/ninja-msvc-release"
        }
      ]
    },
    {
      "backtrace" : 293,
      "command" : 
      [
        "C:/Program Files/CMake/bin/cmake.exe",
        "-DBUILD_DIR=D:/Assigment/2609/FYP/Project/AzureRender/build/ninja-msvc-release/missing-release-gate-build",
        "-P",
        "D:/Assigment/2609/FYP/Project/AzureRender/tools/run_release_gate.cmake"
      ],
      "config" : "Release",
      "name" : "AzureRender.ReleaseGateMissingBuild",
      "properties" : 
      [
        {
          "name" : "WILL_FAIL",
          "value" : true
        },
        {
          "name" : "WORKING_DIRECTORY",
          "value" : "D:/Assigment/2609/FYP/Project/AzureRender/build/ninja-msvc-release"
        }
      ]
    },
    {
      "backtrace" : 295,
      "command" : 
      [
        "C:/Program Files/CMake/bin/cmake.exe",
        "-DSOURCE_DIR=D:/Assigment/2609/FYP/Project/AzureRender",
        "-P",
        "D:/Assigment/2609/FYP/Project/AzureRender/tools/test_install_manifest_roundtrip.cmake"
      ],
      "config" : "Release",
      "name" : "AzureRender.InstallManifestRoundTrip",
      "properties" : 
      [
        {
          "name" : "WORKING_DIRECTORY",
          "value" : "D:/Assigment/2609/FYP/Project/AzureRender/build/ninja-msvc-release"
        }
      ]
    }
  ],
  "version" : 
  {
    "major" : 1,
    "minor" : 0
  }
}