frame,renderPath,shadowMs,sceneMs,postProcessMs,frameMs
1,traditional,0.078336,1.076224,0.258048,1.412608
2,traditional,0.092160,1.082368,0.330752,1.505280
3,traditional,0.078016,1.089536,0.334848,1.502400
4,traditional,0.079264,1.258496,0.330752,1.668512
5,traditional,0.095168,1.071104,0.330752,1.497024
6,traditional,0.086304,1.070080,0.329728,1.486112
7,traditional,0.079200,0.335872,0.180224,0.595296
8,traditional,0.081120,0.331776,0.178176,0.591072
9,traditional,0.076832,0.351232,0.181248,0.609312
10,traditional,0.081248,0.364544,0.185344,0.631136
11,traditional,0.080512,0.349184,0.180224,0.609920
12,traditional,0.079872,0.337920,0.181248,0.599040
13,traditional,0.080512,0.329728,0.178176,0.588416
14,traditional,0.083456,0.351232,0.179200,0.613888
15,traditional,0.078496,0.329728,0.179200,0.587424
16,traditional,0.076640,0.331776,0.179200,0.587616
17,traditional,0.077280,0.330752,0.180224,0.588256
18,traditional,0.079136,0.339968,0.179200,0.598304
19,traditional,0.076448,0.329728,0.179200,0.585376
20,traditional,0.089952,0.335872,0.191488,0.617312
21,traditional,0.076832,0.359424,0.190464,0.626720
22,traditional,0.079680,0.352256,0.178176,0.610112
23,traditional,0.087584,0.334848,0.191488,0.613920
24,traditional,0.078240,0.339968,0.178176,0.596384
25,traditional,0.075904,0.349184,0.179200,0.604288
26,traditional,0.077152,0.337920,0.190464,0.605536
27,traditional,0.076576,0.350208,0.181248,0.608032
28,traditional,0.077088,0.346112,0.190464,0.613664
29,traditional,0.085728,0.364544,0.191488,0.641760
30,traditional,0.076768,0.333824,0.179200,0.589792
31,traditional,0.075488,0.337920,0.187392,0.600800
32,traditional,0.089216,0.328704,0.191488,0.609408
33,traditional,0.076224,0.356352,0.183296,0.615872
34,traditional,0.090400,0.340992,0.181248,0.612640
35,traditional,0.082976,0.353280,0.186368,0.622624
36,traditional,0.088224,0.342016,0.179200,0.609440
37,traditional,0.089472,0.344064,0.178176,0.611712
38,traditional,0.079712,0.343040,0.179200,0.601952
39,traditional,0.075840,0.334848,0.182272,0.592960
40,traditional,0.079712,0.358400,0.178176,0.616288
41,traditional,0.078784,0.353280,0.179200,0.611264
42,traditional,0.080960,0.350208,0.179200,0.610368
43,traditional,0.076384,0.333824,0.179200,0.589408
44,traditional,0.077312,0.340992,0.181248,0.599552
45,traditional,0.089984,0.327680,0.190464,0.608128
46,traditional,0.087456,0.366592,0.179200,0.633248
47,traditional,0.076576,0.328704,0.179200,0.584480
48,traditional,0.080128,0.327680,0.191488,0.599296
49,traditional,0.075968,0.356352,0.191488,0.623808
50,traditional,0.077824,0.346112,0.178176,0.602112
51,traditional,0.078656,0.342016,0.178176,0.598848
52,traditional,0.078560,0.342016,0.189440,0.610016
53,traditional,0.079680,0.334848,0.178176,0.592704
54,traditional,0.080800,0.332800,0.178176,0.591776
55,traditional,0.088064,0.354304,0.194560,0.636928
56,traditional,0.077696,0.346112,0.190464,0.614272
57,traditional,0.086560,0.327680,0.186368,0.600608
58,traditional,0.078400,0.335872,0.178176,0.592448
59,traditional,0.088224,0.334848,0.179200,0.602272
60,traditional,0.090464,0.603136,0.184320,0.877920
61,traditional,0.080608,0.348160,0.183296,0.612064
62,traditional,0.094784,0.349184,0.214016,0.657984
63,traditional,0.075744,0.348160,0.190464,0.614368
64,traditional,0.078272,0.348160,0.202752,0.629184
65,traditional,0.076736,0.338944,0.182272,0.597952
66,traditional,0.079808,0.327680,0.179200,0.586688
67,traditional,0.086240,0.333824,0.181248,0.601312
68,traditional,0.086016,0.338944,0.178176,0.603136
69,traditional,0.076928,0.332800,0.182272,0.592000
70,traditional,0.088256,0.342016,0.178176,0.608448
71,traditional,0.079456,0.326656,0.179200,0.585312
72,traditional,0.090048,0.349184,0.190464,0.629696
73,traditional,0.075520,0.349184,0.181248,0.605952
74,traditional,0.076864,0.345088,0.179200,0.601152
75,traditional,0.076800,0.344064,0.191488,0.612352
76,traditional,0.077312,0.347136,0.190464,0.614912
77,traditional,0.080224,0.352256,0.190464,0.622944
78,traditional,0.088608,0.332800,0.178176,0.599584
79,traditional,0.078240,0.331776,0.178176,0.588192
80,traditional,0.076736,0.346112,0.183296,0.606144
81,traditional,0.078912,0.332800,0.187392,0.599104
82,traditional,0.077504,0.355328,0.178176,0.611008
83,traditional,0.080480,0.335872,0.191488,0.607840
84,traditional,0.078336,0.327680,0.182272,0.588288
85,traditional,0.081024,0.328704,0.186368,0.596096
86,traditional,0.078848,0.334848,0.179200,0.592896
87,traditional,0.083776,0.339968,0.179200,0.602944
88,traditional,0.071008,0.305152,0.161792,0.537952
89,traditional,0.072352,0.323584,0.161792,0.557728
90,traditional,0.071392,0.308224,0.196608,0.576224
91,traditional,0.077536,0.296960,0.174080,0.548576
92,traditional,0.073728,0.304128,0.161792,0.539648
93,traditional,0.069152,0.315392,0.174080,0.558624
94,traditional,0.083808,0.305152,0.161792,0.550752
95,traditional,0.083264,0.316416,0.161792,0.561472
96,traditional,0.084096,0.307200,0.161792,0.553088
97,traditional,0.071072,0.307200,0.164864,0.543136
98,traditional,0.071296,0.295936,0.163840,0.531072
99,traditional,0.071616,0.294912,0.161792,0.528320
100,traditional,0.071904,0.300032,0.162816,0.534752
101,traditional,0.091616,0.325632,0.160768,0.578016
102,traditional,0.073344,0.323584,0.161792,0.558720
103,traditional,0.068352,0.303104,0.161792,0.533248
104,traditional,0.071616,0.304128,0.161792,0.537536
105,traditional,0.074272,0.314368,0.168960,0.557600
106,traditional,0.075296,0.307200,0.161792,0.544288
107,traditional,0.070432,0.304128,0.169984,0.544544
108,traditional,0.075808,0.315392,0.174080,0.565280
109,traditional,0.069824,0.311296,0.174080,0.555200
110,traditional,0.071936,0.310272,0.173056,0.555264
111,traditional,0.082080,0.311296,0.173056,0.566432
112,traditional,0.073664,0.292864,0.165888,0.532416
113,traditional,0.069248,0.294912,0.174080,0.538240
114,traditional,0.085056,0.304128,0.165888,0.555072
115,traditional,0.070688,0.295936,0.173056,0.539680
116,traditional,0.071488,0.306176,0.161792,0.539456
117,traditional,0.069984,0.302080,0.161792,0.533856
118,traditional,0.069632,0.304128,0.174080,0.547840
119,traditional,0.069408,0.305152,0.161792,0.536352
120,traditional,0.072704,0.292864,0.161792,0.527360
121,traditional,0.082560,0.299008,0.165888,0.547456
122,traditional,0.071520,0.296960,0.173056,0.541536
123,traditional,0.077408,0.306176,0.161792,0.545376
124,traditional,0.070240,0.310272,0.161792,0.542304
125,traditional,0.069536,0.302080,0.161792,0.533408
126,traditional,0.069600,0.295936,0.161792,0.527328
127,traditional,0.082304,0.307200,0.166912,0.556416
128,traditional,0.073152,0.297984,0.161792,0.532928
129,traditional,0.071744,0.297984,0.161792,0.531520
130,traditional,0.069664,0.300032,0.161792,0.531488
131,traditional,0.070336,0.292864,0.165888,0.529088
132,traditional,0.077024,0.303104,0.163840,0.543968
133,traditional,0.069536,0.308224,0.173056,0.550816
134,traditional,0.071648,0.294912,0.160768,0.527328
135,traditional,0.074688,0.294912,0.162816,0.532416
136,traditional,0.071808,0.314368,0.164864,0.551040
137,traditional,0.070848,0.297984,0.161792,0.530624
138,traditional,0.082112,0.300032,0.161792,0.543936
139,traditional,0.074528,0.293888,0.167936,0.536352
140,traditional,0.071744,0.311296,0.164864,0.547904
141,traditional,0.074688,0.293888,0.164864,0.533440
142,traditional,0.071424,0.303104,0.164864,0.539392
143,traditional,0.069152,0.296960,0.160768,0.526880
144,traditional,0.074880,0.317440,0.161792,0.554112
145,traditional,0.081248,0.299008,0.164864,0.545120
146,traditional,0.071072,0.316416,0.177152,0.564640
147,traditional,0.071104,0.308224,0.161792,0.541120
148,traditional,0.072128,0.305152,0.161792,0.539072
149,traditional,0.070176,0.293888,0.161792,0.525856
150,traditional,0.082336,0.297984,0.161792,0.542112
151,traditional,0.070336,0.311296,0.161792,0.543424
152,traditional,0.070944,0.295936,0.162816,0.529696
153,traditional,0.073088,0.310272,0.161792,0.545152
154,traditional,0.074400,0.305152,0.160768,0.540320
155,traditional,0.068800,0.299008,0.163840,0.531648
156,traditional,0.097376,0.302080,0.173056,0.572512
157,traditional,0.070816,0.293888,0.172032,0.536736
158,traditional,0.070272,0.295936,0.160768,0.526976
159,traditional,0.069856,0.311296,0.161792,0.542944
160,traditional,0.070944,0.300032,0.163840,0.534816
161,traditional,0.073536,0.325632,0.161792,0.560960
162,traditional,0.071328,0.308224,0.161792,0.541344
163,traditional,0.069824,0.299008,0.186368,0.555200
164,traditional,0.073984,0.321536,0.166912,0.562432
165,traditional,0.073408,0.294912,0.164864,0.533184
166,traditional,0.074336,0.294912,0.161792,0.531040
167,traditional,0.070432,0.301056,0.167936,0.539424
168,traditional,0.072768,0.292864,0.161792,0.527424
169,traditional,0.069760,0.305152,0.161792,0.536704
170,traditional,0.074848,0.293888,0.161792,0.530528
171,traditional,0.069504,0.293888,0.168960,0.532352
172,traditional,0.071616,0.295936,0.164864,0.532416
173,traditional,0.069184,0.317440,0.161792,0.548416
174,traditional,0.080960,0.299008,0.172032,0.552000
175,traditional,0.072640,0.319488,0.177152,0.569280
176,traditional,0.081184,0.295936,0.172032,0.549152
177,traditional,0.080512,0.310272,0.161792,0.552576
178,traditional,0.082400,0.300032,0.161792,0.544224
179,traditional,0.070848,0.306176,0.164864,0.541888
180,traditional,0.074848,0.293888,0.160768,0.529504
181,traditional,0.068896,0.295936,0.160768,0.525600
182,traditional,0.069408,0.328704,0.161792,0.559904
183,traditional,0.073376,0.297984,0.174080,0.545440
184,traditional,0.071936,0.302080,0.161792,0.535808
185,traditional,0.071360,0.309248,0.161792,0.542400
186,traditional,0.071392,0.299008,0.164864,0.535264
187,traditional,0.073504,0.306176,0.161792,0.541472
188,traditional,0.084960,0.295936,0.161792,0.542688
189,traditional,0.073408,0.302080,0.165888,0.541376
190,traditional,0.070240,0.320512,0.163840,0.554592
191,traditional,0.073216,0.302080,0.164864,0.540160
192,traditional,0.071712,0.291840,0.161792,0.525344
193,traditional,0.070304,0.297984,0.163840,0.532128
194,traditional,0.071488,0.306176,0.160768,0.538432
195,traditional,0.071584,0.304128,0.161792,0.537504
196,traditional,0.071712,0.311296,0.160768,0.543776
197,traditional,0.069376,0.317440,0.164864,0.551680
198,traditional,0.085920,0.334848,0.164864,0.585632
199,traditional,0.069856,0.331776,0.161792,0.563424
200,traditional,0.069952,0.299008,0.165888,0.534848
201,traditional,0.071712,0.295936,0.161792,0.529440
202,traditional,0.072544,0.309248,0.161792,0.543584
203,traditional,0.070432,0.302080,0.161792,0.534304
204,traditional,0.084768,0.300032,0.177152,0.561952
205,traditional,0.083104,0.294912,0.161792,0.539808
206,traditional,0.082144,0.297984,0.173056,0.553184
207,traditional,0.073472,0.305152,0.161792,0.540416
208,traditional,0.076576,0.295936,0.160768,0.533280
209,traditional,0.072192,0.310272,0.161792,0.544256
210,traditional,0.074400,0.293888,0.160768,0.529056
211,traditional,0.069984,0.307200,0.162816,0.540000
212,traditional,0.071648,0.315392,0.161792,0.548832
213,traditional,0.071232,0.316416,0.161792,0.549440
214,traditional,0.071616,0.311296,0.160768,0.543680
215,traditional,0.072352,0.306176,0.161792,0.540320
216,traditional,0.071040,0.294912,0.162816,0.528768
217,traditional,0.072512,0.320512,0.164864,0.557888
218,traditional,0.070688,0.313344,0.164864,0.548896
219,traditional,0.070016,0.301056,0.161792,0.532864
220,traditional,0.070592,0.303104,0.161792,0.535488
221,traditional,0.087712,0.300032,0.174080,0.561824
222,traditional,0.069760,0.313344,0.175104,0.558208
223,traditional,0.071552,0.299008,0.161792,0.532352
224,traditional,0.072576,0.293888,0.164864,0.531328
225,traditional,0.070144,0.295936,0.165888,0.531968
226,traditional,0.084032,0.304128,0.160768,0.548928
227,traditional,0.073184,0.296960,0.164864,0.535008
228,traditional,0.073792,0.303104,0.169984,0.546880
229,traditional,0.075232,0.304128,0.161792,0.541152
230,traditional,0.072224,0.297984,0.164864,0.535072
231,traditional,0.069280,0.303104,0.161792,0.534176
232,traditional,0.073856,0.297984,0.161792,0.533632
233,traditional,0.070304,0.303104,0.162816,0.536224
234,traditional,0.070880,0.305152,0.166912,0.542944
235,traditional,0.070592,0.311296,0.161792,0.543680
236,traditional,0.072064,0.303104,0.161792,0.536960
237,traditional,0.075680,0.294912,0.164864,0.535456
238,traditional,0.072416,0.313344,0.160768,0.546528
239,traditional,0.069440,0.305152,0.164864,0.539456
240,traditional,0.074048,0.311296,0.161792,0.547136
241,traditional,0.072704,0.297984,0.161792,0.532480
242,traditional,0.071008,0.313344,0.165888,0.550240
243,traditional,0.070752,0.313344,0.164864,0.548960
244,traditional,0.071328,0.300032,0.161792,0.533152
245,traditional,0.075360,0.301056,0.164864,0.541280
246,traditional,0.070112,0.297984,0.161792,0.529888
247,traditional,0.073024,0.294912,0.160768,0.528704
248,traditional,0.084288,0.304128,0.161792,0.550208
249,traditional,0.072352,0.302080,0.161792,0.536224
250,traditional,0.074080,0.303104,0.160768,0.537952
251,traditional,0.070752,0.299008,0.161792,0.531552
252,traditional,0.072160,0.302080,0.160768,0.535008
253,traditional,0.074720,0.294912,0.161792,0.531424
254,traditional,0.069440,0.293888,0.160768,0.524096
255,traditional,0.069088,0.310272,0.161792,0.541152
256,traditional,0.071360,0.292864,0.161792,0.526016
257,traditional,0.068864,0.311296,0.163840,0.544000
258,traditional,0.075808,0.294912,0.174080,0.544800
259,traditional,0.074304,0.293888,0.164864,0.533056
260,traditional,0.072096,0.305152,0.161792,0.539040
261,traditional,0.070816,0.293888,0.172032,0.536736
262,traditional,0.070784,0.312320,0.161792,0.544896
263,traditional,0.069824,0.302080,0.161792,0.533696
264,traditional,0.070816,0.317440,0.161792,0.550048
265,traditional,0.070432,0.334848,0.161792,0.567072
266,traditional,0.070688,0.324608,0.164864,0.560160
267,traditional,0.069600,0.307200,0.161792,0.538592
268,traditional,0.075360,0.303104,0.165888,0.544352
269,traditional,0.070048,0.302080,0.161792,0.533920
270,traditional,0.069920,0.294912,0.167936,0.532768
271,traditional,0.082784,0.317440,0.171008,0.571232
272,traditional,0.075360,0.301056,0.167936,0.544352
273,traditional,0.068928,0.308224,0.164864,0.542016
274,traditional,0.078624,0.300032,0.161792,0.540448
275,traditional,0.072576,0.292864,0.161792,0.527232
276,traditional,0.074336,0.294912,0.161792,0.531040
277,traditional,0.073472,0.294912,0.173056,0.541440
278,traditional,0.069824,0.300032,0.160768,0.530624
279,traditional,0.081568,0.318464,0.173056,0.573088
280,traditional,0.071008,0.294912,0.164864,0.530784
281,traditional,0.071168,0.293888,0.161792,0.526848
282,traditional,0.069856,0.314368,0.161792,0.546016
283,traditional,0.070944,0.296960,0.161792,0.529696
284,traditional,0.076704,0.303104,0.164864,0.544672
285,traditional,0.080672,0.330752,0.161792,0.573216
286,traditional,0.069408,0.304128,0.160768,0.534304
287,traditional,0.070624,0.304128,0.161792,0.536544
288,traditional,0.075200,0.299008,0.164864,0.539072
289,traditional,0.069536,0.295936,0.177152,0.542624
290,traditional,0.073216,0.316416,0.161792,0.551424
291,traditional,0.070112,0.292864,0.161792,0.524768
292,traditional,0.070752,0.304128,0.164864,0.539744
293,traditional,0.070272,0.315392,0.161792,0.547456
294,traditional,0.081344,0.307200,0.161792,0.550336
295,traditional,0.069728,0.306176,0.160768,0.536672
296,traditional,0.071584,0.320512,0.343040,0.735136
297,traditional,0.073312,0.293888,0.161792,0.528992
298,traditional,0.084576,0.292864,0.186368,0.563808
299,traditional,0.068832,0.304128,0.161792,0.534752
300,traditional,0.082016,0.297984,0.174080,0.554080
301,traditional,0.084032,0.311296,0.161792,0.557120
302,traditional,0.075680,0.313344,0.178176,0.567200
303,traditional,0.070496,0.293888,0.161792,0.526176
304,traditional,0.070464,0.293888,0.164864,0.529216
305,traditional,0.069952,0.302080,0.161792,0.533824
306,traditional,0.070112,0.306176,0.161792,0.538080
307,traditional,0.070912,0.313344,0.164864,0.549120
308,traditional,0.070368,0.315392,0.161792,0.547552
309,traditional,0.070784,0.309248,0.174080,0.554112
310,traditional,0.081568,0.339968,0.161792,0.583328
311,traditional,0.081888,0.319488,0.161792,0.563168
312,traditional,0.070784,0.300032,0.161792,0.532608
313,traditional,0.068928,0.308224,0.161792,0.538944
314,traditional,0.070880,0.318464,0.161792,0.551136
315,traditional,0.069536,0.332800,0.161792,0.564128
316,traditional,0.081216,0.318464,0.187392,0.587072
317,traditional,0.080672,0.301056,0.164864,0.546592
318,traditional,0.070656,0.304128,0.172032,0.546816
319,traditional,0.082752,0.301056,0.164864,0.548672
320,traditional,0.073696,0.315392,0.161792,0.550880
321,traditional,0.070080,0.297984,0.161792,0.529856
322,traditional,0.076544,0.322560,0.184320,0.583424
323,traditional,0.070336,0.321536,0.173056,0.564928
324,traditional,0.082432,0.311296,0.164864,0.558592
325,traditional,0.082880,0.307200,0.164864,0.554944
326,traditional,0.070752,0.307200,0.164864,0.542816
327,traditional,0.081632,0.331776,0.161792,0.575200
328,traditional,0.070880,0.304128,0.167936,0.542944
329,traditional,0.074592,0.318464,0.161792,0.554848
330,traditional,0.070688,0.303104,0.174080,0.547872
331,traditional,0.071456,0.316416,0.171008,0.558880
332,traditional,0.082752,0.302080,0.161792,0.546624
333,traditional,0.072640,0.314368,0.162816,0.549824
334,traditional,0.096640,0.335872,0.161792,0.594304
335,traditional,0.081376,0.312320,0.174080,0.567776
336,traditional,0.070240,0.294912,0.178176,0.543328
337,traditional,0.070368,0.301056,0.161792,0.533216
338,traditional,0.070816,0.308224,0.161792,0.540832
339,traditional,0.081920,0.295936,0.161792,0.539648
340,traditional,0.069248,0.294912,0.160768,0.524928
341,traditional,0.073280,0.304128,0.164864,0.542272
342,traditional,0.074208,0.304128,0.162816,0.541152
343,traditional,0.081536,0.316416,0.165888,0.563840
344,traditional,0.075904,0.304128,0.174080,0.554112
345,traditional,0.076800,0.303104,0.343040,0.722944
346,traditional,0.075808,0.302080,0.160768,0.538656
347,traditional,0.072096,0.310272,0.161792,0.544160
348,traditional,0.082912,0.308224,0.162816,0.553952
349,traditional,0.070880,0.315392,0.165888,0.552160
350,traditional,0.070624,0.311296,0.168960,0.550880
351,traditional,0.076608,0.291840,0.181248,0.549696
352,traditional,0.080736,0.334848,0.161792,0.577376
353,traditional,0.079872,0.312320,0.174080,0.566272
354,traditional,0.084320,0.301056,0.185344,0.570720
355,traditional,0.082432,0.312320,0.163840,0.558592
356,traditional,0.072448,0.297984,0.160768,0.531200
357,traditional,0.076192,0.309248,0.161792,0.547232
358,traditional,0.073376,0.296960,0.161792,0.532128
359,traditional,0.069920,0.299008,0.161792,0.530720
360,traditional,0.074592,0.320512,0.161792,0.556896
361,traditional,0.069888,0.300032,0.160768,0.530688
362,traditional,0.071008,0.307200,0.185344,0.563552
363,traditional,0.080992,0.304128,0.173056,0.558176
364,traditional,0.083616,0.312320,0.161792,0.557728
365,traditional,0.069536,0.307200,0.161792,0.538528
366,traditional,0.080672,0.332800,0.161792,0.575264
367,traditional,0.071712,0.304128,0.173056,0.548896
368,traditional,0.074944,0.304128,0.164864,0.543936
369,traditional,0.073632,0.316416,0.161792,0.551840
370,traditional,0.071200,0.307200,0.160768,0.539168
371,traditional,0.082048,0.315392,0.160768,0.558208
372,traditional,0.074528,0.307200,0.160768,0.542496
373,traditional,0.083072,0.295936,0.161792,0.540800
374,traditional,0.069888,0.295936,0.162816,0.528640
375,traditional,0.071712,0.292864,0.164864,0.529440
376,traditional,0.071840,0.326656,0.163840,0.562336
377,traditional,0.070976,0.293888,0.160768,0.525632
378,traditional,0.070656,0.320512,0.173056,0.564224
379,traditional,0.083296,0.301056,0.161792,0.546144
380,traditional,0.082976,0.302080,0.160768,0.545824
381,traditional,0.072032,0.300032,0.160768,0.532832
382,traditional,0.075200,0.302080,0.160768,0.538048
383,traditional,0.079904,0.291840,0.164864,0.536608
384,traditional,0.074912,0.292864,0.165888,0.533664
385,traditional,0.072992,0.306176,0.161792,0.540960
386,traditional,0.070688,0.302080,0.160768,0.533536
387,traditional,0.080544,0.300032,0.174080,0.554656
388,traditional,0.069856,0.323584,0.160768,0.554208
389,traditional,0.070880,0.302080,0.161792,0.534752
390,traditional,0.073024,0.318464,0.161792,0.553280
391,traditional,0.068448,0.321536,0.161792,0.551776
392,traditional,0.070944,0.320512,0.161792,0.553248
393,traditional,0.085536,0.297984,0.164864,0.548384
394,traditional,0.081408,0.296960,0.163840,0.542208
395,traditional,0.075424,0.309248,0.161792,0.546464
396,traditional,0.081216,0.294912,0.166912,0.543040
397,traditional,0.070304,0.314368,0.160768,0.545440
398,traditional,0.069472,0.307200,0.171008,0.547680
399,traditional,0.076192,0.305152,0.181248,0.562592
400,traditional,0.075104,0.312320,0.164864,0.552288
401,traditional,0.070144,0.295936,0.161792,0.527872
402,traditional,0.076032,0.308224,0.161792,0.546048
403,traditional,0.073984,0.300032,0.161792,0.535808
404,traditional,0.073056,0.292864,0.157696,0.523616
405,traditional,0.070944,0.294912,0.160768,0.526624
406,traditional,0.082848,0.310272,0.160768,0.553888
407,traditional,0.070560,0.295936,0.160768,0.527264
408,traditional,0.070784,0.317440,0.164864,0.553088
409,traditional,0.071104,0.314368,0.186368,0.571840
410,traditional,0.072640,0.326656,0.161792,0.561088
411,traditional,0.069504,0.310272,0.161792,0.541568
412,traditional,0.083328,0.313344,0.160768,0.557440
413,traditional,0.073984,0.295936,0.163840,0.533760
414,traditional,0.070592,0.297984,0.163840,0.532416
415,traditional,0.071264,0.295936,0.161792,0.528992
416,traditional,0.070624,0.302080,0.368640,0.741344
417,traditional,0.070112,0.317440,0.161792,0.549344
418,traditional,0.094688,0.303104,0.162816,0.560608
419,traditional,0.073792,0.306176,0.161792,0.541760
420,traditional,0.083040,0.317440,0.163840,0.564320
421,traditional,0.070016,0.305152,0.186368,0.561536
422,traditional,0.069984,0.293888,0.160768,0.524640
423,traditional,0.082560,0.323584,0.173056,0.579200
424,traditional,0.075168,0.316416,0.161792,0.553376
425,traditional,0.069920,0.299008,0.161792,0.530720
426,traditional,0.073120,0.296960,0.165888,0.535968
427,traditional,0.073312,0.304128,0.174080,0.551520
428,traditional,0.072192,0.311296,0.161792,0.545280
429,traditional,0.082208,0.296960,0.175104,0.554272
430,traditional,0.083264,0.293888,0.165888,0.543040
431,traditional,0.081856,0.304128,0.169984,0.555968
432,traditional,0.083712,0.319488,0.171008,0.574208
433,traditional,0.069920,0.306176,0.174080,0.550176
434,traditional,0.070080,0.304128,0.165888,0.540096
435,traditional,0.082432,0.294912,0.181248,0.558592
436,traditional,0.072416,0.301056,0.161792,0.535264
437,traditional,0.069920,0.321536,0.167936,0.559392
438,traditional,0.080896,0.334848,0.166912,0.582656
439,traditional,0.072960,0.295936,0.173056,0.541952
440,traditional,0.077536,0.314368,0.169984,0.561888
441,traditional,0.082528,0.310272,0.165888,0.558688
442,traditional,0.070880,0.327680,0.161792,0.560352
443,traditional,0.072096,0.308224,0.161792,0.542112
444,traditional,0.095072,0.316416,0.161792,0.573280
445,traditional,0.071424,0.302080,0.174080,0.547584
446,traditional,0.072384,0.295936,0.169984,0.538304
447,traditional,0.082464,0.295936,0.161792,0.540192
448,traditional,0.078560,0.312320,0.168960,0.559840
449,traditional,0.074816,0.300032,0.164864,0.539712
450,traditional,0.070496,0.305152,0.162816,0.538464
451,traditional,0.083328,0.309248,0.161792,0.554368
452,traditional,0.073408,0.294912,0.164864,0.533184
453,traditional,0.070272,0.295936,0.161792,0.528000
454,traditional,0.096448,0.294912,0.161792,0.553152
455,traditional,0.070176,0.302080,0.161792,0.534048
456,traditional,0.071264,0.313344,0.165888,0.550496
457,traditional,0.070432,0.292864,0.174080,0.537376
458,traditional,0.074592,0.292864,0.161792,0.529248
459,traditional,0.074464,0.323584,0.161792,0.559840
460,traditional,0.071104,0.303104,0.161792,0.536000
461,traditional,0.070400,0.292864,0.161792,0.525056
462,traditional,0.070880,0.292864,0.164864,0.528608
463,traditional,0.071968,0.297984,0.161792,0.531744
464,traditional,0.077408,0.296960,0.166912,0.541280
465,traditional,0.074496,0.291840,0.164864,0.531200
466,traditional,0.071232,0.308224,0.160768,0.540224
467,traditional,0.069408,0.304128,0.161792,0.535328
468,traditional,0.073824,0.297984,0.162816,0.534624
469,traditional,0.074400,0.295936,0.161792,0.532128
470,traditional,0.069920,0.292864,0.161792,0.524576
471,traditional,0.071648,0.301056,0.161792,0.534496
472,traditional,0.075584,0.313344,0.166912,0.555840
473,traditional,0.082240,0.304128,0.164864,0.551232
474,traditional,0.083712,0.312320,0.161792,0.557824
475,traditional,0.076960,0.292864,0.161792,0.531616
476,traditional,0.072320,0.307200,0.161792,0.541312
477,traditional,0.082688,0.303104,0.161792,0.547584
478,traditional,0.070624,0.294912,0.186368,0.551904
479,traditional,0.071040,0.293888,0.161792,0.526720
480,traditional,0.076256,0.302080,0.161792,0.540128
481,traditional,0.071904,0.307200,0.164864,0.543968
482,traditional,0.071808,0.308224,0.161792,0.541824
483,traditional,0.075008,0.321536,0.180224,0.576768
484,traditional,0.071552,0.314368,0.164864,0.550784
485,traditional,0.073664,0.321536,0.174080,0.569280
486,traditional,0.074528,0.310272,0.160768,0.545568
487,traditional,0.094048,0.309248,0.161792,0.565088
488,traditional,0.075296,0.303104,0.160768,0.539168
489,traditional,0.074080,0.302080,0.161792,0.537952
490,traditional,0.074688,0.314368,0.161792,0.550848
491,traditional,0.071296,0.293888,0.161792,0.526976
492,traditional,0.071648,0.315392,0.161792,0.548832
493,traditional,0.096736,0.296960,0.175104,0.568800
494,traditional,0.072160,0.292864,0.161792,0.526816
495,traditional,0.070656,0.346112,0.165888,0.582656
496,traditional,0.082400,0.295936,0.160768,0.539104
497,traditional,0.071296,0.306176,0.174080,0.551552
498,traditional,0.084192,0.291840,0.169984,0.546016
499,traditional,0.070240,0.293888,0.160768,0.524896
500,traditional,0.071488,0.306176,0.164864,0.542528
501,traditional,0.071264,0.305152,0.161792,0.538208
502,traditional,0.078400,0.303104,0.161792,0.543296
503,traditional,0.069824,0.296960,0.162816,0.529600
504,traditional,0.072416,0.296960,0.165888,0.535264
505,traditional,0.078304,0.299008,0.161792,0.539104
506,traditional,0.071744,0.313344,0.161792,0.546880
507,traditional,0.073568,0.297984,0.165888,0.537440
508,traditional,0.073632,0.293888,0.161792,0.529312
509,traditional,0.070400,0.299008,0.164864,0.534272
510,traditional,0.082752,0.306176,0.161792,0.550720
511,traditional,0.070688,0.309248,0.162816,0.542752
512,traditional,0.075872,0.292864,0.162816,0.531552
513,traditional,0.070496,0.294912,0.162816,0.528224
514,traditional,0.072000,0.317440,0.164864,0.554304
515,traditional,0.070464,0.312320,0.162816,0.545600
516,traditional,0.072352,0.339968,0.172032,0.584352
517,traditional,0.073984,0.305152,0.161792,0.540928
518,traditional,0.082880,0.315392,0.162816,0.561088
519,traditional,0.078368,0.297984,0.161792,0.538144
520,traditional,0.072384,0.307200,0.163840,0.543424
521,traditional,0.071264,0.324608,0.175104,0.570976
522,traditional,0.083552,0.313344,0.175104,0.572000
523,traditional,0.070304,0.301056,0.173056,0.544416
524,traditional,0.072416,0.293888,0.175104,0.541408
525,traditional,0.080544,0.314368,0.162816,0.557728
526,traditional,0.081408,0.314368,0.172032,0.567808
527,traditional,0.077184,0.324608,0.460800,0.862592
528,traditional,0.076672,0.305152,0.163840,0.545664
529,traditional,0.083904,0.293888,0.162816,0.540608
530,traditional,0.075392,0.316416,0.162816,0.554624
531,traditional,0.073504,0.299008,0.165888,0.538400
532,traditional,0.072224,0.292864,0.161792,0.526880
533,traditional,0.069216,0.301056,0.161792,0.532064
534,traditional,0.069760,0.293888,0.162816,0.526464
535,traditional,0.070944,0.297984,0.160768,0.529696
536,traditional,0.072000,0.302080,0.161792,0.535872
537,traditional,0.070848,0.310272,0.162816,0.543936
538,traditional,0.072224,0.294912,0.161792,0.528928
539,traditional,0.082752,0.323584,0.165888,0.572224
540,traditional,0.074912,0.295936,0.161792,0.532640
541,traditional,0.069792,0.296960,0.162816,0.529568
542,traditional,0.070816,0.306176,0.163840,0.540832
543,traditional,0.070880,0.295936,0.162816,0.529632
544,traditional,0.085056,0.327680,0.161792,0.574528
545,traditional,0.083520,0.293888,0.169984,0.547392
546,traditional,0.074656,0.292864,0.165888,0.533408
547,traditional,0.069792,0.299008,0.166912,0.535712
548,traditional,0.071456,0.293888,0.161792,0.527136
549,traditional,0.074752,0.318464,0.161792,0.555008
550,traditional,0.070816,0.309248,0.168960,0.549024
551,traditional,0.071424,0.304128,0.175104,0.550656
552,traditional,0.071200,0.300032,0.162816,0.534048
553,traditional,0.082528,0.309248,0.164864,0.556640
554,traditional,0.071360,0.296960,0.162816,0.531136
555,traditional,0.073088,0.292864,0.179200,0.545152
556,traditional,0.071520,0.292864,0.161792,0.526176
557,traditional,0.070688,0.305152,0.165888,0.541728
558,traditional,0.072672,0.302080,0.161792,0.536544
559,traditional,0.082912,0.295936,0.164864,0.543712
560,traditional,0.071744,0.303104,0.167936,0.542784
561,traditional,0.069728,0.311296,0.185344,0.566368
562,traditional,0.073376,0.317440,0.162816,0.553632
563,traditional,0.071360,0.308224,0.165888,0.545472
564,traditional,0.073248,0.296960,0.161792,0.532000
565,traditional,0.074400,0.309248,0.164864,0.548512
566,traditional,0.070368,0.309248,0.161792,0.541408
567,traditional,0.074368,0.303104,0.164864,0.542336
568,traditional,0.074880,0.318464,0.161792,0.555136
569,traditional,0.082752,0.306176,0.187392,0.576320
570,traditional,0.096896,0.319488,0.165888,0.582272
571,traditional,0.073056,0.305152,0.161792,0.540000
572,traditional,0.070624,0.312320,0.165888,0.548832
573,traditional,0.070912,0.315392,0.175104,0.561408
574,traditional,0.070176,0.315392,0.166912,0.552480
575,traditional,0.074016,0.304128,0.165888,0.544032
576,traditional,0.073184,0.299008,0.168960,0.541152
577,traditional,0.070496,0.301056,0.162816,0.534368
578,traditional,0.076416,0.327680,0.164864,0.568960
579,traditional,0.072960,0.303104,0.162816,0.538880
580,traditional,0.071264,0.303104,0.161792,0.536160
581,traditional,0.072288,0.294912,0.187392,0.554592
582,traditional,0.070304,0.334848,0.162816,0.567968
583,traditional,0.069440,0.301056,0.162816,0.533312
584,traditional,0.071840,0.306176,0.165888,0.543904
585,traditional,0.069696,0.306176,0.162816,0.538688
586,traditional,0.074528,0.295936,0.161792,0.532256
587,traditional,0.073792,0.296960,0.161792,0.532544
588,traditional,0.075680,0.339968,0.164864,0.580512
589,traditional,0.073856,0.319488,0.167936,0.561280
590,traditional,0.069952,0.307200,0.175104,0.552256
591,traditional,0.069952,0.310272,0.165888,0.546112
592,traditional,0.071616,0.321536,0.161792,0.554944
593,traditional,0.073504,0.306176,0.174080,0.553760
594,traditional,0.071872,0.323584,0.162816,0.558272
595,traditional,0.073056,0.329728,0.162816,0.565600
596,traditional,0.071520,0.303104,0.173056,0.547680
597,traditional,0.070400,0.305152,0.162816,0.538368
598,traditional,0.072416,0.304128,0.165888,0.542432
599,traditional,0.071776,0.303104,0.174080,0.548960
600,traditional,0.075456,0.307200,0.186368,0.569024
601,traditional,0.073376,0.322560,0.165888,0.561824
602,traditional,0.074080,0.302080,0.166912,0.543072
603,traditional,0.069984,0.295936,0.164864,0.530784
604,traditional,0.076256,0.303104,0.174080,0.553440
605,traditional,0.070720,0.302080,0.161792,0.534592
606,traditional,0.075264,0.307200,0.162816,0.545280
607,traditional,0.071200,0.315392,0.161792,0.548384
608,traditional,0.083648,0.320512,0.161792,0.565952
609,traditional,0.081344,0.311296,0.162816,0.555456
610,traditional,0.072800,0.297984,0.161792,0.532576
611,traditional,0.068992,0.307200,0.162816,0.539008
612,traditional,0.071072,0.329728,0.162816,0.563616
613,traditional,0.070816,0.299008,0.160768,0.530592
614,traditional,0.081632,0.306176,0.174080,0.561888
615,traditional,0.070080,0.325632,0.161792,0.557504
616,traditional,0.083744,0.292864,0.162816,0.539424
617,traditional,0.069888,0.307200,0.161792,0.538880
618,traditional,0.070624,0.302080,0.161792,0.534496
619,traditional,0.072960,0.317440,0.161792,0.552192
620,traditional,0.076032,0.307200,0.161792,0.545024
621,traditional,0.072576,0.295936,0.161792,0.530304
622,traditional,0.082720,0.308224,0.161792,0.552736
623,traditional,0.071680,0.305152,0.161792,0.538624
624,traditional,0.072256,0.304128,0.161792,0.538176
625,traditional,0.073568,0.303104,0.164864,0.541536
626,traditional,0.072000,0.306176,0.164864,0.543040
627,traditional,0.082048,0.305152,0.161792,0.548992
628,traditional,0.083616,0.302080,0.165888,0.551584
629,traditional,0.072576,0.308224,0.176128,0.556928
630,traditional,0.073504,0.297984,0.161792,0.533280
631,traditional,0.069952,0.314368,0.161792,0.546112
632,traditional,0.083648,0.310272,0.161792,0.555712
633,traditional,0.074496,0.311296,0.169984,0.555776
634,traditional,0.082272,0.322560,0.186368,0.591200
635,traditional,0.072960,0.294912,0.162816,0.530688
636,traditional,0.071008,0.310272,0.164864,0.546144
637,traditional,0.071200,0.307200,0.161792,0.540192
638,traditional,0.071776,0.309248,0.161792,0.542816
639,traditional,0.070208,0.299008,0.161792,0.531008
640,traditional,0.083680,0.296960,0.160768,0.541408
641,traditional,0.069184,0.306176,0.164864,0.540224
642,traditional,0.076320,0.320512,0.161792,0.558624
643,traditional,0.071040,0.301056,0.161792,0.533888
644,traditional,0.070944,0.296960,0.174080,0.541984
645,traditional,0.069600,0.311296,0.163840,0.544736
646,traditional,0.073344,0.302080,0.160768,0.536192
647,traditional,0.070112,0.314368,0.165888,0.550368
648,traditional,0.085696,0.313344,0.161792,0.560832
649,traditional,0.069280,0.323584,0.166912,0.559776
650,traditional,0.073600,0.325632,0.169984,0.569216
651,traditional,0.070912,0.306176,0.161792,0.538880
652,traditional,0.073824,0.299008,0.161792,0.534624
653,traditional,0.081568,0.329728,0.161792,0.573088
654,traditional,0.069536,0.311296,0.161792,0.542624
655,traditional,0.070528,0.303104,0.168960,0.542592
656,traditional,0.082816,0.326656,0.171008,0.580480
657,traditional,0.074464,0.312320,0.179200,0.565984
658,traditional,0.074912,0.306176,0.162816,0.543904
659,traditional,0.071808,0.330752,0.162816,0.565376
660,traditional,0.073280,0.305152,0.161792,0.540224
661,traditional,0.071968,0.301056,0.162816,0.535840
662,traditional,0.070496,0.312320,0.162816,0.545632
663,traditional,0.071136,0.310272,0.166912,0.548320
664,traditional,0.071904,0.297984,0.162816,0.532704
665,traditional,0.093248,0.302080,0.162816,0.558144
666,traditional,0.072224,0.312320,0.172032,0.556576
667,traditional,0.081056,0.322560,0.161792,0.565408
668,traditional,0.071040,0.296960,0.165888,0.533888
669,traditional,0.071392,0.317440,0.174080,0.562912
670,traditional,0.070720,0.303104,0.176128,0.549952
671,traditional,0.069952,0.300032,0.162816,0.532800
672,traditional,0.071264,0.313344,0.162816,0.547424
673,traditional,0.082688,0.306176,0.161792,0.550656
674,traditional,0.082080,0.299008,0.164864,0.545952
675,traditional,0.069824,0.301056,0.161792,0.532672
676,traditional,0.074560,0.305152,0.161792,0.541504
677,traditional,0.073088,0.299008,0.166912,0.539008
678,traditional,0.069184,0.307200,0.162816,0.539200
679,traditional,0.080608,0.299008,0.165888,0.545504
680,traditional,0.081600,0.315392,0.161792,0.558784
681,traditional,0.073312,0.294912,0.187392,0.555616
682,traditional,0.070368,0.303104,0.162816,0.536288
683,traditional,0.072160,0.301056,0.165888,0.539104
684,traditional,0.073952,0.333824,0.175104,0.582880
685,traditional,0.072640,0.315392,0.171008,0.559040
686,traditional,0.070176,0.297984,0.172032,0.540192
687,traditional,0.073184,0.302080,0.166912,0.542176
688,traditional,0.072640,0.299008,0.162816,0.534464
689,traditional,0.070400,0.316416,0.171008,0.557824
690,traditional,0.084928,0.305152,0.161792,0.551872
691,traditional,0.081952,0.304128,0.161792,0.547872
692,traditional,0.075008,0.311296,0.161792,0.548096
693,traditional,0.073888,0.307200,0.161792,0.542880
694,traditional,0.070592,0.296960,0.162816,0.530368
695,traditional,0.070912,0.321536,0.162816,0.555264
696,traditional,0.071264,0.342016,0.162816,0.576096
697,traditional,0.069024,0.302080,0.162816,0.533920
698,traditional,0.070688,0.294912,0.161792,0.527392
699,traditional,0.070144,0.340992,0.166912,0.578048
700,traditional,0.072416,0.316416,0.165888,0.554720
701,traditional,0.083936,0.305152,0.161792,0.550880
702,traditional,0.074432,0.305152,0.174080,0.553664
703,traditional,0.070496,0.310272,0.166912,0.547680
704,traditional,0.071520,0.307200,0.165888,0.544608
705,traditional,0.069504,0.308224,0.161792,0.539520
706,traditional,0.082560,0.302080,0.164864,0.549504
707,traditional,0.080416,0.296960,0.161792,0.539168
708,traditional,0.070944,0.306176,0.162816,0.539936
709,traditional,0.069984,0.293888,0.161792,0.525664
710,traditional,0.070592,0.318464,0.161792,0.550848
711,traditional,0.071712,0.293888,0.161792,0.527392
712,traditional,0.072704,0.302080,0.165888,0.540672
713,traditional,0.073984,0.320512,0.162816,0.557312
714,traditional,0.070528,0.300032,0.162816,0.533376
715,traditional,0.070304,0.294912,0.161792,0.527008
716,traditional,0.084032,0.311296,0.161792,0.557120
717,traditional,0.070336,0.292864,0.162816,0.526016
718,traditional,0.074688,0.293888,0.165888,0.534464
719,traditional,0.070944,0.294912,0.162816,0.528672
720,traditional,0.071840,0.294912,0.161792,0.528544
721,traditional,0.070464,0.294912,0.162816,0.528192
722,traditional,0.083456,0.299008,0.161792,0.544256
723,traditional,0.082368,0.305152,0.162816,0.550336
724,traditional,0.096576,0.301056,0.174080,0.571712
725,traditional,0.073792,0.294912,0.161792,0.530496
726,traditional,0.082304,0.357376,0.166912,0.606592
727,traditional,0.073952,0.319488,0.161792,0.555232
728,traditional,0.095712,0.296960,0.173056,0.565728
729,traditional,0.069920,0.307200,0.162816,0.539936
730,traditional,0.075008,0.306176,0.165888,0.547072
731,traditional,0.071456,0.299008,0.161792,0.532256
732,traditional,0.074848,0.334848,0.162816,0.572512
733,traditional,0.070400,0.306176,0.161792,0.538368
734,traditional,0.071648,0.299008,0.164864,0.535520
735,traditional,0.072192,0.307200,0.162816,0.542208
736,traditional,0.071168,0.311296,0.161792,0.544256
737,traditional,0.072640,0.315392,0.165888,0.553920
738,traditional,0.074112,0.309248,0.162816,0.546176
739,traditional,0.070880,0.303104,0.175104,0.549088
740,traditional,0.075744,0.297984,0.175104,0.548832
741,traditional,0.084480,0.306176,0.162816,0.553472
742,traditional,0.071040,0.292864,0.162816,0.526720
743,traditional,0.070176,0.314368,0.162816,0.547360
744,traditional,0.071520,0.304128,0.161792,0.537440
745,traditional,0.076576,0.306176,0.165888,0.548640
746,traditional,0.083296,0.307200,0.162816,0.553312
747,traditional,0.071904,0.294912,0.165888,0.532704
748,traditional,0.072864,0.293888,0.174080,0.540832
749,traditional,0.073184,0.296960,0.165888,0.536032
750,traditional,0.071136,0.319488,0.174080,0.564704
751,traditional,0.081728,0.294912,0.161792,0.538432
752,traditional,0.074496,0.294912,0.175104,0.544512
753,traditional,0.072160,0.300032,0.171008,0.543200
754,traditional,0.075168,0.300032,0.165888,0.541088
755,traditional,0.072096,0.304128,0.161792,0.538016
756,traditional,0.076832,0.300032,0.175104,0.551968
757,traditional,0.071040,0.293888,0.168960,0.533888
758,traditional,0.070432,0.331776,0.161792,0.564000
759,traditional,0.073696,0.311296,0.161792,0.546784
760,traditional,0.071424,0.349184,0.166912,0.587520
761,traditional,0.079744,0.293888,0.174080,0.547712
762,traditional,0.071712,0.296960,0.172032,0.540704
763,traditional,0.069120,0.314368,0.162816,0.546304
764,traditional,0.072608,0.292864,0.165888,0.531360
765,traditional,0.070624,0.339968,0.165888,0.576480
766,traditional,0.072960,0.310272,0.161792,0.545024
767,traditional,0.071488,0.292864,0.161792,0.526144
768,traditional,0.074208,0.293888,0.162816,0.530912
769,traditional,0.071488,0.294912,0.171008,0.537408
770,traditional,0.075488,0.294912,0.161792,0.532192
771,traditional,0.073248,0.306176,0.162816,0.542240
772,traditional,0.084608,0.316416,0.166912,0.567936
773,traditional,0.069280,0.296960,0.162816,0.529056
774,traditional,0.072640,0.302080,0.161792,0.536512
775,traditional,0.072384,0.328704,0.161792,0.562880
776,traditional,0.071968,0.296960,0.169984,0.538912
777,traditional,0.072000,0.294912,0.161792,0.528704
778,traditional,0.071168,0.294912,0.161792,0.527872
779,traditional,0.070272,0.309248,0.161792,0.541312
780,traditional,0.070912,0.313344,0.162816,0.547072
781,traditional,0.071104,0.335872,0.168960,0.575936
782,traditional,0.081984,0.305152,0.162816,0.549952
783,traditional,0.088192,0.297984,0.164864,0.551040
784,traditional,0.071936,0.293888,0.166912,0.532736
785,traditional,0.080320,0.301056,0.164864,0.546240
786,traditional,0.071584,0.307200,0.162816,0.541600
787,traditional,0.069344,0.299008,0.162816,0.531168
788,traditional,0.083840,0.533504,0.187392,0.804736
789,traditional,0.073408,0.296960,0.174080,0.544448
790,traditional,0.071392,0.305152,0.169984,0.546528
791,traditional,0.070656,0.312320,0.161792,0.544768
792,traditional,0.073664,0.308224,0.171008,0.552896
793,traditional,0.069632,0.294912,0.165888,0.530432
794,traditional,0.071008,0.302080,0.175104,0.548192
795,traditional,0.074432,0.299008,0.161792,0.535232
796,traditional,0.071136,0.327680,0.166912,0.565728
797,traditional,0.075648,0.300032,0.162816,0.538496
798,traditional,0.070496,0.301056,0.173056,0.544608
799,traditional,0.072512,0.294912,0.164864,0.532288
800,traditional,0.076512,0.297984,0.184320,0.558816
801,traditional,0.072832,0.297984,0.165888,0.536704
802,traditional,0.070752,0.307200,0.164864,0.542816
803,traditional,0.070176,0.305152,0.161792,0.537120
804,traditional,0.084320,0.335872,0.171008,0.591200
805,traditional,0.071456,0.315392,0.165888,0.552736
806,traditional,0.071232,0.297984,0.161792,0.531008
807,traditional,0.070048,0.309248,0.161792,0.541088
808,traditional,0.083488,0.306176,0.186368,0.576032
809,traditional,0.069376,0.295936,0.161792,0.527104
810,traditional,0.071616,0.300032,0.167936,0.539584
811,traditional,0.072448,0.296960,0.161792,0.531200
812,traditional,0.083488,0.319488,0.161792,0.564768
813,traditional,0.072512,0.312320,0.175104,0.559936
814,traditional,0.073408,0.314368,0.163840,0.551616
815,traditional,0.072448,0.307200,0.162816,0.542464
816,traditional,0.074048,0.315392,0.167936,0.557376
817,traditional,0.071552,0.296960,0.174080,0.542592
818,traditional,0.072032,0.302080,0.161792,0.535904
819,traditional,0.081216,0.310272,0.174080,0.565568
820,traditional,0.075328,0.296960,0.166912,0.539200
821,traditional,0.073920,0.317440,0.162816,0.554176
822,traditional,0.070016,0.301056,0.161792,0.532864
823,traditional,0.080448,0.297984,0.162816,0.541248
824,traditional,0.070624,0.317440,0.162816,0.550880
825,traditional,0.092160,0.312320,0.162816,0.567296
826,traditional,0.083744,0.313344,0.162816,0.559904
827,traditional,0.071040,0.306176,0.175104,0.552320
828,traditional,0.070592,0.295936,0.161792,0.528320
829,traditional,0.079360,0.301056,0.165888,0.546304
830,traditional,0.070368,0.294912,0.161792,0.527072
831,traditional,0.071552,0.308224,0.165888,0.545664
832,traditional,0.081664,0.295936,0.164864,0.542464
833,traditional,0.070560,0.296960,0.174080,0.541600
834,traditional,0.076064,0.304128,0.161792,0.541984
835,traditional,0.071040,0.311296,0.161792,0.544128
836,traditional,0.071168,0.296960,0.161792,0.529920
837,traditional,0.069408,0.297984,0.161792,0.529184
838,traditional,0.071232,0.294912,0.184320,0.550464
839,traditional,0.071360,0.300032,0.161792,0.533184
840,traditional,0.071072,0.294912,0.173056,0.539040
841,traditional,0.080224,0.307200,0.161792,0.549216
842,traditional,0.070816,0.315392,0.161792,0.548000
843,traditional,0.070080,0.313344,0.164864,0.548288
844,traditional,0.074560,0.294912,0.161792,0.531264
845,traditional,0.072928,0.294912,0.161792,0.529632
846,traditional,0.069760,0.296960,0.157696,0.524416
847,traditional,0.072096,0.295936,0.164864,0.532896
848,traditional,0.071328,0.321536,0.161792,0.554656
849,traditional,0.071008,0.305152,0.162816,0.538976
850,traditional,0.071040,0.302080,0.161792,0.534912
851,traditional,0.081888,0.306176,0.161792,0.549856
852,traditional,0.070848,0.305152,0.165888,0.541888
853,traditional,0.070176,0.295936,0.161792,0.527904
854,traditional,0.069024,0.295936,0.165888,0.530848
855,traditional,0.070624,0.302080,0.162816,0.535520
856,traditional,0.075552,0.302080,0.160768,0.538400
857,traditional,0.081312,0.300032,0.169984,0.551328
858,traditional,0.069856,0.294912,0.165888,0.530656
859,traditional,0.070496,0.323584,0.166912,0.560992
860,traditional,0.073504,0.304128,0.164864,0.542496
861,traditional,0.073760,0.299008,0.161792,0.534560
862,traditional,0.092160,0.335872,0.187392,0.615424
863,traditional,0.083104,0.291840,0.164864,0.539808
864,traditional,0.073216,0.304128,0.161792,0.539136
865,traditional,0.070208,0.295936,0.164864,0.531008
866,traditional,0.083584,0.307200,0.165888,0.556672
867,traditional,0.082432,0.297984,0.161792,0.542208
868,traditional,0.070656,0.295936,0.164864,0.531456
869,traditional,0.075136,0.319488,0.162816,0.557440
870,traditional,0.072096,0.299008,0.161792,0.532896
871,traditional,0.073696,0.296960,0.161792,0.532448
872,traditional,0.071360,0.333824,0.161792,0.566976
873,traditional,0.074880,0.322560,0.161792,0.559232
874,traditional,0.075232,0.320512,0.162816,0.558560
875,traditional,0.079168,0.310272,0.161792,0.551232
876,traditional,0.075040,0.314368,0.161792,0.551200
877,traditional,0.071232,0.306176,0.160768,0.538176
878,traditional,0.080544,0.301056,0.161792,0.543392
879,traditional,0.072704,0.314368,0.167936,0.555008
880,traditional,0.073408,0.313344,0.161792,0.548544
881,traditional,0.071520,0.314368,0.160768,0.546656
882,traditional,0.072224,0.299008,0.161792,0.533024
883,traditional,0.071264,0.301056,0.166912,0.539232
884,traditional,0.070272,0.304128,0.162816,0.537216
885,traditional,0.075392,0.305152,0.174080,0.554624
886,traditional,0.082464,0.307200,0.174080,0.563744
887,traditional,0.080832,0.325632,0.168960,0.575424
888,traditional,0.083072,0.303104,0.161792,0.547968
889,traditional,0.071200,0.297984,0.161792,0.530976
890,traditional,0.071168,0.305152,0.186368,0.562688
891,traditional,0.071712,0.296960,0.165888,0.534560
892,traditional,0.071712,0.302080,0.174080,0.547872
893,traditional,0.072480,0.293888,0.161792,0.528160
894,traditional,0.070688,0.295936,0.165888,0.532512
895,traditional,0.082432,0.321536,0.186368,0.590336
896,traditional,0.072640,0.301056,0.161792,0.535488
897,traditional,0.088864,0.304128,0.175104,0.568096
898,traditional,0.071680,0.299008,0.163840,0.534528
899,traditional,0.071104,0.310272,0.161792,0.543168
900,traditional,0.083488,0.306176,0.162816,0.552480
901,traditional,0.076576,0.299008,0.161792,0.537376
902,traditional,0.072704,0.319488,0.165888,0.558080
903,traditional,0.070592,0.304128,0.179200,0.553920
904,traditional,0.078400,0.296960,0.161792,0.537152
905,traditional,0.083264,0.301056,0.162816,0.547136
906,traditional,0.072672,0.310272,0.162816,0.545760
907,traditional,0.071392,0.303104,0.167936,0.542432
908,traditional,0.071264,0.299008,0.161792,0.532064
909,traditional,0.071232,0.295936,0.174080,0.541248
910,traditional,0.080608,0.325632,0.171008,0.577248
911,traditional,0.070496,0.306176,0.171008,0.547680
912,traditional,0.074400,0.317440,0.171008,0.562848
913,traditional,0.070400,0.311296,0.161792,0.543488
914,traditional,0.071744,0.305152,0.161792,0.538688
915,traditional,0.073472,0.308224,0.161792,0.543488
916,traditional,0.073760,0.307200,0.161792,0.542752
917,traditional,0.071968,0.337920,0.166912,0.576800
918,traditional,0.072000,0.333824,0.172032,0.577856
919,traditional,0.069664,0.313344,0.174080,0.557088
920,traditional,0.081056,0.310272,0.175104,0.566432
921,traditional,0.073632,0.315392,0.174080,0.563104
922,traditional,0.079456,0.316416,0.165888,0.561760
923,traditional,0.083328,0.314368,0.174080,0.571776
924,traditional,0.075904,0.305152,0.161792,0.542848
925,traditional,0.080512,0.311296,0.162816,0.554624
926,traditional,0.068416,0.309248,0.164864,0.542528
927,traditional,0.071456,0.309248,0.162816,0.543520
928,traditional,0.082048,0.303104,0.162816,0.547968
929,traditional,0.081056,0.295936,0.169984,0.546976
930,traditional,0.070432,0.303104,0.161792,0.535328
931,traditional,0.080448,0.335872,0.168960,0.585280
932,traditional,0.109088,0.306176,0.161792,0.577056
933,traditional,0.070624,0.304128,0.162816,0.537568
934,traditional,0.069696,0.307200,0.161792,0.538688
935,traditional,0.069664,0.311296,0.173056,0.554016
936,traditional,0.071840,0.316416,0.175104,0.563360
937,traditional,0.079584,0.303104,0.161792,0.544480
938,traditional,0.074816,0.299008,0.171008,0.544832
939,traditional,0.069504,0.343040,0.162816,0.575360
940,traditional,0.070048,0.292864,0.161792,0.524704
941,traditional,0.069920,0.317440,0.162816,0.550176
942,traditional,0.074144,0.299008,0.162816,0.535968
943,traditional,0.073088,0.331776,0.165888,0.570752
944,traditional,0.070976,0.325632,0.161792,0.558400
945,traditional,0.068544,0.294912,0.198656,0.562112
946,traditional,0.073472,0.295936,0.162816,0.532224
947,traditional,0.070432,0.292864,0.161792,0.525088
948,traditional,0.069952,0.344064,0.162816,0.576832
949,traditional,0.072160,0.295936,0.192512,0.560608
950,traditional,0.081600,0.303104,0.162816,0.547520
951,traditional,0.069824,0.295936,0.175104,0.540864
952,traditional,0.083744,0.316416,0.172032,0.572192
953,traditional,0.081760,0.302080,0.162816,0.546656
954,traditional,0.071712,0.306176,0.162816,0.540704
955,traditional,0.070816,0.315392,0.161792,0.548000
956,traditional,0.081024,0.302080,0.174080,0.557184
957,traditional,0.070240,0.293888,0.174080,0.538208
958,traditional,0.092832,0.308224,0.166912,0.567968
959,traditional,0.069568,0.314368,0.174080,0.558016
960,traditional,0.072256,0.307200,0.166912,0.546368
961,traditional,0.070848,0.297984,0.162816,0.531648
962,traditional,0.069984,0.293888,0.165888,0.529760
963,traditional,0.070208,0.320512,0.161792,0.552512
964,traditional,0.081632,0.305152,0.167936,0.554720
965,traditional,0.074784,0.292864,0.162816,0.530464
966,traditional,0.074400,0.306176,0.161792,0.542368
967,traditional,0.068800,0.310272,0.175104,0.554176
968,traditional,0.073312,0.297984,0.161792,0.533088
969,traditional,0.070496,0.308224,0.166912,0.545632
970,traditional,0.070624,0.316416,0.174080,0.561120
971,traditional,0.075360,0.317440,0.173056,0.565856
972,traditional,0.074432,0.310272,0.161792,0.546496
973,traditional,0.073600,0.305152,0.162816,0.541568
974,traditional,0.072480,0.297984,0.161792,0.532256
975,traditional,0.074080,0.293888,0.162816,0.530784
976,traditional,0.073600,0.325632,0.163840,0.563072
977,traditional,0.069824,0.305152,0.162816,0.537792
978,traditional,0.070912,0.302080,0.164864,0.537856
979,traditional,0.073984,0.297984,0.161792,0.533760
980,traditional,0.082208,0.323584,0.162816,0.568608
981,traditional,0.082528,0.304128,0.162816,0.549472
982,traditional,0.083712,0.292864,0.162816,0.539392
983,traditional,0.074048,0.309248,0.162816,0.546112
984,traditional,0.072544,0.309248,0.161792,0.543584
985,traditional,0.072992,0.306176,0.174080,0.553248
986,traditional,0.071680,0.307200,0.161792,0.540672
987,traditional,0.080672,0.310272,0.161792,0.552736
988,traditional,0.070400,0.310272,0.161792,0.542464
989,traditional,0.070400,0.292864,0.164864,0.528128
990,traditional,0.071968,0.310272,0.161792,0.544032
991,traditional,0.074176,0.301056,0.187392,0.562624
992,traditional,0.076000,0.294912,0.165888,0.536800
993,traditional,0.076032,0.318464,0.162816,0.557312
994,traditional,0.080992,0.315392,0.171008,0.567392
995,traditional,0.071424,0.303104,0.165888,0.540416
996,traditional,0.070464,0.319488,0.162816,0.552768
997,traditional,0.070048,0.327680,0.162816,0.560544
998,traditional,0.071808,0.306176,0.165888,0.543872
999,traditional,0.074016,0.312320,0.162816,0.549152
1000,traditional,0.070880,0.299008,0.162816,0.532704
1001,traditional,0.073024,0.293888,0.161792,0.528704
1002,traditional,0.071552,0.317440,0.162816,0.551808
1003,traditional,0.081376,0.293888,0.174080,0.549344
1004,traditional,0.070688,0.302080,0.167936,0.540704
1005,traditional,0.083936,0.299008,0.172032,0.554976
1006,traditional,0.070176,0.292864,0.165888,0.528928
1007,traditional,0.074848,0.294912,0.161792,0.531552
1008,traditional,0.071808,0.314368,0.162816,0.548992
1009,traditional,0.069696,0.319488,0.161792,0.550976
1010,traditional,0.072736,0.309248,0.161792,0.543776
1011,traditional,0.075168,0.307200,0.161792,0.544160
1012,traditional,0.096096,0.304128,0.174080,0.574304
1013,traditional,0.070048,0.302080,0.165888,0.538016
1014,traditional,0.069376,0.294912,0.165888,0.530176
1015,traditional,0.082848,0.308224,0.161792,0.552864
1016,traditional,0.073120,0.297984,0.165888,0.536992
1017,traditional,0.071104,0.310272,0.174080,0.555456
1018,traditional,0.070944,0.302080,0.162816,0.535840
1019,traditional,0.083040,0.313344,0.171008,0.567392
1020,traditional,0.079200,0.312320,0.165888,0.557408
1021,traditional,0.074400,0.309248,0.188416,0.572064
1022,traditional,0.069664,0.299008,0.187392,0.556064
1023,traditional,0.095008,0.311296,0.162816,0.569120
1024,traditional,0.074368,0.295936,0.161792,0.532096
1025,traditional,0.069824,0.306176,0.162816,0.538816
1026,traditional,0.075360,0.293888,0.164864,0.534112
1027,traditional,0.071680,0.314368,0.161792,0.547840
1028,traditional,0.083744,0.311296,0.164864,0.559904
1029,traditional,0.070080,0.299008,0.162816,0.531904
1030,traditional,0.073504,0.295936,0.162816,0.532256
1031,traditional,0.070656,0.309248,0.162816,0.542720
1032,traditional,0.072032,0.299008,0.162816,0.533856
1033,traditional,0.073376,0.304128,0.162816,0.540320
1034,traditional,0.074624,0.312320,0.171008,0.557952
1035,traditional,0.070656,0.292864,0.165888,0.529408
1036,traditional,0.071712,0.295936,0.162816,0.530464
1037,traditional,0.070400,0.294912,0.162816,0.528128
1038,traditional,0.069152,0.293888,0.162816,0.525856
1039,traditional,0.071360,0.293888,0.165888,0.531136
1040,traditional,0.072224,0.309248,0.161792,0.543264
1041,traditional,0.075008,0.307200,0.175104,0.557312
1042,traditional,0.073664,0.305152,0.161792,0.540608
1043,traditional,0.070400,0.308224,0.162816,0.541440
1044,traditional,0.073472,0.319488,0.167936,0.560896
1045,traditional,0.069344,0.297984,0.164864,0.532192
1046,traditional,0.069696,0.297984,0.161792,0.529472
1047,traditional,0.075712,0.297984,0.162816,0.536512
1048,traditional,0.076352,0.329728,0.169984,0.576064
1049,traditional,0.074016,0.322560,0.161792,0.558368
1050,traditional,0.070688,0.293888,0.174080,0.538656
1051,traditional,0.070464,0.295936,0.161792,0.528192
1052,traditional,0.075712,0.302080,0.162816,0.540608
1053,traditional,0.073120,0.332800,0.162816,0.568736
1054,traditional,0.071328,0.309248,0.187392,0.567968
1055,traditional,0.071456,0.313344,0.165888,0.550688
1056,traditional,0.072800,0.304128,0.165888,0.542816
1057,traditional,0.072608,0.314368,0.162816,0.549792
1058,traditional,0.071040,0.309248,0.162816,0.543104
1059,traditional,0.073920,0.299008,0.165888,0.538816
1060,traditional,0.069760,0.307200,0.161792,0.538752
1061,traditional,0.076096,0.314368,0.162816,0.553280
1062,traditional,0.075680,0.308224,0.162816,0.546720
1063,traditional,0.074944,0.295936,0.162816,0.533696
1064,traditional,0.076096,0.294912,0.161792,0.532800
1065,traditional,0.069984,0.340992,0.162816,0.573792
1066,traditional,0.071680,0.296960,0.173056,0.541696
1067,traditional,0.070176,0.294912,0.161792,0.526880
1068,traditional,0.072544,0.296960,0.161792,0.531296
1069,traditional,0.069760,0.321536,0.165888,0.557184
1070,traditional,0.083232,0.300032,0.161792,0.545056
1071,traditional,0.074592,0.314368,0.161792,0.550752
1072,traditional,0.075040,0.306176,0.160768,0.541984
1073,traditional,0.075232,0.304128,0.174080,0.553440
1074,traditional,0.071328,0.302080,0.164864,0.538272
1075,traditional,0.071264,0.299008,0.161792,0.532064
1076,traditional,0.072288,0.310272,0.161792,0.544352
1077,traditional,0.082304,0.314368,0.165888,0.562560
1078,traditional,0.069664,0.296960,0.174080,0.540704
1079,traditional,0.073184,0.332800,0.164864,0.570848
1080,traditional,0.073280,0.312320,0.161792,0.547392
1081,traditional,0.079456,0.317440,0.160768,0.557664
1082,traditional,0.095680,0.297984,0.161792,0.555456
1083,traditional,0.081760,0.297984,0.161792,0.541536
1084,traditional,0.073888,0.318464,0.161792,0.554144
1085,traditional,0.070336,0.347136,0.175104,0.592576
1086,traditional,0.069568,0.318464,0.167936,0.555968
1087,traditional,0.071488,0.328704,0.161792,0.561984
1088,traditional,0.074784,0.295936,0.161792,0.532512
1089,traditional,0.073376,0.309248,0.174080,0.556704
1090,traditional,0.069856,0.307200,0.174080,0.551136
1091,traditional,0.072608,0.307200,0.162816,0.542624
1092,traditional,0.070656,0.312320,0.161792,0.544768
1093,traditional,0.082048,0.297984,0.161792,0.541824
1094,traditional,0.072736,0.307200,0.163840,0.543776
1095,traditional,0.069472,0.310272,0.172032,0.551776
1096,traditional,0.072288,0.292864,0.160768,0.525920
1097,traditional,0.070656,0.305152,0.161792,0.537600
1098,traditional,0.070336,0.306176,0.161792,0.538304
1099,traditional,0.082080,0.301056,0.161792,0.544928
1100,traditional,0.070144,0.292864,0.180224,0.543232
1101,traditional,0.072608,0.324608,0.161792,0.559008
1102,traditional,0.070720,0.300032,0.164864,0.535616
1103,traditional,0.073760,0.308224,0.161792,0.543776
1104,traditional,0.073312,0.300032,0.162816,0.536160
1105,traditional,0.080256,0.310272,0.162816,0.553344
1106,traditional,0.084544,0.305152,0.187392,0.577088
1107,traditional,0.080960,0.331776,0.161792,0.574528
1108,traditional,0.071904,0.297984,0.161792,0.531680
1109,traditional,0.071712,0.323584,0.161792,0.557088
1110,traditional,0.091840,0.305152,0.168960,0.565952
1111,traditional,0.069600,0.302080,0.175104,0.546784
1112,traditional,0.071648,0.317440,0.161792,0.550880
1113,traditional,0.082656,0.296960,0.161792,0.541408
1114,traditional,0.069952,0.293888,0.162816,0.526656
1115,traditional,0.071072,0.309248,0.161792,0.542112
1116,traditional,0.072224,0.294912,0.165888,0.533024
1117,traditional,0.074304,0.296960,0.161792,0.533056
1118,traditional,0.069856,0.310272,0.161792,0.541920
1119,traditional,0.070880,0.297984,0.185344,0.554208
1120,traditional,0.074720,0.295936,0.161792,0.532448
1121,traditional,0.079200,0.315392,0.162816,0.557408
1122,traditional,0.083968,0.312320,0.164864,0.561152
1123,traditional,0.069856,0.321536,0.166912,0.558304
1124,traditional,0.083840,0.293888,0.174080,0.551808
1125,traditional,0.072448,0.302080,0.161792,0.536320
1126,traditional,0.075776,0.300032,0.167936,0.543744
1127,traditional,0.074272,0.309248,0.160768,0.544288
1128,traditional,0.071648,0.302080,0.161792,0.535520
1129,traditional,0.082496,0.313344,0.162816,0.558656
1130,traditional,0.071904,0.310272,0.161792,0.543968
1131,traditional,0.083264,0.300032,0.161792,0.545088
1132,traditional,0.073248,0.297984,0.161792,0.533024
1133,traditional,0.078816,0.306176,0.161792,0.546784
1134,traditional,0.070208,0.300032,0.161792,0.532032
1135,traditional,0.070752,0.320512,0.161792,0.553056
1136,traditional,0.074880,0.306176,0.166912,0.547968
1137,traditional,0.096800,0.315392,0.161792,0.573984
1138,traditional,0.074784,0.299008,0.174080,0.547872
1139,traditional,0.084608,0.295936,0.195584,0.576128
1140,traditional,0.072128,0.304128,0.160768,0.537024
1141,traditional,0.070240,0.331776,0.162816,0.564832
1142,traditional,0.070048,0.300032,0.167936,0.538016
1143,traditional,0.084832,0.299008,0.166912,0.550752
1144,traditional,0.071872,0.300032,0.161792,0.533696
1145,traditional,0.070816,0.294912,0.171008,0.536736
1146,traditional,0.084384,0.316416,0.175104,0.575904
1147,traditional,0.083264,0.319488,0.171008,0.573760
1148,traditional,0.070912,0.295936,0.161792,0.528640
1149,traditional,0.083168,0.296960,0.166912,0.547040
1150,traditional,0.071104,0.299008,0.161792,0.531904
1151,traditional,0.069664,0.299008,0.162816,0.531488
1152,traditional,0.072704,0.307200,0.168960,0.548864
1153,traditional,0.081536,0.309248,0.175104,0.565888
1154,traditional,0.071168,0.323584,0.162816,0.557568
1155,traditional,0.069408,0.297984,0.162816,0.530208
1156,traditional,0.072800,0.305152,0.162816,0.540768
1157,traditional,0.122144,0.374784,0.231424,0.728352
1158,traditional,0.069760,0.304128,0.162816,0.536704
1159,traditional,0.071968,0.317440,0.161792,0.551200
1160,traditional,0.083904,0.332800,0.167936,0.584640
1161,traditional,0.071392,0.303104,0.162816,0.537312
1162,traditional,0.081728,0.306176,0.162816,0.550720
1163,traditional,0.069184,0.314368,0.166912,0.550464
1164,traditional,0.075104,0.311296,0.162816,0.549216
1165,traditional,0.079392,0.337920,0.162816,0.580128
1166,traditional,0.080640,0.297984,0.173056,0.551680
1167,traditional,0.070464,0.317440,0.165888,0.553792
1168,traditional,0.075552,0.303104,0.165888,0.544544
1169,traditional,0.070336,0.309248,0.342016,0.721600
1170,traditional,0.086496,0.305152,0.161792,0.553440
1171,traditional,0.073504,0.294912,0.162816,0.531232
1172,traditional,0.074912,0.319488,0.370688,0.765088
1173,traditional,0.069472,0.301056,0.165888,0.536416
1174,traditional,0.092128,0.309248,0.165888,0.567264
1175,traditional,0.075840,0.310272,0.175104,0.561216
1176,traditional,0.070112,0.308224,0.161792,0.540128
1177,traditional,0.070144,0.296960,0.174080,0.541184
1178,traditional,0.083456,0.296960,0.161792,0.542208
1179,traditional,0.080800,0.317440,0.165888,0.564128
1180,traditional,0.084384,0.301056,0.161792,0.547232
1181,traditional,0.070208,0.293888,0.168960,0.533056
1182,traditional,0.070016,0.308224,0.161792,0.540032
1183,traditional,0.070048,0.307200,0.165888,0.543136
1184,traditional,0.071712,0.302080,0.165888,0.539680
1185,traditional,0.085728,0.293888,0.172032,0.551648
1186,traditional,0.071488,0.308224,0.162816,0.542528
1187,traditional,0.070944,0.322560,0.162816,0.556320
1188,traditional,0.072192,0.301056,0.174080,0.547328
1189,traditional,0.069248,0.307200,0.162816,0.539264
1190,traditional,0.081824,0.295936,0.165888,0.543648
1191,traditional,0.083104,0.309248,0.172032,0.564384
1192,traditional,0.071584,0.295936,0.174080,0.541600
1193,traditional,0.081696,0.305152,0.161792,0.548640
1194,traditional,0.070560,0.322560,0.162816,0.555936
1195,traditional,0.071488,0.310272,0.162816,0.544576
1196,traditional,0.072352,0.300032,0.161792,0.534176
1197,traditional,0.070784,0.300032,0.166912,0.537728
1198,traditional,0.082592,0.316416,0.172032,0.571040
1199,traditional,0.069376,0.307200,0.168960,0.545536
1200,traditional,0.074368,0.296960,0.162816,0.534144
1201,traditional,0.070432,0.306176,0.169984,0.546592
1202,traditional,0.070272,0.296960,0.161792,0.529024
1203,traditional,0.075936,0.295936,0.162816,0.534688
1204,traditional,0.071680,0.317440,0.162816,0.551936
1205,traditional,0.076000,0.330752,0.162816,0.569568
1206,traditional,0.069984,0.321536,0.162816,0.554336
1207,traditional,0.070720,0.311296,0.161792,0.543808
1208,traditional,0.083648,0.296960,0.165888,0.546496
1209,traditional,0.069216,0.297984,0.173056,0.540256
1210,traditional,0.070848,0.309248,0.165888,0.545984
1211,traditional,0.069888,0.318464,0.162816,0.551168
1212,traditional,0.071264,0.304128,0.162816,0.538208
1213,traditional,0.070784,0.302080,0.165888,0.538752
1214,traditional,0.069984,0.318464,0.162816,0.551264
1215,traditional,0.071552,0.301056,0.169984,0.542592
1216,traditional,0.084416,0.294912,0.161792,0.541120
1217,traditional,0.070528,0.319488,0.165888,0.555904
1218,traditional,0.084320,0.308224,0.162816,0.555360
1219,traditional,0.070112,0.295936,0.162816,0.528864
1220,traditional,0.072288,0.328704,0.166912,0.567904
1221,traditional,0.082688,0.293888,0.161792,0.538368
1222,traditional,0.074976,0.302080,0.165888,0.542944
1223,traditional,0.071200,0.300032,0.161792,0.533024
1224,traditional,0.075488,0.322560,0.162816,0.560864
1225,traditional,0.070496,0.309248,0.166912,0.546656
1226,traditional,0.074432,0.297984,0.164864,0.537280
1227,traditional,0.074848,0.293888,0.161792,0.530528
1228,traditional,0.071360,0.295936,0.162816,0.530112
1229,traditional,0.073792,0.307200,0.162816,0.543808
1230,traditional,0.077184,0.295936,0.161792,0.534912
1231,traditional,0.076352,0.317440,0.162816,0.556608
1232,traditional,0.077856,0.308224,0.161792,0.547872
1233,traditional,0.070496,0.293888,0.161792,0.526176
1234,traditional,0.098464,0.307200,0.169984,0.575648
1235,traditional,0.073152,0.293888,0.167936,0.534976
1236,traditional,0.071328,0.305152,0.177152,0.553632
1237,traditional,0.069216,0.295936,0.178176,0.543328
1238,traditional,0.069600,0.299008,0.162816,0.531424
1239,traditional,0.072800,0.304128,0.164864,0.541792
1240,traditional,0.079520,0.297984,0.196608,0.574112
1241,traditional,0.069472,0.303104,0.165888,0.538464
1242,traditional,0.071360,0.295936,0.161792,0.529088
1243,traditional,0.070176,0.295936,0.161792,0.527904
1244,traditional,0.083040,0.296960,0.164864,0.544864
1245,traditional,0.071200,0.299008,0.169984,0.540192
1246,traditional,0.069216,0.295936,0.161792,0.526944
1247,traditional,0.081632,0.299008,0.175104,0.555744
1248,traditional,0.084480,0.299008,0.162816,0.546304
1249,traditional,0.080192,0.300032,0.161792,0.542016
1250,traditional,0.081664,0.300032,0.168960,0.550656
1251,traditional,0.070656,0.304128,0.162816,0.537600
1252,traditional,0.073856,0.309248,0.164864,0.547968
1253,traditional,0.082560,0.295936,0.161792,0.540288
1254,traditional,0.072000,0.327680,0.165888,0.565568
1255,traditional,0.070144,0.310272,0.161792,0.542208
1256,traditional,0.070848,0.294912,0.165888,0.531648
1257,traditional,0.070016,0.306176,0.161792,0.537984
1258,traditional,0.072096,0.293888,0.168960,0.534944
1259,traditional,0.070272,0.321536,0.161792,0.553600
1260,traditional,0.083456,0.305152,0.162816,0.551424
1261,traditional,0.082880,0.295936,0.180224,0.559040
1262,traditional,0.079776,0.294912,0.174080,0.548768
1263,traditional,0.069856,0.308224,0.164864,0.542944
1264,traditional,0.071168,0.294912,0.164864,0.530944
1265,traditional,0.069920,0.293888,0.165888,0.529696
1266,traditional,0.071712,0.296960,0.164864,0.533536
1267,traditional,0.070496,0.299008,0.162816,0.532320
1268,traditional,0.075232,0.293888,0.173056,0.542176
1269,traditional,0.082592,0.306176,0.168960,0.557728
1270,traditional,0.071776,0.325632,0.167936,0.565344
1271,traditional,0.083424,0.293888,0.165888,0.543200
1272,traditional,0.070432,0.295936,0.169984,0.536352
1273,traditional,0.070976,0.320512,0.172032,0.563520
1274,traditional,0.084672,0.324608,0.164864,0.574144
1275,traditional,0.071328,0.303104,0.187392,0.561824
1276,traditional,0.082464,0.305152,0.164864,0.552480
1277,traditional,0.070432,0.299008,0.162816,0.532256
1278,traditional,0.070944,0.303104,0.175104,0.549152
1279,traditional,0.074112,0.309248,0.164864,0.548224
1280,traditional,0.075008,0.318464,0.162816,0.556288
1281,traditional,0.073888,0.297984,0.162816,0.534688
1282,traditional,0.072416,0.306176,0.167936,0.546528
1283,traditional,0.074496,0.313344,0.165888,0.553728
1284,traditional,0.074528,0.301056,0.188416,0.564000
1285,traditional,0.070560,0.318464,0.186368,0.575392
1286,traditional,0.069696,0.309248,0.161792,0.540736
1287,traditional,0.094592,0.312320,0.165888,0.572800
1288,traditional,0.071552,0.297984,0.169984,0.539520
1289,traditional,0.070464,0.297984,0.161792,0.530240
1290,traditional,0.084128,0.311296,0.162816,0.558240
1291,traditional,0.082368,0.297984,0.161792,0.542144
1292,traditional,0.083712,0.301056,0.162816,0.547584
1293,traditional,0.070240,0.305152,0.175104,0.550496
1294,traditional,0.082016,0.315392,0.165888,0.563296
1295,traditional,0.070880,0.306176,0.162816,0.539872
1296,traditional,0.074592,0.333824,0.161792,0.570208
1297,traditional,0.071232,0.300032,0.161792,0.533056
1298,traditional,0.079808,0.305152,0.162816,0.547776
1299,traditional,0.073344,0.299008,0.164864,0.537216
1300,traditional,0.072864,0.302080,0.161792,0.536736
1301,traditional,0.070848,0.306176,0.162816,0.539840
1302,traditional,0.073952,0.309248,0.161792,0.544992
1303,traditional,0.074912,0.304128,0.161792,0.540832
1304,traditional,0.075520,0.304128,0.164864,0.544512
1305,traditional,0.072544,0.299008,0.161792,0.533344
1306,traditional,0.071584,0.315392,0.161792,0.548768
1307,traditional,0.070528,0.295936,0.161792,0.528256
1308,traditional,0.070848,0.309248,0.162816,0.542912
1309,traditional,0.070368,0.315392,0.165888,0.551648
1310,traditional,0.072096,0.293888,0.161792,0.527776
1311,traditional,0.094816,0.317440,0.173056,0.585312
1312,traditional,0.072096,0.305152,0.166912,0.544160
1313,traditional,0.073376,0.307200,0.161792,0.542368
1314,traditional,0.072480,0.308224,0.165888,0.546592
1315,traditional,0.083264,0.323584,0.174080,0.580928
1316,traditional,0.072256,0.326656,0.161792,0.560704
1317,traditional,0.069920,0.294912,0.161792,0.526624
1318,traditional,0.070432,0.324608,0.160768,0.555808
1319,traditional,0.071168,0.294912,0.161792,0.527872
1320,traditional,0.074400,0.295936,0.161792,0.532128
1321,traditional,0.072864,0.306176,0.161792,0.540832
1322,traditional,0.074208,0.306176,0.169984,0.550368
1323,traditional,0.071008,0.312320,0.165888,0.549216
1324,traditional,0.069984,0.303104,0.161792,0.534880
1325,traditional,0.082144,0.292864,0.161792,0.536800
1326,traditional,0.070272,0.305152,0.173056,0.548480
1327,traditional,0.070240,0.300032,0.172032,0.542304
1328,traditional,0.082272,0.312320,0.161792,0.556384
1329,traditional,0.070784,0.308224,0.162816,0.541824
1330,traditional,0.071296,0.318464,0.161792,0.551552
1331,traditional,0.092128,0.326656,0.166912,0.585696
1332,traditional,0.075104,0.303104,0.162816,0.541024
1333,traditional,0.071072,0.308224,0.182272,0.561568
1334,traditional,0.075648,0.308224,0.161792,0.545664
1335,traditional,0.073280,0.305152,0.162816,0.541248
1336,traditional,0.074624,0.299008,0.164864,0.538496
1337,traditional,0.075424,0.305152,0.173056,0.553632
1338,traditional,0.082784,0.291840,0.161792,0.536416
1339,traditional,0.069920,0.322560,0.174080,0.566560
1340,traditional,0.071808,0.314368,0.172032,0.558208
1341,traditional,0.081440,0.304128,0.161792,0.547360
1342,traditional,0.071648,0.309248,0.161792,0.542688
1343,traditional,0.071360,0.295936,0.164864,0.532160
1344,traditional,0.073984,0.293888,0.167936,0.535808
1345,traditional,0.072512,0.293888,0.161792,0.528192
1346,traditional,0.072544,0.292864,0.165888,0.531296
1347,traditional,0.070912,0.305152,0.161792,0.537856
1348,traditional,0.072224,0.293888,0.161792,0.527904
1349,traditional,0.069664,0.323584,0.160768,0.554016
1350,traditional,0.078112,0.308224,0.176128,0.562464
1351,traditional,0.070624,0.312320,0.165888,0.548832
1352,traditional,0.078560,0.314368,0.165888,0.558816
1353,traditional,0.083328,0.294912,0.174080,0.552320
1354,traditional,0.071584,0.301056,0.161792,0.534432
1355,traditional,0.069952,0.306176,0.164864,0.540992
1356,traditional,0.069504,0.296960,0.161792,0.528256
1357,traditional,0.073088,0.294912,0.161792,0.529792
1358,traditional,0.069312,0.301056,0.172032,0.542400
1359,traditional,0.070080,0.318464,0.161792,0.550336
1360,traditional,0.071136,0.294912,0.162816,0.528864
1361,traditional,0.070016,0.307200,0.164864,0.542080
1362,traditional,0.082944,0.301056,0.161792,0.545792
1363,traditional,0.073536,0.292864,0.162816,0.529216
1364,traditional,0.070496,0.302080,0.162816,0.535392
1365,traditional,0.074784,0.291840,0.161792,0.528416
1366,traditional,0.070592,0.296960,0.165888,0.533440
1367,traditional,0.069024,0.309248,0.160768,0.539040
1368,traditional,0.075488,0.305152,0.163840,0.544480
1369,traditional,0.070528,0.293888,0.187392,0.551808
1370,traditional,0.070592,0.301056,0.164864,0.536512
1371,traditional,0.070368,0.307200,0.161792,0.539360
1372,traditional,0.075744,0.303104,0.162816,0.541664
1373,traditional,0.071520,0.303104,0.161792,0.536416
1374,traditional,0.073888,0.329728,0.161792,0.565408
1375,traditional,0.070944,0.308224,0.168960,0.548128
1376,traditional,0.072128,0.307200,0.165888,0.545216
1377,traditional,0.068864,0.294912,0.167936,0.531712
1378,traditional,0.074208,0.312320,0.164864,0.551392
1379,traditional,0.073312,0.302080,0.185344,0.560736
1380,traditional,0.096992,0.316416,0.161792,0.575200
1381,traditional,0.070624,0.324608,0.161792,0.557024
1382,traditional,0.073792,0.332800,0.161792,0.568384
1383,traditional,0.068672,0.306176,0.165888,0.540736
1384,traditional,0.070432,0.319488,0.186368,0.576288
1385,traditional,0.082528,0.300032,0.171008,0.553568
1386,traditional,0.075744,0.335872,0.161792,0.573408
1387,traditional,0.071136,0.310272,0.174080,0.555488
1388,traditional,0.069632,0.306176,0.161792,0.537600
1389,traditional,0.081120,0.313344,0.163840,0.558304
1390,traditional,0.074368,0.306176,0.182272,0.562816
1391,traditional,0.070944,0.312320,0.164864,0.548128
1392,traditional,0.074304,0.303104,0.161792,0.539200
1393,traditional,0.072000,0.299008,0.165888,0.536896
1394,traditional,0.075232,0.318464,0.162816,0.556512
1395,traditional,0.074496,0.335872,0.168960,0.579328
1396,traditional,0.070176,0.300032,0.161792,0.532000
1397,traditional,0.095680,0.305152,0.161792,0.562624
1398,traditional,0.073344,0.322560,0.166912,0.562816
1399,traditional,0.074144,0.295936,0.173056,0.543136
1400,traditional,0.071296,0.316416,0.177152,0.564864
1401,traditional,0.073856,0.300032,0.162816,0.536704
1402,traditional,0.074912,0.308224,0.161792,0.544928
1403,traditional,0.069184,0.318464,0.162816,0.550464
1404,traditional,0.071712,0.311296,0.164864,0.547872
1405,traditional,0.070016,0.317440,0.162816,0.550272
1406,traditional,0.071840,0.326656,0.162816,0.561312
1407,traditional,0.073760,0.315392,0.161792,0.550944
1408,traditional,0.074912,0.300032,0.164864,0.539808
1409,traditional,0.081952,0.305152,0.162816,0.549920
1410,traditional,0.069984,0.318464,0.162816,0.551264
1411,traditional,0.069312,0.297984,0.174080,0.541376
1412,traditional,0.075680,0.316416,0.162816,0.554912
1413,traditional,0.074464,0.327680,0.163840,0.565984
1414,traditional,0.070752,0.300032,0.188416,0.559200
1415,traditional,0.075296,0.296960,0.164864,0.537120
1416,traditional,0.077440,0.301056,0.161792,0.540288
1417,traditional,0.072096,0.293888,0.162816,0.528800
1418,traditional,0.074144,0.299008,0.161792,0.534944
1419,traditional,0.073216,0.316416,0.162816,0.552448
1420,traditional,0.071872,0.308224,0.161792,0.541888
1421,traditional,0.071840,0.307200,0.162816,0.541856
1422,traditional,0.069312,0.306176,0.162816,0.538304
1423,traditional,0.081184,0.302080,0.161792,0.545056
1424,traditional,0.071648,0.294912,0.161792,0.528352
1425,traditional,0.074560,0.315392,0.161792,0.551744
1426,traditional,0.070816,0.317440,0.174080,0.562336
1427,traditional,0.082464,0.309248,0.165888,0.557600
1428,traditional,0.071552,0.300032,0.165888,0.537472
1429,traditional,0.070592,0.299008,0.161792,0.531392
1430,traditional,0.071200,0.307200,0.174080,0.552480
1431,traditional,0.085312,0.320512,0.174080,0.579904
1432,traditional,0.072544,0.303104,0.161792,0.537440
1433,traditional,0.081824,0.301056,0.187392,0.570272
1434,traditional,0.070912,0.306176,0.161792,0.538880
1435,traditional,0.083328,0.304128,0.161792,0.549248
1436,traditional,0.072992,0.295936,0.162816,0.531744
1437,traditional,0.071680,0.296960,0.161792,0.530432
1438,traditional,0.071648,0.308224,0.161792,0.541664
1439,traditional,0.070656,0.302080,0.161792,0.534528
1440,traditional,0.083680,0.296960,0.162816,0.543456
1441,traditional,0.069440,0.297984,0.161792,0.529216
1442,traditional,0.072416,0.313344,0.163840,0.549600
1443,traditional,0.083456,0.301056,0.162816,0.547328
1444,traditional,0.075872,0.306176,0.166912,0.548960
1445,traditional,0.072384,0.343040,0.162816,0.578240
1446,traditional,0.082144,0.308224,0.161792,0.552160
1447,traditional,0.070304,0.301056,0.165888,0.537248
1448,traditional,0.075488,0.301056,0.164864,0.541408
1449,traditional,0.082080,0.300032,0.161792,0.543904
1450,traditional,0.074720,0.318464,0.161792,0.554976
1451,traditional,0.082016,0.312320,0.165888,0.560224
1452,traditional,0.073024,0.296960,0.165888,0.535872
1453,traditional,0.082592,0.306176,0.172032,0.560800
1454,traditional,0.075392,0.315392,0.162816,0.553600
1455,traditional,0.069696,0.317440,0.162816,0.549952
1456,traditional,0.077440,0.296960,0.161792,0.536192
1457,traditional,0.073696,0.294912,0.161792,0.530400
1458,traditional,0.072768,0.295936,0.162816,0.531520
1459,traditional,0.069760,0.299008,0.163840,0.532608
1460,traditional,0.075648,0.329728,0.162816,0.568192
1461,traditional,0.074272,0.301056,0.162816,0.538144
1462,traditional,0.074688,0.318464,0.174080,0.567232
1463,traditional,0.075264,0.306176,0.173056,0.554496
1464,traditional,0.072352,0.307200,0.161792,0.541344
1465,traditional,0.073056,0.315392,0.161792,0.550240
1466,traditional,0.071680,0.317440,0.162816,0.551936
1467,traditional,0.071360,0.294912,0.162816,0.529088
1468,traditional,0.074784,0.294912,0.161792,0.531488
1469,traditional,0.071008,0.297984,0.161792,0.530784
1470,traditional,0.070560,0.315392,0.162816,0.548768
1471,traditional,0.081888,0.296960,0.161792,0.540640
1472,traditional,0.073056,0.305152,0.173056,0.551264
1473,traditional,0.081888,0.295936,0.174080,0.551904
1474,traditional,0.075392,0.306176,0.163840,0.545408
1475,traditional,0.102208,0.311296,0.188416,0.601920
1476,traditional,0.083936,0.305152,0.162816,0.551904
1477,traditional,0.073504,0.302080,0.162816,0.538400
1478,traditional,0.082560,0.301056,0.188416,0.572032
1479,traditional,0.073920,0.313344,0.162816,0.550080
1480,traditional,0.076672,0.294912,0.161792,0.533376
1481,traditional,0.074048,0.296960,0.165888,0.536896
1482,traditional,0.072832,0.321536,0.171008,0.565376
1483,traditional,0.075136,0.307200,0.162816,0.545152
1484,traditional,0.074400,0.307200,0.161792,0.543392
1485,traditional,0.069920,0.358400,0.162816,0.591136
1486,traditional,0.069888,0.295936,0.161792,0.527616
1487,traditional,0.084352,0.294912,0.163840,0.543104
1488,traditional,0.071616,0.294912,0.162816,0.529344
1489,traditional,0.071072,0.295936,0.165888,0.532896
1490,traditional,0.078560,0.292864,0.162816,0.534240
1491,traditional,0.081312,0.310272,0.176128,0.567712
1492,traditional,0.071424,0.300032,0.162816,0.534272
1493,traditional,0.072512,0.295936,0.183296,0.551744
1494,traditional,0.074112,0.302080,0.162816,0.539008
1495,traditional,0.071424,0.327680,0.165888,0.564992
1496,traditional,0.071424,0.293888,0.161792,0.527104
1497,traditional,0.070176,0.296960,0.161792,0.528928
1498,traditional,0.069824,0.328704,0.162816,0.561344
1499,traditional,0.069184,0.310272,0.188416,0.567872
1500,traditional,0.072928,0.296960,0.164864,0.534752
1501,traditional,0.080704,0.293888,0.163840,0.538432
1502,traditional,0.071744,0.302080,0.161792,0.535616
1503,traditional,0.075072,0.307200,0.161792,0.544064
1504,traditional,0.083040,0.304128,0.161792,0.548960
1505,traditional,0.069440,0.294912,0.162816,0.527168
1506,traditional,0.070752,0.294912,0.163840,0.529504
1507,traditional,0.069696,0.300032,0.162816,0.532544
1508,traditional,0.071744,0.302080,0.173056,0.546880
1509,traditional,0.073632,0.328704,0.162816,0.565152
1510,traditional,0.071712,0.324608,0.162816,0.559136
1511,traditional,0.069216,0.297984,0.162816,0.530016
1512,traditional,0.075520,0.295936,0.162816,0.534272
1513,traditional,0.080512,0.305152,0.162816,0.548480
1514,traditional,0.083520,0.311296,0.161792,0.556608
1515,traditional,0.073536,0.319488,0.169984,0.563008
1516,traditional,0.071392,0.304128,0.162816,0.538336
1517,traditional,0.081472,0.308224,0.161792,0.551488
1518,traditional,0.073824,0.305152,0.161792,0.540768
1519,traditional,0.071904,0.307200,0.161792,0.540896
1520,traditional,0.073632,0.306176,0.161792,0.541600
1521,traditional,0.072640,0.312320,0.161792,0.546752
1522,traditional,0.071872,0.296960,0.161792,0.530624
1523,traditional,0.070432,0.329728,0.176128,0.576288
1524,traditional,0.080160,0.318464,0.161792,0.560416
1525,traditional,0.083168,0.314368,0.189440,0.586976
1526,traditional,0.081504,0.312320,0.162816,0.556640
1527,traditional,0.070016,0.311296,0.181248,0.562560
1528,traditional,0.076224,0.315392,0.168960,0.560576
1529,traditional,0.074688,0.295936,0.161792,0.532416
1530,traditional,0.084512,0.302080,0.164864,0.551456
1531,traditional,0.075552,0.309248,0.161792,0.546592
1532,traditional,0.071712,0.320512,0.163840,0.556064
1533,traditional,0.070528,0.305152,0.164864,0.540544
1534,traditional,0.073312,0.307200,0.164864,0.545376
1535,traditional,0.081344,0.330752,0.175104,0.587200
1536,traditional,0.071648,0.303104,0.162816,0.537568
1537,traditional,0.083104,0.310272,0.163840,0.557216
1538,traditional,0.071040,0.307200,0.161792,0.540032
1539,traditional,0.074400,0.325632,0.161792,0.561824
1540,traditional,0.070912,0.317440,0.161792,0.550144
1541,traditional,0.083264,0.328704,0.165888,0.577856
1542,traditional,0.072096,0.309248,0.161792,0.543136
1543,traditional,0.083872,0.300032,0.174080,0.557984
1544,traditional,0.072864,0.294912,0.161792,0.529568
1545,traditional,0.070432,0.295936,0.161792,0.528160
1546,traditional,0.070784,0.305152,0.161792,0.537728
1547,traditional,0.082464,0.316416,0.174080,0.572960
1548,traditional,0.076704,0.307200,0.161792,0.545696
1549,traditional,0.073312,0.305152,0.174080,0.552544
1550,traditional,0.077344,0.306176,0.166912,0.550432
1551,traditional,0.072416,0.306176,0.165888,0.544480
1552,traditional,0.071296,0.314368,0.174080,0.559744
1553,traditional,0.069440,0.304128,0.189440,0.563008
1554,traditional,0.083680,0.303104,0.161792,0.548576
1555,traditional,0.082656,0.306176,0.165888,0.554720
1556,traditional,0.070496,0.306176,0.160768,0.537440
1557,traditional,0.070496,0.302080,0.173056,0.545632
1558,traditional,0.082656,0.303104,0.188416,0.574176
1559,traditional,0.081216,0.306176,0.174080,0.561472
1560,traditional,0.071424,0.305152,0.162816,0.539392
1561,traditional,0.071200,0.293888,0.160768,0.525856
1562,traditional,0.075136,0.300032,0.161792,0.536960
1563,traditional,0.070080,0.315392,0.165888,0.551360
1564,traditional,0.075328,0.324608,0.161792,0.561728
1565,traditional,0.083008,0.297984,0.161792,0.542784
1566,traditional,0.071552,0.294912,0.161792,0.528256
1567,traditional,0.069440,0.295936,0.161792,0.527168
1568,traditional,0.085184,0.292864,0.167936,0.545984
1569,traditional,0.070144,0.291840,0.161792,0.523776
1570,traditional,0.073760,0.306176,0.161792,0.541728
1571,traditional,0.071552,0.297984,0.161792,0.531328
1572,traditional,0.083392,0.312320,0.161792,0.557504
1573,traditional,0.077152,0.331776,0.166912,0.575840
1574,traditional,0.070208,0.301056,0.161792,0.533056
1575,traditional,0.071872,0.293888,0.164864,0.530624
1576,traditional,0.074816,0.322560,0.173056,0.570432
1577,traditional,0.073120,0.303104,0.174080,0.550304
1578,traditional,0.081632,0.301056,0.161792,0.544480
1579,traditional,0.074400,0.301056,0.174080,0.549536
1580,traditional,0.073024,0.310272,0.174080,0.557376
1581,traditional,0.070656,0.290816,0.165888,0.527360
1582,traditional,0.069056,0.295936,0.162816,0.527808
1583,traditional,0.074624,0.294912,0.181248,0.550784
1584,traditional,0.072384,0.297984,0.161792,0.532160
1585,traditional,0.083296,0.294912,0.174080,0.552288
1586,traditional,0.073056,0.306176,0.160768,0.540000
1587,traditional,0.071648,0.302080,0.169984,0.543712
1588,traditional,0.075040,0.310272,0.172032,0.557344
1589,traditional,0.074336,0.315392,0.161792,0.551520
1590,traditional,0.070688,0.316416,0.161792,0.548896
1591,traditional,0.079808,0.316416,0.163840,0.560064
1592,traditional,0.085312,0.316416,0.165888,0.567616
1593,traditional,0.070432,0.291840,0.162816,0.525088
1594,traditional,0.072064,0.296960,0.161792,0.530816
1595,traditional,0.070848,0.300032,0.171008,0.541888
1596,traditional,0.095712,0.305152,0.171008,0.571872
1597,traditional,0.081504,0.319488,0.161792,0.562784
1598,traditional,0.069440,0.297984,0.187392,0.554816
1599,traditional,0.068864,0.301056,0.174080,0.544000
1600,traditional,0.071808,0.330752,0.161792,0.564352
1601,traditional,0.072448,0.309248,0.161792,0.543488
1602,traditional,0.082720,0.320512,0.165888,0.569120
1603,traditional,0.070528,0.309248,0.160768,0.540544
1604,traditional,0.069728,0.302080,0.384000,0.755808
1605,traditional,0.078880,0.305152,0.169984,0.554016
1606,traditional,0.070144,0.306176,0.161792,0.538112
1607,traditional,0.069696,0.299008,0.323584,0.692288
1608,traditional,0.071488,0.299008,0.165888,0.536384
1609,traditional,0.082816,0.304128,0.164864,0.551808
1610,traditional,0.072096,0.303104,0.161792,0.536992
1611,traditional,0.070560,0.293888,0.161792,0.526240
1612,traditional,0.072384,0.307200,0.164864,0.544448
1613,traditional,0.072416,0.302080,0.174080,0.548576
1614,traditional,0.074656,0.306176,0.161792,0.542624
1615,traditional,0.070112,0.299008,0.161792,0.530912
1616,traditional,0.071104,0.301056,0.161792,0.533952
1617,traditional,0.084384,0.307200,0.161792,0.553376
1618,traditional,0.073344,0.300032,0.161792,0.535168
1619,traditional,0.070240,0.293888,0.161792,0.525920
1620,traditional,0.072896,0.299008,0.174080,0.545984
1621,traditional,0.070176,0.303104,0.161792,0.535072
1622,traditional,0.069728,0.293888,0.161792,0.525408
1623,traditional,0.098592,0.300032,0.161792,0.560416
1624,traditional,0.071136,0.312320,0.161792,0.545248
1625,traditional,0.083008,0.295936,0.161792,0.540736
1626,traditional,0.082336,0.299008,0.178176,0.559520
1627,traditional,0.070880,0.303104,0.168960,0.542944
1628,traditional,0.071584,0.299008,0.161792,0.532384
1629,traditional,0.073888,0.307200,0.165888,0.546976
1630,traditional,0.072288,0.315392,0.160768,0.548448
1631,traditional,0.071360,0.320512,0.163840,0.555712
1632,traditional,0.074816,0.299008,0.161792,0.535616
1633,traditional,0.070144,0.317440,0.171008,0.558592
1634,traditional,0.073600,0.307200,0.160768,0.541568
1635,traditional,0.069664,0.294912,0.161792,0.526368
1636,traditional,0.073472,0.309248,0.161792,0.544512
1637,traditional,0.071392,0.295936,0.161792,0.529120
1638,traditional,0.071680,0.320512,0.162816,0.555008
1639,traditional,0.083072,0.301056,0.162816,0.546944
1640,traditional,0.075904,0.308224,0.161792,0.545920
1641,traditional,0.074496,0.302080,0.162816,0.539392
1642,traditional,0.072256,0.311296,0.161792,0.545344
1643,traditional,0.072128,0.331776,0.164864,0.568768
1644,traditional,0.076032,0.323584,0.171008,0.570624
1645,traditional,0.070656,0.296960,0.191488,0.559104
1646,traditional,0.072416,0.306176,0.162816,0.541408
1647,traditional,0.069568,0.336896,0.162816,0.569280
1648,traditional,0.074176,0.308224,0.161792,0.544192
1649,traditional,0.074656,0.299008,0.165888,0.539552
1650,traditional,0.076096,0.296960,0.161792,0.534848
1651,traditional,0.073568,0.302080,0.166912,0.542560
1652,traditional,0.075520,0.316416,0.161792,0.553728
1653,traditional,0.079104,0.313344,0.161792,0.554240
1654,traditional,0.071616,0.313344,0.161792,0.546752
1655,traditional,0.070336,0.304128,0.161792,0.536256
1656,traditional,0.071616,0.299008,0.165888,0.536512
1657,traditional,0.072128,0.327680,0.162816,0.562624
1658,traditional,0.075520,0.306176,0.186368,0.568064
1659,traditional,0.071328,0.309248,0.175104,0.555680
1660,traditional,0.071168,0.306176,0.161792,0.539136
1661,traditional,0.081664,0.308224,0.172032,0.561920
1662,traditional,0.070624,0.314368,0.178176,0.563168
1663,traditional,0.069440,0.318464,0.161792,0.549696
1664,traditional,0.081920,0.310272,0.161792,0.553984
1665,traditional,0.080224,0.299008,0.162816,0.542048
1666,traditional,0.071072,0.293888,0.161792,0.526752
1667,traditional,0.083360,0.325632,0.162816,0.571808
1668,traditional,0.083936,0.343040,0.161792,0.588768
1669,traditional,0.073600,0.295936,0.164864,0.534400
1670,traditional,0.070560,0.306176,0.161792,0.538528
1671,traditional,0.069504,0.294912,0.162816,0.527232
1672,traditional,0.071296,0.304128,0.161792,0.537216
1673,traditional,0.070304,0.293888,0.162816,0.527008
1674,traditional,0.071936,0.308224,0.169984,0.550144
1675,traditional,0.080288,0.324608,0.162816,0.567712
1676,traditional,0.071456,0.305152,0.161792,0.538400
1677,traditional,0.072832,0.293888,0.165888,0.532608
1678,traditional,0.075424,0.293888,0.162816,0.532128
1679,traditional,0.074592,0.321536,0.165888,0.562016
1680,traditional,0.074848,0.297984,0.162816,0.535648
1681,traditional,0.069856,0.293888,0.164864,0.528608
1682,traditional,0.071968,0.305152,0.161792,0.538912
1683,traditional,0.073728,0.301056,0.164864,0.539648
1684,traditional,0.075328,0.296960,0.162816,0.535104
1685,traditional,0.071296,0.295936,0.165888,0.533120
1686,traditional,0.070560,0.309248,0.161792,0.541600
1687,traditional,0.071360,0.301056,0.161792,0.534208
1688,traditional,0.072512,0.294912,0.161792,0.529216
1689,traditional,0.074400,0.318464,0.165888,0.558752
1690,traditional,0.074688,0.294912,0.164864,0.534464
1691,traditional,0.071680,0.295936,0.162816,0.530432
1692,traditional,0.071904,0.293888,0.163840,0.529632
1693,traditional,0.075360,0.293888,0.165888,0.535136
1694,traditional,0.070272,0.296960,0.161792,0.529024
1695,traditional,0.072832,0.303104,0.162816,0.538752
1696,traditional,0.071520,0.297984,0.164864,0.534368
1697,traditional,0.069056,0.296960,0.161792,0.527808
1698,traditional,0.070656,0.296960,0.161792,0.529408
1699,traditional,0.071744,0.293888,0.163840,0.529472
1700,traditional,0.072832,0.300032,0.174080,0.546944
1701,traditional,0.074592,0.304128,0.162816,0.541536
1702,traditional,0.073632,0.294912,0.161792,0.530336
1703,traditional,0.070528,0.292864,0.165888,0.529280
1704,traditional,0.072288,0.295936,0.161792,0.530016
1705,traditional,0.084000,0.295936,0.161792,0.541728
1706,traditional,0.083104,0.300032,0.175104,0.558240
1707,traditional,0.083008,0.297984,0.165888,0.546880
1708,traditional,0.071200,0.316416,0.161792,0.549408
1709,traditional,0.070816,0.305152,0.161792,0.537760
1710,traditional,0.072096,0.297984,0.165888,0.535968
1711,traditional,0.070112,0.310272,0.162816,0.543200
1712,traditional,0.070464,0.313344,0.162816,0.546624
1713,traditional,0.070688,0.303104,0.163840,0.537632
1714,traditional,0.076928,0.306176,0.165888,0.548992
1715,traditional,0.078112,0.315392,0.165888,0.559392
1716,traditional,0.072224,0.314368,0.161792,0.548384
1717,traditional,0.073792,0.301056,0.162816,0.537664
1718,traditional,0.070880,0.307200,0.161792,0.539872
1719,traditional,0.083584,0.318464,0.162816,0.564864
1720,traditional,0.076928,0.308224,0.175104,0.560256
1721,traditional,0.074560,0.293888,0.161792,0.530240
1722,traditional,0.074560,0.308224,0.161792,0.544576
1723,traditional,0.069856,0.304128,0.162816,0.536800
1724,traditional,0.074304,0.292864,0.161792,0.528960
1725,traditional,0.069536,0.307200,0.162816,0.539552
1726,traditional,0.084064,0.345088,0.175104,0.604256
1727,traditional,0.075776,0.311296,0.162816,0.549888
1728,traditional,0.071104,0.310272,0.188416,0.569792
1729,traditional,0.070080,0.306176,0.162816,0.539072
1730,traditional,0.072576,0.305152,0.174080,0.551808
1731,traditional,0.069504,0.318464,0.169984,0.557952
1732,traditional,0.071200,0.305152,0.162816,0.539168
1733,traditional,0.070464,0.309248,0.184320,0.564032
1734,traditional,0.074880,0.306176,0.165888,0.546944
1735,traditional,0.073088,0.328704,0.175104,0.576896
1736,traditional,0.071648,0.300032,0.190464,0.562144
1737,traditional,0.070912,0.304128,0.163840,0.538880
1738,traditional,0.072640,0.303104,0.161792,0.537536
1739,traditional,0.071936,0.297984,0.168960,0.538880
1740,traditional,0.070656,0.293888,0.162816,0.527360
1741,traditional,0.073120,0.304128,0.162816,0.540064
1742,traditional,0.069088,0.304128,0.161792,0.535008
1743,traditional,0.069152,0.306176,0.161792,0.537120
1744,traditional,0.082880,0.295936,0.165888,0.544704
1745,traditional,0.073952,0.304128,0.165888,0.543968
1746,traditional,0.078816,0.309248,0.164864,0.552928
1747,traditional,0.083296,0.301056,0.162816,0.547168
1748,traditional,0.077760,0.325632,0.162816,0.566208
1749,traditional,0.071584,0.295936,0.162816,0.530336
1750,traditional,0.071488,0.312320,0.161792,0.545600
1751,traditional,0.073984,0.314368,0.162816,0.551168
1752,traditional,0.083776,0.323584,0.162816,0.570176
1753,traditional,0.081056,0.305152,0.161792,0.548000
1754,traditional,0.074752,0.299008,0.164864,0.538624
1755,traditional,0.072736,0.295936,0.161792,0.530464
1756,traditional,0.074816,0.294912,0.161792,0.531520
1757,traditional,0.071040,0.301056,0.165888,0.537984
1758,traditional,0.075264,0.293888,0.167936,0.537088
1759,traditional,0.069600,0.297984,0.167936,0.535520
1760,traditional,0.071392,0.312320,0.174080,0.557792
1761,traditional,0.069568,0.309248,0.162816,0.541632
1762,traditional,0.071168,0.316416,0.164864,0.552448
1763,traditional,0.071200,0.299008,0.171008,0.541216
1764,traditional,0.074048,0.312320,0.175104,0.561472
1765,traditional,0.081696,0.313344,0.161792,0.556832
1766,traditional,0.071264,0.297984,0.174080,0.543328
1767,traditional,0.082880,0.311296,0.161792,0.555968
1768,traditional,0.073216,0.301056,0.174080,0.548352
1769,traditional,0.069728,0.308224,0.163840,0.541792
1770,traditional,0.084128,0.315392,0.175104,0.574624
1771,traditional,0.070112,0.300032,0.161792,0.531936
1772,traditional,0.083072,0.310272,0.161792,0.555136
1773,traditional,0.079424,0.330752,0.175104,0.585280
1774,traditional,0.071904,0.345088,0.161792,0.578784
1775,traditional,0.071008,0.299008,0.161792,0.531808
1776,traditional,0.075872,0.314368,0.164864,0.555104
1777,traditional,0.070208,0.297984,0.161792,0.529984
1778,traditional,0.083776,0.295936,0.165888,0.545600
1779,traditional,0.083296,0.331776,0.166912,0.581984
1780,traditional,0.075104,0.307200,0.161792,0.544096
1781,traditional,0.081440,0.319488,0.164864,0.565792
1782,traditional,0.073536,0.308224,0.161792,0.543552
1783,traditional,0.069696,0.328704,0.161792,0.560192
1784,traditional,0.081856,0.295936,0.164864,0.542656
1785,traditional,0.070880,0.309248,0.161792,0.541920
1786,traditional,0.085440,0.316416,0.161792,0.563648
1787,traditional,0.080000,0.314368,0.161792,0.556160
1788,traditional,0.083520,0.295936,0.164864,0.544320
1789,traditional,0.074304,0.303104,0.161792,0.539200
1790,traditional,0.070976,0.307200,0.161792,0.539968
1791,traditional,0.083456,0.311296,0.161792,0.556544
1792,traditional,0.071008,0.350208,0.161792,0.583008
1793,traditional,0.070656,0.308224,0.161792,0.540672
1794,traditional,0.074112,0.304128,0.173056,0.551296
1795,traditional,0.083520,0.326656,0.171008,0.581184
1796,traditional,0.095136,0.308224,0.165888,0.569248
1797,traditional,0.072896,0.311296,0.165888,0.550080
1798,traditional,0.069760,0.300032,0.173056,0.542848
1799,traditional,0.069792,0.309248,0.161792,0.540832
1800,traditional,0.086208,0.328704,0.161792,0.576704
1801,traditional,0.074016,0.295936,0.161792,0.531744
1802,traditional,0.076416,0.319488,0.174080,0.569984
1803,traditional,0.082784,0.307200,0.162816,0.552800
1804,traditional,0.071392,0.299008,0.164864,0.535264
1805,traditional,0.071072,0.309248,0.161792,0.542112
1806,traditional,0.082016,0.297984,0.161792,0.541792
1807,traditional,0.069888,0.309248,0.172032,0.551168
1808,traditional,0.070048,0.316416,0.369664,0.756128
1809,traditional,0.076448,0.330752,0.162816,0.570016
1810,traditional,0.071200,0.302080,0.197632,0.570912
1811,traditional,0.082272,0.301056,0.176128,0.559456
1812,traditional,0.082720,0.324608,0.161792,0.569120
1813,traditional,0.082880,0.310272,0.161792,0.554944
1814,traditional,0.073888,0.302080,0.161792,0.537760
1815,traditional,0.072896,0.313344,0.165888,0.552128
1816,traditional,0.073664,0.297984,0.161792,0.533440
1817,traditional,0.082528,0.289792,0.161792,0.534112
1818,traditional,0.071616,0.290816,0.161792,0.524224
1819,traditional,0.069536,0.317440,0.171008,0.557984
1820,traditional,0.075072,0.302080,0.164864,0.542016
1821,traditional,0.069792,0.306176,0.174080,0.550048
1822,traditional,0.073376,0.289792,0.161792,0.524960
1823,traditional,0.070976,0.296960,0.164864,0.532800
1824,traditional,0.073888,0.290816,0.161792,0.526496
1825,traditional,0.070272,0.290816,0.161792,0.522880
1826,traditional,0.070112,0.291840,0.161792,0.523744
1827,traditional,0.072064,0.293888,0.161792,0.527744
1828,traditional,0.070112,0.309248,0.161792,0.541152
1829,traditional,0.070464,0.307200,0.174080,0.551744
1830,traditional,0.080352,0.307200,0.161792,0.549344
1831,traditional,0.070080,0.290816,0.172032,0.532928
1832,traditional,0.071360,0.310272,0.161792,0.543424
1833,traditional,0.070080,0.293888,0.164864,0.528832
1834,traditional,0.073248,0.294912,0.161792,0.529952
1835,traditional,0.083424,0.293888,0.161792,0.539104
1836,traditional,0.072256,0.308224,0.162816,0.543296
1837,traditional,0.072512,0.294912,0.161792,0.529216
1838,traditional,0.068992,0.296960,0.161792,0.527744
1839,traditional,0.069760,0.315392,0.171008,0.556160
1840,traditional,0.073184,0.312320,0.164864,0.550368
1841,traditional,0.071936,0.311296,0.172032,0.555264
1842,traditional,0.071584,0.293888,0.161792,0.527264
1843,traditional,0.069856,0.292864,0.177152,0.539872
1844,traditional,0.071200,0.293888,0.161792,0.526880
1845,traditional,0.070240,0.290816,0.165888,0.526944
1846,traditional,0.070240,0.312320,0.161792,0.544352
1847,traditional,0.068608,0.304128,0.174080,0.546816
1848,traditional,0.071072,0.300032,0.162816,0.533920
1849,traditional,0.069440,0.291840,0.161792,0.523072
1850,traditional,0.083936,0.321536,0.165888,0.571360
1851,traditional,0.071776,0.310272,0.163840,0.545888
1852,traditional,0.094624,0.301056,0.161792,0.557472
1853,traditional,0.070944,0.307200,0.161792,0.539936
1854,traditional,0.069952,0.319488,0.164864,0.554304
1855,traditional,0.070752,0.303104,0.161792,0.535648
1856,traditional,0.075360,0.293888,0.161792,0.531040
1857,traditional,0.068320,0.323584,0.163840,0.555744
1858,traditional,0.071296,0.293888,0.162816,0.528000
1859,traditional,0.081504,0.319488,0.184320,0.585312
1860,traditional,0.083136,0.308224,0.174080,0.565440
1861,traditional,0.069824,0.305152,0.174080,0.549056
1862,traditional,0.082208,0.317440,0.175104,0.574752
1863,traditional,0.084032,0.303104,0.161792,0.548928
1864,traditional,0.074080,0.300032,0.162816,0.536928
1865,traditional,0.082944,0.318464,0.174080,0.575488
1866,traditional,0.081632,0.321536,0.183296,0.586464
1867,traditional,0.070016,0.308224,0.161792,0.540032
1868,traditional,0.073856,0.311296,0.161792,0.546944
1869,traditional,0.073696,0.335872,0.174080,0.583648
1870,traditional,0.076640,0.299008,0.167936,0.543584
1871,traditional,0.070112,0.308224,0.161792,0.540128
1872,traditional,0.071424,0.306176,0.161792,0.539392
1873,traditional,0.069568,0.322560,0.161792,0.553920
1874,traditional,0.071456,0.304128,0.162816,0.538400
1875,traditional,0.083744,0.319488,0.161792,0.565024
1876,traditional,0.074240,0.304128,0.174080,0.552448
1877,traditional,0.071072,0.315392,0.173056,0.559520
1878,traditional,0.069952,0.315392,0.173056,0.558400
1879,traditional,0.070912,0.302080,0.174080,0.547072
1880,traditional,0.071456,0.324608,0.167936,0.564000
1881,traditional,0.083264,0.305152,0.165888,0.554304
1882,traditional,0.083936,0.316416,0.174080,0.574432
1883,traditional,0.070912,0.309248,0.161792,0.541952
1884,traditional,0.072288,0.300032,0.173056,0.545376
1885,traditional,0.071680,0.330752,0.169984,0.572416
1886,traditional,0.073856,0.302080,0.161792,0.537728
1887,traditional,0.074048,0.314368,0.161792,0.550208
1888,traditional,0.071392,0.315392,0.163840,0.550624
1889,traditional,0.073504,0.309248,0.165888,0.548640
1890,traditional,0.070496,0.312320,0.162816,0.545632
1891,traditional,0.072800,0.300032,0.161792,0.534624
1892,traditional,0.070528,0.294912,0.164864,0.530304
1893,traditional,0.071168,0.304128,0.171008,0.546304
1894,traditional,0.079840,0.294912,0.173056,0.547808
1895,traditional,0.070240,0.310272,0.161792,0.542304
1896,traditional,0.085152,0.310272,0.161792,0.557216
1897,traditional,0.080960,0.302080,0.161792,0.544832
1898,traditional,0.083296,0.318464,0.164864,0.566624
1899,traditional,0.072704,0.308224,0.175104,0.556032
1900,traditional,0.082432,0.296960,0.164864,0.544256
1901,traditional,0.082848,0.310272,0.161792,0.554912
1902,traditional,0.070112,0.318464,0.162816,0.551392
1903,traditional,0.071456,0.296960,0.162816,0.531232
1904,traditional,0.082880,0.294912,0.161792,0.539584
1905,traditional,0.082688,0.299008,0.160768,0.542464
1906,traditional,0.071136,0.309248,0.161792,0.542176
1907,traditional,0.069280,0.302080,0.173056,0.544416
1908,traditional,0.074592,0.294912,0.165888,0.535392
1909,traditional,0.073184,0.313344,0.164864,0.551392
1910,traditional,0.074400,0.308224,0.174080,0.556704
1911,traditional,0.072128,0.296960,0.164864,0.533952
1912,traditional,0.070240,0.310272,0.165888,0.546400
1913,traditional,0.073504,0.301056,0.161792,0.536352
1914,traditional,0.075232,0.312320,0.161792,0.549344
1915,traditional,0.082496,0.318464,0.164864,0.565824
1916,traditional,0.074240,0.300032,0.161792,0.536064
1917,traditional,0.070464,0.295936,0.164864,0.531264
1918,traditional,0.083872,0.295936,0.171008,0.550816
1919,traditional,0.072032,0.296960,0.161792,0.530784
1920,traditional,0.071712,0.296960,0.174080,0.542752
1921,traditional,0.082528,0.308224,0.161792,0.552544
1922,traditional,0.082464,0.318464,0.174080,0.575008
1923,traditional,0.070304,0.294912,0.161792,0.527008
1924,traditional,0.084032,0.309248,0.161792,0.555072
1925,traditional,0.083104,0.297984,0.165888,0.546976
1926,traditional,0.074240,0.326656,0.165888,0.566784
1927,traditional,0.073568,0.304128,0.161792,0.539488
1928,traditional,0.074144,0.324608,0.163840,0.562592
1929,traditional,0.083200,0.312320,0.162816,0.558336
1930,traditional,0.072928,0.312320,0.163840,0.549088
1931,traditional,0.069984,0.300032,0.186368,0.556384
1932,traditional,0.075264,0.319488,0.161792,0.556544
1933,traditional,0.069600,0.304128,0.176128,0.549856
1934,traditional,0.084480,0.293888,0.161792,0.540160
1935,traditional,0.075200,0.311296,0.164864,0.551360
1936,traditional,0.072224,0.311296,0.161792,0.545312
1937,traditional,0.070496,0.308224,0.160768,0.539488
1938,traditional,0.071936,0.307200,0.165888,0.545024
1939,traditional,0.071040,0.312320,0.161792,0.545152
1940,traditional,0.070464,0.296960,0.165888,0.533312
1941,traditional,0.083328,0.320512,0.162816,0.566656
1942,traditional,0.081696,0.316416,0.174080,0.572192
1943,traditional,0.083264,0.302080,0.161792,0.547136
1944,traditional,0.072928,0.307200,0.165888,0.546016
1945,traditional,0.082848,0.325632,0.165888,0.574368
1946,traditional,0.082112,0.316416,0.164864,0.563392
1947,traditional,0.070336,0.313344,0.162816,0.546496
1948,traditional,0.072576,0.294912,0.161792,0.529280
1949,traditional,0.071232,0.297984,0.161792,0.531008
1950,traditional,0.069536,0.316416,0.161792,0.547744
1951,traditional,0.088064,0.330752,0.161792,0.580608
1952,traditional,0.079360,0.302080,0.161792,0.543232
1953,traditional,0.068608,0.312320,0.161792,0.542720
1954,traditional,0.081504,0.312320,0.162816,0.556640
1955,traditional,0.081472,0.315392,0.161792,0.558656
1956,traditional,0.084416,0.306176,0.179200,0.569792
1957,traditional,0.069888,0.301056,0.161792,0.532736
1958,traditional,0.071520,0.327680,0.174080,0.573280
1959,traditional,0.081184,0.309248,0.171008,0.561440
1960,traditional,0.082304,0.319488,0.161792,0.563584
1961,traditional,0.082432,0.307200,0.161792,0.551424
1962,traditional,0.074912,0.303104,0.164864,0.542880
1963,traditional,0.070784,0.314368,0.163840,0.548992
1964,traditional,0.073120,0.302080,0.161792,0.536992
1965,traditional,0.080960,0.311296,0.162816,0.555072
1966,traditional,0.070400,0.323584,0.174080,0.568064
1967,traditional,0.071872,0.312320,0.161792,0.545984
1968,traditional,0.071552,0.312320,0.161792,0.545664
1969,traditional,0.073792,0.323584,0.161792,0.559168
1970,traditional,0.072032,0.316416,0.161792,0.550240
1971,traditional,0.070464,0.294912,0.164864,0.530240
1972,traditional,0.073408,0.305152,0.164864,0.543424
1973,traditional,0.075776,0.295936,0.174080,0.545792
1974,traditional,0.082816,0.297984,0.161792,0.542592
1975,traditional,0.080576,0.308224,0.165888,0.554688
1976,traditional,0.070848,0.301056,0.161792,0.533696
1977,traditional,0.080064,0.303104,0.161792,0.544960
1978,traditional,0.072704,0.312320,0.164864,0.549888
1979,traditional,0.076064,0.309248,0.161792,0.547104
1980,traditional,0.072608,0.330752,0.169984,0.573344
1981,traditional,0.082400,0.312320,0.171008,0.565728
1982,traditional,0.070080,0.299008,0.174080,0.543168
1983,traditional,0.080608,0.316416,0.186368,0.583392
1984,traditional,0.070240,0.301056,0.164864,0.536160
1985,traditional,0.081888,0.312320,0.161792,0.556000
1986,traditional,0.082208,0.299008,0.161792,0.543008
1987,traditional,0.072096,0.304128,0.161792,0.538016
1988,traditional,0.077792,0.306176,0.161792,0.545760
1989,traditional,0.070912,0.299008,0.161792,0.531712
1990,traditional,0.072224,0.304128,0.162816,0.539168
1991,traditional,0.074048,0.328704,0.161792,0.564544
1992,traditional,0.074144,0.294912,0.186368,0.555424
1993,traditional,0.070976,0.299008,0.161792,0.531776
1994,traditional,0.074208,0.299008,0.161792,0.535008
1995,traditional,0.069792,0.293888,0.166912,0.530592
1996,traditional,0.074048,0.293888,0.161792,0.529728
1997,traditional,0.075232,0.301056,0.162816,0.539104
1998,traditional,0.072704,0.299008,0.164864,0.536576
1999,traditional,0.070624,0.305152,0.160768,0.536544
2000,traditional,0.084768,0.293888,0.161792,0.540448
2001,traditional,0.082336,0.317440,0.161792,0.561568
2002,traditional,0.085344,0.301056,0.173056,0.559456
2003,traditional,0.082336,0.293888,0.162816,0.539040
2004,traditional,0.081920,0.310272,0.161792,0.553984
2005,traditional,0.079968,0.302080,0.164864,0.546912
2006,traditional,0.069472,0.300032,0.160768,0.530272
2007,traditional,0.073472,0.304128,0.161792,0.539392
2008,traditional,0.074656,0.308224,0.172032,0.554912
2009,traditional,0.069472,0.312320,0.165888,0.547680
2010,traditional,0.075744,0.297984,0.182272,0.556000
2011,traditional,0.070880,0.310272,0.174080,0.555232
2012,traditional,0.071680,0.304128,0.165888,0.541696
2013,traditional,0.070944,0.299008,0.161792,0.531744
2014,traditional,0.071200,0.296960,0.161792,0.529952
2015,traditional,0.073376,0.294912,0.161792,0.530080
2016,traditional,0.071264,0.297984,0.164864,0.534112
2017,traditional,0.097888,0.294912,0.161792,0.554592
2018,traditional,0.076448,0.304128,0.162816,0.543392
2019,traditional,0.074528,0.309248,0.161792,0.545568
2020,traditional,0.071136,0.308224,0.161792,0.541152
2021,traditional,0.070624,0.331776,0.162816,0.565216
2022,traditional,0.083072,0.306176,0.161792,0.551040
2023,traditional,0.069760,0.311296,0.162816,0.543872
2024,traditional,0.072544,0.303104,0.161792,0.537440
2025,traditional,0.073920,0.302080,0.174080,0.550080
2026,traditional,0.081632,0.293888,0.161792,0.537312
2027,traditional,0.074880,0.319488,0.161792,0.556160
2028,traditional,0.071584,0.311296,0.174080,0.556960
2029,traditional,0.071488,0.294912,0.160768,0.527168
2030,traditional,0.082560,0.318464,0.161792,0.562816
2031,traditional,0.073792,0.296960,0.165888,0.536640
2032,traditional,0.071520,0.318464,0.161792,0.551776
2033,traditional,0.075360,0.305152,0.161792,0.542304
2034,traditional,0.075872,0.308224,0.161792,0.545888
2035,traditional,0.071136,0.318464,0.165888,0.555488
2036,traditional,0.082688,0.308224,0.168960,0.559872
2037,traditional,0.070176,0.334848,0.161792,0.566816
2038,traditional,0.094240,0.304128,0.174080,0.572448
2039,traditional,0.070624,0.311296,0.164864,0.546784
2040,traditional,0.082880,0.299008,0.160768,0.542656
2041,traditional,0.081504,0.309248,0.167936,0.558688
2042,traditional,0.095872,0.313344,0.171008,0.580224
2043,traditional,0.079968,0.317440,0.196608,0.594016
2044,traditional,0.085152,0.303104,0.161792,0.550048
2045,traditional,0.073504,0.333824,0.186368,0.593696
2046,traditional,0.083776,0.301056,0.161792,0.546624
2047,traditional,0.069952,0.316416,0.365568,0.751936
2048,traditional,0.074400,0.312320,0.187392,0.574112
2049,traditional,0.082272,0.297984,0.162816,0.543072
2050,traditional,0.075680,0.295936,0.161792,0.533408
2051,traditional,0.070784,0.323584,0.161792,0.556160
2052,traditional,0.073984,0.302080,0.165888,0.541952
2053,traditional,0.082368,0.305152,0.174080,0.561600
2054,traditional,0.070720,0.303104,0.161792,0.535616
2055,traditional,0.081440,0.318464,0.161792,0.561696
2056,traditional,0.094560,0.300032,0.161792,0.556384
2057,traditional,0.073184,0.324608,0.161792,0.559584
2058,traditional,0.071232,0.293888,0.171008,0.536128
2059,traditional,0.072224,0.295936,0.164864,0.533024
2060,traditional,0.073984,0.308224,0.161792,0.544000
2061,traditional,0.070368,0.294912,0.160768,0.526048
2062,traditional,0.069152,0.299008,0.161792,0.529952
2063,traditional,0.076000,0.312320,0.175104,0.563424
2064,traditional,0.074816,0.297984,0.165888,0.538688
2065,traditional,0.069184,0.304128,0.161792,0.535104
2066,traditional,0.074464,0.295936,0.186368,0.556768
2067,traditional,0.076352,0.308224,0.162816,0.547392
2068,traditional,0.070400,0.294912,0.161792,0.527104
2069,traditional,0.071968,0.339968,0.165888,0.577824
2070,traditional,0.096896,0.312320,0.166912,0.576128
2071,traditional,0.101824,0.321536,0.165888,0.589248
2072,traditional,0.070848,0.295936,0.161792,0.528576
2073,traditional,0.069472,0.306176,0.161792,0.537440
2074,traditional,0.071360,0.301056,0.161792,0.534208
2075,traditional,0.070176,0.343040,0.161792,0.575008
2076,traditional,0.071072,0.310272,0.161792,0.543136
2077,traditional,0.082848,0.313344,0.174080,0.570272
2078,traditional,0.076672,0.297984,0.174080,0.548736
2079,traditional,0.074784,0.322560,0.161792,0.559136
2080,traditional,0.073600,0.307200,0.161792,0.542592
2081,traditional,0.069280,0.305152,0.164864,0.539296
2082,traditional,0.073312,0.310272,0.161792,0.545376
2083,traditional,0.069472,0.315392,0.161792,0.546656
2084,traditional,0.071360,0.299008,0.161792,0.532160
2085,traditional,0.091232,0.485376,0.188416,0.765024
2086,traditional,0.083264,0.313344,0.185344,0.581952
2087,traditional,0.074848,0.313344,0.164864,0.553056
2088,traditional,0.074848,0.302080,0.169984,0.546912
2089,traditional,0.081120,0.297984,0.161792,0.540896
2090,traditional,0.071232,0.317440,0.164864,0.553536
2091,traditional,0.071648,0.294912,0.161792,0.528352
2092,traditional,0.072256,0.307200,0.161792,0.541248
2093,traditional,0.072864,0.296960,0.161792,0.531616
2094,traditional,0.070848,0.305152,0.161792,0.537792
2095,traditional,0.074784,0.318464,0.161792,0.555040
2096,traditional,0.073952,0.295936,0.161792,0.531680
2097,traditional,0.072992,0.310272,0.164864,0.548128
2098,traditional,0.081856,0.308224,0.160768,0.550848
2099,traditional,0.074048,0.317440,0.169984,0.561472
2100,traditional,0.070432,0.297984,0.161792,0.530208
