frame,renderPath,shadowMs,sceneMs,postProcessMs,frameMs
1,traditional,0.194400,1.609728,0.221184,2.025312
2,traditional,0.202592,1.624064,0.222208,2.048864
3,traditional,0.211424,1.612800,0.822272,2.646496
4,traditional,0.183168,1.582080,0.227328,1.992576
5,traditional,0.222208,2.029568,0.221184,2.472960
6,traditional,0.186016,1.618944,0.222208,2.027168
7,traditional,0.185248,1.646592,0.224256,2.056096
8,traditional,0.219904,1.584128,0.222208,2.026240
9,traditional,0.182048,1.587200,0.222208,1.991456
10,traditional,0.177920,1.623040,0.222208,2.023168
11,traditional,0.187552,1.589248,0.221184,1.997984
12,traditional,0.222944,2.051072,0.222208,2.496224
13,traditional,0.184768,1.588224,0.221184,1.994176
14,traditional,0.185952,1.601536,0.221184,2.008672
15,traditional,0.190592,1.606656,0.221184,2.018432
16,traditional,0.180160,1.593344,0.221184,1.994688
17,traditional,0.178464,1.601536,0.221184,2.001184
18,traditional,0.180096,1.684480,0.222208,2.086784
19,traditional,0.226528,1.602560,0.226304,2.055392
20,traditional,0.212480,1.575936,0.221184,2.009600
21,traditional,0.190560,1.608704,0.222208,2.021472
22,traditional,0.210816,1.590272,0.222208,2.023296
23,traditional,0.187328,1.610752,0.222208,2.020288
24,traditional,0.208128,1.600512,0.221184,2.029824
25,traditional,0.222752,1.611776,0.222208,2.056736
26,traditional,0.231904,1.587200,0.221184,2.040288
27,traditional,0.178208,1.605632,0.221184,2.005024
28,traditional,0.176480,2.017280,0.228352,2.422112
29,traditional,0.212128,1.589248,0.222208,2.023584
30,traditional,0.179072,1.601536,0.222208,2.002816
31,traditional,0.181056,1.609728,0.222208,2.012992
32,traditional,0.182432,1.627136,0.221184,2.030752
33,traditional,0.187136,1.603584,0.222208,2.012928
34,traditional,0.190496,1.580032,0.221184,1.991712
35,traditional,0.199072,1.580032,0.221184,2.000288
36,traditional,0.178496,1.587200,0.221184,1.986880
37,traditional,0.230944,1.602560,0.222208,2.055712
38,traditional,0.221600,1.637376,0.233472,2.092448
39,traditional,0.184192,1.573888,0.221184,1.979264
40,traditional,0.224608,1.591296,0.221184,2.037088
41,traditional,0.191360,1.596416,0.222208,2.009984
42,traditional,0.184992,1.827840,0.201728,2.214560
43,traditional,0.198752,1.483776,0.201728,1.884256
44,traditional,0.169632,1.453056,0.433152,2.055840
45,traditional,0.194976,1.669120,0.202752,2.066848
46,traditional,0.227392,1.453056,0.201728,1.882176
47,traditional,0.214816,1.514496,0.214016,1.943328
48,traditional,0.185984,1.473536,0.202752,1.862272
49,traditional,0.183040,1.440768,0.202752,1.826560
50,traditional,0.212352,1.439744,0.203776,1.855872
51,traditional,0.197184,1.472512,0.202752,1.872448
52,traditional,0.202624,1.444864,0.203776,1.851264
53,traditional,0.173152,1.456128,0.203776,1.833056
54,traditional,0.181440,1.471488,0.203776,1.856704
55,traditional,0.185248,1.433600,0.202752,1.821600
56,traditional,0.192096,1.473536,0.202752,1.868384
57,traditional,0.174400,1.428480,0.202752,1.805632
58,traditional,0.164896,1.437696,0.202752,1.805344
59,traditional,0.183456,1.433600,0.202752,1.819808
60,traditional,0.214464,1.467392,0.207872,1.889728
61,traditional,0.170336,1.462272,0.201728,1.834336
62,traditional,0.181248,1.435648,0.202752,1.819648
63,traditional,0.223584,1.457152,0.202752,1.883488
64,traditional,0.220832,1.437696,0.202752,1.861280
65,traditional,0.185792,1.447936,0.202752,1.836480
66,traditional,0.166624,1.444864,0.202752,1.814240
67,traditional,0.181920,1.494016,0.202752,1.878688
68,traditional,0.185248,1.448960,0.202752,1.836960
69,traditional,0.182976,1.453056,0.202752,1.838784
70,traditional,0.172384,1.432576,0.202752,1.807712
71,traditional,0.169664,1.433600,0.202752,1.806016
72,traditional,0.167200,1.442816,0.201728,1.811744
73,traditional,0.192480,1.491968,0.202752,1.887200
74,traditional,0.182336,1.482752,0.202752,1.867840
75,traditional,0.173728,1.440768,0.202752,1.817248
76,traditional,0.166656,1.447936,0.202752,1.817344
77,traditional,0.185568,1.431552,0.201728,1.818848
78,traditional,0.183136,1.437696,0.202752,1.823584
79,traditional,0.179968,1.471488,0.202752,1.854208
80,traditional,0.190848,1.435648,0.201728,1.828224
81,traditional,0.182432,1.481728,0.202752,1.866912
82,traditional,0.177664,1.435648,0.201728,1.815040
83,traditional,0.183712,1.445888,0.202752,1.832352
84,traditional,0.185312,1.478656,0.202752,1.866720
85,traditional,0.165504,1.446912,0.201728,1.814144
86,traditional,0.175456,1.479680,0.201728,1.856864
87,traditional,0.178752,1.472512,0.202752,1.854016
88,traditional,0.169312,1.430528,0.202752,1.802592
89,traditional,0.182144,1.454080,0.202752,1.838976
90,traditional,0.190144,1.489920,0.202752,1.882816
91,traditional,0.185984,1.451008,0.201728,1.838720
92,traditional,0.208288,1.435648,0.199680,1.843616
93,traditional,0.200704,1.455104,0.199680,1.855488
94,traditional,0.208928,1.427456,0.199680,1.836064
95,traditional,0.180352,1.443840,0.199680,1.823872
96,traditional,0.168352,1.410048,0.199680,1.778080
97,traditional,0.194208,1.421312,0.198656,1.814176
98,traditional,0.177632,1.422336,0.199680,1.799648
99,traditional,0.176224,1.444864,0.199680,1.820768
100,traditional,0.167712,1.413120,0.199680,1.780512
101,traditional,0.164768,1.412096,0.199680,1.776544
102,traditional,0.189088,1.435648,0.199680,1.824416
103,traditional,0.174656,1.430528,0.199680,1.804864
104,traditional,0.181184,1.430528,0.212992,1.824704
105,traditional,0.178592,1.412096,0.203776,1.794464
106,traditional,0.191456,1.434624,0.199680,1.825760
107,traditional,0.182368,1.437696,0.199680,1.819744
108,traditional,0.192224,1.703936,0.199680,2.095840
109,traditional,0.167072,1.441792,0.199680,1.808544
110,traditional,0.180032,1.419264,0.199680,1.798976
111,traditional,0.184928,1.790976,0.375808,2.351712
112,traditional,0.175744,1.468416,0.199680,1.843840
113,traditional,0.169376,1.444864,0.203776,1.818016
114,traditional,0.183904,1.655808,0.204800,2.044512
115,traditional,0.218176,1.434624,0.200704,1.853504
116,traditional,0.165088,1.435648,0.200704,1.801440
117,traditional,0.167008,1.711104,0.199680,2.077792
118,traditional,0.183488,1.414144,0.199680,1.797312
119,traditional,0.180576,1.436672,0.200704,1.817952
120,traditional,0.188672,1.432576,0.199680,1.820928
121,traditional,0.181536,1.454080,0.199680,1.835296
122,traditional,0.175040,1.439744,0.199680,1.814464
123,traditional,0.189344,1.452032,0.199680,1.841056
124,traditional,0.180608,1.442816,0.200704,1.824128
125,traditional,0.166432,1.436672,0.199680,1.802784
126,traditional,0.178304,1.463296,0.199680,1.841280
127,traditional,0.170144,1.451008,0.200704,1.821856
128,traditional,0.184672,1.464320,0.199680,1.848672
129,traditional,0.178048,1.456128,0.200704,1.834880
130,traditional,0.166272,1.444864,0.199680,1.810816
131,traditional,0.175072,1.464320,0.199680,1.839072
132,traditional,0.170656,1.437696,0.200704,1.809056
133,traditional,0.178016,1.418240,0.200704,1.796960
134,traditional,0.173696,1.485824,0.199680,1.859200
135,traditional,0.180736,1.451008,0.201728,1.833472
136,traditional,0.186400,1.467392,0.199680,1.853472
137,traditional,0.190528,1.435648,0.199680,1.825856
138,traditional,0.174272,1.412096,0.200704,1.787072
139,traditional,0.169920,1.413120,0.199680,1.782720
140,traditional,0.183488,1.423360,0.199680,1.806528
141,traditional,0.173408,1.436672,0.199680,1.809760
142,traditional,0.185408,1.429504,0.200704,1.815616
143,traditional,0.203680,1.441792,0.199680,1.845152
144,traditional,0.168128,1.414144,0.199680,1.781952
145,traditional,0.182208,1.415168,0.200704,1.798080
146,traditional,0.164160,1.458176,0.199680,1.822016
147,traditional,0.179552,1.452032,0.200704,1.832288
148,traditional,0.183168,1.474560,0.199680,1.857408
149,traditional,0.181120,1.446912,0.199680,1.827712
150,traditional,0.172160,1.449984,0.199680,1.821824
151,traditional,0.194240,1.446912,0.199680,1.840832
152,traditional,0.163936,1.431552,0.199680,1.795168
153,traditional,0.177344,1.449984,0.208896,1.836224
154,traditional,0.165728,1.420288,0.199680,1.785696
155,traditional,0.190624,1.453056,0.199680,1.843360
156,traditional,0.192704,1.424384,0.199680,1.816768
157,traditional,0.171232,1.430528,0.199680,1.801440
158,traditional,0.209696,1.437696,0.199680,1.847072
159,traditional,0.201184,1.429504,0.199680,1.830368
160,traditional,0.180480,1.411072,0.199680,1.791232
161,traditional,0.170080,1.427456,0.199680,1.797216
162,traditional,0.183776,1.418240,0.199680,1.801696
163,traditional,0.188672,1.442816,0.199680,1.831168
164,traditional,0.179968,1.441792,0.200704,1.822464
165,traditional,0.166496,1.423360,0.200704,1.790560
166,traditional,0.168800,1.445888,0.199680,1.814368
167,traditional,0.180096,1.437696,0.202752,1.820544
168,traditional,0.168288,1.420288,0.200704,1.789280
169,traditional,0.182816,1.447936,0.199680,1.830432
170,traditional,0.212288,1.454080,0.199680,1.866048
171,traditional,0.185088,1.421312,0.199680,1.806080
172,traditional,0.214368,1.487872,0.198656,1.900896
173,traditional,0.170208,1.437696,0.199680,1.807584
174,traditional,0.178976,1.438720,0.199680,1.817376
175,traditional,0.181216,1.446912,0.199680,1.827808
176,traditional,0.207456,1.701888,0.204800,2.114144
177,traditional,0.169952,1.431552,0.200704,1.802208
178,traditional,0.191008,1.443840,0.199680,1.834528
179,traditional,0.195872,1.414144,0.199680,1.809696
180,traditional,0.167968,1.408000,0.200704,1.776672
181,traditional,0.185824,1.447936,0.199680,1.833440
182,traditional,0.181856,1.425408,0.200704,1.807968
183,traditional,0.168928,1.418240,0.199680,1.786848
184,traditional,0.186624,1.431552,0.210944,1.829120
185,traditional,0.170112,1.417216,0.199680,1.787008
186,traditional,0.169472,1.428480,0.199680,1.797632
187,traditional,0.195328,2.075648,0.204800,2.475776
188,traditional,0.188512,1.419264,0.202752,1.810528
189,traditional,0.186816,1.473536,0.200704,1.861056
190,traditional,0.193632,1.432576,0.200704,1.826912
191,traditional,0.166336,1.432576,0.199680,1.798592
192,traditional,0.171168,1.461248,0.200704,1.833120
193,traditional,0.173952,1.422336,0.199680,1.795968
194,traditional,0.165440,1.455104,0.200704,1.821248
195,traditional,0.169792,1.418240,0.199680,1.787712
196,traditional,0.169632,1.421312,0.199680,1.790624
197,traditional,0.201024,1.482752,0.199680,1.883456
198,traditional,0.186336,1.408000,0.202752,1.797088
199,traditional,0.173760,1.421312,0.199680,1.794752
200,traditional,0.168832,1.419264,0.200704,1.788800
201,traditional,0.203584,1.437696,0.199680,1.840960
202,traditional,0.166656,1.435648,0.199680,1.801984
203,traditional,0.169248,1.680384,0.357376,2.207008
204,traditional,0.209376,1.656832,0.199680,2.065888
205,traditional,0.224384,1.479680,0.199680,1.903744
206,traditional,0.178144,1.429504,0.203776,1.811424
207,traditional,0.180864,1.457152,0.199680,1.837696
208,traditional,0.181568,1.429504,0.208896,1.819968
209,traditional,0.184768,1.440768,0.199680,1.825216
210,traditional,0.200256,1.476608,0.199680,1.876544
211,traditional,0.182336,1.411072,0.200704,1.794112
212,traditional,0.166176,1.417216,0.199680,1.783072
213,traditional,0.173952,1.427456,0.204800,1.806208
214,traditional,0.178208,1.467392,0.199680,1.845280
215,traditional,0.186848,1.436672,0.199680,1.823200
216,traditional,0.167392,1.409024,0.202752,1.779168
217,traditional,0.169536,1.425408,0.199680,1.794624
218,traditional,0.193792,1.426432,0.199680,1.819904
219,traditional,0.168800,1.413120,0.199680,1.781600
220,traditional,0.180672,1.419264,0.203776,1.803712
221,traditional,0.181760,1.433600,0.199680,1.815040
222,traditional,0.170656,1.433600,0.199680,1.803936
223,traditional,0.167136,1.448960,0.199680,1.815776
224,traditional,0.182272,1.415168,0.199680,1.797120
225,traditional,0.190048,1.454080,0.199680,1.843808
226,traditional,0.183776,1.447936,0.199680,1.831392
227,traditional,0.170752,1.428480,0.199680,1.798912
228,traditional,0.170208,1.411072,0.199680,1.780960
229,traditional,0.168384,1.422336,0.199680,1.790400
230,traditional,0.182496,1.462272,0.200704,1.845472
231,traditional,0.193696,1.425408,0.199680,1.818784
232,traditional,0.187840,1.437696,0.199680,1.825216
233,traditional,0.191616,1.422336,0.199680,1.813632
234,traditional,0.187776,1.416192,0.200704,1.804672
235,traditional,0.171392,1.423360,0.199680,1.794432
236,traditional,0.179264,1.443840,0.200704,1.823808
237,traditional,0.178464,1.437696,0.199680,1.815840
238,traditional,0.165664,1.472512,0.199680,1.837856
239,traditional,0.167840,1.474560,0.199680,1.842080
240,traditional,0.172672,1.458176,0.199680,1.830528
241,traditional,0.165824,1.432576,0.199680,1.798080
242,traditional,0.180064,1.414144,0.200704,1.794912
243,traditional,0.177088,1.427456,0.200704,1.805248
244,traditional,0.180352,1.457152,0.199680,1.837184
245,traditional,0.164896,1.452032,0.203776,1.820704
246,traditional,0.178464,1.427456,0.202752,1.808672
247,traditional,0.166144,1.428480,0.199680,1.794304
248,traditional,0.168288,1.429504,0.200704,1.798496
249,traditional,0.188544,1.415168,0.200704,1.804416
250,traditional,0.193824,1.421312,0.199680,1.814816
251,traditional,0.188288,1.454080,0.200704,1.843072
252,traditional,0.186272,1.447936,0.199680,1.833888
253,traditional,0.177888,1.427456,0.199680,1.805024
254,traditional,0.171648,1.434624,0.199680,1.805952
255,traditional,0.193312,1.420288,0.199680,1.813280
256,traditional,0.170432,1.410048,0.201728,1.782208
257,traditional,0.168768,1.413120,0.199680,1.781568
258,traditional,0.178240,1.428480,0.200704,1.807424
259,traditional,0.183392,1.414144,0.199680,1.797216
260,traditional,0.193184,1.440768,0.200704,1.834656
261,traditional,0.166080,1.429504,0.199680,1.795264
262,traditional,0.176992,1.480704,0.200704,1.858400
263,traditional,0.178592,1.420288,0.199680,1.798560
264,traditional,0.169984,1.414144,0.199680,1.783808
265,traditional,0.168128,1.430528,0.199680,1.798336
266,traditional,0.226528,1.421312,0.199680,1.847520
267,traditional,0.180864,1.438720,0.199680,1.819264
268,traditional,0.181440,1.424384,0.199680,1.805504
269,traditional,0.189600,1.457152,0.199680,1.846432
270,traditional,0.165024,1.425408,0.199680,1.790112
271,traditional,0.180288,1.452032,0.198656,1.830976
272,traditional,0.169664,1.445888,0.200704,1.816256
273,traditional,0.218112,1.502208,0.199680,1.920000
274,traditional,0.191680,1.464320,0.200704,1.856704
275,traditional,0.170816,1.449984,0.200704,1.821504
276,traditional,0.171936,1.439744,0.200704,1.812384
277,traditional,0.193312,1.440768,0.200704,1.834784
278,traditional,0.184512,1.454080,0.204800,1.843392
279,traditional,0.186848,1.424384,0.200704,1.811936
280,traditional,0.177600,1.459200,0.199680,1.836480
281,traditional,0.165792,1.439744,0.200704,1.806240
282,traditional,0.182592,1.436672,0.200704,1.819968
283,traditional,0.169056,1.451008,0.425984,2.046048
284,traditional,0.215328,1.492992,0.200704,1.909024
285,traditional,0.168768,1.427456,0.200704,1.796928
286,traditional,0.169312,1.415168,0.428032,2.012512
287,traditional,0.185984,1.434624,0.200704,1.821312
288,traditional,0.186528,1.426432,0.200704,1.813664
289,traditional,0.177856,1.416192,0.200704,1.794752
290,traditional,0.176288,1.462272,0.212992,1.851552
291,traditional,0.184704,1.437696,0.200704,1.823104
292,traditional,0.178048,1.413120,0.200704,1.791872
293,traditional,0.169184,1.467392,0.199680,1.836256
294,traditional,0.176800,1.460224,0.200704,1.837728
295,traditional,0.164416,1.421312,0.200704,1.786432
296,traditional,0.173120,1.421312,0.200704,1.795136
297,traditional,0.166976,1.444864,0.201728,1.813568
298,traditional,0.169952,1.417216,0.199680,1.786848
299,traditional,0.169824,1.413120,0.200704,1.783648
300,traditional,0.167328,1.415168,0.199680,1.782176
301,traditional,0.170272,1.428480,0.200704,1.799456
302,traditional,0.193344,1.431552,0.203776,1.828672
303,traditional,0.175392,1.415168,0.199680,1.790240
304,traditional,0.165376,1.430528,0.199680,1.795584
305,traditional,0.167296,1.415168,0.200704,1.783168
306,traditional,0.195072,1.437696,0.200704,1.833472
307,traditional,0.171648,1.415168,0.199680,1.786496
308,traditional,0.179776,1.428480,0.200704,1.808960
309,traditional,0.184224,1.424384,0.200704,1.809312
310,traditional,0.185216,1.429504,0.199680,1.814400
311,traditional,0.163904,1.416192,0.200704,1.780800
312,traditional,0.168992,1.427456,0.200704,1.797152
313,traditional,0.194464,1.439744,0.201728,1.835936
314,traditional,0.180032,1.510400,0.200704,1.891136
315,traditional,0.181824,1.434624,0.200704,1.817152
316,traditional,0.164960,1.480704,0.199680,1.845344
317,traditional,0.164960,1.413120,0.200704,1.778784
318,traditional,0.163488,1.417216,0.199680,1.780384
319,traditional,0.184800,1.424384,0.199680,1.808864
320,traditional,0.181696,1.435648,0.200704,1.818048
321,traditional,0.198336,1.457152,0.200704,1.856192
322,traditional,0.171200,1.857536,0.382976,2.411712
323,traditional,0.204224,1.491968,0.200704,1.896896
324,traditional,0.169824,1.428480,0.200704,1.799008
325,traditional,0.177696,1.703936,0.358400,2.240032
326,traditional,0.202464,1.473536,0.199680,1.875680
327,traditional,0.217792,1.467392,0.199680,1.884864
328,traditional,0.200736,1.839104,0.381952,2.421792
329,traditional,0.184096,1.459200,0.200704,1.844000
330,traditional,0.181024,1.445888,0.200704,1.827616
331,traditional,0.167168,1.828864,0.380928,2.376960
332,traditional,0.185344,1.741824,0.200704,2.127872
333,traditional,0.176544,1.435648,0.200704,1.812896
334,traditional,0.194848,1.696768,0.203776,2.095392
335,traditional,0.177280,1.479680,0.199680,1.856640
336,traditional,0.182048,1.430528,0.200704,1.813280
337,traditional,0.212032,1.517568,0.200704,1.930304
338,traditional,0.217568,1.482752,0.200704,1.901024
339,traditional,0.181792,1.439744,0.200704,1.822240
340,traditional,0.175680,1.482752,0.211968,1.870400
341,traditional,0.169088,1.446912,0.436224,2.052224
342,traditional,0.244544,1.505280,0.199680,1.949504
343,traditional,0.180672,1.469440,0.199680,1.849792
344,traditional,0.184864,1.499136,0.199680,1.883680
345,traditional,0.168256,1.434624,0.200704,1.803584
346,traditional,0.191072,1.462272,0.199680,1.853024
347,traditional,0.189664,1.445888,0.199680,1.835232
348,traditional,0.171264,1.448960,0.200704,1.820928
349,traditional,0.165664,1.463296,0.200704,1.829664
350,traditional,0.171680,1.468416,0.200704,1.840800
351,traditional,0.168480,1.460224,0.200704,1.829408
352,traditional,0.183328,1.461248,0.202752,1.847328
353,traditional,0.173600,1.442816,0.200704,1.817120
354,traditional,0.182816,1.457152,0.200704,1.840672
355,traditional,0.170336,1.461248,0.200704,1.832288
356,traditional,0.205216,1.474560,0.200704,1.880480
357,traditional,0.180000,1.485824,0.200704,1.866528
358,traditional,0.175424,1.490944,0.199680,1.866048
359,traditional,0.200704,1.445888,0.200704,1.847296
360,traditional,0.189280,1.467392,0.204800,1.861472
361,traditional,0.180672,1.480704,0.199680,1.861056
362,traditional,0.185632,1.462272,0.199680,1.847584
363,traditional,0.165504,1.436672,0.203776,1.805952
364,traditional,0.185472,1.464320,0.199680,1.849472
365,traditional,0.181344,1.756160,0.200704,2.138208
366,traditional,0.170880,1.494016,0.199680,1.864576
367,traditional,0.191392,1.460224,0.199680,1.851296
368,traditional,0.169088,1.853440,0.381952,2.404480
369,traditional,0.169920,1.744896,0.199680,2.114496
370,traditional,0.212576,1.531904,0.199680,1.944160
371,traditional,0.183424,1.461248,0.199680,1.844352
372,traditional,0.182400,1.736704,0.199680,2.118784
373,traditional,0.183584,1.437696,0.199680,1.820960
374,traditional,0.189152,2.138112,0.204800,2.532064
375,traditional,0.210336,1.470464,0.198656,1.879456
376,traditional,0.200224,1.460224,0.199680,1.860128
377,traditional,0.178208,1.687552,0.358400,2.224160
378,traditional,0.190624,1.699840,0.199680,2.090144
379,traditional,0.219584,1.498112,0.199680,1.917376
380,traditional,0.175392,1.448960,0.199680,1.824032
381,traditional,0.182496,1.492992,0.199680,1.875168
382,traditional,0.172992,2.080768,0.211968,2.465728
383,traditional,0.234752,1.488896,0.199680,1.923328
384,traditional,0.183904,1.464320,0.199680,1.847904
385,traditional,0.185248,1.467392,0.199680,1.852320
386,traditional,0.178016,1.481728,0.199680,1.859424
387,traditional,0.192512,1.547264,0.200704,1.940480
388,traditional,0.168928,1.477632,0.200704,1.847264
389,traditional,0.170496,1.498112,0.200704,1.869312
390,traditional,0.173856,1.465344,0.199680,1.838880
391,traditional,0.182496,1.520640,0.200704,1.903840
392,traditional,0.185056,1.472512,0.202752,1.860320
393,traditional,0.197920,1.482752,0.200704,1.881376
394,traditional,0.202016,1.478656,0.200704,1.881376
395,traditional,0.179552,2.119680,0.206848,2.506080
396,traditional,0.184384,1.471488,0.200704,1.856576
397,traditional,0.170624,1.490944,0.199680,1.861248
398,traditional,0.193824,1.528832,0.199680,1.922336
399,traditional,0.182976,1.475584,0.199680,1.858240
400,traditional,0.167104,1.522688,0.199680,1.889472
401,traditional,0.169920,1.475584,0.199680,1.845184
402,traditional,0.170464,1.463296,0.199680,1.833440
403,traditional,0.167584,1.451008,0.199680,1.818272
404,traditional,0.187712,1.480704,0.199680,1.868096
405,traditional,0.168960,1.439744,0.199680,1.808384
406,traditional,0.183040,1.454080,0.199680,1.836800
407,traditional,0.177248,1.482752,0.199680,1.859680
408,traditional,0.165184,1.456128,0.199680,1.820992
409,traditional,0.183552,1.446912,0.199680,1.830144
410,traditional,0.195104,1.453056,0.199680,1.847840
411,traditional,0.179072,1.441792,0.200704,1.821568
412,traditional,0.171008,1.458176,0.428032,2.057216
413,traditional,0.173056,1.475584,0.200704,1.849344
414,traditional,0.176832,1.445888,0.199680,1.822400
415,traditional,0.181280,1.455104,0.200704,1.837088
416,traditional,0.180032,1.510400,0.200704,1.891136
417,traditional,0.206912,1.476608,0.199680,1.883200
418,traditional,0.167808,1.487872,0.199680,1.855360
419,traditional,0.170016,1.488896,0.199680,1.858592
420,traditional,0.169888,1.471488,0.200704,1.842080
421,traditional,0.166720,1.467392,0.200704,1.834816
422,traditional,0.166048,1.467392,0.201728,1.835168
423,traditional,0.181152,1.447936,0.201728,1.830816
424,traditional,0.167360,1.496064,0.200704,1.864128
425,traditional,0.188512,1.488896,0.200704,1.878112
426,traditional,0.183104,1.439744,0.199680,1.822528
427,traditional,0.190176,1.466368,0.199680,1.856224
428,traditional,0.181088,1.461248,0.199680,1.842016
429,traditional,0.195264,1.458176,0.200704,1.854144
430,traditional,0.182016,1.448960,0.200704,1.831680
431,traditional,0.170880,1.475584,0.199680,1.846144
432,traditional,0.193024,1.474560,0.199680,1.867264
433,traditional,0.184192,1.456128,0.200704,1.841024
434,traditional,0.166752,1.448960,0.200704,1.816416
435,traditional,0.182336,1.482752,0.200704,1.865792
436,traditional,0.168768,1.454080,0.200704,1.823552
437,traditional,0.170272,1.464320,0.199680,1.834272
438,traditional,0.178624,1.434624,0.199680,1.812928
439,traditional,0.200032,1.440768,0.199680,1.840480
440,traditional,0.179264,1.441792,0.200704,1.821760
441,traditional,0.167424,1.436672,0.199680,1.803776
442,traditional,0.165600,1.442816,0.199680,1.808096
443,traditional,0.168768,1.430528,0.200704,1.800000
444,traditional,0.187488,1.467392,0.226304,1.881184
445,traditional,0.179968,1.457152,0.199680,1.836800
446,traditional,0.173664,1.446912,0.199680,1.820256
447,traditional,0.165152,1.438720,0.199680,1.803552
448,traditional,0.172352,1.426432,0.208896,1.807680
449,traditional,0.168928,1.461248,0.200704,1.830880
450,traditional,0.167392,1.421312,0.199680,1.788384
451,traditional,0.168896,1.422336,0.200704,1.791936
452,traditional,0.175392,1.434624,0.200704,1.810720
453,traditional,0.182336,1.442816,0.200704,1.825856
454,traditional,0.183488,1.414144,0.200704,1.798336
455,traditional,0.163616,1.416192,0.200704,1.780512
456,traditional,0.181088,1.452032,0.199680,1.832800
457,traditional,0.173280,1.419264,0.199680,1.792224
458,traditional,0.167104,1.427456,0.200704,1.795264
459,traditional,0.164896,1.428480,0.199680,1.793056
460,traditional,0.189152,1.431552,0.199680,1.820384
461,traditional,0.167616,1.439744,0.205824,1.813184
462,traditional,0.169984,1.416192,0.200704,1.786880
463,traditional,0.164128,1.415168,0.199680,1.778976
464,traditional,0.170464,1.489920,0.200704,1.861088
465,traditional,0.185600,1.437696,0.200704,1.824000
466,traditional,0.167584,1.428480,0.199680,1.795744
467,traditional,0.172864,1.441792,0.199680,1.814336
468,traditional,0.169088,1.437696,0.199680,1.806464
469,traditional,0.169824,1.434624,0.199680,1.804128
470,traditional,0.177888,1.425408,0.199680,1.802976
471,traditional,0.196416,1.419264,0.200704,1.816384
472,traditional,0.180864,1.433600,0.199680,1.814144
473,traditional,0.187648,1.437696,0.199680,1.825024
474,traditional,0.190176,1.453056,0.212992,1.856224
475,traditional,0.194144,1.463296,0.199680,1.857120
476,traditional,0.190656,1.430528,0.200704,1.821888
477,traditional,0.179136,1.495040,0.200704,1.874880
478,traditional,0.183296,1.442816,0.199680,1.825792
479,traditional,0.172480,1.431552,0.199680,1.803712
480,traditional,0.183360,1.434624,0.199680,1.817664
481,traditional,0.206144,1.460224,0.199680,1.866048
482,traditional,0.192384,1.434624,0.200704,1.827712
483,traditional,0.165920,1.457152,0.201728,1.824800
484,traditional,0.173408,1.414144,0.200704,1.788256
485,traditional,0.170016,1.443840,0.200704,1.814560
486,traditional,0.191328,1.418240,0.200704,1.810272
487,traditional,0.179968,1.428480,0.199680,1.808128
488,traditional,0.170144,1.421312,0.200704,1.792160
489,traditional,0.184576,1.460224,0.200704,1.845504
490,traditional,0.177856,1.449984,0.200704,1.828544
491,traditional,0.202080,1.453056,0.199680,1.854816
492,traditional,0.202272,1.439744,0.200704,1.842720
493,traditional,0.194432,1.444864,0.199680,1.838976
494,traditional,0.177600,1.434624,0.200704,1.812928
495,traditional,0.191264,1.430528,0.200704,1.822496
496,traditional,0.166208,1.417216,0.200704,1.784128
497,traditional,0.178144,1.431552,0.203776,1.813472
498,traditional,0.165856,1.446912,0.200704,1.813472
499,traditional,0.197824,1.471488,0.200704,1.870016
500,traditional,0.173376,1.473536,0.199680,1.846592
501,traditional,0.191648,1.470464,0.199680,1.861792
502,traditional,0.212864,1.464320,0.200704,1.877888
503,traditional,0.178016,1.703936,0.384000,2.265952
504,traditional,0.192960,1.669120,0.199680,2.061760
505,traditional,0.173536,1.463296,0.214016,1.850848
506,traditional,0.185984,1.870848,0.382976,2.439808
507,traditional,0.175616,1.421312,0.199680,1.796608
508,traditional,0.173952,1.422336,0.200704,1.796992
509,traditional,0.179232,2.079744,0.217088,2.476064
510,traditional,0.193952,1.430528,0.200704,1.825184
511,traditional,0.193856,1.457152,0.200704,1.851712
512,traditional,0.168736,1.453056,0.208896,1.830688
513,traditional,0.180448,1.467392,0.200704,1.848544
514,traditional,0.191840,1.419264,0.199680,1.810784
515,traditional,0.167840,1.420288,0.199680,1.787808
516,traditional,0.206976,1.440768,0.201728,1.849472
517,traditional,0.207776,1.456128,0.200704,1.864608
518,traditional,0.191232,1.473536,0.200704,1.865472
519,traditional,0.173216,1.434624,0.200704,1.808544
520,traditional,0.180544,1.434624,0.200704,1.815872
521,traditional,0.180832,1.454080,0.200704,1.835616
522,traditional,0.166624,1.453056,0.200704,1.820384
523,traditional,0.192320,1.419264,0.201728,1.813312
524,traditional,0.194016,1.429504,0.225280,1.848800
525,traditional,0.182528,1.454080,0.200704,1.837312
526,traditional,0.180608,1.451008,0.199680,1.831296
527,traditional,0.165440,1.449984,0.200704,1.816128
528,traditional,0.197600,1.483776,0.200704,1.882080
529,traditional,0.170592,1.488896,0.200704,1.860192
530,traditional,0.180000,1.430528,0.200704,1.811232
531,traditional,0.170880,1.426432,0.212992,1.810304
532,traditional,0.170336,1.415168,0.199680,1.785184
533,traditional,0.211520,1.441792,0.200704,1.854016
534,traditional,0.180064,1.468416,0.200704,1.849184
535,traditional,0.191936,1.437696,0.200704,1.830336
536,traditional,0.170976,1.416192,0.200704,1.787872
537,traditional,0.228672,1.444864,0.200704,1.874240
538,traditional,0.172224,1.429504,0.200704,1.802432
539,traditional,0.166112,1.425408,0.200704,1.792224
540,traditional,0.188832,1.420288,0.199680,1.808800
541,traditional,0.169088,1.457152,0.199680,1.825920
542,traditional,0.183520,1.431552,0.200704,1.815776
543,traditional,0.172416,1.445888,0.199680,1.817984
544,traditional,0.194208,1.443840,0.199680,1.837728
545,traditional,0.167872,1.457152,0.201728,1.826752
546,traditional,0.194880,1.852416,0.389120,2.436416
547,traditional,0.195168,1.419264,0.200704,1.815136
548,traditional,0.225728,1.443840,0.200704,1.870272
549,traditional,0.180832,1.884160,0.382976,2.447968
550,traditional,0.213696,1.473536,0.200704,1.887936
551,traditional,0.177408,1.442816,0.200704,1.820928
552,traditional,0.195776,1.485824,0.200704,1.882304
553,traditional,0.171136,1.430528,0.200704,1.802368
554,traditional,0.169760,1.435648,0.199680,1.805088
555,traditional,0.182336,1.429504,0.200704,1.812544
556,traditional,0.179264,1.434624,0.200704,1.814592
557,traditional,0.179008,1.424384,0.199680,1.803072
558,traditional,0.182720,1.428480,0.200704,1.811904
559,traditional,0.166080,1.417216,0.199680,1.782976
560,traditional,0.172064,1.416192,0.222208,1.810464
561,traditional,0.170176,1.438720,0.199680,1.808576
562,traditional,0.167392,1.469440,0.200704,1.837536
563,traditional,0.177920,1.445888,0.200704,1.824512
564,traditional,0.166016,1.435648,0.199680,1.801344
565,traditional,0.166464,1.440768,0.199680,1.806912
566,traditional,0.169952,1.477632,0.200704,1.848288
567,traditional,0.190912,1.458176,0.200704,1.849792
568,traditional,0.173696,1.445888,0.200704,1.820288
569,traditional,0.168128,1.491968,0.200704,1.860800
570,traditional,0.189664,1.494016,0.211968,1.895648
571,traditional,0.178720,1.455104,0.199680,1.833504
572,traditional,0.181664,1.472512,0.200704,1.854880
573,traditional,0.176000,1.465344,0.200704,1.842048
574,traditional,0.195680,1.875968,0.382976,2.454624
575,traditional,0.206656,1.494016,0.199680,1.900352
576,traditional,0.169856,1.452032,0.203776,1.825664
577,traditional,0.198336,1.466368,0.200704,1.865408
578,traditional,0.169312,1.455104,0.199680,1.824096
579,traditional,0.223808,1.513472,0.199680,1.936960
580,traditional,0.172448,1.500160,0.204800,1.877408
581,traditional,0.173376,1.506304,0.200704,1.880384
582,traditional,0.210944,1.452032,0.199680,1.862656
583,traditional,0.180352,1.443840,0.199680,1.823872
584,traditional,0.193152,1.488896,0.200704,1.882752
585,traditional,0.171808,1.461248,0.200704,1.833760
586,traditional,0.178496,1.442816,0.199680,1.820992
587,traditional,0.189248,1.472512,0.199680,1.861440
588,traditional,0.183456,1.462272,0.199680,1.845408
589,traditional,0.170336,1.478656,0.199680,1.848672
590,traditional,0.170560,1.442816,0.200704,1.814080
591,traditional,0.198592,1.497088,0.200704,1.896384
592,traditional,0.189856,1.483776,0.200704,1.874336
593,traditional,0.187520,1.451008,0.199680,1.838208
594,traditional,0.193280,1.486848,0.200704,1.880832
595,traditional,0.186528,1.460224,0.200704,1.847456
596,traditional,0.179104,1.443840,0.199680,1.822624
597,traditional,0.180352,1.460224,0.199680,1.840256
598,traditional,0.167936,1.476608,0.200704,1.845248
599,traditional,0.166400,1.470464,0.200704,1.837568
600,traditional,0.184800,1.453056,0.200704,1.838560
601,traditional,0.179168,1.477632,0.199680,1.856480
602,traditional,0.202016,1.490944,0.200704,1.893664
603,traditional,0.214720,1.478656,0.200704,1.894080
604,traditional,0.168576,1.463296,0.202752,1.834624
605,traditional,0.183488,1.528832,0.200704,1.913024
606,traditional,0.194272,1.485824,0.199680,1.879776
607,traditional,0.188512,1.460224,0.199680,1.848416
608,traditional,0.175104,1.465344,0.200704,1.841152
609,traditional,0.189792,1.458176,0.200704,1.848672
610,traditional,0.171872,1.456128,0.199680,1.827680
611,traditional,0.183776,1.483776,0.199680,1.867232
612,traditional,0.170976,1.457152,0.200704,1.828832
613,traditional,0.185280,1.451008,0.199680,1.835968
614,traditional,0.167808,1.447936,0.200704,1.816448
615,traditional,0.198944,1.464320,0.200704,1.863968
616,traditional,0.170624,1.439744,0.200704,1.811072
617,traditional,0.185120,1.440768,0.200704,1.826592
618,traditional,0.169312,1.439744,0.199680,1.808736
619,traditional,0.185760,1.454080,0.200704,1.840544
620,traditional,0.197280,1.498112,0.199680,1.895072
621,traditional,0.181632,1.482752,0.199680,1.864064
622,traditional,0.181184,1.465344,0.200704,1.847232
623,traditional,0.181792,1.476608,0.200704,1.859104
624,traditional,0.168160,1.495040,0.211968,1.875168
625,traditional,0.171264,1.477632,0.200704,1.849600
626,traditional,0.200224,1.483776,0.200704,1.884704
627,traditional,0.193504,1.489920,0.200704,1.884128
628,traditional,0.180832,1.471488,0.200704,1.853024
629,traditional,0.180736,1.469440,0.200704,1.850880
630,traditional,0.171872,1.469440,0.200704,1.842016
631,traditional,0.170432,1.469440,0.200704,1.840576
632,traditional,0.186048,1.485824,0.199680,1.871552
633,traditional,0.177888,1.496064,0.202752,1.876704
634,traditional,0.170912,1.478656,0.200704,1.850272
635,traditional,0.170336,1.448960,0.200704,1.820000
636,traditional,0.190208,1.458176,0.200704,1.849088
637,traditional,0.169920,1.484800,0.200704,1.855424
638,traditional,0.175712,1.498112,0.204800,1.878624
639,traditional,0.173824,1.465344,0.199680,1.838848
640,traditional,0.181280,1.472512,0.203776,1.857568
641,traditional,0.172064,1.459200,0.200704,1.831968
642,traditional,0.180096,1.479680,0.200704,1.860480
643,traditional,0.166880,1.468416,0.199680,1.834976
644,traditional,0.175296,1.439744,0.199680,1.814720
645,traditional,0.171968,1.465344,0.199680,1.836992
646,traditional,0.184672,1.482752,0.200704,1.868128
647,traditional,0.167648,1.446912,0.199680,1.814240
648,traditional,0.168320,1.439744,0.199680,1.807744
649,traditional,0.172544,1.447936,0.199680,1.820160
650,traditional,0.174880,1.466368,0.210944,1.852192
651,traditional,0.175744,1.465344,0.200704,1.841792
652,traditional,0.174560,1.443840,0.200704,1.819104
653,traditional,0.169024,1.440768,0.200704,1.810496
654,traditional,0.183424,1.446912,0.200704,1.831040
655,traditional,0.166400,1.462272,0.200704,1.829376
656,traditional,0.196224,1.453056,0.199680,1.848960
657,traditional,0.170080,1.462272,0.200704,1.833056
658,traditional,0.170336,1.506304,0.200704,1.877344
659,traditional,0.170272,1.460224,0.199680,1.830176
660,traditional,0.209984,1.475584,0.200704,1.886272
661,traditional,0.168928,1.460224,0.212992,1.842144
662,traditional,0.186208,1.486848,0.200704,1.873760
663,traditional,0.176736,1.449984,0.200704,1.827424
664,traditional,0.179552,1.468416,0.200704,1.848672
665,traditional,0.176032,1.494016,0.200704,1.870752
666,traditional,0.168864,1.526784,0.200704,1.896352
667,traditional,0.186720,1.470464,0.200704,1.857888
668,traditional,0.166112,1.476608,0.200704,1.843424
669,traditional,0.179520,1.441792,0.200704,1.822016
670,traditional,0.180416,1.461248,0.199680,1.841344
671,traditional,0.182688,1.480704,0.199680,1.863072
672,traditional,0.183264,1.445888,0.199680,1.828832
673,traditional,0.164928,1.449984,0.200704,1.815616
674,traditional,0.165408,1.449984,0.200704,1.816096
675,traditional,0.180768,1.486848,0.200704,1.868320
676,traditional,0.167168,1.458176,0.200704,1.826048
677,traditional,0.172992,1.448960,0.204800,1.826752
678,traditional,0.190112,1.708032,0.200704,2.098848
679,traditional,0.168032,1.511424,0.200704,1.880160
680,traditional,0.166336,1.445888,0.200704,1.812928
681,traditional,0.169536,2.111488,0.374784,2.655808
682,traditional,0.176768,1.443840,0.200704,1.821312
683,traditional,0.185504,1.705984,0.360448,2.251936
684,traditional,0.171616,1.443840,0.200704,1.816160
685,traditional,0.174720,1.483776,0.200704,1.859200
686,traditional,0.199360,1.425408,0.200704,1.825472
687,traditional,0.190432,1.504256,0.200704,1.895392
688,traditional,0.170432,1.440768,0.200704,1.811904
689,traditional,0.178752,1.499136,0.200704,1.878592
690,traditional,0.189792,1.502208,0.200704,1.892704
691,traditional,0.180704,1.460224,0.199680,1.840608
692,traditional,0.185440,1.456128,0.199680,1.841248
693,traditional,0.169408,1.441792,0.199680,1.810880
694,traditional,0.218208,1.503232,0.202752,1.924192
695,traditional,0.168832,1.442816,0.200704,1.812352
696,traditional,0.169216,1.433600,0.200704,1.803520
697,traditional,0.167072,1.435648,0.200704,1.803424
698,traditional,0.173024,1.456128,0.199680,1.828832
699,traditional,0.166688,1.879040,0.217088,2.262816
700,traditional,0.184384,1.466368,0.200704,1.851456
701,traditional,0.169568,1.476608,0.200704,1.846880
702,traditional,0.181344,1.432576,0.199680,1.813600
703,traditional,0.175456,1.427456,0.200704,1.803616
704,traditional,0.165792,1.443840,0.199680,1.809312
705,traditional,0.170912,1.423360,0.200704,1.794976
706,traditional,0.181888,1.503232,0.203776,1.888896
707,traditional,0.164768,1.439744,0.200704,1.805216
708,traditional,0.165472,1.439744,0.200704,1.805920
709,traditional,0.192128,1.451008,0.200704,1.843840
710,traditional,0.172576,1.465344,0.200704,1.838624
711,traditional,0.169472,2.066432,0.204800,2.440704
712,traditional,0.182912,1.454080,0.200704,1.837696
713,traditional,0.171584,1.441792,0.199680,1.813056
714,traditional,0.171360,1.482752,0.203776,1.857888
715,traditional,0.178048,1.448960,0.201728,1.828736
716,traditional,0.169632,1.437696,0.422912,2.030240
717,traditional,0.166976,1.472512,0.200704,1.840192
718,traditional,0.187968,1.484800,0.199680,1.872448
719,traditional,0.169024,1.434624,0.200704,1.804352
720,traditional,0.172448,1.429504,0.200704,1.802656
721,traditional,0.172320,1.449984,0.200704,1.823008
722,traditional,0.172288,1.478656,0.200704,1.851648
723,traditional,0.183008,1.469440,0.199680,1.852128
724,traditional,0.169056,1.434624,0.200704,1.804384
725,traditional,0.175168,1.436672,0.203776,1.815616
726,traditional,0.166208,1.448960,0.200704,1.815872
727,traditional,0.177888,1.436672,0.199680,1.814240
728,traditional,0.173440,1.432576,0.200704,1.806720
729,traditional,0.188544,1.489920,0.200704,1.879168
730,traditional,0.180352,1.467392,0.200704,1.848448
731,traditional,0.186336,1.474560,0.200704,1.861600
732,traditional,0.164608,1.463296,0.199680,1.827584
733,traditional,0.183360,1.465344,0.200704,1.849408
734,traditional,0.165952,1.446912,0.199680,1.812544
735,traditional,0.179488,1.460224,0.199680,1.839392
736,traditional,0.178240,1.434624,0.200704,1.813568
737,traditional,0.184928,1.428480,0.199680,1.813088
738,traditional,0.171264,1.427456,0.199680,1.798400
739,traditional,0.180576,1.521664,0.199680,1.901920
740,traditional,0.179776,1.447936,0.200704,1.828416
741,traditional,0.177344,1.446912,0.199680,1.823936
742,traditional,0.178176,1.456128,0.199680,1.833984
743,traditional,0.196896,1.448960,0.200704,1.846560
744,traditional,0.186176,1.431552,0.199680,1.817408
745,traditional,0.182016,1.451008,0.199680,1.832704
746,traditional,0.165568,1.436672,0.199680,1.801920
747,traditional,0.182848,1.719296,0.357376,2.259520
748,traditional,0.180192,1.438720,0.199680,1.818592
749,traditional,0.165792,1.428480,0.200704,1.794976
750,traditional,0.181376,1.439744,0.199680,1.820800
751,traditional,0.202304,1.432576,0.199680,1.834560
752,traditional,0.183840,1.463296,0.200704,1.847840
753,traditional,0.186944,1.460224,0.200704,1.847872
754,traditional,0.164224,1.460224,0.199680,1.824128
755,traditional,0.167904,1.427456,0.200704,1.796064
756,traditional,0.183776,1.424384,0.199680,1.807840
757,traditional,0.168000,1.426432,0.200704,1.795136
758,traditional,0.170688,1.445888,0.199680,1.816256
759,traditional,0.177824,1.459200,0.199680,1.836704
760,traditional,0.192864,1.460224,0.200704,1.853792
761,traditional,0.206272,1.434624,0.200704,1.841600
762,traditional,0.196768,1.471488,0.200704,1.868960
763,traditional,0.183392,1.437696,0.199680,1.820768
764,traditional,0.170848,1.470464,0.200704,1.842016
765,traditional,0.199584,1.430528,0.199680,1.829792
766,traditional,0.190144,1.429504,0.203776,1.823424
767,traditional,0.193952,1.426432,0.217088,1.837472
768,traditional,0.179520,1.458176,0.200704,1.838400
769,traditional,0.173376,1.472512,0.200704,1.846592
770,traditional,0.181888,1.506304,0.200704,1.888896
771,traditional,0.190208,1.441792,0.199680,1.831680
772,traditional,0.183680,1.444864,0.200704,1.829248
773,traditional,0.189120,1.469440,0.200704,1.859264
774,traditional,0.168928,1.435648,0.199680,1.804256
775,traditional,0.173024,1.457152,0.200704,1.830880
776,traditional,0.168480,1.473536,0.200704,1.842720
777,traditional,0.172672,1.432576,0.201728,1.806976
778,traditional,0.179616,1.437696,0.200704,1.818016
779,traditional,0.195616,1.456128,0.200704,1.852448
780,traditional,0.205280,1.446912,0.200704,1.852896
781,traditional,0.169504,1.449984,0.200704,1.820192
782,traditional,0.187808,1.462272,0.199680,1.849760
783,traditional,0.168384,1.874944,0.393216,2.436544
784,traditional,0.229312,1.508352,0.211968,1.949632
785,traditional,0.183936,1.456128,0.200704,1.840768
786,traditional,0.185888,1.428480,0.199680,1.814048
787,traditional,0.167808,1.426432,0.200704,1.794944
788,traditional,0.165088,1.444864,0.210944,1.820896
789,traditional,0.213408,1.444864,0.200704,1.858976
790,traditional,0.193664,1.465344,0.200704,1.859712
791,traditional,0.172160,1.471488,0.199680,1.843328
792,traditional,0.182784,1.452032,0.199680,1.834496
793,traditional,0.177248,1.470464,0.200704,1.848416
794,traditional,0.166432,1.426432,0.199680,1.792544
795,traditional,0.195680,1.430528,0.200704,1.826912
796,traditional,0.182016,1.448960,0.200704,1.831680
797,traditional,0.215776,1.460224,0.200704,1.876704
798,traditional,0.172640,1.496064,0.200704,1.869408
799,traditional,0.170208,1.480704,0.199680,1.850592
800,traditional,0.169440,1.466368,0.200704,1.836512
801,traditional,0.181952,1.494016,0.200704,1.876672
802,traditional,0.179360,1.448960,0.199680,1.828000
803,traditional,0.181344,1.477632,0.199680,1.858656
804,traditional,0.178944,1.494016,0.200704,1.873664
805,traditional,0.194208,1.449984,0.199680,1.843872
806,traditional,0.194688,1.503232,0.199680,1.897600
807,traditional,0.170464,1.486848,0.199680,1.856992
808,traditional,0.168800,1.479680,0.200704,1.849184
809,traditional,0.177440,1.462272,0.204800,1.844512
810,traditional,0.175424,1.449984,0.199680,1.825088
811,traditional,0.183808,1.469440,0.199680,1.852928
812,traditional,0.183936,1.451008,0.199680,1.834624
813,traditional,0.197376,1.456128,0.200704,1.854208
814,traditional,0.165760,1.454080,0.200704,1.820544
815,traditional,0.173504,1.453056,0.200704,1.827264
816,traditional,0.167168,1.484800,0.199680,1.851648
817,traditional,0.184160,1.489920,0.200704,1.874784
818,traditional,0.170048,1.463296,0.200704,1.834048
819,traditional,0.184384,1.477632,0.200704,1.862720
820,traditional,0.168000,1.491968,0.203776,1.863744
821,traditional,0.187328,1.460224,0.203776,1.851328
822,traditional,0.182240,1.456128,0.200704,1.839072
823,traditional,0.174336,1.456128,0.200704,1.831168
824,traditional,0.174208,1.497088,0.211968,1.883264
825,traditional,0.177984,1.444864,0.209920,1.832768
826,traditional,0.190016,1.436672,0.200704,1.827392
827,traditional,0.174912,1.443840,0.221184,1.839936
828,traditional,0.172864,1.451008,0.199680,1.823552
829,traditional,0.172896,1.475584,0.200704,1.849184
830,traditional,0.183072,1.439744,0.199680,1.822496
831,traditional,0.182912,1.453056,0.199680,1.835648
832,traditional,0.183104,1.458176,0.200704,1.841984
833,traditional,0.171360,1.438720,0.199680,1.809760
834,traditional,0.171136,1.443840,0.199680,1.814656
835,traditional,0.168096,1.526784,0.200704,1.895584
836,traditional,0.169824,1.480704,0.200704,1.851232
837,traditional,0.172896,1.483776,0.200704,1.857376
838,traditional,0.171776,1.454080,0.200704,1.826560
839,traditional,0.172160,1.484800,0.199680,1.856640
840,traditional,0.175264,1.463296,0.199680,1.838240
841,traditional,0.180768,1.465344,0.200704,1.846816
842,traditional,0.168224,1.505280,0.200704,1.874208
843,traditional,0.176512,1.469440,0.199680,1.845632
844,traditional,0.181536,1.501184,0.200704,1.883424
845,traditional,0.190496,1.537024,0.200704,1.928224
846,traditional,0.179200,1.448960,0.199680,1.827840
847,traditional,0.178720,1.457152,0.199680,1.835552
848,traditional,0.171008,1.456128,0.221184,1.848320
849,traditional,0.196128,1.448960,0.200704,1.845792
850,traditional,0.209152,1.498112,0.199680,1.906944
851,traditional,0.216352,1.472512,0.199680,1.888544
852,traditional,0.182432,1.498112,0.200704,1.881248
853,traditional,0.177792,1.471488,0.200704,1.849984
854,traditional,0.198848,1.485824,0.199680,1.884352
855,traditional,0.169280,1.466368,0.199680,1.835328
856,traditional,0.205760,1.495040,0.199680,1.900480
857,traditional,0.170336,1.463296,0.199680,1.833312
858,traditional,0.183392,1.448960,0.199680,1.832032
859,traditional,0.169696,1.465344,0.199680,1.834720
860,traditional,0.182080,1.468416,0.202752,1.853248
861,traditional,0.180704,1.443840,0.199680,1.824224
862,traditional,0.166688,1.509376,0.199680,1.875744
863,traditional,0.184992,1.466368,0.199680,1.851040
864,traditional,0.191168,1.456128,0.199680,1.846976
865,traditional,0.202176,1.456128,0.199680,1.857984
866,traditional,0.206784,1.471488,0.199680,1.877952
867,traditional,0.180064,1.471488,0.206848,1.858400
868,traditional,0.176320,1.526784,0.200704,1.903808
869,traditional,0.168768,1.902592,0.204800,2.276160
870,traditional,0.177184,1.502208,0.201728,1.881120
871,traditional,0.165472,1.487872,0.200704,1.854048
872,traditional,0.170688,1.494016,0.205824,1.870528
873,traditional,0.169984,1.457152,0.199680,1.826816
874,traditional,0.203104,1.494016,0.199680,1.896800
875,traditional,0.196448,1.463296,0.199680,1.859424
876,traditional,0.198624,1.477632,0.199680,1.875936
877,traditional,0.167776,1.479680,0.200704,1.848160
878,traditional,0.192000,1.467392,0.199680,1.859072
879,traditional,0.181280,2.092032,0.209920,2.483232
880,traditional,0.227776,1.500160,0.199680,1.927616
881,traditional,0.216096,1.489920,0.204800,1.910816
882,traditional,0.167008,1.509376,0.199680,1.876064
883,traditional,0.190496,1.513472,0.199680,1.903648
884,traditional,0.202528,1.499136,0.199680,1.901344
885,traditional,0.165600,1.457152,0.200704,1.823456
886,traditional,0.209952,1.475584,0.199680,1.885216
887,traditional,0.180928,1.521664,0.203776,1.906368
888,traditional,0.192064,1.455104,0.199680,1.846848
889,traditional,0.184000,1.486848,0.200704,1.871552
890,traditional,0.178816,1.905664,0.381952,2.466432
891,traditional,0.218752,1.462272,0.203776,1.884800
892,traditional,0.181344,1.462272,0.199680,1.843296
893,traditional,0.188704,1.452032,0.199680,1.840416
894,traditional,0.181664,1.475584,0.199680,1.856928
895,traditional,0.201952,1.462272,0.200704,1.864928
896,traditional,0.171712,1.477632,0.199680,1.849024
897,traditional,0.185088,1.513472,0.200704,1.899264
898,traditional,0.169056,1.486848,0.199680,1.855584
899,traditional,0.191360,1.458176,0.200704,1.850240
900,traditional,0.181152,1.462272,0.199680,1.843104
901,traditional,0.192896,1.479680,0.200704,1.873280
902,traditional,0.165536,1.480704,0.208896,1.855136
903,traditional,0.188512,1.454080,0.200704,1.843296
904,traditional,0.180288,1.464320,0.200704,1.845312
905,traditional,0.177824,1.459200,0.200704,1.837728
906,traditional,0.194464,1.472512,0.200704,1.867680
907,traditional,0.192192,1.527808,0.200704,1.920704
908,traditional,0.169024,1.477632,0.199680,1.846336
909,traditional,0.184224,1.466368,0.200704,1.851296
910,traditional,0.179744,1.455104,0.200704,1.835552
911,traditional,0.182720,1.469440,0.200704,1.852864
912,traditional,0.183648,1.488896,0.200704,1.873248
913,traditional,0.177728,1.440768,0.201728,1.820224
914,traditional,0.188512,1.503232,0.200704,1.892448
915,traditional,0.169568,1.461248,0.200704,1.831520
916,traditional,0.176736,1.462272,0.199680,1.838688
917,traditional,0.212704,1.518592,0.200704,1.932000
918,traditional,0.184000,1.446912,0.200704,1.831616
919,traditional,0.180384,1.456128,0.200704,1.837216
920,traditional,0.193760,1.456128,0.200704,1.850592
921,traditional,0.182240,1.485824,0.200704,1.868768
922,traditional,0.183584,1.459200,0.200704,1.843488
923,traditional,0.222720,1.714176,0.200704,2.137600
924,traditional,0.173536,1.469440,0.199680,1.842656
925,traditional,0.195936,1.473536,0.200704,1.870176
926,traditional,0.189248,2.055168,0.374784,2.619200
927,traditional,0.181280,1.518592,0.205824,1.905696
928,traditional,0.171232,1.483776,0.212992,1.868000
929,traditional,0.185888,1.448960,0.200704,1.835552
930,traditional,0.173792,1.465344,0.200704,1.839840
931,traditional,0.184736,1.447936,0.200704,1.833376
932,traditional,0.198752,1.466368,0.200704,1.865824
933,traditional,0.179840,1.458176,0.205824,1.843840
934,traditional,0.172704,1.490944,0.200704,1.864352
935,traditional,0.172416,1.463296,0.200704,1.836416
936,traditional,0.171008,1.451008,0.199680,1.821696
937,traditional,0.184480,1.482752,0.200704,1.867936
938,traditional,0.164576,1.444864,0.228352,1.837792
939,traditional,0.178080,1.458176,0.200704,1.836960
940,traditional,0.185024,2.091008,0.205824,2.481856
941,traditional,0.165664,1.475584,0.200704,1.841952
942,traditional,0.180896,1.487872,0.200704,1.869472
943,traditional,0.173824,1.471488,0.200704,1.846016
944,traditional,0.179808,1.445888,0.199680,1.825376
945,traditional,0.181632,1.455104,0.205824,1.842560
946,traditional,0.191136,1.466368,0.200704,1.858208
947,traditional,0.194912,1.690624,0.207872,2.093408
948,traditional,0.198080,1.463296,0.200704,1.862080
949,traditional,0.192160,1.439744,0.200704,1.832608
950,traditional,0.207168,1.456128,0.200704,1.864000
951,traditional,0.204096,1.479680,0.200704,1.884480
952,traditional,0.216576,1.469440,0.211968,1.897984
953,traditional,0.175104,1.858560,0.390144,2.423808
954,traditional,0.216704,1.485824,0.200704,1.903232
955,traditional,0.180576,1.460224,0.200704,1.841504
956,traditional,0.171040,1.867776,0.381952,2.420768
957,traditional,0.195616,1.703936,0.200704,2.100256
958,traditional,0.193792,1.446912,0.200704,1.841408
959,traditional,0.165184,1.480704,0.199680,1.845568
960,traditional,0.170912,2.107392,0.208896,2.487200
961,traditional,0.226848,1.437696,0.199680,1.864224
962,traditional,0.179360,1.442816,0.204800,1.826976
963,traditional,0.185056,1.483776,0.200704,1.869536
964,traditional,0.203648,1.473536,0.200704,1.877888
965,traditional,0.181888,1.474560,0.200704,1.857152
966,traditional,0.187584,1.457152,0.203776,1.848512
967,traditional,0.186016,1.465344,0.199680,1.851040
968,traditional,0.181408,1.495040,0.200704,1.877152
969,traditional,0.170464,1.470464,0.199680,1.840608
970,traditional,0.176160,1.436672,0.227328,1.840160
971,traditional,0.167264,1.439744,0.200704,1.807712
972,traditional,0.186624,1.458176,0.199680,1.844480
973,traditional,0.165152,1.439744,0.199680,1.804576
974,traditional,0.172064,1.458176,0.200704,1.830944
975,traditional,0.165280,1.459200,0.200704,1.825184
976,traditional,0.168736,1.455104,0.200704,1.824544
977,traditional,0.215712,1.455104,0.200704,1.871520
978,traditional,0.169024,1.486848,0.200704,1.856576
979,traditional,0.183680,1.477632,0.199680,1.860992
980,traditional,0.173184,1.484800,0.200704,1.858688
981,traditional,0.192576,1.464320,0.199680,1.856576
982,traditional,0.183456,1.453056,0.200704,1.837216
983,traditional,0.170688,1.439744,0.199680,1.810112
984,traditional,0.170368,1.465344,0.200704,1.836416
985,traditional,0.181152,1.442816,0.200704,1.824672
986,traditional,0.166176,1.451008,0.200704,1.817888
987,traditional,0.169312,1.460224,0.200704,1.830240
988,traditional,0.179232,1.439744,0.200704,1.819680
989,traditional,0.196000,1.472512,0.200704,1.869216
990,traditional,0.168736,1.445888,0.200704,1.815328
991,traditional,0.166784,1.446912,0.210944,1.824640
992,traditional,0.167872,1.501184,0.199680,1.868736
993,traditional,0.178208,1.431552,0.200704,1.810464
994,traditional,0.167808,1.456128,0.201728,1.825664
995,traditional,0.165312,1.463296,0.200704,1.829312
996,traditional,0.172832,1.437696,0.199680,1.810208
997,traditional,0.176064,1.480704,0.200704,1.857472
998,traditional,0.180224,1.456128,0.200704,1.837056
999,traditional,0.177760,1.478656,0.200704,1.857120
1000,traditional,0.168000,1.439744,0.200704,1.808448
1001,traditional,0.184672,1.439744,0.200704,1.825120
1002,traditional,0.165856,1.466368,0.200704,1.832928
1003,traditional,0.182304,1.499136,0.200704,1.882144
1004,traditional,0.182144,1.483776,0.205824,1.871744
1005,traditional,0.188480,1.455104,0.199680,1.843264
1006,traditional,0.182560,1.846272,0.381952,2.410784
1007,traditional,0.183168,1.464320,0.199680,1.847168
1008,traditional,0.173088,1.446912,0.199680,1.819680
1009,traditional,0.165856,1.455104,0.206848,1.827808
1010,traditional,0.183136,1.463296,0.200704,1.847136
1011,traditional,0.169152,1.849344,0.207872,2.226368
1012,traditional,0.182624,1.463296,0.200704,1.846624
1013,traditional,0.183360,1.459200,0.200704,1.843264
1014,traditional,0.180032,1.691648,0.207872,2.079552
1015,traditional,0.211840,1.470464,0.199680,1.881984
1016,traditional,0.216960,1.454080,0.200704,1.871744
1017,traditional,0.165152,1.489920,0.202752,1.857824
1018,traditional,0.178240,1.445888,0.200704,1.824832
1019,traditional,0.191520,1.461248,0.200704,1.853472
1020,traditional,0.192128,1.490944,0.200704,1.883776
1021,traditional,0.175040,1.470464,0.200704,1.846208
1022,traditional,0.180064,1.469440,0.199680,1.849184
1023,traditional,0.164896,1.440768,0.199680,1.805344
1024,traditional,0.166304,1.458176,0.200704,1.825184
1025,traditional,0.251968,1.452032,0.203776,1.907776
1026,traditional,0.189216,1.446912,0.200704,1.836832
1027,traditional,0.191616,1.445888,0.200704,1.838208
1028,traditional,0.184064,1.488896,0.202752,1.875712
1029,traditional,0.169984,1.470464,0.199680,1.840128
1030,traditional,0.172672,1.482752,0.199680,1.855104
1031,traditional,0.183712,1.442816,0.200704,1.827232
1032,traditional,0.206496,1.466368,0.210944,1.883808
1033,traditional,0.197696,1.451008,0.200704,1.849408
1034,traditional,0.167552,1.699840,0.359424,2.226816
1035,traditional,0.171744,1.682432,0.200704,2.054880
1036,traditional,0.173600,1.451008,0.200704,1.825312
1037,traditional,0.189728,1.451008,0.200704,1.841440
1038,traditional,0.215008,1.697792,0.200704,2.113504
1039,traditional,0.165696,1.443840,0.200704,1.810240
1040,traditional,0.170592,1.439744,0.200704,1.811040
1041,traditional,0.193728,2.112512,0.205824,2.512064
1042,traditional,0.213952,1.475584,0.200704,1.890240
1043,traditional,0.190496,1.523712,0.200704,1.914912
1044,traditional,0.181344,1.734656,0.360448,2.276448
1045,traditional,0.172064,1.468416,0.200704,1.841184
1046,traditional,0.172928,1.473536,0.200704,1.847168
1047,traditional,0.193408,1.460224,0.200704,1.854336
1048,traditional,0.184800,1.466368,0.199680,1.850848
1049,traditional,0.192832,1.472512,0.200704,1.866048
1050,traditional,0.184448,1.449984,0.200704,1.835136
1051,traditional,0.200576,1.484800,0.199680,1.885056
1052,traditional,0.207488,1.476608,0.200704,1.884800
1053,traditional,0.173088,1.542144,0.200704,1.915936
1054,traditional,0.177536,1.710080,0.359424,2.247040
1055,traditional,0.170240,1.476608,0.200704,1.847552
1056,traditional,0.170624,1.471488,0.202752,1.844864
1057,traditional,0.166848,1.462272,0.200704,1.829824
1058,traditional,0.169216,1.454080,0.200704,1.824000
1059,traditional,0.169248,1.457152,0.200704,1.827104
1060,traditional,0.165984,1.473536,0.203776,1.843296
1061,traditional,0.179136,1.491968,0.202752,1.873856
1062,traditional,0.178304,1.456128,0.200704,1.835136
1063,traditional,0.189728,1.491968,0.200704,1.882400
1064,traditional,0.192224,1.463296,0.200704,1.856224
1065,traditional,0.185024,1.473536,0.199680,1.858240
1066,traditional,0.166336,1.463296,0.200704,1.830336
1067,traditional,0.168256,1.443840,0.199680,1.811776
1068,traditional,0.178560,1.459200,0.199680,1.837440
1069,traditional,0.172032,1.441792,0.199680,1.813504
1070,traditional,0.172736,1.496064,0.204800,1.873600
1071,traditional,0.191584,1.494016,0.202752,1.888352
1072,traditional,0.171296,1.440768,0.199680,1.811744
1073,traditional,0.167552,1.473536,0.200704,1.841792
1074,traditional,0.182016,1.479680,0.199680,1.861376
1075,traditional,0.173376,1.464320,0.200704,1.838400
1076,traditional,0.184864,1.490944,0.200704,1.876512
1077,traditional,0.177344,1.500160,0.199680,1.877184
1078,traditional,0.169024,1.476608,0.200704,1.846336
1079,traditional,0.185152,1.449984,0.199680,1.834816
1080,traditional,0.166816,1.468416,0.199680,1.834912
1081,traditional,0.171680,1.453056,0.199680,1.824416
1082,traditional,0.185248,1.466368,0.200704,1.852320
1083,traditional,0.185792,1.459200,0.208896,1.853888
1084,traditional,0.168736,1.467392,0.200704,1.836832
1085,traditional,0.169888,1.460224,0.199680,1.829792
1086,traditional,0.169472,1.462272,0.201728,1.833472
1087,traditional,0.171520,1.449984,0.199680,1.821184
1088,traditional,0.170976,1.446912,0.204800,1.822688
1089,traditional,0.182528,1.457152,0.200704,1.840384
1090,traditional,0.181280,1.474560,0.200704,1.856544
1091,traditional,0.197024,1.542144,0.199680,1.938848
1092,traditional,0.174400,1.475584,0.199680,1.849664
1093,traditional,0.183616,1.471488,0.199680,1.854784
1094,traditional,0.178432,1.459200,0.215040,1.852672
1095,traditional,0.201984,1.474560,0.212992,1.889536
1096,traditional,0.168352,1.446912,0.199680,1.814944
1097,traditional,0.172832,1.447936,0.199680,1.820448
1098,traditional,0.216800,1.455104,0.199680,1.871584
1099,traditional,0.192736,1.496064,0.199680,1.888480
1100,traditional,0.171136,1.467392,0.199680,1.838208
1101,traditional,0.169664,1.442816,0.199680,1.812160
1102,traditional,0.186176,1.489920,0.199680,1.875776
1103,traditional,0.165984,1.467392,0.224256,1.857632
1104,traditional,0.183264,1.485824,0.199680,1.868768
1105,traditional,0.186464,1.459200,0.200704,1.846368
1106,traditional,0.182400,1.465344,0.223232,1.870976
1107,traditional,0.185856,1.510400,0.200704,1.896960
1108,traditional,0.178848,1.463296,0.199680,1.841824
1109,traditional,0.190624,1.492992,0.200704,1.884320
1110,traditional,0.169344,1.491968,0.199680,1.860992
1111,traditional,0.183872,1.482752,0.199680,1.866304
1112,traditional,0.191680,1.477632,0.199680,1.868992
1113,traditional,0.176832,1.470464,0.200704,1.848000
1114,traditional,0.178976,1.469440,0.200704,1.849120
1115,traditional,0.207584,1.507328,0.199680,1.914592
1116,traditional,0.180192,1.503232,0.200704,1.884128
1117,traditional,0.182880,1.475584,0.199680,1.858144
1118,traditional,0.196704,1.474560,0.199680,1.870944
1119,traditional,0.185024,1.479680,0.199680,1.864384
1120,traditional,0.171360,1.475584,0.200704,1.847648
1121,traditional,0.188416,1.485824,0.199680,1.873920
1122,traditional,0.180832,1.496064,0.199680,1.876576
1123,traditional,0.176960,1.461248,0.200704,1.838912
1124,traditional,0.182208,1.464320,0.199680,1.846208
1125,traditional,0.180896,1.462272,0.199680,1.842848
1126,traditional,0.169088,1.484800,0.200704,1.854592
1127,traditional,0.181856,1.502208,0.199680,1.883744
1128,traditional,0.184448,1.469440,0.199680,1.853568
1129,traditional,0.192992,1.477632,0.199680,1.870304
1130,traditional,0.178080,1.494016,0.199680,1.871776
1131,traditional,0.181024,1.458176,0.200704,1.839904
1132,traditional,0.186528,1.488896,0.200704,1.876128
1133,traditional,0.170080,1.449984,0.200704,1.820768
1134,traditional,0.179392,1.495040,0.199680,1.874112
1135,traditional,0.183936,1.479680,0.200704,1.864320
1136,traditional,0.173216,1.473536,0.199680,1.846432
1137,traditional,0.192960,1.481728,0.204800,1.879488
1138,traditional,0.172672,1.510400,0.201728,1.884800
1139,traditional,0.167904,1.465344,0.211968,1.845216
1140,traditional,0.183488,1.470464,0.200704,1.854656
1141,traditional,0.170304,1.476608,0.199680,1.846592
1142,traditional,0.230976,1.488896,0.199680,1.919552
1143,traditional,0.181856,1.459200,0.199680,1.840736
1144,traditional,0.198304,1.459200,0.199680,1.857184
1145,traditional,0.165824,1.441792,0.199680,1.807296
1146,traditional,0.189536,1.468416,0.200704,1.858656
1147,traditional,0.173216,1.447936,0.200704,1.821856
1148,traditional,0.182752,1.484800,0.200704,1.868256
1149,traditional,0.170976,1.471488,0.200704,1.843168
1150,traditional,0.200224,1.467392,0.203776,1.871392
1151,traditional,0.190432,1.467392,0.199680,1.857504
1152,traditional,0.169536,1.507328,0.200704,1.877568
1153,traditional,0.177824,1.460224,0.200704,1.838752
1154,traditional,0.167392,1.447936,0.200704,1.816032
1155,traditional,0.175904,1.869824,0.200704,2.246432
1156,traditional,0.173632,1.466368,0.204800,1.844800
1157,traditional,0.167840,1.442816,0.200704,1.811360
1158,traditional,0.195264,1.464320,0.200704,1.860288
1159,traditional,0.167744,1.454080,0.200704,1.822528
1160,traditional,0.169152,1.456128,0.200704,1.825984
1161,traditional,0.192128,1.451008,0.200704,1.843840
1162,traditional,0.190848,1.482752,0.200704,1.874304
1163,traditional,0.175264,1.497088,0.200704,1.873056
1164,traditional,0.181472,1.470464,0.200704,1.852640
1165,traditional,0.222464,1.490944,0.200704,1.914112
1166,traditional,0.184224,1.478656,0.200704,1.863584
1167,traditional,0.171680,1.474560,0.200704,1.846944
1168,traditional,0.191392,1.470464,0.200704,1.862560
1169,traditional,0.171424,1.477632,0.201728,1.850784
1170,traditional,0.180000,1.468416,0.199680,1.848096
1171,traditional,0.180096,1.464320,0.199680,1.844096
1172,traditional,0.186496,1.455104,0.200704,1.842304
1173,traditional,0.186464,1.441792,0.199680,1.827936
1174,traditional,0.192448,1.457152,0.200704,1.850304
1175,traditional,0.183776,1.506304,0.200704,1.890784
1176,traditional,0.193184,1.497088,0.199680,1.889952
1177,traditional,0.194080,1.491968,0.201728,1.887776
1178,traditional,0.177984,1.442816,0.200704,1.821504
1179,traditional,0.180864,1.448960,0.200704,1.830528
1180,traditional,0.178880,1.474560,0.200704,1.854144
1181,traditional,0.179680,1.455104,0.200704,1.835488
1182,traditional,0.167520,1.452032,0.200704,1.820256
1183,traditional,0.166656,1.446912,0.200704,1.814272
1184,traditional,0.183136,1.467392,0.200704,1.851232
1185,traditional,0.179360,1.500160,0.200704,1.880224
1186,traditional,0.197312,1.463296,0.200704,1.861312
1187,traditional,0.176096,1.495040,0.200704,1.871840
1188,traditional,0.175648,1.447936,0.200704,1.824288
1189,traditional,0.167360,1.479680,0.201728,1.848768
1190,traditional,0.178848,1.487872,0.200704,1.867424
1191,traditional,0.177600,1.462272,0.200704,1.840576
1192,traditional,0.187008,1.464320,0.200704,1.852032
1193,traditional,0.191552,1.446912,0.199680,1.838144
1194,traditional,0.194560,1.482752,0.200704,1.878016
1195,traditional,0.165376,1.443840,0.200704,1.809920
1196,traditional,0.192640,1.874944,0.385024,2.452608
1197,traditional,0.212288,1.471488,0.200704,1.884480
1198,traditional,0.190752,1.451008,0.200704,1.842464
1199,traditional,0.190464,1.449984,0.200704,1.841152
1200,traditional,0.189824,1.504256,0.200704,1.894784
1201,traditional,0.184064,1.463296,0.200704,1.848064
1202,traditional,0.190176,1.677312,0.373760,2.241248
1203,traditional,0.181824,1.439744,0.204800,1.826368
1204,traditional,0.196960,1.923072,0.384000,2.504032
1205,traditional,0.169632,1.451008,0.200704,1.821344
1206,traditional,0.180352,1.456128,0.201728,1.838208
1207,traditional,0.180096,1.440768,0.200704,1.821568
1208,traditional,0.182080,1.461248,0.200704,1.844032
1209,traditional,0.167712,1.472512,0.200704,1.840928
1210,traditional,0.182240,1.443840,0.203776,1.829856
1211,traditional,0.197824,1.452032,0.200704,1.850560
1212,traditional,0.172736,1.466368,0.200704,1.839808
1213,traditional,0.186080,1.477632,0.200704,1.864416
1214,traditional,0.191296,1.464320,0.200704,1.856320
1215,traditional,0.184960,1.467392,0.200704,1.853056
1216,traditional,0.183040,1.455104,0.200704,1.838848
1217,traditional,0.195296,1.449984,0.199680,1.844960
1218,traditional,0.172256,1.449984,0.200704,1.822944
1219,traditional,0.178624,1.444864,0.200704,1.824192
1220,traditional,0.173376,1.487872,0.200704,1.861952
1221,traditional,0.182304,1.461248,0.200704,1.844256
1222,traditional,0.190400,1.832960,0.200704,2.224064
1223,traditional,0.190144,1.474560,0.200704,1.865408
1224,traditional,0.202560,1.505280,0.200704,1.908544
1225,traditional,0.172992,1.480704,0.200704,1.854400
1226,traditional,0.168928,1.464320,0.200704,1.833952
1227,traditional,0.181408,1.468416,0.201728,1.851552
1228,traditional,0.179136,1.453056,0.200704,1.832896
1229,traditional,0.174336,1.496064,0.200704,1.871104
1230,traditional,0.190816,1.500160,0.200704,1.891680
1231,traditional,0.183232,1.477632,0.200704,1.861568
1232,traditional,0.186336,1.437696,0.200704,1.824736
1233,traditional,0.173152,1.502208,0.200704,1.876064
1234,traditional,0.165312,1.483776,0.205824,1.854912
1235,traditional,0.180032,1.482752,0.200704,1.863488
1236,traditional,0.178784,1.462272,0.200704,1.841760
1237,traditional,0.166688,1.462272,0.200704,1.829664
1238,traditional,0.172576,1.452032,0.200704,1.825312
1239,traditional,0.166272,1.437696,0.200704,1.804672
1240,traditional,0.176576,1.471488,0.200704,1.848768
1241,traditional,0.166304,1.454080,0.200704,1.821088
1242,traditional,0.189856,1.443840,0.200704,1.834400
1243,traditional,0.167872,1.518592,0.200704,1.887168
1244,traditional,0.166144,1.479680,0.204800,1.850624
1245,traditional,0.182560,1.463296,0.200704,1.846560
1246,traditional,0.169024,1.439744,0.200704,1.809472
1247,traditional,0.194720,1.449984,0.199680,1.844384
1248,traditional,0.188192,1.483776,0.200704,1.872672
1249,traditional,0.168160,1.490944,0.200704,1.859808
1250,traditional,0.172192,1.453056,0.428032,2.053280
1251,traditional,0.203232,1.461248,0.200704,1.865184
1252,traditional,0.192672,1.451008,0.200704,1.844384
1253,traditional,0.172800,1.467392,0.199680,1.839872
1254,traditional,0.202848,1.481728,0.201728,1.886304
1255,traditional,0.183712,1.511424,0.200704,1.895840
1256,traditional,0.224384,1.505280,0.200704,1.930368
1257,traditional,0.164704,1.466368,0.200704,1.831776
1258,traditional,0.167936,1.445888,0.200704,1.814528
1259,traditional,0.182880,1.438720,0.200704,1.822304
1260,traditional,0.169760,1.471488,0.200704,1.841952
1261,traditional,0.168576,1.488896,0.200704,1.858176
1262,traditional,0.165472,1.443840,0.200704,1.810016
1263,traditional,0.185888,1.471488,0.199680,1.857056
1264,traditional,0.171104,1.498112,0.200704,1.869920
1265,traditional,0.176640,1.459200,0.200704,1.836544
1266,traditional,0.182016,1.479680,0.201728,1.863424
1267,traditional,0.177696,1.443840,0.200704,1.822240
1268,traditional,0.215872,1.448960,0.200704,1.865536
1269,traditional,0.182112,1.446912,0.200704,1.829728
1270,traditional,0.182304,1.468416,0.199680,1.850400
1271,traditional,0.180192,1.465344,0.200704,1.846240
1272,traditional,0.183712,1.468416,0.201728,1.853856
1273,traditional,0.177888,1.442816,0.200704,1.821408
1274,traditional,0.165984,1.484800,0.200704,1.851488
1275,traditional,0.207392,1.441792,0.200704,1.849888
1276,traditional,0.182144,1.442816,0.200704,1.825664
1277,traditional,0.165440,1.445888,0.199680,1.811008
1278,traditional,0.180288,1.515520,0.200704,1.896512
1279,traditional,0.169536,1.442816,0.201728,1.814080
1280,traditional,0.165824,1.488896,0.202752,1.857472
1281,traditional,0.173824,1.496064,0.201728,1.871616
1282,traditional,0.165120,1.506304,0.201728,1.873152
1283,traditional,0.181280,1.470464,0.201728,1.853472
1284,traditional,0.168416,1.476608,0.201728,1.846752
1285,traditional,0.166976,1.478656,0.200704,1.846336
1286,traditional,0.186144,1.514496,0.211968,1.912608
1287,traditional,0.184416,1.530880,0.208896,1.924192
1288,traditional,0.177312,1.529856,0.207872,1.915040
1289,traditional,0.182592,1.523712,0.207872,1.914176
1290,traditional,0.184224,1.516544,0.207872,1.908640
1291,traditional,0.182336,1.505280,0.204800,1.892416
1292,traditional,0.181088,1.518592,0.204800,1.904480
1293,traditional,0.167328,1.499136,0.204800,1.871264
1294,traditional,0.178880,1.526784,0.203776,1.909440
1295,traditional,0.182880,1.522688,0.208896,1.914464
1296,traditional,0.207392,1.536000,0.207872,1.951264
1297,traditional,0.191328,1.543168,0.207872,1.942368
1298,traditional,0.170432,1.565696,0.207872,1.944000
1299,traditional,0.206112,1.505280,0.207872,1.919264
1300,traditional,0.219872,1.508352,0.212992,1.941216
1301,traditional,0.171328,1.523712,0.206848,1.901888
1302,traditional,0.188640,1.520640,0.207872,1.917152
1303,traditional,0.173504,1.511424,0.207872,1.892800
1304,traditional,0.172832,1.537024,0.208896,1.918752
1305,traditional,0.196544,1.540096,0.205824,1.942464
1306,traditional,0.190144,1.494016,0.204800,1.888960
1307,traditional,0.184320,1.504256,0.200704,1.889280
1308,traditional,0.173952,1.488896,0.200704,1.863552
1309,traditional,0.184224,1.472512,0.199680,1.856416
1310,traditional,0.179264,1.490944,0.200704,1.870912
1311,traditional,0.215136,1.526784,0.200704,1.942624
1312,traditional,0.190944,1.443840,0.200704,1.835488
1313,traditional,0.170144,1.461248,0.199680,1.831072
1314,traditional,0.173952,2.085888,0.204800,2.464640
1315,traditional,0.182464,1.481728,0.199680,1.863872
1316,traditional,0.176704,1.466368,0.200704,1.843776
1317,traditional,0.193472,1.526784,0.203776,1.924032
1318,traditional,0.176704,1.487872,0.203776,1.868352
1319,traditional,0.179392,1.488896,0.203776,1.872064
1320,traditional,0.168224,1.512448,0.207872,1.888544
1321,traditional,0.187296,1.503232,0.204800,1.895328
1322,traditional,0.181952,1.499136,0.201728,1.882816
1323,traditional,0.213024,1.522688,0.202752,1.938464
1324,traditional,0.173120,1.496064,0.202752,1.871936
1325,traditional,0.195072,1.473536,0.201728,1.870336
1326,traditional,0.167040,1.489920,0.202752,1.859712
1327,traditional,0.196256,1.556480,0.202752,1.955488
1328,traditional,0.196928,2.132992,0.209920,2.539840
1329,traditional,0.216448,1.560576,0.205824,1.982848
1330,traditional,0.228608,1.528832,0.206848,1.964288
1331,traditional,0.168320,1.502208,0.205824,1.876352
1332,traditional,0.176160,2.159616,0.219136,2.554912
1333,traditional,0.209504,1.497088,0.204800,1.911392
1334,traditional,0.183456,1.515520,0.204800,1.903776
1335,traditional,0.186368,1.511424,0.203776,1.901568
1336,traditional,0.183360,1.513472,0.203776,1.900608
1337,traditional,0.178592,1.477632,0.203776,1.860000
1338,traditional,0.171904,1.489920,0.203776,1.865600
1339,traditional,0.176320,1.528832,0.206848,1.912000
1340,traditional,0.185376,1.515520,0.206848,1.907744
1341,traditional,0.219872,1.523712,0.205824,1.949408
1342,traditional,0.175168,1.496064,0.206848,1.878080
1343,traditional,0.183872,1.525760,0.206848,1.916480
1344,traditional,0.168352,1.531904,0.203776,1.904032
1345,traditional,0.171552,1.476608,0.203776,1.851936
1346,traditional,0.186368,1.500160,0.204800,1.891328
1347,traditional,0.174880,1.488896,0.203776,1.867552
1348,traditional,0.194112,1.524736,0.203776,1.922624
1349,traditional,0.169344,1.503232,0.202752,1.875328
1350,traditional,0.178624,1.483776,0.202752,1.865152
1351,traditional,0.166400,1.503232,0.201728,1.871360
1352,traditional,0.183584,1.524736,0.201728,1.910048
1353,traditional,0.177408,1.505280,0.202752,1.885440
1354,traditional,0.167744,1.491968,0.202752,1.862464
1355,traditional,0.180032,1.514496,0.201728,1.896256
1356,traditional,0.195168,1.487872,0.202752,1.885792
1357,traditional,0.184672,1.511424,0.202752,1.898848
1358,traditional,0.177184,1.488896,0.201728,1.867808
1359,traditional,0.176320,1.537024,0.200704,1.914048
1360,traditional,0.171776,1.483776,0.201728,1.857280
1361,traditional,0.193376,1.490944,0.202752,1.887072
1362,traditional,0.168864,1.511424,0.202752,1.883040
1363,traditional,0.176608,1.481728,0.202752,1.861088
1364,traditional,0.186016,1.471488,0.202752,1.860256
1365,traditional,0.181664,1.514496,0.201728,1.897888
1366,traditional,0.167584,1.527808,0.202752,1.898144
1367,traditional,0.180288,1.484800,0.202752,1.867840
1368,traditional,0.190016,1.970176,0.388096,2.548288
1369,traditional,0.182944,1.499136,0.202752,1.884832
1370,traditional,0.182112,1.506304,0.200704,1.889120
1371,traditional,0.179360,1.470464,0.201728,1.851552
1372,traditional,0.167648,1.487872,0.201728,1.857248
1373,traditional,0.176896,1.469440,0.200704,1.847040
1374,traditional,0.180512,1.507328,0.200704,1.888544
1375,traditional,0.185792,1.485824,0.202752,1.874368
1376,traditional,0.182880,1.508352,0.202752,1.893984
1377,traditional,0.187712,1.480704,0.203776,1.872192
1378,traditional,0.189312,1.496064,0.202752,1.888128
1379,traditional,0.183552,1.510400,0.202752,1.896704
1380,traditional,0.179264,1.482752,0.202752,1.864768
1381,traditional,0.172192,1.476608,0.202752,1.851552
1382,traditional,0.183584,1.489920,0.202752,1.876256
1383,traditional,0.179520,1.477632,0.202752,1.859904
1384,traditional,0.173568,1.487872,0.202752,1.864192
1385,traditional,0.175328,1.506304,0.206848,1.888480
1386,traditional,0.193952,1.511424,0.206848,1.912224
1387,traditional,0.196800,1.504256,0.206848,1.907904
1388,traditional,0.174368,1.491968,0.205824,1.872160
1389,traditional,0.181216,1.494016,0.205824,1.881056
1390,traditional,0.170880,1.536000,0.210944,1.917824
1391,traditional,0.182912,1.550336,0.211968,1.945216
1392,traditional,0.182976,1.588224,0.212992,1.984192
1393,traditional,0.190048,1.567744,0.211968,1.969760
1394,traditional,0.195296,1.539072,0.210944,1.945312
1395,traditional,0.205216,1.536000,0.209920,1.951136
1396,traditional,0.169568,1.539072,0.210944,1.919584
1397,traditional,0.184032,1.516544,0.214016,1.914592
1398,traditional,0.170272,1.534976,0.209920,1.915168
1399,traditional,0.179840,1.523712,0.209920,1.913472
1400,traditional,0.179488,1.512448,0.207872,1.899808
1401,traditional,0.189248,1.524736,0.207872,1.921856
1402,traditional,0.167808,1.523712,0.206848,1.898368
1403,traditional,0.172640,1.523712,0.207872,1.904224
1404,traditional,0.202496,1.525760,0.207872,1.936128
1405,traditional,0.173632,1.774592,0.371712,2.319936
1406,traditional,0.210144,1.550336,0.207872,1.968352
1407,traditional,0.175712,1.513472,0.207872,1.897056
1408,traditional,0.182976,1.501184,0.207872,1.892032
1409,traditional,0.234624,1.724416,0.207872,2.166912
1410,traditional,0.187584,1.585152,0.210944,1.983680
1411,traditional,0.183360,1.957888,0.402432,2.543680
1412,traditional,0.209120,1.565696,0.224256,1.999072
1413,traditional,0.187520,1.538048,0.212992,1.938560
1414,traditional,0.190592,1.573888,0.212992,1.977472
1415,traditional,0.183712,1.566720,0.212992,1.963424
1416,traditional,0.196576,1.542144,0.212992,1.951712
1417,traditional,0.179392,1.569792,0.211968,1.961152
1418,traditional,0.186368,1.587200,0.211968,1.985536
1419,traditional,0.200960,2.381824,0.226304,2.809088
1420,traditional,0.175072,1.542144,0.217088,1.934304
1421,traditional,0.174752,1.790976,0.377856,2.343584
1422,traditional,0.185120,1.559552,0.217088,1.961760
1423,traditional,0.180448,1.586176,0.216064,1.982688
1424,traditional,0.178208,1.562624,0.216064,1.956896
1425,traditional,0.177312,1.568768,0.218112,1.964192
1426,traditional,0.176448,1.575936,0.216064,1.968448
1427,traditional,0.201568,1.583104,0.214016,1.998688
1428,traditional,0.173632,1.542144,0.214016,1.929792
1429,traditional,0.178656,1.574912,0.212992,1.966560
1430,traditional,0.178752,1.577984,0.214016,1.970752
1431,traditional,0.178912,1.565696,0.212992,1.957600
1432,traditional,0.187200,1.577984,0.214016,1.979200
1433,traditional,0.171040,1.551360,0.210944,1.933344
1434,traditional,0.195264,1.594368,0.211968,2.001600
1435,traditional,0.174752,1.537024,0.217088,1.928864
1436,traditional,0.186592,1.534976,0.224256,1.945824
1437,traditional,0.183520,1.579008,0.204800,1.967328
1438,traditional,0.187744,2.077696,0.208896,2.474336
1439,traditional,0.216160,1.506304,0.200704,1.923168
1440,traditional,0.199776,1.453056,0.200704,1.853536
1441,traditional,0.185664,1.863680,0.204800,2.254144
1442,traditional,0.184608,1.476608,0.200704,1.861920
1443,traditional,0.184512,1.444864,0.200704,1.830080
1444,traditional,0.183552,1.448960,0.200704,1.833216
1445,traditional,0.223328,1.481728,0.210944,1.916000
1446,traditional,0.183360,1.451008,0.200704,1.835072
1447,traditional,0.172448,1.449984,0.200704,1.823136
1448,traditional,0.190048,1.483776,0.204800,1.878624
1449,traditional,0.192096,1.441792,0.435200,2.069088
1450,traditional,0.224032,1.458176,0.200704,1.882912
1451,traditional,0.173152,1.478656,0.199680,1.851488
1452,traditional,0.173248,1.709056,0.206848,2.089152
1453,traditional,0.212832,1.445888,0.200704,1.859424
1454,traditional,0.173056,1.566720,0.200704,1.940480
1455,traditional,0.207200,2.142208,0.205824,2.555232
1456,traditional,0.170656,1.494016,0.200704,1.865376
1457,traditional,0.178560,2.089984,0.205824,2.474368
1458,traditional,0.171616,1.471488,0.203776,1.846880
1459,traditional,0.173312,1.481728,0.199680,1.854720
1460,traditional,0.171072,1.869824,0.381952,2.422848
1461,traditional,0.199680,1.477632,0.200704,1.878016
1462,traditional,0.221408,1.513472,0.203776,1.938656
1463,traditional,0.169696,1.483776,0.203776,1.857248
1464,traditional,0.174752,1.708032,0.200704,2.083488
1465,traditional,0.178624,1.476608,0.200704,1.855936
1466,traditional,0.169696,1.482752,0.200704,1.853152
1467,traditional,0.173568,1.495040,0.200704,1.869312
1468,traditional,0.186304,1.477632,0.199680,1.863616
1469,traditional,0.178528,1.442816,0.201728,1.823072
1470,traditional,0.175456,1.462272,0.200704,1.838432
1471,traditional,0.213856,1.487872,0.212992,1.914720
1472,traditional,0.176288,1.444864,0.200704,1.821856
1473,traditional,0.168256,1.456128,0.200704,1.825088
1474,traditional,0.180192,1.480704,0.200704,1.861600
1475,traditional,0.213216,1.487872,0.200704,1.901792
1476,traditional,0.195648,1.478656,0.203776,1.878080
1477,traditional,0.186240,1.483776,0.200704,1.870720
1478,traditional,0.203744,1.505280,0.200704,1.909728
1479,traditional,0.165248,1.437696,0.200704,1.803648
1480,traditional,0.183648,1.445888,0.200704,1.830240
1481,traditional,0.196992,1.481728,0.200704,1.879424
1482,traditional,0.167264,1.468416,0.200704,1.836384
1483,traditional,0.165952,1.440768,0.200704,1.807424
1484,traditional,0.171904,1.460224,0.199680,1.831808
1485,traditional,0.181760,1.481728,0.200704,1.864192
1486,traditional,0.183104,1.465344,0.200704,1.849152
1487,traditional,0.172768,1.448960,0.200704,1.822432
1488,traditional,0.186880,1.476608,0.207872,1.871360
1489,traditional,0.170944,1.467392,0.199680,1.838016
1490,traditional,0.183584,1.446912,0.200704,1.831200
1491,traditional,0.184416,1.456128,0.200704,1.841248
1492,traditional,0.171776,1.729536,0.362496,2.263808
1493,traditional,0.190656,1.467392,0.200704,1.858752
1494,traditional,0.191872,1.467392,0.200704,1.859968
1495,traditional,0.225408,1.463296,0.212992,1.901696
1496,traditional,0.175072,1.495040,0.200704,1.870816
1497,traditional,0.202240,1.486848,0.200704,1.889792
1498,traditional,0.200608,1.464320,0.199680,1.864608
1499,traditional,0.173248,1.454080,0.199680,1.827008
1500,traditional,0.173088,1.453056,0.200704,1.826848
1501,traditional,0.172416,1.451008,0.200704,1.824128
1502,traditional,0.206112,1.449984,0.200704,1.856800
1503,traditional,0.187456,1.477632,0.200704,1.865792
1504,traditional,0.173696,1.446912,0.200704,1.821312
1505,traditional,0.184000,1.453056,0.200704,1.837760
1506,traditional,0.172480,1.467392,0.199680,1.839552
1507,traditional,0.177472,1.503232,0.200704,1.881408
1508,traditional,0.186720,1.477632,0.200704,1.865056
1509,traditional,0.184064,1.681408,0.200704,2.066176
1510,traditional,0.229312,1.480704,0.211968,1.921984
1511,traditional,0.169568,1.459200,0.200704,1.829472
1512,traditional,0.181824,1.708032,0.208896,2.098752
1513,traditional,0.182784,1.455104,0.200704,1.838592
1514,traditional,0.215168,1.457152,0.200704,1.873024
1515,traditional,0.194368,1.503232,0.199680,1.897280
1516,traditional,0.168704,1.478656,0.200704,1.848064
1517,traditional,0.183872,1.500160,0.200704,1.884736
1518,traditional,0.183200,1.439744,0.199680,1.822624
1519,traditional,0.169696,1.446912,0.199680,1.816288
1520,traditional,0.178432,1.445888,0.203776,1.828096
1521,traditional,0.167616,1.460224,0.200704,1.828544
1522,traditional,0.168000,1.458176,0.200704,1.826880
1523,traditional,0.194688,1.491968,0.200704,1.887360
1524,traditional,0.185440,1.465344,0.200704,1.851488
1525,traditional,0.183200,1.482752,0.199680,1.865632
1526,traditional,0.189696,1.471488,0.208896,1.870080
1527,traditional,0.180096,1.486848,0.204800,1.871744
1528,traditional,0.168672,1.498112,0.200704,1.867488
1529,traditional,0.186112,1.448960,0.200704,1.835776
1530,traditional,0.188448,1.484800,0.199680,1.872928
1531,traditional,0.180160,1.454080,0.200704,1.834944
1532,traditional,0.180288,1.485824,0.200704,1.866816
1533,traditional,0.181248,1.481728,0.199680,1.862656
1534,traditional,0.183840,1.459200,0.199680,1.842720
1535,traditional,0.210304,1.520640,0.199680,1.930624
1536,traditional,0.171648,1.711104,0.207872,2.090624
1537,traditional,0.176992,1.696768,0.199680,2.073440
1538,traditional,0.205536,1.471488,0.200704,1.877728
1539,traditional,0.196640,1.479680,0.199680,1.876000
1540,traditional,0.183872,1.457152,0.200704,1.841728
1541,traditional,0.196000,1.438720,0.200704,1.835424
1542,traditional,0.173056,1.463296,0.199680,1.836032
1543,traditional,0.168480,1.467392,0.199680,1.835552
1544,traditional,0.176064,1.448960,0.200704,1.825728
1545,traditional,0.174144,1.452032,0.199680,1.825856
1546,traditional,0.186592,1.462272,0.199680,1.848544
1547,traditional,0.175456,1.458176,0.199680,1.833312
1548,traditional,0.173536,1.462272,0.199680,1.835488
1549,traditional,0.310496,2.856960,0.377856,3.545312
1550,traditional,0.190496,1.836032,0.200704,2.227232
1551,traditional,0.166016,1.477632,0.199680,1.843328
1552,traditional,0.206912,1.481728,0.199680,1.888320
1553,traditional,0.182144,1.497088,0.199680,1.878912
1554,traditional,0.179776,1.475584,0.200704,1.856064
1555,traditional,0.175712,1.457152,0.199680,1.832544
1556,traditional,0.195744,1.452032,0.200704,1.848480
1557,traditional,0.171040,2.994176,0.403456,3.568672
1558,traditional,0.303744,2.564096,0.210944,3.078784
1559,traditional,0.198176,1.775616,0.200704,2.174496
1560,traditional,0.166720,1.452032,0.200704,1.819456
1561,traditional,0.267808,2.906112,0.377856,3.551776
1562,traditional,0.298720,1.925120,0.199680,2.423520
1563,traditional,0.176192,1.458176,0.200704,1.835072
1564,traditional,0.197696,1.456128,0.203776,1.857600
1565,traditional,0.197024,1.528832,0.200704,1.926560
1566,traditional,0.179648,1.496064,0.200704,1.876416
1567,traditional,0.181824,1.459200,0.200704,1.841728
1568,traditional,0.171936,1.484800,0.199680,1.856416
1569,traditional,0.285600,2.874368,0.378880,3.538848
1570,traditional,0.309344,2.514944,0.200704,3.024992
1571,traditional,0.225088,1.485824,0.199680,1.910592
1572,traditional,0.164320,1.451008,0.200704,1.816032
1573,traditional,0.185280,2.108416,0.377856,2.671552
1574,traditional,0.323712,3.003392,0.199680,3.526784
1575,traditional,0.192064,1.470464,0.205824,1.868352
1576,traditional,0.297504,2.862080,0.377856,3.537440
1577,traditional,0.557792,2.148352,0.200704,2.906848
1578,traditional,0.183264,1.443840,0.428032,2.055136
1579,traditional,0.181760,1.458176,0.199680,1.839616
1580,traditional,0.185344,2.125824,0.377856,2.689024
1581,traditional,0.309856,2.878464,0.204800,3.393120
1582,traditional,0.369792,1.876992,0.205824,2.452608
1583,traditional,0.220800,1.525760,0.205824,1.952384
1584,traditional,0.187744,1.484800,0.205824,1.878368
1585,traditional,0.186432,1.500160,0.204800,1.891392
1586,traditional,0.194784,1.703936,0.205824,2.104544
1587,traditional,0.185792,1.513472,0.201728,1.900992
1588,traditional,0.186528,1.477632,0.201728,1.865888
1589,traditional,0.214144,1.720320,0.201728,2.136192
1590,traditional,0.219776,1.507328,0.201728,1.928832
1591,traditional,0.168832,1.546240,0.201728,1.916800
1592,traditional,0.184224,1.495040,0.202752,1.882016
1593,traditional,0.201376,1.471488,0.199680,1.872544
1594,traditional,0.181024,1.475584,0.200704,1.857312
1595,traditional,0.173088,1.454080,0.200704,1.827872
1596,traditional,0.170880,1.456128,0.200704,1.827712
1597,traditional,0.186656,1.456128,0.200704,1.843488
1598,traditional,0.172864,1.486848,0.199680,1.859392
1599,traditional,0.172928,1.451008,0.199680,1.823616
1600,traditional,0.181472,1.484800,0.203776,1.870048
1601,traditional,0.195680,1.465344,0.200704,1.861728
1602,traditional,0.206752,1.458176,0.200704,1.865632
1603,traditional,0.182688,1.473536,0.200704,1.856928
1604,traditional,0.169248,1.476608,0.199680,1.845536
1605,traditional,0.167488,1.476608,0.200704,1.844800
1606,traditional,0.178176,1.544192,0.200704,1.923072
1607,traditional,0.194816,1.477632,0.200704,1.873152
1608,traditional,0.182912,1.482752,0.199680,1.865344
1609,traditional,0.170816,1.522688,0.209920,1.903424
1610,traditional,0.171104,1.460224,0.200704,1.832032
1611,traditional,0.173632,2.768896,0.377856,3.320384
1612,traditional,0.298752,1.597440,0.200704,2.096896
1613,traditional,0.174208,1.483776,0.199680,1.857664
1614,traditional,0.169056,1.454080,0.199680,1.822816
1615,traditional,0.186592,1.452032,0.200704,1.839328
1616,traditional,0.170464,1.494016,0.200704,1.865184
1617,traditional,0.170976,1.459200,0.199680,1.829856
1618,traditional,0.173440,1.470464,0.200704,1.844608
1619,traditional,0.199136,2.639872,0.378880,3.217888
1620,traditional,0.299328,2.507776,0.199680,3.006784
1621,traditional,0.170368,1.455104,0.200704,1.826176
1622,traditional,0.171872,1.451008,0.200704,1.823584
1623,traditional,0.270016,2.849792,0.378880,3.498688
1624,traditional,0.301344,2.546688,0.200704,3.048736
1625,traditional,0.204800,1.446912,0.200704,1.852416
1626,traditional,0.203552,1.442816,0.199680,1.846048
1627,traditional,0.187424,2.386944,0.378880,2.953248
1628,traditional,0.307456,3.009536,0.201728,3.518720
1629,traditional,0.173472,1.472512,0.200704,1.846688
1630,traditional,0.181664,1.487872,0.200704,1.870240
1631,traditional,0.183072,1.449984,0.202752,1.835808
1632,traditional,0.177920,1.483776,0.199680,1.861376
1633,traditional,0.173632,1.491968,0.207872,1.873472
1634,traditional,0.187456,1.474560,0.200704,1.862720
1635,traditional,0.178944,1.465344,0.212992,1.857280
1636,traditional,0.180064,1.464320,0.199680,1.844064
1637,traditional,0.167680,1.438720,0.200704,1.807104
1638,traditional,0.181344,1.469440,0.200704,1.851488
1639,traditional,0.177088,1.481728,0.199680,1.858496
1640,traditional,0.168480,1.488896,0.199680,1.857056
1641,traditional,0.172064,1.500160,0.203776,1.876000
1642,traditional,0.182080,2.117632,0.205824,2.505536
1643,traditional,0.170016,1.475584,0.200704,1.846304
1644,traditional,0.172608,1.471488,0.204800,1.848896
1645,traditional,0.180864,1.461248,0.200704,1.842816
1646,traditional,0.166016,2.755584,0.378880,3.300480
1647,traditional,0.302144,2.719744,0.200704,3.222592
1648,traditional,0.203424,1.464320,0.200704,1.868448
1649,traditional,0.173440,1.467392,0.200704,1.841536
1650,traditional,0.306432,2.838528,0.378880,3.523840
1651,traditional,0.298112,2.241536,0.204800,2.744448
1652,traditional,0.232928,1.457152,0.200704,1.890784
1653,traditional,0.195744,1.441792,0.199680,1.837216
1654,traditional,0.171712,1.510400,0.200704,1.882816
1655,traditional,0.182176,1.517568,0.200704,1.900448
1656,traditional,0.178912,1.494016,0.200704,1.873632
1657,traditional,0.187008,1.459200,0.200704,1.846912
1658,traditional,0.189216,1.463296,0.199680,1.852192
1659,traditional,0.167808,1.440768,0.200704,1.809280
1660,traditional,0.182400,1.462272,0.200704,1.845376
1661,traditional,0.180192,1.530880,0.205824,1.916896
1662,traditional,0.188064,1.473536,0.212992,1.874592
1663,traditional,0.185408,1.492992,0.199680,1.878080
1664,traditional,0.205024,1.455104,0.200704,1.860832
1665,traditional,0.194848,1.442816,0.199680,1.837344
1666,traditional,0.169440,1.441792,0.200704,1.811936
1667,traditional,0.177472,2.085888,0.208896,2.472256
1668,traditional,0.206592,1.509376,0.199680,1.915648
1669,traditional,0.195136,1.500160,0.200704,1.896000
1670,traditional,0.168928,2.118656,0.204800,2.492384
1671,traditional,0.225632,1.509376,0.200704,1.935712
1672,traditional,0.166016,1.453056,0.200704,1.819776
1673,traditional,0.201952,1.496064,0.200704,1.898720
1674,traditional,0.182400,1.451008,0.200704,1.834112
1675,traditional,0.191264,1.499136,0.200704,1.891104
1676,traditional,0.171744,1.478656,0.208896,1.859296
1677,traditional,0.193440,1.443840,0.199680,1.836960
1678,traditional,0.189376,1.481728,0.200704,1.871808
1679,traditional,0.183200,1.468416,0.200704,1.852320
1680,traditional,0.183104,1.456128,0.200704,1.839936
1681,traditional,0.183040,1.472512,0.200704,1.856256
1682,traditional,0.190816,1.496064,0.200704,1.887584
1683,traditional,0.202080,1.467392,0.199680,1.869152
1684,traditional,0.169344,1.468416,0.200704,1.838464
1685,traditional,0.191712,1.448960,0.200704,1.841376
1686,traditional,0.172224,1.463296,0.200704,1.836224
1687,traditional,0.167296,1.464320,0.200704,1.832320
1688,traditional,0.191040,1.533952,0.200704,1.925696
1689,traditional,0.181792,1.456128,0.199680,1.837600
1690,traditional,0.169632,1.443840,0.200704,1.814176
1691,traditional,0.191072,1.442816,0.205824,1.839712
1692,traditional,0.167904,1.475584,0.200704,1.844192
1693,traditional,0.186464,1.481728,0.200704,1.868896
1694,traditional,0.188288,1.446912,0.200704,1.835904
1695,traditional,0.198944,1.490944,0.199680,1.889568
1696,traditional,0.181920,1.465344,0.200704,1.847968
1697,traditional,0.182272,1.470464,0.199680,1.852416
1698,traditional,0.170752,1.454080,0.211968,1.836800
1699,traditional,0.215872,2.927616,0.378880,3.522368
1700,traditional,0.299552,2.693120,0.208896,3.201568
1701,traditional,0.209344,1.529856,0.199680,1.938880
1702,traditional,0.168320,1.436672,0.200704,1.805696
1703,traditional,0.210688,2.112512,0.378880,2.702080
1704,traditional,0.302592,2.796544,0.200704,3.299840
1705,traditional,0.185280,2.092032,0.208896,2.486208
1706,traditional,0.231168,2.853888,0.377856,3.462912
1707,traditional,0.323488,1.786880,0.200704,2.311072
1708,traditional,0.169760,1.470464,0.205824,1.846048
1709,traditional,0.182464,1.488896,0.205824,1.877184
1710,traditional,0.171072,1.505280,0.205824,1.882176
1711,traditional,0.175296,1.506304,0.205824,1.887424
1712,traditional,0.171648,1.480704,0.231424,1.883776
1713,traditional,0.205600,1.689600,0.233472,2.128672
1714,traditional,0.212640,1.736704,0.233472,2.182816
1715,traditional,0.189728,1.702912,0.238592,2.131232
1716,traditional,0.192992,1.718272,0.233472,2.144736
1717,traditional,0.188928,1.698816,0.257024,2.144768
1718,traditional,0.196640,1.689600,0.233472,2.119712
1719,traditional,0.193856,1.686528,0.231424,2.111808
1720,traditional,0.188224,1.686528,0.231424,2.106176
1721,traditional,0.185344,1.682432,0.231424,2.099200
1722,traditional,0.222496,1.777664,0.231424,2.231584
1723,traditional,0.185728,1.684480,0.231424,2.101632
1724,traditional,0.186336,1.685504,0.231424,2.103264
1725,traditional,0.189280,1.683456,0.231424,2.104160
1726,traditional,0.219456,1.731584,0.231424,2.182464
1727,traditional,0.195872,1.681408,0.230400,2.107680
1728,traditional,0.195424,1.690624,0.230400,2.116448
1729,traditional,0.195808,1.694720,0.230400,2.120928
1730,traditional,0.185824,1.728512,0.232448,2.146784
1731,traditional,0.185888,1.691648,0.229376,2.106912
1732,traditional,0.188928,1.685504,0.233472,2.107904
1733,traditional,0.243296,1.712128,0.230400,2.185824
1734,traditional,0.208576,1.714176,0.226304,2.149056
1735,traditional,0.189792,1.645568,0.228352,2.063712
1736,traditional,0.202784,1.670144,0.227328,2.100256
1737,traditional,0.195584,1.659904,0.227328,2.082816
1738,traditional,0.194944,1.665024,0.227328,2.087296
1739,traditional,0.198592,1.634304,0.224256,2.057152
1740,traditional,0.199424,1.680384,0.223232,2.103040
1741,traditional,0.187776,1.619968,0.223232,2.030976
1742,traditional,0.179872,1.614848,0.223232,2.017952
1743,traditional,0.219488,1.611776,0.221184,2.052448
1744,traditional,0.211424,1.601536,0.224256,2.037216
1745,traditional,0.202016,1.592320,0.221184,2.015520
1746,traditional,0.237984,1.638400,0.221184,2.097568
1747,traditional,0.191072,1.613824,0.221184,2.026080
1748,traditional,0.214080,2.269184,0.225280,2.708544
1749,traditional,0.222240,1.651712,0.225280,2.099232
1750,traditional,0.183712,1.666048,0.225280,2.075040
1751,traditional,0.203232,2.111488,0.227328,2.542048
1752,traditional,0.180960,1.662976,0.228352,2.072288
1753,traditional,0.191072,1.643520,0.225280,2.059872
1754,traditional,0.185824,1.680384,0.227328,2.093536
1755,traditional,0.195712,1.651712,0.226304,2.073728
1756,traditional,0.194464,1.907712,0.240640,2.342816
1757,traditional,0.224096,1.694720,0.226304,2.145120
1758,traditional,0.205504,1.670144,0.226304,2.101952
1759,traditional,0.211552,1.669120,0.226304,2.106976
1760,traditional,0.189536,1.668096,0.227328,2.084960
1761,traditional,0.190688,1.650688,0.226304,2.067680
1762,traditional,0.183104,1.653760,0.227328,2.064192
1763,traditional,0.194976,1.681408,0.227328,2.103712
1764,traditional,0.181888,1.536000,0.207872,1.925760
1765,traditional,0.170976,1.520640,0.207872,1.899488
1766,traditional,0.196416,1.582080,0.207872,1.986368
1767,traditional,0.168960,1.548288,0.206848,1.924096
1768,traditional,0.176512,1.507328,0.206848,1.890688
1769,traditional,0.189056,1.523712,0.200704,1.913472
1770,traditional,0.204544,1.494016,0.200704,1.899264
1771,traditional,0.167360,1.510400,0.200704,1.878464
1772,traditional,0.168736,1.486848,0.199680,1.855264
1773,traditional,0.173312,1.460224,0.200704,1.834240
1774,traditional,0.174528,1.715200,0.207872,2.097600
1775,traditional,0.228288,1.484800,0.200704,1.913792
1776,traditional,0.171392,1.486848,0.199680,1.857920
1777,traditional,0.176128,1.516544,0.199680,1.892352
1778,traditional,0.185248,1.460224,0.199680,1.845152
1779,traditional,0.183648,1.464320,0.203776,1.851744
1780,traditional,0.184832,1.471488,0.199680,1.856000
1781,traditional,0.172128,1.471488,0.199680,1.843296
1782,traditional,0.186656,1.443840,0.199680,1.830176
1783,traditional,0.224832,1.522688,0.199680,1.947200
1784,traditional,0.181568,1.482752,0.199680,1.864000
1785,traditional,0.174720,1.714176,0.199680,2.088576
1786,traditional,0.164928,1.477632,0.202752,1.845312
1787,traditional,0.209216,1.519616,0.203776,1.932608
1788,traditional,0.172352,1.475584,0.199680,1.847616
1789,traditional,0.186304,1.459200,0.201728,1.847232
1790,traditional,0.207136,1.488896,0.199680,1.895712
1791,traditional,0.187072,1.479680,0.202752,1.869504
1792,traditional,0.171488,1.492992,0.199680,1.864160
1793,traditional,0.170528,1.478656,0.199680,1.848864
1794,traditional,0.194208,1.465344,0.200704,1.860256
1795,traditional,0.174016,1.510400,0.199680,1.884096
1796,traditional,0.178624,1.485824,0.199680,1.864128
1797,traditional,0.181696,1.481728,0.199680,1.863104
1798,traditional,0.185568,1.481728,0.199680,1.866976
1799,traditional,0.182368,1.471488,0.199680,1.853536
1800,traditional,0.181280,1.451008,0.200704,1.832992
1801,traditional,0.183456,1.485824,0.200704,1.869984
1802,traditional,0.167744,1.475584,0.199680,1.843008
1803,traditional,0.182336,1.485824,0.199680,1.867840
1804,traditional,0.187584,1.483776,0.200704,1.872064
1805,traditional,0.182752,1.474560,0.199680,1.856992
1806,traditional,0.215680,1.467392,0.199680,1.882752
1807,traditional,0.200672,1.471488,0.199680,1.871840
1808,traditional,0.171168,1.461248,0.199680,1.832096
1809,traditional,0.185696,1.452032,0.207872,1.845600
1810,traditional,0.206304,1.458176,0.201728,1.866208
1811,traditional,0.194528,1.458176,0.200704,1.853408
1812,traditional,0.200736,1.452032,0.199680,1.852448
1813,traditional,0.215680,1.517568,0.200704,1.933952
1814,traditional,0.178592,1.468416,0.200704,1.847712
1815,traditional,0.181056,1.463296,0.200704,1.845056
1816,traditional,0.189184,1.463296,0.203776,1.856256
1817,traditional,0.167488,1.458176,0.201728,1.827392
1818,traditional,0.182080,1.445888,0.200704,1.828672
1819,traditional,0.208480,1.447936,0.199680,1.856096
1820,traditional,0.172032,1.436672,0.200704,1.809408
1821,traditional,0.182176,2.085888,0.204800,2.472864
1822,traditional,0.214976,1.475584,0.200704,1.891264
1823,traditional,0.226240,1.436672,0.208896,1.871808
1824,traditional,0.193184,1.456128,0.199680,1.848992
1825,traditional,0.194752,2.147328,0.204800,2.546880
1826,traditional,0.180032,1.430528,0.199680,1.810240
1827,traditional,0.189728,1.451008,0.200704,1.841440
1828,traditional,0.202560,1.476608,0.199680,1.878848
1829,traditional,0.175136,1.459200,0.438272,2.072608
1830,traditional,0.192544,1.459200,0.199680,1.851424
1831,traditional,0.166112,1.455104,0.200704,1.821920
1832,traditional,0.183776,1.453056,0.199680,1.836512
1833,traditional,0.184800,1.468416,0.199680,1.852896
1834,traditional,0.195488,1.436672,0.199680,1.831840
1835,traditional,0.223968,1.442816,0.199680,1.866464
1836,traditional,0.167616,1.864704,0.380928,2.413248
1837,traditional,0.171552,1.680384,0.199680,2.051616
1838,traditional,0.227200,1.506304,0.199680,1.933184
1839,traditional,0.196448,1.460224,0.200704,1.857376
1840,traditional,0.209440,1.500160,0.199680,1.909280
1841,traditional,0.193056,1.476608,0.200704,1.870368
1842,traditional,0.192608,2.109440,0.378880,2.680928
1843,traditional,0.298688,2.790400,0.205824,3.294912
1844,traditional,0.180544,1.913856,0.200704,2.295104
1845,traditional,0.184032,1.442816,0.199680,1.826528
1846,traditional,0.170848,1.449984,0.200704,1.821536
1847,traditional,0.179360,1.466368,0.200704,1.846432
1848,traditional,0.180992,1.457152,0.199680,1.837824
1849,traditional,0.166560,1.457152,0.200704,1.824416
1850,traditional,0.179136,1.455104,0.200704,1.834944
1851,traditional,0.169056,1.472512,0.200704,1.842272
1852,traditional,0.299264,2.894848,0.378880,3.572992
1853,traditional,0.297504,2.414592,0.203776,2.915872
1854,traditional,0.195520,2.094080,0.204800,2.494400
1855,traditional,0.170144,1.519616,0.199680,1.889440
1856,traditional,0.165984,1.482752,0.199680,1.848416
1857,traditional,0.179552,1.518592,0.201728,1.899872
1858,traditional,0.179776,1.491968,0.201728,1.873472
1859,traditional,0.173824,1.455104,0.201728,1.830656
1860,traditional,0.186496,1.477632,0.201728,1.865856
1861,traditional,0.169184,1.459200,0.201728,1.830112
1862,traditional,0.170752,1.448960,0.199680,1.819392
1863,traditional,0.210688,1.531904,0.199680,1.942272
1864,traditional,0.186496,1.469440,0.199680,1.855616
1865,traditional,0.191744,2.292736,0.377856,2.862336
1866,traditional,0.309568,2.240512,0.200704,2.750784
1867,traditional,0.181024,1.518592,0.199680,1.899296
1868,traditional,0.179136,1.472512,0.199680,1.851328
1869,traditional,0.190176,1.457152,0.199680,1.847008
1870,traditional,0.196096,1.479680,0.200704,1.876480
1871,traditional,0.194976,1.729536,0.199680,2.124192
1872,traditional,0.192096,1.485824,0.200704,1.878624
1873,traditional,0.183456,1.651712,0.225280,2.060448
1874,traditional,0.188832,1.646592,0.225280,2.060704
1875,traditional,0.231392,1.696768,0.225280,2.153440
1876,traditional,0.209984,1.682432,0.229376,2.121792
1877,traditional,0.187776,1.688576,0.225280,2.101632
1878,traditional,0.205696,2.347008,0.233472,2.786176
1879,traditional,0.218720,1.697792,0.232448,2.148960
1880,traditional,0.196672,1.665024,0.229376,2.091072
1881,traditional,0.186176,1.660928,0.229376,2.076480
1882,traditional,0.192032,1.658880,0.231424,2.082336
1883,traditional,0.195712,1.667072,0.229376,2.092160
1884,traditional,0.192320,1.700864,0.229376,2.122560
1885,traditional,0.192896,1.684480,0.237568,2.114944
1886,traditional,0.186560,1.654784,0.230400,2.071744
1887,traditional,0.187776,1.677312,0.230400,2.095488
1888,traditional,0.185248,1.681408,0.231424,2.098080
1889,traditional,0.186048,1.676288,0.231424,2.093760
1890,traditional,0.187424,1.676288,0.231424,2.095136
1891,traditional,0.185760,1.692672,0.231424,2.109856
1892,traditional,0.215712,1.676288,0.231424,2.123424
1893,traditional,0.184960,1.658880,0.228352,2.072192
1894,traditional,0.188000,1.660928,0.227328,2.076256
1895,traditional,0.184800,1.651712,0.230400,2.066912
1896,traditional,0.219744,1.686528,0.227328,2.133600
1897,traditional,0.186528,1.651712,0.227328,2.065568
1898,traditional,0.194336,1.648640,0.228352,2.071328
1899,traditional,0.184448,1.641472,0.228352,2.054272
1900,traditional,0.183136,1.647616,0.225280,2.056032
1901,traditional,0.186176,1.665024,0.226304,2.077504
1902,traditional,0.196640,1.638400,0.226304,2.061344
1903,traditional,0.184224,1.643520,0.225280,2.053024
1904,traditional,0.186496,1.651712,0.227328,2.065536
1905,traditional,0.192032,1.636352,0.226304,2.054688
1906,traditional,0.185408,1.678336,0.231424,2.095168
1907,traditional,0.184672,1.688576,0.230400,2.103648
1908,traditional,0.184544,1.683456,0.231424,2.099424
1909,traditional,0.187680,1.714176,0.230400,2.132256
1910,traditional,0.184192,1.676288,0.230400,2.090880
1911,traditional,0.204384,1.671168,0.230400,2.105952
1912,traditional,0.204896,1.665024,0.228352,2.098272
1913,traditional,0.210144,1.681408,0.229376,2.120928
1914,traditional,0.188608,1.694720,0.228352,2.111680
1915,traditional,0.184928,1.656832,0.229376,2.071136
1916,traditional,0.197248,1.673216,0.229376,2.099840
1917,traditional,0.190944,1.648640,0.227328,2.066912
1918,traditional,0.189696,1.688576,0.227328,2.105600
1919,traditional,0.184736,1.649664,0.227328,2.061728
1920,traditional,0.196992,1.674240,0.227328,2.098560
1921,traditional,0.184480,1.675264,0.227328,2.087072
1922,traditional,0.217664,1.702912,0.231424,2.152000
1923,traditional,0.187936,1.669120,0.235520,2.092576
1924,traditional,0.221216,1.675264,0.240640,2.137120
1925,traditional,0.222048,1.697792,0.230400,2.150240
1926,traditional,0.227232,1.744896,0.230400,2.202528
1927,traditional,0.190688,1.720320,0.236544,2.147552
1928,traditional,0.202560,1.690624,0.228352,2.121536
1929,traditional,0.184832,1.666048,0.228352,2.079232
1930,traditional,0.186592,1.665024,0.227328,2.078944
1931,traditional,0.201088,1.707008,0.227328,2.135424
1932,traditional,0.196960,1.671168,0.228352,2.096480
1933,traditional,0.200288,1.793024,0.210944,2.204256
1934,traditional,0.183424,1.537024,0.207872,1.928320
1935,traditional,0.186208,1.532928,0.232448,1.951584
1936,traditional,0.229536,1.558528,0.206848,1.994912
1937,traditional,0.175360,1.540096,0.206848,1.922304
1938,traditional,0.185120,1.500160,0.206848,1.892128
1939,traditional,0.168768,1.499136,0.206848,1.874752
1940,traditional,0.206016,1.553408,0.206848,1.966272
1941,traditional,0.174368,1.466368,0.199680,1.840416
1942,traditional,0.179040,1.451008,0.200704,1.830752
1943,traditional,0.180960,1.467392,0.200704,1.849056
1944,traditional,0.168096,1.508352,0.200704,1.877152
1945,traditional,0.191424,1.521664,0.204800,1.917888
1946,traditional,0.181504,1.435648,0.199680,1.816832
1947,traditional,0.202592,1.465344,0.199680,1.867616
1948,traditional,0.198976,1.494016,0.199680,1.892672
1949,traditional,0.228416,1.504256,0.199680,1.932352
1950,traditional,0.168512,1.465344,0.199680,1.833536
1951,traditional,0.191104,1.458176,0.199680,1.848960
1952,traditional,0.217568,1.512448,0.200704,1.930720
1953,traditional,0.217184,1.448960,0.200704,1.866848
1954,traditional,0.166752,1.469440,0.211968,1.848160
1955,traditional,0.171584,1.769472,0.231424,2.172480
1956,traditional,0.175424,1.512448,0.200704,1.888576
1957,traditional,0.165600,2.091008,0.204800,2.461408
1958,traditional,0.169632,1.460224,0.199680,1.829536
1959,traditional,0.166816,1.454080,0.199680,1.820576
1960,traditional,0.174208,1.449984,0.200704,1.824896
1961,traditional,0.190624,1.445888,0.199680,1.836192
1962,traditional,0.187712,1.520640,0.199680,1.908032
1963,traditional,0.173632,1.465344,0.200704,1.839680
1964,traditional,0.170976,1.446912,0.199680,1.817568
1965,traditional,0.165536,1.447936,0.199680,1.813152
1966,traditional,0.192832,1.434624,0.200704,1.828160
1967,traditional,0.205760,1.457152,0.199680,1.862592
1968,traditional,0.209504,1.445888,0.199680,1.855072
1969,traditional,0.165088,1.451008,0.200704,1.816800
1970,traditional,0.178848,1.435648,0.199680,1.814176
1971,traditional,0.202816,1.464320,0.199680,1.866816
1972,traditional,0.166400,1.444864,0.199680,1.810944
1973,traditional,0.182432,1.460224,0.200704,1.843360
1974,traditional,0.194880,1.444864,0.203776,1.843520
1975,traditional,0.192288,1.521664,0.200704,1.914656
1976,traditional,0.193568,1.456128,0.200704,1.850400
1977,traditional,0.173056,1.482752,0.204800,1.860608
1978,traditional,0.174848,1.435648,0.200704,1.811200
1979,traditional,0.182688,1.437696,0.199680,1.820064
1980,traditional,0.182112,1.504256,0.202752,1.889120
1981,traditional,0.195008,1.470464,0.200704,1.866176
1982,traditional,0.184064,1.436672,0.200704,1.821440
1983,traditional,0.185984,1.469440,0.199680,1.855104
1984,traditional,0.190688,1.448960,0.199680,1.839328
1985,traditional,0.190112,1.441792,0.199680,1.831584
1986,traditional,0.177056,1.575936,0.215040,1.968032
1987,traditional,0.186624,1.558528,0.215040,1.960192
1988,traditional,0.206912,1.641472,0.216064,2.064448
1989,traditional,0.175424,1.594368,0.227328,1.997120
1990,traditional,0.174304,2.060288,0.219136,2.453728
1991,traditional,0.176128,1.566720,0.216064,1.958912
1992,traditional,0.206816,1.611776,0.215040,2.033632
1993,traditional,0.173152,1.569792,0.215040,1.957984
1994,traditional,0.182208,1.563648,0.216064,1.961920
1995,traditional,0.173568,2.055168,0.231424,2.460160
1996,traditional,0.194816,1.887232,0.226304,2.308352
1997,traditional,0.222336,1.676288,0.227328,2.125952
1998,traditional,0.191168,1.642496,0.223232,2.056896
1999,traditional,0.213088,1.642496,0.224256,2.079840
2000,traditional,0.188160,1.622016,0.221184,2.031360
2001,traditional,0.179392,2.058240,0.223232,2.460864
2002,traditional,0.219136,1.646592,0.220160,2.085888
2003,traditional,0.228480,1.631232,0.226304,2.086016
2004,traditional,0.184832,1.633280,0.226304,2.044416
2005,traditional,0.183328,1.659904,0.222208,2.065440
2006,traditional,0.184800,1.659904,0.223232,2.067936
2007,traditional,0.183520,1.623040,0.222208,2.028768
2008,traditional,0.188832,1.647616,0.221184,2.057632
2009,traditional,0.180672,1.652736,0.221184,2.054592
2010,traditional,0.184320,1.632256,0.221184,2.037760
2011,traditional,0.198592,1.912832,0.221184,2.332608
2012,traditional,0.183456,1.650688,0.216064,2.050208
2013,traditional,0.181120,1.582080,0.221184,1.984384
2014,traditional,0.176704,1.572864,0.216064,1.965632
2015,traditional,0.186624,1.566720,0.216064,1.969408
2016,traditional,0.179232,1.595392,0.216064,1.990688
2017,traditional,0.183040,1.558528,0.212992,1.954560
2018,traditional,0.172864,1.549312,0.212992,1.935168
2019,traditional,0.197248,1.548288,0.214016,1.959552
2020,traditional,0.182400,1.573888,0.212992,1.969280
2021,traditional,0.189152,1.624064,0.214016,2.027232
2022,traditional,0.226912,1.584128,0.224256,2.035296
2023,traditional,0.207264,1.600512,0.220160,2.027936
2024,traditional,0.179520,1.654784,0.220160,2.054464
2025,traditional,0.189280,1.607680,0.222208,2.019168
2026,traditional,0.179200,1.652736,0.221184,2.053120
2027,traditional,0.181696,1.610752,0.220160,2.012608
2028,traditional,0.177472,1.617920,0.220160,2.015552
2029,traditional,0.176736,1.619968,0.220160,2.016864
2030,traditional,0.210592,1.620992,0.220160,2.051744
2031,traditional,0.188480,1.615872,0.220160,2.024512
2032,traditional,0.177440,1.555456,0.215040,1.947936
2033,traditional,0.174144,1.561600,0.216064,1.951808
2034,traditional,0.174848,1.596416,0.215040,1.986304
2035,traditional,0.175648,1.566720,0.215040,1.957408
2036,traditional,0.175552,1.567744,0.215040,1.958336
2037,traditional,0.178464,1.516544,0.203776,1.898784
2038,traditional,0.172704,1.482752,0.202752,1.858208
2039,traditional,0.181504,1.477632,0.203776,1.862912
2040,traditional,0.176544,1.503232,0.203776,1.883552
2041,traditional,0.179616,1.469440,0.203776,1.852832
2042,traditional,0.166624,1.492992,0.202752,1.862368
2043,traditional,0.178656,1.469440,0.203776,1.851872
2044,traditional,0.195168,1.498112,0.203776,1.897056
2045,traditional,0.167168,1.463296,0.202752,1.833216
2046,traditional,0.170560,1.490944,0.202752,1.864256
2047,traditional,0.167744,1.492992,0.199680,1.860416
2048,traditional,0.168928,1.467392,0.199680,1.836000
2049,traditional,0.171584,1.481728,0.200704,1.854016
2050,traditional,0.172640,1.459200,0.199680,1.831520
2051,traditional,0.167680,1.510400,0.200704,1.878784
2052,traditional,0.166720,1.443840,0.199680,1.810240
2053,traditional,0.186240,1.444864,0.199680,1.830784
2054,traditional,0.165984,1.468416,0.199680,1.834080
2055,traditional,0.178784,1.439744,0.199680,1.818208
2056,traditional,0.167808,1.457152,0.200704,1.825664
2057,traditional,0.213216,1.497088,0.199680,1.909984
2058,traditional,0.193504,1.522688,0.209920,1.926112
2059,traditional,0.166944,1.463296,0.200704,1.830944
2060,traditional,0.167008,1.487872,0.203776,1.858656
2061,traditional,0.195424,1.458176,0.200704,1.854304
2062,traditional,0.185280,1.457152,0.199680,1.842112
2063,traditional,0.196224,1.478656,0.200704,1.875584
2064,traditional,0.192512,1.439744,0.200704,1.832960
2065,traditional,0.183392,1.477632,0.200704,1.861728
2066,traditional,0.170016,1.454080,0.199680,1.823776
2067,traditional,0.182304,1.448960,0.199680,1.830944
2068,traditional,0.181888,1.437696,0.199680,1.819264
2069,traditional,0.171776,1.470464,0.200704,1.842944
2070,traditional,0.195264,1.437696,0.201728,1.834688
2071,traditional,0.215936,1.502208,0.200704,1.918848
2072,traditional,0.183488,1.491968,0.199680,1.875136
2073,traditional,0.209824,1.484800,0.199680,1.894304
2074,traditional,0.175456,1.472512,0.199680,1.847648
2075,traditional,0.168128,1.463296,0.199680,1.831104
2076,traditional,0.169696,1.461248,0.201728,1.832672
2077,traditional,0.177888,1.478656,0.200704,1.857248
2078,traditional,0.182816,1.455104,0.200704,1.838624
2079,traditional,0.167520,1.438720,0.200704,1.806944
2080,traditional,0.182752,1.703936,0.199680,2.086368
2081,traditional,0.182208,1.469440,0.199680,1.851328
2082,traditional,0.192256,1.443840,0.199680,1.835776
2083,traditional,0.166912,1.483776,0.200704,1.851392
2084,traditional,0.211456,1.445888,0.200704,1.858048
2085,traditional,0.184960,1.496064,0.210944,1.891968
2086,traditional,0.171904,1.474560,0.201728,1.848192
2087,traditional,0.165184,1.506304,0.200704,1.872192
2088,traditional,0.183008,1.467392,0.199680,1.850080
2089,traditional,0.185120,1.443840,0.200704,1.829664
2090,traditional,0.172000,1.467392,0.199680,1.839072
2091,traditional,0.179136,1.461248,0.200704,1.841088
2092,traditional,0.198528,1.475584,0.200704,1.874816
2093,traditional,0.194496,1.461248,0.199680,1.855424
2094,traditional,0.190560,1.516544,0.199680,1.906784
2095,traditional,0.181600,1.453056,0.199680,1.834336
2096,traditional,0.166688,1.444864,0.199680,1.811232
2097,traditional,0.174656,1.462272,0.200704,1.837632
2098,traditional,0.181408,1.486848,0.200704,1.868960
2099,traditional,0.194304,1.438720,0.199680,1.832704
2100,traditional,0.201984,1.448960,0.199680,1.850624
