frame,renderPath,shadowMs,sceneMs,postProcessMs,frameMs
1,traditional,0.079616,1.157120,0.260096,1.496832
2,traditional,0.091360,1.135616,0.333824,1.560800
3,traditional,0.083904,1.175552,0.330752,1.590208
4,traditional,0.079744,1.141760,0.333824,1.555328
5,traditional,0.080544,1.164288,0.330752,1.575584
6,traditional,0.077664,1.156096,0.337920,1.571680
7,traditional,0.078912,0.356352,0.180224,0.615488
8,traditional,0.078016,0.361472,0.179200,0.618688
9,traditional,0.077248,0.348160,0.180224,0.605632
10,traditional,0.077248,0.354304,0.181248,0.612800
11,traditional,0.088064,0.377856,0.179200,0.645120
12,traditional,0.082304,0.369664,0.179200,0.631168
13,traditional,0.077184,0.350208,0.191488,0.618880
14,traditional,0.077184,0.358400,0.190464,0.626048
15,traditional,0.076672,0.355328,0.181248,0.613248
16,traditional,0.077024,0.362496,0.178176,0.617696
17,traditional,0.076512,0.345088,0.179200,0.600800
18,traditional,0.079840,0.346112,0.190464,0.616416
19,traditional,0.077056,0.347136,0.178176,0.602368
20,traditional,0.076736,0.362496,0.187392,0.626624
21,traditional,0.076000,0.371712,0.181248,0.628960
22,traditional,0.076928,0.354304,0.178176,0.609408
23,traditional,0.075936,0.360448,0.179200,0.615584
24,traditional,0.076544,0.358400,0.182272,0.617216
25,traditional,0.076224,0.346112,0.182272,0.604608
26,traditional,0.080832,0.363520,0.179200,0.623552
27,traditional,0.077824,0.357376,0.182272,0.617472
28,traditional,0.079520,0.349184,0.178176,0.606880
29,traditional,0.076288,0.347136,0.179200,0.602624
30,traditional,0.076544,0.348160,0.180224,0.604928
31,traditional,0.076896,0.352256,0.187392,0.616544
32,traditional,0.076416,0.346112,0.179200,0.601728
33,traditional,0.076768,0.348160,0.179200,0.604128
34,traditional,0.080864,0.350208,0.178176,0.609248
35,traditional,0.076416,0.347136,0.178176,0.601728
36,traditional,0.077088,0.357376,0.179200,0.613664
37,traditional,0.076928,0.346112,0.182272,0.605312
38,traditional,0.077600,0.350208,0.179200,0.607008
39,traditional,0.081408,0.358400,0.179200,0.619008
40,traditional,0.076608,0.349184,0.178176,0.603968
41,traditional,0.099520,0.346112,0.182272,0.627904
42,traditional,0.077120,0.346112,0.178176,0.601408
43,traditional,0.076928,0.364544,0.191488,0.632960
44,traditional,0.079648,0.359424,0.179200,0.618272
45,traditional,0.079424,0.369664,0.179200,0.628288
46,traditional,0.080800,0.349184,0.181248,0.611232
47,traditional,0.077792,0.367616,0.183296,0.628704
48,traditional,0.076832,0.358400,0.179200,0.614432
49,traditional,0.076224,0.350208,0.182272,0.608704
50,traditional,0.076992,0.348160,0.179200,0.604352
51,traditional,0.084864,0.358400,0.179200,0.622464
52,traditional,0.076576,0.348160,0.182272,0.607008
53,traditional,0.076128,0.349184,0.179200,0.604512
54,traditional,0.076512,0.363520,0.178176,0.618208
55,traditional,0.088768,0.377856,0.183296,0.649920
56,traditional,0.077024,0.353280,0.179200,0.609504
57,traditional,0.075968,0.348160,0.179200,0.603328
58,traditional,0.088256,0.349184,0.178176,0.615616
59,traditional,0.077248,0.346112,0.179200,0.602560
60,traditional,0.076256,0.361472,0.178176,0.615904
61,traditional,0.076800,0.352256,0.179200,0.608256
62,traditional,0.077664,0.360448,0.184320,0.622432
63,traditional,0.075360,0.368640,0.179200,0.623200
64,traditional,0.080288,0.357376,0.179200,0.616864
65,traditional,0.075808,0.367616,0.191488,0.634912
66,traditional,0.080704,0.380928,0.180224,0.641856
67,traditional,0.076736,0.359424,0.179200,0.615360
68,traditional,0.077568,0.359424,0.180224,0.617216
69,traditional,0.076480,0.354304,0.179200,0.609984
70,traditional,0.077280,0.355328,0.190464,0.623072
71,traditional,0.076000,0.364544,0.178176,0.618720
72,traditional,0.080768,0.356352,0.203776,0.640896
73,traditional,0.075680,0.361472,0.179200,0.616352
74,traditional,0.087264,0.359424,0.178176,0.624864
75,traditional,0.083296,0.365568,0.179200,0.628064
76,traditional,0.083008,0.359424,0.185344,0.627776
77,traditional,0.077184,0.368640,0.178176,0.624000
78,traditional,0.077088,0.354304,0.179200,0.610592
79,traditional,0.076480,0.401408,0.193536,0.671424
80,traditional,0.077440,0.375808,0.179200,0.632448
81,traditional,0.076448,0.352256,0.182272,0.610976
82,traditional,0.076416,0.351232,0.178176,0.605824
83,traditional,0.076864,0.346112,0.178176,0.601152
84,traditional,0.080576,0.345088,0.178176,0.603840
85,traditional,0.076672,0.353280,0.179200,0.609152
86,traditional,0.079776,0.347136,0.179200,0.606112
87,traditional,0.077216,0.352256,0.178176,0.607648
88,traditional,0.076064,0.355328,0.184320,0.615712
89,traditional,0.076704,0.354304,0.181248,0.612256
90,traditional,0.079968,0.360448,0.181248,0.621664
91,traditional,0.077184,0.348160,0.178176,0.603520
92,traditional,0.077120,0.345088,0.178176,0.600384
93,traditional,0.076480,0.355328,0.178176,0.609984
94,traditional,0.076896,0.345088,0.177152,0.599136
95,traditional,0.077216,0.348160,0.190464,0.615840
96,traditional,0.081536,0.358400,0.179200,0.619136
97,traditional,0.075968,0.345088,0.179200,0.600256
98,traditional,0.077472,0.348160,0.178176,0.603808
99,traditional,0.077152,0.359424,0.178176,0.614752
100,traditional,0.077888,0.347136,0.177152,0.602176
101,traditional,0.076960,0.344064,0.178176,0.599200
102,traditional,0.076768,0.347136,0.182272,0.606176
103,traditional,0.085824,0.363520,0.178176,0.627520
104,traditional,0.076256,0.355328,0.178176,0.609760
105,traditional,0.079872,0.348160,0.178176,0.606208
106,traditional,0.080896,0.346112,0.178176,0.605184
107,traditional,0.075840,0.358400,0.178176,0.612416
108,traditional,0.080000,0.346112,0.177152,0.603264
109,traditional,0.076800,0.348160,0.178176,0.603136
110,traditional,0.076672,0.356352,0.178176,0.611200
111,traditional,0.084800,0.358400,0.178176,0.621376
112,traditional,0.078400,0.345088,0.178176,0.601664
113,traditional,0.076320,0.348160,0.182272,0.606752
114,traditional,0.076768,0.349184,0.179200,0.605152
115,traditional,0.075328,0.358400,0.181248,0.614976
116,traditional,0.080224,0.350208,0.190464,0.620896
117,traditional,0.085952,0.347136,0.178176,0.611264
118,traditional,0.076544,0.352256,0.178176,0.606976
119,traditional,0.076512,0.347136,0.178176,0.601824
120,traditional,0.076416,0.346112,0.188416,0.610944
121,traditional,0.076448,0.346112,0.178176,0.600736
122,traditional,0.076256,0.362496,0.182272,0.621024
123,traditional,0.078752,0.351232,0.181248,0.611232
124,traditional,0.077376,0.360448,0.179200,0.617024
125,traditional,0.075904,0.345088,0.177152,0.598144
126,traditional,0.076384,0.359424,0.178176,0.613984
127,traditional,0.078880,0.345088,0.178176,0.602144
128,traditional,0.079296,0.371712,0.190464,0.641472
129,traditional,0.079456,0.359424,0.179200,0.618080
130,traditional,0.083520,0.348160,0.203776,0.635456
131,traditional,0.076768,0.370688,0.179200,0.626656
132,traditional,0.076288,0.364544,0.186368,0.627200
133,traditional,0.076256,0.346112,0.183296,0.605664
134,traditional,0.076960,0.352256,0.181248,0.610464
135,traditional,0.074624,0.347136,0.177152,0.598912
136,traditional,0.083264,0.345088,0.176128,0.604480
137,traditional,0.088384,0.359424,0.178176,0.625984
138,traditional,0.076800,0.345088,0.177152,0.599040
139,traditional,0.075776,0.343040,0.177152,0.595968
140,traditional,0.075712,0.354304,0.180224,0.610240
141,traditional,0.076544,0.343040,0.177152,0.596736
142,traditional,0.076192,0.350208,0.177152,0.603552
143,traditional,0.079520,0.346112,0.178176,0.603808
144,traditional,0.075904,0.344064,0.186368,0.606336
145,traditional,0.075648,0.364544,0.181248,0.621440
146,traditional,0.077280,0.348160,0.179200,0.604640
147,traditional,0.076896,0.354304,0.177152,0.608352
148,traditional,0.076832,0.343040,0.177152,0.597024
149,traditional,0.076448,0.355328,0.177152,0.608928
150,traditional,0.075936,0.346112,0.177152,0.599200
151,traditional,0.075136,0.356352,0.180224,0.611712
152,traditional,0.076384,0.343040,0.181248,0.600672
153,traditional,0.075584,0.372736,0.177152,0.625472
154,traditional,0.076544,0.347136,0.177152,0.600832
155,traditional,0.076128,0.363520,0.180224,0.619872
156,traditional,0.075936,0.348160,0.177152,0.601248
157,traditional,0.078944,0.361472,0.181248,0.621664
158,traditional,0.076576,0.346112,0.177152,0.599840
159,traditional,0.078976,0.363520,0.180224,0.622720
160,traditional,0.078656,0.344064,0.180224,0.602944
161,traditional,0.075456,0.343040,0.181248,0.599744
162,traditional,0.079808,0.349184,0.177152,0.606144
163,traditional,0.076288,0.352256,0.177152,0.605696
164,traditional,0.075648,0.343040,0.181248,0.599936
165,traditional,0.075200,0.355328,0.177152,0.607680
166,traditional,0.075872,0.349184,0.180224,0.605280
167,traditional,0.076160,0.346112,0.177152,0.599424
168,traditional,0.078176,0.354304,0.177152,0.609632
169,traditional,0.075360,0.354304,0.177152,0.606816
170,traditional,0.076928,0.343040,0.177152,0.597120
171,traditional,0.075552,0.353280,0.177152,0.605984
172,traditional,0.076160,0.343040,0.180224,0.599424
173,traditional,0.079168,0.374784,0.189440,0.643392
174,traditional,0.076480,0.354304,0.177152,0.607936
175,traditional,0.082400,0.357376,0.190464,0.630240
176,traditional,0.078112,0.372736,0.178176,0.629024
177,traditional,0.075456,0.365568,0.202752,0.643776
178,traditional,0.083904,0.345088,0.205824,0.634816
179,traditional,0.074624,0.349184,0.182272,0.606080
180,traditional,0.079616,0.348160,0.177152,0.604928
181,traditional,0.078240,0.354304,0.177152,0.609696
182,traditional,0.087296,0.357376,0.177152,0.621824
183,traditional,0.087488,0.355328,0.189440,0.632256
184,traditional,0.075584,0.364544,0.181248,0.621376
185,traditional,0.075808,0.379904,0.177152,0.632864
186,traditional,0.076960,0.356352,0.177152,0.610464
187,traditional,0.075648,0.345088,0.179200,0.599936
188,traditional,0.076000,0.350208,0.177152,0.603360
189,traditional,0.076352,0.348160,0.177152,0.601664
190,traditional,0.089600,0.358400,0.177152,0.625152
191,traditional,0.079200,0.348160,0.177152,0.604512
192,traditional,0.076704,0.344064,0.176128,0.596896
193,traditional,0.077856,0.350208,0.201728,0.629792
194,traditional,0.076416,0.352256,0.177152,0.605824
195,traditional,0.079008,0.346112,0.181248,0.606368
196,traditional,0.075968,0.365568,0.176128,0.617664
197,traditional,0.076608,0.363520,0.177152,0.617280
198,traditional,0.076256,0.352256,0.177152,0.605664
199,traditional,0.076416,0.354304,0.178176,0.608896
200,traditional,0.076160,0.345088,0.177152,0.598400
201,traditional,0.075936,0.344064,0.178176,0.598176
202,traditional,0.076032,0.351232,0.177152,0.604416
203,traditional,0.075616,0.343040,0.177152,0.595808
204,traditional,0.075744,0.377856,0.177152,0.630752
205,traditional,0.079168,0.349184,0.177152,0.605504
206,traditional,0.079328,0.353280,0.182272,0.614880
207,traditional,0.078784,0.354304,0.177152,0.610240
208,traditional,0.076384,0.348160,0.184320,0.608864
209,traditional,0.098848,0.361472,0.198656,0.658976
210,traditional,0.079808,0.370688,0.177152,0.627648
211,traditional,0.074816,0.344064,0.177152,0.596032
212,traditional,0.075936,0.367616,0.177152,0.620704
213,traditional,0.075680,0.344064,0.190464,0.610208
214,traditional,0.079552,0.346112,0.176128,0.601792
215,traditional,0.075968,0.344064,0.177152,0.597184
216,traditional,0.088928,0.350208,0.177152,0.616288
217,traditional,0.076160,0.345088,0.177152,0.598400
218,traditional,0.076768,0.357376,0.177152,0.611296
219,traditional,0.075648,0.347136,0.176128,0.598912
220,traditional,0.078208,0.336896,0.177152,0.592256
221,traditional,0.075232,0.340992,0.174080,0.590304
222,traditional,0.075040,0.366592,0.173056,0.614688
223,traditional,0.076768,0.342016,0.174080,0.592864
224,traditional,0.080000,0.353280,0.185344,0.618624
225,traditional,0.078400,0.353280,0.177152,0.608832
226,traditional,0.075104,0.362496,0.173056,0.610656
227,traditional,0.073920,0.377856,0.193536,0.645312
228,traditional,0.085952,0.351232,0.173056,0.610240
229,traditional,0.078272,0.348160,0.174080,0.600512
230,traditional,0.075520,0.347136,0.177152,0.599808
231,traditional,0.086976,0.334848,0.197632,0.619456
232,traditional,0.075520,0.347136,0.173056,0.595712
233,traditional,0.074624,0.336896,0.177152,0.588672
234,traditional,0.081184,0.360448,0.174080,0.615712
235,traditional,0.074304,0.356352,0.177152,0.607808
236,traditional,0.075744,0.350208,0.174080,0.600032
237,traditional,0.074336,0.365568,0.186368,0.626272
238,traditional,0.074592,0.346112,0.177152,0.597856
239,traditional,0.077920,0.336896,0.174080,0.588896
240,traditional,0.074048,0.352256,0.175104,0.601408
241,traditional,0.075360,0.349184,0.174080,0.598624
242,traditional,0.074944,0.347136,0.177152,0.599232
243,traditional,0.073920,0.336896,0.174080,0.584896
244,traditional,0.073824,0.339968,0.174080,0.587872
245,traditional,0.077696,0.338944,0.174080,0.590720
246,traditional,0.077856,0.335872,0.177152,0.590880
247,traditional,0.077600,0.337920,0.173056,0.588576
248,traditional,0.075328,0.345088,0.173056,0.593472
249,traditional,0.074080,0.342016,0.174080,0.590176
250,traditional,0.078496,0.359424,0.180224,0.618144
251,traditional,0.077600,0.336896,0.177152,0.591648
252,traditional,0.074208,0.352256,0.174080,0.600544
253,traditional,0.074816,0.342016,0.173056,0.589888
254,traditional,0.078400,0.337920,0.174080,0.590400
255,traditional,0.074784,0.360448,0.174080,0.609312
256,traditional,0.074592,0.335872,0.174080,0.584544
257,traditional,0.074944,0.350208,0.174080,0.599232
258,traditional,0.074912,0.345088,0.174080,0.594080
259,traditional,0.086048,0.353280,0.174080,0.613408
260,traditional,0.091200,0.347136,0.174080,0.612416
261,traditional,0.073344,0.346112,0.174080,0.593536
262,traditional,0.074048,0.355328,0.173056,0.602432
263,traditional,0.075808,0.347136,0.182272,0.605216
264,traditional,0.073920,0.355328,0.174080,0.603328
265,traditional,0.078080,0.356352,0.177152,0.611584
266,traditional,0.074912,0.344064,0.174080,0.593056
267,traditional,0.076480,0.345088,0.178176,0.599744
268,traditional,0.077280,0.351232,0.186368,0.614880
269,traditional,0.075936,0.350208,0.173056,0.599200
270,traditional,0.075488,0.353280,0.172032,0.600800
271,traditional,0.074176,0.365568,0.177152,0.616896
272,traditional,0.074176,0.344064,0.172032,0.590272
273,traditional,0.073760,0.336896,0.176128,0.586784
274,traditional,0.074880,0.342016,0.172032,0.588928
275,traditional,0.073856,0.348160,0.182272,0.604288
276,traditional,0.073856,0.340992,0.172032,0.586880
277,traditional,0.081856,0.331776,0.172032,0.585664
278,traditional,0.074208,0.333824,0.175104,0.583136
279,traditional,0.072704,0.362496,0.176128,0.611328
280,traditional,0.076384,0.342016,0.172032,0.590432
281,traditional,0.073632,0.344064,0.173056,0.590752
282,traditional,0.080224,0.358400,0.172032,0.610656
283,traditional,0.073632,0.338944,0.196608,0.609184
284,traditional,0.075840,0.351232,0.176128,0.603200
285,traditional,0.080480,0.334848,0.184320,0.599648
286,traditional,0.073568,0.346112,0.172032,0.591712
287,traditional,0.074336,0.337920,0.173056,0.585312
288,traditional,0.074912,0.338944,0.176128,0.589984
289,traditional,0.073888,0.334848,0.177152,0.585888
290,traditional,0.073824,0.342016,0.172032,0.587872
291,traditional,0.072608,0.342016,0.172032,0.586656
292,traditional,0.073952,0.335872,0.172032,0.581856
293,traditional,0.072352,0.337920,0.172032,0.582304
294,traditional,0.078496,0.335872,0.190464,0.604832
295,traditional,0.072544,0.334848,0.176128,0.583520
296,traditional,0.076864,0.332800,0.176128,0.585792
297,traditional,0.073600,0.345088,0.172032,0.590720
298,traditional,0.074496,0.335872,0.172032,0.582400
299,traditional,0.074304,0.333824,0.176128,0.584256
300,traditional,0.077248,0.344064,0.176128,0.597440
301,traditional,0.073120,0.335872,0.172032,0.581024
302,traditional,0.074752,0.333824,0.175104,0.583680
303,traditional,0.073248,0.334848,0.173056,0.581152
304,traditional,0.074368,0.338944,0.175104,0.588416
305,traditional,0.073984,0.340992,0.188416,0.603392
306,traditional,0.073952,0.335872,0.172032,0.581856
307,traditional,0.073856,0.333824,0.172032,0.579712
308,traditional,0.076096,0.373760,0.173056,0.622912
309,traditional,0.074304,0.332800,0.174080,0.581184
310,traditional,0.084928,0.356352,0.176128,0.617408
311,traditional,0.074240,0.335872,0.172032,0.582144
312,traditional,0.073664,0.370688,0.172032,0.616384
313,traditional,0.078688,0.349184,0.176128,0.604000
314,traditional,0.074048,0.379904,0.181248,0.635200
315,traditional,0.072512,0.363520,0.173056,0.609088
316,traditional,0.074592,0.359424,0.172032,0.606048
317,traditional,0.073248,0.355328,0.173056,0.601632
318,traditional,0.074336,0.357376,0.173056,0.604768
319,traditional,0.074912,0.332800,0.173056,0.580768
320,traditional,0.074592,0.337920,0.172032,0.584544
321,traditional,0.076960,0.336896,0.172032,0.585888
322,traditional,0.073984,0.340992,0.172032,0.587008
323,traditional,0.073664,0.337920,0.185344,0.596928
324,traditional,0.073920,0.353280,0.175104,0.602304
325,traditional,0.072448,0.352256,0.172032,0.596736
326,traditional,0.074624,0.353280,0.176128,0.604032
327,traditional,0.074496,0.344064,0.172032,0.590592
328,traditional,0.074080,0.333824,0.172032,0.579936
329,traditional,0.073984,0.332800,0.172032,0.578816
330,traditional,0.077344,0.353280,0.172032,0.602656
331,traditional,0.073440,0.350208,0.184320,0.607968
332,traditional,0.077056,0.344064,0.172032,0.593152
333,traditional,0.072896,0.342016,0.184320,0.599232
334,traditional,0.073984,0.332800,0.172032,0.578816
335,traditional,0.074016,0.338944,0.172032,0.584992
336,traditional,0.073568,0.349184,0.172032,0.594784
337,traditional,0.086272,0.336896,0.188416,0.611584
338,traditional,0.074080,0.343040,0.172032,0.589152
339,traditional,0.073760,0.364544,0.173056,0.611360
340,traditional,0.077248,0.333824,0.176128,0.587200
341,traditional,0.074368,0.340992,0.176128,0.591488
342,traditional,0.074112,0.334848,0.197632,0.606592
343,traditional,0.072224,0.339968,0.172032,0.584224
344,traditional,0.073600,0.352256,0.176128,0.601984
345,traditional,0.073088,0.351232,0.176128,0.600448
346,traditional,0.086208,0.352256,0.172032,0.610496
347,traditional,0.073824,0.338944,0.172032,0.584800
348,traditional,0.073248,0.334848,0.173056,0.581152
349,traditional,0.073056,0.339968,0.176128,0.589152
350,traditional,0.073984,0.343040,0.172032,0.589056
351,traditional,0.074656,0.334848,0.173056,0.582560
352,traditional,0.074144,0.331776,0.173056,0.578976
353,traditional,0.072832,0.337920,0.173056,0.583808
354,traditional,0.073824,0.332800,0.172032,0.578656
355,traditional,0.075840,0.337920,0.173056,0.586816
356,traditional,0.073568,0.335872,0.171008,0.580448
357,traditional,0.073920,0.345088,0.172032,0.591040
358,traditional,0.076576,0.347136,0.172032,0.595744
359,traditional,0.073888,0.332800,0.173056,0.579744
360,traditional,0.073248,0.350208,0.181248,0.604704
361,traditional,0.073984,0.363520,0.172032,0.609536
362,traditional,0.076096,0.345088,0.172032,0.593216
363,traditional,0.074048,0.346112,0.172032,0.592192
364,traditional,0.075072,0.338944,0.174080,0.588096
365,traditional,0.074848,0.345088,0.175104,0.595040
366,traditional,0.074848,0.335872,0.196608,0.607328
367,traditional,0.086304,0.363520,0.172032,0.621856
368,traditional,0.074944,0.356352,0.172032,0.603328
369,traditional,0.073632,0.336896,0.180224,0.590752
370,traditional,0.074336,0.330752,0.172032,0.577120
371,traditional,0.074176,0.368640,0.172032,0.614848
372,traditional,0.075424,0.345088,0.177152,0.597664
373,traditional,0.080768,0.367616,0.172032,0.620416
374,traditional,0.073824,0.344064,0.172032,0.589920
375,traditional,0.076672,0.330752,0.172032,0.579456
376,traditional,0.076672,0.330752,0.180224,0.587648
377,traditional,0.073408,0.350208,0.177152,0.600768
378,traditional,0.074528,0.330752,0.172032,0.577312
379,traditional,0.073472,0.330752,0.172032,0.576256
380,traditional,0.074208,0.342016,0.172032,0.588256
381,traditional,0.073568,0.333824,0.173056,0.580448
382,traditional,0.075072,0.328704,0.172032,0.575808
383,traditional,0.073344,0.349184,0.172032,0.594560
384,traditional,0.076320,0.331776,0.172032,0.580128
385,traditional,0.073216,0.357376,0.177152,0.607744
386,traditional,0.073664,0.335872,0.173056,0.582592
387,traditional,0.072736,0.331776,0.173056,0.577568
388,traditional,0.074112,0.333824,0.172032,0.579968
389,traditional,0.072896,0.335872,0.172032,0.580800
390,traditional,0.096640,0.335872,0.184320,0.616832
391,traditional,0.072864,0.336896,0.195584,0.605344
392,traditional,0.074432,0.336896,0.171008,0.582336
393,traditional,0.085792,0.334848,0.177152,0.597792
394,traditional,0.078112,0.353280,0.171008,0.602400
395,traditional,0.073312,0.355328,0.181248,0.609888
396,traditional,0.085248,0.344064,0.172032,0.601344
397,traditional,0.072960,0.351232,0.181248,0.605440
398,traditional,0.073632,0.345088,0.172032,0.590752
399,traditional,0.072736,0.346112,0.172032,0.590880
400,traditional,0.074144,0.345088,0.175104,0.594336
401,traditional,0.074016,0.343040,0.172032,0.589088
402,traditional,0.087168,0.343040,0.176128,0.606336
403,traditional,0.073120,0.343040,0.172032,0.588192
404,traditional,0.074240,0.351232,0.172032,0.597504
405,traditional,0.074016,0.342016,0.172032,0.588064
406,traditional,0.075936,0.338944,0.175104,0.589984
407,traditional,0.073344,0.388096,0.173056,0.634496
408,traditional,0.087136,0.359424,0.173056,0.619616
409,traditional,0.072864,0.338944,0.185344,0.597152
410,traditional,0.073376,0.358400,0.172032,0.603808
411,traditional,0.073920,0.347136,0.183296,0.604352
412,traditional,0.081248,0.339968,0.173056,0.594272
413,traditional,0.074848,0.347136,0.172032,0.594016
414,traditional,0.074080,0.348160,0.172032,0.594272
415,traditional,0.073440,0.347136,0.176128,0.596704
416,traditional,0.097792,0.333824,0.176128,0.607744
417,traditional,0.073312,0.354304,0.173056,0.600672
418,traditional,0.074112,0.340992,0.175104,0.590208
419,traditional,0.073536,0.338944,0.172032,0.584512
420,traditional,0.073856,0.352256,0.173056,0.599168
421,traditional,0.074208,0.335872,0.172032,0.582112
422,traditional,0.074208,0.343040,0.172032,0.589280
423,traditional,0.081664,0.361472,0.173056,0.616192
424,traditional,0.073664,0.332800,0.172032,0.578496
425,traditional,0.073472,0.333824,0.172032,0.579328
426,traditional,0.074624,0.342016,0.172032,0.588672
427,traditional,0.072992,0.334848,0.173056,0.580896
428,traditional,0.076672,0.332800,0.172032,0.581504
429,traditional,0.072512,0.333824,0.172032,0.578368
430,traditional,0.074272,0.336896,0.172032,0.583200
431,traditional,0.074080,0.343040,0.180224,0.597344
432,traditional,0.073632,0.333824,0.172032,0.579488
433,traditional,0.075264,0.342016,0.173056,0.590336
434,traditional,0.073280,0.347136,0.173056,0.593472
435,traditional,0.072768,0.334848,0.172032,0.579648
436,traditional,0.074304,0.349184,0.179200,0.602688
437,traditional,0.098400,0.334848,0.172032,0.605280
438,traditional,0.073952,0.335872,0.172032,0.581856
439,traditional,0.076768,0.333824,0.172032,0.582624
440,traditional,0.074048,0.334848,0.173056,0.581952
441,traditional,0.073728,0.333824,0.172032,0.579584
442,traditional,0.073216,0.339968,0.172032,0.585216
443,traditional,0.072896,0.333824,0.172032,0.578752
444,traditional,0.076768,0.335872,0.184320,0.596960
445,traditional,0.077280,0.349184,0.172032,0.598496
446,traditional,0.076896,0.343040,0.175104,0.595040
447,traditional,0.073568,0.332800,0.172032,0.578400
448,traditional,0.075968,0.334848,0.172032,0.582848
449,traditional,0.073600,0.334848,0.184320,0.592768
450,traditional,0.076320,0.335872,0.172032,0.584224
451,traditional,0.073472,0.346112,0.173056,0.592640
452,traditional,0.076160,0.337920,0.172032,0.586112
453,traditional,0.073248,0.342016,0.173056,0.588320
454,traditional,0.073664,0.370688,0.172032,0.616384
455,traditional,0.074016,0.338944,0.175104,0.588064
456,traditional,0.074144,0.340992,0.172032,0.587168
457,traditional,0.073952,0.344064,0.176128,0.594144
458,traditional,0.078272,0.346112,0.173056,0.597440
459,traditional,0.073440,0.338944,0.176128,0.588512
460,traditional,0.074368,0.345088,0.176128,0.595584
461,traditional,0.074336,0.346112,0.197632,0.618080
462,traditional,0.081056,0.347136,0.173056,0.601248
463,traditional,0.074048,0.332800,0.172032,0.578880
464,traditional,0.073760,0.345088,0.176128,0.594976
465,traditional,0.074240,0.354304,0.173056,0.601600
466,traditional,0.076448,0.360448,0.184320,0.621216
467,traditional,0.074240,0.330752,0.172032,0.577024
468,traditional,0.074368,0.347136,0.172032,0.593536
469,traditional,0.073792,0.338944,0.182272,0.595008
470,traditional,0.086272,0.370688,0.172032,0.628992
471,traditional,0.073216,0.348160,0.172032,0.593408
472,traditional,0.074432,0.349184,0.201728,0.625344
473,traditional,0.074848,0.335872,0.176128,0.586848
474,traditional,0.077760,0.338944,0.175104,0.591808
475,traditional,0.077376,0.331776,0.172032,0.581184
476,traditional,0.074432,0.332800,0.171008,0.578240
477,traditional,0.072608,0.362496,0.172032,0.607136
478,traditional,0.073792,0.331776,0.176128,0.581696
479,traditional,0.073856,0.338944,0.173056,0.585856
480,traditional,0.075264,0.332800,0.172032,0.580096
481,traditional,0.072864,0.348160,0.172032,0.593056
482,traditional,0.074144,0.331776,0.180224,0.586144
483,traditional,0.073728,0.354304,0.185344,0.613376
484,traditional,0.087712,0.344064,0.172032,0.603808
485,traditional,0.073408,0.370688,0.173056,0.617152
486,traditional,0.073600,0.350208,0.173056,0.596864
487,traditional,0.073376,0.333824,0.172032,0.579232
488,traditional,0.074528,0.359424,0.183296,0.617248
489,traditional,0.077888,0.348160,0.172032,0.598080
490,traditional,0.074048,0.352256,0.173056,0.599360
491,traditional,0.075648,0.348160,0.174080,0.597888
492,traditional,0.073952,0.336896,0.172032,0.582880
493,traditional,0.073344,0.343040,0.173056,0.589440
494,traditional,0.074560,0.333824,0.172032,0.580416
495,traditional,0.086272,0.380928,0.173056,0.640256
496,traditional,0.074176,0.335872,0.172032,0.582080
497,traditional,0.073216,0.350208,0.172032,0.595456
498,traditional,0.073856,0.340992,0.183296,0.598144
499,traditional,0.074144,0.360448,0.172032,0.606624
500,traditional,0.097440,0.336896,0.172032,0.606368
501,traditional,0.080992,0.360448,0.173056,0.614496
502,traditional,0.074016,0.353280,0.172032,0.599328
503,traditional,0.078432,0.344064,0.176128,0.598624
504,traditional,0.077280,0.332800,0.172032,0.582112
505,traditional,0.072384,0.355328,0.173056,0.600768
506,traditional,0.073568,0.351232,0.176128,0.600928
507,traditional,0.074240,0.334848,0.176128,0.585216
508,traditional,0.074528,0.332800,0.181248,0.588576
509,traditional,0.073824,0.344064,0.172032,0.589920
510,traditional,0.073984,0.344064,0.173056,0.591104
511,traditional,0.073248,0.357376,0.173056,0.603680
512,traditional,0.073760,0.331776,0.175104,0.580640
513,traditional,0.073216,0.362496,0.172032,0.607744
514,traditional,0.086784,0.344064,0.182272,0.613120
515,traditional,0.074208,0.334848,0.176128,0.585184
516,traditional,0.074688,0.338944,0.172032,0.585664
517,traditional,0.074528,0.359424,0.172032,0.605984
518,traditional,0.085664,0.356352,0.172032,0.614048
519,traditional,0.074176,0.337920,0.172032,0.584128
520,traditional,0.075488,0.342016,0.173056,0.590560
521,traditional,0.074464,0.332800,0.172032,0.579296
522,traditional,0.074432,0.340992,0.172032,0.587456
523,traditional,0.073568,0.350208,0.172032,0.595808
524,traditional,0.075808,0.379904,0.181248,0.636960
525,traditional,0.077120,0.331776,0.172032,0.580928
526,traditional,0.075680,0.340992,0.176128,0.592800
527,traditional,0.073120,0.335872,0.185344,0.594336
528,traditional,0.074272,0.354304,0.181248,0.609824
529,traditional,0.076128,0.389120,0.172032,0.637280
530,traditional,0.074560,0.334848,0.172032,0.581440
531,traditional,0.074144,0.335872,0.173056,0.583072
532,traditional,0.074240,0.368640,0.184320,0.627200
533,traditional,0.073792,0.345088,0.188416,0.607296
534,traditional,0.079808,0.333824,0.180224,0.593856
535,traditional,0.076768,0.351232,0.171008,0.599008
536,traditional,0.073696,0.337920,0.173056,0.584672
537,traditional,0.072736,0.332800,0.172032,0.577568
538,traditional,0.074016,0.331776,0.172032,0.577824
539,traditional,0.073728,0.333824,0.173056,0.580608
540,traditional,0.074112,0.335872,0.172032,0.582016
541,traditional,0.073792,0.331776,0.172032,0.577600
542,traditional,0.074560,0.338944,0.172032,0.585536
543,traditional,0.074304,0.357376,0.174080,0.605760
544,traditional,0.078176,0.343040,0.175104,0.596320
545,traditional,0.073696,0.339968,0.176128,0.589792
546,traditional,0.074016,0.332800,0.172032,0.578848
547,traditional,0.075840,0.334848,0.172032,0.582720
548,traditional,0.074496,0.331776,0.171008,0.577280
549,traditional,0.073536,0.349184,0.172032,0.594752
550,traditional,0.074240,0.340992,0.173056,0.588288
551,traditional,0.076320,0.332800,0.174080,0.583200
552,traditional,0.073248,0.344064,0.172032,0.589344
553,traditional,0.073888,0.349184,0.172032,0.595104
554,traditional,0.082400,0.354304,0.172032,0.608736
555,traditional,0.073920,0.336896,0.176128,0.586944
556,traditional,0.077216,0.356352,0.172032,0.605600
557,traditional,0.073952,0.335872,0.176128,0.585952
558,traditional,0.074464,0.340992,0.173056,0.588512
559,traditional,0.076608,0.332800,0.172032,0.581440
560,traditional,0.073984,0.379904,0.185344,0.639232
561,traditional,0.073632,0.332800,0.182272,0.588704
562,traditional,0.074144,0.348160,0.173056,0.595360
563,traditional,0.076672,0.339968,0.174080,0.590720
564,traditional,0.073952,0.351232,0.175104,0.600288
565,traditional,0.083584,0.337920,0.176128,0.597632
566,traditional,0.078176,0.346112,0.175104,0.599392
567,traditional,0.072992,0.346112,0.173056,0.592160
568,traditional,0.074272,0.343040,0.187392,0.604704
569,traditional,0.075040,0.354304,0.173056,0.602400
570,traditional,0.073760,0.346112,0.182272,0.602144
571,traditional,0.075712,0.346112,0.172032,0.593856
572,traditional,0.074496,0.337920,0.172032,0.584448
573,traditional,0.073312,0.338944,0.173056,0.585312
574,traditional,0.077280,0.339968,0.176128,0.593376
575,traditional,0.074080,0.347136,0.173056,0.594272
576,traditional,0.073504,0.338944,0.173056,0.585504
577,traditional,0.072800,0.339968,0.172032,0.584800
578,traditional,0.073664,0.345088,0.173056,0.591808
579,traditional,0.073184,0.355328,0.172032,0.600544
580,traditional,0.073696,0.331776,0.172032,0.577504
581,traditional,0.074336,0.336896,0.173056,0.584288
582,traditional,0.073696,0.338944,0.172032,0.584672
583,traditional,0.076928,0.361472,0.172032,0.610432
584,traditional,0.075776,0.336896,0.176128,0.588800
585,traditional,0.085632,0.361472,0.197632,0.644736
586,traditional,0.085024,0.336896,0.172032,0.593952
587,traditional,0.074016,0.337920,0.175104,0.587040
588,traditional,0.074048,0.351232,0.176128,0.601408
589,traditional,0.074688,0.354304,0.176128,0.605120
590,traditional,0.074560,0.352256,0.172032,0.598848
591,traditional,0.073152,0.348160,0.173056,0.594368
592,traditional,0.074752,0.334848,0.173056,0.582656
593,traditional,0.074496,0.334848,0.173056,0.582400
594,traditional,0.073408,0.352256,0.172032,0.597696
595,traditional,0.073600,0.339968,0.172032,0.585600
596,traditional,0.074016,0.347136,0.175104,0.596256
597,traditional,0.084800,0.342016,0.169984,0.596800
598,traditional,0.074304,0.350208,0.171008,0.595520
599,traditional,0.072448,0.342016,0.173056,0.587520
600,traditional,0.073216,0.333824,0.177152,0.584192
601,traditional,0.073504,0.333824,0.169984,0.577312
602,traditional,0.087808,0.330752,0.174080,0.592640
603,traditional,0.073408,0.353280,0.169984,0.596672
604,traditional,0.074016,0.332800,0.191488,0.598304
605,traditional,0.072480,0.336896,0.169984,0.579360
606,traditional,0.073408,0.352256,0.171008,0.596672
607,traditional,0.072384,0.372736,0.169984,0.615104
608,traditional,0.073312,0.343040,0.169984,0.586336
609,traditional,0.073344,0.375808,0.186368,0.635520
610,traditional,0.074432,0.349184,0.171008,0.594624
611,traditional,0.072192,0.330752,0.169984,0.572928
612,traditional,0.072960,0.325632,0.169984,0.568576
613,traditional,0.080352,0.343040,0.169984,0.593376
614,traditional,0.073504,0.363520,0.185344,0.622368
615,traditional,0.071840,0.348160,0.169984,0.589984
616,traditional,0.073440,0.333824,0.183296,0.590560
617,traditional,0.084480,0.339968,0.172032,0.596480
618,traditional,0.073504,0.334848,0.182272,0.590624
619,traditional,0.072416,0.365568,0.169984,0.607968
620,traditional,0.084416,0.344064,0.169984,0.598464
621,traditional,0.074432,0.339968,0.169984,0.584384
622,traditional,0.076160,0.336896,0.172032,0.585088
623,traditional,0.075744,0.331776,0.169984,0.577504
624,traditional,0.074432,0.339968,0.187392,0.601792
625,traditional,0.072192,0.338944,0.165888,0.577024
626,traditional,0.073728,0.343040,0.182272,0.599040
627,traditional,0.075424,0.342016,0.174080,0.591520
628,traditional,0.080448,0.374784,0.169984,0.625216
629,traditional,0.074496,0.330752,0.171008,0.576256
630,traditional,0.073728,0.332800,0.179200,0.585728
631,traditional,0.072704,0.355328,0.171008,0.599040
632,traditional,0.093120,0.355328,0.189440,0.637888
633,traditional,0.073696,0.338944,0.177152,0.589792
634,traditional,0.075552,0.334848,0.174080,0.584480
635,traditional,0.072320,0.332800,0.168960,0.574080
636,traditional,0.073376,0.331776,0.169984,0.575136
637,traditional,0.077024,0.327680,0.171008,0.575712
638,traditional,0.072512,0.345088,0.169984,0.587584
639,traditional,0.075584,0.339968,0.174080,0.589632
640,traditional,0.080000,0.343040,0.173056,0.596096
641,traditional,0.072416,0.336896,0.169984,0.579296
642,traditional,0.072576,0.329728,0.169984,0.572288
643,traditional,0.072800,0.334848,0.171008,0.578656
644,traditional,0.073216,0.324608,0.171008,0.568832
645,traditional,0.083968,0.362496,0.169984,0.616448
646,traditional,0.072480,0.330752,0.169984,0.573216
647,traditional,0.072320,0.328704,0.169984,0.571008
648,traditional,0.077216,0.325632,0.169984,0.572832
649,traditional,0.072320,0.328704,0.169984,0.571008
650,traditional,0.073504,0.329728,0.177152,0.580384
651,traditional,0.072864,0.328704,0.171008,0.572576
652,traditional,0.073536,0.331776,0.169984,0.575296
653,traditional,0.073216,0.327680,0.169984,0.570880
654,traditional,0.081792,0.334848,0.178176,0.594816
655,traditional,0.077792,0.328704,0.171008,0.577504
656,traditional,0.074272,0.336896,0.171008,0.582176
657,traditional,0.072512,0.340992,0.171008,0.584512
658,traditional,0.073056,0.335872,0.169984,0.578912
659,traditional,0.072512,0.339968,0.171008,0.583488
660,traditional,0.075872,0.332800,0.171008,0.579680
661,traditional,0.074912,0.334848,0.174080,0.583840
662,traditional,0.073344,0.331776,0.169984,0.575104
663,traditional,0.076672,0.344064,0.181248,0.601984
664,traditional,0.072928,0.332800,0.169984,0.575712
665,traditional,0.072576,0.331776,0.169984,0.574336
666,traditional,0.073440,0.343040,0.179200,0.595680
667,traditional,0.073504,0.327680,0.175104,0.576288
668,traditional,0.073632,0.347136,0.171008,0.591776
669,traditional,0.073440,0.340992,0.169984,0.584416
670,traditional,0.086240,0.332800,0.171008,0.590048
671,traditional,0.076384,0.350208,0.176128,0.602720
672,traditional,0.072320,0.357376,0.169984,0.599680
673,traditional,0.072928,0.340992,0.174080,0.588000
674,traditional,0.073504,0.352256,0.171008,0.596768
675,traditional,0.073984,0.345088,0.183296,0.602368
676,traditional,0.074592,0.336896,0.171008,0.582496
677,traditional,0.072160,0.338944,0.176128,0.587232
678,traditional,0.073024,0.346112,0.171008,0.590144
679,traditional,0.071808,0.332800,0.171008,0.575616
680,traditional,0.073408,0.357376,0.171008,0.601792
681,traditional,0.079584,0.340992,0.171008,0.591584
682,traditional,0.073408,0.328704,0.183296,0.585408
683,traditional,0.072352,0.328704,0.171008,0.572064
684,traditional,0.084160,0.332800,0.171008,0.587968
685,traditional,0.112256,0.338944,0.171008,0.622208
686,traditional,0.073312,0.330752,0.169984,0.574048
687,traditional,0.072640,0.335872,0.169984,0.578496
688,traditional,0.073728,0.330752,0.171008,0.575488
689,traditional,0.073248,0.335872,0.171008,0.580128
690,traditional,0.074400,0.329728,0.178176,0.582304
691,traditional,0.072992,0.326656,0.171008,0.570656
692,traditional,0.073920,0.346112,0.174080,0.594112
693,traditional,0.072064,0.355328,0.182272,0.609664
694,traditional,0.072672,0.331776,0.171008,0.575456
695,traditional,0.073760,0.332800,0.171008,0.577568
696,traditional,0.073696,0.332800,0.175104,0.581600
697,traditional,0.071744,0.351232,0.171008,0.593984
698,traditional,0.074176,0.335872,0.171008,0.581056
699,traditional,0.075840,0.327680,0.171008,0.574528
700,traditional,0.072960,0.343040,0.173056,0.589056
701,traditional,0.073152,0.331776,0.199680,0.604608
702,traditional,0.073472,0.342016,0.171008,0.586496
703,traditional,0.076352,0.335872,0.171008,0.583232
704,traditional,0.073696,0.338944,0.172032,0.584672
705,traditional,0.075904,0.328704,0.169984,0.574592
706,traditional,0.073984,0.331776,0.171008,0.576768
707,traditional,0.073120,0.329728,0.172032,0.574880
708,traditional,0.073088,0.331776,0.171008,0.575872
709,traditional,0.075456,0.351232,0.171008,0.597696
710,traditional,0.074144,0.331776,0.171008,0.576928
711,traditional,0.083392,0.329728,0.171008,0.584128
712,traditional,0.074624,0.327680,0.171008,0.573312
713,traditional,0.072640,0.327680,0.171008,0.571328
714,traditional,0.074016,0.326656,0.171008,0.571680
715,traditional,0.073248,0.327680,0.171008,0.571936
716,traditional,0.076736,0.327680,0.169984,0.574400
717,traditional,0.073536,0.329728,0.217088,0.620352
718,traditional,0.073856,0.344064,0.174080,0.592000
719,traditional,0.073088,0.329728,0.169984,0.572800
720,traditional,0.073856,0.337920,0.171008,0.582784
721,traditional,0.076704,0.326656,0.171008,0.574368
722,traditional,0.074656,0.326656,0.171008,0.572320
723,traditional,0.077376,0.326656,0.194560,0.598592
724,traditional,0.073504,0.330752,0.179200,0.583456
725,traditional,0.072736,0.338944,0.171008,0.582688
726,traditional,0.072800,0.335872,0.169984,0.578656
727,traditional,0.072960,0.351232,0.174080,0.598272
728,traditional,0.073664,0.332800,0.171008,0.577472
729,traditional,0.075520,0.360448,0.175104,0.611072
730,traditional,0.073856,0.330752,0.171008,0.575616
731,traditional,0.077696,0.330752,0.174080,0.582528
732,traditional,0.072352,0.327680,0.171008,0.571040
733,traditional,0.073536,0.326656,0.172032,0.572224
734,traditional,0.073632,0.326656,0.169984,0.570272
735,traditional,0.075776,0.326656,0.178176,0.580608
736,traditional,0.073728,0.327680,0.171008,0.572416
737,traditional,0.086240,0.350208,0.171008,0.607456
738,traditional,0.073344,0.330752,0.175104,0.579200
739,traditional,0.071936,0.330752,0.171008,0.573696
740,traditional,0.073568,0.327680,0.176128,0.577376
741,traditional,0.076864,0.330752,0.169984,0.577600
742,traditional,0.074112,0.334848,0.182272,0.591232
743,traditional,0.074048,0.349184,0.176128,0.599360
744,traditional,0.072672,0.347136,0.174080,0.593888
745,traditional,0.088416,0.344064,0.169984,0.602464
746,traditional,0.072352,0.329728,0.169984,0.572064
747,traditional,0.078304,0.335872,0.169984,0.584160
748,traditional,0.074016,0.330752,0.194560,0.599328
749,traditional,0.084320,0.348160,0.174080,0.606560
750,traditional,0.074752,0.355328,0.169984,0.600064
751,traditional,0.072608,0.332800,0.169984,0.575392
752,traditional,0.073408,0.344064,0.171008,0.588480
753,traditional,0.073440,0.333824,0.169984,0.577248
754,traditional,0.073600,0.328704,0.169984,0.572288
755,traditional,0.072736,0.335872,0.169984,0.578592
756,traditional,0.073344,0.344064,0.169984,0.587392
757,traditional,0.072800,0.326656,0.178176,0.577632
758,traditional,0.082784,0.330752,0.169984,0.583520
759,traditional,0.071936,0.328704,0.173056,0.573696
760,traditional,0.072864,0.337920,0.169984,0.580768
761,traditional,0.074880,0.325632,0.169984,0.570496
762,traditional,0.073568,0.334848,0.182272,0.590688
763,traditional,0.072352,0.337920,0.169984,0.580256
764,traditional,0.075648,0.338944,0.169984,0.584576
765,traditional,0.072960,0.340992,0.169984,0.583936
766,traditional,0.072064,0.331776,0.169984,0.573824
767,traditional,0.071680,0.327680,0.171008,0.570368
768,traditional,0.072800,0.340992,0.169984,0.583776
769,traditional,0.072928,0.360448,0.176128,0.609504
770,traditional,0.073088,0.324608,0.171008,0.568704
771,traditional,0.072512,0.337920,0.169984,0.580416
772,traditional,0.072640,0.324608,0.169984,0.567232
773,traditional,0.079808,0.329728,0.169984,0.579520
774,traditional,0.073632,0.337920,0.169984,0.581536
775,traditional,0.072416,0.378880,0.176128,0.627424
776,traditional,0.073792,0.330752,0.169984,0.574528
777,traditional,0.072096,0.328704,0.168960,0.569760
778,traditional,0.073120,0.329728,0.173056,0.575904
779,traditional,0.101408,0.325632,0.173056,0.600096
780,traditional,0.072608,0.337920,0.172032,0.582560
781,traditional,0.075360,0.334848,0.168960,0.579168
782,traditional,0.083104,0.335872,0.169984,0.588960
783,traditional,0.071680,0.337920,0.169984,0.579584
784,traditional,0.072672,0.334848,0.169984,0.577504
785,traditional,0.072064,0.331776,0.168960,0.572800
786,traditional,0.077888,0.344064,0.169984,0.591936
787,traditional,0.074432,0.335872,0.169984,0.580288
788,traditional,0.073216,0.347136,0.175104,0.595456
789,traditional,0.072192,0.328704,0.169984,0.570880
790,traditional,0.075776,0.326656,0.171008,0.573440
791,traditional,0.071936,0.347136,0.168960,0.588032
792,traditional,0.077248,0.333824,0.169984,0.581056
793,traditional,0.071680,0.325632,0.169984,0.567296
794,traditional,0.073184,0.328704,0.169984,0.571872
795,traditional,0.072448,0.335872,0.171008,0.579328
796,traditional,0.072640,0.334848,0.176128,0.583616
797,traditional,0.072960,0.327680,0.169984,0.570624
798,traditional,0.072928,0.338944,0.169984,0.581856
799,traditional,0.072640,0.348160,0.169984,0.590784
800,traditional,0.072704,0.328704,0.169984,0.571392
801,traditional,0.073120,0.336896,0.169984,0.580000
802,traditional,0.072224,0.335872,0.169984,0.578080
803,traditional,0.071904,0.344064,0.169984,0.585952
804,traditional,0.072384,0.340992,0.169984,0.583360
805,traditional,0.071776,0.339968,0.169984,0.581728
806,traditional,0.079616,0.328704,0.169984,0.578304
807,traditional,0.078208,0.365568,0.171008,0.614784
808,traditional,0.072896,0.345088,0.168960,0.586944
809,traditional,0.084480,0.338944,0.174080,0.597504
810,traditional,0.074112,0.329728,0.169984,0.573824
811,traditional,0.072960,0.334848,0.169984,0.577792
812,traditional,0.075936,0.353280,0.169984,0.599200
813,traditional,0.075296,0.335872,0.169984,0.581152
814,traditional,0.072736,0.329728,0.168960,0.571424
815,traditional,0.073088,0.342016,0.169984,0.585088
816,traditional,0.073120,0.343040,0.173056,0.589216
817,traditional,0.072640,0.339968,0.171008,0.583616
818,traditional,0.073632,0.343040,0.169984,0.586656
819,traditional,0.073024,0.329728,0.169984,0.572736
820,traditional,0.072640,0.327680,0.169984,0.570304
821,traditional,0.075936,0.337920,0.169984,0.583840
822,traditional,0.072928,0.330752,0.169984,0.573664
823,traditional,0.071968,0.329728,0.173056,0.574752
824,traditional,0.072736,0.332800,0.174080,0.579616
825,traditional,0.076512,0.336896,0.172032,0.585440
826,traditional,0.072832,0.337920,0.169984,0.580736
827,traditional,0.072960,0.339968,0.169984,0.582912
828,traditional,0.075328,0.329728,0.174080,0.579136
829,traditional,0.071584,0.326656,0.169984,0.568224
830,traditional,0.072640,0.364544,0.169984,0.607168
831,traditional,0.073152,0.330752,0.169984,0.573888
832,traditional,0.073408,0.329728,0.168960,0.572096
833,traditional,0.072960,0.332800,0.181248,0.587008
834,traditional,0.074752,0.327680,0.169984,0.572416
835,traditional,0.071616,0.328704,0.168960,0.569280
836,traditional,0.077856,0.348160,0.169984,0.596000
837,traditional,0.084416,0.329728,0.173056,0.587200
838,traditional,0.081184,0.328704,0.168960,0.578848
839,traditional,0.073216,0.340992,0.169984,0.584192
840,traditional,0.072768,0.349184,0.168960,0.590912
841,traditional,0.073312,0.336896,0.168960,0.579168
842,traditional,0.072608,0.335872,0.164864,0.573344
843,traditional,0.072384,0.337920,0.168960,0.579264
844,traditional,0.072480,0.330752,0.167936,0.571168
845,traditional,0.075360,0.335872,0.168960,0.580192
846,traditional,0.073408,0.332800,0.168960,0.575168
847,traditional,0.071872,0.323584,0.168960,0.564416
848,traditional,0.075296,0.323584,0.167936,0.566816
849,traditional,0.072160,0.322560,0.173056,0.567776
850,traditional,0.075744,0.323584,0.169984,0.569312
851,traditional,0.071456,0.334848,0.168960,0.575264
852,traditional,0.072576,0.330752,0.181248,0.584576
853,traditional,0.075488,0.335872,0.168960,0.580320
854,traditional,0.073472,0.320512,0.167936,0.561920
855,traditional,0.071392,0.333824,0.167936,0.573152
856,traditional,0.072480,0.326656,0.168960,0.568096
857,traditional,0.083392,0.332800,0.179200,0.595392
858,traditional,0.076096,0.350208,0.168960,0.595264
859,traditional,0.077408,0.342016,0.168960,0.588384
860,traditional,0.096928,0.342016,0.168960,0.607904
861,traditional,0.074624,0.337920,0.163840,0.576384
862,traditional,0.085024,0.325632,0.179200,0.589856
863,traditional,0.072256,0.350208,0.173056,0.595520
864,traditional,0.071936,0.330752,0.172032,0.574720
865,traditional,0.075744,0.333824,0.180224,0.589792
866,traditional,0.071776,0.325632,0.168960,0.566368
867,traditional,0.071872,0.349184,0.167936,0.588992
868,traditional,0.088992,0.334848,0.169984,0.593824
869,traditional,0.072608,0.332800,0.168960,0.574368
870,traditional,0.076448,0.323584,0.171008,0.571040
871,traditional,0.072160,0.340992,0.178176,0.591328
872,traditional,0.072896,0.338944,0.168960,0.580800
873,traditional,0.072064,0.321536,0.168960,0.562560
874,traditional,0.072672,0.322560,0.167936,0.563168
875,traditional,0.071264,0.354304,0.171008,0.596576
876,traditional,0.072736,0.329728,0.168960,0.571424
877,traditional,0.071936,0.339968,0.179200,0.591104
878,traditional,0.076480,0.323584,0.167936,0.568000
879,traditional,0.072864,0.326656,0.168960,0.568480
880,traditional,0.074784,0.348160,0.168960,0.591904
881,traditional,0.071232,0.324608,0.168960,0.564800
882,traditional,0.075456,0.329728,0.168960,0.574144
883,traditional,0.071040,0.324608,0.168960,0.564608
884,traditional,0.073312,0.324608,0.168960,0.566880
885,traditional,0.071488,0.324608,0.168960,0.565056
886,traditional,0.072320,0.324608,0.167936,0.564864
887,traditional,0.071584,0.325632,0.168960,0.566176
888,traditional,0.076160,0.323584,0.168960,0.568704
889,traditional,0.072416,0.324608,0.168960,0.565984
890,traditional,0.076160,0.325632,0.168960,0.570752
891,traditional,0.071904,0.322560,0.168960,0.563424
892,traditional,0.078496,0.328704,0.173056,0.580256
893,traditional,0.072448,0.327680,0.168960,0.569088
894,traditional,0.076288,0.333824,0.168960,0.579072
895,traditional,0.075072,0.323584,0.167936,0.566592
896,traditional,0.072896,0.331776,0.168960,0.573632
897,traditional,0.072128,0.358400,0.168960,0.599488
898,traditional,0.072480,0.325632,0.167936,0.566048
899,traditional,0.072128,0.322560,0.177152,0.571840
900,traditional,0.071968,0.349184,0.168960,0.590112
901,traditional,0.072096,0.324608,0.168960,0.565664
902,traditional,0.085376,0.332800,0.167936,0.586112
903,traditional,0.072160,0.324608,0.176128,0.572896
904,traditional,0.072320,0.337920,0.168960,0.579200
905,traditional,0.071936,0.324608,0.168960,0.565504
906,traditional,0.072384,0.332800,0.168960,0.574144
907,traditional,0.072576,0.323584,0.169984,0.566144
908,traditional,0.084480,0.353280,0.168960,0.606720
909,traditional,0.071936,0.327680,0.168960,0.568576
910,traditional,0.072864,0.329728,0.181248,0.583840
911,traditional,0.082016,0.345088,0.168960,0.596064
912,traditional,0.073728,0.325632,0.174080,0.573440
913,traditional,0.090464,0.350208,0.174080,0.614752
914,traditional,0.076640,0.365568,0.168960,0.611168
915,traditional,0.072096,0.332800,0.169984,0.574880
916,traditional,0.074240,0.357376,0.168960,0.600576
917,traditional,0.071776,0.347136,0.177152,0.596064
918,traditional,0.072928,0.348160,0.168960,0.590048
919,traditional,0.072352,0.326656,0.172032,0.571040
920,traditional,0.083840,0.338944,0.181248,0.604032
921,traditional,0.084768,0.324608,0.168960,0.578336
922,traditional,0.081088,0.347136,0.173056,0.601280
923,traditional,0.072192,0.358400,0.168960,0.599552
924,traditional,0.075616,0.350208,0.173056,0.598880
925,traditional,0.072640,0.343040,0.180224,0.595904
926,traditional,0.073120,0.352256,0.173056,0.598432
927,traditional,0.071616,0.346112,0.181248,0.598976
928,traditional,0.072160,0.334848,0.168960,0.575968
929,traditional,0.077088,0.335872,0.174080,0.587040
930,traditional,0.072832,0.326656,0.169984,0.569472
931,traditional,0.071648,0.323584,0.168960,0.564192
932,traditional,0.072320,0.340992,0.169984,0.583296
933,traditional,0.076256,0.329728,0.168960,0.574944
934,traditional,0.076032,0.330752,0.176128,0.582912
935,traditional,0.071904,0.348160,0.178176,0.598240
936,traditional,0.072480,0.325632,0.168960,0.567072
937,traditional,0.084576,0.323584,0.168960,0.577120
938,traditional,0.072352,0.334848,0.168960,0.576160
939,traditional,0.071040,0.326656,0.168960,0.566656
940,traditional,0.072416,0.333824,0.174080,0.580320
941,traditional,0.076288,0.347136,0.168960,0.592384
942,traditional,0.075424,0.333824,0.168960,0.578208
943,traditional,0.071328,0.324608,0.168960,0.564896
944,traditional,0.072256,0.323584,0.168960,0.564800
945,traditional,0.072576,0.342016,0.168960,0.583552
946,traditional,0.073184,0.330752,0.168960,0.572896
947,traditional,0.071776,0.335872,0.169984,0.577632
948,traditional,0.072160,0.324608,0.185344,0.582112
949,traditional,0.071968,0.337920,0.168960,0.578848
950,traditional,0.073568,0.325632,0.168960,0.568160
951,traditional,0.071776,0.327680,0.172032,0.571488
952,traditional,0.074272,0.335872,0.169984,0.580128
953,traditional,0.072032,0.336896,0.168960,0.577888
954,traditional,0.072000,0.323584,0.168960,0.564544
955,traditional,0.071840,0.323584,0.168960,0.564384
956,traditional,0.071648,0.323584,0.168960,0.564192
957,traditional,0.072128,0.336896,0.168960,0.577984
958,traditional,0.075008,0.326656,0.168960,0.570624
959,traditional,0.073888,0.326656,0.168960,0.569504
960,traditional,0.073696,0.323584,0.169984,0.567264
961,traditional,0.072192,0.324608,0.168960,0.565760
962,traditional,0.072896,0.333824,0.172032,0.578752
963,traditional,0.071808,0.327680,0.169984,0.569472
964,traditional,0.072512,0.323584,0.168960,0.565056
965,traditional,0.072704,0.325632,0.171008,0.569344
966,traditional,0.072352,0.336896,0.172032,0.581280
967,traditional,0.072384,0.323584,0.168960,0.564928
968,traditional,0.078048,0.334848,0.168960,0.581856
969,traditional,0.071104,0.334848,0.174080,0.580032
970,traditional,0.074720,0.350208,0.168960,0.593888
971,traditional,0.071328,0.348160,0.168960,0.588448
972,traditional,0.072320,0.329728,0.168960,0.571008
973,traditional,0.072704,0.324608,0.168960,0.566272
974,traditional,0.072480,0.325632,0.168960,0.567072
975,traditional,0.071968,0.323584,0.168960,0.564512
976,traditional,0.072000,0.326656,0.168960,0.567616
977,traditional,0.072256,0.342016,0.174080,0.588352
978,traditional,0.082752,0.326656,0.168960,0.578368
979,traditional,0.071872,0.323584,0.168960,0.564416
980,traditional,0.076256,0.323584,0.168960,0.568800
981,traditional,0.071968,0.323584,0.168960,0.564512
982,traditional,0.075360,0.324608,0.171008,0.570976
983,traditional,0.071136,0.323584,0.168960,0.563680
984,traditional,0.072608,0.342016,0.168960,0.583584
985,traditional,0.072000,0.346112,0.185344,0.603456
986,traditional,0.076992,0.324608,0.173056,0.574656
987,traditional,0.075616,0.324608,0.169984,0.570208
988,traditional,0.073664,0.323584,0.168960,0.566208
989,traditional,0.075296,0.323584,0.168960,0.567840
990,traditional,0.073696,0.326656,0.168960,0.569312
991,traditional,0.071872,0.324608,0.168960,0.565440
992,traditional,0.073760,0.323584,0.168960,0.566304
993,traditional,0.070944,0.351232,0.164864,0.587040
994,traditional,0.070496,0.316416,0.164864,0.551776
995,traditional,0.070752,0.321536,0.173056,0.565344
996,traditional,0.074784,0.318464,0.164864,0.558112
997,traditional,0.069728,0.316416,0.164864,0.551008
998,traditional,0.072064,0.319488,0.164864,0.556416
999,traditional,0.070752,0.319488,0.164864,0.555104
1000,traditional,0.070912,0.319488,0.164864,0.555264
1001,traditional,0.070592,0.318464,0.165888,0.554944
1002,traditional,0.071712,0.321536,0.165888,0.559136
1003,traditional,0.070752,0.317440,0.169984,0.558176
1004,traditional,0.071360,0.321536,0.165888,0.558784
1005,traditional,0.070176,0.317440,0.165888,0.553504
1006,traditional,0.075360,0.319488,0.164864,0.559712
1007,traditional,0.070048,0.318464,0.167936,0.556448
1008,traditional,0.073888,0.319488,0.165888,0.559264
1009,traditional,0.072960,0.317440,0.177152,0.567552
1010,traditional,0.071008,0.319488,0.168960,0.559456
1011,traditional,0.073600,0.316416,0.167936,0.557952
1012,traditional,0.073888,0.317440,0.164864,0.556192
1013,traditional,0.070432,0.329728,0.164864,0.565024
1014,traditional,0.070848,0.335872,0.165888,0.572608
1015,traditional,0.070048,0.318464,0.164864,0.553376
1016,traditional,0.071520,0.336896,0.177152,0.585568
1017,traditional,0.070528,0.366592,0.164864,0.601984
1018,traditional,0.071296,0.335872,0.177152,0.584320
1019,traditional,0.070048,0.316416,0.171008,0.557472
1020,traditional,0.070688,0.323584,0.165888,0.560160
1021,traditional,0.083648,0.321536,0.165888,0.571072
1022,traditional,0.071488,0.331776,0.168960,0.572224
1023,traditional,0.074304,0.329728,0.165888,0.569920
1024,traditional,0.081792,0.366592,0.178176,0.626560
1025,traditional,0.069184,0.333824,0.178176,0.581184
1026,traditional,0.083392,0.316416,0.168960,0.568768
1027,traditional,0.070048,0.320512,0.164864,0.555424
1028,traditional,0.070816,0.349184,0.176128,0.596128
1029,traditional,0.070560,0.317440,0.169984,0.557984
1030,traditional,0.070208,0.333824,0.178176,0.582208
1031,traditional,0.070656,0.316416,0.164864,0.551936
1032,traditional,0.081920,0.330752,0.165888,0.578560
1033,traditional,0.073376,0.329728,0.168960,0.572064
1034,traditional,0.070912,0.338944,0.165888,0.575744
1035,traditional,0.069824,0.319488,0.164864,0.554176
1036,traditional,0.071712,0.322560,0.165888,0.560160
1037,traditional,0.070816,0.320512,0.169984,0.561312
1038,traditional,0.071552,0.332800,0.165888,0.570240
1039,traditional,0.070400,0.355328,0.164864,0.590592
1040,traditional,0.071232,0.317440,0.164864,0.553536
1041,traditional,0.072128,0.318464,0.165888,0.556480
1042,traditional,0.071424,0.320512,0.164864,0.556800
1043,traditional,0.070784,0.320512,0.165888,0.557184
1044,traditional,0.075104,0.324608,0.165888,0.565600
1045,traditional,0.069728,0.320512,0.165888,0.556128
1046,traditional,0.070560,0.336896,0.172032,0.579488
1047,traditional,0.070208,0.366592,0.173056,0.609856
1048,traditional,0.071168,0.325632,0.164864,0.561664
1049,traditional,0.070336,0.322560,0.165888,0.558784
1050,traditional,0.069984,0.317440,0.164864,0.552288
1051,traditional,0.069632,0.322560,0.165888,0.558080
1052,traditional,0.070528,0.319488,0.164864,0.554880
1053,traditional,0.070496,0.323584,0.165888,0.559968
1054,traditional,0.071328,0.320512,0.165888,0.557728
1055,traditional,0.073568,0.319488,0.173056,0.566112
1056,traditional,0.070944,0.321536,0.165888,0.558368
1057,traditional,0.070336,0.323584,0.164864,0.558784
1058,traditional,0.075072,0.317440,0.165888,0.558400
1059,traditional,0.070912,0.345088,0.165888,0.581888
1060,traditional,0.072448,0.329728,0.165888,0.568064
1061,traditional,0.069888,0.318464,0.165888,0.554240
1062,traditional,0.074176,0.316416,0.172032,0.562624
1063,traditional,0.070816,0.327680,0.166912,0.565408
1064,traditional,0.070752,0.317440,0.164864,0.553056
1065,traditional,0.070464,0.318464,0.165888,0.554816
1066,traditional,0.073536,0.316416,0.164864,0.554816
1067,traditional,0.071040,0.340992,0.164864,0.576896
1068,traditional,0.071360,0.316416,0.168960,0.556736
1069,traditional,0.071680,0.319488,0.164864,0.556032
1070,traditional,0.072320,0.320512,0.164864,0.557696
1071,traditional,0.094656,0.328704,0.164864,0.588224
1072,traditional,0.075392,0.315392,0.164864,0.555648
1073,traditional,0.074496,0.315392,0.175104,0.564992
1074,traditional,0.073792,0.314368,0.171008,0.559168
1075,traditional,0.070912,0.320512,0.165888,0.557312
1076,traditional,0.071488,0.316416,0.164864,0.552768
1077,traditional,0.070656,0.317440,0.164864,0.552960
1078,traditional,0.071808,0.315392,0.164864,0.552064
1079,traditional,0.071072,0.328704,0.164864,0.564640
1080,traditional,0.071776,0.315392,0.167936,0.555104
1081,traditional,0.072736,0.318464,0.164864,0.556064
1082,traditional,0.071104,0.323584,0.164864,0.559552
1083,traditional,0.071200,0.315392,0.168960,0.555552
1084,traditional,0.071264,0.317440,0.168960,0.557664
1085,traditional,0.069440,0.317440,0.165888,0.552768
1086,traditional,0.074528,0.316416,0.165888,0.556832
1087,traditional,0.069984,0.348160,0.164864,0.583008
1088,traditional,0.070848,0.313344,0.164864,0.549056
1089,traditional,0.070112,0.317440,0.165888,0.553440
1090,traditional,0.070976,0.323584,0.177152,0.571712
1091,traditional,0.069888,0.314368,0.164864,0.549120
1092,traditional,0.070304,0.315392,0.164864,0.550560
1093,traditional,0.069696,0.312320,0.165888,0.547904
1094,traditional,0.071360,0.314368,0.162816,0.548544
1095,traditional,0.069152,0.315392,0.158720,0.543264
1096,traditional,0.070624,0.306176,0.161792,0.538592
1097,traditional,0.073568,0.322560,0.165888,0.562016
1098,traditional,0.070208,0.306176,0.163840,0.540224
1099,traditional,0.069824,0.311296,0.164864,0.545984
1100,traditional,0.069408,0.310272,0.161792,0.541472
1101,traditional,0.069184,0.316416,0.162816,0.548416
1102,traditional,0.073344,0.315392,0.162816,0.551552
1103,traditional,0.069088,0.307200,0.162816,0.539104
1104,traditional,0.070016,0.337920,0.163840,0.571776
1105,traditional,0.069216,0.304128,0.162816,0.536160
1106,traditional,0.070272,0.305152,0.161792,0.537216
1107,traditional,0.069216,0.314368,0.162816,0.546400
1108,traditional,0.069728,0.310272,0.161792,0.541792
1109,traditional,0.081888,0.315392,0.162816,0.560096
1110,traditional,0.094720,0.309248,0.162816,0.566784
1111,traditional,0.068704,0.321536,0.180224,0.570464
1112,traditional,0.069344,0.310272,0.161792,0.541408
1113,traditional,0.068896,0.317440,0.162816,0.549152
1114,traditional,0.070240,0.318464,0.162816,0.551520
1115,traditional,0.069216,0.332800,0.161792,0.563808
1116,traditional,0.069408,0.315392,0.187392,0.572192
1117,traditional,0.069568,0.310272,0.162816,0.542656
1118,traditional,0.069792,0.324608,0.162816,0.557216
1119,traditional,0.072064,0.317440,0.165888,0.555392
1120,traditional,0.069920,0.317440,0.162816,0.550176
1121,traditional,0.069728,0.319488,0.161792,0.551008
1122,traditional,0.069664,0.309248,0.174080,0.552992
1123,traditional,0.079680,0.314368,0.165888,0.559936
1124,traditional,0.073664,0.310272,0.165888,0.549824
1125,traditional,0.068832,0.328704,0.165888,0.563424
1126,traditional,0.069376,0.315392,0.161792,0.546560
1127,traditional,0.071808,0.324608,0.162816,0.559232
1128,traditional,0.070272,0.308224,0.161792,0.540288
1129,traditional,0.069312,0.313344,0.165888,0.548544
1130,traditional,0.069088,0.320512,0.165888,0.555488
1131,traditional,0.073984,0.314368,0.164864,0.553216
1132,traditional,0.070496,0.311296,0.165888,0.547680
1133,traditional,0.071168,0.309248,0.165888,0.546304
1134,traditional,0.073152,0.310272,0.161792,0.545216
1135,traditional,0.069760,0.325632,0.161792,0.557184
1136,traditional,0.070368,0.314368,0.161792,0.546528
1137,traditional,0.068768,0.310272,0.162816,0.541856
1138,traditional,0.070240,0.316416,0.162816,0.549472
1139,traditional,0.068896,0.324608,0.161792,0.555296
1140,traditional,0.071520,0.311296,0.161792,0.544608
1141,traditional,0.074784,0.329728,0.162816,0.567328
1142,traditional,0.070592,0.309248,0.162816,0.542656
1143,traditional,0.081248,0.323584,0.175104,0.579936
1144,traditional,0.071744,0.315392,0.172032,0.559168
1145,traditional,0.069152,0.311296,0.161792,0.542240
1146,traditional,0.073792,0.310272,0.168960,0.553024
1147,traditional,0.069024,0.318464,0.165888,0.553376
1148,traditional,0.072192,0.325632,0.162816,0.560640
1149,traditional,0.073504,0.319488,0.169984,0.562976
1150,traditional,0.069664,0.314368,0.161792,0.545824
1151,traditional,0.069248,0.327680,0.169984,0.566912
1152,traditional,0.070464,0.312320,0.175104,0.557888
1153,traditional,0.068704,0.318464,0.171008,0.558176
1154,traditional,0.069856,0.322560,0.161792,0.554208
1155,traditional,0.068960,0.322560,0.165888,0.557408
1156,traditional,0.071424,0.313344,0.162816,0.547584
1157,traditional,0.069728,0.312320,0.167936,0.549984
1158,traditional,0.069856,0.314368,0.162816,0.547040
1159,traditional,0.083648,0.310272,0.162816,0.556736
1160,traditional,0.069952,0.315392,0.162816,0.548160
1161,traditional,0.069440,0.314368,0.162816,0.546624
1162,traditional,0.069088,0.311296,0.162816,0.543200
1163,traditional,0.068768,0.312320,0.161792,0.542880
1164,traditional,0.070432,0.312320,0.161792,0.544544
1165,traditional,0.068928,0.312320,0.164864,0.546112
1166,traditional,0.073952,0.312320,0.162816,0.549088
1167,traditional,0.069504,0.317440,0.162816,0.549760
1168,traditional,0.071328,0.313344,0.162816,0.547488
1169,traditional,0.068608,0.310272,0.162816,0.541696
1170,traditional,0.069376,0.311296,0.162816,0.543488
1171,traditional,0.068544,0.327680,0.162816,0.559040
1172,traditional,0.072672,0.312320,0.161792,0.546784
1173,traditional,0.071296,0.310272,0.162816,0.544384
1174,traditional,0.070464,0.310272,0.162816,0.543552
1175,traditional,0.069760,0.312320,0.166912,0.548992
1176,traditional,0.072448,0.310272,0.164864,0.547584
1177,traditional,0.069120,0.310272,0.162816,0.542208
1178,traditional,0.072832,0.310272,0.162816,0.545920
1179,traditional,0.069216,0.311296,0.162816,0.543328
1180,traditional,0.072800,0.311296,0.161792,0.545888
1181,traditional,0.069952,0.314368,0.162816,0.547136
1182,traditional,0.070464,0.333824,0.161792,0.566080
1183,traditional,0.069888,0.328704,0.177152,0.575744
1184,traditional,0.070048,0.311296,0.162816,0.544160
1185,traditional,0.069344,0.344064,0.162816,0.576224
1186,traditional,0.069344,0.321536,0.163840,0.554720
1187,traditional,0.072640,0.310272,0.162816,0.545728
1188,traditional,0.081120,0.311296,0.169984,0.562400
1189,traditional,0.069056,0.322560,0.162816,0.554432
1190,traditional,0.069920,0.333824,0.163840,0.567584
1191,traditional,0.070240,0.314368,0.175104,0.559712
1192,traditional,0.068736,0.327680,0.188416,0.584832
1193,traditional,0.069152,0.310272,0.161792,0.541216
1194,traditional,0.069472,0.323584,0.163840,0.556896
1195,traditional,0.069376,0.317440,0.162816,0.549632
1196,traditional,0.069088,0.320512,0.162816,0.552416
1197,traditional,0.068896,0.310272,0.165888,0.545056
1198,traditional,0.070112,0.314368,0.161792,0.546272
1199,traditional,0.069280,0.339968,0.162816,0.572064
1200,traditional,0.070336,0.325632,0.175104,0.571072
1201,traditional,0.080192,0.333824,0.165888,0.579904
1202,traditional,0.069024,0.320512,0.165888,0.555424
1203,traditional,0.073408,0.320512,0.175104,0.569024
1204,traditional,0.081632,0.321536,0.161792,0.564960
1205,traditional,0.069600,0.326656,0.161792,0.558048
1206,traditional,0.070464,0.338944,0.179200,0.588608
1207,traditional,0.072864,0.321536,0.165888,0.560288
1208,traditional,0.070112,0.321536,0.166912,0.558560
1209,traditional,0.068928,0.313344,0.162816,0.545088
1210,traditional,0.070240,0.363520,0.161792,0.595552
1211,traditional,0.069664,0.322560,0.162816,0.555040
1212,traditional,0.069760,0.321536,0.161792,0.553088
1213,traditional,0.069792,0.329728,0.161792,0.561312
1214,traditional,0.070144,0.331776,0.162816,0.564736
1215,traditional,0.069760,0.310272,0.162816,0.542848
1216,traditional,0.069248,0.328704,0.164864,0.562816
1217,traditional,0.070016,0.320512,0.163840,0.554368
1218,traditional,0.071008,0.323584,0.187392,0.581984
1219,traditional,0.069024,0.332800,0.166912,0.568736
1220,traditional,0.069152,0.320512,0.162816,0.552480
1221,traditional,0.068800,0.311296,0.162816,0.542912
1222,traditional,0.069312,0.313344,0.162816,0.545472
1223,traditional,0.068640,0.311296,0.162816,0.542752
1224,traditional,0.069632,0.348160,0.162816,0.580608
1225,traditional,0.070336,0.309248,0.162816,0.542400
1226,traditional,0.069152,0.309248,0.165888,0.544288
1227,traditional,0.069888,0.310272,0.162816,0.542976
1228,traditional,0.069344,0.326656,0.162816,0.558816
1229,traditional,0.068992,0.312320,0.162816,0.544128
1230,traditional,0.070432,0.315392,0.162816,0.548640
1231,traditional,0.069248,0.310272,0.166912,0.546432
1232,traditional,0.070240,0.337920,0.161792,0.569952
1233,traditional,0.069312,0.321536,0.162816,0.553664
1234,traditional,0.069728,0.314368,0.164864,0.548960
1235,traditional,0.071360,0.321536,0.161792,0.554688
1236,traditional,0.070656,0.318464,0.163840,0.552960
1237,traditional,0.068832,0.312320,0.161792,0.542944
1238,traditional,0.069568,0.321536,0.162816,0.553920
1239,traditional,0.070080,0.353280,0.172032,0.595392
1240,traditional,0.069888,0.311296,0.161792,0.542976
1241,traditional,0.068672,0.314368,0.164864,0.547904
1242,traditional,0.068960,0.311296,0.163840,0.544096
1243,traditional,0.068800,0.317440,0.161792,0.548032
1244,traditional,0.072640,0.310272,0.162816,0.545728
1245,traditional,0.068224,0.317440,0.174080,0.559744
1246,traditional,0.070080,0.312320,0.165888,0.548288
1247,traditional,0.072992,0.313344,0.175104,0.561440
1248,traditional,0.071168,0.353280,0.162816,0.587264
1249,traditional,0.068864,0.342016,0.162816,0.573696
1250,traditional,0.069344,0.331776,0.165888,0.567008
1251,traditional,0.069312,0.361472,0.171008,0.601792
1252,traditional,0.070240,0.313344,0.161792,0.545376
1253,traditional,0.080288,0.311296,0.162816,0.554400
1254,traditional,0.069568,0.324608,0.162816,0.556992
1255,traditional,0.073024,0.336896,0.168960,0.578880
1256,traditional,0.069824,0.311296,0.162816,0.543936
1257,traditional,0.070080,0.326656,0.162816,0.559552
1258,traditional,0.071904,0.312320,0.162816,0.547040
1259,traditional,0.068992,0.315392,0.161792,0.546176
1260,traditional,0.072832,0.317440,0.161792,0.552064
1261,traditional,0.068960,0.316416,0.163840,0.549216
1262,traditional,0.069632,0.310272,0.161792,0.541696
1263,traditional,0.068704,0.317440,0.166912,0.553056
1264,traditional,0.070432,0.326656,0.161792,0.558880
1265,traditional,0.068928,0.310272,0.162816,0.542016
1266,traditional,0.070208,0.310272,0.161792,0.542272
1267,traditional,0.069248,0.371712,0.178176,0.619136
1268,traditional,0.070848,0.315392,0.162816,0.549056
1269,traditional,0.069408,0.316416,0.162816,0.548640
1270,traditional,0.070272,0.313344,0.162816,0.546432
1271,traditional,0.072800,0.311296,0.161792,0.545888
1272,traditional,0.069888,0.309248,0.162816,0.541952
1273,traditional,0.069568,0.309248,0.162816,0.541632
1274,traditional,0.072960,0.315392,0.165888,0.554240
1275,traditional,0.069152,0.313344,0.163840,0.546336
1276,traditional,0.073088,0.313344,0.163840,0.550272
1277,traditional,0.068800,0.311296,0.162816,0.542912
1278,traditional,0.072640,0.311296,0.165888,0.549824
1279,traditional,0.068928,0.317440,0.164864,0.551232
1280,traditional,0.072800,0.315392,0.162816,0.551008
1281,traditional,0.070400,0.313344,0.161792,0.545536
1282,traditional,0.070080,0.315392,0.162816,0.548288
1283,traditional,0.068640,0.319488,0.162816,0.550944
1284,traditional,0.069600,0.325632,0.162816,0.558048
1285,traditional,0.069216,0.313344,0.162816,0.545376
1286,traditional,0.069536,0.338944,0.176128,0.584608
1287,traditional,0.071584,0.324608,0.161792,0.557984
1288,traditional,0.071648,0.312320,0.162816,0.546784
1289,traditional,0.069024,0.323584,0.162816,0.555424
1290,traditional,0.074624,0.318464,0.162816,0.555904
1291,traditional,0.069920,0.312320,0.162816,0.545056
1292,traditional,0.071296,0.316416,0.165888,0.553600
1293,traditional,0.069248,0.314368,0.162816,0.546432
1294,traditional,0.069984,0.322560,0.161792,0.554336
1295,traditional,0.069088,0.318464,0.162816,0.550368
1296,traditional,0.072896,0.315392,0.162816,0.551104
1297,traditional,0.070080,0.322560,0.162816,0.555456
1298,traditional,0.073632,0.325632,0.166912,0.566176
1299,traditional,0.068736,0.311296,0.165888,0.545920
1300,traditional,0.069440,0.312320,0.164864,0.546624
1301,traditional,0.069344,0.350208,0.166912,0.586464
1302,traditional,0.070528,0.323584,0.161792,0.555904
1303,traditional,0.068832,0.310272,0.161792,0.540896
1304,traditional,0.069760,0.322560,0.161792,0.554112
1305,traditional,0.069280,0.317440,0.161792,0.548512
1306,traditional,0.080352,0.312320,0.161792,0.554464
1307,traditional,0.069600,0.311296,0.162816,0.543712
1308,traditional,0.073056,0.310272,0.161792,0.545120
1309,traditional,0.069408,0.309248,0.161792,0.540448
1310,traditional,0.070144,0.308224,0.162816,0.541184
1311,traditional,0.075712,0.335872,0.166912,0.578496
1312,traditional,0.073376,0.308224,0.164864,0.546464
1313,traditional,0.069152,0.308224,0.161792,0.539168
1314,traditional,0.070400,0.313344,0.161792,0.545536
1315,traditional,0.069440,0.311296,0.161792,0.542528
1316,traditional,0.069664,0.312320,0.161792,0.543776
1317,traditional,0.069696,0.313344,0.168960,0.552000
1318,traditional,0.070272,0.309248,0.161792,0.541312
1319,traditional,0.069216,0.333824,0.166912,0.569952
1320,traditional,0.069248,0.313344,0.161792,0.544384
1321,traditional,0.073472,0.308224,0.160768,0.542464
1322,traditional,0.069920,0.307200,0.161792,0.538912
1323,traditional,0.068384,0.317440,0.164864,0.550688
1324,traditional,0.069536,0.311296,0.161792,0.542624
1325,traditional,0.071616,0.307200,0.175104,0.553920
1326,traditional,0.072000,0.314368,0.161792,0.548160
1327,traditional,0.068928,0.322560,0.161792,0.553280
1328,traditional,0.069408,0.317440,0.157696,0.544544
1329,traditional,0.084640,0.319488,0.161792,0.565920
1330,traditional,0.069920,0.305152,0.161792,0.536864
1331,traditional,0.068704,0.310272,0.174080,0.553056
1332,traditional,0.073824,0.315392,0.161792,0.551008
1333,traditional,0.068704,0.308224,0.160768,0.537696
1334,traditional,0.070272,0.313344,0.161792,0.545408
1335,traditional,0.069248,0.314368,0.161792,0.545408
1336,traditional,0.071264,0.325632,0.161792,0.558688
1337,traditional,0.068224,0.310272,0.162816,0.541312
1338,traditional,0.083168,0.320512,0.161792,0.565472
1339,traditional,0.068736,0.306176,0.161792,0.536704
1340,traditional,0.073088,0.317440,0.161792,0.552320
1341,traditional,0.068928,0.307200,0.161792,0.537920
1342,traditional,0.068992,0.329728,0.161792,0.560512
1343,traditional,0.072064,0.314368,0.161792,0.548224
1344,traditional,0.071968,0.305152,0.161792,0.538912
1345,traditional,0.068064,0.305152,0.161792,0.535008
1346,traditional,0.069152,0.315392,0.161792,0.546336
1347,traditional,0.067840,0.316416,0.164864,0.549120
1348,traditional,0.069376,0.315392,0.161792,0.546560
1349,traditional,0.068160,0.326656,0.163840,0.558656
1350,traditional,0.070720,0.312320,0.161792,0.544832
1351,traditional,0.069120,0.311296,0.163840,0.544256
1352,traditional,0.081600,0.335872,0.165888,0.583360
1353,traditional,0.069024,0.308224,0.161792,0.539040
1354,traditional,0.069568,0.320512,0.160768,0.550848
1355,traditional,0.068864,0.336896,0.161792,0.567552
1356,traditional,0.069600,0.314368,0.162816,0.546784
1357,traditional,0.110496,0.326656,0.161792,0.598944
1358,traditional,0.070496,0.318464,0.169984,0.558944
1359,traditional,0.072352,0.308224,0.174080,0.554656
1360,traditional,0.071552,0.312320,0.161792,0.545664
1361,traditional,0.071712,0.310272,0.164864,0.546848
1362,traditional,0.071808,0.330752,0.161792,0.564352
1363,traditional,0.069504,0.318464,0.164864,0.552832
1364,traditional,0.069984,0.309248,0.164864,0.544096
1365,traditional,0.069568,0.306176,0.162816,0.538560
1366,traditional,0.074272,0.308224,0.160768,0.543264
1367,traditional,0.068608,0.308224,0.161792,0.538624
1368,traditional,0.069088,0.316416,0.161792,0.547296
1369,traditional,0.068288,0.320512,0.160768,0.549568
1370,traditional,0.069504,0.312320,0.161792,0.543616
1371,traditional,0.070816,0.310272,0.160768,0.541856
1372,traditional,0.073248,0.353280,0.174080,0.600608
1373,traditional,0.072384,0.311296,0.165888,0.549568
1374,traditional,0.069248,0.312320,0.161792,0.543360
1375,traditional,0.069344,0.308224,0.161792,0.539360
1376,traditional,0.073056,0.311296,0.190464,0.574816
1377,traditional,0.068576,0.313344,0.161792,0.543712
1378,traditional,0.069568,0.313344,0.161792,0.544704
1379,traditional,0.069664,0.310272,0.165888,0.545824
1380,traditional,0.069728,0.310272,0.161792,0.541792
1381,traditional,0.068768,0.309248,0.162816,0.540832
1382,traditional,0.070176,0.309248,0.161792,0.541216
1383,traditional,0.068384,0.313344,0.164864,0.546592
1384,traditional,0.069920,0.311296,0.162816,0.544032
1385,traditional,0.069632,0.309248,0.161792,0.540672
1386,traditional,0.074400,0.310272,0.161792,0.546464
1387,traditional,0.072032,0.309248,0.164864,0.546144
1388,traditional,0.070944,0.309248,0.161792,0.541984
1389,traditional,0.069920,0.311296,0.165888,0.547104
1390,traditional,0.069856,0.313344,0.161792,0.544992
1391,traditional,0.074144,0.312320,0.162816,0.549280
1392,traditional,0.073184,0.315392,0.161792,0.550368
1393,traditional,0.069088,0.313344,0.162816,0.545248
1394,traditional,0.069824,0.312320,0.164864,0.547008
1395,traditional,0.072256,0.326656,0.162816,0.561728
1396,traditional,0.079200,0.325632,0.162816,0.567648
1397,traditional,0.069184,0.312320,0.161792,0.543296
1398,traditional,0.072000,0.312320,0.162816,0.547136
1399,traditional,0.069184,0.318464,0.162816,0.550464
1400,traditional,0.073600,0.319488,0.163840,0.556928
1401,traditional,0.068480,0.311296,0.162816,0.542592
1402,traditional,0.082304,0.317440,0.161792,0.561536
1403,traditional,0.070176,0.322560,0.161792,0.554528
1404,traditional,0.069184,0.316416,0.162816,0.548416
1405,traditional,0.071360,0.314368,0.164864,0.550592
1406,traditional,0.069632,0.326656,0.161792,0.558080
1407,traditional,0.069760,0.312320,0.165888,0.547968
1408,traditional,0.073024,0.323584,0.162816,0.559424
1409,traditional,0.068896,0.318464,0.161792,0.549152
1410,traditional,0.068896,0.312320,0.161792,0.543008
1411,traditional,0.069408,0.310272,0.161792,0.541472
1412,traditional,0.120320,0.311296,0.161792,0.593408
1413,traditional,0.069440,0.317440,0.162816,0.549696
1414,traditional,0.070144,0.312320,0.165888,0.548352
1415,traditional,0.072256,0.312320,0.161792,0.546368
1416,traditional,0.073728,0.313344,0.165888,0.552960
1417,traditional,0.068672,0.312320,0.165888,0.546880
1418,traditional,0.069696,0.314368,0.162816,0.546880
1419,traditional,0.069440,0.362496,0.161792,0.593728
1420,traditional,0.069920,0.311296,0.162816,0.544032
1421,traditional,0.069088,0.310272,0.162816,0.542176
1422,traditional,0.073568,0.312320,0.162816,0.548704
1423,traditional,0.074176,0.322560,0.162816,0.559552
1424,traditional,0.069504,0.316416,0.161792,0.547712
1425,traditional,0.073888,0.318464,0.162816,0.555168
1426,traditional,0.072896,0.311296,0.162816,0.547008
1427,traditional,0.069408,0.309248,0.162816,0.541472
1428,traditional,0.069760,0.310272,0.161792,0.541824
1429,traditional,0.069248,0.310272,0.162816,0.542336
1430,traditional,0.069856,0.310272,0.161792,0.541920
1431,traditional,0.069344,0.318464,0.162816,0.550624
1432,traditional,0.069856,0.343040,0.166912,0.579808
1433,traditional,0.072160,0.338944,0.162816,0.573920
1434,traditional,0.073536,0.326656,0.168960,0.569152
1435,traditional,0.069184,0.313344,0.162816,0.545344
1436,traditional,0.068896,0.315392,0.162816,0.547104
1437,traditional,0.068672,0.310272,0.161792,0.540736
1438,traditional,0.080896,0.321536,0.162816,0.565248
1439,traditional,0.068256,0.320512,0.162816,0.551584
1440,traditional,0.073408,0.310272,0.174080,0.557760
1441,traditional,0.069120,0.309248,0.165888,0.544256
1442,traditional,0.069984,0.310272,0.162816,0.543072
1443,traditional,0.068736,0.312320,0.163840,0.544896
1444,traditional,0.070400,0.313344,0.162816,0.546560
1445,traditional,0.068608,0.313344,0.162816,0.544768
1446,traditional,0.072928,0.321536,0.166912,0.561376
1447,traditional,0.069088,0.311296,0.162816,0.543200
1448,traditional,0.070144,0.311296,0.162816,0.544256
1449,traditional,0.072416,0.312320,0.162816,0.547552
1450,traditional,0.070240,0.310272,0.161792,0.542304
1451,traditional,0.069568,0.310272,0.165888,0.545728
1452,traditional,0.069120,0.314368,0.161792,0.545280
1453,traditional,0.068448,0.310272,0.162816,0.541536
1454,traditional,0.069824,0.311296,0.162816,0.543936
1455,traditional,0.069632,0.309248,0.185344,0.564224
1456,traditional,0.073696,0.314368,0.178176,0.566240
1457,traditional,0.080480,0.313344,0.162816,0.556640
1458,traditional,0.069120,0.311296,0.161792,0.542208
1459,traditional,0.069344,0.320512,0.161792,0.551648
1460,traditional,0.069696,0.332800,0.162816,0.565312
1461,traditional,0.069344,0.311296,0.162816,0.543456
1462,traditional,0.069792,0.310272,0.163840,0.543904
1463,traditional,0.068800,0.318464,0.162816,0.550080
1464,traditional,0.071328,0.309248,0.174080,0.554656
1465,traditional,0.069376,0.310272,0.162816,0.542464
1466,traditional,0.069952,0.309248,0.162816,0.542016
1467,traditional,0.069184,0.321536,0.169984,0.560704
1468,traditional,0.068832,0.320512,0.162816,0.552160
1469,traditional,0.071552,0.316416,0.162816,0.550784
1470,traditional,0.072544,0.310272,0.165888,0.548704
1471,traditional,0.068832,0.313344,0.161792,0.543968
1472,traditional,0.071040,0.316416,0.162816,0.550272
1473,traditional,0.070336,0.309248,0.162816,0.542400
1474,traditional,0.071104,0.309248,0.162816,0.543168
1475,traditional,0.073344,0.312320,0.162816,0.548480
1476,traditional,0.072928,0.310272,0.162816,0.546016
1477,traditional,0.068736,0.321536,0.162816,0.553088
1478,traditional,0.069280,0.312320,0.162816,0.544416
1479,traditional,0.068704,0.318464,0.162816,0.549984
1480,traditional,0.069792,0.345088,0.162816,0.577696
1481,traditional,0.068672,0.325632,0.162816,0.557120
1482,traditional,0.069696,0.318464,0.162816,0.550976
1483,traditional,0.069664,0.344064,0.163840,0.577568
1484,traditional,0.081760,0.318464,0.162816,0.563040
1485,traditional,0.079776,0.319488,0.165888,0.565152
1486,traditional,0.073376,0.312320,0.162816,0.548512
1487,traditional,0.068960,0.320512,0.166912,0.556384
1488,traditional,0.069600,0.326656,0.162816,0.559072
1489,traditional,0.068768,0.313344,0.162816,0.544928
1490,traditional,0.070560,0.313344,0.165888,0.549792
1491,traditional,0.068768,0.311296,0.165888,0.545952
1492,traditional,0.069184,0.311296,0.161792,0.542272
1493,traditional,0.068800,0.342016,0.162816,0.573632
1494,traditional,0.069760,0.321536,0.169984,0.561280
1495,traditional,0.069632,0.310272,0.165888,0.545792
1496,traditional,0.069088,0.314368,0.161792,0.545248
1497,traditional,0.069600,0.323584,0.162816,0.556000
1498,traditional,0.072000,0.317440,0.162816,0.552256
1499,traditional,0.069120,0.326656,0.165888,0.561664
1500,traditional,0.069216,0.312320,0.161792,0.543328
1501,traditional,0.069504,0.319488,0.162816,0.551808
1502,traditional,0.078400,0.325632,0.175104,0.579136
1503,traditional,0.072992,0.320512,0.176128,0.569632
1504,traditional,0.081792,0.317440,0.161792,0.561024
1505,traditional,0.068800,0.314368,0.162816,0.545984
1506,traditional,0.069632,0.311296,0.165888,0.546816
1507,traditional,0.068960,0.322560,0.166912,0.558432
1508,traditional,0.072096,0.310272,0.162816,0.545184
1509,traditional,0.068576,0.320512,0.163840,0.552928
1510,traditional,0.073760,0.323584,0.165888,0.563232
1511,traditional,0.069632,0.325632,0.162816,0.558080
1512,traditional,0.081664,0.325632,0.162816,0.570112
1513,traditional,0.069376,0.328704,0.162816,0.560896
1514,traditional,0.081792,0.311296,0.161792,0.554880
1515,traditional,0.069376,0.323584,0.163840,0.556800
1516,traditional,0.069472,0.311296,0.162816,0.543584
1517,traditional,0.068864,0.329728,0.165888,0.564480
1518,traditional,0.070208,0.333824,0.163840,0.567872
1519,traditional,0.069472,0.322560,0.176128,0.568160
1520,traditional,0.073344,0.342016,0.162816,0.578176
1521,traditional,0.069536,0.314368,0.171008,0.554912
1522,traditional,0.072544,0.322560,0.163840,0.558944
1523,traditional,0.069440,0.317440,0.162816,0.549696
1524,traditional,0.069440,0.320512,0.177152,0.567104
1525,traditional,0.072224,0.330752,0.162816,0.565792
1526,traditional,0.070304,0.314368,0.165888,0.550560
1527,traditional,0.071968,0.324608,0.162816,0.559392
1528,traditional,0.069792,0.318464,0.161792,0.550048
1529,traditional,0.068480,0.324608,0.163840,0.556928
1530,traditional,0.069664,0.312320,0.162816,0.544800
1531,traditional,0.073248,0.323584,0.162816,0.559648
1532,traditional,0.069696,0.329728,0.162816,0.562240
1533,traditional,0.069216,0.318464,0.161792,0.549472
1534,traditional,0.073472,0.315392,0.165888,0.554752
1535,traditional,0.076384,0.321536,0.165888,0.563808
1536,traditional,0.081728,0.319488,0.162816,0.564032
1537,traditional,0.068864,0.328704,0.162816,0.560384
1538,traditional,0.075904,0.321536,0.162816,0.560256
1539,traditional,0.069344,0.316416,0.165888,0.551648
1540,traditional,0.072800,0.333824,0.161792,0.568416
1541,traditional,0.069760,0.316416,0.161792,0.547968
1542,traditional,0.073376,0.322560,0.161792,0.557728
1543,traditional,0.068960,0.314368,0.161792,0.545120
1544,traditional,0.072864,0.321536,0.164864,0.559264
1545,traditional,0.069312,0.309248,0.162816,0.541376
1546,traditional,0.077472,0.319488,0.161792,0.558752
1547,traditional,0.081376,0.323584,0.165888,0.570848
1548,traditional,0.070048,0.310272,0.162816,0.543136
1549,traditional,0.069088,0.319488,0.161792,0.550368
1550,traditional,0.069728,0.346112,0.162816,0.578656
1551,traditional,0.069984,0.340992,0.161792,0.572768
1552,traditional,0.071936,0.344064,0.161792,0.577792
1553,traditional,0.071040,0.309248,0.164864,0.545152
1554,traditional,0.069664,0.335872,0.161792,0.567328
1555,traditional,0.069216,0.310272,0.162816,0.542304
1556,traditional,0.072608,0.312320,0.161792,0.546720
1557,traditional,0.068864,0.311296,0.161792,0.541952
1558,traditional,0.069344,0.316416,0.164864,0.550624
1559,traditional,0.068768,0.313344,0.162816,0.544928
1560,traditional,0.069344,0.311296,0.161792,0.542432
1561,traditional,0.069120,0.323584,0.161792,0.554496
1562,traditional,0.070304,0.311296,0.162816,0.544416
1563,traditional,0.069248,0.319488,0.157696,0.546432
1564,traditional,0.069280,0.307200,0.162816,0.539296
1565,traditional,0.069440,0.328704,0.162816,0.560960
1566,traditional,0.069088,0.320512,0.174080,0.563680
1567,traditional,0.072480,0.313344,0.167936,0.553760
1568,traditional,0.069728,0.306176,0.165888,0.541792
1569,traditional,0.068288,0.320512,0.165888,0.554688
1570,traditional,0.080992,0.319488,0.161792,0.562272
1571,traditional,0.081088,0.309248,0.162816,0.553152
1572,traditional,0.071904,0.309248,0.165888,0.547040
1573,traditional,0.068864,0.305152,0.162816,0.536832
1574,traditional,0.069632,0.306176,0.161792,0.537600
1575,traditional,0.069088,0.305152,0.161792,0.536032
1576,traditional,0.070144,0.306176,0.161792,0.538112
1577,traditional,0.068672,0.314368,0.162816,0.545856
1578,traditional,0.069760,0.306176,0.161792,0.537728
1579,traditional,0.068992,0.315392,0.161792,0.546176
1580,traditional,0.070016,0.313344,0.161792,0.545152
1581,traditional,0.071072,0.328704,0.161792,0.561568
1582,traditional,0.070464,0.311296,0.162816,0.544576
1583,traditional,0.068512,0.301056,0.164864,0.534432
1584,traditional,0.072800,0.305152,0.161792,0.539744
1585,traditional,0.092000,0.321536,0.161792,0.575328
1586,traditional,0.073440,0.303104,0.161792,0.538336
1587,traditional,0.071232,0.304128,0.165888,0.541248
1588,traditional,0.069696,0.309248,0.164864,0.543808
1589,traditional,0.071264,0.313344,0.174080,0.558688
1590,traditional,0.069472,0.322560,0.165888,0.557920
1591,traditional,0.079200,0.308224,0.187392,0.574816
1592,traditional,0.073088,0.325632,0.171008,0.569728
1593,traditional,0.070432,0.306176,0.161792,0.538400
1594,traditional,0.069696,0.319488,0.161792,0.550976
1595,traditional,0.068576,0.303104,0.162816,0.534496
1596,traditional,0.073536,0.323584,0.166912,0.564032
1597,traditional,0.078368,0.315392,0.164864,0.558624
1598,traditional,0.069664,0.313344,0.164864,0.547872
1599,traditional,0.069664,0.308224,0.162816,0.540704
1600,traditional,0.073024,0.321536,0.162816,0.557376
1601,traditional,0.068416,0.312320,0.162816,0.543552
1602,traditional,0.081216,0.317440,0.162816,0.561472
1603,traditional,0.068832,0.328704,0.162816,0.560352
1604,traditional,0.069920,0.306176,0.162816,0.538912
1605,traditional,0.068608,0.310272,0.164864,0.543744
1606,traditional,0.070208,0.324608,0.165888,0.560704
1607,traditional,0.070016,0.310272,0.162816,0.543104
1608,traditional,0.080352,0.310272,0.180224,0.570848
1609,traditional,0.069440,0.318464,0.162816,0.550720
1610,traditional,0.078880,0.310272,0.162816,0.551968
1611,traditional,0.068544,0.308224,0.164864,0.541632
1612,traditional,0.096416,0.332800,0.166912,0.596128
1613,traditional,0.070304,0.312320,0.163840,0.546464
1614,traditional,0.072032,0.309248,0.165888,0.547168
1615,traditional,0.072224,0.309248,0.165888,0.547360
1616,traditional,0.069376,0.328704,0.162816,0.560896
1617,traditional,0.069984,0.326656,0.165888,0.562528
1618,traditional,0.081184,0.322560,0.162816,0.566560
1619,traditional,0.068320,0.319488,0.162816,0.550624
1620,traditional,0.072704,0.327680,0.162816,0.563200
1621,traditional,0.069344,0.313344,0.162816,0.545504
1622,traditional,0.074208,0.310272,0.161792,0.546272
1623,traditional,0.069920,0.312320,0.162816,0.545056
1624,traditional,0.070336,0.325632,0.165888,0.561856
1625,traditional,0.069568,0.312320,0.161792,0.543680
1626,traditional,0.070944,0.309248,0.162816,0.543008
1627,traditional,0.069280,0.320512,0.161792,0.551584
1628,traditional,0.070368,0.315392,0.161792,0.547552
1629,traditional,0.070464,0.323584,0.162816,0.556864
1630,traditional,0.069216,0.325632,0.162816,0.557664
1631,traditional,0.070048,0.322560,0.162816,0.555424
1632,traditional,0.070240,0.318464,0.162816,0.551520
1633,traditional,0.069152,0.316416,0.162816,0.548384
1634,traditional,0.071040,0.323584,0.162816,0.557440
1635,traditional,0.069600,0.317440,0.164864,0.551904
1636,traditional,0.069920,0.329728,0.162816,0.562464
1637,traditional,0.070432,0.318464,0.164864,0.553760
1638,traditional,0.069664,0.314368,0.168960,0.552992
1639,traditional,0.069632,0.321536,0.163840,0.555008
1640,traditional,0.078624,0.348160,0.176128,0.602912
1641,traditional,0.072000,0.314368,0.162816,0.549184
1642,traditional,0.070880,0.314368,0.162816,0.548064
1643,traditional,0.080544,0.318464,0.163840,0.562848
1644,traditional,0.072544,0.330752,0.163840,0.567136
1645,traditional,0.069248,0.313344,0.163840,0.546432
1646,traditional,0.069440,0.333824,0.162816,0.566080
1647,traditional,0.069280,0.322560,0.166912,0.558752
1648,traditional,0.085728,0.329728,0.166912,0.582368
1649,traditional,0.069600,0.313344,0.162816,0.545760
1650,traditional,0.071456,0.312320,0.162816,0.546592
1651,traditional,0.070144,0.324608,0.163840,0.558592
1652,traditional,0.069632,0.312320,0.174080,0.556032
1653,traditional,0.070560,0.328704,0.162816,0.562080
1654,traditional,0.070688,0.327680,0.162816,0.561184
1655,traditional,0.069792,0.327680,0.163840,0.561312
1656,traditional,0.071264,0.310272,0.163840,0.545376
1657,traditional,0.068256,0.319488,0.166912,0.554656
1658,traditional,0.070112,0.319488,0.166912,0.556512
1659,traditional,0.093120,0.337920,0.179200,0.610240
1660,traditional,0.070080,0.314368,0.165888,0.550336
1661,traditional,0.068736,0.322560,0.166912,0.558208
1662,traditional,0.070048,0.312320,0.162816,0.545184
1663,traditional,0.069856,0.314368,0.163840,0.548064
1664,traditional,0.071104,0.331776,0.165888,0.568768
1665,traditional,0.068384,0.331776,0.166912,0.567072
1666,traditional,0.077824,0.314368,0.163840,0.556032
1667,traditional,0.074048,0.326656,0.163840,0.564544
1668,traditional,0.069664,0.322560,0.175104,0.567328
1669,traditional,0.069632,0.315392,0.175104,0.560128
1670,traditional,0.083712,0.317440,0.162816,0.563968
1671,traditional,0.069664,0.315392,0.162816,0.547872
1672,traditional,0.070368,0.322560,0.166912,0.559840
1673,traditional,0.069504,0.311296,0.163840,0.544640
1674,traditional,0.069568,0.316416,0.162816,0.548800
1675,traditional,0.069888,0.329728,0.162816,0.562432
1676,traditional,0.070112,0.319488,0.163840,0.553440
1677,traditional,0.069120,0.334848,0.163840,0.567808
1678,traditional,0.070848,0.323584,0.169984,0.564416
1679,traditional,0.070368,0.316416,0.162816,0.549600
1680,traditional,0.069568,0.315392,0.162816,0.547776
1681,traditional,0.075584,0.323584,0.162816,0.561984
1682,traditional,0.071328,0.319488,0.166912,0.557728
1683,traditional,0.072352,0.311296,0.163840,0.547488
1684,traditional,0.070048,0.324608,0.162816,0.557472
1685,traditional,0.069600,0.311296,0.162816,0.543712
1686,traditional,0.073408,0.318464,0.162816,0.554688
1687,traditional,0.069248,0.310272,0.169984,0.549504
1688,traditional,0.070048,0.313344,0.183296,0.566688
1689,traditional,0.069344,0.331776,0.163840,0.564960
1690,traditional,0.070112,0.312320,0.162816,0.545248
1691,traditional,0.069536,0.313344,0.164864,0.547744
1692,traditional,0.069600,0.323584,0.162816,0.556000
1693,traditional,0.068672,0.319488,0.163840,0.552000
1694,traditional,0.081088,0.324608,0.162816,0.568512
1695,traditional,0.070912,0.334848,0.167936,0.573696
1696,traditional,0.071072,0.312320,0.164864,0.548256
1697,traditional,0.070144,0.316416,0.164864,0.551424
1698,traditional,0.070944,0.311296,0.166912,0.549152
1699,traditional,0.069696,0.336896,0.163840,0.570432
1700,traditional,0.070464,0.317440,0.163840,0.551744
1701,traditional,0.070336,0.313344,0.167936,0.551616
1702,traditional,0.070944,0.312320,0.163840,0.547104
1703,traditional,0.071552,0.312320,0.163840,0.547712
1704,traditional,0.070752,0.326656,0.166912,0.564320
1705,traditional,0.070400,0.316416,0.163840,0.550656
1706,traditional,0.070560,0.313344,0.164864,0.548768
1707,traditional,0.069504,0.315392,0.163840,0.548736
1708,traditional,0.069664,0.321536,0.163840,0.555040
1709,traditional,0.070784,0.317440,0.163840,0.552064
1710,traditional,0.070688,0.314368,0.163840,0.548896
1711,traditional,0.070240,0.315392,0.167936,0.553568
1712,traditional,0.070752,0.312320,0.163840,0.546912
1713,traditional,0.070496,0.312320,0.164864,0.547680
1714,traditional,0.070656,0.336896,0.163840,0.571392
1715,traditional,0.069440,0.322560,0.167936,0.559936
1716,traditional,0.074208,0.325632,0.163840,0.563680
1717,traditional,0.070048,0.315392,0.163840,0.549280
1718,traditional,0.070240,0.321536,0.162816,0.554592
1719,traditional,0.070272,0.315392,0.167936,0.553600
1720,traditional,0.070752,0.315392,0.166912,0.553056
1721,traditional,0.070176,0.323584,0.163840,0.557600
1722,traditional,0.074432,0.335872,0.171008,0.581312
1723,traditional,0.069568,0.324608,0.163840,0.558016
1724,traditional,0.070784,0.316416,0.164864,0.552064
1725,traditional,0.069440,0.316416,0.165888,0.551744
1726,traditional,0.069120,0.315392,0.163840,0.548352
1727,traditional,0.072448,0.331776,0.164864,0.569088
1728,traditional,0.069696,0.366592,0.163840,0.600128
1729,traditional,0.073248,0.316416,0.164864,0.554528
1730,traditional,0.070336,0.312320,0.163840,0.546496
1731,traditional,0.075072,0.324608,0.163840,0.563520
1732,traditional,0.074272,0.356352,0.163840,0.594464
1733,traditional,0.070144,0.315392,0.164864,0.550400
1734,traditional,0.072832,0.324608,0.163840,0.561280
1735,traditional,0.070400,0.317440,0.167936,0.555776
1736,traditional,0.082624,0.335872,0.163840,0.582336
1737,traditional,0.070048,0.316416,0.164864,0.551328
1738,traditional,0.081792,0.313344,0.164864,0.560000
1739,traditional,0.072160,0.317440,0.162816,0.552416
1740,traditional,0.071232,0.319488,0.163840,0.554560
1741,traditional,0.070144,0.312320,0.163840,0.546304
1742,traditional,0.070368,0.314368,0.163840,0.548576
1743,traditional,0.069664,0.313344,0.163840,0.546848
1744,traditional,0.069696,0.313344,0.163840,0.546880
1745,traditional,0.069696,0.327680,0.163840,0.561216
1746,traditional,0.070304,0.312320,0.162816,0.545440
1747,traditional,0.070432,0.320512,0.176128,0.567072
1748,traditional,0.070208,0.328704,0.166912,0.565824
1749,traditional,0.069312,0.328704,0.164864,0.562880
1750,traditional,0.070112,0.321536,0.167936,0.559584
1751,traditional,0.070240,0.325632,0.185344,0.581216
1752,traditional,0.070240,0.315392,0.163840,0.549472
1753,traditional,0.069216,0.316416,0.164864,0.550496
1754,traditional,0.070976,0.326656,0.163840,0.561472
1755,traditional,0.072640,0.312320,0.163840,0.548800
1756,traditional,0.072928,0.312320,0.163840,0.549088
1757,traditional,0.069696,0.313344,0.173056,0.556096
1758,traditional,0.073312,0.320512,0.165888,0.559712
1759,traditional,0.080800,0.321536,0.167936,0.570272
1760,traditional,0.070240,0.315392,0.166912,0.552544
1761,traditional,0.069760,0.314368,0.164864,0.548992
1762,traditional,0.070688,0.316416,0.164864,0.551968
1763,traditional,0.069728,0.319488,0.189440,0.578656
1764,traditional,0.070208,0.340992,0.167936,0.579136
1765,traditional,0.069152,0.330752,0.164864,0.564768
1766,traditional,0.070304,0.327680,0.163840,0.561824
1767,traditional,0.072800,0.322560,0.163840,0.559200
1768,traditional,0.069696,0.334848,0.162816,0.567360
1769,traditional,0.070208,0.320512,0.162816,0.553536
1770,traditional,0.070560,0.314368,0.163840,0.548768
1771,traditional,0.069216,0.315392,0.162816,0.547424
1772,traditional,0.070944,0.316416,0.163840,0.551200
1773,traditional,0.070176,0.316416,0.164864,0.551456
1774,traditional,0.069856,0.327680,0.165888,0.563424
1775,traditional,0.073056,0.317440,0.162816,0.553312
1776,traditional,0.074592,0.326656,0.163840,0.565088
1777,traditional,0.069952,0.326656,0.163840,0.560448
1778,traditional,0.074400,0.314368,0.172032,0.560800
1779,traditional,0.070304,0.313344,0.163840,0.547488
1780,traditional,0.073760,0.321536,0.166912,0.562208
1781,traditional,0.070016,0.314368,0.163840,0.548224
1782,traditional,0.070848,0.315392,0.162816,0.549056
1783,traditional,0.069984,0.326656,0.163840,0.560480
1784,traditional,0.069824,0.311296,0.163840,0.544960
1785,traditional,0.070496,0.318464,0.166912,0.555872
1786,traditional,0.069536,0.314368,0.162816,0.546720
1787,traditional,0.068864,0.312320,0.163840,0.545024
1788,traditional,0.069792,0.310272,0.162816,0.542880
1789,traditional,0.069888,0.310272,0.175104,0.555264
1790,traditional,0.078240,0.332800,0.165888,0.576928
1791,traditional,0.072736,0.310272,0.163840,0.546848
1792,traditional,0.073216,0.309248,0.163840,0.546304
1793,traditional,0.069184,0.311296,0.163840,0.544320
1794,traditional,0.072160,0.312320,0.162816,0.547296
1795,traditional,0.069664,0.310272,0.163840,0.543776
1796,traditional,0.073408,0.311296,0.162816,0.547520
1797,traditional,0.069696,0.321536,0.163840,0.555072
1798,traditional,0.070208,0.309248,0.162816,0.542272
1799,traditional,0.069760,0.330752,0.168960,0.569472
1800,traditional,0.070848,0.332800,0.168960,0.572608
1801,traditional,0.069152,0.310272,0.162816,0.542240
1802,traditional,0.073472,0.320512,0.166912,0.560896
1803,traditional,0.070272,0.308224,0.164864,0.543360
1804,traditional,0.070080,0.310272,0.163840,0.544192
1805,traditional,0.068960,0.311296,0.166912,0.547168
1806,traditional,0.073248,0.313344,0.163840,0.550432
1807,traditional,0.069568,0.323584,0.174080,0.567232
1808,traditional,0.070656,0.315392,0.176128,0.562176
1809,traditional,0.070720,0.307200,0.162816,0.540736
1810,traditional,0.071136,0.307200,0.162816,0.541152
1811,traditional,0.081856,0.313344,0.165888,0.561088
1812,traditional,0.070208,0.314368,0.162816,0.547392
1813,traditional,0.069024,0.317440,0.162816,0.549280
1814,traditional,0.069152,0.308224,0.162816,0.540192
1815,traditional,0.068896,0.315392,0.169984,0.554272
1816,traditional,0.070176,0.319488,0.162816,0.552480
1817,traditional,0.070368,0.312320,0.175104,0.557792
1818,traditional,0.071936,0.303104,0.163840,0.538880
1819,traditional,0.073088,0.310272,0.175104,0.558464
1820,traditional,0.070400,0.303104,0.171008,0.544512
1821,traditional,0.080000,0.340992,0.163840,0.584832
1822,traditional,0.081248,0.306176,0.163840,0.551264
1823,traditional,0.068704,0.340992,0.162816,0.572512
1824,traditional,0.069632,0.317440,0.175104,0.562176
1825,traditional,0.070304,0.302080,0.162816,0.535200
1826,traditional,0.072928,0.317440,0.163840,0.554208
1827,traditional,0.069152,0.307200,0.175104,0.551456
1828,traditional,0.069728,0.311296,0.163840,0.544864
1829,traditional,0.075776,0.325632,0.162816,0.564224
1830,traditional,0.070592,0.371712,0.176128,0.618432
1831,traditional,0.069504,0.325632,0.163840,0.558976
1832,traditional,0.069984,0.323584,0.162816,0.556384
1833,traditional,0.073088,0.309248,0.163840,0.546176
1834,traditional,0.070240,0.326656,0.162816,0.559712
1835,traditional,0.070912,0.317440,0.163840,0.552192
1836,traditional,0.069984,0.318464,0.162816,0.551264
1837,traditional,0.069024,0.319488,0.162816,0.551328
1838,traditional,0.071200,0.330752,0.162816,0.564768
1839,traditional,0.069600,0.324608,0.165888,0.560096
1840,traditional,0.073120,0.309248,0.162816,0.545184
1841,traditional,0.071040,0.311296,0.172032,0.554368
1842,traditional,0.070368,0.310272,0.166912,0.547552
1843,traditional,0.069984,0.312320,0.163840,0.546144
1844,traditional,0.075232,0.313344,0.162816,0.551392
1845,traditional,0.069088,0.327680,0.166912,0.563680
1846,traditional,0.070240,0.309248,0.166912,0.546400
1847,traditional,0.068288,0.312320,0.175104,0.555712
1848,traditional,0.069920,0.305152,0.165888,0.540960
1849,traditional,0.068672,0.306176,0.163840,0.538688
1850,traditional,0.070016,0.306176,0.175104,0.551296
1851,traditional,0.069472,0.309248,0.162816,0.541536
1852,traditional,0.073120,0.311296,0.161792,0.546208
1853,traditional,0.072384,0.307200,0.161792,0.541376
1854,traditional,0.070688,0.318464,0.165888,0.555040
1855,traditional,0.069472,0.319488,0.162816,0.551776
1856,traditional,0.072608,0.326656,0.165888,0.565152
1857,traditional,0.072096,0.315392,0.162816,0.550304
1858,traditional,0.074016,0.322560,0.162816,0.559392
1859,traditional,0.073824,0.310272,0.162816,0.546912
1860,traditional,0.070336,0.340992,0.162816,0.574144
1861,traditional,0.078720,0.315392,0.162816,0.556928
1862,traditional,0.069792,0.313344,0.161792,0.544928
1863,traditional,0.071680,0.307200,0.165888,0.544768
1864,traditional,0.070688,0.319488,0.165888,0.556064
1865,traditional,0.075808,0.339968,0.172032,0.587808
1866,traditional,0.071296,0.309248,0.162816,0.543360
1867,traditional,0.069120,0.310272,0.162816,0.542208
1868,traditional,0.074240,0.313344,0.161792,0.549376
1869,traditional,0.074592,0.312320,0.162816,0.549728
1870,traditional,0.073376,0.310272,0.165888,0.549536
1871,traditional,0.080448,0.311296,0.162816,0.554560
1872,traditional,0.070592,0.311296,0.162816,0.544704
1873,traditional,0.072064,0.317440,0.161792,0.551296
1874,traditional,0.070656,0.313344,0.163840,0.547840
1875,traditional,0.069664,0.317440,0.169984,0.557088
1876,traditional,0.072352,0.316416,0.162816,0.551584
1877,traditional,0.069216,0.312320,0.162816,0.544352
1878,traditional,0.069472,0.313344,0.162816,0.545632
1879,traditional,0.073216,0.312320,0.161792,0.547328
1880,traditional,0.071584,0.313344,0.162816,0.547744
1881,traditional,0.070048,0.310272,0.162816,0.543136
1882,traditional,0.074176,0.313344,0.161792,0.549312
1883,traditional,0.069280,0.334848,0.161792,0.565920
1884,traditional,0.070112,0.313344,0.161792,0.545248
1885,traditional,0.081376,0.339968,0.162816,0.584160
1886,traditional,0.070080,0.312320,0.162816,0.545216
1887,traditional,0.073472,0.324608,0.162816,0.560896
1888,traditional,0.070080,0.340992,0.165888,0.576960
1889,traditional,0.068960,0.312320,0.162816,0.544096
1890,traditional,0.069856,0.314368,0.162816,0.547040
1891,traditional,0.069184,0.333824,0.162816,0.565824
1892,traditional,0.071200,0.316416,0.162816,0.550432
1893,traditional,0.069664,0.337920,0.162816,0.570400
1894,traditional,0.070624,0.314368,0.162816,0.547808
1895,traditional,0.068800,0.314368,0.187392,0.570560
1896,traditional,0.070592,0.322560,0.162816,0.555968
1897,traditional,0.070016,0.313344,0.163840,0.547200
1898,traditional,0.069536,0.332800,0.162816,0.565152
1899,traditional,0.072992,0.313344,0.162816,0.549152
1900,traditional,0.082720,0.328704,0.162816,0.574240
1901,traditional,0.070048,0.310272,0.162816,0.543136
1902,traditional,0.072640,0.310272,0.162816,0.545728
1903,traditional,0.068960,0.336896,0.162816,0.568672
1904,traditional,0.072832,0.318464,0.162816,0.554112
1905,traditional,0.070272,0.313344,0.162816,0.546432
1906,traditional,0.072192,0.310272,0.162816,0.545280
1907,traditional,0.070336,0.315392,0.165888,0.551616
1908,traditional,0.070176,0.315392,0.161792,0.547360
1909,traditional,0.069312,0.347136,0.165888,0.582336
1910,traditional,0.070080,0.330752,0.162816,0.563648
1911,traditional,0.093088,0.316416,0.162816,0.572320
1912,traditional,0.076960,0.332800,0.162816,0.572576
1913,traditional,0.086720,0.325632,0.175104,0.587456
1914,traditional,0.070304,0.324608,0.162816,0.557728
1915,traditional,0.069184,0.320512,0.175104,0.564800
1916,traditional,0.078176,0.338944,0.161792,0.578912
1917,traditional,0.069344,0.335872,0.162816,0.568032
1918,traditional,0.081600,0.317440,0.167936,0.566976
1919,traditional,0.068736,0.311296,0.175104,0.555136
1920,traditional,0.077472,0.326656,0.162816,0.566944
1921,traditional,0.070368,0.340992,0.162816,0.574176
1922,traditional,0.069920,0.342016,0.166912,0.578848
1923,traditional,0.068928,0.328704,0.162816,0.560448
1924,traditional,0.069792,0.324608,0.163840,0.558240
1925,traditional,0.075520,0.320512,0.175104,0.571136
1926,traditional,0.070592,0.339968,0.162816,0.573376
1927,traditional,0.069216,0.349184,0.162816,0.581216
1928,traditional,0.070208,0.324608,0.165888,0.560704
1929,traditional,0.069408,0.317440,0.165888,0.552736
1930,traditional,0.069792,0.319488,0.166912,0.556192
1931,traditional,0.069152,0.314368,0.161792,0.545312
1932,traditional,0.081024,0.311296,0.162816,0.555136
1933,traditional,0.069248,0.314368,0.162816,0.546432
1934,traditional,0.073344,0.311296,0.161792,0.546432
1935,traditional,0.069888,0.310272,0.162816,0.542976
1936,traditional,0.070048,0.348160,0.163840,0.582048
1937,traditional,0.069056,0.321536,0.165888,0.556480
1938,traditional,0.071680,0.319488,0.163840,0.555008
1939,traditional,0.069344,0.317440,0.162816,0.549600
1940,traditional,0.074272,0.311296,0.166912,0.552480
1941,traditional,0.069536,0.342016,0.163840,0.575392
1942,traditional,0.069376,0.311296,0.162816,0.543488
1943,traditional,0.069440,0.312320,0.162816,0.544576
1944,traditional,0.069984,0.312320,0.162816,0.545120
1945,traditional,0.068832,0.316416,0.162816,0.548064
1946,traditional,0.070112,0.314368,0.162816,0.547296
1947,traditional,0.068800,0.312320,0.162816,0.543936
1948,traditional,0.069856,0.317440,0.162816,0.550112
1949,traditional,0.072800,0.325632,0.163840,0.562272
1950,traditional,0.069184,0.311296,0.162816,0.543296
1951,traditional,0.073152,0.316416,0.161792,0.551360
1952,traditional,0.070176,0.312320,0.163840,0.546336
1953,traditional,0.069472,0.334848,0.166912,0.571232
1954,traditional,0.073888,0.313344,0.165888,0.553120
1955,traditional,0.069696,0.310272,0.162816,0.542784
1956,traditional,0.072768,0.330752,0.162816,0.566336
1957,traditional,0.070912,0.323584,0.162816,0.557312
1958,traditional,0.072800,0.315392,0.174080,0.562272
1959,traditional,0.069024,0.313344,0.162816,0.545184
1960,traditional,0.069472,0.312320,0.162816,0.544608
1961,traditional,0.068960,0.323584,0.172032,0.564576
1962,traditional,0.070368,0.310272,0.163840,0.544480
1963,traditional,0.071680,0.327680,0.162816,0.562176
1964,traditional,0.070816,0.311296,0.161792,0.543904
1965,traditional,0.069728,0.339968,0.185344,0.595040
1966,traditional,0.071040,0.327680,0.165888,0.564608
1967,traditional,0.069984,0.320512,0.166912,0.557408
1968,traditional,0.095296,0.312320,0.162816,0.570432
1969,traditional,0.069952,0.326656,0.162816,0.559424
1970,traditional,0.080864,0.313344,0.162816,0.557024
1971,traditional,0.068704,0.321536,0.166912,0.557152
1972,traditional,0.073568,0.313344,0.162816,0.549728
1973,traditional,0.068992,0.328704,0.162816,0.560512
1974,traditional,0.072800,0.312320,0.162816,0.547936
1975,traditional,0.069536,0.311296,0.162816,0.543648
1976,traditional,0.069952,0.313344,0.164864,0.548160
1977,traditional,0.068928,0.315392,0.162816,0.547136
1978,traditional,0.070752,0.313344,0.162816,0.546912
1979,traditional,0.068128,0.322560,0.162816,0.553504
1980,traditional,0.070592,0.313344,0.162816,0.546752
1981,traditional,0.076384,0.311296,0.166912,0.554592
1982,traditional,0.069952,0.316416,0.162816,0.549184
1983,traditional,0.069216,0.315392,0.166912,0.551520
1984,traditional,0.072512,0.320512,0.162816,0.555840
1985,traditional,0.069824,0.313344,0.162816,0.545984
1986,traditional,0.069792,0.323584,0.162816,0.556192
1987,traditional,0.079936,0.326656,0.174080,0.580672
1988,traditional,0.072800,0.338944,0.161792,0.573536
1989,traditional,0.080448,0.338944,0.161792,0.581184
1990,traditional,0.072480,0.311296,0.162816,0.546592
1991,traditional,0.070144,0.316416,0.161792,0.548352
1992,traditional,0.070560,0.311296,0.162816,0.544672
1993,traditional,0.069664,0.310272,0.165888,0.545824
1994,traditional,0.071904,0.319488,0.161792,0.553184
1995,traditional,0.069920,0.320512,0.162816,0.553248
1996,traditional,0.070112,0.313344,0.162816,0.546272
1997,traditional,0.070720,0.312320,0.162816,0.545856
1998,traditional,0.070112,0.311296,0.162816,0.544224
1999,traditional,0.074304,0.319488,0.168960,0.562752
2000,traditional,0.069696,0.315392,0.162816,0.547904
2001,traditional,0.070336,0.312320,0.162816,0.545472
2002,traditional,0.070176,0.312320,0.162816,0.545312
2003,traditional,0.069280,0.334848,0.162816,0.566944
2004,traditional,0.069440,0.325632,0.168960,0.564032
2005,traditional,0.070208,0.314368,0.162816,0.547392
2006,traditional,0.069568,0.312320,0.167936,0.549824
2007,traditional,0.069216,0.319488,0.163840,0.552544
2008,traditional,0.070272,0.320512,0.162816,0.553600
2009,traditional,0.077120,0.315392,0.164864,0.557376
2010,traditional,0.069920,0.318464,0.166912,0.555296
2011,traditional,0.068768,0.338944,0.175104,0.582816
2012,traditional,0.069504,0.323584,0.162816,0.555904
2013,traditional,0.069184,0.326656,0.162816,0.558656
2014,traditional,0.069568,0.329728,0.162816,0.562112
2015,traditional,0.072608,0.329728,0.162816,0.565152
2016,traditional,0.070240,0.319488,0.187392,0.577120
2017,traditional,0.071776,0.326656,0.167936,0.566368
2018,traditional,0.069568,0.313344,0.161792,0.544704
2019,traditional,0.069248,0.311296,0.162816,0.543360
2020,traditional,0.069664,0.321536,0.161792,0.552992
2021,traditional,0.069216,0.315392,0.165888,0.550496
2022,traditional,0.070336,0.331776,0.162816,0.564928
2023,traditional,0.073824,0.312320,0.167936,0.554080
2024,traditional,0.070112,0.315392,0.162816,0.548320
2025,traditional,0.069344,0.315392,0.166912,0.551648
2026,traditional,0.072512,0.325632,0.161792,0.559936
2027,traditional,0.068960,0.335872,0.162816,0.567648
2028,traditional,0.070560,0.314368,0.162816,0.547744
2029,traditional,0.068640,0.311296,0.165888,0.545824
2030,traditional,0.070944,0.323584,0.162816,0.557344
2031,traditional,0.068896,0.314368,0.161792,0.545056
2032,traditional,0.070688,0.324608,0.165888,0.561184
2033,traditional,0.072000,0.323584,0.166912,0.562496
2034,traditional,0.076384,0.324608,0.165888,0.566880
2035,traditional,0.078944,0.311296,0.166912,0.557152
2036,traditional,0.069888,0.324608,0.165888,0.560384
2037,traditional,0.069952,0.321536,0.162816,0.554304
2038,traditional,0.093504,0.336896,0.161792,0.592192
2039,traditional,0.079264,0.325632,0.165888,0.570784
2040,traditional,0.070112,0.311296,0.165888,0.547296
2041,traditional,0.069344,0.314368,0.162816,0.546528
2042,traditional,0.071040,0.319488,0.161792,0.552320
2043,traditional,0.069792,0.327680,0.162816,0.560288
2044,traditional,0.069760,0.326656,0.165888,0.562304
2045,traditional,0.069120,0.310272,0.164864,0.544256
2046,traditional,0.070048,0.313344,0.162816,0.546208
2047,traditional,0.069056,0.343040,0.161792,0.573888
2048,traditional,0.078912,0.334848,0.162816,0.576576
2049,traditional,0.070336,0.325632,0.165888,0.561856
2050,traditional,0.074848,0.313344,0.162816,0.551008
2051,traditional,0.068608,0.311296,0.161792,0.541696
2052,traditional,0.069952,0.311296,0.165888,0.547136
2053,traditional,0.069024,0.311296,0.161792,0.542112
2054,traditional,0.070112,0.314368,0.162816,0.547296
2055,traditional,0.092512,0.326656,0.166912,0.586080
2056,traditional,0.074144,0.319488,0.166912,0.560544
2057,traditional,0.070688,0.310272,0.163840,0.544800
2058,traditional,0.069376,0.313344,0.162816,0.545536
2059,traditional,0.073504,0.310272,0.162816,0.546592
2060,traditional,0.070304,0.326656,0.162816,0.559776
2061,traditional,0.070528,0.311296,0.166912,0.548736
2062,traditional,0.070912,0.313344,0.165888,0.550144
2063,traditional,0.068768,0.314368,0.162816,0.545952
2064,traditional,0.078048,0.321536,0.162816,0.562400
2065,traditional,0.069632,0.311296,0.161792,0.542720
2066,traditional,0.073312,0.310272,0.162816,0.546400
2067,traditional,0.069632,0.313344,0.166912,0.549888
2068,traditional,0.070912,0.314368,0.167936,0.553216
2069,traditional,0.069216,0.318464,0.162816,0.550496
2070,traditional,0.070752,0.333824,0.162816,0.567392
2071,traditional,0.069248,0.321536,0.166912,0.557696
2072,traditional,0.072800,0.310272,0.162816,0.545888
2073,traditional,0.069280,0.319488,0.166912,0.555680
2074,traditional,0.070304,0.314368,0.162816,0.547488
2075,traditional,0.069376,0.315392,0.165888,0.550656
2076,traditional,0.071072,0.329728,0.166912,0.567712
2077,traditional,0.068672,0.311296,0.166912,0.546880
2078,traditional,0.070016,0.324608,0.162816,0.557440
2079,traditional,0.068640,0.326656,0.162816,0.558112
2080,traditional,0.069920,0.320512,0.175104,0.565536
2081,traditional,0.070048,0.315392,0.175104,0.560544
2082,traditional,0.070496,0.311296,0.164864,0.546656
2083,traditional,0.069024,0.311296,0.162816,0.543136
2084,traditional,0.069856,0.330752,0.165888,0.566496
2085,traditional,0.068512,0.320512,0.162816,0.551840
2086,traditional,0.069696,0.322560,0.162816,0.555072
2087,traditional,0.068800,0.360448,0.163840,0.593088
2088,traditional,0.073280,0.331776,0.166912,0.571968
2089,traditional,0.069440,0.312320,0.161792,0.543552
2090,traditional,0.073472,0.311296,0.162816,0.547584
2091,traditional,0.069088,0.311296,0.163840,0.544224
2092,traditional,0.070016,0.317440,0.165888,0.553344
2093,traditional,0.068736,0.314368,0.162816,0.545920
2094,traditional,0.070304,0.314368,0.161792,0.546464
2095,traditional,0.071328,0.325632,0.165888,0.562848
2096,traditional,0.069952,0.320512,0.162816,0.553280
2097,traditional,0.068832,0.312320,0.165888,0.547040
2098,traditional,0.083232,0.316416,0.162816,0.562464
2099,traditional,0.067968,0.332800,0.165888,0.566656
2100,traditional,0.069696,0.343040,0.162816,0.575552
