frame,renderPath,shadowMs,sceneMs,postProcessMs,frameMs
1,traditional,0.078112,1.154048,0.220160,1.452320
2,traditional,0.079936,1.136640,0.222208,1.438784
3,traditional,0.077568,1.809408,0.225280,2.112256
4,traditional,0.081152,1.128448,0.223232,1.432832
5,traditional,0.086112,1.396736,0.226304,1.709152
6,traditional,0.081600,1.143808,0.221184,1.446592
7,traditional,0.076768,1.148928,0.224256,1.449952
8,traditional,0.082496,1.149952,0.221184,1.453632
9,traditional,0.078176,1.166336,0.222208,1.466720
10,traditional,0.081280,1.172480,0.221184,1.474944
11,traditional,0.079680,1.135616,0.222208,1.437504
12,traditional,0.077024,1.152000,0.222208,1.451232
13,traditional,0.077536,1.139712,0.221184,1.438432
14,traditional,0.080736,1.362944,0.227328,1.671008
15,traditional,0.081664,1.136640,0.221184,1.439488
16,traditional,0.086176,1.138688,0.221184,1.446048
17,traditional,0.098624,1.143808,0.221184,1.463616
18,traditional,0.077632,1.150976,0.227328,1.455936
19,traditional,0.080384,1.175552,0.225280,1.481216
20,traditional,0.094112,1.342464,0.222208,1.658784
21,traditional,0.076352,1.406976,0.224256,1.707584
22,traditional,0.084320,1.477632,0.229376,1.791328
23,traditional,0.083776,1.362944,0.225280,1.672000
24,traditional,0.080960,1.434624,0.224256,1.739840
25,traditional,0.106880,1.342464,0.221184,1.670528
26,traditional,0.084576,1.366016,0.221184,1.671776
27,traditional,0.082400,1.344512,0.222208,1.649120
28,traditional,0.079904,1.398784,0.225280,1.703968
29,traditional,0.077184,1.499136,0.230400,1.806720
30,traditional,0.081952,1.491968,0.238592,1.812512
31,traditional,0.083008,1.509376,0.228352,1.820736
32,traditional,0.086464,1.394688,0.221184,1.702336
33,traditional,0.080992,1.370112,0.221184,1.672288
34,traditional,0.098080,1.129472,0.226304,1.453856
35,traditional,0.083872,1.370112,0.222208,1.676192
36,traditional,0.076416,1.129472,0.221184,1.427072
37,traditional,0.079520,1.454080,0.225280,1.758880
38,traditional,0.083040,1.355776,0.221184,1.660000
39,traditional,0.097824,1.504256,0.229376,1.831456
40,traditional,0.077280,1.393664,0.224256,1.695200
41,traditional,0.080768,1.315840,0.221184,1.617792
42,traditional,0.076544,1.425408,0.224256,1.726208
43,traditional,0.077408,1.470464,0.229376,1.777248
44,traditional,0.086976,1.378304,0.221184,1.686464
45,traditional,0.081888,1.389568,0.225280,1.696736
46,traditional,0.077824,1.370112,0.225280,1.673216
47,traditional,0.077312,1.392640,0.245760,1.715712
48,traditional,0.085344,1.385472,0.224256,1.695072
49,traditional,0.094272,1.355776,0.222208,1.672256
50,traditional,0.076288,1.439744,0.224256,1.740288
51,traditional,0.082656,1.341440,0.222208,1.646304
52,traditional,0.076096,1.136640,0.224256,1.436992
53,traditional,0.084416,1.382400,0.221184,1.688000
54,traditional,0.076800,1.128448,0.225280,1.430528
55,traditional,0.086048,1.481728,0.229376,1.797152
56,traditional,0.079872,1.352704,0.222208,1.654784
57,traditional,0.081696,1.485824,0.235520,1.803040
58,traditional,0.076512,1.379328,0.224256,1.680096
59,traditional,0.083776,1.338368,0.222208,1.644352
60,traditional,0.087584,1.425408,0.224256,1.737248
61,traditional,0.084640,1.346560,0.221184,1.652384
62,traditional,0.077568,1.347584,0.225280,1.650432
63,traditional,0.080672,1.393664,0.223232,1.697568
64,traditional,0.079232,1.492992,0.229376,1.801600
65,traditional,0.076640,1.434624,0.226304,1.737568
66,traditional,0.080640,1.497088,0.229376,1.807104
67,traditional,0.078848,1.340416,0.221184,1.640448
68,traditional,0.078976,1.585152,0.237568,1.901696
69,traditional,0.076512,1.125376,0.221184,1.423072
70,traditional,0.081984,1.580032,0.237568,1.899584
71,traditional,0.077408,1.128448,0.235520,1.441376
72,traditional,0.077088,1.423360,0.226304,1.726752
73,traditional,0.076288,1.150976,0.225280,1.452544
74,traditional,0.082816,1.384448,0.221184,1.688448
75,traditional,0.076288,1.445888,0.224256,1.746432
76,traditional,0.081376,1.353728,0.221184,1.656288
77,traditional,0.081408,1.406976,0.224256,1.712640
78,traditional,0.086688,1.359872,0.221184,1.667744
79,traditional,0.085120,1.328128,0.221184,1.634432
80,traditional,0.090432,1.334272,0.222208,1.646912
81,traditional,0.081024,1.152000,0.220160,1.453184
82,traditional,0.078208,1.164288,0.221184,1.463680
83,traditional,0.083456,1.144832,0.221184,1.449472
84,traditional,0.076768,1.340416,0.221184,1.638368
85,traditional,0.091904,1.330176,0.221184,1.643264
86,traditional,0.081632,1.335296,0.221184,1.638112
87,traditional,0.092800,1.415168,0.235520,1.743488
88,traditional,0.080992,1.366016,0.220160,1.667168
89,traditional,0.083808,1.152000,0.220160,1.455968
90,traditional,0.080320,1.145856,0.221184,1.447360
91,traditional,0.082080,1.137664,0.221184,1.440928
92,traditional,0.079104,1.317888,0.221184,1.618176
93,traditional,0.080768,1.414144,0.223232,1.718144
94,traditional,0.077344,1.489920,0.226304,1.793568
95,traditional,0.081248,1.367040,0.221184,1.669472
96,traditional,0.076096,1.166336,0.225280,1.467712
97,traditional,0.092064,1.414144,0.224256,1.730464
98,traditional,0.089248,1.386496,0.227328,1.703072
99,traditional,0.076960,1.415168,0.225280,1.717408
100,traditional,0.080320,1.351680,0.221184,1.653184
101,traditional,0.081408,1.387520,0.224256,1.693184
102,traditional,0.080800,1.437696,0.224256,1.742752
103,traditional,0.103808,1.371136,0.220160,1.695104
104,traditional,0.076224,1.188864,0.225280,1.490368
105,traditional,0.080544,1.344512,0.221184,1.646240
106,traditional,0.075552,1.124352,0.221184,1.421088
107,traditional,0.082240,1.516544,0.229376,1.828160
108,traditional,0.076960,1.321984,0.221184,1.620128
109,traditional,0.081600,1.561600,0.234496,1.877696
110,traditional,0.078592,1.129472,0.221184,1.429248
111,traditional,0.077184,1.494016,0.229376,1.800576
112,traditional,0.076800,1.347584,0.225280,1.649664
113,traditional,0.091840,1.575936,0.236544,1.904320
114,traditional,0.076704,1.173504,0.227328,1.477536
115,traditional,0.081376,1.354752,0.222208,1.658336
116,traditional,0.076192,1.368064,0.221184,1.665440
117,traditional,0.080704,1.596416,0.235520,1.912640
118,traditional,0.079264,1.211392,0.225280,1.515936
119,traditional,0.082560,1.330176,0.221184,1.633920
120,traditional,0.076064,1.122304,0.221184,1.419552
121,traditional,0.081280,1.400832,0.223232,1.705344
122,traditional,0.076704,1.395712,0.223232,1.695648
123,traditional,0.076512,1.485824,0.229376,1.791712
124,traditional,0.077184,1.524736,0.229376,1.831296
125,traditional,0.076160,1.504256,0.232448,1.812864
126,traditional,0.081344,1.330176,0.226304,1.637824
127,traditional,0.088928,1.408000,0.225280,1.722208
128,traditional,0.086080,1.339392,0.221184,1.646656
129,traditional,0.082208,1.396736,0.224256,1.703200
130,traditional,0.077632,1.356800,0.225280,1.659712
131,traditional,0.076512,1.406976,0.225280,1.708768
132,traditional,0.081248,1.341440,0.221184,1.643872
133,traditional,0.092992,1.512448,0.245760,1.851200
134,traditional,0.076832,1.408000,0.223232,1.708064
135,traditional,0.085600,1.345536,0.221184,1.652320
136,traditional,0.079264,1.176576,0.224256,1.480096
137,traditional,0.082304,1.375232,0.221184,1.678720
138,traditional,0.075840,1.123328,0.225280,1.424448
139,traditional,0.077792,1.500160,0.230400,1.808352
140,traditional,0.077184,1.147904,0.224256,1.449344
141,traditional,0.076832,1.250304,0.203776,1.530912
142,traditional,0.071904,1.315840,0.206848,1.594592
143,traditional,0.076160,1.233920,0.202752,1.512832
144,traditional,0.074240,1.043456,0.206848,1.324544
145,traditional,0.071936,1.232896,0.210944,1.515776
146,traditional,0.075680,1.213440,0.203776,1.492896
147,traditional,0.070880,1.456128,0.222208,1.749216
148,traditional,0.071040,1.077248,0.205824,1.354112
149,traditional,0.076128,1.218560,0.202752,1.497440
150,traditional,0.071424,1.031168,0.219136,1.321728
151,traditional,0.076288,1.229824,0.202752,1.508864
152,traditional,0.069728,1.033216,0.202752,1.305696
153,traditional,0.074816,1.307648,0.206848,1.589312
154,traditional,0.069856,1.027072,0.201728,1.298656
155,traditional,0.078816,1.366016,0.211968,1.656800
156,traditional,0.075104,1.235968,0.201728,1.512800
157,traditional,0.094912,1.389568,0.210944,1.695424
158,traditional,0.071424,1.233920,0.202752,1.508096
159,traditional,0.075328,1.428480,0.220160,1.723968
160,traditional,0.074752,1.041408,0.205824,1.321984
161,traditional,0.075424,1.226752,0.202752,1.504928
162,traditional,0.070016,1.027072,0.201728,1.298816
163,traditional,0.077632,1.292288,0.204800,1.574720
164,traditional,0.072512,1.283072,0.204800,1.560384
165,traditional,0.075360,1.217536,0.202752,1.495648
166,traditional,0.072832,1.061888,0.205824,1.340544
167,traditional,0.082272,1.247232,0.202752,1.532256
168,traditional,0.069696,1.032192,0.201728,1.303616
169,traditional,0.093888,1.449984,0.220160,1.764032
170,traditional,0.070464,1.030144,0.208896,1.309504
171,traditional,0.069536,1.491968,0.219136,1.780640
172,traditional,0.071264,1.019904,0.200704,1.291872
173,traditional,0.087296,1.312768,0.202752,1.602816
174,traditional,0.070752,1.273856,0.203776,1.548384
175,traditional,0.078080,1.231872,0.201728,1.511680
176,traditional,0.070272,1.036288,0.200704,1.307264
177,traditional,0.071232,1.384448,0.209920,1.665600
178,traditional,0.074400,1.224704,0.200704,1.499808
179,traditional,0.074784,1.473536,0.218112,1.766432
180,traditional,0.071936,1.059840,0.203776,1.335552
181,traditional,0.082016,1.230848,0.200704,1.513568
182,traditional,0.078624,1.042432,0.202752,1.323808
183,traditional,0.074624,1.300480,0.203776,1.578880
184,traditional,0.070592,1.031168,0.203776,1.305536
185,traditional,0.070144,1.384448,0.208896,1.663488
186,traditional,0.072704,1.270784,0.203776,1.547264
187,traditional,0.075200,1.202176,0.200704,1.478080
188,traditional,0.070400,1.034240,0.204800,1.309440
189,traditional,0.076256,1.243136,0.204800,1.524192
190,traditional,0.069760,1.030144,0.199680,1.299584
191,traditional,0.073536,1.343488,0.216064,1.633088
192,traditional,0.070720,1.045504,0.203776,1.320000
193,traditional,0.074880,1.353728,0.208896,1.637504
194,traditional,0.075008,1.272832,0.200704,1.548544
195,traditional,0.083648,1.518592,0.219136,1.821376
196,traditional,0.071200,1.041408,0.205824,1.318432
197,traditional,0.076800,1.249280,0.201728,1.527808
198,traditional,0.070368,1.021952,0.199680,1.292000
199,traditional,0.076256,1.387520,0.208896,1.672672
200,traditional,0.070528,1.310720,0.203776,1.585024
201,traditional,0.074624,1.262592,0.200704,1.537920
202,traditional,0.069600,1.317888,0.203776,1.591264
203,traditional,0.071136,1.206272,0.200704,1.478112
204,traditional,0.071104,1.318912,0.204800,1.594816
205,traditional,0.081408,1.228800,0.200704,1.510912
206,traditional,0.069312,1.300480,0.203776,1.573568
207,traditional,0.074624,1.192960,0.200704,1.468288
208,traditional,0.071584,1.034240,0.200704,1.306528
209,traditional,0.076160,1.290240,0.204800,1.571200
210,traditional,0.074656,1.040384,0.205824,1.320864
211,traditional,0.076288,1.255424,0.201728,1.533440
212,traditional,0.070176,1.038336,0.200704,1.309216
213,traditional,0.078176,1.462272,0.223232,1.763680
214,traditional,0.073088,1.034240,0.199680,1.307008
215,traditional,0.081856,1.409024,0.229376,1.720256
216,traditional,0.082400,1.316864,0.203776,1.603040
217,traditional,0.079616,1.219584,0.202752,1.501952
218,traditional,0.069184,1.348608,0.203776,1.621568
219,traditional,0.075392,1.232896,0.200704,1.508992
220,traditional,0.069504,1.304576,0.206848,1.580928
221,traditional,0.081312,1.019904,0.200704,1.301920
222,traditional,0.069376,1.286144,0.202752,1.558272
223,traditional,0.075072,1.247232,0.202752,1.525056
224,traditional,0.080864,1.319936,0.205824,1.606624
225,traditional,0.076512,1.213440,0.202752,1.492704
226,traditional,0.069440,1.298432,0.205824,1.573696
227,traditional,0.074464,1.227776,0.202752,1.504992
228,traditional,0.069600,1.303552,0.205824,1.578976
229,traditional,0.078848,1.037312,0.202752,1.318912
230,traditional,0.076256,1.245184,0.219136,1.540576
231,traditional,0.082432,1.045504,0.221184,1.349120
232,traditional,0.079200,1.041408,0.203776,1.324384
233,traditional,0.073952,1.046528,0.200704,1.321184
234,traditional,0.099008,1.046528,0.201728,1.347264
235,traditional,0.070304,1.081344,0.203776,1.355424
236,traditional,0.074464,1.042432,0.201728,1.318624
237,traditional,0.083744,1.021952,0.200704,1.306400
238,traditional,0.073888,1.233920,0.208896,1.516704
239,traditional,0.082368,1.049600,0.200704,1.332672
240,traditional,0.074784,1.035264,0.200704,1.310752
241,traditional,0.069952,1.060864,0.204800,1.335616
242,traditional,0.074560,1.035264,0.201728,1.311552
243,traditional,0.070592,1.025024,0.201728,1.297344
244,traditional,0.077920,1.275904,0.204800,1.558624
245,traditional,0.074560,1.227776,0.202752,1.505088
246,traditional,0.070496,1.281024,0.206848,1.558368
247,traditional,0.075200,1.249280,0.203776,1.528256
248,traditional,0.070304,1.031168,0.205824,1.307296
249,traditional,0.070912,1.367040,0.211968,1.649920
250,traditional,0.075520,1.225728,0.203776,1.505024
251,traditional,0.075936,1.284096,0.205824,1.565856
252,traditional,0.074720,1.241088,0.202752,1.518560
253,traditional,0.070432,1.215488,0.202752,1.488672
254,traditional,0.075776,1.051648,0.201728,1.329152
255,traditional,0.071840,1.030144,0.204800,1.306784
256,traditional,0.075072,1.212416,0.206848,1.494336
257,traditional,0.075584,1.215488,0.203776,1.494848
258,traditional,0.069440,1.281024,0.204800,1.555264
259,traditional,0.075168,1.207296,0.203776,1.486240
260,traditional,0.074304,1.047552,0.206848,1.328704
261,traditional,0.079424,1.303552,0.205824,1.588800
262,traditional,0.070912,1.301504,0.205824,1.578240
263,traditional,0.077344,1.233920,0.203776,1.515040
264,traditional,0.079328,1.041408,0.206848,1.327584
265,traditional,0.075680,1.249280,0.207872,1.532832
266,traditional,0.070304,1.297408,0.206848,1.574560
267,traditional,0.089120,1.220608,0.202752,1.512480
268,traditional,0.070688,1.041408,0.205824,1.317920
269,traditional,0.078752,1.225728,0.203776,1.508256
270,traditional,0.070944,1.029120,0.202752,1.302816
271,traditional,0.076416,1.239040,0.203776,1.519232
272,traditional,0.070400,1.030144,0.201728,1.302272
273,traditional,0.075424,1.368064,0.211968,1.655456
274,traditional,0.080128,1.215488,0.202752,1.498368
275,traditional,0.070688,1.457152,0.221184,1.749024
276,traditional,0.074368,1.041408,0.201728,1.317504
277,traditional,0.084544,1.382400,0.214016,1.680960
278,traditional,0.071744,1.028096,0.204800,1.304640
279,traditional,0.072352,1.355776,0.214016,1.642144
280,traditional,0.075872,1.211392,0.202752,1.490016
281,traditional,0.069696,1.457152,0.218112,1.744960
282,traditional,0.073600,1.026048,0.200704,1.300352
283,traditional,0.078880,1.248256,0.203776,1.530912
284,traditional,0.070432,1.030144,0.202752,1.303328
285,traditional,0.075520,1.366016,0.212992,1.654528
286,traditional,0.076352,1.222656,0.203776,1.502784
287,traditional,0.085120,1.443840,0.221184,1.750144
288,traditional,0.071360,1.029120,0.203776,1.304256
289,traditional,0.074144,1.228800,0.209920,1.512864
290,traditional,0.075552,1.215488,0.203776,1.494816
291,traditional,0.077248,1.377280,0.218112,1.672640
292,traditional,0.071328,1.034240,0.202752,1.308320
293,traditional,0.076000,1.295360,0.205824,1.577184
294,traditional,0.074336,1.321984,0.211968,1.608288
295,traditional,0.077632,1.234944,0.203776,1.516352
296,traditional,0.069952,1.034240,0.207872,1.312064
297,traditional,0.075072,1.230848,0.203776,1.509696
298,traditional,0.075616,1.051648,0.202752,1.330016
299,traditional,0.081120,1.281024,0.203776,1.565920
300,traditional,0.079456,1.088512,0.206848,1.374816
301,traditional,0.071072,1.224704,0.204800,1.500576
302,traditional,0.071072,1.050624,0.206848,1.328544
303,traditional,0.074816,1.281024,0.206848,1.562688
304,traditional,0.071200,1.261568,0.203776,1.536544
305,traditional,0.076512,1.364992,0.217088,1.658592
306,traditional,0.071072,1.046528,0.202752,1.320352
307,traditional,0.088928,1.231872,0.202752,1.523552
308,traditional,0.070976,1.047552,0.206848,1.325376
309,traditional,0.071488,1.395712,0.211968,1.679168
310,traditional,0.078976,1.246208,0.203776,1.528960
311,traditional,0.075520,1.500160,0.221184,1.796864
312,traditional,0.071392,1.045504,0.207872,1.324768
313,traditional,0.096640,1.396736,0.211968,1.705344
314,traditional,0.077152,1.243136,0.202752,1.523040
315,traditional,0.079616,1.501184,0.220160,1.800960
316,traditional,0.071200,1.067008,0.206848,1.345056
317,traditional,0.079712,1.233920,0.203776,1.517408
318,traditional,0.072608,1.037312,0.203776,1.313696
319,traditional,0.074432,1.457152,0.221184,1.752768
320,traditional,0.070752,1.074176,0.207872,1.352800
321,traditional,0.086720,1.298432,0.206848,1.592000
322,traditional,0.072096,1.087488,0.206848,1.366432
323,traditional,0.075840,1.270784,0.202752,1.549376
324,traditional,0.071328,1.069056,0.206848,1.347232
325,traditional,0.075840,1.273856,0.203776,1.553472
326,traditional,0.070400,1.041408,0.202752,1.314560
327,traditional,0.086912,1.370112,0.218112,1.675136
328,traditional,0.071776,1.094656,0.206848,1.373280
329,traditional,0.076928,1.339392,0.206848,1.623168
330,traditional,0.084416,1.341440,0.208896,1.634752
331,traditional,0.070816,1.077248,0.207872,1.355936
332,traditional,0.075168,1.064960,0.203776,1.343904
333,traditional,0.071296,1.063936,0.206848,1.342080
334,traditional,0.072992,1.036288,0.203776,1.313056
335,traditional,0.071488,1.087488,0.206848,1.365824
336,traditional,0.072416,1.042432,0.202752,1.317600
337,traditional,0.071520,1.071104,0.202752,1.345376
338,traditional,0.075648,1.071104,0.200704,1.347456
339,traditional,0.070592,1.050624,0.209920,1.331136
340,traditional,0.074496,1.044480,0.200704,1.319680
341,traditional,0.069856,1.039360,0.203776,1.312992
342,traditional,0.076448,1.087488,0.200704,1.364640
343,traditional,0.070848,1.044480,0.204800,1.320128
344,traditional,0.075680,1.068032,0.200704,1.344416
345,traditional,0.074496,1.033216,0.204800,1.312512
346,traditional,0.076576,1.038336,0.200704,1.315616
347,traditional,0.074240,1.044480,0.200704,1.319424
348,traditional,0.078592,1.187840,0.200704,1.467136
349,traditional,0.073440,1.301504,0.206848,1.581792
350,traditional,0.071168,1.394688,0.217088,1.682944
351,traditional,0.085216,1.355776,0.208896,1.649888
352,traditional,0.079456,1.400832,0.212992,1.693280
353,traditional,0.080928,1.340416,0.208896,1.630240
354,traditional,0.100288,1.254400,0.208896,1.563584
355,traditional,0.075296,1.371136,0.219136,1.665568
356,traditional,0.082048,1.055744,0.207872,1.345664
357,traditional,0.071296,1.394688,0.214016,1.680000
358,traditional,0.076800,1.236992,0.204800,1.518592
359,traditional,0.074560,1.433600,0.221184,1.729344
360,traditional,0.075552,1.105920,0.212992,1.394464
361,traditional,0.077600,1.236992,0.208896,1.523488
362,traditional,0.081632,1.342464,0.215040,1.639136
363,traditional,0.078528,1.264640,0.208896,1.552064
364,traditional,0.076160,1.078272,0.211968,1.366400
365,traditional,0.089088,1.323008,0.210944,1.623040
366,traditional,0.073952,1.259520,0.229376,1.562848
367,traditional,0.086208,1.465344,0.225280,1.776832
368,traditional,0.077888,1.064960,0.211968,1.354816
369,traditional,0.081152,1.432576,0.208896,1.722624
370,traditional,0.079616,1.275904,0.210944,1.566464
371,traditional,0.082400,1.536000,0.220160,1.838560
372,traditional,0.072032,1.043456,0.203776,1.319264
373,traditional,0.070752,1.481728,0.222208,1.774688
374,traditional,0.071584,1.079296,0.204800,1.355680
375,traditional,0.076480,1.502208,0.223232,1.801920
376,traditional,0.071328,1.073152,0.219136,1.363616
377,traditional,0.072480,1.251328,0.232448,1.556256
378,traditional,0.077376,1.087488,0.205824,1.370688
379,traditional,0.076448,1.422336,0.214016,1.712800
380,traditional,0.075648,1.232896,0.205824,1.514368
381,traditional,0.080512,1.490944,0.221184,1.792640
382,traditional,0.072480,1.054720,0.205824,1.333024
383,traditional,0.098464,1.405952,0.220160,1.724576
384,traditional,0.082528,1.264640,0.205824,1.552992
385,traditional,0.074368,1.412096,0.219136,1.705600
386,traditional,0.082432,1.260544,0.206848,1.549824
387,traditional,0.078368,1.427456,0.220160,1.725984
388,traditional,0.071296,1.246208,0.205824,1.523328
389,traditional,0.083296,1.531904,0.220160,1.835360
390,traditional,0.072192,1.065984,0.207872,1.346048
391,traditional,0.077856,1.273856,0.203776,1.555488
392,traditional,0.072000,1.064960,0.203776,1.340736
393,traditional,0.081536,1.353728,0.211968,1.647232
394,traditional,0.076000,1.292288,0.208896,1.577184
395,traditional,0.076960,1.283072,0.207872,1.567904
396,traditional,0.074208,1.133568,0.207872,1.415648
397,traditional,0.077312,1.261568,0.204800,1.543680
398,traditional,0.070624,1.074176,0.207872,1.352672
399,traditional,0.076448,1.302528,0.204800,1.583776
400,traditional,0.070752,1.054720,0.203776,1.329248
401,traditional,0.074912,1.390592,0.219136,1.684640
402,traditional,0.071808,1.242112,0.204800,1.518720
403,traditional,0.073184,1.468416,0.220160,1.761760
404,traditional,0.071456,1.097728,0.224256,1.393440
405,traditional,0.084032,1.323008,0.214016,1.621056
406,traditional,0.076992,1.111040,0.214016,1.402048
407,traditional,0.088736,1.444864,0.219136,1.752736
408,traditional,0.079104,1.281024,0.210944,1.571072
409,traditional,0.076736,1.507328,0.228352,1.812416
410,traditional,0.074016,1.120256,0.218112,1.412384
411,traditional,0.087712,1.472512,0.232448,1.792672
412,traditional,0.082304,1.319936,0.218112,1.620352
413,traditional,0.081184,1.308672,0.214016,1.603872
414,traditional,0.075264,1.093632,0.211968,1.380864
415,traditional,0.077888,1.441792,0.222208,1.741888
416,traditional,0.074944,1.098752,0.217088,1.390784
417,traditional,0.079840,1.299456,0.212992,1.592288
418,traditional,0.073632,1.105920,0.211968,1.391520
419,traditional,0.074784,1.491968,0.222208,1.788960
420,traditional,0.076448,1.102848,0.217088,1.396384
421,traditional,0.074880,1.311744,0.212992,1.599616
422,traditional,0.080032,1.291264,0.211968,1.583264
423,traditional,0.089408,1.440768,0.226304,1.756480
424,traditional,0.074176,1.297408,0.219136,1.590720
425,traditional,0.081280,1.426432,0.226304,1.734016
426,traditional,0.081504,1.484800,0.222208,1.788512
427,traditional,0.085568,1.359872,0.218112,1.663552
428,traditional,0.086816,1.391616,0.217088,1.695520
429,traditional,0.092384,1.293312,0.214016,1.599712
430,traditional,0.073760,1.379328,0.217088,1.670176
431,traditional,0.077920,1.274880,0.214016,1.566816
432,traditional,0.098176,1.123328,0.217088,1.438592
433,traditional,0.074464,1.394688,0.222208,1.691360
434,traditional,0.077184,1.359872,0.214016,1.651072
435,traditional,0.084256,1.380352,0.216064,1.680672
436,traditional,0.073824,1.351680,0.216064,1.641568
437,traditional,0.081568,1.270784,0.212992,1.565344
438,traditional,0.073376,1.362944,0.223232,1.659552
439,traditional,0.073728,1.429504,0.217088,1.720320
440,traditional,0.079872,1.290240,0.217088,1.587200
441,traditional,0.081408,1.426432,0.225280,1.733120
442,traditional,0.080576,1.146880,0.217088,1.444544
443,traditional,0.083936,1.291264,0.212992,1.588192
444,traditional,0.073856,1.098752,0.212992,1.385600
445,traditional,0.080384,1.431552,0.221184,1.733120
446,traditional,0.102304,1.280000,0.219136,1.601440
447,traditional,0.079296,1.449984,0.228352,1.757632
448,traditional,0.074592,1.288192,0.215040,1.577824
449,traditional,0.080224,1.615872,0.226304,1.922400
450,traditional,0.075872,1.132544,0.219136,1.427552
451,traditional,0.077952,1.457152,0.223232,1.758336
452,traditional,0.081344,1.325056,0.214016,1.620416
453,traditional,0.083104,1.370112,0.218112,1.671328
454,traditional,0.075072,1.317888,0.220160,1.613120
455,traditional,0.077088,1.368064,0.219136,1.664288
456,traditional,0.079808,1.343488,0.212992,1.636288
457,traditional,0.078688,1.359872,0.214016,1.652576
458,traditional,0.085856,1.152000,0.218112,1.455968
459,traditional,0.079808,1.310720,0.212992,1.603520
460,traditional,0.078176,1.107968,0.214016,1.400160
461,traditional,0.078432,1.418240,0.225280,1.721952
462,traditional,0.075232,1.300480,0.219136,1.594848
463,traditional,0.083104,1.328128,0.216064,1.627296
464,traditional,0.075168,1.399808,0.217088,1.692064
465,traditional,0.074624,1.373184,0.221184,1.668992
466,traditional,0.078464,1.320960,0.218112,1.617536
467,traditional,0.085760,1.360896,0.219136,1.665792
468,traditional,0.082176,1.307648,0.214016,1.603840
469,traditional,0.089824,1.458176,0.227328,1.775328
470,traditional,0.078976,1.403904,0.224256,1.707136
471,traditional,0.079648,1.287168,0.214016,1.580832
472,traditional,0.075264,1.361920,0.217088,1.654272
473,traditional,0.078848,1.274880,0.214016,1.567744
474,traditional,0.073728,1.362944,0.216064,1.652736
475,traditional,0.082176,1.327104,0.214016,1.623296
476,traditional,0.074272,1.355776,0.217088,1.647136
477,traditional,0.084192,1.320960,0.214016,1.619168
478,traditional,0.076928,1.376256,0.217088,1.670272
479,traditional,0.080704,1.317888,0.214016,1.612608
480,traditional,0.073344,1.368064,0.217088,1.658496
481,traditional,0.079808,1.273856,0.214016,1.567680
482,traditional,0.074592,1.323008,0.218112,1.615712
483,traditional,0.074624,1.368064,0.219136,1.661824
484,traditional,0.079808,1.293312,0.211968,1.585088
485,traditional,0.089664,1.505280,0.228352,1.823296
486,traditional,0.073824,1.121280,0.211968,1.407072
487,traditional,0.080672,1.318912,0.210944,1.610528
488,traditional,0.074944,1.336320,0.214016,1.625280
489,traditional,0.078464,1.255424,0.210944,1.544832
490,traditional,0.097152,1.076224,0.210944,1.384320
491,traditional,0.077440,1.432576,0.225280,1.735296
492,traditional,0.079232,1.125376,0.215040,1.419648
493,traditional,0.087968,1.313792,0.210944,1.612704
494,traditional,0.073728,1.071104,0.210944,1.355776
495,traditional,0.081664,1.334272,0.214016,1.629952
496,traditional,0.073504,1.077248,0.215040,1.365792
497,traditional,0.078336,1.315840,0.215040,1.609216
498,traditional,0.077984,1.263616,0.210944,1.552544
499,traditional,0.072896,1.409024,0.225280,1.707200
500,traditional,0.073920,1.081344,0.211968,1.367232
501,traditional,0.080224,1.447936,0.222208,1.750368
502,traditional,0.076960,1.277952,0.212992,1.567904
503,traditional,0.098144,1.519616,0.229376,1.847136
504,traditional,0.073984,1.095680,0.212992,1.382656
505,traditional,0.082368,1.436672,0.225280,1.744320
506,traditional,0.079936,1.305600,0.216064,1.601600
507,traditional,0.074656,1.548288,0.227328,1.850272
508,traditional,0.081280,1.132544,0.216064,1.429888
509,traditional,0.074656,1.584128,0.233472,1.892256
510,traditional,0.075008,1.104896,0.216064,1.395968
511,traditional,0.080384,1.353728,0.220160,1.654272
512,traditional,0.075296,1.108992,0.221184,1.405472
513,traditional,0.081152,1.458176,0.226304,1.765632
514,traditional,0.076448,1.302528,0.217088,1.596064
515,traditional,0.080096,1.456128,0.223232,1.759456
516,traditional,0.080576,1.286144,0.215040,1.581760
517,traditional,0.078464,1.541120,0.231424,1.851008
518,traditional,0.075936,1.091584,0.214016,1.381536
519,traditional,0.082272,1.448960,0.228352,1.759584
520,traditional,0.074752,1.318912,0.220160,1.613824
521,traditional,0.079040,1.444864,0.224256,1.748160
522,traditional,0.075904,1.120256,0.220160,1.416320
523,traditional,0.079712,1.317888,0.215040,1.612640
524,traditional,0.075040,1.117184,0.215040,1.407264
525,traditional,0.079904,1.485824,0.224256,1.789984
526,traditional,0.090848,1.299456,0.215040,1.605344
527,traditional,0.080576,1.388544,0.220160,1.689280
528,traditional,0.081472,1.333248,0.216064,1.630784
529,traditional,0.081984,1.413120,0.228352,1.723456
530,traditional,0.074496,1.092608,0.214016,1.381120
531,traditional,0.077504,1.438720,0.229376,1.745600
532,traditional,0.074752,1.114112,0.218112,1.406976
533,traditional,0.080000,1.266688,0.214016,1.560704
534,traditional,0.077216,1.087488,0.212992,1.377696
535,traditional,0.083872,1.433600,0.227328,1.744800
536,traditional,0.074208,1.127424,0.218112,1.419744
537,traditional,0.084960,1.352704,0.228352,1.666016
538,traditional,0.086464,1.119232,0.225280,1.430976
539,traditional,0.078912,1.380352,0.216064,1.675328
540,traditional,0.074944,1.399808,0.221184,1.695936
541,traditional,0.084384,1.287168,0.214016,1.585568
542,traditional,0.078336,1.371136,0.217088,1.666560
543,traditional,0.079392,1.293312,0.214016,1.586720
544,traditional,0.077440,1.084416,0.212992,1.374848
545,traditional,0.074752,1.362944,0.216064,1.653760
546,traditional,0.073952,1.366016,0.228352,1.668320
547,traditional,0.079744,1.301504,0.214016,1.595264
548,traditional,0.074496,1.376256,0.217088,1.667840
549,traditional,0.074176,1.305600,0.217088,1.596864
550,traditional,0.074496,1.382400,0.215040,1.671936
551,traditional,0.080960,1.413120,0.216064,1.710144
552,traditional,0.077952,1.299456,0.219136,1.596544
553,traditional,0.080096,1.511424,0.221184,1.812704
554,traditional,0.074240,1.290240,0.216064,1.580544
555,traditional,0.086784,1.353728,0.216064,1.656576
556,traditional,0.080960,1.285120,0.211968,1.578048
557,traditional,0.079488,1.607680,0.226304,1.913472
558,traditional,0.079008,1.083392,0.211968,1.374368
559,traditional,0.076704,1.430528,0.221184,1.728416
560,traditional,0.078144,1.077248,0.211968,1.367360
561,traditional,0.076640,1.433600,0.220160,1.730400
562,traditional,0.081632,1.306624,0.222208,1.610464
563,traditional,0.088352,1.461248,0.225280,1.774880
564,traditional,0.081664,1.319936,0.217088,1.618688
565,traditional,0.079552,1.362944,0.220160,1.662656
566,traditional,0.075712,1.341440,0.229376,1.646528
567,traditional,0.075904,1.417216,0.221184,1.714304
568,traditional,0.083136,1.350656,0.221184,1.654976
569,traditional,0.088256,1.329152,0.217088,1.634496
570,traditional,0.074304,1.385472,0.218112,1.677888
571,traditional,0.074720,1.292288,0.216064,1.583072
572,traditional,0.074016,1.409024,0.218112,1.701152
573,traditional,0.085024,1.299456,0.216064,1.600544
574,traditional,0.075072,1.334272,0.220160,1.629504
575,traditional,0.078720,1.390592,0.221184,1.690496
576,traditional,0.078656,1.354752,0.216064,1.649472
577,traditional,0.080256,1.502208,0.225280,1.807744
578,traditional,0.076608,1.301504,0.216064,1.594176
579,traditional,0.073600,1.533952,0.230400,1.837952
580,traditional,0.074688,1.099776,0.214016,1.388480
581,traditional,0.073472,1.538048,0.232448,1.843968
582,traditional,0.074880,1.100800,0.215040,1.390720
583,traditional,0.081120,1.470464,0.228352,1.779936
584,traditional,0.075840,1.138688,0.215040,1.429568
585,traditional,0.081216,1.441792,0.224256,1.747264
586,traditional,0.079744,1.299456,0.216064,1.595264
587,traditional,0.085120,1.467392,0.226304,1.778816
588,traditional,0.074432,1.298432,0.220160,1.593024
589,traditional,0.079200,1.465344,0.224256,1.768800
590,traditional,0.075136,1.125376,0.219136,1.419648
591,traditional,0.079328,1.304576,0.215040,1.598944
592,traditional,0.074464,1.168384,0.222208,1.465056
593,traditional,0.081184,1.310720,0.215040,1.606944
594,traditional,0.074912,1.119232,0.222208,1.416352
595,traditional,0.074912,1.390592,0.220160,1.685664
596,traditional,0.081248,1.309696,0.215040,1.605984
597,traditional,0.075040,1.495040,0.228352,1.798432
598,traditional,0.075200,1.311744,0.216064,1.603008
599,traditional,0.077952,1.469440,0.222208,1.769600
600,traditional,0.074688,1.115136,0.217088,1.406912
601,traditional,0.074208,1.101824,0.212992,1.389024
602,traditional,0.077984,1.105920,0.212992,1.396896
603,traditional,0.074048,1.264640,0.214016,1.552704
604,traditional,0.082368,1.449984,0.216064,1.748416
605,traditional,0.077792,1.396736,0.214016,1.688544
606,traditional,0.074688,1.122304,0.211968,1.408960
607,traditional,0.078752,1.123328,0.212992,1.415072
608,traditional,0.075872,1.254400,0.210944,1.541216
609,traditional,0.078944,1.324032,0.210944,1.613920
610,traditional,0.073376,1.413120,0.216064,1.702560
611,traditional,0.078080,1.421312,0.216064,1.715456
612,traditional,0.089344,1.269760,0.206848,1.565952
613,traditional,0.073472,1.247232,0.229376,1.550080
614,traditional,0.088064,1.265664,0.206848,1.560576
615,traditional,0.071104,1.490944,0.225280,1.787328
616,traditional,0.072704,1.064960,0.212992,1.350656
617,traditional,0.090240,1.463296,0.226304,1.779840
618,traditional,0.074336,1.289216,0.216064,1.579616
619,traditional,0.082272,1.431552,0.232448,1.746272
620,traditional,0.073216,1.394688,0.215040,1.682944
621,traditional,0.076864,1.291264,0.211968,1.580096
622,traditional,0.077216,1.397760,0.215040,1.690016
623,traditional,0.079360,1.281024,0.212992,1.573376
624,traditional,0.077152,1.085440,0.216064,1.378656
625,traditional,0.082176,1.326080,0.211968,1.620224
626,traditional,0.073056,1.080320,0.210944,1.364320
627,traditional,0.077984,1.408000,0.214016,1.700000
628,traditional,0.077056,1.120256,0.214016,1.411328
629,traditional,0.073728,1.301504,0.209920,1.585152
630,traditional,0.083424,1.103872,0.210944,1.398240
631,traditional,0.072992,1.428480,0.219136,1.720608
632,traditional,0.081344,1.287168,0.210944,1.579456
633,traditional,0.078720,1.320960,0.210944,1.610624
634,traditional,0.084480,1.088512,0.211968,1.384960
635,traditional,0.074240,1.473536,0.214016,1.761792
636,traditional,0.081888,1.321984,0.227328,1.631200
637,traditional,0.077120,1.353728,0.217088,1.647936
638,traditional,0.073984,1.489920,0.222208,1.786112
639,traditional,0.076960,1.405952,0.222208,1.705120
640,traditional,0.077728,1.354752,0.219136,1.651616
641,traditional,0.080544,1.311744,0.215040,1.607328
642,traditional,0.074016,1.344512,0.215040,1.633568
643,traditional,0.082560,1.375232,0.215040,1.672832
644,traditional,0.073984,1.115136,0.215040,1.404160
645,traditional,0.082240,1.384448,0.217088,1.683776
646,traditional,0.096480,1.316864,0.216064,1.629408
647,traditional,0.080480,1.364992,0.214016,1.659488
648,traditional,0.073152,1.456128,0.221184,1.750464
649,traditional,0.082624,1.411072,0.216064,1.709760
650,traditional,0.074720,1.448960,0.221184,1.744864
651,traditional,0.083840,1.339392,0.212992,1.636224
652,traditional,0.073568,1.389568,0.216064,1.679200
653,traditional,0.079840,1.295360,0.211968,1.587168
654,traditional,0.074112,1.102848,0.216064,1.393024
655,traditional,0.079264,1.319936,0.212992,1.612192
656,traditional,0.074496,1.097728,0.214016,1.386240
657,traditional,0.076224,1.375232,0.234496,1.685952
658,traditional,0.074784,1.323008,0.218112,1.615904
659,traditional,0.096736,1.357824,0.217088,1.671648
660,traditional,0.074176,1.453056,0.222208,1.749440
661,traditional,0.081952,1.448960,0.233472,1.764384
662,traditional,0.081216,1.324032,0.214016,1.619264
663,traditional,0.080480,1.310720,0.218112,1.609312
664,traditional,0.079008,1.373184,0.221184,1.673376
665,traditional,0.079840,1.335296,0.217088,1.632224
666,traditional,0.075232,1.112064,0.216064,1.403360
667,traditional,0.091296,1.476608,0.225280,1.793184
668,traditional,0.076640,1.306624,0.216064,1.599328
669,traditional,0.079104,1.566720,0.233472,1.879296
670,traditional,0.075264,1.135616,0.221184,1.432064
671,traditional,0.080800,1.476608,0.224256,1.781664
672,traditional,0.080032,1.387520,0.217088,1.684640
673,traditional,0.080832,1.402880,0.219136,1.702848
674,traditional,0.075200,1.364992,0.218112,1.658304
675,traditional,0.082336,1.278976,0.216064,1.577376
676,traditional,0.077696,1.372160,0.218112,1.667968
677,traditional,0.077216,1.294336,0.215040,1.586592
678,traditional,0.074176,1.119232,0.220160,1.413568
679,traditional,0.079008,1.409024,0.219136,1.707168
680,traditional,0.082592,1.376256,0.215040,1.673888
681,traditional,0.074688,1.319936,0.223232,1.617856
682,traditional,0.077696,1.301504,0.215040,1.594240
683,traditional,0.100448,1.531904,0.228352,1.860704
684,traditional,0.082528,1.150976,0.222208,1.455712
685,traditional,0.075584,1.465344,0.224256,1.765184
686,traditional,0.075616,1.390592,0.217088,1.683296
687,traditional,0.077408,1.342464,0.215040,1.634912
688,traditional,0.074624,1.357824,0.218112,1.650560
689,traditional,0.080320,1.300480,0.215040,1.595840
690,traditional,0.077344,1.095680,0.215040,1.388064
691,traditional,0.086688,1.444864,0.221184,1.752736
692,traditional,0.078912,1.266688,0.211968,1.557568
693,traditional,0.073536,1.280000,0.215040,1.568576
694,traditional,0.090144,1.286144,0.214016,1.590304
695,traditional,0.078336,1.430528,0.224256,1.733120
696,traditional,0.073760,1.326080,0.217088,1.616928
697,traditional,0.074528,1.400832,0.212992,1.688352
698,traditional,0.081920,1.266688,0.214016,1.562624
699,traditional,0.078528,1.518592,0.225280,1.822400
700,traditional,0.076704,1.092608,0.226304,1.395616
701,traditional,0.082688,1.267712,0.209920,1.560320
702,traditional,0.084896,1.071104,0.209920,1.365920
703,traditional,0.078848,1.308672,0.218112,1.605632
704,traditional,0.085696,1.342464,0.210944,1.639104
705,traditional,0.081568,1.242112,0.208896,1.532576
706,traditional,0.072704,1.082368,0.212992,1.368064
707,traditional,0.077856,1.250304,0.208896,1.537056
708,traditional,0.072416,1.264640,0.208896,1.545952
709,traditional,0.080192,1.300480,0.207872,1.588544
710,traditional,0.075648,1.063936,0.208896,1.348480
711,traditional,0.076864,1.321984,0.211968,1.610816
712,traditional,0.071520,1.058816,0.207872,1.338208
713,traditional,0.076544,1.442816,0.221184,1.740544
714,traditional,0.074752,1.259520,0.215040,1.549312
715,traditional,0.089056,1.350656,0.209920,1.649632
716,traditional,0.087936,1.428480,0.217088,1.733504
717,traditional,0.072384,1.054720,0.207872,1.334976
718,traditional,0.078048,1.272832,0.207872,1.558752
719,traditional,0.077344,1.275904,0.206848,1.560096
720,traditional,0.083232,1.359872,0.209920,1.653024
721,traditional,0.078272,1.286144,0.206848,1.571264
722,traditional,0.071520,1.316864,0.209920,1.598304
723,traditional,0.076160,1.271808,0.206848,1.554816
724,traditional,0.072480,1.329152,0.208896,1.610528
725,traditional,0.077856,1.251328,0.206848,1.536032
726,traditional,0.070944,1.306624,0.214016,1.591584
727,traditional,0.076512,1.228800,0.205824,1.511136
728,traditional,0.071136,1.049600,0.205824,1.326560
729,traditional,0.075552,1.462272,0.225280,1.763104
730,traditional,0.134368,2.391040,0.396288,2.921696
731,traditional,0.132384,1.616896,0.471040,2.220320
732,traditional,0.077216,1.282048,0.208896,1.568160
733,traditional,0.071072,1.078272,0.205824,1.355168
734,traditional,0.077664,1.310720,0.216064,1.604448
735,traditional,0.071872,1.067008,0.209920,1.348800
736,traditional,0.097952,1.396736,0.215040,1.709728
737,traditional,0.076800,1.251328,0.208896,1.537024
738,traditional,0.100544,1.324032,0.209920,1.634496
739,traditional,0.071552,1.336320,0.215040,1.622912
740,traditional,0.075840,1.258496,0.207872,1.542208
741,traditional,0.071200,1.090560,0.223232,1.384992
742,traditional,0.077120,1.257472,0.207872,1.542464
743,traditional,0.083904,1.064960,0.222208,1.371072
744,traditional,0.078272,1.309696,0.209920,1.597888
745,traditional,0.072256,1.242112,0.207872,1.522240
746,traditional,0.080992,1.354752,0.207872,1.643616
747,traditional,0.075744,1.353728,0.226304,1.655776
748,traditional,0.081120,1.236992,0.207872,1.525984
749,traditional,0.071488,1.075200,0.207872,1.354560
750,traditional,0.131136,2.811904,0.403456,3.346496
751,traditional,0.135424,2.183168,0.211968,2.530560
752,traditional,0.072992,1.212416,0.206848,1.492256
753,traditional,0.076096,1.411072,0.233472,1.720640
754,traditional,0.107456,1.103872,0.214016,1.425344
755,traditional,0.076608,1.313792,0.208896,1.599296
756,traditional,0.072736,1.266688,0.207872,1.547296
757,traditional,0.078080,1.525760,0.218112,1.821952
758,traditional,0.071936,1.079296,0.209920,1.361152
759,traditional,0.080064,1.409024,0.224256,1.713344
760,traditional,0.073600,1.111040,0.218112,1.402752
761,traditional,0.086752,1.281024,0.209920,1.577696
762,traditional,0.078176,1.078272,0.214016,1.370464
763,traditional,0.077632,1.424384,0.219136,1.721152
764,traditional,0.077792,1.274880,0.209920,1.562592
765,traditional,0.083904,1.532928,0.230400,1.847232
766,traditional,0.132736,2.446336,0.403456,2.982528
767,traditional,0.132160,1.806336,0.388096,2.326592
768,traditional,0.080832,1.344512,0.209920,1.635264
769,traditional,0.091488,1.258496,0.207872,1.557856
770,traditional,0.071616,1.336320,0.210944,1.618880
771,traditional,0.089408,1.264640,0.207872,1.561920
772,traditional,0.071744,1.361920,0.210944,1.644608
773,traditional,0.078976,1.261568,0.210944,1.551488
774,traditional,0.071552,1.084416,0.211968,1.367936
775,traditional,0.087968,1.479680,0.217088,1.784736
776,traditional,0.074112,1.359872,0.210944,1.644928
777,traditional,0.078528,1.259520,0.206848,1.544896
778,traditional,0.084288,1.053696,0.207872,1.345856
779,traditional,0.080736,1.471488,0.225280,1.777504
780,traditional,0.131264,2.639872,0.398336,3.169472
781,traditional,0.131744,2.462720,0.211968,2.806432
782,traditional,0.072800,1.431552,0.215040,1.719392
783,traditional,0.072960,1.093632,0.211968,1.378560
784,traditional,0.076384,1.278976,0.211968,1.567328
785,traditional,0.073728,1.081344,0.211968,1.367040
786,traditional,0.077376,1.526784,0.229376,1.833536
787,traditional,0.074688,1.080320,0.212992,1.368000
788,traditional,0.078624,1.414144,0.226304,1.719072
789,traditional,0.159808,2.930688,0.452608,3.543104
790,traditional,0.150944,1.918976,0.244736,2.314656
791,traditional,0.097312,1.603584,0.241664,1.942560
792,traditional,0.082368,1.204224,0.235520,1.522112
793,traditional,0.084544,1.469440,0.235520,1.789504
794,traditional,0.080672,1.224704,0.239616,1.544992
795,traditional,0.088160,1.701888,0.259072,2.049120
796,traditional,0.084608,1.616896,0.246784,1.948288
797,traditional,0.088480,1.477632,0.258048,1.824160
798,traditional,0.083712,1.510400,0.508928,2.103040
799,traditional,0.087744,1.630208,0.253952,1.971904
800,traditional,0.089696,1.568768,0.248832,1.907296
801,traditional,0.083840,1.649664,0.436224,2.169728
802,traditional,0.088960,1.654784,0.252928,1.996672
803,traditional,0.088928,1.662976,0.252928,2.004832
804,traditional,0.084960,1.619968,0.251904,1.956832
805,traditional,0.089984,1.497088,0.240640,1.827712
806,traditional,0.090720,1.667072,0.248832,2.006624
807,traditional,0.086496,1.253376,0.244736,1.584608
808,traditional,0.090560,1.444864,0.240640,1.776064
809,traditional,0.083648,1.482752,0.244736,1.811136
810,traditional,0.087328,1.434624,0.240640,1.762592
811,traditional,0.084736,1.246208,0.244736,1.575680
812,traditional,0.083456,1.549312,0.244736,1.877504
813,traditional,0.086912,1.469440,0.237568,1.793920
814,traditional,0.084512,1.572864,0.246784,1.904160
815,traditional,0.083968,1.472512,0.241664,1.798144
816,traditional,0.087648,1.425408,0.237568,1.750624
817,traditional,0.081664,1.442816,0.240640,1.765120
818,traditional,0.086624,1.428480,0.237568,1.752672
819,traditional,0.081024,1.221632,0.240640,1.543296
820,traditional,0.082752,1.534976,0.241664,1.859392
821,traditional,0.085920,1.435648,0.237568,1.759136
822,traditional,0.094208,1.577984,0.247808,1.920000
823,traditional,0.090656,1.473536,0.244736,1.808928
824,traditional,0.093824,1.447936,0.240640,1.782400
825,traditional,0.082176,1.299456,0.244736,1.626368
826,traditional,0.083968,1.528832,0.244736,1.857536
827,traditional,0.083296,1.464320,0.244736,1.792352
828,traditional,0.087040,1.439744,0.240640,1.767424
829,traditional,0.084672,1.270784,0.243712,1.599168
830,traditional,0.087168,1.470464,0.243712,1.801344
831,traditional,0.082624,1.234944,0.507904,1.825472
832,traditional,0.087808,1.456128,0.237568,1.781504
833,traditional,0.082336,1.525760,0.240640,1.848736
834,traditional,0.083456,1.597440,0.246784,1.927680
835,traditional,0.089184,1.439744,0.238592,1.767520
836,traditional,0.087296,1.470464,0.241664,1.799424
837,traditional,0.092800,1.655808,0.257024,2.005632
838,traditional,0.083168,1.441792,0.233472,1.758432
839,traditional,0.091584,1.610752,0.249856,1.952192
840,traditional,0.083136,1.443840,0.237568,1.764544
841,traditional,0.095104,1.591296,0.245760,1.932160
842,traditional,0.082656,1.467392,0.251904,1.801952
843,traditional,0.085696,1.673216,0.423936,2.182848
844,traditional,0.094176,1.487872,0.248832,1.830880
845,traditional,0.081504,1.620992,0.240640,1.943136
846,traditional,0.082976,1.549312,0.238592,1.870880
847,traditional,0.086208,1.422336,0.236544,1.745088
848,traditional,0.082976,1.606656,0.239616,1.929248
849,traditional,0.088960,1.443840,0.234496,1.767296
850,traditional,0.080288,1.512448,0.237568,1.830304
851,traditional,0.086880,1.433600,0.239616,1.760096
852,traditional,0.081632,1.488896,0.239616,1.810144
853,traditional,0.085984,1.446912,0.235520,1.768416
854,traditional,0.087808,1.508352,0.237568,1.833728
855,traditional,0.086400,1.433600,0.235520,1.755520
856,traditional,0.080576,1.486848,0.235520,1.802944
857,traditional,0.091168,1.427456,0.236544,1.755168
858,traditional,0.082016,1.456128,0.234496,1.772640
859,traditional,0.092576,1.594368,0.246784,1.933728
860,traditional,0.098688,1.468416,0.235520,1.802624
861,traditional,0.097216,1.445888,0.235520,1.778624
862,traditional,0.086208,1.573888,0.246784,1.906880
863,traditional,0.080768,1.234944,0.243712,1.559424
864,traditional,0.082400,1.484800,0.237568,1.804768
865,traditional,0.093568,1.479680,0.237568,1.810816
866,traditional,0.082016,1.581056,0.242688,1.905760
867,traditional,0.081184,1.612800,0.254976,1.948960
868,traditional,0.081312,1.720320,0.238592,2.040224
869,traditional,0.088160,1.469440,0.247808,1.805408
870,traditional,0.085952,1.458176,0.235520,1.779648
871,traditional,0.080576,1.271808,0.494592,1.846976
872,traditional,0.098880,1.470464,0.238592,1.807936
873,traditional,0.095296,1.644544,0.245760,1.985600
874,traditional,0.085568,1.452032,0.438272,1.975872
875,traditional,0.086528,1.633280,0.242688,1.962496
876,traditional,0.092928,1.486848,0.236544,1.816320
877,traditional,0.092000,1.482752,0.233472,1.808224
878,traditional,0.081760,1.219584,0.240640,1.541984
879,traditional,0.099072,1.497088,0.236544,1.832704
880,traditional,0.080480,1.396736,0.212992,1.690208
881,traditional,0.076416,1.345536,0.210944,1.632896
882,traditional,0.074464,1.454080,0.218112,1.746656
883,traditional,0.080512,1.093632,0.209920,1.384064
884,traditional,0.075424,1.348608,0.214016,1.638048
885,traditional,0.076704,1.267712,0.210944,1.555360
886,traditional,0.072864,1.333248,0.214016,1.620128
887,traditional,0.076512,1.276928,0.210944,1.564384
888,traditional,0.073344,1.071104,0.210944,1.355392
889,traditional,0.076896,1.250304,0.207872,1.535072
890,traditional,0.070560,1.068032,0.210944,1.349536
891,traditional,0.076896,1.257472,0.206848,1.541216
892,traditional,0.071648,1.057792,0.206848,1.336288
893,traditional,0.076544,1.473536,0.225280,1.775360
894,traditional,0.072064,1.058816,0.230400,1.361280
895,traditional,0.076672,1.408000,0.216064,1.700736
896,traditional,0.075648,1.283072,0.204800,1.563520
897,traditional,0.075616,1.385472,0.219136,1.680224
898,traditional,0.071776,1.050624,0.208896,1.331296
899,traditional,0.077536,1.378304,0.212992,1.668832
900,traditional,0.071488,1.341440,0.212992,1.625920
901,traditional,0.075936,1.246208,0.204800,1.526944
902,traditional,0.074432,1.046528,0.207872,1.328832
903,traditional,0.075456,1.265664,0.204800,1.545920
904,traditional,0.070432,1.299456,0.212992,1.582880
905,traditional,0.085632,1.248256,0.203776,1.537664
906,traditional,0.070336,1.039360,0.202752,1.312448
907,traditional,0.071168,1.312768,0.208896,1.592832
908,traditional,0.079296,1.234944,0.202752,1.516992
909,traditional,0.070080,1.356800,0.219136,1.646016
910,traditional,0.070464,1.058816,0.203776,1.333056
911,traditional,0.070176,1.359872,0.219136,1.649184
912,traditional,0.076512,1.049600,0.202752,1.328864
913,traditional,0.070752,1.236992,0.208896,1.516640
914,traditional,0.080768,1.223680,0.203776,1.508224
915,traditional,0.069984,1.466368,0.227328,1.763680
916,traditional,0.070944,1.048576,0.203776,1.323296
917,traditional,0.077024,1.382400,0.212992,1.672416
918,traditional,0.080096,1.230848,0.204800,1.515744
919,traditional,0.069856,1.483776,0.222208,1.775840
920,traditional,0.071456,1.049600,0.203776,1.324832
921,traditional,0.075936,1.413120,0.212992,1.702048
922,traditional,0.077632,1.240064,0.204800,1.522496
923,traditional,0.075072,1.444864,0.222208,1.742144
924,traditional,0.071808,1.055744,0.210944,1.338496
925,traditional,0.076128,1.242112,0.204800,1.523040
926,traditional,0.074624,1.076224,0.202752,1.353600
927,traditional,0.077024,1.336320,0.386048,1.799392
928,traditional,0.130080,2.341888,0.390144,2.862112
929,traditional,0.128064,2.086912,0.207872,2.422848
930,traditional,0.071072,1.386496,0.210944,1.668512
931,traditional,0.078656,1.223680,0.203776,1.506112
932,traditional,0.070880,1.092608,0.211968,1.375456
933,traditional,0.077984,1.250304,0.203776,1.532064
934,traditional,0.070560,1.325056,0.206848,1.602464
935,traditional,0.076672,1.226752,0.215040,1.518464
936,traditional,0.070976,1.040384,0.205824,1.317184
937,traditional,0.074944,1.380352,0.221184,1.676480
938,traditional,0.131776,2.632704,0.397312,3.161792
939,traditional,0.130752,1.596416,0.205824,1.932992
940,traditional,0.076608,1.330176,0.206848,1.613632
941,traditional,0.072192,1.050624,0.209920,1.332736
942,traditional,0.076160,1.253376,0.205824,1.535360
943,traditional,0.083200,1.099776,0.209920,1.392896
944,traditional,0.077248,1.406976,0.219136,1.703360
945,traditional,0.081600,1.268736,0.209920,1.560256
946,traditional,0.071776,1.488896,0.230400,1.791072
947,traditional,0.073056,1.076224,0.208896,1.358176
948,traditional,0.106720,1.437696,0.219136,1.763552
949,traditional,0.073632,1.084416,0.212992,1.371040
950,traditional,0.082624,1.270784,0.209920,1.563328
951,traditional,0.071648,1.062912,0.208896,1.343456
952,traditional,0.077248,1.457152,0.218112,1.752512
953,traditional,0.071872,1.107968,0.211968,1.391808
954,traditional,0.075776,1.071104,0.207872,1.354752
955,traditional,0.095168,1.258496,0.207872,1.561536
956,traditional,0.072640,1.265664,0.214016,1.552320
957,traditional,0.077760,1.245184,0.207872,1.530816
958,traditional,0.076704,1.287168,0.208896,1.572768
959,traditional,0.076512,1.364992,0.209920,1.651424
960,traditional,0.080640,1.238016,0.207872,1.526528
961,traditional,0.071072,1.330176,0.222208,1.623456
962,traditional,0.078976,1.312768,0.207872,1.599616
963,traditional,0.076608,1.364992,0.229376,1.670976
964,traditional,0.078144,1.271808,0.208896,1.558848
965,traditional,0.070656,1.333248,0.209920,1.613824
966,traditional,0.076736,1.240064,0.208896,1.525696
967,traditional,0.084288,1.056768,0.210944,1.352000
968,traditional,0.080736,1.265664,0.208896,1.555296
969,traditional,0.077568,1.068032,0.207872,1.353472
970,traditional,0.074368,2.149376,0.398336,2.622080
971,traditional,0.131424,2.288640,0.208896,2.628960
972,traditional,0.071456,1.280000,0.205824,1.557280
973,traditional,0.074528,1.376256,0.215040,1.665824
974,traditional,0.076480,1.255424,0.228352,1.560256
975,traditional,0.079424,1.614848,0.254976,1.949248
976,traditional,0.090656,1.155072,0.226304,1.472032
977,traditional,0.077056,1.687552,0.240640,2.005248
978,traditional,0.089056,1.487872,0.230400,1.807328
979,traditional,0.082496,1.356800,0.226304,1.665600
980,traditional,0.078272,1.168384,0.230400,1.477056
981,traditional,0.078656,1.457152,0.231424,1.767232
982,traditional,0.081504,1.373184,0.226304,1.680992
983,traditional,0.086336,1.486848,0.238592,1.811776
984,traditional,0.077888,1.447936,0.229376,1.755200
985,traditional,0.082976,1.384448,0.227328,1.694752
986,traditional,0.078656,1.160192,0.233472,1.472320
987,traditional,0.097856,1.456128,0.230400,1.784384
988,traditional,0.082944,1.360896,0.226304,1.670144
989,traditional,0.083936,1.524736,0.235520,1.844192
990,traditional,0.077888,1.163264,0.229376,1.470528
991,traditional,0.081152,1.373184,0.225280,1.679616
992,traditional,0.078592,1.388544,0.229376,1.696512
993,traditional,0.090080,1.353728,0.224256,1.668064
994,traditional,0.076480,1.203200,0.229376,1.509056
995,traditional,0.085536,1.375232,0.225280,1.686048
996,traditional,0.076928,1.428480,0.228352,1.733760
997,traditional,0.082432,1.359872,0.226304,1.668608
998,traditional,0.076992,1.170432,0.229376,1.476800
999,traditional,0.083360,1.451008,0.227328,1.761696
1000,traditional,0.078432,1.386496,0.229376,1.694304
1001,traditional,0.082784,1.508352,0.231424,1.822560
1002,traditional,0.081536,1.410048,0.229376,1.720960
1003,traditional,0.104800,1.502208,0.235520,1.842528
1004,traditional,0.088416,1.366016,0.229376,1.683808
1005,traditional,0.078432,1.462272,0.229376,1.770080
1006,traditional,0.088064,1.395712,0.228352,1.712128
1007,traditional,0.082912,1.394688,0.225280,1.702880
1008,traditional,0.077600,1.183744,0.229376,1.490720
1009,traditional,0.094816,1.409024,0.227328,1.731168
1010,traditional,0.085856,1.152000,0.243712,1.481568
1011,traditional,0.088320,1.538048,0.239616,1.865984
1012,traditional,0.081088,1.434624,0.229376,1.745088
1013,traditional,0.083808,1.378304,0.226304,1.688416
1014,traditional,0.083200,1.500160,0.229376,1.812736
1015,traditional,0.081728,1.404928,0.226304,1.712960
1016,traditional,0.077120,1.210368,0.231424,1.518912
1017,traditional,0.078368,1.427456,0.229376,1.735200
1018,traditional,0.078240,1.464320,0.227328,1.769888
1019,traditional,0.083264,1.343488,0.225280,1.652032
1020,traditional,0.077728,1.369088,0.229376,1.676192
1021,traditional,0.082368,1.377280,0.236544,1.696192
1022,traditional,0.083648,1.148928,0.228352,1.460928
1023,traditional,0.082528,1.596416,0.239616,1.918560
1024,traditional,0.098112,1.162240,0.228352,1.488704
1025,traditional,0.081312,1.386496,0.225280,1.693088
1026,traditional,0.081504,1.178624,0.229376,1.489504
1027,traditional,0.078976,1.459200,0.227328,1.765504
1028,traditional,0.078912,1.359872,0.232448,1.671232
1029,traditional,0.080928,1.453056,0.227328,1.761312
1030,traditional,0.086432,1.439744,0.229376,1.755552
1031,traditional,0.084192,1.376256,0.226304,1.686752
1032,traditional,0.077952,1.460224,0.229376,1.767552
1033,traditional,0.083296,1.390592,0.226304,1.700192
1034,traditional,0.077344,1.441792,0.228352,1.747488
1035,traditional,0.082624,1.359872,0.226304,1.668800
1036,traditional,0.077888,1.417216,0.226304,1.721408
1037,traditional,0.082112,1.401856,0.226304,1.710272
1038,traditional,0.080480,1.177600,0.228352,1.486432
1039,traditional,0.093312,1.371136,0.223232,1.687680
1040,traditional,0.076960,1.165312,0.227328,1.469600
1041,traditional,0.078304,1.460224,0.227328,1.765856
1042,traditional,0.082112,1.374208,0.223232,1.679552
1043,traditional,0.080544,1.517568,0.234496,1.832608
1044,traditional,0.094464,1.219584,0.227328,1.541376
1045,traditional,0.081728,1.357824,0.223232,1.662784
1046,traditional,0.080512,1.162240,0.228352,1.471104
1047,traditional,0.083744,1.350656,0.223232,1.657632
1048,traditional,0.082464,1.171456,0.232448,1.486368
1049,traditional,0.083968,1.511424,0.239616,1.835008
1050,traditional,0.079360,1.390592,0.232448,1.702400
1051,traditional,0.102656,1.512448,0.232448,1.847552
1052,traditional,0.085568,1.395712,0.232448,1.713728
1053,traditional,0.088128,1.579008,0.239616,1.906752
1054,traditional,0.083040,1.417216,0.227328,1.727584
1055,traditional,0.083552,1.566720,0.237568,1.887840
1056,traditional,0.083712,1.427456,0.232448,1.743616
1057,traditional,0.082400,1.521664,0.239616,1.843680
1058,traditional,0.079072,1.437696,0.241664,1.758432
1059,traditional,0.084736,1.405952,0.228352,1.719040
1060,traditional,0.087968,1.488896,0.230400,1.807264
1061,traditional,0.081856,1.569792,0.235520,1.887168
1062,traditional,0.087168,1.368064,0.229376,1.684608
1063,traditional,0.082144,1.406976,0.232448,1.721568
1064,traditional,0.083680,1.421312,0.229376,1.734368
1065,traditional,0.078688,1.488896,0.233472,1.801056
1066,traditional,0.086432,1.428480,0.230400,1.745312
1067,traditional,0.088192,1.403904,0.226304,1.718400
1068,traditional,0.077952,1.161216,0.225280,1.464448
1069,traditional,0.091648,1.560576,0.234496,1.886720
1070,traditional,0.077504,1.354752,0.225280,1.657536
1071,traditional,0.080288,1.456128,0.226304,1.762720
1072,traditional,0.085216,1.348608,0.221184,1.655008
1073,traditional,0.083040,1.509376,0.235520,1.827936
1074,traditional,0.089888,1.373184,0.221184,1.684256
1075,traditional,0.094464,1.524736,0.233472,1.852672
1076,traditional,0.077792,1.501184,0.227328,1.806304
1077,traditional,0.080384,1.613824,0.228352,1.922560
1078,traditional,0.077216,1.158144,0.220160,1.455520
1079,traditional,0.092608,1.470464,0.233472,1.796544
1080,traditional,0.077344,1.342464,0.221184,1.640992
1081,traditional,0.084064,1.568768,0.230400,1.883232
1082,traditional,0.077184,1.158144,0.224256,1.459584
1083,traditional,0.076960,1.131520,0.220160,1.428640
1084,traditional,0.080992,1.141760,0.220160,1.442912
1085,traditional,0.077056,1.135616,0.222208,1.434880
1086,traditional,0.080832,1.129472,0.219136,1.429440
1087,traditional,0.076256,1.301504,0.220160,1.597920
1088,traditional,0.079072,1.387520,0.223232,1.689824
1089,traditional,0.076608,1.125376,0.216064,1.418048
1090,traditional,0.081024,1.136640,0.219136,1.436800
1091,traditional,0.078592,1.307648,0.220160,1.606400
1092,traditional,0.080928,1.395712,0.225280,1.701920
1093,traditional,0.081952,1.310720,0.219136,1.611808
1094,traditional,0.080928,1.315840,0.219136,1.615904
1095,traditional,0.078048,1.361920,0.217088,1.657056
1096,traditional,0.080160,1.287168,0.215040,1.582368
1097,traditional,0.087872,1.352704,0.217088,1.657664
1098,traditional,0.074784,1.444864,0.221184,1.740832
1099,traditional,0.079776,1.315840,0.214016,1.609632
1100,traditional,0.074368,1.362944,0.219136,1.656448
1101,traditional,0.084384,1.276928,0.239616,1.600928
1102,traditional,0.078240,1.318912,0.219136,1.616288
1103,traditional,0.080320,1.287168,0.219136,1.586624
1104,traditional,0.077728,1.125376,0.214016,1.417120
1105,traditional,0.080032,1.310720,0.215040,1.605792
1106,traditional,0.074880,1.113088,0.220160,1.408128
1107,traditional,0.084864,1.371136,0.220160,1.676160
1108,traditional,0.079808,1.143808,0.222208,1.445824
1109,traditional,0.077216,1.483776,0.228352,1.789344
1110,traditional,0.077568,1.330176,0.219136,1.626880
1111,traditional,0.094496,1.382400,0.221184,1.698080
1112,traditional,0.076320,1.403904,0.223232,1.703456
1113,traditional,0.079776,1.310720,0.219136,1.609632
1114,traditional,0.079680,1.350656,0.223232,1.653568
1115,traditional,0.079136,1.401856,0.224256,1.705248
1116,traditional,0.083072,1.335296,0.219136,1.637504
1117,traditional,0.081984,1.404928,0.222208,1.709120
1118,traditional,0.077600,1.126400,0.223232,1.427232
1119,traditional,0.092448,1.397760,0.222208,1.712416
1120,traditional,0.076128,1.419264,0.222208,1.717600
1121,traditional,0.087584,1.350656,0.219136,1.657376
1122,traditional,0.088992,1.371136,0.238592,1.698720
1123,traditional,0.079648,1.464320,0.224256,1.768224
1124,traditional,0.091168,1.394688,0.223232,1.709088
1125,traditional,0.076544,1.488896,0.227328,1.792768
1126,traditional,0.077984,1.397760,0.243712,1.719456
1127,traditional,0.084864,1.403904,0.217088,1.705856
1128,traditional,0.074784,1.423360,0.223232,1.721376
1129,traditional,0.093184,1.352704,0.217088,1.662976
1130,traditional,0.074816,1.398784,0.221184,1.694784
1131,traditional,0.075328,1.396736,0.222208,1.694272
1132,traditional,0.079328,1.341440,0.218112,1.638880
1133,traditional,0.079520,1.563648,0.231424,1.874592
1134,traditional,0.076704,1.107968,0.215040,1.399712
1135,traditional,0.091392,1.540096,0.223232,1.854720
1136,traditional,0.081824,1.153024,0.218112,1.452960
1137,traditional,0.091264,1.390592,0.217088,1.698944
1138,traditional,0.075456,1.285120,0.218112,1.578688
1139,traditional,0.076512,1.302528,0.219136,1.598176
1140,traditional,0.083200,1.352704,0.219136,1.655040
1141,traditional,0.081824,1.386496,0.217088,1.685408
1142,traditional,0.074240,1.500160,0.224256,1.798656
1143,traditional,0.075616,1.395712,0.221184,1.692512
1144,traditional,0.080160,1.489920,0.226304,1.796384
1145,traditional,0.079232,1.501184,0.223232,1.803648
1146,traditional,0.076672,1.397760,0.221184,1.695616
1147,traditional,0.080960,1.309696,0.218112,1.608768
1148,traditional,0.075648,1.336320,0.222208,1.634176
1149,traditional,0.076448,1.473536,0.226304,1.776288
1150,traditional,0.077312,1.394688,0.221184,1.693184
1151,traditional,0.078976,1.473536,0.225280,1.777792
1152,traditional,0.079776,1.320960,0.218112,1.618848
1153,traditional,0.079840,1.328128,0.222208,1.630176
1154,traditional,0.081120,1.366016,0.222208,1.669344
1155,traditional,0.086240,1.342464,0.218112,1.646816
1156,traditional,0.086880,1.117184,0.218112,1.422176
1157,traditional,0.081664,1.540096,0.226304,1.848064
1158,traditional,0.075712,1.417216,0.221184,1.714112
1159,traditional,0.075712,1.468416,0.226304,1.770432
1160,traditional,0.075616,1.481728,0.225280,1.782624
1161,traditional,0.083968,1.456128,0.225280,1.765376
1162,traditional,0.082944,1.304576,0.217088,1.604608
1163,traditional,0.080672,1.315840,0.220160,1.616672
1164,traditional,0.080160,1.300480,0.220160,1.600800
1165,traditional,0.078240,1.417216,0.224256,1.719712
1166,traditional,0.083776,1.357824,0.224256,1.665856
1167,traditional,0.077216,1.494016,0.230400,1.801632
1168,traditional,0.083776,1.315840,0.221184,1.620800
1169,traditional,0.081632,1.505280,0.229376,1.816288
1170,traditional,0.083712,1.316864,0.221184,1.621760
1171,traditional,0.081184,1.530880,0.228352,1.840416
1172,traditional,0.077632,1.465344,0.223232,1.766208
1173,traditional,0.083232,1.337344,0.226304,1.646880
1174,traditional,0.079008,1.469440,0.229376,1.777824
1175,traditional,0.082176,1.377280,0.228352,1.687808
1176,traditional,0.080992,1.461248,0.229376,1.771616
1177,traditional,0.084768,1.527808,0.235520,1.848096
1178,traditional,0.084512,1.546240,0.235520,1.866272
1179,traditional,0.077568,1.159168,0.227328,1.464064
1180,traditional,0.081120,1.634304,0.242688,1.958112
1181,traditional,0.078464,1.153024,0.238592,1.470080
1182,traditional,0.081728,1.359872,0.223232,1.664832
1183,traditional,0.076224,1.154048,0.226304,1.456576
1184,traditional,0.084256,1.423360,0.226304,1.733920
1185,traditional,0.077504,1.341440,0.231424,1.650368
1186,traditional,0.078240,1.396736,0.235520,1.710496
1187,traditional,0.076128,1.466368,0.226304,1.768800
1188,traditional,0.084512,1.401856,0.224256,1.710624
1189,traditional,0.080896,1.418240,0.226304,1.725440
1190,traditional,0.078176,1.510400,0.231424,1.820000
1191,traditional,0.081408,1.503232,0.230400,1.815040
1192,traditional,0.078144,1.435648,0.227328,1.741120
1193,traditional,0.082912,1.389568,0.226304,1.698784
1194,traditional,0.082560,1.392640,0.222208,1.697408
1195,traditional,0.076128,1.148928,0.237568,1.462624
1196,traditional,0.079168,1.431552,0.226304,1.737024
1197,traditional,0.081568,1.345536,0.222208,1.649312
1198,traditional,0.084128,1.423360,0.225280,1.732768
1199,traditional,0.077856,1.141760,0.225280,1.444896
1200,traditional,0.081312,1.374208,0.222208,1.677728
1201,traditional,0.076512,1.145856,0.224256,1.446624
1202,traditional,0.080608,1.375232,0.226304,1.682144
1203,traditional,0.080832,1.422336,0.228352,1.731520
1204,traditional,0.082816,1.347584,0.225280,1.655680
1205,traditional,0.077632,1.418240,0.227328,1.723200
1206,traditional,0.086336,1.348608,0.225280,1.660224
1207,traditional,0.076672,1.455104,0.227328,1.759104
1208,traditional,0.083776,1.356800,0.225280,1.665856
1209,traditional,0.076672,1.441792,0.225280,1.743744
1210,traditional,0.082176,1.347584,0.222208,1.651968
1211,traditional,0.100992,1.425408,0.235520,1.761920
1212,traditional,0.081568,1.328128,0.223232,1.632928
1213,traditional,0.078080,1.368064,0.230400,1.676544
1214,traditional,0.090944,1.341440,0.222208,1.654592
1215,traditional,0.076224,1.343488,0.222208,1.641920
1216,traditional,0.083552,1.487872,0.239616,1.811040
1217,traditional,0.076800,1.191936,0.227328,1.496064
1218,traditional,0.095648,1.570816,0.226304,1.892768
1219,traditional,0.077184,1.448960,0.229376,1.755520
1220,traditional,0.078880,1.519616,0.235520,1.834016
1221,traditional,0.084096,1.356800,0.226304,1.667200
1222,traditional,0.085376,1.411072,0.241664,1.738112
1223,traditional,0.085184,1.384448,0.231424,1.701056
1224,traditional,0.087104,1.427456,0.229376,1.743936
1225,traditional,0.078720,1.358848,0.231424,1.668992
1226,traditional,0.078848,1.387520,0.231424,1.697792
1227,traditional,0.086528,1.400832,0.231424,1.718784
1228,traditional,0.086880,1.374208,0.227328,1.688416
1229,traditional,0.077632,1.375232,0.223232,1.676096
1230,traditional,0.085152,1.592320,0.238592,1.916064
1231,traditional,0.078368,1.192960,0.227328,1.498656
1232,traditional,0.082624,1.515520,0.231424,1.829568
1233,traditional,0.083136,1.339392,0.223232,1.645760
1234,traditional,0.084672,1.528832,0.231424,1.844928
1235,traditional,0.084352,1.402880,0.239616,1.726848
1236,traditional,0.080576,1.483776,0.230400,1.794752
1237,traditional,0.080352,1.371136,0.249856,1.701344
1238,traditional,0.080832,1.585152,0.229376,1.895360
1239,traditional,0.078464,1.201152,0.230400,1.510016
1240,traditional,0.079200,1.172480,0.226304,1.477984
1241,traditional,0.077440,1.438720,0.230400,1.746560
1242,traditional,0.085472,1.372160,0.227328,1.684960
1243,traditional,0.084160,1.428480,0.229376,1.742016
1244,traditional,0.078240,1.422336,0.228352,1.728928
1245,traditional,0.083328,1.411072,0.231424,1.725824
1246,traditional,0.082880,1.440768,0.230400,1.754048
1247,traditional,0.084800,1.353728,0.226304,1.664832
1248,traditional,0.082144,1.442816,0.229376,1.754336
1249,traditional,0.088800,1.360896,0.227328,1.677024
1250,traditional,0.085888,1.464320,0.236544,1.786752
1251,traditional,0.078464,1.714176,0.234496,2.027136
1252,traditional,0.083520,1.379328,0.231424,1.694272
1253,traditional,0.083424,1.462272,0.229376,1.775072
1254,traditional,0.097696,1.401856,0.222208,1.721760
1255,traditional,0.086784,1.486848,0.228352,1.801984
1256,traditional,0.080672,1.513472,0.222208,1.816352
1257,traditional,0.076288,1.132544,0.219136,1.427968
1258,traditional,0.074848,1.483776,0.232448,1.791072
1259,traditional,0.075808,1.360896,0.225280,1.661984
1260,traditional,0.078976,1.636352,0.240640,1.955968
1261,traditional,0.077888,1.157120,0.225280,1.460288
1262,traditional,0.083264,1.597440,0.240640,1.921344
1263,traditional,0.078688,1.170432,0.228352,1.477472
1264,traditional,0.078976,1.426432,0.227328,1.732736
1265,traditional,0.083360,1.559552,0.229376,1.872288
1266,traditional,0.081408,1.417216,0.225280,1.723904
1267,traditional,0.086560,1.424384,0.225280,1.736224
1268,traditional,0.082816,1.348608,0.221184,1.652608
1269,traditional,0.085120,1.405952,0.224256,1.715328
1270,traditional,0.081408,1.335296,0.221184,1.637888
1271,traditional,0.075488,1.422336,0.224256,1.722080
1272,traditional,0.085504,1.329152,0.222208,1.636864
1273,traditional,0.079136,1.395712,0.225280,1.700128
1274,traditional,0.101568,1.374208,0.220160,1.695936
1275,traditional,0.074496,1.139712,0.220160,1.434368
1276,traditional,0.082496,1.346560,0.217088,1.646144
1277,traditional,0.074560,1.103872,0.217088,1.395520
1278,traditional,0.078560,1.565696,0.232448,1.876704
1279,traditional,0.075232,1.130496,0.217088,1.422816
1280,traditional,0.088896,1.560576,0.233472,1.882944
1281,traditional,0.075200,1.161216,0.217088,1.453504
1282,traditional,0.075616,1.528832,0.272384,1.876832
1283,traditional,0.074912,1.156096,0.221184,1.452192
1284,traditional,0.078656,1.343488,0.217088,1.639232
1285,traditional,0.080352,1.447936,0.223232,1.751520
1286,traditional,0.080448,1.349632,0.220160,1.650240
1287,traditional,0.077952,1.150976,0.228352,1.457280
1288,traditional,0.080608,1.409024,0.222208,1.711840
1289,traditional,0.075488,1.435648,0.223232,1.734368
1290,traditional,0.082016,1.314816,0.220160,1.616992
1291,traditional,0.075456,1.358848,0.224256,1.658560
1292,traditional,0.077088,1.381376,0.227328,1.685792
1293,traditional,0.076064,1.527808,0.228352,1.832224
1294,traditional,0.076064,1.437696,0.223232,1.736992
1295,traditional,0.081696,1.366016,0.220160,1.667872
1296,traditional,0.076000,1.436672,0.221184,1.733856
1297,traditional,0.082048,1.351680,0.220160,1.653888
1298,traditional,0.090720,1.455104,0.229376,1.775200
1299,traditional,0.074528,1.160192,0.223232,1.457952
1300,traditional,0.082592,1.648640,0.229376,1.960608
1301,traditional,0.094752,1.345536,0.220160,1.660448
1302,traditional,0.081568,1.327104,0.216064,1.624736
1303,traditional,0.074336,1.134592,0.217088,1.426016
1304,traditional,0.083552,1.504256,0.226304,1.814112
1305,traditional,0.076960,1.356800,0.214016,1.647776
1306,traditional,0.077888,1.466368,0.226304,1.770560
1307,traditional,0.075808,1.133568,0.222208,1.431584
1308,traditional,0.077472,1.366016,0.221184,1.664672
1309,traditional,0.078752,1.399808,0.220160,1.698720
1310,traditional,0.080864,1.306624,0.218112,1.605600
1311,traditional,0.075072,1.323008,0.222208,1.620288
1312,traditional,0.076384,1.409024,0.221184,1.706592
1313,traditional,0.086848,1.310720,0.218112,1.615680
1314,traditional,0.078944,1.572864,0.232448,1.884256
1315,traditional,0.075584,1.135616,0.217088,1.428288
1316,traditional,0.077600,1.460224,0.231424,1.769248
1317,traditional,0.093760,1.341440,0.217088,1.652288
1318,traditional,0.085504,1.371136,0.220160,1.676800
1319,traditional,0.075456,1.403904,0.219136,1.698496
1320,traditional,0.081312,1.318912,0.217088,1.617312
1321,traditional,0.074240,1.415168,0.219136,1.708544
1322,traditional,0.087840,1.357824,0.216064,1.661728
1323,traditional,0.074560,1.370112,0.218112,1.662784
1324,traditional,0.079072,1.305600,0.212992,1.597664
1325,traditional,0.074784,1.332224,0.220160,1.627168
1326,traditional,0.082208,1.412096,0.219136,1.713440
1327,traditional,0.075360,1.292288,0.216064,1.583712
1328,traditional,0.079520,1.440768,0.229376,1.749664
1329,traditional,0.075008,1.337344,0.220160,1.632512
1330,traditional,0.078720,1.451008,0.227328,1.757056
1331,traditional,0.079200,1.321984,0.220160,1.621344
1332,traditional,0.079168,1.411072,0.220160,1.710400
1333,traditional,0.079072,1.315840,0.217088,1.612000
1334,traditional,0.079488,1.479680,0.224256,1.783424
1335,traditional,0.080704,1.290240,0.216064,1.587008
1336,traditional,0.080864,1.459200,0.224256,1.764320
1337,traditional,0.079360,1.314816,0.228352,1.622528
1338,traditional,0.083424,1.310720,0.220160,1.614304
1339,traditional,0.079552,1.314816,0.216064,1.610432
1340,traditional,0.075072,1.581056,0.233472,1.889600
1341,traditional,0.075456,1.142784,0.216064,1.434304
1342,traditional,0.076576,1.347584,0.216064,1.640224
1343,traditional,0.076672,1.373184,0.219136,1.668992
1344,traditional,0.088736,1.327104,0.216064,1.631904
1345,traditional,0.074272,1.153024,0.225280,1.452576
1346,traditional,0.078592,1.307648,0.216064,1.602304
1347,traditional,0.075520,1.383424,0.218112,1.677056
1348,traditional,0.083776,1.169408,0.224256,1.477440
1349,traditional,0.091136,1.154048,0.216064,1.461248
1350,traditional,0.092832,1.105920,0.214016,1.412768
1351,traditional,0.091488,1.102848,0.214016,1.408352
1352,traditional,0.079392,1.102848,0.217088,1.399328
1353,traditional,0.076640,1.272832,0.214016,1.563488
1354,traditional,0.077792,1.441792,0.216064,1.735648
1355,traditional,0.078848,1.339392,0.212992,1.631232
1356,traditional,0.082112,1.398784,0.216064,1.696960
1357,traditional,0.079840,1.366016,0.214016,1.659872
1358,traditional,0.087104,1.367040,0.224256,1.678400
1359,traditional,0.082080,1.326080,0.214016,1.622176
1360,traditional,0.074080,1.418240,0.212992,1.705312
1361,traditional,0.076064,1.487872,0.212992,1.776928
1362,traditional,0.079456,1.467392,0.218112,1.764960
1363,traditional,0.095456,1.117184,0.222208,1.434848
1364,traditional,0.077056,1.440768,0.219136,1.736960
1365,traditional,0.074176,1.302528,0.210944,1.587648
1366,traditional,0.083936,1.480704,0.218112,1.782752
1367,traditional,0.072608,1.350656,0.211968,1.635232
1368,traditional,0.081824,1.336320,0.210944,1.629088
1369,traditional,0.073824,1.127424,0.218112,1.419360
1370,traditional,0.103360,1.317888,0.214016,1.635264
1371,traditional,0.073792,1.102848,0.214016,1.390656
1372,traditional,0.081408,1.374208,0.217088,1.672704
1373,traditional,0.081824,1.154048,0.219136,1.455008
1374,traditional,0.082720,1.296384,0.214016,1.593120
1375,traditional,0.079488,1.139712,0.218112,1.437312
1376,traditional,0.078464,1.162240,0.214016,1.454720
1377,traditional,0.079904,1.148928,0.214016,1.442848
1378,traditional,0.075424,1.139712,0.217088,1.432224
1379,traditional,0.080384,1.117184,0.214016,1.411584
1380,traditional,0.094976,1.097728,0.214016,1.406720
1381,traditional,0.081536,1.392640,0.216064,1.690240
1382,traditional,0.079424,1.525760,0.217088,1.822272
1383,traditional,0.080544,1.277952,0.212992,1.571488
1384,traditional,0.078944,1.268736,0.214016,1.561696
1385,traditional,0.080928,1.406976,0.216064,1.703968
1386,traditional,0.074336,1.444864,0.222208,1.741408
1387,traditional,0.074912,1.502208,0.222208,1.799328
1388,traditional,0.075936,1.440768,0.216064,1.732768
1389,traditional,0.082688,1.324032,0.216064,1.622784
1390,traditional,0.085152,1.297408,0.211968,1.594528
1391,traditional,0.085728,1.146880,0.217088,1.449696
1392,traditional,0.080928,1.299456,0.211968,1.592352
1393,traditional,0.085344,1.262592,0.212992,1.560928
1394,traditional,0.082336,1.164288,0.212992,1.459616
1395,traditional,0.082304,1.097728,0.212992,1.393024
1396,traditional,0.087776,1.124352,0.223232,1.435360
1397,traditional,0.077056,1.351680,0.223232,1.651968
1398,traditional,0.080640,1.437696,0.224256,1.742592
1399,traditional,0.081408,1.387520,0.223232,1.692160
1400,traditional,0.083872,1.408000,0.231424,1.723296
1401,traditional,0.080032,1.432576,0.221184,1.733792
1402,traditional,0.080960,1.337344,0.219136,1.637440
1403,traditional,0.080448,1.419264,0.223232,1.722944
1404,traditional,0.076960,1.475584,0.228352,1.780896
1405,traditional,0.086752,1.507328,0.227328,1.821408
1406,traditional,0.080928,1.137664,0.223232,1.441824
1407,traditional,0.080960,1.499136,0.225280,1.805376
1408,traditional,0.075872,1.298432,0.217088,1.591392
1409,traditional,0.073920,1.582080,0.231424,1.887424
1410,traditional,0.086240,1.114112,0.215040,1.415392
1411,traditional,0.074048,1.454080,0.229376,1.757504
1412,traditional,0.076128,1.107968,0.216064,1.400160
1413,traditional,0.083360,1.531904,0.224256,1.839520
1414,traditional,0.078464,1.318912,0.221184,1.618560
1415,traditional,0.074688,1.312768,0.219136,1.606592
1416,traditional,0.075680,1.416192,0.221184,1.713056
1417,traditional,0.081664,1.327104,0.219136,1.627904
1418,traditional,0.078304,1.375232,0.224256,1.677792
1419,traditional,0.076160,1.336320,0.223232,1.635712
1420,traditional,0.083008,1.352704,0.223232,1.658944
1421,traditional,0.092320,1.348608,0.219136,1.660064
1422,traditional,0.075040,1.142784,0.228352,1.446176
1423,traditional,0.080992,1.387520,0.222208,1.690720
1424,traditional,0.076032,1.427456,0.222208,1.725696
1425,traditional,0.080672,1.492992,0.229376,1.803040
1426,traditional,0.079968,1.310720,0.216064,1.606752
1427,traditional,0.079744,1.325056,0.220160,1.624960
1428,traditional,0.079904,1.362944,0.220160,1.663008
1429,traditional,0.081632,1.352704,0.216064,1.650400
1430,traditional,0.074304,1.154048,0.220160,1.448512
1431,traditional,0.075328,1.522688,0.225280,1.823296
1432,traditional,0.078912,1.321984,0.224256,1.625152
1433,traditional,0.081792,1.546240,0.232448,1.860480
1434,traditional,0.075424,1.121280,0.216064,1.412768
1435,traditional,0.079392,1.500160,0.224256,1.803808
1436,traditional,0.083424,1.320960,0.216064,1.620448
1437,traditional,0.091872,1.461248,0.224256,1.777376
1438,traditional,0.075136,1.134592,0.220160,1.429888
1439,traditional,0.075360,1.345536,0.220160,1.641056
1440,traditional,0.079424,1.120256,0.221184,1.420864
1441,traditional,0.079360,1.398784,0.219136,1.697280
1442,traditional,0.075904,1.123328,0.220160,1.419392
1443,traditional,0.085376,1.341440,0.216064,1.642880
1444,traditional,0.086528,1.173504,0.221184,1.481216
1445,traditional,0.104864,1.338368,0.218112,1.661344
1446,traditional,0.075904,1.140736,0.222208,1.438848
1447,traditional,0.083072,1.403904,0.415744,1.902720
1448,traditional,0.138336,2.551808,0.418816,3.108960
1449,traditional,0.137632,1.963008,0.219136,2.319776
1450,traditional,0.075520,1.470464,0.225280,1.771264
1451,traditional,0.076480,1.461248,0.226304,1.764032
1452,traditional,0.081024,1.491968,0.224256,1.797248
1453,traditional,0.075616,1.120256,0.217088,1.412960
1454,traditional,0.075392,1.438720,0.248832,1.762944
1455,traditional,0.084960,1.327104,0.245760,1.657824
1456,traditional,0.088576,1.731584,0.259072,2.079232
1457,traditional,0.089888,1.581056,0.247808,1.918752
1458,traditional,0.088640,1.268736,0.245760,1.603136
1459,traditional,0.087136,1.573888,0.246784,1.907808
1460,traditional,0.095232,1.481728,0.245760,1.822720
1461,traditional,0.083360,1.657856,0.437248,2.178464
1462,traditional,0.084384,1.635328,0.251904,1.971616
1463,traditional,0.087552,1.671168,0.433152,2.191872
1464,traditional,0.083808,1.281024,0.244736,1.609568
1465,traditional,0.088160,1.486848,0.243712,1.818720
1466,traditional,0.084096,1.266688,0.247808,1.598592
1467,traditional,0.095136,1.449984,0.243712,1.788832
1468,traditional,0.083392,1.480704,0.507904,2.072000
1469,traditional,0.083872,1.552384,0.245760,1.882016
1470,traditional,0.086272,1.667072,0.250880,2.004224
1471,traditional,0.085984,1.546240,0.528384,2.160608
1472,traditional,0.087648,1.661952,0.251904,2.001504
1473,traditional,0.083168,1.456128,0.241664,1.780960
1474,traditional,0.082336,1.288192,0.670720,2.041248
1475,traditional,0.085216,1.246208,0.244736,1.576160
1476,traditional,0.086400,1.589248,0.251904,1.927552
1477,traditional,0.086720,1.488896,0.245760,1.821376
1478,traditional,0.107008,1.607680,0.532480,2.247168
1479,traditional,0.087328,1.492992,0.245760,1.826080
1480,traditional,0.099936,1.452032,0.241664,1.793632
1481,traditional,0.081728,1.497088,0.495616,2.074432
1482,traditional,0.083712,1.496064,0.243712,1.823488
1483,traditional,0.086176,1.599488,0.248832,1.934496
1484,traditional,0.084288,1.617920,0.241664,1.943872
1485,traditional,0.083168,1.643520,0.258048,1.984736
1486,traditional,0.095680,1.486848,0.245760,1.828288
1487,traditional,0.089088,1.543168,0.242688,1.874944
1488,traditional,0.087296,1.469440,0.242688,1.799424
1489,traditional,0.081792,1.554432,0.243712,1.879936
1490,traditional,0.084128,1.529856,0.242688,1.856672
1491,traditional,0.094368,1.649664,0.249856,1.993888
1492,traditional,0.084800,1.490944,0.449536,2.025280
1493,traditional,0.089216,1.716224,0.256000,2.061440
1494,traditional,0.083552,1.245184,0.241664,1.570400
1495,traditional,0.086400,1.599488,0.251904,1.937792
1496,traditional,0.087712,1.479680,0.246784,1.814176
1497,traditional,0.086816,1.702912,0.433152,2.222880
1498,traditional,0.084544,1.489920,0.245760,1.820224
1499,traditional,0.089984,1.605632,0.258048,1.953664
1500,traditional,0.086592,1.490944,0.246784,1.824320
1501,traditional,0.084544,1.608704,0.246784,1.940032
1502,traditional,0.090336,1.499136,0.508928,2.098400
1503,traditional,0.093824,1.614848,0.249856,1.958528
1504,traditional,0.087232,1.285120,0.242688,1.615040
1505,traditional,0.083648,1.449984,0.242688,1.776320
1506,traditional,0.083104,1.521664,0.501760,2.106528
1507,traditional,0.088448,1.466368,0.245760,1.800576
1508,traditional,0.082880,1.514496,0.503808,2.101184
1509,traditional,0.084736,1.532928,0.247808,1.865472
1510,traditional,0.088352,1.678336,0.252928,2.019616
1511,traditional,0.088448,1.479680,0.454656,2.022784
1512,traditional,0.096000,1.625088,0.257024,1.978112
1513,traditional,0.088704,1.548288,0.249856,1.886848
1514,traditional,0.090688,1.669120,0.253952,2.013760
1515,traditional,0.083808,1.563648,0.248832,1.896288
1516,traditional,0.084256,1.522688,0.529408,2.136352
1517,traditional,0.087424,1.648640,0.250880,1.986944
1518,traditional,0.084064,1.463296,0.243712,1.791072
1519,traditional,0.088384,1.717248,0.257024,2.062656
1520,traditional,0.084512,1.273856,0.243712,1.602080
1521,traditional,0.087904,1.615872,0.253952,1.957728
1522,traditional,0.084672,1.510400,0.247808,1.842880
1523,traditional,0.084544,1.599488,0.534528,2.218560
1524,traditional,0.088736,1.494016,0.250880,1.833632
1525,traditional,0.084832,1.573888,0.250880,1.909600
1526,traditional,0.086208,1.507328,0.524288,2.117824
1527,traditional,0.085280,1.710080,0.251904,2.047264
1528,traditional,0.084864,1.576960,0.245760,1.907584
1529,traditional,0.093600,1.488896,0.243712,1.826208
1530,traditional,0.083136,1.581056,0.246784,1.910976
1531,traditional,0.089088,1.478656,0.243712,1.811456
1532,traditional,0.096864,1.668096,0.429056,2.194016
1533,traditional,0.098400,1.619968,0.247808,1.966176
1534,traditional,0.085056,1.565696,0.526336,2.177088
1535,traditional,0.090592,1.529856,0.243712,1.864160
1536,traditional,0.083392,1.584128,0.243712,1.911232
1537,traditional,0.083680,1.467392,0.504832,2.055904
1538,traditional,0.104224,1.523712,0.241664,1.869600
1539,traditional,0.083424,1.660928,0.250880,1.995232
1540,traditional,0.090272,1.509376,0.535552,2.135200
1541,traditional,0.092352,1.666048,0.246784,2.005184
1542,traditional,0.082816,1.243136,0.240640,1.566592
1543,traditional,0.082752,1.267712,0.258048,1.608512
1544,traditional,0.084992,1.269760,0.243712,1.598464
1545,traditional,0.082496,1.668096,0.545792,2.296384
1546,traditional,0.091168,1.517568,0.243712,1.852448
1547,traditional,0.083360,1.641472,0.558080,2.282912
1548,traditional,0.087808,1.550336,0.246784,1.884928
1549,traditional,0.088064,1.745920,0.253952,2.087936
1550,traditional,0.084160,1.262592,0.247808,1.594560
1551,traditional,0.092832,1.523712,0.245760,1.862304
1552,traditional,0.076832,1.472512,0.222208,1.771552
1553,traditional,0.077120,1.385472,0.220160,1.682752
1554,traditional,0.078848,1.320960,0.218112,1.617920
1555,traditional,0.079712,1.384448,0.217088,1.681248
1556,traditional,0.074944,1.118208,0.217088,1.410240
1557,traditional,0.080000,1.271808,0.214016,1.565824
1558,traditional,0.073600,1.098752,0.212992,1.385344
1559,traditional,0.091968,1.457152,0.222208,1.771328
1560,traditional,0.074624,1.089536,0.217088,1.381248
1561,traditional,0.076224,1.342464,0.216064,1.634752
1562,traditional,0.071840,1.355776,0.212992,1.640608
1563,traditional,0.077152,1.259520,0.205824,1.542496
1564,traditional,0.074112,1.053696,0.205824,1.333632
1565,traditional,0.076544,1.430528,0.215040,1.722112
1566,traditional,0.077472,1.270784,0.206848,1.555104
1567,traditional,0.073344,1.389568,0.221184,1.684096
1568,traditional,0.072960,1.063936,0.205824,1.342720
1569,traditional,0.086080,1.422336,0.215040,1.723456
1570,traditional,0.072544,1.056768,0.205824,1.335136
1571,traditional,0.075072,1.256448,0.206848,1.538368
1572,traditional,0.082944,1.070080,0.205824,1.358848
1573,traditional,0.079168,1.394688,0.232448,1.706304
1574,traditional,0.087200,1.056768,0.209920,1.353888
1575,traditional,0.072416,1.249280,0.210944,1.532640
1576,traditional,0.076768,1.229824,0.205824,1.512416
1577,traditional,0.071520,1.388544,0.222208,1.682272
1578,traditional,0.073056,1.054720,0.215040,1.342816
1579,traditional,0.076928,1.269760,0.206848,1.553536
1580,traditional,0.080960,1.311744,0.207872,1.600576
1581,traditional,0.077216,1.204224,0.203776,1.485216
1582,traditional,0.069792,1.029120,0.202752,1.301664
1583,traditional,0.074240,1.352704,0.218112,1.645056
1584,traditional,0.071392,1.022976,0.203776,1.298144
1585,traditional,0.076992,1.370112,0.211968,1.659072
1586,traditional,0.080736,1.229824,0.203776,1.514336
1587,traditional,0.070368,1.468416,0.222208,1.760992
1588,traditional,0.071392,1.041408,0.203776,1.316576
1589,traditional,0.073056,1.491968,0.222208,1.787232
1590,traditional,0.070368,1.051648,0.203776,1.325792
1591,traditional,0.069792,1.351680,0.206848,1.628320
1592,traditional,0.075456,1.352704,0.214016,1.642176
1593,traditional,0.071232,1.025024,0.201728,1.297984
1594,traditional,0.077600,1.297408,0.206848,1.581856
1595,traditional,0.076896,1.235968,0.203776,1.516640
1596,traditional,0.071168,1.312768,0.206848,1.590784
1597,traditional,0.087168,1.231872,0.203776,1.522816
1598,traditional,0.070432,1.035264,0.201728,1.307424
1599,traditional,0.077952,1.243136,0.203776,1.524864
1600,traditional,0.070784,1.037312,0.223232,1.331328
1601,traditional,0.128480,2.808832,0.391168,3.328480
1602,traditional,0.130720,2.593792,0.386048,3.110560
1603,traditional,0.126816,2.652160,0.582656,3.361632
1604,traditional,0.083552,1.283072,0.203776,1.570400
1605,traditional,0.075904,1.221632,0.201728,1.499264
1606,traditional,0.078784,1.329152,0.381952,1.789888
1607,traditional,0.127648,2.606080,0.395264,3.128992
1608,traditional,0.528544,1.583104,0.212992,2.324640
1609,traditional,0.073472,1.484800,0.214016,1.772288
1610,traditional,0.078592,1.309696,0.214016,1.602304
1611,traditional,0.077952,1.339392,0.216064,1.633408
1612,traditional,0.074304,1.422336,0.221184,1.717824
1613,traditional,0.083232,1.776640,0.411648,2.271520
1614,traditional,0.134880,2.805760,0.650240,3.590880
1615,traditional,0.137536,1.335296,0.215040,1.687872
1616,traditional,0.078528,1.297408,0.212992,1.588928
1617,traditional,0.077216,1.335296,0.216064,1.628576
1618,traditional,0.073024,1.257472,0.212992,1.543488
1619,traditional,0.080992,1.293312,0.214016,1.588320
1620,traditional,0.073056,1.106944,0.211968,1.391968
1621,traditional,0.080032,1.538048,0.229376,1.847456
1622,traditional,0.074912,1.357824,0.216064,1.648800
1623,traditional,0.085920,1.285120,0.212992,1.584032
1624,traditional,0.074048,1.295360,0.217088,1.586496
1625,traditional,0.076160,1.465344,0.221184,1.762688
1626,traditional,0.077888,1.338368,0.216064,1.632320
1627,traditional,0.074240,1.355776,0.214016,1.644032
1628,traditional,0.077120,1.298432,0.219136,1.594688
1629,traditional,0.071648,1.453056,0.223232,1.747936
1630,traditional,0.133248,2.471936,0.403456,3.008640
1631,traditional,0.133408,2.436096,0.211968,2.781472
1632,traditional,0.072512,1.423360,0.210944,1.706816
1633,traditional,0.078944,1.273856,0.209920,1.562720
1634,traditional,0.072704,1.426432,0.217088,1.716224
1635,traditional,0.074432,1.419264,0.218112,1.711808
1636,traditional,0.079584,1.682432,0.421888,2.183904
1637,traditional,0.137888,2.652160,0.409600,3.199648
1638,traditional,0.136032,1.368064,0.210944,1.715040
1639,traditional,0.073632,1.424384,0.225280,1.723296
1640,traditional,0.078464,1.438720,0.403456,1.920640
1641,traditional,0.134336,2.738176,0.404480,3.276992
1642,traditional,0.134144,1.728512,0.382976,2.245632
1643,traditional,0.073408,1.116160,0.209920,1.399488
1644,traditional,0.100384,1.559552,0.247808,1.907744
1645,traditional,0.088704,1.470464,0.245760,1.804928
1646,traditional,0.084160,1.514496,0.501760,2.100416
1647,traditional,0.084768,1.527808,0.248832,1.861408
1648,traditional,0.088640,1.704960,0.253952,2.047552
1649,traditional,0.087040,1.261568,0.262144,1.610752
1650,traditional,0.084896,1.783808,0.257024,2.125728
1651,traditional,0.084896,1.283072,0.248832,1.616800
1652,traditional,0.098656,1.739776,0.280576,2.119008
1653,traditional,0.088768,1.304576,0.249856,1.643200
1654,traditional,0.085152,1.668096,0.253952,2.007200
1655,traditional,0.084256,1.570816,0.269312,1.924384
1656,traditional,0.089056,1.473536,0.245760,1.808352
1657,traditional,0.092928,1.525760,0.503808,2.122496
1658,traditional,0.109184,1.547264,0.245760,1.902208
1659,traditional,0.091072,1.575936,0.247808,1.914816
1660,traditional,0.084512,1.657856,0.440320,2.182688
1661,traditional,0.084448,1.646592,0.253952,1.984992
1662,traditional,0.095264,1.534976,0.535552,2.165792
1663,traditional,0.091616,1.661952,0.252928,2.006496
1664,traditional,0.099552,1.476608,0.453632,2.029792
1665,traditional,0.103456,1.575936,0.249856,1.929248
1666,traditional,0.085568,1.480704,0.540672,2.106944
1667,traditional,0.085184,1.664000,0.251904,2.001088
1668,traditional,0.088256,1.613824,0.248832,1.950912
1669,traditional,0.092320,1.537024,0.245760,1.875104
1670,traditional,0.096128,1.625088,0.247808,1.969024
1671,traditional,0.105728,1.483776,0.245760,1.835264
1672,traditional,0.084704,1.284096,0.244736,1.613536
1673,traditional,0.084544,1.296384,0.244736,1.625664
1674,traditional,0.085600,1.492992,0.245760,1.824352
1675,traditional,0.083584,1.651712,0.434176,2.169472
1676,traditional,0.085920,1.639424,0.253952,1.979296
1677,traditional,0.090816,1.469440,0.595968,2.156224
1678,traditional,0.086720,1.710080,0.252928,2.049728
1679,traditional,0.085664,1.629184,0.249856,1.964704
1680,traditional,0.091872,1.626112,0.438272,2.156256
1681,traditional,0.092992,1.620992,0.250880,1.964864
1682,traditional,0.085216,1.620992,0.252928,1.959136
1683,traditional,0.085824,1.670144,0.431104,2.187072
1684,traditional,0.086880,1.265664,0.242688,1.595232
1685,traditional,0.081632,1.753088,0.254976,2.089696
1686,traditional,0.083040,1.262592,0.246784,1.592416
1687,traditional,0.089952,1.616896,0.251904,1.958752
1688,traditional,0.087392,1.548288,0.249856,1.885536
1689,traditional,0.086816,1.720320,0.438272,2.245408
1690,traditional,0.084480,1.503232,0.249856,1.837568
1691,traditional,0.089536,1.485824,0.245760,1.821120
1692,traditional,0.086528,1.522688,0.507904,2.117120
1693,traditional,0.084128,1.650688,0.253952,1.988768
1694,traditional,0.084256,1.588224,0.247808,1.920288
1695,traditional,0.084000,1.517568,0.531456,2.133024
1696,traditional,0.093248,1.669120,0.253952,2.016320
1697,traditional,0.084096,1.473536,0.450560,2.008192
1698,traditional,0.084672,1.564672,0.259072,1.908416
1699,traditional,0.083808,1.557504,0.263168,1.904480
1700,traditional,0.088096,1.479680,0.244736,1.812512
1701,traditional,0.087136,1.539072,0.245760,1.871968
1702,traditional,0.083616,1.525760,0.245760,1.855136
1703,traditional,0.088224,1.652736,0.250880,1.991840
1704,traditional,0.083584,1.447936,0.449536,1.981056
1705,traditional,0.083008,1.628160,0.245760,1.956928
1706,traditional,0.083776,1.562624,0.246784,1.893184
1707,traditional,0.084512,1.650688,0.440320,2.175520
1708,traditional,0.084096,1.488896,0.247808,1.820800
1709,traditional,0.087328,1.467392,0.243712,1.798432
1710,traditional,0.083584,1.526784,0.498688,2.109056
1711,traditional,0.084320,1.647616,0.251904,1.983840
1712,traditional,0.091072,1.560576,0.240640,1.892288
1713,traditional,0.110528,1.482752,0.240640,1.833920
1714,traditional,0.088192,1.234944,0.238592,1.561728
1715,traditional,0.082432,1.447936,0.238592,1.768960
1716,traditional,0.086880,1.446912,0.241664,1.775456
1717,traditional,0.086784,1.537024,0.244736,1.868544
1718,traditional,0.083584,1.614848,0.250880,1.949312
1719,traditional,0.086656,1.562624,0.540672,2.189952
1720,traditional,0.087296,1.517568,0.246784,1.851648
1721,traditional,0.100352,1.488896,0.501760,2.091008
1722,traditional,0.086976,1.661952,0.249856,1.998784
1723,traditional,0.084192,1.579008,0.242688,1.905888
1724,traditional,0.093312,1.490944,0.244736,1.828992
1725,traditional,0.097280,1.538048,0.433152,2.068480
1726,traditional,0.087936,1.542144,0.242688,1.872768
1727,traditional,0.087488,1.470464,0.240640,1.798592
1728,traditional,0.086432,1.537024,0.246784,1.870240
1729,traditional,0.083008,1.772544,0.432128,2.287680
1730,traditional,0.083680,1.615872,0.258048,1.957600
1731,traditional,0.082688,1.576960,0.242688,1.902336
1732,traditional,0.076032,1.289216,0.217088,1.582336
1733,traditional,0.075488,1.379328,0.218112,1.672928
1734,traditional,0.078816,1.296384,0.212992,1.588192
1735,traditional,0.073216,1.516544,0.231424,1.821184
1736,traditional,0.073952,1.120256,0.212992,1.407200
1737,traditional,0.073440,1.533952,0.231424,1.838816
1738,traditional,0.073696,1.087488,0.212992,1.374176
1739,traditional,0.081376,1.543168,0.229376,1.853920
1740,traditional,0.073600,1.085440,0.221184,1.380224
1741,traditional,0.087072,1.494016,0.221184,1.802272
1742,traditional,0.074528,1.369088,0.214016,1.657632
1743,traditional,0.081440,1.278976,0.209920,1.570336
1744,traditional,0.080096,1.351680,0.212992,1.644768
1745,traditional,0.076960,1.259520,0.209920,1.546400
1746,traditional,0.073056,1.075200,0.208896,1.357152
1747,traditional,0.078816,1.317888,0.212992,1.609696
1748,traditional,0.072416,1.100800,0.215040,1.388256
1749,traditional,0.078464,1.304576,0.209920,1.592960
1750,traditional,0.072640,1.092608,0.209920,1.375168
1751,traditional,0.073440,1.422336,0.219136,1.714912
1752,traditional,0.078240,1.301504,0.206848,1.586592
1753,traditional,0.075584,1.500160,0.218112,1.793856
1754,traditional,0.079168,1.064960,0.205824,1.349952
1755,traditional,0.075072,1.386496,0.222208,1.683776
1756,traditional,0.073216,1.073152,0.206848,1.353216
1757,traditional,0.075456,1.384448,0.222208,1.682112
1758,traditional,0.071648,1.063936,0.206848,1.342432
1759,traditional,0.076800,1.415168,0.241664,1.733632
1760,traditional,0.072544,1.087488,0.210944,1.370976
1761,traditional,0.078176,1.238016,0.205824,1.522016
1762,traditional,0.075232,1.343488,0.208896,1.627616
1763,traditional,0.077440,1.294336,0.205824,1.577600
1764,traditional,0.073856,1.347584,0.210944,1.632384
1765,traditional,0.095168,1.098752,0.205824,1.399744
1766,traditional,0.076896,1.258496,0.204800,1.540192
1767,traditional,0.076320,1.310720,0.208896,1.595936
1768,traditional,0.072256,1.335296,0.207872,1.615424
1769,traditional,0.071136,1.296384,0.207872,1.575392
1770,traditional,0.076736,1.413120,0.206848,1.696704
1771,traditional,0.074720,1.263616,0.201728,1.540064
1772,traditional,0.069664,1.055744,0.204800,1.330208
1773,traditional,0.080544,1.957888,0.382976,2.421408
1774,traditional,0.142368,2.686976,0.208896,3.038240
1775,traditional,0.072736,1.246208,0.204800,1.523744
1776,traditional,0.079744,1.278976,0.206848,1.565568
1777,traditional,0.094272,1.361920,0.215040,1.671232
1778,traditional,0.077600,1.248256,0.207872,1.533728
1779,traditional,0.071200,1.347584,0.209920,1.628704
1780,traditional,0.077120,1.300480,0.206848,1.584448
1781,traditional,0.073216,1.074176,0.210944,1.358336
1782,traditional,0.132576,2.771968,0.396288,3.300832
1783,traditional,0.136768,1.967104,0.376832,2.480704
1784,traditional,0.072800,1.422336,0.216064,1.711200
1785,traditional,0.071968,1.281024,0.211968,1.564960
1786,traditional,0.079232,1.236992,0.207872,1.524096
1787,traditional,0.070496,1.325056,0.209920,1.605472
1788,traditional,0.074112,1.854464,0.708608,2.637184
1789,traditional,0.132960,2.679808,0.216064,3.028832
1790,traditional,0.079968,1.522688,0.216064,1.818720
1791,traditional,0.081440,1.072128,0.214016,1.367584
1792,traditional,0.086496,1.481728,0.210944,1.779168
1793,traditional,0.073600,1.084416,0.209920,1.367936
1794,traditional,0.081248,1.418240,0.218112,1.717600
1795,traditional,0.078880,1.299456,0.209920,1.588256
1796,traditional,0.088544,1.501184,0.223232,1.812960
1797,traditional,0.072864,1.068032,0.208896,1.349792
1798,traditional,0.074176,1.629184,0.227328,1.930688
1799,traditional,0.073120,1.718272,0.716800,2.508192
1800,traditional,0.133728,2.797568,0.248832,3.180128
1801,traditional,0.074848,1.409024,0.216064,1.699936
1802,traditional,0.078272,1.305600,0.209920,1.593792
1803,traditional,0.073120,1.346560,0.211968,1.631648
1804,traditional,0.075488,1.257472,0.208896,1.541856
1805,traditional,0.083840,1.387520,0.210944,1.682304
1806,traditional,0.081280,1.262592,0.209920,1.553792
1807,traditional,0.076768,1.399808,0.216064,1.692640
1808,traditional,0.081664,1.478656,0.395264,1.955584
1809,traditional,0.142432,2.644992,0.602112,3.389536
1810,traditional,0.135360,1.659904,0.220160,2.015424
1811,traditional,0.072384,1.292288,0.208896,1.573568
1812,traditional,0.076960,1.302528,0.227328,1.606816
1813,traditional,0.146656,2.832384,0.397312,3.376352
1814,traditional,0.130976,1.792000,0.446464,2.369440
1815,traditional,0.076288,1.395712,0.215040,1.687040
1816,traditional,0.078816,1.344512,0.214016,1.637344
1817,traditional,0.093216,1.292288,0.211968,1.597472
1818,traditional,0.073120,1.307648,0.215040,1.595808
1819,traditional,0.080032,1.297408,0.210944,1.588384
1820,traditional,0.073376,1.375232,0.214016,1.662624
1821,traditional,0.077568,1.260544,0.211968,1.550080
1822,traditional,0.077056,1.337344,0.214016,1.628416
1823,traditional,0.079264,1.269760,0.210944,1.559968
1824,traditional,0.073536,1.591296,0.801792,2.466624
1825,traditional,0.152288,3.079168,0.459776,3.691232
1826,traditional,0.135232,1.816576,0.242688,2.194496
1827,traditional,0.082112,1.476608,0.249856,1.808576
1828,traditional,0.087104,1.408000,0.239616,1.734720
1829,traditional,0.081440,1.219584,0.241664,1.542688
1830,traditional,0.083296,1.485824,0.240640,1.809760
1831,traditional,0.081440,1.616896,0.246784,1.945120
1832,traditional,0.087008,1.539072,0.248832,1.874912
1833,traditional,0.088768,1.507328,0.499712,2.095808
1834,traditional,0.091584,1.456128,0.245760,1.793472
1835,traditional,0.083648,1.556480,0.246784,1.886912
1836,traditional,0.085024,1.520640,0.245760,1.851424
1837,traditional,0.089344,1.681408,0.252928,2.023680
1838,traditional,0.084896,1.445888,0.453632,1.984416
1839,traditional,0.082944,1.732608,0.259072,2.074624
1840,traditional,0.085344,1.280000,0.252928,1.618272
1841,traditional,0.091968,1.617920,0.276480,1.986368
1842,traditional,0.085760,1.239040,0.243712,1.568512
1843,traditional,0.086176,1.510400,0.242688,1.839264
1844,traditional,0.083840,1.625088,0.257024,1.965952
1845,traditional,0.087200,1.612800,0.425984,2.125984
1846,traditional,0.082912,1.611776,0.247808,1.942496
1847,traditional,0.087744,1.455104,0.240640,1.783488
1848,traditional,0.082528,1.443840,0.240640,1.767008
1849,traditional,0.087808,1.445888,0.243712,1.777408
1850,traditional,0.083136,1.462272,0.240640,1.786048
1851,traditional,0.084928,1.403904,0.236544,1.725376
1852,traditional,0.081088,1.437696,0.240640,1.759424
1853,traditional,0.087648,1.408000,0.236544,1.732192
1854,traditional,0.081120,1.604608,0.240640,1.926368
1855,traditional,0.082976,1.611776,0.256000,1.950752
1856,traditional,0.081888,1.504256,0.238592,1.824736
1857,traditional,0.094720,1.615872,0.245760,1.956352
1858,traditional,0.090688,1.586176,0.238592,1.915456
1859,traditional,0.089536,1.427456,0.236544,1.753536
1860,traditional,0.080128,1.539072,0.244736,1.863936
1861,traditional,0.083840,1.492992,0.242688,1.819520
1862,traditional,0.143488,1.665024,0.247808,2.056320
1863,traditional,0.094656,1.256448,0.242688,1.593792
1864,traditional,0.083776,1.455104,0.241664,1.780544
1865,traditional,0.098560,1.539072,0.244736,1.882368
1866,traditional,0.086944,1.495040,0.520192,2.102176
1867,traditional,0.083136,1.428480,0.235520,1.747136
1868,traditional,0.083552,1.456128,0.233472,1.773152
1869,traditional,0.084160,1.373184,0.234496,1.691840
1870,traditional,0.085024,1.412096,0.235520,1.732640
1871,traditional,0.083520,1.431552,0.236544,1.751616
1872,traditional,0.096128,1.398784,0.232448,1.727360
1873,traditional,0.080320,1.440768,0.236544,1.757632
1874,traditional,0.090144,1.426432,0.232448,1.749024
1875,traditional,0.079232,1.419264,0.235520,1.734016
1876,traditional,0.084160,1.469440,0.237568,1.791168
1877,traditional,0.080800,1.432576,0.241664,1.755040
1878,traditional,0.087168,1.429504,0.235520,1.752192
1879,traditional,0.080256,1.449984,0.235520,1.765760
1880,traditional,0.095840,1.418240,0.235520,1.749600
1881,traditional,0.081120,1.444864,0.263168,1.789152
1882,traditional,0.086688,1.436672,0.235520,1.758880
1883,traditional,0.079680,1.434624,0.239616,1.753920
1884,traditional,0.085504,1.445888,0.235520,1.766912
1885,traditional,0.080544,1.427456,0.238592,1.746592
1886,traditional,0.082336,1.517568,0.239616,1.839520
1887,traditional,0.084480,1.439744,0.235520,1.759744
1888,traditional,0.085312,1.551360,0.244736,1.881408
1889,traditional,0.086080,1.459200,0.239616,1.784896
1890,traditional,0.086656,1.458176,0.235520,1.780352
1891,traditional,0.080768,1.219584,0.239616,1.539968
1892,traditional,0.080992,1.520640,0.239616,1.841248
1893,traditional,0.085888,1.417216,0.236544,1.739648
1894,traditional,0.084448,1.558528,0.247808,1.890784
1895,traditional,0.082816,1.438720,0.240640,1.762176
1896,traditional,0.087840,1.423360,0.242688,1.753888
1897,traditional,0.084672,1.220608,0.236544,1.541824
1898,traditional,0.085984,1.587200,0.252928,1.926112
1899,traditional,0.085888,1.647616,0.249856,1.983360
1900,traditional,0.088672,1.441792,0.241664,1.772128
1901,traditional,0.086144,1.536000,0.244736,1.866880
1902,traditional,0.091040,1.453056,0.242688,1.786784
1903,traditional,0.084960,1.588224,0.244736,1.917920
1904,traditional,0.086624,1.473536,0.241664,1.801824
1905,traditional,0.085248,1.473536,0.492544,2.051328
1906,traditional,0.083648,1.600512,0.246784,1.930944
1907,traditional,0.083008,1.507328,0.241664,1.832000
1908,traditional,0.082848,1.589248,0.239616,1.911712
1909,traditional,0.082304,1.554432,0.241664,1.878400
1910,traditional,0.081984,1.490944,0.239616,1.812544
1911,traditional,0.088736,1.614848,0.248832,1.952416
1912,traditional,0.089984,1.242112,0.238592,1.570688
1913,traditional,0.084288,1.742848,0.250880,2.078016
1914,traditional,0.085600,1.228800,0.237568,1.551968
1915,traditional,0.086432,1.743872,0.250880,2.081184
1916,traditional,0.086176,1.235968,0.243712,1.565856
1917,traditional,0.097152,1.591296,0.248832,1.937280
1918,traditional,0.082592,1.525760,0.241664,1.850016
1919,traditional,0.083744,1.460224,0.237568,1.781536
1920,traditional,0.082624,1.519616,0.240640,1.842880
1921,traditional,0.087104,1.461248,0.238592,1.786944
1922,traditional,0.082592,1.464320,0.238592,1.785504
1923,traditional,0.087840,1.313792,0.216064,1.617696
1924,traditional,0.073536,1.345536,0.216064,1.635136
1925,traditional,0.078656,1.321984,0.212992,1.613632
1926,traditional,0.073888,1.087488,0.230400,1.391776
1927,traditional,0.078112,1.350656,0.215040,1.643808
1928,traditional,0.079680,1.421312,0.215040,1.716032
1929,traditional,0.077984,1.276928,0.211968,1.566880
1930,traditional,0.076416,1.104896,0.217088,1.398400
1931,traditional,0.079520,1.351680,0.215040,1.646240
1932,traditional,0.075136,1.280000,0.212992,1.568128
1933,traditional,0.081504,1.546240,0.229376,1.857120
1934,traditional,0.073184,1.063936,0.209920,1.347040
1935,traditional,0.076096,1.259520,0.206848,1.542464
1936,traditional,0.075904,1.067008,0.206848,1.349760
1937,traditional,0.080800,1.417216,0.219136,1.717152
1938,traditional,0.072384,1.315840,0.214016,1.602240
1939,traditional,0.076640,1.274880,0.206848,1.558368
1940,traditional,0.071968,1.091584,0.207872,1.371424
1941,traditional,0.077088,1.274880,0.210944,1.562912
1942,traditional,0.072032,1.070080,0.206848,1.348960
1943,traditional,0.076960,1.403904,0.218112,1.698976
1944,traditional,0.099296,1.248256,0.206848,1.554400
1945,traditional,0.075904,1.474560,0.223232,1.773696
1946,traditional,0.075616,1.058816,0.206848,1.341280
1947,traditional,0.081280,1.289216,0.208896,1.579392
1948,traditional,0.073888,1.326080,0.209920,1.609888
1949,traditional,0.076448,1.244160,0.209920,1.530528
1950,traditional,0.071456,1.354752,0.209920,1.636128
1951,traditional,0.077984,1.251328,0.206848,1.536160
1952,traditional,0.074976,1.077248,0.206848,1.359072
1953,traditional,0.076800,1.398784,0.216064,1.691648
1954,traditional,0.078944,1.243136,0.206848,1.528928
1955,traditional,0.071552,1.390592,0.220160,1.682304
1956,traditional,0.133344,2.399232,0.396288,2.928864
1957,traditional,0.131904,1.568768,0.206848,1.907520
1958,traditional,0.075680,1.415168,0.215040,1.705888
1959,traditional,0.081376,1.248256,0.207872,1.537504
1960,traditional,0.075680,1.391616,0.221184,1.688480
1961,traditional,0.075808,1.053696,0.205824,1.335328
1962,traditional,0.078112,1.310720,0.209920,1.598752
1963,traditional,0.072256,1.295360,0.210944,1.578560
1964,traditional,0.081344,1.363968,0.209920,1.655232
1965,traditional,0.077120,1.258496,0.206848,1.542464
1966,traditional,0.076960,1.595392,0.393216,2.065568
1967,traditional,0.130240,2.092032,0.694272,2.916544
1968,traditional,0.131424,1.666048,0.206848,2.004320
1969,traditional,0.071136,1.343488,0.210944,1.625568
1970,traditional,0.075136,1.240064,0.203776,1.518976
1971,traditional,0.069856,1.353728,0.218112,1.641696
1972,traditional,0.076128,1.041408,0.210944,1.328480
1973,traditional,0.069824,1.475584,0.222208,1.767616
1974,traditional,0.073888,1.052672,0.202752,1.329312
1975,traditional,0.075488,1.473536,0.221184,1.770208
1976,traditional,0.070752,1.050624,0.203776,1.325152
1977,traditional,0.073088,1.358848,0.391168,1.823104
1978,traditional,0.129504,2.629632,0.391168,3.150304
1979,traditional,0.129728,1.896448,0.215040,2.241216
1980,traditional,0.075296,1.397760,0.210944,1.684000
1981,traditional,0.071936,1.232896,0.203776,1.508608
1982,traditional,0.072512,1.756160,0.912384,2.741056
1983,traditional,0.128928,1.520640,0.206848,1.856416
1984,traditional,0.070560,1.334272,0.456704,1.861536
1985,traditional,0.076512,1.248256,0.204800,1.529568
1986,traditional,0.079360,1.870848,0.399360,2.349568
1987,traditional,0.134368,2.665472,0.396288,3.196128
1988,traditional,0.131328,1.463296,0.207872,1.802496
1989,traditional,0.088352,1.288192,0.206848,1.583392
1990,traditional,0.071808,1.076224,0.209920,1.357952
1991,traditional,0.076256,1.386496,0.223232,1.685984
1992,traditional,0.073408,1.786880,0.710656,2.570944
1993,traditional,0.137472,2.752512,0.215040,3.105024
1994,traditional,0.077568,1.429504,0.219136,1.726208
1995,traditional,0.074560,1.083392,0.209920,1.367872
1996,traditional,0.078336,1.442816,0.225280,1.746432
1997,traditional,0.074688,1.316864,0.211968,1.603520
1998,traditional,0.079264,1.331200,0.215040,1.625504
1999,traditional,0.084032,1.094656,0.215040,1.393728
2000,traditional,0.075008,1.432576,0.231424,1.739008
2001,traditional,0.141984,2.744320,0.420864,3.307168
2002,traditional,0.134656,2.100224,0.220160,2.455040
2003,traditional,0.074176,1.449984,0.219136,1.743296
2004,traditional,0.074720,1.362944,0.212992,1.650656
2005,traditional,0.078784,1.453056,0.217088,1.748928
2006,traditional,0.088960,1.268736,0.219136,1.576832
2007,traditional,0.072448,1.420288,0.222208,1.714944
2008,traditional,0.072992,1.086464,0.211968,1.371424
2009,traditional,0.078560,1.582080,0.404480,2.065120
2010,traditional,0.133216,2.443264,0.401408,2.977888
2011,traditional,0.132320,1.589248,0.377856,2.099424
2012,traditional,0.084992,1.418240,0.217088,1.720320
2013,traditional,0.091648,1.715200,0.441344,2.248192
2014,traditional,0.158304,3.268608,0.443392,3.870304
2015,traditional,0.144384,1.589248,0.404480,2.138112
2016,traditional,0.083424,1.387520,0.228352,1.699296
2017,traditional,0.095168,1.449984,0.230400,1.775552
2018,traditional,0.087488,1.388544,0.227328,1.703360
2019,traditional,0.078304,1.531904,0.228352,1.838560
2020,traditional,0.082816,1.382400,0.227328,1.692544
2021,traditional,0.077184,1.537024,0.229376,1.843584
2022,traditional,0.079648,1.563648,0.242688,1.885984
2023,traditional,0.082944,1.625088,0.242688,1.950720
2024,traditional,0.081984,1.540096,0.239616,1.861696
2025,traditional,0.088672,1.614848,0.237568,1.941088
2026,traditional,0.087296,1.420288,0.236544,1.744128
2027,traditional,0.086880,1.455104,0.235520,1.777504
2028,traditional,0.087616,1.414144,0.235520,1.737280
2029,traditional,0.080448,1.471488,0.235520,1.787456
2030,traditional,0.090016,1.434624,0.235520,1.760160
2031,traditional,0.079904,1.243136,0.237568,1.560608
2032,traditional,0.085856,1.466368,0.235520,1.787744
2033,traditional,0.085216,1.549312,0.238592,1.873120
2034,traditional,0.089856,1.435648,0.235520,1.761024
2035,traditional,0.084896,1.466368,0.235520,1.786784
2036,traditional,0.089728,1.439744,0.235520,1.764992
2037,traditional,0.080960,1.512448,0.494592,2.088000
2038,traditional,0.080672,1.623040,0.267264,1.970976
2039,traditional,0.081600,1.236992,0.241664,1.560256
2040,traditional,0.084064,1.537024,0.242688,1.863776
2041,traditional,0.088192,1.447936,0.235520,1.771648
2042,traditional,0.096864,1.431552,0.235520,1.763936
2043,traditional,0.081312,1.448960,0.235520,1.765792
2044,traditional,0.080960,1.554432,0.239616,1.875008
2045,traditional,0.084064,1.622016,0.242688,1.948768
2046,traditional,0.085984,1.406976,0.235520,1.728480
2047,traditional,0.080864,1.441792,0.238592,1.761248
2048,traditional,0.081792,1.515520,0.239616,1.836928
2049,traditional,0.085952,1.433600,0.239616,1.759168
2050,traditional,0.097984,1.414144,0.235520,1.747648
2051,traditional,0.080768,1.604608,0.238592,1.923968
2052,traditional,0.086752,1.457152,0.235520,1.779424
2053,traditional,0.093152,1.223680,0.250880,1.567712
2054,traditional,0.089504,1.447936,0.235520,1.772960
2055,traditional,0.080128,1.235968,0.235520,1.551616
2056,traditional,0.085824,1.530880,0.236544,1.853248
2057,traditional,0.080288,1.451008,0.239616,1.770912
2058,traditional,0.082112,1.516544,0.242688,1.841344
2059,traditional,0.085088,1.462272,0.246784,1.794144
2060,traditional,0.112736,1.463296,0.241664,1.817696
2061,traditional,0.081632,1.505280,0.236544,1.823456
2062,traditional,0.090176,1.402880,0.239616,1.732672
2063,traditional,0.080704,1.435648,0.239616,1.755968
2064,traditional,0.087488,1.403904,0.235520,1.726912
2065,traditional,0.081024,1.503232,0.238592,1.822848
2066,traditional,0.080768,1.588224,0.237568,1.906560
2067,traditional,0.080928,1.516544,0.237568,1.835040
2068,traditional,0.085792,1.459200,0.234496,1.779488
2069,traditional,0.080032,1.529856,0.237568,1.847456
2070,traditional,0.084416,1.429504,0.235520,1.749440
2071,traditional,0.083840,1.543168,0.237568,1.864576
2072,traditional,0.086336,1.445888,0.235520,1.767744
2073,traditional,0.080960,1.457152,0.235520,1.773632
2074,traditional,0.085472,1.445888,0.235520,1.766880
2075,traditional,0.080064,1.464320,0.239616,1.784000
2076,traditional,0.085856,1.416192,0.235520,1.737568
2077,traditional,0.080736,1.438720,0.236544,1.756000
2078,traditional,0.085536,1.426432,0.232448,1.744416
2079,traditional,0.079808,1.413120,0.235520,1.728448
2080,traditional,0.090080,1.497088,0.234496,1.821664
2081,traditional,0.080256,1.605632,0.254976,1.940864
2082,traditional,0.085568,1.460224,0.236544,1.782336
2083,traditional,0.085440,1.614848,0.243712,1.944000
2084,traditional,0.084672,1.433600,0.235520,1.753792
2085,traditional,0.080064,1.233920,0.239616,1.553600
2086,traditional,0.083040,1.211392,0.236544,1.530976
2087,traditional,0.093248,1.690624,0.245760,2.029632
2088,traditional,0.082336,1.246208,0.239616,1.568160
2089,traditional,0.087744,1.452032,0.236544,1.776320
2090,traditional,0.080000,1.506304,0.235520,1.821824
2091,traditional,0.082592,1.455104,0.234496,1.772192
2092,traditional,0.096800,1.455104,0.239616,1.791520
2093,traditional,0.083616,1.391616,0.232448,1.707680
2094,traditional,0.079936,1.676288,0.247808,2.004032
2095,traditional,0.081024,1.243136,0.239616,1.563776
2096,traditional,0.080640,1.610752,0.241664,1.933056
2097,traditional,0.080448,1.186816,0.230400,1.497664
2098,traditional,0.080224,1.380352,0.229376,1.689952
2099,traditional,0.094688,1.473536,0.257024,1.825248
2100,traditional,0.082464,1.454080,0.231424,1.767968
