frame,renderPath,shadowMs,sceneMs,postProcessMs,frameMs
1,traditional,0.078368,1.143808,0.221184,1.443360
2,traditional,0.083456,1.148928,0.221184,1.453568
3,traditional,0.081440,1.137664,0.225280,1.444384
4,traditional,0.077632,1.744896,0.225280,2.047808
5,traditional,0.082784,1.454080,0.228352,1.765216
6,traditional,0.078528,1.132544,0.221184,1.432256
7,traditional,0.086240,1.351680,0.225280,1.663200
8,traditional,0.080384,1.174528,0.222208,1.477120
9,traditional,0.080928,1.144832,0.221184,1.446944
10,traditional,0.077024,1.152000,0.221184,1.450208
11,traditional,0.083776,1.150976,0.221184,1.455936
12,traditional,0.080896,1.142784,0.223232,1.446912
13,traditional,0.082208,1.138688,0.222208,1.443104
14,traditional,0.081376,1.354752,0.222208,1.658336
15,traditional,0.078464,1.327104,0.223232,1.628800
16,traditional,0.090208,1.398784,0.221184,1.710176
17,traditional,0.080416,1.142784,0.220160,1.443360
18,traditional,0.082976,1.350656,0.221184,1.654816
19,traditional,0.076640,1.124352,0.221184,1.422176
20,traditional,0.075840,1.596416,0.237568,1.909824
21,traditional,0.076256,1.130496,0.223232,1.429984
22,traditional,0.083648,1.475584,0.233472,1.792704
23,traditional,0.076256,1.406976,0.224256,1.707488
24,traditional,0.080864,1.317888,0.221184,1.619936
25,traditional,0.076576,1.178624,0.228352,1.483552
26,traditional,0.080192,1.346560,0.221184,1.647936
27,traditional,0.076800,1.180672,0.236544,1.494016
28,traditional,0.082976,1.396736,0.222208,1.701920
29,traditional,0.087648,1.211392,0.221184,1.520224
30,traditional,0.077312,1.187840,0.222208,1.487360
31,traditional,0.080448,1.137664,0.221184,1.439296
32,traditional,0.078272,1.185792,0.221184,1.485248
33,traditional,0.081024,1.162240,0.221184,1.464448
34,traditional,0.076992,1.159168,0.220160,1.456320
35,traditional,0.083040,1.161216,0.221184,1.465440
36,traditional,0.076640,1.338368,0.233472,1.648480
37,traditional,0.085248,1.445888,0.225280,1.756416
38,traditional,0.078944,1.534976,0.225280,1.839200
39,traditional,0.086304,1.353728,0.222208,1.662240
40,traditional,0.080032,1.127424,0.221184,1.428640
41,traditional,0.079360,1.494016,0.233472,1.806848
42,traditional,0.083904,1.155072,0.225280,1.464256
43,traditional,0.093664,1.355776,0.221184,1.670624
44,traditional,0.079744,1.406976,0.223232,1.709952
45,traditional,0.080768,1.325056,0.224256,1.630080
46,traditional,0.079232,1.432576,0.224256,1.736064
47,traditional,0.081152,1.323008,0.221184,1.625344
48,traditional,0.075680,1.172480,0.225280,1.473440
49,traditional,0.084800,1.316864,0.224256,1.625920
50,traditional,0.075616,1.175552,0.224256,1.475424
51,traditional,0.077024,1.411072,0.224256,1.712352
52,traditional,0.076032,1.421312,0.224256,1.721600
53,traditional,0.081312,1.495040,0.230400,1.806752
54,traditional,0.082976,1.348608,0.226304,1.657888
55,traditional,0.082816,1.341440,0.226304,1.650560
56,traditional,0.081856,1.498112,0.230400,1.810368
57,traditional,0.081952,1.404928,0.227328,1.714208
58,traditional,0.080640,1.395712,0.224256,1.700608
59,traditional,0.079072,1.128448,0.237568,1.445088
60,traditional,0.083008,1.423360,0.224256,1.730624
61,traditional,0.082272,1.339392,0.221184,1.642848
62,traditional,0.090656,1.335296,0.221184,1.647136
63,traditional,0.082208,1.325056,0.221184,1.628448
64,traditional,0.076480,1.463296,0.224256,1.764032
65,traditional,0.082368,1.374208,0.225280,1.681856
66,traditional,0.076576,1.358848,0.226304,1.661728
67,traditional,0.080288,1.172480,0.225280,1.478048
68,traditional,0.081504,1.135616,0.221184,1.438304
69,traditional,0.076064,1.378304,0.224256,1.678624
70,traditional,0.082240,1.432576,0.224256,1.739072
71,traditional,0.075712,1.383424,0.222208,1.681344
72,traditional,0.089408,1.362944,0.221184,1.673536
73,traditional,0.082112,1.155072,0.222208,1.459392
74,traditional,0.081120,1.572864,0.238592,1.892576
75,traditional,0.078720,1.147904,0.228352,1.454976
76,traditional,0.079328,1.538048,0.229376,1.846752
77,traditional,0.079424,1.142784,0.225280,1.447488
78,traditional,0.082368,1.363968,0.222208,1.668544
79,traditional,0.078176,1.152000,0.227328,1.457504
80,traditional,0.077632,1.512448,0.229376,1.819456
81,traditional,0.081888,1.337344,0.226304,1.645536
82,traditional,0.081408,1.471488,0.231424,1.784320
83,traditional,0.081600,1.400832,0.224256,1.706688
84,traditional,0.081312,1.461248,0.231424,1.773984
85,traditional,0.078240,1.328128,0.227328,1.633696
86,traditional,0.077312,1.486848,0.225280,1.789440
87,traditional,0.081408,1.337344,0.224256,1.643008
88,traditional,0.094592,1.403904,0.223232,1.721728
89,traditional,0.099808,1.465344,0.223232,1.788384
90,traditional,0.081952,1.320960,0.221184,1.624096
91,traditional,0.079872,1.377280,0.224256,1.681408
92,traditional,0.076608,1.376256,0.227328,1.680192
93,traditional,0.077248,1.356800,0.225280,1.659328
94,traditional,0.083232,1.401856,0.221184,1.706272
95,traditional,0.082528,1.415168,0.224256,1.721952
96,traditional,0.080320,1.327104,0.220160,1.627584
97,traditional,0.076288,1.406976,0.223232,1.706496
98,traditional,0.084224,1.475584,0.230400,1.790208
99,traditional,0.080608,1.334272,0.233472,1.648352
100,traditional,0.090112,1.371136,0.225280,1.686528
101,traditional,0.091936,1.412096,0.223232,1.727264
102,traditional,0.077056,1.124352,0.221184,1.422592
103,traditional,0.079008,1.431552,0.223232,1.733792
104,traditional,0.077632,1.127424,0.220160,1.425216
105,traditional,0.086080,1.593344,0.236544,1.915968
106,traditional,0.076832,1.127424,0.221184,1.425440
107,traditional,0.081632,1.426432,0.224256,1.732320
108,traditional,0.075968,1.405952,0.222208,1.704128
109,traditional,0.085440,1.338368,0.221184,1.644992
110,traditional,0.076352,1.419264,0.224256,1.719872
111,traditional,0.082080,1.334272,0.221184,1.637536
112,traditional,0.079232,1.429504,0.223232,1.731968
113,traditional,0.081856,1.337344,0.220160,1.639360
114,traditional,0.079040,1.398784,0.223232,1.701056
115,traditional,0.095488,1.378304,0.221184,1.694976
116,traditional,0.076000,1.127424,0.224256,1.427680
117,traditional,0.077216,1.438720,0.225280,1.741216
118,traditional,0.082144,1.348608,0.221184,1.651936
119,traditional,0.083904,1.529856,0.228352,1.842112
120,traditional,0.080416,1.135616,0.224256,1.440288
121,traditional,0.083072,1.350656,0.220160,1.653888
122,traditional,0.075776,1.153024,0.224256,1.453056
123,traditional,0.078848,1.334272,0.221184,1.634304
124,traditional,0.075968,1.132544,0.225280,1.433792
125,traditional,0.077504,1.415168,0.225280,1.717952
126,traditional,0.080032,1.334272,0.221184,1.635488
127,traditional,0.079360,1.556480,0.237568,1.873408
128,traditional,0.076448,1.123328,0.220160,1.419936
129,traditional,0.085728,1.515520,0.229376,1.830624
130,traditional,0.077024,1.149952,0.225280,1.452256
131,traditional,0.082016,1.334272,0.221184,1.637472
132,traditional,0.076800,1.092608,0.204800,1.374208
133,traditional,0.079968,1.380352,0.214016,1.674336
134,traditional,0.075136,1.061888,0.209920,1.346944
135,traditional,0.074880,1.410048,0.214016,1.698944
136,traditional,0.077280,1.384448,0.209920,1.671648
137,traditional,0.083264,1.255424,0.208896,1.547584
138,traditional,0.074688,1.061888,0.208896,1.345472
139,traditional,0.081024,1.245184,0.209920,1.536128
140,traditional,0.077216,1.260544,0.204800,1.542560
141,traditional,0.087392,1.403904,0.212992,1.704288
142,traditional,0.078528,1.248256,0.202752,1.529536
143,traditional,0.082048,1.380352,0.216064,1.678464
144,traditional,0.071904,1.024000,0.201728,1.297632
145,traditional,0.071168,1.366016,0.217088,1.654272
146,traditional,0.070432,1.027072,0.200704,1.298208
147,traditional,0.080576,1.363968,0.217088,1.661632
148,traditional,0.073312,1.025024,0.200704,1.299040
149,traditional,0.073440,1.459200,0.220160,1.752800
150,traditional,0.070528,1.028096,0.201728,1.300352
151,traditional,0.074848,1.455104,0.220160,1.750112
152,traditional,0.071616,1.031168,0.200704,1.303488
153,traditional,0.077632,1.408000,0.217088,1.702720
154,traditional,0.070688,1.085440,0.205824,1.361952
155,traditional,0.069792,1.220608,0.202752,1.493152
156,traditional,0.070240,1.277952,0.209920,1.558112
157,traditional,0.086784,1.236992,0.201728,1.525504
158,traditional,0.069024,1.022976,0.200704,1.292704
159,traditional,0.075264,1.380352,0.214016,1.669632
160,traditional,0.075456,1.222656,0.202752,1.500864
161,traditional,0.075232,1.416192,0.211968,1.703392
162,traditional,0.071424,1.303552,0.211968,1.586944
163,traditional,0.076832,1.223680,0.202752,1.503264
164,traditional,0.069824,1.034240,0.203776,1.307840
165,traditional,0.077472,1.348608,0.217088,1.643168
166,traditional,0.069952,1.037312,0.206848,1.314112
167,traditional,0.079872,1.281024,0.204800,1.565696
168,traditional,0.071168,1.323008,0.205824,1.600000
169,traditional,0.072960,1.229824,0.206848,1.509632
170,traditional,0.077824,1.320960,0.205824,1.604608
171,traditional,0.077440,1.226752,0.202752,1.506944
172,traditional,0.070016,1.035264,0.205824,1.311104
173,traditional,0.076416,1.242112,0.215040,1.533568
174,traditional,0.069472,1.027072,0.201728,1.298272
175,traditional,0.088640,1.361920,0.217088,1.667648
176,traditional,0.070624,1.298432,0.221184,1.590240
177,traditional,0.074880,1.217536,0.202752,1.495168
178,traditional,0.069792,1.030144,0.201728,1.301664
179,traditional,0.080192,1.488896,0.220160,1.789248
180,traditional,0.070880,1.028096,0.201728,1.300704
181,traditional,0.081248,1.340416,0.217088,1.638752
182,traditional,0.070016,1.025024,0.201728,1.296768
183,traditional,0.099360,1.376256,0.216064,1.691680
184,traditional,0.071872,1.323008,0.209920,1.604800
185,traditional,0.076320,1.231872,0.204800,1.512992
186,traditional,0.071008,1.039360,0.205824,1.316192
187,traditional,0.073600,1.352704,0.220160,1.646464
188,traditional,0.071744,1.046528,0.205824,1.324096
189,traditional,0.080992,1.409024,0.214016,1.704032
190,traditional,0.076992,1.266688,0.205824,1.549504
191,traditional,0.076224,1.304576,0.201728,1.582528
192,traditional,0.070720,1.294336,0.204800,1.569856
193,traditional,0.076352,1.262592,0.201728,1.540672
194,traditional,0.070240,1.045504,0.205824,1.321568
195,traditional,0.075968,1.265664,0.204800,1.546432
196,traditional,0.071136,1.046528,0.200704,1.318368
197,traditional,0.073920,1.339392,0.216064,1.629376
198,traditional,0.070144,1.069056,0.217088,1.356288
199,traditional,0.074336,1.034240,0.202752,1.311328
200,traditional,0.069888,1.290240,0.205824,1.565952
201,traditional,0.076320,1.221632,0.201728,1.499680
202,traditional,0.070624,1.035264,0.219136,1.325024
203,traditional,0.072000,1.355776,0.210944,1.638720
204,traditional,0.075616,1.222656,0.201728,1.500000
205,traditional,0.072768,1.380352,0.216064,1.669184
206,traditional,0.071584,1.045504,0.201728,1.318816
207,traditional,0.076384,1.216512,0.205824,1.498720
208,traditional,0.073472,1.027072,0.201728,1.302272
209,traditional,0.079616,1.233920,0.201728,1.515264
210,traditional,0.069056,1.029120,0.200704,1.298880
211,traditional,0.077760,1.340416,0.216064,1.634240
212,traditional,0.070784,1.024000,0.201728,1.296512
213,traditional,0.078592,1.348608,0.216064,1.643264
214,traditional,0.073600,1.021952,0.200704,1.296256
215,traditional,0.075008,1.388544,0.211968,1.675520
216,traditional,0.072480,1.045504,0.205824,1.323808
217,traditional,0.083200,1.222656,0.205824,1.511680
218,traditional,0.075040,1.223680,0.202752,1.501472
219,traditional,0.072992,1.441792,0.220160,1.734944
220,traditional,0.071232,1.026048,0.201728,1.299008
221,traditional,0.069664,1.428480,0.216064,1.714208
222,traditional,0.070432,1.026048,0.201728,1.298208
223,traditional,0.086080,1.362944,0.209920,1.658944
224,traditional,0.071296,1.022976,0.201728,1.296000
225,traditional,0.075776,1.269760,0.203776,1.549312
226,traditional,0.083456,1.034240,0.205824,1.323520
227,traditional,0.073728,1.384448,0.210944,1.669120
228,traditional,0.074528,1.263616,0.201728,1.539872
229,traditional,0.077152,1.359872,0.216064,1.653088
230,traditional,0.072512,1.247232,0.205824,1.525568
231,traditional,0.074880,1.045504,0.201728,1.322112
232,traditional,0.072416,1.217536,0.205824,1.495776
233,traditional,0.074464,1.034240,0.200704,1.309408
234,traditional,0.074080,1.273856,0.203776,1.551712
235,traditional,0.072128,1.249280,0.202752,1.524160
236,traditional,0.087776,1.196032,0.204800,1.488608
237,traditional,0.076704,1.189888,0.200704,1.467296
238,traditional,0.069472,1.286144,0.203776,1.559392
239,traditional,0.071808,1.361920,0.209920,1.643648
240,traditional,0.085024,1.367040,0.209920,1.661984
241,traditional,0.075264,1.281024,0.204800,1.561088
242,traditional,0.074784,1.208320,0.199680,1.482784
243,traditional,0.074976,1.359872,0.209920,1.644768
244,traditional,0.070016,1.212416,0.201728,1.484160
245,traditional,0.068928,1.438720,0.219136,1.726784
246,traditional,0.070176,1.017856,0.199680,1.287712
247,traditional,0.076992,1.289216,0.203776,1.569984
248,traditional,0.077856,1.047552,0.205824,1.331232
249,traditional,0.077344,1.391616,0.216064,1.685024
250,traditional,0.076288,1.233920,0.206848,1.517056
251,traditional,0.073728,1.507328,0.223232,1.804288
252,traditional,0.072256,1.052672,0.205824,1.330752
253,traditional,0.076512,1.315840,0.209920,1.602272
254,traditional,0.071424,1.044480,0.205824,1.321728
255,traditional,0.076928,1.254400,0.211968,1.543296
256,traditional,0.076992,1.238016,0.206848,1.521856
257,traditional,0.070592,1.461248,0.225280,1.757120
258,traditional,0.071904,1.071104,0.205824,1.348832
259,traditional,0.076832,1.391616,0.214016,1.682464
260,traditional,0.072096,1.043456,0.212992,1.328544
261,traditional,0.075616,1.387520,0.215040,1.678176
262,traditional,0.078688,1.230848,0.208896,1.518432
263,traditional,0.071552,1.457152,0.223232,1.751936
264,traditional,0.084736,1.044480,0.203776,1.332992
265,traditional,0.080800,1.443840,0.215040,1.739680
266,traditional,0.072032,1.254400,0.205824,1.532256
267,traditional,0.078432,1.356800,0.219136,1.654368
268,traditional,0.070784,1.042432,0.204800,1.318016
269,traditional,0.081888,1.367040,0.220160,1.669088
270,traditional,0.075072,1.042432,0.204800,1.322304
271,traditional,0.088032,1.363968,0.219136,1.671136
272,traditional,0.071456,1.231872,0.206848,1.510176
273,traditional,0.077504,1.401856,0.217088,1.696448
274,traditional,0.072960,1.236992,0.205824,1.515776
275,traditional,0.076480,1.445888,0.223232,1.745600
276,traditional,0.071648,1.049600,0.204800,1.326048
277,traditional,0.085344,1.448960,0.224256,1.758560
278,traditional,0.071264,1.042432,0.204800,1.318496
279,traditional,0.075872,1.492992,0.223232,1.792096
280,traditional,0.071776,1.031168,0.200704,1.303648
281,traditional,0.079200,1.267712,0.215040,1.561952
282,traditional,0.071488,1.291264,0.204800,1.567552
283,traditional,0.071904,1.355776,0.212992,1.640672
284,traditional,0.082304,1.210368,0.202752,1.495424
285,traditional,0.077056,1.232896,0.200704,1.510656
286,traditional,0.069600,1.312768,0.208896,1.591264
287,traditional,0.077056,1.225728,0.201728,1.504512
288,traditional,0.075744,1.302528,0.208896,1.587168
289,traditional,0.071008,1.029120,0.200704,1.300832
290,traditional,0.069376,1.295360,0.204800,1.569536
291,traditional,0.071008,1.354752,0.205824,1.631584
292,traditional,0.077152,1.211392,0.200704,1.489248
293,traditional,0.074816,1.356800,0.215040,1.646656
294,traditional,0.072576,1.028096,0.200704,1.301376
295,traditional,0.078144,1.378304,0.209920,1.666368
296,traditional,0.075168,1.041408,0.202752,1.319328
297,traditional,0.075328,1.381376,0.210944,1.667648
298,traditional,0.075360,1.218560,0.204800,1.498720
299,traditional,0.069728,1.437696,0.221184,1.728608
300,traditional,0.070688,1.033216,0.202752,1.306656
301,traditional,0.073728,1.346560,0.217088,1.637376
302,traditional,0.071008,1.027072,0.201728,1.299808
303,traditional,0.070400,1.439744,0.254976,1.765120
304,traditional,0.070368,1.027072,0.202752,1.300192
305,traditional,0.075104,1.427456,0.222208,1.724768
306,traditional,0.072096,1.029120,0.202752,1.303968
307,traditional,0.075136,1.333248,0.218112,1.626496
308,traditional,0.071040,1.026048,0.201728,1.298816
309,traditional,0.077472,1.340416,0.217088,1.634976
310,traditional,0.070144,1.033216,0.201728,1.305088
311,traditional,0.072512,1.227776,0.206848,1.507136
312,traditional,0.071456,1.222656,0.204800,1.498912
313,traditional,0.079584,1.444864,0.222208,1.746656
314,traditional,0.071200,1.040384,0.203776,1.315360
315,traditional,0.075872,1.445888,0.223232,1.744992
316,traditional,0.072032,1.042432,0.204800,1.319264
317,traditional,0.078016,1.367040,0.220160,1.665216
318,traditional,0.075136,1.044480,0.203776,1.323392
319,traditional,0.076256,1.235968,0.203776,1.516000
320,traditional,0.070592,1.033216,0.203776,1.307584
321,traditional,0.072480,1.235968,0.206848,1.515296
322,traditional,0.074528,1.223680,0.204800,1.503008
323,traditional,0.072960,1.456128,0.221184,1.750272
324,traditional,0.074592,1.043456,0.201728,1.319776
325,traditional,0.084576,1.363968,0.221184,1.669728
326,traditional,0.080352,1.047552,0.205824,1.333728
327,traditional,0.083776,1.283072,0.204800,1.571648
328,traditional,0.072320,1.247232,0.202752,1.522304
329,traditional,0.078432,1.474560,0.220160,1.773152
330,traditional,0.073504,1.025024,0.202752,1.301280
331,traditional,0.077280,1.275904,0.204800,1.557984
332,traditional,0.081824,1.339392,0.205824,1.627040
333,traditional,0.078112,1.253376,0.202752,1.534240
334,traditional,0.082208,1.061888,0.206848,1.350944
335,traditional,0.079904,1.245184,0.202752,1.527840
336,traditional,0.069568,1.041408,0.202752,1.313728
337,traditional,0.076864,1.380352,0.217088,1.674304
338,traditional,0.070464,1.034240,0.202752,1.307456
339,traditional,0.103232,1.376256,0.211968,1.691456
340,traditional,0.070176,1.031168,0.205824,1.307168
341,traditional,0.071872,1.387520,0.210944,1.670336
342,traditional,0.080064,1.219584,0.203776,1.503424
343,traditional,0.073440,1.476608,0.230400,1.780448
344,traditional,0.069920,1.031168,0.200704,1.301792
345,traditional,0.074144,1.367040,0.216064,1.657248
346,traditional,0.071360,1.059840,0.200704,1.331904
347,traditional,0.074752,1.425408,0.210944,1.711104
348,traditional,0.080512,1.592320,0.220160,1.892992
349,traditional,0.076256,1.203200,0.201728,1.481184
350,traditional,0.071168,1.030144,0.201728,1.303040
351,traditional,0.071264,1.028096,0.201728,1.301088
352,traditional,0.070784,1.039360,0.205824,1.315968
353,traditional,0.086816,1.238016,0.202752,1.527584
354,traditional,0.069376,1.078272,0.201728,1.349376
355,traditional,0.082752,1.287168,0.204800,1.574720
356,traditional,0.075648,1.029120,0.201728,1.306496
357,traditional,0.075936,1.434624,0.220160,1.730720
358,traditional,0.070464,1.049600,0.200704,1.320768
359,traditional,0.079104,1.376256,0.209920,1.665280
360,traditional,0.076064,1.240064,0.201728,1.517856
361,traditional,0.075680,1.387520,0.216064,1.679264
362,traditional,0.070720,1.086464,0.205824,1.363008
363,traditional,0.074656,1.226752,0.200704,1.502112
364,traditional,0.073536,1.029120,0.200704,1.303360
365,traditional,0.081280,1.490944,0.232448,1.804672
366,traditional,0.070304,1.046528,0.200704,1.317536
367,traditional,0.074656,1.475584,0.219136,1.769376
368,traditional,0.071040,1.030144,0.201728,1.302912
369,traditional,0.076416,1.225728,0.197632,1.499776
370,traditional,0.069984,1.030144,0.201728,1.301856
371,traditional,0.080576,1.246208,0.201728,1.528512
372,traditional,0.081760,1.045504,0.200704,1.327968
373,traditional,0.084256,1.459200,0.220160,1.763616
374,traditional,0.071360,1.037312,0.205824,1.314496
375,traditional,0.077440,1.256448,0.202752,1.536640
376,traditional,0.075616,1.105920,0.205824,1.387360
377,traditional,0.088800,1.233920,0.202752,1.525472
378,traditional,0.069632,1.046528,0.201728,1.317888
379,traditional,0.075008,1.379328,0.210944,1.665280
380,traditional,0.070272,1.045504,0.205824,1.321600
381,traditional,0.078848,1.368064,0.214016,1.660928
382,traditional,0.075584,1.229824,0.203776,1.509184
383,traditional,0.070144,1.417216,0.212992,1.700352
384,traditional,0.070144,1.244160,0.201728,1.516032
385,traditional,0.080160,1.362944,0.217088,1.660192
386,traditional,0.070112,1.039360,0.205824,1.315296
387,traditional,0.075424,1.247232,0.205824,1.528480
388,traditional,0.070048,1.055744,0.200704,1.326496
389,traditional,0.075936,1.416192,0.209920,1.702048
390,traditional,0.087904,1.240064,0.201728,1.529696
391,traditional,0.073888,1.506304,0.217088,1.797280
392,traditional,0.070944,1.071104,0.202752,1.344800
393,traditional,0.079328,1.238016,0.202752,1.520096
394,traditional,0.070656,1.036288,0.201728,1.308672
395,traditional,0.069824,1.363968,0.217088,1.650880
396,traditional,0.131232,2.364416,0.388096,2.883744
397,traditional,0.130720,1.770496,0.455680,2.356896
398,traditional,0.075712,1.400832,0.210944,1.687488
399,traditional,0.073760,1.242112,0.202752,1.518624
400,traditional,0.072800,1.083392,0.206848,1.363040
401,traditional,0.071360,1.046528,0.202752,1.320640
402,traditional,0.069760,1.359872,0.218112,1.647744
403,traditional,0.069984,1.045504,0.201728,1.317216
404,traditional,0.069664,1.453056,0.221184,1.743904
405,traditional,0.074336,1.042432,0.201728,1.318496
406,traditional,0.078656,1.427456,0.224256,1.730368
407,traditional,0.073984,1.355776,0.223232,1.652992
408,traditional,0.089632,1.338368,0.230400,1.658400
409,traditional,0.078368,1.388544,0.226304,1.693216
410,traditional,0.081280,1.316864,0.220160,1.618304
411,traditional,0.078688,1.334272,0.219136,1.632096
412,traditional,0.079904,1.399808,0.222208,1.701920
413,traditional,0.076608,1.550336,0.228352,1.855296
414,traditional,0.081024,1.344512,0.220160,1.645696
415,traditional,0.076064,1.136640,0.223232,1.435936
416,traditional,0.082304,1.490944,0.228352,1.801600
417,traditional,0.075392,1.420288,0.223232,1.718912
418,traditional,0.082176,1.318912,0.219136,1.620224
419,traditional,0.075168,1.351680,0.224256,1.651104
420,traditional,0.088640,1.489920,0.228352,1.806912
421,traditional,0.083840,1.340416,0.224256,1.648512
422,traditional,0.078944,1.366016,0.223232,1.668192
423,traditional,0.083168,1.128448,0.219136,1.430752
424,traditional,0.080736,1.458176,0.232448,1.771360
425,traditional,0.076576,1.337344,0.224256,1.638176
426,traditional,0.080352,1.570816,0.225280,1.876448
427,traditional,0.076800,1.123328,0.219136,1.419264
428,traditional,0.082656,1.473536,0.231424,1.787616
429,traditional,0.087360,1.451008,0.228352,1.766720
430,traditional,0.082560,1.374208,0.225280,1.682048
431,traditional,0.076992,1.169408,0.230400,1.476800
432,traditional,0.077856,1.441792,0.229376,1.749024
433,traditional,0.080416,1.356800,0.225280,1.662496
434,traditional,0.087136,1.525760,0.235520,1.848416
435,traditional,0.082240,1.379328,0.229376,1.690944
436,traditional,0.080864,1.544192,0.230400,1.855456
437,traditional,0.080928,1.486848,0.228352,1.796128
438,traditional,0.084256,1.351680,0.222208,1.658144
439,traditional,0.080288,1.411072,0.224256,1.715616
440,traditional,0.093184,1.458176,0.226304,1.777664
441,traditional,0.081344,1.382400,0.235520,1.699264
442,traditional,0.077184,1.437696,0.226304,1.741184
443,traditional,0.084608,1.340416,0.226304,1.651328
444,traditional,0.079200,1.501184,0.230400,1.810784
445,traditional,0.077536,1.401856,0.225280,1.704672
446,traditional,0.082048,1.318912,0.222208,1.623168
447,traditional,0.079616,1.347584,0.228352,1.655552
448,traditional,0.081920,1.400832,0.225280,1.708032
449,traditional,0.076960,1.404928,0.224256,1.706144
450,traditional,0.082880,1.328128,0.221184,1.632192
451,traditional,0.075648,1.386496,0.225280,1.687424
452,traditional,0.086816,1.364992,0.221184,1.672992
453,traditional,0.076224,1.419264,0.224256,1.719744
454,traditional,0.085248,1.351680,0.221184,1.658112
455,traditional,0.076256,1.400832,0.223232,1.700320
456,traditional,0.082656,1.335296,0.221184,1.639136
457,traditional,0.076096,1.398784,0.223232,1.698112
458,traditional,0.088640,1.333248,0.225280,1.647168
459,traditional,0.080512,1.395712,0.222208,1.698432
460,traditional,0.081696,1.306624,0.220160,1.608480
461,traditional,0.075584,1.345536,0.224256,1.645376
462,traditional,0.080224,1.307648,0.220160,1.608032
463,traditional,0.075424,1.343488,0.224256,1.643168
464,traditional,0.078400,1.360896,0.221184,1.660480
465,traditional,0.076384,1.359872,0.235520,1.671776
466,traditional,0.091680,1.342464,0.219136,1.653280
467,traditional,0.075872,1.386496,0.223232,1.685600
468,traditional,0.082272,1.310720,0.219136,1.612128
469,traditional,0.075776,1.342464,0.225280,1.643520
470,traditional,0.080320,1.343488,0.222208,1.646016
471,traditional,0.076384,1.144832,0.226304,1.447520
472,traditional,0.080992,1.337344,0.222208,1.640544
473,traditional,0.079936,1.156096,0.225280,1.461312
474,traditional,0.082144,1.340416,0.221184,1.643744
475,traditional,0.076832,1.410048,0.224256,1.711136
476,traditional,0.093344,1.343488,0.220160,1.656992
477,traditional,0.076416,1.127424,0.224256,1.428096
478,traditional,0.082144,1.336320,0.220160,1.638624
479,traditional,0.076096,1.127424,0.220160,1.423680
480,traditional,0.081216,1.507328,0.229376,1.817920
481,traditional,0.078592,1.137664,0.221184,1.437440
482,traditional,0.081344,1.476608,0.228352,1.786304
483,traditional,0.081472,1.308672,0.220160,1.610304
484,traditional,0.094848,1.497088,0.228352,1.820288
485,traditional,0.078560,1.325056,0.221184,1.624800
486,traditional,0.088672,1.576960,0.233472,1.899104
487,traditional,0.083424,1.169408,0.223232,1.476064
488,traditional,0.076256,1.505280,0.235520,1.817056
489,traditional,0.077728,1.337344,0.227328,1.642400
490,traditional,0.088576,1.368064,0.227328,1.683968
491,traditional,0.081088,1.340416,0.223232,1.644736
492,traditional,0.081632,1.468416,0.236544,1.786592
493,traditional,0.078048,1.340416,0.228352,1.646816
494,traditional,0.078336,1.424384,0.227328,1.730048
495,traditional,0.084416,1.388544,0.223232,1.696192
496,traditional,0.081824,1.516544,0.233472,1.831840
497,traditional,0.082496,1.317888,0.223232,1.623616
498,traditional,0.093152,1.502208,0.231424,1.826784
499,traditional,0.086272,1.317888,0.223232,1.627392
500,traditional,0.080768,1.515520,0.231424,1.827712
501,traditional,0.081984,1.337344,0.223232,1.642560
502,traditional,0.081984,1.707008,0.236544,2.025536
503,traditional,0.094016,1.193984,0.207872,1.495872
504,traditional,0.081088,1.478656,0.216064,1.775808
505,traditional,0.071872,1.071104,0.210944,1.353920
506,traditional,0.077536,1.295360,0.209920,1.582816
507,traditional,0.072000,1.055744,0.206848,1.334592
508,traditional,0.076224,1.455104,0.225280,1.756608
509,traditional,0.073056,1.052672,0.210944,1.336672
510,traditional,0.072672,1.248256,0.215040,1.535968
511,traditional,0.079200,1.251328,0.206848,1.537376
512,traditional,0.072384,1.395712,0.211968,1.680064
513,traditional,0.084736,1.262592,0.207872,1.555200
514,traditional,0.083200,1.509376,0.223232,1.815808
515,traditional,0.071936,1.055744,0.207872,1.335552
516,traditional,0.076896,1.420288,0.220160,1.717344
517,traditional,0.071616,1.313792,0.208896,1.594304
518,traditional,0.084160,1.289216,0.207872,1.581248
519,traditional,0.095072,1.328128,0.207872,1.631072
520,traditional,0.090880,1.243136,0.204800,1.538816
521,traditional,0.071680,1.290240,0.207872,1.569792
522,traditional,0.075520,1.238016,0.204800,1.518336
523,traditional,0.070272,1.088512,0.208896,1.367680
524,traditional,0.077088,1.254400,0.204800,1.536288
525,traditional,0.080928,1.040384,0.201728,1.323040
526,traditional,0.086368,1.312768,0.204800,1.603936
527,traditional,0.076224,1.276928,0.205824,1.558976
528,traditional,0.082592,1.355776,0.210944,1.649312
529,traditional,0.076800,1.388544,0.215040,1.680384
530,traditional,0.079360,1.225728,0.208896,1.513984
531,traditional,0.075296,1.227776,0.205824,1.508896
532,traditional,0.073440,1.363968,0.206848,1.644256
533,traditional,0.075648,1.214464,0.202752,1.492864
534,traditional,0.081504,1.356800,0.216064,1.654368
535,traditional,0.070976,1.037312,0.205824,1.314112
536,traditional,0.080288,1.241088,0.205824,1.527200
537,traditional,0.070848,1.033216,0.204800,1.308864
538,traditional,0.071200,1.451008,0.225280,1.747488
539,traditional,0.076192,1.053696,0.203776,1.333664
540,traditional,0.070016,1.371136,0.219136,1.660288
541,traditional,0.071776,1.086464,0.203776,1.362016
542,traditional,0.088576,1.269760,0.206848,1.565184
543,traditional,0.072128,1.040384,0.208896,1.321408
544,traditional,0.073856,1.243136,0.212992,1.529984
545,traditional,0.077632,1.255424,0.204800,1.537856
546,traditional,0.070784,1.468416,0.222208,1.761408
547,traditional,0.072192,1.053696,0.203776,1.329664
548,traditional,0.073056,1.474560,0.223232,1.770848
549,traditional,0.075616,1.041408,0.203776,1.320800
550,traditional,0.080096,1.241088,0.204800,1.525984
551,traditional,0.074176,1.045504,0.203776,1.323456
552,traditional,0.080352,1.297408,0.207872,1.585632
553,traditional,0.071616,1.046528,0.210944,1.329088
554,traditional,0.075808,1.226752,0.203776,1.506336
555,traditional,0.079072,1.250304,0.202752,1.532128
556,traditional,0.069728,1.477632,0.250880,1.798240
557,traditional,0.099616,1.051648,0.202752,1.354016
558,traditional,0.075360,1.361920,0.218112,1.655392
559,traditional,0.070688,1.032192,0.203776,1.306656
560,traditional,0.078368,1.295360,0.205824,1.579552
561,traditional,0.071968,1.238016,0.207872,1.517856
562,traditional,0.079808,1.363968,0.216064,1.659840
563,traditional,0.079648,1.267712,0.203776,1.551136
564,traditional,0.076704,1.247232,0.203776,1.527712
565,traditional,0.081536,1.069056,0.208896,1.359488
566,traditional,0.076800,1.271808,0.203776,1.552384
567,traditional,0.076576,1.073152,0.216064,1.365792
568,traditional,0.076768,1.247232,0.203776,1.527776
569,traditional,0.071488,1.040384,0.203776,1.315648
570,traditional,0.076064,1.462272,0.221184,1.759520
571,traditional,0.071168,1.052672,0.205824,1.329664
572,traditional,0.087072,1.515520,0.224256,1.826848
573,traditional,0.071424,1.051648,0.206848,1.329920
574,traditional,0.074912,1.394688,0.211968,1.681568
575,traditional,0.076128,1.232896,0.203776,1.512800
576,traditional,0.075520,1.370112,0.217088,1.662720
577,traditional,0.074688,1.856512,0.390144,2.321344
578,traditional,0.601152,2.307072,0.467968,3.376192
579,traditional,0.073568,1.290240,0.206848,1.570656
580,traditional,0.077600,1.230848,0.203776,1.512224
581,traditional,0.070208,1.300480,0.206848,1.577536
582,traditional,0.076160,1.245184,0.205824,1.527168
583,traditional,0.078976,1.319936,0.214016,1.612928
584,traditional,0.076896,1.224704,0.208896,1.510496
585,traditional,0.074112,1.092608,0.204800,1.371520
586,traditional,0.096992,1.553408,0.222208,1.872608
587,traditional,0.152448,2.612224,0.394240,3.158912
588,traditional,0.131840,1.551360,0.206848,1.890048
589,traditional,0.076288,1.221632,0.204800,1.502720
590,traditional,0.071040,1.045504,0.204800,1.321344
591,traditional,0.076416,1.486848,0.224256,1.787520
592,traditional,0.071904,1.049600,0.209920,1.331424
593,traditional,0.076064,1.244160,0.205824,1.526048
594,traditional,0.071360,1.059840,0.204800,1.336000
595,traditional,0.075968,1.398784,0.214016,1.688768
596,traditional,0.071936,1.052672,0.208896,1.333504
597,traditional,0.076608,1.259520,0.204800,1.540928
598,traditional,0.076576,1.057792,0.225280,1.359648
599,traditional,0.082688,1.540096,0.234496,1.857280
600,traditional,0.078560,1.189888,0.231424,1.499872
601,traditional,0.078400,1.456128,0.231424,1.765952
602,traditional,0.086400,1.366016,0.226304,1.678720
603,traditional,0.081280,1.504256,0.236544,1.822080
604,traditional,0.081632,1.366016,0.226304,1.673952
605,traditional,0.080896,1.590272,0.228352,1.899520
606,traditional,0.078528,1.162240,0.222208,1.462976
607,traditional,0.082304,1.605632,0.236544,1.924480
608,traditional,0.077664,1.146880,0.223232,1.447776
609,traditional,0.077056,1.602560,0.237568,1.917184
610,traditional,0.079136,1.166336,0.222208,1.467680
611,traditional,0.079072,1.600512,0.240640,1.920224
612,traditional,0.078432,1.160192,0.227328,1.465952
613,traditional,0.078304,1.523712,0.239616,1.841632
614,traditional,0.096160,1.423360,0.233472,1.752992
615,traditional,0.084416,1.544192,0.237568,1.866176
616,traditional,0.079232,1.172480,0.232448,1.484160
617,traditional,0.079776,1.458176,0.232448,1.770400
618,traditional,0.087392,1.370112,0.228352,1.685856
619,traditional,0.086592,1.507328,0.238592,1.832512
620,traditional,0.082912,1.366016,0.230400,1.679328
621,traditional,0.082304,1.500160,0.233472,1.815936
622,traditional,0.082208,1.416192,0.227328,1.725728
623,traditional,0.081568,1.632256,0.241664,1.955488
624,traditional,0.082688,1.149952,0.226304,1.458944
625,traditional,0.077152,1.606656,0.241664,1.925472
626,traditional,0.078464,1.156096,0.226304,1.460864
627,traditional,0.096384,1.648640,0.237568,1.982592
628,traditional,0.078432,1.163264,0.226304,1.468000
629,traditional,0.085600,1.532928,0.236544,1.855072
630,traditional,0.081504,1.190912,0.231424,1.503840
631,traditional,0.084672,1.463296,0.228352,1.776320
632,traditional,0.079488,1.383424,0.230400,1.693312
633,traditional,0.085920,1.360896,0.226304,1.673120
634,traditional,0.082624,1.392640,0.230400,1.705664
635,traditional,0.082752,1.375232,0.226304,1.684288
636,traditional,0.077664,1.175552,0.226304,1.479520
637,traditional,0.076928,1.731584,0.242688,2.051200
638,traditional,0.078752,1.168384,0.229376,1.476512
639,traditional,0.097120,1.539072,0.234496,1.870688
640,traditional,0.078592,1.431552,0.227328,1.737472
641,traditional,0.085120,1.361920,0.225280,1.672320
642,traditional,0.077120,1.396736,0.228352,1.702208
643,traditional,0.078784,1.443840,0.229376,1.752000
644,traditional,0.109920,1.384448,0.225280,1.719648
645,traditional,0.089632,1.528832,0.233472,1.851936
646,traditional,0.078048,1.362944,0.224256,1.665248
647,traditional,0.080864,1.766400,0.234496,2.081760
648,traditional,0.078400,1.158144,0.224256,1.460800
649,traditional,0.081504,1.600512,0.239616,1.921632
650,traditional,0.079008,1.160192,0.226304,1.465504
651,traditional,0.078464,1.530880,0.237568,1.846912
652,traditional,0.085856,1.187840,0.229376,1.503072
653,traditional,0.079776,1.597440,0.242688,1.919904
654,traditional,0.078560,1.466368,0.229376,1.774304
655,traditional,0.083232,1.373184,0.227328,1.683744
656,traditional,0.077408,1.400832,0.231424,1.709664
657,traditional,0.083872,1.378304,0.235520,1.697696
658,traditional,0.076832,1.184768,0.226304,1.487904
659,traditional,0.091968,1.676288,0.232448,2.000704
660,traditional,0.078880,1.433600,0.232448,1.744928
661,traditional,0.082144,1.369088,0.226304,1.677536
662,traditional,0.077280,1.467392,0.230400,1.775072
663,traditional,0.083872,1.546240,0.234496,1.864608
664,traditional,0.078336,1.449984,0.228352,1.756672
665,traditional,0.083232,1.362944,0.226304,1.672480
666,traditional,0.077408,1.434624,0.226304,1.738336
667,traditional,0.082560,1.364992,0.225280,1.672832
668,traditional,0.080960,1.377280,0.229376,1.687616
669,traditional,0.082496,1.371136,0.225280,1.678912
670,traditional,0.080960,1.157120,0.228352,1.466432
671,traditional,0.094688,1.427456,0.228352,1.750496
672,traditional,0.083808,1.396736,0.229376,1.709920
673,traditional,0.088608,1.502208,0.228352,1.819168
674,traditional,0.080000,1.463296,0.227328,1.770624
675,traditional,0.084928,1.372160,0.225280,1.682368
676,traditional,0.080672,1.173504,0.228352,1.482528
677,traditional,0.079872,1.530880,0.237568,1.848320
678,traditional,0.080608,1.416192,0.230400,1.727200
679,traditional,0.083488,1.492992,0.232448,1.808928
680,traditional,0.082976,1.385472,0.230400,1.698848
681,traditional,0.083840,1.357824,0.226304,1.667968
682,traditional,0.077600,1.169408,0.234496,1.481504
683,traditional,0.082784,1.423360,0.229376,1.735520
684,traditional,0.079584,1.367040,0.230400,1.677024
685,traditional,0.084032,1.447936,0.230400,1.762368
686,traditional,0.081984,1.364992,0.230400,1.677376
687,traditional,0.083808,1.413120,0.229376,1.726304
688,traditional,0.106240,1.532928,0.234496,1.873664
689,traditional,0.081280,1.466368,0.231424,1.779072
690,traditional,0.081376,1.375232,0.230400,1.687008
691,traditional,0.082560,1.355776,0.226304,1.664640
692,traditional,0.078144,1.152000,0.230400,1.460544
693,traditional,0.094848,1.418240,0.229376,1.742464
694,traditional,0.081728,1.449984,0.229376,1.761088
695,traditional,0.083584,1.353728,0.226304,1.663616
696,traditional,0.078304,1.388544,0.230400,1.697248
697,traditional,0.082784,1.259520,0.208896,1.551200
698,traditional,0.071360,1.055744,0.210944,1.338048
699,traditional,0.076800,1.262592,0.207872,1.547264
700,traditional,0.074816,1.055744,0.206848,1.337408
701,traditional,0.071552,1.472512,0.226304,1.770368
702,traditional,0.073088,1.057792,0.206848,1.337728
703,traditional,0.071872,1.489920,0.225280,1.787072
704,traditional,0.080096,1.075200,0.206848,1.362144
705,traditional,0.077536,1.399808,0.216064,1.693408
706,traditional,0.080960,1.240064,0.207872,1.528896
707,traditional,0.077728,1.395712,0.219136,1.692576
708,traditional,0.072480,1.065984,0.210944,1.349408
709,traditional,0.077920,1.394688,0.211968,1.684576
710,traditional,0.072480,1.317888,0.210944,1.601312
711,traditional,0.078816,1.280000,0.207872,1.566688
712,traditional,0.071648,1.318912,0.210944,1.601504
713,traditional,0.076448,1.233920,0.210944,1.521312
714,traditional,0.071904,1.063936,0.206848,1.342688
715,traditional,0.076704,1.393664,0.216064,1.686432
716,traditional,0.071392,1.065984,0.208896,1.346272
717,traditional,0.077280,1.232896,0.204800,1.514976
718,traditional,0.071008,1.051648,0.208896,1.331552
719,traditional,0.075904,1.087488,0.203776,1.367168
720,traditional,0.102528,1.288192,0.206848,1.597568
721,traditional,0.076320,1.226752,0.204800,1.507872
722,traditional,0.076416,1.232896,0.207872,1.517184
723,traditional,0.075296,1.275904,0.206848,1.558048
724,traditional,0.071360,1.291264,0.206848,1.569472
725,traditional,0.076640,1.208320,0.201728,1.486688
726,traditional,0.070208,1.254400,0.205824,1.530432
727,traditional,0.076096,1.232896,0.201728,1.510720
728,traditional,0.069920,1.029120,0.201728,1.300768
729,traditional,0.070464,1.466368,0.220160,1.756992
730,traditional,0.070880,1.028096,0.200704,1.299680
731,traditional,0.072352,1.356800,0.217088,1.646240
732,traditional,0.070432,1.575936,0.388096,2.034464
733,traditional,0.139424,2.599936,0.381952,3.121312
734,traditional,0.069696,1.315840,0.202752,1.588288
735,traditional,0.074496,1.249280,0.206848,1.530624
736,traditional,0.071776,1.330176,0.210944,1.612896
737,traditional,0.080352,1.234944,0.206848,1.522144
738,traditional,0.071392,1.057792,0.206848,1.336032
739,traditional,0.082752,1.414144,0.216064,1.712960
740,traditional,0.072480,1.060864,0.210944,1.344288
741,traditional,0.077696,1.416192,0.216064,1.709952
742,traditional,0.076320,1.065984,0.210944,1.353248
743,traditional,0.073888,1.253376,0.211968,1.539232
744,traditional,0.080160,1.275904,0.207872,1.563936
745,traditional,0.078176,1.504256,0.227328,1.809760
746,traditional,0.073088,1.061888,0.208896,1.343872
747,traditional,0.079072,1.313792,0.210944,1.603808
748,traditional,0.073248,1.272832,0.212992,1.559072
749,traditional,0.074112,1.349632,0.214016,1.637760
750,traditional,0.075424,1.245184,0.208896,1.529504
751,traditional,0.077568,1.378304,0.344064,1.799936
752,traditional,0.133248,2.669568,0.401408,3.204224
753,traditional,0.132800,1.546240,0.209920,1.888960
754,traditional,0.077408,1.419264,0.216064,1.712736
755,traditional,0.080704,1.252352,0.206848,1.539904
756,traditional,0.072544,1.331200,0.210944,1.614688
757,traditional,0.074336,1.052672,0.206848,1.333856
758,traditional,0.071104,1.428480,0.220160,1.719744
759,traditional,0.076480,1.252352,0.207872,1.536704
760,traditional,0.076832,1.385472,0.220160,1.682464
761,traditional,0.071584,1.249280,0.207872,1.528736
762,traditional,0.075616,1.376256,0.221184,1.673056
763,traditional,0.073472,1.090560,0.212992,1.377024
764,traditional,0.081376,1.283072,0.208896,1.573344
765,traditional,0.072576,1.065984,0.208896,1.347456
766,traditional,0.075552,1.491968,0.226304,1.793824
767,traditional,0.076160,1.069056,0.208896,1.354112
768,traditional,0.074464,1.419264,0.218112,1.711840
769,traditional,0.078304,1.262592,0.208896,1.549792
770,traditional,0.076896,1.373184,0.223232,1.673312
771,traditional,0.074048,1.321984,0.217088,1.613120
772,traditional,0.077856,1.253376,0.205824,1.537056
773,traditional,0.071584,1.043456,0.209920,1.324960
774,traditional,0.076096,1.232896,0.204800,1.513792
775,traditional,0.087552,1.274880,0.205824,1.568256
776,traditional,0.074208,1.333248,0.207872,1.615328
777,traditional,0.072320,1.061888,0.205824,1.340032
778,traditional,0.074912,1.421312,0.219136,1.715360
779,traditional,0.070752,1.043456,0.212992,1.327200
780,traditional,0.072224,1.318912,0.211968,1.603104
781,traditional,0.074592,1.251328,0.210944,1.536864
782,traditional,0.129760,2.826240,0.400384,3.356384
783,traditional,0.133280,2.102272,0.208896,2.444448
784,traditional,0.071392,1.272832,0.207872,1.552096
785,traditional,0.075872,1.412096,0.224256,1.712224
786,traditional,0.072672,1.043456,0.204800,1.320928
787,traditional,0.082016,1.463296,0.223232,1.768544
788,traditional,0.073248,1.057792,0.204800,1.335840
789,traditional,0.079392,1.426432,0.218112,1.723936
790,traditional,0.071136,1.924096,0.392192,2.387424
791,traditional,0.461312,2.417664,0.443392,3.322368
792,traditional,0.075424,1.290240,0.206848,1.572512
793,traditional,0.076672,1.361920,0.232448,1.671040
794,traditional,0.089184,1.501184,0.234496,1.824864
795,traditional,0.084704,1.399808,0.232448,1.716960
796,traditional,0.080544,1.402880,0.234496,1.717920
797,traditional,0.084256,1.406976,0.232448,1.723680
798,traditional,0.079904,1.213440,0.236544,1.529888
799,traditional,0.098112,1.425408,0.243712,1.767232
800,traditional,0.080352,1.220608,0.245760,1.546720
801,traditional,0.087872,1.454080,0.239616,1.781568
802,traditional,0.083264,1.462272,0.243712,1.789248
803,traditional,0.082720,1.616896,0.247808,1.947424
804,traditional,0.082464,1.528832,0.241664,1.852960
805,traditional,0.086016,1.435648,0.239616,1.761280
806,traditional,0.082208,1.467392,0.238592,1.788192
807,traditional,0.085952,1.569792,0.243712,1.899456
808,traditional,0.082528,1.447936,0.245760,1.776224
809,traditional,0.082912,1.550336,0.244736,1.877984
810,traditional,0.084992,1.452032,0.245760,1.782784
811,traditional,0.088000,1.440768,0.240640,1.769408
812,traditional,0.081472,1.464320,0.244736,1.790528
813,traditional,0.090784,1.448960,0.240640,1.780384
814,traditional,0.082528,1.463296,0.244736,1.790560
815,traditional,0.085984,1.495040,0.240640,1.821664
816,traditional,0.082496,1.242112,0.244736,1.569344
817,traditional,0.083232,1.580032,0.244736,1.908000
818,traditional,0.082656,1.452032,0.244736,1.779424
819,traditional,0.087520,1.680384,0.250880,2.018784
820,traditional,0.085472,1.222656,0.238592,1.546720
821,traditional,0.085088,1.580032,0.246784,1.911904
822,traditional,0.087648,1.494016,0.243712,1.825376
823,traditional,0.082496,1.609728,0.246784,1.939008
824,traditional,0.082688,1.525760,0.240640,1.849088
825,traditional,0.094720,1.597440,0.246784,1.938944
826,traditional,0.084928,1.655808,0.246784,1.987520
827,traditional,0.088000,1.629184,0.434176,2.151360
828,traditional,0.081696,1.591296,0.257024,1.930016
829,traditional,0.095488,1.506304,0.518144,2.119936
830,traditional,0.088768,1.602560,0.244736,1.936064
831,traditional,0.092896,1.409024,0.237568,1.739488
832,traditional,0.084352,1.563648,0.247808,1.895808
833,traditional,0.089088,1.431552,0.240640,1.761280
834,traditional,0.084192,1.666048,0.240640,1.990880
835,traditional,0.082496,1.217536,0.236544,1.536576
836,traditional,0.087104,1.592320,0.244736,1.924160
837,traditional,0.081760,1.442816,0.234496,1.759072
838,traditional,0.086944,1.549312,0.234496,1.870752
839,traditional,0.086176,1.437696,0.236544,1.760416
840,traditional,0.081408,1.513472,0.237568,1.832448
841,traditional,0.085056,1.405952,0.233472,1.724480
842,traditional,0.085312,1.463296,0.235520,1.784128
843,traditional,0.080608,1.453056,0.237568,1.771232
844,traditional,0.089984,1.464320,0.234496,1.788800
845,traditional,0.080992,1.239040,0.236544,1.556576
846,traditional,0.083968,1.664000,0.417792,2.165760
847,traditional,0.082272,1.424384,0.236544,1.743200
848,traditional,0.085888,1.413120,0.233472,1.732480
849,traditional,0.079776,1.211392,0.237568,1.528736
850,traditional,0.084000,1.612800,0.243712,1.940512
851,traditional,0.099840,1.445888,0.440320,1.986048
852,traditional,0.086720,1.467392,0.237568,1.791680
853,traditional,0.082560,1.241088,0.491520,1.815168
854,traditional,0.098048,1.492992,0.237568,1.828608
855,traditional,0.083776,1.511424,0.239616,1.834816
856,traditional,0.082432,1.515520,0.240640,1.838592
857,traditional,0.085312,1.439744,0.235520,1.760576
858,traditional,0.081760,1.503232,0.239616,1.824608
859,traditional,0.085120,1.430528,0.239616,1.755264
860,traditional,0.088320,1.402880,0.234496,1.725696
861,traditional,0.093120,1.213440,0.239616,1.546176
862,traditional,0.085728,1.394688,0.235520,1.715936
863,traditional,0.080352,1.414144,0.238592,1.733088
864,traditional,0.084480,1.533952,0.243712,1.862144
865,traditional,0.088544,1.417216,0.239616,1.745376
866,traditional,0.092544,1.693696,0.239616,2.025856
867,traditional,0.082592,1.216512,0.236544,1.535648
868,traditional,0.084608,1.573888,0.245760,1.904256
869,traditional,0.086944,1.442816,0.241664,1.771424
870,traditional,0.084800,1.675264,0.240640,2.000704
871,traditional,0.082272,1.507328,0.240640,1.830240
872,traditional,0.086464,1.528832,0.240640,1.855936
873,traditional,0.084352,1.431552,0.236544,1.752448
874,traditional,0.111136,1.599488,0.242688,1.953312
875,traditional,0.085280,1.488896,0.240640,1.814816
876,traditional,0.086656,1.420288,0.237568,1.744512
877,traditional,0.082272,1.457152,0.241664,1.781088
878,traditional,0.085600,1.430528,0.236544,1.752672
879,traditional,0.082080,1.448960,0.240640,1.771680
880,traditional,0.086016,1.423360,0.237568,1.746944
881,traditional,0.081536,1.456128,0.238592,1.776256
882,traditional,0.089568,1.441792,0.240640,1.772000
883,traditional,0.097280,1.438720,0.240640,1.776640
884,traditional,0.082016,1.528832,0.240640,1.851488
885,traditional,0.085024,1.427456,0.237568,1.750048
886,traditional,0.085184,1.573888,0.245760,1.904832
887,traditional,0.078592,1.310720,0.215040,1.604352
888,traditional,0.073664,1.356800,0.215040,1.645504
889,traditional,0.082144,1.333248,0.210944,1.626336
890,traditional,0.077984,1.552384,0.227328,1.857696
891,traditional,0.073792,1.081344,0.209920,1.365056
892,traditional,0.077728,1.330176,0.212992,1.620896
893,traditional,0.073600,1.277952,0.215040,1.566592
894,traditional,0.078144,1.514496,0.223232,1.815872
895,traditional,0.083456,1.082368,0.214016,1.379840
896,traditional,0.072672,1.310720,0.215040,1.598432
897,traditional,0.073760,1.086464,0.212992,1.373216
898,traditional,0.073024,1.350656,0.215040,1.638720
899,traditional,0.077344,1.269760,0.209920,1.557024
900,traditional,0.079488,1.396736,0.225280,1.701504
901,traditional,0.073344,1.079296,0.208896,1.361536
902,traditional,0.101152,1.512448,0.227328,1.840928
903,traditional,0.073056,1.073152,0.209920,1.356128
904,traditional,0.107840,1.455104,0.219136,1.782080
905,traditional,0.072544,1.058816,0.210944,1.342304
906,traditional,0.079008,1.401856,0.216064,1.696928
907,traditional,0.077920,1.240064,0.206848,1.524832
908,traditional,0.077088,1.253376,0.210944,1.541408
909,traditional,0.078112,1.250304,0.206848,1.535264
910,traditional,0.071200,1.477632,0.226304,1.775136
911,traditional,0.072896,1.058816,0.205824,1.337536
912,traditional,0.079808,1.464320,0.225280,1.769408
913,traditional,0.072704,1.056768,0.205824,1.335296
914,traditional,0.071680,1.385472,0.221184,1.678336
915,traditional,0.073024,1.054720,0.204800,1.332544
916,traditional,0.073472,1.456128,0.223232,1.752832
917,traditional,0.084992,1.055744,0.204800,1.345536
918,traditional,0.071104,1.496064,0.223232,1.790400
919,traditional,0.072256,1.065984,0.206848,1.345088
920,traditional,0.076736,1.391616,0.214016,1.682368
921,traditional,0.072096,1.051648,0.208896,1.332640
922,traditional,0.071296,1.245184,0.210944,1.527424
923,traditional,0.077376,1.278976,0.204800,1.561152
924,traditional,0.070912,1.343488,0.207872,1.622272
925,traditional,0.071680,1.042432,0.203776,1.317888
926,traditional,0.083904,1.349632,0.219136,1.652672
927,traditional,0.071264,1.307648,0.212992,1.591904
928,traditional,0.079488,1.220608,0.204800,1.504896
929,traditional,0.070784,1.046528,0.204800,1.322112
930,traditional,0.078688,1.384448,0.214016,1.677152
931,traditional,0.075872,1.231872,0.204800,1.512544
932,traditional,0.070784,1.466368,0.218112,1.755264
933,traditional,0.071424,1.042432,0.203776,1.317632
934,traditional,0.074016,1.330176,0.205824,1.610016
935,traditional,0.071008,1.044480,0.202752,1.318240
936,traditional,0.072448,1.367040,0.214016,1.653504
937,traditional,0.076128,1.256448,0.202752,1.535328
938,traditional,0.071008,1.528832,0.218112,1.817952
939,traditional,0.070848,1.067008,0.203776,1.341632
940,traditional,0.087648,1.393664,0.211968,1.693280
941,traditional,0.071264,1.054720,0.209920,1.335904
942,traditional,0.073504,1.221632,0.203776,1.498912
943,traditional,0.068896,1.304576,0.211968,1.585440
944,traditional,0.076576,1.215488,0.204800,1.496864
945,traditional,0.073920,1.040384,0.203776,1.318080
946,traditional,0.078240,1.360896,0.219136,1.658272
947,traditional,0.071648,1.992704,0.390144,2.454496
948,traditional,0.494912,2.551808,0.215040,3.261760
949,traditional,0.074432,1.288192,0.206848,1.569472
950,traditional,0.075872,1.266688,0.211968,1.554528
951,traditional,0.076544,1.063936,0.203776,1.344256
952,traditional,0.070656,1.039360,0.206848,1.316864
953,traditional,0.075872,1.046528,0.202752,1.325152
954,traditional,0.131808,2.059264,0.384000,2.575072
955,traditional,0.130144,2.206720,0.202752,2.539616
956,traditional,0.073344,1.389568,0.208896,1.671808
957,traditional,0.074624,1.251328,0.201728,1.527680
958,traditional,0.069888,1.044480,0.205824,1.320192
959,traditional,0.071488,1.034240,0.201728,1.307456
960,traditional,0.079936,1.323008,0.204800,1.607744
961,traditional,0.073984,1.073152,0.210944,1.358080
962,traditional,0.072928,1.380352,0.214016,1.667296
963,traditional,0.073216,1.264640,0.210944,1.548800
964,traditional,0.083040,1.356800,0.212992,1.652832
965,traditional,0.080160,1.287168,0.209920,1.577248
966,traditional,0.079456,1.265664,0.210944,1.556064
967,traditional,0.078752,1.265664,0.209920,1.554336
968,traditional,0.076672,1.341440,0.212992,1.631104
969,traditional,0.078432,1.307648,0.210944,1.597024
970,traditional,0.076960,1.357824,0.215040,1.649824
971,traditional,0.076544,1.270784,0.215040,1.562368
972,traditional,0.082656,1.318912,0.211968,1.613536
973,traditional,0.080384,1.284096,0.209920,1.574400
974,traditional,0.071744,1.326080,0.212992,1.610816
975,traditional,0.077664,1.283072,0.210944,1.571680
976,traditional,0.072096,1.123328,0.226304,1.421728
977,traditional,0.078336,1.468416,0.399360,1.946112
978,traditional,0.133632,2.664448,0.396288,3.194368
979,traditional,0.133504,1.653760,0.207872,1.995136
980,traditional,0.368928,1.265664,0.207872,1.842464
981,traditional,0.071232,1.052672,0.206848,1.330752
982,traditional,0.134240,3.027968,0.453632,3.615840
983,traditional,0.147328,2.214912,0.234496,2.596736
984,traditional,0.083360,1.487872,0.232448,1.803680
985,traditional,0.098080,1.499136,0.237568,1.834784
986,traditional,0.082688,1.403904,0.232448,1.719040
987,traditional,0.079840,1.671168,0.246784,1.997792
988,traditional,0.079904,1.199104,0.232448,1.511456
989,traditional,0.079872,1.650688,0.246784,1.977344
990,traditional,0.080288,1.215488,0.239616,1.535392
991,traditional,0.091264,1.278976,0.558080,1.928320
992,traditional,0.082560,1.234944,0.251904,1.569408
993,traditional,0.089088,1.430528,0.239616,1.759232
994,traditional,0.085568,1.499136,0.522240,2.106944
995,traditional,0.093536,1.495040,0.241664,1.830240
996,traditional,0.089312,1.632256,0.247808,1.969376
997,traditional,0.090496,1.591296,0.414720,2.096512
998,traditional,0.092128,1.501184,0.235520,1.828832
999,traditional,0.085568,1.453056,0.233472,1.772096
1000,traditional,0.082592,1.485824,0.237568,1.805984
1001,traditional,0.084736,1.394688,0.234496,1.713920
1002,traditional,0.083648,1.562624,0.235520,1.881792
1003,traditional,0.086272,1.414144,0.234496,1.734912
1004,traditional,0.080672,1.433600,0.234496,1.748768
1005,traditional,0.081408,1.530880,0.240640,1.852928
1006,traditional,0.090720,1.595392,0.240640,1.926752
1007,traditional,0.080480,1.553408,0.240640,1.874528
1008,traditional,0.085664,1.561600,0.241664,1.888928
1009,traditional,0.080544,1.497088,0.236544,1.814176
1010,traditional,0.082912,1.419264,0.237568,1.739744
1011,traditional,0.085984,1.382400,0.232448,1.700832
1012,traditional,0.079488,1.561600,0.236544,1.877632
1013,traditional,0.083232,1.797120,0.238592,2.118944
1014,traditional,0.080896,1.559552,0.240640,1.881088
1015,traditional,0.081056,1.500160,0.236544,1.817760
1016,traditional,0.086944,1.439744,0.241664,1.768352
1017,traditional,0.087232,1.397760,0.235520,1.720512
1018,traditional,0.080896,1.209344,0.239616,1.529856
1019,traditional,0.082496,1.513472,0.240640,1.836608
1020,traditional,0.086272,1.412096,0.235520,1.733888
1021,traditional,0.087168,1.585152,0.253952,1.926272
1022,traditional,0.081952,1.502208,0.238592,1.822752
1023,traditional,0.083712,1.403904,0.236544,1.724160
1024,traditional,0.080160,1.439744,0.239616,1.759520
1025,traditional,0.085152,1.403904,0.235520,1.724576
1026,traditional,0.080256,1.428480,0.239616,1.748352
1027,traditional,0.087872,1.503232,0.238592,1.829696
1028,traditional,0.087712,1.428480,0.238592,1.754784
1029,traditional,0.091040,1.674240,0.260096,2.025376
1030,traditional,0.080800,1.219584,0.237568,1.537952
1031,traditional,0.085664,1.419264,0.233472,1.738400
1032,traditional,0.083392,1.191936,0.233472,1.508800
1033,traditional,0.091200,1.632256,0.248832,1.972288
1034,traditional,0.080928,1.197056,0.233472,1.511456
1035,traditional,0.085440,1.455104,0.236544,1.777088
1036,traditional,0.080384,1.504256,0.235520,1.820160
1037,traditional,0.083168,1.392640,0.233472,1.709280
1038,traditional,0.085184,1.421312,0.236544,1.743040
1039,traditional,0.086464,1.386496,0.233472,1.706432
1040,traditional,0.080032,1.423360,0.236544,1.739936
1041,traditional,0.084384,1.530880,0.242688,1.857952
1042,traditional,0.084096,1.416192,0.235520,1.735808
1043,traditional,0.092544,1.668096,0.236544,1.997184
1044,traditional,0.115136,1.510400,0.234496,1.860032
1045,traditional,0.093952,1.427456,0.232448,1.753856
1046,traditional,0.079584,1.431552,0.236544,1.747680
1047,traditional,0.086144,1.398784,0.233472,1.718400
1048,traditional,0.093792,1.232896,0.248832,1.575520
1049,traditional,0.081152,1.504256,0.236544,1.821952
1050,traditional,0.086816,1.420288,0.232448,1.739552
1051,traditional,0.097600,1.689600,0.247808,2.035008
1052,traditional,0.081280,1.208320,0.236544,1.526144
1053,traditional,0.086848,1.472512,0.234496,1.793856
1054,traditional,0.082560,1.581056,0.240640,1.904256
1055,traditional,0.084128,1.465344,0.233472,1.782944
1056,traditional,0.088512,1.597440,0.239616,1.925568
1057,traditional,0.084224,1.472512,0.232448,1.789184
1058,traditional,0.082848,1.631232,0.240640,1.954720
1059,traditional,0.083392,1.212416,0.232448,1.528256
1060,traditional,0.080192,1.464320,0.234496,1.779008
1061,traditional,0.092768,1.191936,0.232448,1.517152
1062,traditional,0.085088,1.573888,0.243712,1.902688
1063,traditional,0.081472,1.479680,0.238592,1.799744
1064,traditional,0.085088,1.420288,0.232448,1.737824
1065,traditional,0.081664,1.431552,0.235520,1.748736
1066,traditional,0.086272,1.392640,0.236544,1.715456
1067,traditional,0.080096,1.425408,0.239616,1.745120
1068,traditional,0.413696,1.499136,0.235520,2.148352
1069,traditional,0.094784,1.415168,0.232448,1.742400
1070,traditional,0.096672,1.544192,0.241664,1.882528
1071,traditional,0.081632,1.426432,0.233472,1.741536
1072,traditional,0.085600,1.534976,0.233472,1.854048
1073,traditional,0.088160,1.416192,0.233472,1.737824
1074,traditional,0.083840,1.455104,0.231424,1.770368
1075,traditional,0.084000,1.485824,0.231424,1.801248
1076,traditional,0.079744,1.478656,0.217088,1.775488
1077,traditional,0.077248,1.274880,0.207872,1.560000
1078,traditional,0.078080,1.281024,0.211968,1.571072
1079,traditional,0.080928,1.307648,0.211968,1.600544
1080,traditional,0.081504,1.315840,0.208896,1.606240
1081,traditional,0.071776,1.071104,0.207872,1.350752
1082,traditional,0.088032,1.519616,0.226304,1.833952
1083,traditional,0.072480,1.063936,0.204800,1.341216
1084,traditional,0.076160,1.348608,0.208896,1.633664
1085,traditional,0.074272,1.242112,0.204800,1.521184
1086,traditional,0.070336,1.383424,0.220160,1.673920
1087,traditional,0.071936,1.062912,0.204800,1.339648
1088,traditional,0.079840,1.423360,0.217088,1.720288
1089,traditional,0.071936,1.049600,0.200704,1.322240
1090,traditional,0.070624,1.496064,0.223232,1.789920
1091,traditional,0.077664,1.079296,0.210944,1.367904
1092,traditional,0.072800,1.235968,0.208896,1.517664
1093,traditional,0.083264,1.254400,0.204800,1.542464
1094,traditional,0.073824,1.391616,0.220160,1.685600
1095,traditional,0.071392,1.041408,0.209920,1.322720
1096,traditional,0.082400,1.297408,0.207872,1.587680
1097,traditional,0.071616,1.044480,0.208896,1.324992
1098,traditional,0.079584,1.208320,0.204800,1.492704
1099,traditional,0.070592,1.052672,0.203776,1.327040
1100,traditional,0.070560,1.490944,0.223232,1.784736
1101,traditional,0.071488,1.034240,0.204800,1.310528
1102,traditional,0.070336,1.482752,0.223232,1.776320
1103,traditional,0.073728,1.071104,0.203776,1.348608
1104,traditional,0.076608,1.276928,0.207872,1.561408
1105,traditional,0.071616,1.038336,0.207872,1.317824
1106,traditional,0.071584,1.310720,0.207872,1.590176
1107,traditional,0.088448,1.262592,0.203776,1.554816
1108,traditional,0.074432,1.455104,0.221184,1.750720
1109,traditional,0.070560,1.049600,0.203776,1.323936
1110,traditional,0.087744,1.550336,0.221184,1.859264
1111,traditional,0.071008,1.044480,0.203776,1.319264
1112,traditional,0.071328,1.510400,0.224256,1.805984
1113,traditional,0.070976,1.039360,0.203776,1.314112
1114,traditional,0.070592,1.453056,0.233472,1.757120
1115,traditional,0.071328,1.034240,0.202752,1.308320
1116,traditional,0.070784,1.346560,0.207872,1.625216
1117,traditional,0.130304,2.444288,0.399360,2.973952
1118,traditional,0.128640,2.258944,0.208896,2.596480
1119,traditional,0.091968,1.413120,0.209920,1.715008
1120,traditional,0.075328,1.044480,0.203776,1.323584
1121,traditional,0.070400,1.052672,0.206848,1.329920
1122,traditional,0.071040,1.067008,0.203776,1.341824
1123,traditional,0.081216,1.061888,0.207872,1.350976
1124,traditional,0.071264,1.036288,0.203776,1.311328
1125,traditional,0.072480,1.055744,0.202752,1.330976
1126,traditional,0.070592,1.318912,0.205824,1.595328
1127,traditional,0.076256,1.240064,0.203776,1.520096
1128,traditional,0.069696,1.248256,0.207872,1.525824
1129,traditional,0.072992,1.388544,0.212992,1.674528
1130,traditional,0.070752,1.315840,0.210944,1.597536
1131,traditional,0.077024,1.208320,0.203776,1.489120
1132,traditional,0.072768,1.291264,0.202752,1.566784
1133,traditional,0.080384,1.242112,0.202752,1.525248
1134,traditional,0.069440,1.036288,0.201728,1.307456
1135,traditional,0.131264,2.679808,0.398336,3.209408
1136,traditional,0.127808,1.821696,0.203776,2.153280
1137,traditional,0.075904,1.218560,0.203776,1.498240
1138,traditional,0.069696,1.246208,0.206848,1.522752
1139,traditional,0.076000,2.034688,0.629760,2.740448
1140,traditional,0.130144,2.623488,0.394240,3.147872
1141,traditional,0.130176,1.434624,0.211968,1.776768
1142,traditional,0.077824,1.238016,0.207872,1.523712
1143,traditional,0.072224,1.055744,0.205824,1.333792
1144,traditional,0.078464,1.328128,0.209920,1.616512
1145,traditional,0.073408,1.280000,0.396288,1.749696
1146,traditional,0.131488,2.659328,0.398336,3.189152
1147,traditional,0.130048,1.632256,0.215040,1.977344
1148,traditional,0.080544,1.287168,0.216064,1.583776
1149,traditional,0.074208,1.454080,0.222208,1.750496
1150,traditional,0.079040,1.308672,0.216064,1.603776
1151,traditional,0.074912,1.362944,0.219136,1.656992
1152,traditional,0.075552,1.448960,0.223232,1.747744
1153,traditional,0.080896,1.311744,0.215040,1.607680
1154,traditional,0.078688,1.331200,0.216064,1.625952
1155,traditional,0.075232,1.355776,0.218112,1.649120
1156,traditional,0.080128,1.287168,0.215040,1.582336
1157,traditional,0.074304,1.106944,0.219136,1.400384
1158,traditional,0.075616,1.385472,0.220160,1.681248
1159,traditional,0.078016,1.303552,0.216064,1.597632
1160,traditional,0.073984,1.435648,0.227328,1.736960
1161,traditional,0.077632,1.337344,0.216064,1.631040
1162,traditional,0.077856,1.553408,0.234496,1.865760
1163,traditional,0.079808,1.104896,0.215040,1.399744
1164,traditional,0.079904,1.357824,0.221184,1.658912
1165,traditional,0.075968,1.292288,0.218112,1.586368
1166,traditional,0.075488,1.473536,0.224256,1.773280
1167,traditional,0.073728,1.353728,0.215040,1.642496
1168,traditional,0.086080,1.303552,0.212992,1.602624
1169,traditional,0.074336,1.355776,0.216064,1.646176
1170,traditional,0.077536,1.308672,0.210944,1.597152
1171,traditional,0.080480,1.364992,0.212992,1.658464
1172,traditional,0.076832,1.280000,0.209920,1.566752
1173,traditional,0.083968,1.372160,0.212992,1.669120
1174,traditional,0.078816,1.258496,0.210944,1.548256
1175,traditional,0.072320,1.276928,0.217088,1.566336
1176,traditional,0.100544,1.482752,0.218112,1.801408
1177,traditional,0.133280,2.452480,0.408576,2.994336
1178,traditional,0.133600,1.835008,0.388096,2.356704
1179,traditional,0.083008,1.449984,0.222208,1.755200
1180,traditional,0.074176,1.449984,0.222208,1.746368
1181,traditional,0.079328,1.288192,0.214016,1.581536
1182,traditional,0.074144,1.085440,0.211968,1.371552
1183,traditional,0.094464,1.504256,0.222208,1.820928
1184,traditional,0.074144,1.084416,0.212992,1.371552
1185,traditional,0.073344,1.547264,0.230400,1.851008
1186,traditional,0.078080,1.185792,0.229376,1.493248
1187,traditional,0.081952,1.363968,0.225280,1.671200
1188,traditional,0.076192,1.172480,0.225280,1.473952
1189,traditional,0.078528,1.553408,0.233472,1.865408
1190,traditional,0.105856,1.376256,0.226304,1.708416
1191,traditional,0.081472,1.376256,0.226304,1.684032
1192,traditional,0.076544,1.145856,0.229376,1.451776
1193,traditional,0.083168,1.374208,0.224256,1.681632
1194,traditional,0.077472,1.145856,0.224256,1.447584
1195,traditional,0.091968,1.622016,0.238592,1.952576
1196,traditional,0.076992,1.141760,0.224256,1.443008
1197,traditional,0.082368,1.605632,0.238592,1.926592
1198,traditional,0.078368,1.435648,0.230400,1.744416
1199,traditional,0.090944,1.369088,0.224256,1.684288
1200,traditional,0.076128,1.427456,0.232448,1.736032
1201,traditional,0.082848,1.360896,0.223232,1.666976
1202,traditional,0.082496,1.457152,0.226304,1.765952
1203,traditional,0.078624,1.495040,0.232448,1.806112
1204,traditional,0.084352,1.349632,0.233472,1.667456
1205,traditional,0.083616,1.360896,0.221184,1.665696
1206,traditional,0.076064,1.389568,0.223232,1.688864
1207,traditional,0.079584,1.321984,0.221184,1.622752
1208,traditional,0.076384,1.341440,0.224256,1.642080
1209,traditional,0.081856,1.326080,0.222208,1.630144
1210,traditional,0.075424,1.125376,0.221184,1.421984
1211,traditional,0.082496,1.482752,0.229376,1.794624
1212,traditional,0.076416,1.138688,0.225280,1.440384
1213,traditional,0.081248,1.346560,0.221184,1.648992
1214,traditional,0.076384,1.141760,0.227328,1.445472
1215,traditional,0.082336,1.353728,0.224256,1.660320
1216,traditional,0.076768,1.148928,0.223232,1.448928
1217,traditional,0.090624,1.601536,0.238592,1.930752
1218,traditional,0.076640,1.176576,0.233472,1.486688
1219,traditional,0.085824,1.485824,0.236544,1.808192
1220,traditional,0.080640,1.180672,0.227328,1.488640
1221,traditional,0.082240,1.345536,0.226304,1.654080
1222,traditional,0.078240,1.419264,0.226304,1.723808
1223,traditional,0.079488,1.492992,0.229376,1.801856
1224,traditional,0.078336,1.418240,0.231424,1.728000
1225,traditional,0.081600,1.340416,0.225280,1.647296
1226,traditional,0.077152,1.355776,0.228352,1.661280
1227,traditional,0.081472,1.448960,0.229376,1.759808
1228,traditional,0.084032,1.358848,0.225280,1.668160
1229,traditional,0.077984,1.529856,0.236544,1.844384
1230,traditional,0.077888,1.347584,0.232448,1.657920
1231,traditional,0.080224,1.595392,0.230400,1.906016
1232,traditional,0.078752,1.147904,0.235520,1.462176
1233,traditional,0.082944,1.519616,0.233472,1.836032
1234,traditional,0.077376,1.149952,0.226304,1.453632
1235,traditional,0.085344,1.333248,0.222208,1.640800
1236,traditional,0.075968,1.154048,0.226304,1.456320
1237,traditional,0.083264,1.348608,0.222208,1.654080
1238,traditional,0.076096,1.133568,0.222208,1.431872
1239,traditional,0.081952,1.461248,0.242688,1.785888
1240,traditional,0.076160,1.339392,0.225280,1.640832
1241,traditional,0.077344,1.415168,0.226304,1.718816
1242,traditional,0.108640,1.364992,0.222208,1.695840
1243,traditional,0.093920,1.504256,0.229376,1.827552
1244,traditional,0.076800,1.126400,0.224256,1.427456
1245,traditional,0.079168,1.342464,0.225280,1.646912
1246,traditional,0.082560,1.330176,0.221184,1.633920
1247,traditional,0.079712,1.559552,0.233472,1.872736
1248,traditional,0.076480,1.126400,0.220160,1.423040
1249,traditional,0.076576,1.588224,0.236544,1.901344
1250,traditional,0.080192,1.144832,0.226304,1.451328
1251,traditional,0.083904,1.482752,0.253952,1.820608
1252,traditional,0.077024,1.331200,0.225280,1.633504
1253,traditional,0.079456,1.561600,0.227328,1.868384
1254,traditional,0.077728,1.128448,0.227328,1.433504
1255,traditional,0.094144,1.405952,0.223232,1.723328
1256,traditional,0.075744,1.376256,0.225280,1.677280
1257,traditional,0.078336,1.434624,0.224256,1.737216
1258,traditional,0.082784,1.325056,0.221184,1.629024
1259,traditional,0.081824,1.507328,0.229376,1.818528
1260,traditional,0.077120,1.408000,0.224256,1.709376
1261,traditional,0.087840,1.314816,0.221184,1.623840
1262,traditional,0.075648,1.367040,0.225280,1.667968
1263,traditional,0.079840,1.427456,0.224256,1.731552
1264,traditional,0.086496,1.324032,0.220160,1.630688
1265,traditional,0.075296,1.630208,0.234496,1.940000
1266,traditional,0.076896,1.140736,0.219136,1.436768
1267,traditional,0.093504,1.504256,0.227328,1.825088
1268,traditional,0.078624,1.326080,0.220160,1.624864
1269,traditional,0.080800,1.555456,0.229376,1.865632
1270,traditional,0.076128,1.128448,0.220160,1.424736
1271,traditional,0.076864,1.563648,0.235520,1.876032
1272,traditional,0.076960,1.147904,0.222208,1.447072
1273,traditional,0.080864,1.473536,0.235520,1.789920
1274,traditional,0.076576,1.331200,0.226304,1.634080
1275,traditional,0.080544,1.462272,0.229376,1.772192
1276,traditional,0.081376,1.352704,0.223232,1.657312
1277,traditional,0.083552,1.576960,0.226304,1.886816
1278,traditional,0.076896,1.132544,0.222208,1.431648
1279,traditional,0.075328,1.614848,0.236544,1.926720
1280,traditional,0.077184,1.168384,0.223232,1.468800
1281,traditional,0.089984,1.596416,0.229376,1.915776
1282,traditional,0.080992,1.377280,0.226304,1.684576
1283,traditional,0.077184,1.446912,0.237568,1.761664
1284,traditional,0.077344,1.352704,0.226304,1.656352
1285,traditional,0.079392,1.484800,0.232448,1.796640
1286,traditional,0.080736,1.369088,0.230400,1.680224
1287,traditional,0.077280,1.426432,0.224256,1.727968
1288,traditional,0.077600,1.487872,0.229376,1.794848
1289,traditional,0.081632,1.353728,0.222208,1.657568
1290,traditional,0.077536,1.441792,0.229376,1.748704
1291,traditional,0.077376,1.494016,0.222208,1.793600
1292,traditional,0.078752,1.414144,0.223232,1.716128
1293,traditional,0.082368,1.344512,0.220160,1.647040
1294,traditional,0.079360,1.406976,0.224256,1.710592
1295,traditional,0.083200,1.357824,0.221184,1.662208
1296,traditional,0.076192,1.152000,0.224256,1.452448
1297,traditional,0.079968,1.441792,0.224256,1.746016
1298,traditional,0.090400,1.376256,0.220160,1.686816
1299,traditional,0.092480,1.597440,0.235520,1.925440
1300,traditional,0.077088,1.129472,0.223232,1.429792
1301,traditional,0.087424,1.401856,0.224256,1.713536
1302,traditional,0.085824,1.421312,0.228352,1.735488
1303,traditional,0.083296,1.373184,0.220160,1.676640
1304,traditional,0.079552,1.133568,0.224256,1.437376
1305,traditional,0.081696,1.383424,0.219136,1.684256
1306,traditional,0.077728,1.144832,0.224256,1.446816
1307,traditional,0.080864,1.413120,0.224256,1.718240
1308,traditional,0.084064,1.333248,0.221184,1.638496
1309,traditional,0.080960,1.412096,0.222208,1.715264
1310,traditional,0.076736,1.156096,0.226304,1.459136
1311,traditional,0.078528,1.440768,0.227328,1.746624
1312,traditional,0.080736,1.366016,0.223232,1.669984
1313,traditional,0.081920,1.581056,0.238592,1.901568
1314,traditional,0.078144,1.145856,0.227328,1.451328
1315,traditional,0.081536,1.544192,0.231424,1.857152
1316,traditional,0.077632,1.453056,0.236544,1.767232
1317,traditional,0.100160,1.378304,0.225280,1.703744
1318,traditional,0.076672,1.446912,0.226304,1.749888
1319,traditional,0.093344,1.334272,0.223232,1.650848
1320,traditional,0.083680,1.393664,0.234496,1.711840
1321,traditional,0.077056,1.414144,0.226304,1.717504
1322,traditional,0.083488,1.360896,0.225280,1.669664
1323,traditional,0.082528,1.511424,0.230400,1.824352
1324,traditional,0.080512,1.189888,0.217088,1.487488
1325,traditional,0.077408,1.357824,0.225280,1.660512
1326,traditional,0.080160,1.331200,0.230400,1.641760
1327,traditional,0.082400,1.592320,0.236544,1.911264
1328,traditional,0.077600,1.129472,0.221184,1.428256
1329,traditional,0.076384,1.579008,0.237568,1.892960
1330,traditional,0.077376,1.123328,0.220160,1.420864
1331,traditional,0.083936,1.484800,0.241664,1.810400
1332,traditional,0.080224,1.420288,0.226304,1.726816
1333,traditional,0.081344,1.314816,0.221184,1.617344
1334,traditional,0.075680,1.352704,0.224256,1.652640
1335,traditional,0.076672,1.431552,0.233472,1.741696
1336,traditional,0.076192,1.331200,0.224256,1.631648
1337,traditional,0.076832,1.402880,0.224256,1.703968
1338,traditional,0.080032,1.335296,0.233472,1.648800
1339,traditional,0.077376,1.456128,0.224256,1.757760
1340,traditional,0.080640,1.314816,0.220160,1.615616
1341,traditional,0.080800,1.436672,0.233472,1.750944
1342,traditional,0.076320,1.311744,0.221184,1.609248
1343,traditional,0.080448,1.454080,0.230400,1.764928
1344,traditional,0.081536,1.324032,0.224256,1.629824
1345,traditional,0.081728,1.364992,0.223232,1.669952
1346,traditional,0.077824,1.318912,0.224256,1.620992
1347,traditional,0.077344,1.446912,0.225280,1.749536
1348,traditional,0.079840,1.131520,0.224256,1.435616
1349,traditional,0.076608,1.324032,0.225280,1.625920
1350,traditional,0.081664,1.331200,0.219136,1.632000
1351,traditional,0.080320,1.552384,0.236544,1.869248
1352,traditional,0.076352,1.125376,0.220160,1.421888
1353,traditional,0.076096,1.448960,0.231424,1.756480
1354,traditional,0.076704,1.352704,0.220160,1.649568
1355,traditional,0.080128,1.483776,0.227328,1.791232
1356,traditional,0.076256,1.318912,0.219136,1.614304
1357,traditional,0.075520,1.569792,0.229376,1.874688
1358,traditional,0.077088,1.125376,0.219136,1.421600
1359,traditional,0.075168,1.548288,0.235520,1.858976
1360,traditional,0.076448,1.126400,0.219136,1.421984
1361,traditional,0.079392,1.569792,0.236544,1.885728
1362,traditional,0.077280,1.132544,0.221184,1.431008
1363,traditional,0.084160,1.347584,0.220160,1.651904
1364,traditional,0.080928,1.125376,0.220160,1.426464
1365,traditional,0.082560,1.485824,0.229376,1.797760
1366,traditional,0.076576,1.128448,0.225280,1.430304
1367,traditional,0.076768,1.404928,0.224256,1.705952
1368,traditional,0.080960,1.309696,0.216064,1.606720
1369,traditional,0.073984,1.526784,0.232448,1.833216
1370,traditional,0.075008,1.106944,0.220160,1.402112
1371,traditional,0.083456,1.360896,0.219136,1.663488
1372,traditional,0.077408,1.114112,0.219136,1.410656
1373,traditional,0.080704,1.327104,0.216064,1.623872
1374,traditional,0.077728,1.106944,0.216064,1.400736
1375,traditional,0.077504,1.523712,0.232448,1.833664
1376,traditional,0.076000,1.115136,0.215040,1.406176
1377,traditional,0.073440,1.559552,0.232448,1.865440
1378,traditional,0.074432,1.093632,0.212992,1.381056
1379,traditional,0.077696,1.599488,0.230400,1.907584
1380,traditional,0.074304,1.094656,0.223232,1.392192
1381,traditional,0.074752,1.438720,0.222208,1.735680
1382,traditional,0.078624,1.273856,0.215040,1.567520
1383,traditional,0.076416,1.436672,0.223232,1.736320
1384,traditional,0.077568,1.288192,0.212992,1.578752
1385,traditional,0.079968,1.562624,0.228352,1.870944
1386,traditional,0.075136,1.090560,0.212992,1.378688
1387,traditional,0.074144,1.437696,0.227328,1.739168
1388,traditional,0.079008,1.105920,0.215040,1.399968
1389,traditional,0.091392,1.527808,0.230400,1.849600
1390,traditional,0.075040,1.108992,0.214016,1.398048
1391,traditional,0.078368,1.456128,0.224256,1.758752
1392,traditional,0.075808,1.149952,0.219136,1.444896
1393,traditional,0.076384,1.466368,0.223232,1.765984
1394,traditional,0.078496,1.309696,0.215040,1.603232
1395,traditional,0.082688,1.587200,0.227328,1.897216
1396,traditional,0.090976,1.108992,0.215040,1.415008
1397,traditional,0.077632,1.456128,0.228352,1.762112
1398,traditional,0.074272,1.296384,0.215040,1.585696
1399,traditional,0.082560,1.434624,0.225280,1.742464
1400,traditional,0.074208,1.156096,0.218112,1.448416
1401,traditional,0.078016,1.287168,0.214016,1.579200
1402,traditional,0.073216,1.121280,0.218112,1.412608
1403,traditional,0.075744,1.379328,0.218112,1.673184
1404,traditional,0.080384,1.295360,0.214016,1.589760
1405,traditional,0.076864,1.547264,0.231424,1.855552
1406,traditional,0.086848,1.097728,0.211968,1.396544
1407,traditional,0.080352,1.403904,0.218112,1.702368
1408,traditional,0.077056,1.112064,0.226304,1.415424
1409,traditional,0.078784,1.289216,0.212992,1.580992
1410,traditional,0.075136,1.085440,0.212992,1.373568
1411,traditional,0.080736,1.520640,0.230400,1.831776
1412,traditional,0.074368,1.100800,0.212992,1.388160
1413,traditional,0.079712,1.326080,0.215040,1.620832
1414,traditional,0.073568,1.102848,0.216064,1.392480
1415,traditional,0.079616,1.360896,0.215040,1.655552
1416,traditional,0.074176,1.092608,0.215040,1.381824
1417,traditional,0.079488,1.347584,0.217088,1.644160
1418,traditional,0.075424,1.901568,0.721920,2.698912
1419,traditional,0.135936,2.693120,0.221184,3.050240
1420,traditional,0.075520,1.309696,0.219136,1.604352
1421,traditional,0.079072,1.316864,0.216064,1.612000
1422,traditional,0.080000,1.494016,0.222208,1.796224
1423,traditional,0.075264,1.292288,0.216064,1.583616
1424,traditional,0.077728,1.460224,0.230400,1.768352
1425,traditional,0.075392,1.294336,0.215040,1.584768
1426,traditional,0.079040,1.528832,0.226304,1.834176
1427,traditional,0.078720,1.110016,0.215040,1.403776
1428,traditional,0.073728,1.426432,0.228352,1.728512
1429,traditional,0.074912,1.326080,0.215040,1.616032
1430,traditional,0.079008,1.456128,0.224256,1.759392
1431,traditional,0.080928,1.289216,0.215040,1.585184
1432,traditional,0.081792,1.445888,0.223232,1.750912
1433,traditional,0.075296,1.294336,0.215040,1.584672
1434,traditional,0.073568,1.526784,0.229376,1.829728
1435,traditional,0.075264,1.099776,0.215040,1.390080
1436,traditional,0.073536,1.522688,0.232448,1.828672
1437,traditional,0.136448,2.487296,0.413696,3.037440
1438,traditional,0.135744,1.809408,0.388096,2.333248
1439,traditional,0.074464,1.446912,0.223232,1.744608
1440,traditional,0.074848,1.376256,0.219136,1.670240
1441,traditional,0.079232,1.305600,0.218112,1.602944
1442,traditional,0.078720,1.295360,0.215040,1.589120
1443,traditional,0.075840,1.143808,0.219136,1.438784
1444,traditional,0.080224,1.353728,0.217088,1.651040
1445,traditional,0.074240,1.104896,0.223232,1.402368
1446,traditional,0.074368,1.302528,0.219136,1.596032
1447,traditional,0.074688,1.284096,0.215040,1.573824
1448,traditional,0.085920,1.432576,0.267264,1.785760
1449,traditional,0.148224,2.747392,0.413696,3.309312
1450,traditional,0.136160,1.693696,0.394240,2.224096
1451,traditional,0.084320,1.379328,0.221184,1.684832
1452,traditional,0.075584,1.120256,0.217088,1.412928
1453,traditional,0.091040,1.376256,0.220160,1.687456
1454,traditional,0.081376,1.296384,0.218112,1.595872
1455,traditional,0.074528,1.348608,0.223232,1.646368
1456,traditional,0.081376,1.317888,0.224256,1.623520
1457,traditional,0.075488,1.360896,0.225280,1.661664
1458,traditional,0.082272,1.335296,0.221184,1.638752
1459,traditional,0.075904,1.146880,0.224256,1.447040
1460,traditional,0.078720,1.468416,0.233472,1.780608
1461,traditional,0.078176,1.502208,0.229376,1.809760
1462,traditional,0.077184,1.479680,0.229376,1.786240
1463,traditional,0.081120,1.327104,0.218112,1.626336
1464,traditional,0.080928,1.320960,0.222208,1.624096
1465,traditional,0.082432,1.316864,0.222208,1.621504
1466,traditional,0.076512,1.427456,0.222208,1.726176
1467,traditional,0.089568,1.320960,0.217088,1.627616
1468,traditional,0.080000,1.500160,0.226304,1.806464
1469,traditional,0.076288,1.120256,0.223232,1.419776
1470,traditional,0.079712,1.393664,0.221184,1.694560
1471,traditional,0.080896,1.308672,0.218112,1.607680
1472,traditional,0.075072,1.576960,0.231424,1.883456
1473,traditional,0.082688,1.268736,0.245760,1.597184
1474,traditional,0.083456,1.631232,0.254976,1.969664
1475,traditional,0.087136,1.487872,0.249856,1.824864
1476,traditional,0.086752,1.719296,0.439296,2.245344
1477,traditional,0.084896,1.530880,0.248832,1.864608
1478,traditional,0.085280,1.571840,0.249856,1.906976
1479,traditional,0.088256,1.472512,0.522240,2.083008
1480,traditional,0.089760,1.648640,0.252928,1.991328
1481,traditional,0.085120,1.278976,0.249856,1.613952
1482,traditional,0.084448,1.667072,0.254976,2.006496
1483,traditional,0.086208,1.550336,0.249856,1.886400
1484,traditional,0.089408,1.470464,0.247808,1.807680
1485,traditional,0.084928,1.496064,0.504832,2.085824
1486,traditional,0.085632,1.538048,0.249856,1.873536
1487,traditional,0.090112,1.474560,0.247808,1.812480
1488,traditional,0.088544,1.488896,0.247808,1.825248
1489,traditional,0.089312,1.671168,0.254976,2.015456
1490,traditional,0.084480,1.273856,0.247808,1.606144
1491,traditional,0.089632,1.729536,0.441344,2.260512
1492,traditional,0.088160,1.481728,0.244736,1.814624
1493,traditional,0.088544,1.719296,0.438272,2.246112
1494,traditional,0.084416,1.490944,0.245760,1.821120
1495,traditional,0.088544,1.897472,0.438272,2.424288
1496,traditional,0.088768,1.512448,0.245760,1.846976
1497,traditional,0.089632,1.644544,0.252928,1.987104
1498,traditional,0.088000,1.461248,0.450560,1.999808
1499,traditional,0.088768,1.483776,0.251904,1.824448
1500,traditional,0.085088,1.487872,0.249856,1.822816
1501,traditional,0.092032,1.741824,0.250880,2.084736
1502,traditional,0.084544,1.262592,0.252928,1.600064
1503,traditional,0.087008,1.614848,0.249856,1.951712
1504,traditional,0.085056,1.474560,0.248832,1.808448
1505,traditional,0.085408,1.571840,0.250880,1.908128
1506,traditional,0.089536,1.485824,0.249856,1.825216
1507,traditional,0.088288,1.601536,0.541696,2.231520
1508,traditional,0.088768,1.477632,0.262144,1.828544
1509,traditional,0.090528,1.747968,0.436224,2.274720
1510,traditional,0.084064,1.316864,0.250880,1.651808
1511,traditional,0.091968,1.507328,0.247808,1.847104
1512,traditional,0.084736,1.292288,0.522240,1.899264
1513,traditional,0.088576,1.473536,0.247808,1.809920
1514,traditional,0.084576,1.508352,0.509952,2.102880
1515,traditional,0.084544,1.534976,0.249856,1.869376
1516,traditional,0.085568,1.664000,0.256000,2.005568
1517,traditional,0.089952,1.570816,0.538624,2.199392
1518,traditional,0.092608,1.681408,0.256000,2.030016
1519,traditional,0.086240,1.467392,0.455680,2.009312
1520,traditional,0.084640,1.647616,0.258048,1.990304
1521,traditional,0.088512,1.287168,0.250880,1.626560
1522,traditional,0.089472,1.642496,0.254976,1.986944
1523,traditional,0.088736,1.555456,0.250880,1.895072
1524,traditional,0.084672,1.672192,0.541696,2.298560
1525,traditional,0.087776,1.530880,0.250880,1.869536
1526,traditional,0.089856,1.499136,0.247808,1.836800
1527,traditional,0.087840,1.510400,0.513024,2.111264
1528,traditional,0.085440,1.563648,0.247808,1.896896
1529,traditional,0.085280,1.645568,0.253952,1.984800
1530,traditional,0.085536,1.455104,0.449536,1.990176
1531,traditional,0.083392,1.780736,0.259072,2.123200
1532,traditional,0.084704,1.271808,0.245760,1.602272
1533,traditional,0.101536,1.630208,0.254976,1.986720
1534,traditional,0.089568,1.528832,0.262144,1.880544
1535,traditional,0.094368,1.737728,0.437248,2.269344
1536,traditional,0.084544,1.500160,0.251904,1.836608
1537,traditional,0.087872,1.923072,0.437248,2.448192
1538,traditional,0.088288,1.499136,0.249856,1.837280
1539,traditional,0.085632,1.506304,0.248832,1.840768
1540,traditional,0.094080,1.545216,0.258048,1.897344
1541,traditional,0.088544,1.553408,0.244736,1.886688
1542,traditional,0.085440,1.539072,0.247808,1.872320
1543,traditional,0.087456,1.576960,0.247808,1.912224
1544,traditional,0.089152,1.633280,0.431104,2.153536
1545,traditional,0.086176,1.630208,0.249856,1.966240
1546,traditional,0.089376,1.654784,0.250880,1.995040
1547,traditional,0.083360,1.476608,0.243712,1.803680
1548,traditional,0.082656,1.342464,0.685056,2.110176
1549,traditional,0.084544,1.570816,0.250880,1.906240
1550,traditional,0.108576,1.464320,0.244736,1.817632
1551,traditional,0.083872,1.718272,0.256000,2.058144
1552,traditional,0.083840,1.586176,0.531456,2.201472
1553,traditional,0.087904,1.645568,0.253952,1.987424
1554,traditional,0.091616,1.470464,0.453632,2.015712
1555,traditional,0.084480,1.607680,0.254976,1.947136
1556,traditional,0.084736,1.477632,0.259072,1.821440
1557,traditional,0.099136,1.592320,0.532480,2.223936
1558,traditional,0.098208,1.485824,0.246784,1.830816
1559,traditional,0.090176,1.536000,0.496640,2.122816
1560,traditional,0.083136,1.565696,0.246784,1.895616
1561,traditional,0.085408,1.660928,0.433152,2.179488
1562,traditional,0.084512,1.655808,0.250880,1.991200
1563,traditional,0.085152,1.550336,0.216064,1.851552
1564,traditional,0.075904,1.355776,0.218112,1.649792
1565,traditional,0.075584,1.337344,0.217088,1.630016
1566,traditional,0.079296,1.544192,0.241664,1.865152
1567,traditional,0.074816,1.441792,0.219136,1.735744
1568,traditional,0.085376,1.471488,0.224256,1.781120
1569,traditional,0.081696,1.467392,0.221184,1.770272
1570,traditional,0.077888,1.370112,0.219136,1.667136
1571,traditional,0.074144,1.430528,0.221184,1.725856
1572,traditional,0.075072,1.104896,0.219136,1.399104
1573,traditional,0.078976,1.360896,0.212992,1.652864
1574,traditional,0.086976,1.253376,0.208896,1.549248
1575,traditional,0.076640,1.412096,0.220160,1.708896
1576,traditional,0.077408,1.276928,0.208896,1.563232
1577,traditional,0.071648,1.502208,0.226304,1.800160
1578,traditional,0.072672,1.061888,0.207872,1.342432
1579,traditional,0.094368,1.421312,0.223232,1.738912
1580,traditional,0.076128,1.241088,0.212992,1.530208
1581,traditional,0.077440,1.393664,0.221184,1.692288
1582,traditional,0.072096,1.083392,0.218112,1.373600
1583,traditional,0.082400,1.319936,0.211968,1.614304
1584,traditional,0.073472,1.254400,0.214016,1.541888
1585,traditional,0.089056,1.306624,0.211968,1.607648
1586,traditional,0.071520,1.082368,0.211968,1.365856
1587,traditional,0.084928,1.449984,0.217088,1.752000
1588,traditional,0.081216,1.268736,0.208896,1.558848
1589,traditional,0.099040,1.499136,0.225280,1.823456
1590,traditional,0.072352,1.051648,0.207872,1.331872
1591,traditional,0.077152,1.418240,0.218112,1.713504
1592,traditional,0.081664,1.061888,0.207872,1.351424
1593,traditional,0.076320,1.243136,0.205824,1.525280
1594,traditional,0.070432,1.044480,0.204800,1.319712
1595,traditional,0.076640,1.306624,0.207872,1.591136
1596,traditional,0.070912,1.069056,0.207872,1.347840
1597,traditional,0.080160,1.057792,0.204800,1.342752
1598,traditional,0.075712,1.241088,0.207872,1.524672
1599,traditional,0.074496,1.293312,0.206848,1.574656
1600,traditional,0.071456,1.391616,0.214016,1.677088
1601,traditional,0.078304,1.329152,0.207872,1.615328
1602,traditional,0.074688,1.248256,0.207872,1.530816
1603,traditional,0.080288,1.214464,0.204800,1.499552
1604,traditional,0.069856,1.067008,0.203776,1.340640
1605,traditional,0.081600,1.374208,0.218112,1.673920
1606,traditional,0.072096,1.228800,0.204800,1.505696
1607,traditional,0.075232,1.349632,0.219136,1.644000
1608,traditional,0.081600,1.032192,0.203776,1.317568
1609,traditional,0.070272,1.452032,0.222208,1.744512
1610,traditional,0.075136,1.038336,0.202752,1.316224
1611,traditional,0.070496,1.360896,0.231424,1.662816
1612,traditional,0.131584,2.403328,0.409600,2.944512
1613,traditional,0.132384,1.955840,0.379904,2.468128
1614,traditional,0.072480,1.437696,0.215040,1.725216
1615,traditional,0.072768,1.249280,0.210944,1.532992
1616,traditional,0.076064,1.413120,0.215040,1.704224
1617,traditional,0.074272,1.323008,0.210944,1.608224
1618,traditional,0.078048,1.265664,0.206848,1.550560
1619,traditional,0.135648,2.339840,0.392192,2.867680
1620,traditional,0.132992,1.539072,0.364544,2.036608
1621,traditional,0.073088,1.401856,0.216064,1.691008
1622,traditional,0.076800,1.395712,0.216064,1.688576
1623,traditional,0.080352,1.433600,0.209920,1.723872
1624,traditional,0.071936,1.494016,0.224256,1.790208
1625,traditional,0.072704,2.414592,0.396288,2.883584
1626,traditional,0.130304,2.486272,0.207872,2.824448
1627,traditional,0.075968,1.433600,0.211968,1.721536
1628,traditional,0.076832,1.291264,0.206848,1.574944
1629,traditional,0.103552,1.324032,0.209920,1.637504
1630,traditional,0.081568,1.261568,0.207872,1.551008
1631,traditional,0.088608,1.356800,0.209920,1.655328
1632,traditional,0.076960,1.268736,0.206848,1.552544
1633,traditional,0.073184,1.266688,0.210944,1.550816
1634,traditional,0.072384,1.264640,0.207872,1.544896
1635,traditional,0.078208,1.229824,0.207872,1.515904
1636,traditional,0.075840,1.283072,0.206848,1.565760
1637,traditional,0.077088,1.268736,0.211968,1.557792
1638,traditional,0.076032,1.242112,0.207872,1.526016
1639,traditional,0.077408,1.080320,0.206848,1.364576
1640,traditional,0.085312,1.087488,0.209920,1.382720
1641,traditional,0.089888,1.071104,0.206848,1.367840
1642,traditional,0.073120,1.073152,0.210944,1.357216
1643,traditional,0.078048,1.063936,0.205824,1.347808
1644,traditional,0.071840,1.065984,0.210944,1.348768
1645,traditional,0.076928,1.095680,0.207872,1.380480
1646,traditional,0.076160,1.124352,0.208896,1.409408
1647,traditional,0.078368,1.067008,0.206848,1.352224
1648,traditional,0.083712,1.073152,0.208896,1.365760
1649,traditional,0.077952,1.078272,0.208896,1.365120
1650,traditional,0.078368,1.063936,0.205824,1.348128
1651,traditional,0.077120,1.058816,0.205824,1.341760
1652,traditional,0.076928,1.077248,0.204800,1.358976
1653,traditional,0.075328,1.414144,0.390144,1.879616
1654,traditional,0.132064,2.594816,0.391168,3.118048
1655,traditional,0.129408,1.721344,0.403456,2.254208
1656,traditional,0.078176,1.527808,0.233472,1.839456
1657,traditional,0.078304,1.627136,0.229376,1.934816
1658,traditional,0.081568,1.381376,0.229376,1.692320
1659,traditional,0.078816,1.160192,0.225280,1.464288
1660,traditional,0.082432,1.425408,0.227328,1.735168
1661,traditional,0.082624,1.345536,0.226304,1.654464
1662,traditional,0.077312,1.418240,0.228352,1.723904
1663,traditional,0.083008,1.372160,0.226304,1.681472
1664,traditional,0.077696,1.452032,0.227328,1.757056
1665,traditional,0.084960,1.573888,0.240640,1.899488
1666,traditional,0.083168,1.554432,0.232448,1.870048
1667,traditional,0.086912,1.399808,0.231424,1.718144
1668,traditional,0.079488,1.466368,0.233472,1.779328
1669,traditional,0.080160,1.496064,0.235520,1.811744
1670,traditional,0.083232,1.411072,0.235520,1.729824
1671,traditional,0.085376,1.390592,0.231424,1.707392
1672,traditional,0.078784,1.223680,0.234496,1.536960
1673,traditional,0.080352,1.557504,0.252928,1.890784
1674,traditional,0.086048,1.436672,0.234496,1.757216
1675,traditional,0.090080,1.395712,0.233472,1.719264
1676,traditional,0.083712,1.475584,0.244736,1.804032
1677,traditional,0.085472,1.508352,0.242688,1.836512
1678,traditional,0.082176,1.616896,0.248832,1.947904
1679,traditional,0.088352,1.492992,0.240640,1.821984
1680,traditional,0.085536,1.565696,0.242688,1.893920
1681,traditional,0.087648,1.446912,0.240640,1.775200
1682,traditional,0.081856,1.629184,0.241664,1.952704
1683,traditional,0.083200,1.234944,0.242688,1.560832
1684,traditional,0.086976,1.233920,0.237568,1.558464
1685,traditional,0.082144,1.278976,0.247808,1.608928
1686,traditional,0.089472,1.247232,0.238592,1.575296
1687,traditional,0.082016,1.528832,0.241664,1.852512
1688,traditional,0.086144,1.494016,0.243712,1.823872
1689,traditional,0.083680,1.283072,0.239616,1.606368
1690,traditional,0.081952,1.420288,0.238592,1.740832
1691,traditional,0.081536,1.612800,0.241664,1.936000
1692,traditional,0.320640,1.520640,0.243712,2.084992
1693,traditional,0.088832,1.448960,0.243712,1.781504
1694,traditional,0.094720,1.412096,0.235520,1.742336
1695,traditional,0.093856,1.243136,0.240640,1.577632
1696,traditional,0.089088,1.434624,0.235520,1.759232
1697,traditional,0.083392,1.241088,0.240640,1.565120
1698,traditional,0.085344,1.668096,0.422912,2.176352
1699,traditional,0.081920,1.443840,0.240640,1.766400
1700,traditional,0.083648,1.667072,0.239616,1.990336
1701,traditional,0.084768,1.214464,0.235520,1.534752
1702,traditional,0.083552,1.707008,0.423936,2.214496
1703,traditional,0.083552,1.262592,0.246784,1.592928
1704,traditional,0.088256,1.482752,0.242688,1.813696
1705,traditional,0.081600,1.564672,0.246784,1.893056
1706,traditional,0.092352,1.457152,0.242688,1.792192
1707,traditional,0.083104,1.483776,0.495616,2.062496
1708,traditional,0.083424,1.503232,0.244736,1.831392
1709,traditional,0.084512,1.644544,0.250880,1.979936
1710,traditional,0.084192,1.257472,0.242688,1.584352
1711,traditional,0.083456,1.271808,0.592896,1.948160
1712,traditional,0.085120,1.243136,0.243712,1.571968
1713,traditional,0.086912,1.614848,0.247808,1.949568
1714,traditional,0.086656,1.514496,0.242688,1.843840
1715,traditional,0.087488,1.686528,0.429056,2.203072
1716,traditional,0.095040,1.500160,0.242688,1.837888
1717,traditional,0.094880,1.447936,0.239616,1.782432
1718,traditional,0.081632,1.274880,0.242688,1.599200
1719,traditional,0.085504,1.470464,0.238592,1.794560
1720,traditional,0.081632,1.266688,0.243712,1.592032
1721,traditional,0.086880,1.550336,0.244736,1.881952
1722,traditional,0.086272,1.454080,0.242688,1.783040
1723,traditional,0.088160,1.602560,0.246784,1.937504
1724,traditional,0.094592,1.524736,0.241664,1.860992
1725,traditional,0.094912,1.284096,0.243712,1.622720
1726,traditional,0.110624,1.283072,0.238592,1.632288
1727,traditional,0.089120,1.530880,0.241664,1.861664
1728,traditional,0.087008,1.437696,0.239616,1.764320
1729,traditional,0.080992,1.619968,0.239616,1.940576
1730,traditional,0.404032,1.460224,0.239616,2.103872
1731,traditional,0.091328,1.550336,0.240640,1.882304
1732,traditional,0.083232,1.595392,0.246784,1.925408
1733,traditional,0.089888,1.451008,0.238592,1.779488
1734,traditional,0.087008,1.451008,0.238592,1.776608
1735,traditional,0.081344,1.562624,0.239616,1.883584
1736,traditional,0.083392,1.252352,0.242688,1.578432
1737,traditional,0.083424,1.636352,0.246784,1.966560
1738,traditional,0.082944,1.523712,0.241664,1.848320
1739,traditional,0.086400,1.438720,0.238592,1.763712
1740,traditional,0.081440,1.472512,0.238592,1.792544
1741,traditional,0.082464,1.557504,0.254976,1.894944
1742,traditional,0.089568,1.505280,0.497664,2.092512
1743,traditional,0.087424,1.425408,0.237568,1.750400
1744,traditional,0.080992,1.488896,0.244736,1.814624
1745,traditional,0.086272,1.445888,0.237568,1.769728
1746,traditional,0.088832,1.422336,0.237568,1.748736
1747,traditional,0.085856,1.401856,0.234496,1.722208
1748,traditional,0.089952,1.572864,0.212992,1.875808
1749,traditional,0.072352,1.584128,0.214016,1.870496
1750,traditional,0.075616,1.474560,0.217088,1.767264
1751,traditional,0.081920,1.297408,0.209920,1.589248
1752,traditional,0.072448,1.306624,0.214016,1.593088
1753,traditional,0.079840,1.315840,0.209920,1.605600
1754,traditional,0.072352,1.107968,0.225280,1.405600
1755,traditional,0.088032,1.275904,0.210944,1.574880
1756,traditional,0.075008,1.072128,0.208896,1.356032
1757,traditional,0.073504,1.425408,0.223232,1.722144
1758,traditional,0.075776,1.067008,0.207872,1.350656
1759,traditional,0.077600,1.395712,0.223232,1.696544
1760,traditional,0.072288,1.101824,0.225280,1.399392
1761,traditional,0.082176,1.286144,0.208896,1.577216
1762,traditional,0.072736,1.338368,0.211968,1.623072
1763,traditional,0.072480,1.351680,0.212992,1.637152
1764,traditional,0.076576,1.313792,0.212992,1.603360
1765,traditional,0.080448,1.283072,0.212992,1.576512
1766,traditional,0.080288,1.262592,0.208896,1.551776
1767,traditional,0.072608,1.390592,0.223232,1.686432
1768,traditional,0.075424,1.065984,0.206848,1.348256
1769,traditional,0.083712,1.382400,0.222208,1.688320
1770,traditional,0.072160,1.072128,0.205824,1.350112
1771,traditional,0.076288,1.381376,0.221184,1.678848
1772,traditional,0.071936,1.255424,0.207872,1.535232
1773,traditional,0.078240,1.536000,0.226304,1.840544
1774,traditional,0.072544,1.111040,0.206848,1.390432
1775,traditional,0.089312,1.477632,0.220160,1.787104
1776,traditional,0.071840,1.366016,0.209920,1.647776
1777,traditional,0.078400,1.299456,0.206848,1.584704
1778,traditional,0.072608,1.083392,0.211968,1.367968
1779,traditional,0.077664,1.262592,0.206848,1.547104
1780,traditional,0.071296,1.056768,0.205824,1.333888
1781,traditional,0.079968,1.501184,0.223232,1.804384
1782,traditional,0.084288,1.086464,0.206848,1.377600
1783,traditional,0.077152,1.251328,0.206848,1.535328
1784,traditional,0.075104,1.050624,0.205824,1.331552
1785,traditional,0.074336,1.561600,0.223232,1.859168
1786,traditional,0.132384,2.391040,0.396288,2.919712
1787,traditional,0.130176,2.206720,0.206848,2.543744
1788,traditional,0.089120,1.345536,0.216064,1.650720
1789,traditional,0.078816,1.264640,0.204800,1.548256
1790,traditional,0.086944,1.327104,0.207872,1.621920
1791,traditional,0.076928,1.214464,0.204800,1.496192
1792,traditional,0.070592,1.445888,0.204800,1.721280
1793,traditional,0.076384,1.252352,0.203776,1.532512
1794,traditional,0.070240,1.300480,0.207872,1.578592
1795,traditional,0.076032,1.258496,0.204800,1.539328
1796,traditional,0.070592,1.049600,0.208896,1.329088
1797,traditional,0.072960,1.416192,0.389120,1.878272
1798,traditional,0.130624,2.584576,0.397312,3.112512
1799,traditional,0.131264,1.751040,0.206848,2.089152
1800,traditional,0.386400,1.221632,0.205824,1.813856
1801,traditional,0.072096,1.254400,0.204800,1.531296
1802,traditional,0.071680,2.197504,0.610304,2.879488
1803,traditional,0.129632,2.589696,0.232448,2.951776
1804,traditional,0.085568,1.433600,0.215040,1.734208
1805,traditional,0.072960,1.310720,0.210944,1.594624
1806,traditional,0.076608,1.238016,0.208896,1.523520
1807,traditional,0.072160,1.070080,0.211968,1.354208
1808,traditional,0.089216,1.490944,0.226304,1.806464
1809,traditional,0.132512,2.407424,0.400384,2.940320
1810,traditional,0.141472,2.140160,0.212992,2.494624
1811,traditional,0.078176,1.368064,0.211968,1.658208
1812,traditional,0.077408,1.264640,0.211968,1.554016
1813,traditional,0.090784,1.307648,0.209920,1.608352
1814,traditional,0.079584,1.250304,0.208896,1.538784
1815,traditional,0.074016,1.473536,0.398336,1.945888
1816,traditional,0.144544,2.532352,0.406528,3.083424
1817,traditional,0.134272,1.626112,0.209920,1.970304
1818,traditional,0.089120,1.267712,0.208896,1.565728
1819,traditional,0.076224,1.290240,0.211968,1.578432
1820,traditional,0.072992,2.665472,0.416768,3.155232
1821,traditional,0.144928,2.548736,0.218112,2.911776
1822,traditional,0.080608,1.420288,0.212992,1.713888
1823,traditional,0.074432,1.074176,0.211968,1.360576
1824,traditional,0.074272,1.363968,0.215040,1.653280
1825,traditional,0.078496,1.094656,0.215040,1.388192
1826,traditional,0.082752,1.429504,0.221184,1.733440
1827,traditional,0.078208,1.264640,0.212992,1.555840
1828,traditional,0.077504,1.497088,0.224256,1.798848
1829,traditional,0.074496,1.074176,0.212992,1.361664
1830,traditional,0.073792,1.431552,0.225280,1.730624
1831,traditional,0.074176,1.632256,0.400384,2.106816
1832,traditional,0.147232,2.866176,0.402432,3.415840
1833,traditional,0.089088,1.300480,0.212992,1.602560
1834,traditional,0.081280,1.251328,0.209920,1.542528
1835,traditional,0.072544,1.051648,0.209920,1.334112
1836,traditional,0.078304,1.531904,0.226304,1.836512
1837,traditional,0.072928,1.075200,0.214016,1.362144
1838,traditional,0.086048,1.415168,0.218112,1.719328
1839,traditional,0.077024,1.281024,0.209920,1.567968
1840,traditional,0.088960,1.835008,0.401408,2.325376
1841,traditional,0.133824,2.638848,0.405504,3.178176
1842,traditional,0.132064,1.408000,0.217088,1.757152
1843,traditional,0.077536,1.252352,0.211968,1.541856
1844,traditional,0.073184,1.261568,0.210944,1.545696
1845,traditional,0.072320,1.391616,0.224256,1.688192
1846,traditional,0.076640,1.073152,0.209920,1.359712
1847,traditional,0.073952,1.487872,0.228352,1.790176
1848,traditional,0.072928,1.069056,0.210944,1.352928
1849,traditional,0.072320,1.498112,0.228352,1.798784
1850,traditional,0.073984,1.068032,0.210944,1.352960
1851,traditional,0.075904,1.482752,0.227328,1.785984
1852,traditional,0.133728,2.459648,0.407552,3.000928
1853,traditional,0.133568,2.326528,0.211968,2.672064
1854,traditional,0.072928,1.430528,0.217088,1.720544
1855,traditional,0.092288,1.274880,0.210944,1.578112
1856,traditional,0.072672,1.305600,0.215040,1.593312
1857,traditional,0.078208,1.272832,0.210944,1.561984
1858,traditional,0.075712,1.090560,0.226304,1.392576
1859,traditional,0.074464,1.276928,0.215040,1.566432
1860,traditional,0.077024,1.303552,0.210944,1.591520
1861,traditional,0.073344,1.526784,0.823296,2.423424
1862,traditional,0.141472,2.884608,0.337920,3.364000
1863,traditional,0.078240,1.495040,0.224256,1.797536
1864,traditional,0.081344,1.363968,0.229376,1.674688
1865,traditional,0.077216,1.373184,0.223232,1.673632
1866,traditional,0.076640,1.631232,0.235520,1.943392
1867,traditional,0.083104,1.144832,0.223232,1.451168
1868,traditional,0.076512,1.676288,0.247808,2.000608
1869,traditional,0.077856,1.156096,0.228352,1.462304
1870,traditional,0.087296,1.540096,0.232448,1.859840
1871,traditional,0.078048,1.154048,0.228352,1.460448
1872,traditional,0.089472,1.442816,0.228352,1.760640
1873,traditional,0.088256,1.375232,0.225280,1.688768
1874,traditional,0.083520,1.411072,0.228352,1.722944
1875,traditional,0.104384,1.364992,0.228352,1.697728
1876,traditional,0.082208,1.348608,0.225280,1.656096
1877,traditional,0.076576,1.354752,0.223232,1.654560
1878,traditional,0.085984,1.605632,0.237568,1.929184
1879,traditional,0.076704,1.153024,0.222208,1.451936
1880,traditional,0.086176,1.587200,0.236544,1.909920
1881,traditional,0.077056,1.147904,0.223232,1.448192
1882,traditional,0.077632,1.626112,0.237568,1.941312
1883,traditional,0.078048,1.465344,0.226304,1.769696
1884,traditional,0.083104,1.357824,0.223232,1.664160
1885,traditional,0.078944,1.179648,0.223232,1.481824
1886,traditional,0.079008,1.459200,0.228352,1.766560
1887,traditional,0.081440,1.364992,0.228352,1.674784
1888,traditional,0.085664,1.544192,0.227328,1.857184
1889,traditional,0.078432,1.372160,0.228352,1.678944
1890,traditional,0.081152,1.448960,0.227328,1.757440
1891,traditional,0.079488,1.381376,0.225280,1.686144
1892,traditional,0.082592,1.445888,0.228352,1.756832
1893,traditional,0.082304,1.355776,0.225280,1.663360
1894,traditional,0.077184,1.488896,0.237568,1.803648
1895,traditional,0.077856,1.356800,0.225280,1.659936
1896,traditional,0.082016,1.602560,0.226304,1.910880
1897,traditional,0.087744,1.135616,0.221184,1.444544
1898,traditional,0.076032,1.523712,0.232448,1.832192
1899,traditional,0.082368,1.154048,0.221184,1.457600
1900,traditional,0.081696,1.500160,0.230400,1.812256
1901,traditional,0.082592,1.321984,0.222208,1.626784
1902,traditional,0.079392,1.464320,0.234496,1.778208
1903,traditional,0.077184,1.343488,0.225280,1.645952
1904,traditional,0.084160,1.561600,0.226304,1.872064
1905,traditional,0.078080,1.158144,0.225280,1.461504
1906,traditional,0.082176,1.346560,0.225280,1.654016
1907,traditional,0.076992,1.138688,0.221184,1.436864
1908,traditional,0.086240,1.498112,0.234496,1.818848
1909,traditional,0.077920,1.357824,0.227328,1.663072
1910,traditional,0.083136,1.573888,0.226304,1.883328
1911,traditional,0.077312,1.133568,0.221184,1.432064
1912,traditional,0.076352,1.600512,0.250880,1.927744
1913,traditional,0.077824,1.433600,0.229376,1.740800
1914,traditional,0.089248,1.375232,0.223232,1.687712
1915,traditional,0.083360,1.431552,0.226304,1.741216
1916,traditional,0.089568,1.353728,0.223232,1.666528
1917,traditional,0.084480,1.337344,0.222208,1.644032
1918,traditional,0.083904,1.396736,0.224256,1.704896
1919,traditional,0.081312,1.354752,0.224256,1.660320
1920,traditional,0.076640,1.336320,0.226304,1.639264
1921,traditional,0.080896,1.438720,0.223232,1.742848
1922,traditional,0.084928,1.490944,0.230400,1.806272
1923,traditional,0.085344,1.490944,0.223232,1.799520
1924,traditional,0.076992,1.139712,0.218112,1.434816
1925,traditional,0.076320,1.465344,0.229376,1.771040
1926,traditional,0.076160,1.313792,0.218112,1.608064
1927,traditional,0.079136,1.583104,0.227328,1.889568
1928,traditional,0.075680,1.117184,0.217088,1.409952
1929,traditional,0.077600,1.601536,0.233472,1.912608
1930,traditional,0.077536,1.111040,0.217088,1.405664
1931,traditional,0.074208,1.611776,0.233472,1.919456
1932,traditional,0.075808,1.116160,0.217088,1.409056
1933,traditional,0.074336,1.566720,0.232448,1.873504
1934,traditional,0.076480,1.133568,0.226304,1.436352
1935,traditional,0.085088,1.555456,0.250880,1.891424
1936,traditional,0.076096,1.155072,0.224256,1.455424
1937,traditional,0.081376,1.367040,0.220160,1.668576
1938,traditional,0.076128,1.125376,0.220160,1.421664
1939,traditional,0.081536,1.501184,0.228352,1.811072
1940,traditional,0.080896,1.329152,0.220160,1.630208
1941,traditional,0.080128,1.466368,0.232448,1.778944
1942,traditional,0.077376,1.343488,0.224256,1.645120
1943,traditional,0.083872,1.148928,0.223232,1.456032
1944,traditional,0.076128,1.422336,0.225280,1.723744
1945,traditional,0.082496,1.337344,0.223232,1.643072
1946,traditional,0.076672,1.410048,0.231424,1.718144
1947,traditional,0.080960,1.353728,0.224256,1.658944
1948,traditional,0.079424,1.367040,0.229376,1.675840
1949,traditional,0.094976,1.512448,0.231424,1.838848
1950,traditional,0.077536,1.415168,0.226304,1.719008
1951,traditional,0.080128,1.335296,0.223232,1.638656
1952,traditional,0.079392,1.377280,0.226304,1.682976
1953,traditional,0.083200,1.338368,0.226304,1.647872
1954,traditional,0.080800,1.396736,0.226304,1.703840
1955,traditional,0.094560,1.616896,0.239616,1.951072
1956,traditional,0.078432,1.157120,0.226304,1.461856
1957,traditional,0.083328,1.639424,0.235520,1.958272
1958,traditional,0.079776,1.172480,0.230400,1.482656
1959,traditional,0.084608,1.532928,0.234496,1.852032
1960,traditional,0.077888,1.453056,0.230400,1.761344
1961,traditional,0.105408,1.359872,0.227328,1.692608
1962,traditional,0.077792,1.420288,0.239616,1.737696
1963,traditional,0.082560,1.381376,0.228352,1.692288
1964,traditional,0.077728,1.414144,0.243712,1.735584
1965,traditional,0.085376,1.591296,0.233472,1.910144
1966,traditional,0.079136,1.440768,0.230400,1.750304
1967,traditional,0.078528,1.538048,0.230400,1.846976
1968,traditional,0.079520,1.445888,0.231424,1.756832
1969,traditional,0.084896,1.362944,0.228352,1.676192
1970,traditional,0.078528,1.404928,0.231424,1.714880
1971,traditional,0.084768,1.366016,0.250880,1.701664
1972,traditional,0.078208,1.371136,0.225280,1.674624
1973,traditional,0.083648,1.546240,0.234496,1.864384
1974,traditional,0.080672,1.174528,0.230400,1.485600
1975,traditional,0.082112,1.453056,0.230400,1.765568
1976,traditional,0.085856,1.363968,0.226304,1.676128
1977,traditional,0.082496,1.605632,0.241664,1.929792
1978,traditional,0.082496,1.164288,0.229376,1.476160
1979,traditional,0.082176,1.448960,0.228352,1.759488
1980,traditional,0.090496,1.375232,0.230400,1.696128
1981,traditional,0.083616,1.375232,0.231424,1.690272
1982,traditional,0.078144,1.193984,0.234496,1.506624
1983,traditional,0.080288,1.488896,0.234496,1.803680
1984,traditional,0.084160,1.410048,0.231424,1.725632
1985,traditional,0.104512,1.654784,0.244736,2.004032
1986,traditional,0.080480,1.196032,0.234496,1.511008
1987,traditional,0.084448,1.506304,0.245760,1.836512
1988,traditional,0.079072,1.474560,0.233472,1.787104
1989,traditional,0.088032,1.383424,0.231424,1.702880
1990,traditional,0.082560,1.440768,0.231424,1.754752
1991,traditional,0.082592,1.361920,0.228352,1.672864
1992,traditional,0.079296,1.392640,0.231424,1.703360
1993,traditional,0.090048,1.529856,0.231424,1.851328
1994,traditional,0.081728,1.462272,0.231424,1.775424
1995,traditional,0.083616,1.385472,0.228352,1.697440
1996,traditional,0.077344,1.166336,0.227328,1.471008
1997,traditional,0.078432,1.420288,0.229376,1.728096
1998,traditional,0.083168,1.387520,0.228352,1.699040
1999,traditional,0.081856,1.556480,0.229376,1.867712
2000,traditional,0.082912,1.366016,0.240640,1.689568
2001,traditional,0.079584,1.415168,0.234496,1.729248
2002,traditional,0.083328,1.377280,0.227328,1.687936
2003,traditional,0.078016,1.384448,0.231424,1.693888
2004,traditional,0.081120,1.469440,0.231424,1.781984
2005,traditional,0.083232,1.385472,0.227328,1.696032
2006,traditional,0.085504,1.539072,0.236544,1.861120
2007,traditional,0.078304,1.170432,0.230400,1.479136
2008,traditional,0.083264,1.379328,0.230400,1.692992
2009,traditional,0.085600,1.189888,0.230400,1.505888
2010,traditional,0.085152,1.453056,0.229376,1.767584
2011,traditional,0.082240,1.364992,0.226304,1.673536
2012,traditional,0.083616,1.415168,0.227328,1.726112
2013,traditional,0.077920,1.364992,0.230400,1.673312
2014,traditional,0.084896,1.611776,0.230400,1.927072
2015,traditional,0.078208,1.198080,0.228352,1.504640
2016,traditional,0.082912,1.361920,0.224256,1.669088
2017,traditional,0.077216,1.182720,0.230400,1.490336
2018,traditional,0.090528,1.448960,0.227328,1.766816
2019,traditional,0.085344,1.370112,0.226304,1.681760
2020,traditional,0.081728,1.666048,0.230400,1.978176
2021,traditional,0.077920,1.432576,0.228352,1.738848
2022,traditional,0.087296,1.351680,0.226304,1.665280
2023,traditional,0.078432,1.454080,0.229376,1.761888
2024,traditional,0.084288,1.374208,0.230400,1.688896
2025,traditional,0.078016,1.184768,0.230400,1.493184
2026,traditional,0.080064,1.607680,0.240640,1.928384
2027,traditional,0.079424,1.466368,0.228352,1.774144
2028,traditional,0.081664,1.383424,0.226304,1.691392
2029,traditional,0.077568,1.447936,0.236544,1.762048
2030,traditional,0.083648,1.404928,0.230400,1.718976
2031,traditional,0.089920,1.386496,0.229376,1.705792
2032,traditional,0.082784,1.370112,0.228352,1.681248
2033,traditional,0.079104,1.379328,0.226304,1.684736
2034,traditional,0.081792,1.610752,0.238592,1.931136
2035,traditional,0.078208,1.163264,0.225280,1.466752
2036,traditional,0.084096,1.543168,0.234496,1.861760
2037,traditional,0.084320,1.361920,0.226304,1.672544
2038,traditional,0.083296,1.622016,0.237568,1.942880
2039,traditional,0.077664,1.152000,0.229376,1.459040
2040,traditional,0.079360,1.411072,0.225280,1.715712
2041,traditional,0.086048,1.382400,0.226304,1.694752
2042,traditional,0.089216,1.433600,0.227328,1.750144
2043,traditional,0.083168,1.386496,0.227328,1.696992
2044,traditional,0.080768,1.479680,0.239616,1.800064
2045,traditional,0.078720,1.413120,0.226304,1.718144
2046,traditional,0.083424,1.389568,0.223232,1.696224
2047,traditional,0.088448,1.440768,0.226304,1.755520
2048,traditional,0.080800,1.341440,0.221184,1.643424
2049,traditional,0.075168,1.344512,0.224256,1.643936
2050,traditional,0.084416,1.380352,0.222208,1.686976
2051,traditional,0.076736,1.339392,0.224256,1.640384
2052,traditional,0.082688,1.428480,0.224256,1.735424
2053,traditional,0.083072,1.401856,0.225280,1.710208
2054,traditional,0.084736,1.382400,0.220160,1.687296
2055,traditional,0.078080,1.424384,0.224256,1.726720
2056,traditional,0.082304,1.320960,0.220160,1.623424
2057,traditional,0.075296,1.333248,0.223232,1.631776
2058,traditional,0.076256,1.437696,0.223232,1.737184
2059,traditional,0.092160,1.353728,0.223232,1.669120
2060,traditional,0.079040,1.471488,0.230400,1.780928
2061,traditional,0.079040,1.417216,0.225280,1.721536
2062,traditional,0.080896,1.319936,0.219136,1.619968
2063,traditional,0.075104,1.125376,0.234496,1.434976
2064,traditional,0.081536,1.563648,0.232448,1.877632
2065,traditional,0.076960,1.122304,0.219136,1.418400
2066,traditional,0.079552,1.465344,0.231424,1.776320
2067,traditional,0.077888,1.330176,0.222208,1.630272
2068,traditional,0.081312,1.425408,0.231424,1.738144
2069,traditional,0.077184,1.337344,0.223232,1.637760
2070,traditional,0.086048,1.476608,0.227328,1.789984
2071,traditional,0.077088,1.412096,0.221184,1.710368
2072,traditional,0.079968,1.352704,0.220160,1.652832
2073,traditional,0.075040,1.557504,0.226304,1.858848
2074,traditional,0.075584,1.471488,0.225280,1.772352
2075,traditional,0.081024,1.163264,0.245760,1.490048
2076,traditional,0.081440,1.371136,0.219136,1.671712
2077,traditional,0.077664,1.126400,0.223232,1.427296
2078,traditional,0.080256,1.437696,0.222208,1.740160
2079,traditional,0.084096,1.344512,0.219136,1.647744
2080,traditional,0.079552,1.444864,0.231424,1.755840
2081,traditional,0.080704,1.321984,0.219136,1.621824
2082,traditional,0.083200,1.458176,0.226304,1.767680
2083,traditional,0.080128,1.380352,0.219136,1.679616
2084,traditional,0.080160,1.464320,0.231424,1.775904
2085,traditional,0.075424,1.332224,0.222208,1.629856
2086,traditional,0.089376,1.473536,0.233472,1.796384
2087,traditional,0.078176,1.362944,0.226304,1.667424
2088,traditional,0.077824,1.429504,0.227328,1.734656
2089,traditional,0.089856,1.340416,0.223232,1.653504
2090,traditional,0.081056,1.477632,0.235520,1.794208
2091,traditional,0.076640,1.432576,0.225280,1.734496
2092,traditional,0.082016,1.356800,0.223232,1.662048
2093,traditional,0.076064,1.150976,0.227328,1.454368
2094,traditional,0.084128,1.359872,0.223232,1.667232
2095,traditional,0.080576,1.145856,0.223232,1.449664
2096,traditional,0.080800,1.474560,0.235520,1.790880
2097,traditional,0.077280,1.348608,0.227328,1.653216
2098,traditional,0.077632,1.506304,0.226304,1.810240
2099,traditional,0.080352,1.348608,0.223232,1.652192
2100,traditional,0.083424,1.581056,0.237568,1.902048
